ISO-10303-21;
HEADER;
/* Generated by software containing ST-Developer
 * from STEP Tools, Inc. (www.steptools.com) 
 */

FILE_DESCRIPTION(
/* description */ (''),
/* implementation_level */ '2;1');

FILE_NAME(
/* name */ 
'39780 Pan Head Screw, M4 x 30 mm, Zinc-Plated Steel v1.step',
/* time_stamp */ '2025-05-26T12:17:47-07:00',
/* author */ (''),
/* organization */ (''),
/* preprocessor_version */ 'ST-DEVELOPER v20.1',
/* originating_system */ 'Autodesk Translation Framework v14.10.0.0',
/* authorisation */ '');

FILE_SCHEMA (('AUTOMOTIVE_DESIGN { 1 0 10303 214 3 1 1 }'));
ENDSEC;

DATA;
#10=MECHANICAL_DESIGN_GEOMETRIC_PRESENTATION_REPRESENTATION('',(#17),#10869);
#11=ITEM_DEFINED_TRANSFORMATION($,$,#2508,#2701);
#12=(
REPRESENTATION_RELATIONSHIP($,$,#10880,#10879)
REPRESENTATION_RELATIONSHIP_WITH_TRANSFORMATION(#11)
SHAPE_REPRESENTATION_RELATIONSHIP()
);
#13=CONTEXT_DEPENDENT_SHAPE_REPRESENTATION(#12,#10878);
#14=NEXT_ASSEMBLY_USAGE_OCCURRENCE(
'92005A232_Steel Pan Head Phillips Screw:1',
'92005A232_Steel Pan Head Phillips Screw:1',
'92005A232_Steel Pan Head Phillips Screw:1',#10882,#10883,
'92005A232_Steel Pan Head Phillips Screw:1');
#15=SHAPE_REPRESENTATION_RELATIONSHIP('SRR','None',#10880,#16);
#16=ADVANCED_BREP_SHAPE_REPRESENTATION('',(#18),#10868);
#17=STYLED_ITEM('',(#10893),#18);
#18=MANIFOLD_SOLID_BREP('Body1',#2494);
#19=(
BOUNDED_SURFACE()
B_SPLINE_SURFACE(1,2,((#8101,#8102,#8103,#8104,#8105,#8106,#8107,#8108,
#8109,#8110,#8111,#8112,#8113,#8114,#8115,#8116,#8117,#8118,#8119,#8120,
#8121,#8122,#8123,#8124,#8125,#8126,#8127,#8128,#8129,#8130,#8131,#8132,
#8133,#8134,#8135,#8136,#8137,#8138,#8139,#8140,#8141,#8142,#8143,#8144,
#8145,#8146,#8147,#8148,#8149,#8150,#8151,#8152,#8153,#8154,#8155,#8156,
#8157,#8158,#8159,#8160,#8161,#8162,#8163,#8164,#8165,#8166,#8167,#8168,
#8169,#8170,#8171,#8172,#8173,#8174,#8175,#8176,#8177,#8178,#8179,#8180,
#8181,#8182,#8183,#8184,#8185,#8186,#8187,#8188,#8189,#8190,#8191,#8192,
#8193,#8194,#8195,#8196,#8197,#8198,#8199,#8200,#8201,#8202,#8203,#8204,
#8205,#8206,#8207,#8208,#8209,#8210,#8211,#8212,#8213,#8214,#8215,#8216,
#8217,#8218,#8219,#8220,#8221,#8222,#8223,#8224,#8225,#8226,#8227,#8228,
#8229,#8230,#8231,#8232,#8233,#8234,#8235,#8236,#8237,#8238,#8239,#8240,
#8241,#8242,#8243,#8244,#8245,#8246,#8247,#8248,#8249,#8250,#8251,#8252,
#8253,#8254,#8255,#8256,#8257,#8258,#8259,#8260,#8261,#8262,#8263,#8264,
#8265,#8266,#8267,#8268,#8269,#8270,#8271,#8272,#8273,#8274,#8275,#8276,
#8277,#8278,#8279,#8280,#8281,#8282,#8283,#8284,#8285,#8286,#8287,#8288,
#8289,#8290,#8291,#8292,#8293,#8294,#8295,#8296,#8297,#8298,#8299,#8300,
#8301,#8302,#8303,#8304,#8305,#8306,#8307,#8308,#8309,#8310,#8311,#8312,
#8313,#8314,#8315,#8316,#8317,#8318,#8319,#8320,#8321,#8322,#8323,#8324,
#8325,#8326,#8327,#8328,#8329),(#8330,#8331,#8332,#8333,#8334,#8335,#8336,
#8337,#8338,#8339,#8340,#8341,#8342,#8343,#8344,#8345,#8346,#8347,#8348,
#8349,#8350,#8351,#8352,#8353,#8354,#8355,#8356,#8357,#8358,#8359,#8360,
#8361,#8362,#8363,#8364,#8365,#8366,#8367,#8368,#8369,#8370,#8371,#8372,
#8373,#8374,#8375,#8376,#8377,#8378,#8379,#8380,#8381,#8382,#8383,#8384,
#8385,#8386,#8387,#8388,#8389,#8390,#8391,#8392,#8393,#8394,#8395,#8396,
#8397,#8398,#8399,#8400,#8401,#8402,#8403,#8404,#8405,#8406,#8407,#8408,
#8409,#8410,#8411,#8412,#8413,#8414,#8415,#8416,#8417,#8418,#8419,#8420,
#8421,#8422,#8423,#8424,#8425,#8426,#8427,#8428,#8429,#8430,#8431,#8432,
#8433,#8434,#8435,#8436,#8437,#8438,#8439,#8440,#8441,#8442,#8443,#8444,
#8445,#8446,#8447,#8448,#8449,#8450,#8451,#8452,#8453,#8454,#8455,#8456,
#8457,#8458,#8459,#8460,#8461,#8462,#8463,#8464,#8465,#8466,#8467,#8468,
#8469,#8470,#8471,#8472,#8473,#8474,#8475,#8476,#8477,#8478,#8479,#8480,
#8481,#8482,#8483,#8484,#8485,#8486,#8487,#8488,#8489,#8490,#8491,#8492,
#8493,#8494,#8495,#8496,#8497,#8498,#8499,#8500,#8501,#8502,#8503,#8504,
#8505,#8506,#8507,#8508,#8509,#8510,#8511,#8512,#8513,#8514,#8515,#8516,
#8517,#8518,#8519,#8520,#8521,#8522,#8523,#8524,#8525,#8526,#8527,#8528,
#8529,#8530,#8531,#8532,#8533,#8534,#8535,#8536,#8537,#8538,#8539,#8540,
#8541,#8542,#8543,#8544,#8545,#8546,#8547,#8548,#8549,#8550,#8551,#8552,
#8553,#8554,#8555,#8556,#8557,#8558)),.UNSPECIFIED.,.F.,.F.,.F.)
B_SPLINE_SURFACE_WITH_KNOTS((2,2),(3,2,2,2,2,2,2,2,2,2,2,2,2,2,2,2,2,2,
2,2,2,2,2,2,2,2,2,2,2,2,2,2,2,2,2,2,2,2,2,2,2,2,2,2,2,2,2,2,2,2,2,2,2,2,
2,2,2,2,2,2,2,2,2,2,2,2,2,2,2,2,2,2,2,2,2,2,2,2,2,2,2,2,2,2,2,2,2,2,2,2,
2,2,2,2,2,2,2,2,2,2,2,2,2,2,2,2,2,2,2,2,2,2,2,2,3),(-1.49224811305326E-5,
1.),(0.,0.0087719298245614,0.0175438596491228,0.0263157894736842,0.0350877192982456,
0.043859649122807,0.0526315789473684,0.0614035087719298,0.0701754385964912,
0.0789473684210526,0.087719298245614,0.0964912280701754,0.105263157894737,
0.114035087719298,0.12280701754386,0.131578947368421,0.140350877192982,
0.149122807017544,0.157894736842105,0.166666666666667,0.175438596491228,
0.184210526315789,0.192982456140351,0.201754385964912,0.210526315789474,
0.219298245614035,0.228070175438596,0.236842105263158,0.245614035087719,
0.254385964912281,0.263157894736842,0.271929824561404,0.280701754385965,
0.289473684210526,0.298245614035088,0.307017543859649,0.315789473684211,
0.324561403508772,0.333333333333333,0.342105263157895,0.350877192982456,
0.359649122807018,0.368421052631579,0.37719298245614,0.385964912280702,
0.394736842105263,0.403508771929825,0.412280701754386,0.421052631578947,
0.429824561403509,0.43859649122807,0.447368421052632,0.456140350877193,
0.464912280701754,0.473684210526316,0.482456140350877,0.491228070175439,
0.5,0.508771929824561,0.517543859649123,0.526315789473684,0.535087719298246,
0.543859649122807,0.552631578947368,0.56140350877193,0.570175438596491,
0.578947368421053,0.587719298245614,0.596491228070175,0.605263157894737,
0.614035087719298,0.62280701754386,0.631578947368421,0.640350877192982,
0.649122807017544,0.657894736842105,0.666666666666667,0.675438596491228,
0.684210526315789,0.692982456140351,0.701754385964912,0.710526315789474,
0.719298245614035,0.728070175438597,0.736842105263158,0.745614035087719,
0.754385964912281,0.763157894736842,0.771929824561403,0.780701754385965,
0.789473684210526,0.798245614035088,0.807017543859649,0.815789473684211,
0.824561403508772,0.833333333333333,0.842105263157895,0.850877192982456,
0.859649122807018,0.868421052631579,0.87719298245614,0.885964912280702,
0.894736842105263,0.903508771929825,0.912280701754386,0.921052631578947,
0.929824561403509,0.93859649122807,0.947368421052632,0.956140350877193,
0.964912280701754,0.973684210526316,0.982456140350877,0.991228070175439,
1.),.UNSPECIFIED.)
GEOMETRIC_REPRESENTATION_ITEM()
RATIONAL_B_SPLINE_SURFACE(((1.,0.866025403784439,1.,0.866025403784439,1.,
0.866025403784439,1.,0.866025403784439,1.,0.866025403784439,1.,0.866025403784439,
1.,0.866025403784439,1.,0.866025403784439,1.,0.866025403784439,1.,0.866025403784439,
1.,0.866025403784439,1.,0.866025403784439,1.,0.866025403784439,1.,0.866025403784439,
1.,0.866025403784439,1.,0.866025403784439,1.,0.866025403784439,1.,0.866025403784439,
1.,0.866025403784439,1.,0.866025403784439,1.,0.866025403784439,1.,0.866025403784439,
1.,0.866025403784439,1.,0.866025403784439,1.,0.866025403784439,1.,0.866025403784439,
1.,0.866025403784439,1.,0.866025403784439,1.,0.866025403784439,1.,0.866025403784439,
1.,0.866025403784439,1.,0.866025403784439,1.,0.866025403784439,1.,0.866025403784439,
1.,0.866025403784439,1.,0.866025403784439,1.,0.866025403784439,1.,0.866025403784439,
1.,0.866025403784439,1.,0.866025403784439,1.,0.866025403784439,1.,0.866025403784439,
1.,0.866025403784439,1.,0.866025403784439,1.,0.866025403784439,1.,0.866025403784439,
1.,0.866025403784439,1.,0.866025403784439,1.,0.866025403784439,1.,0.866025403784439,
1.,0.866025403784439,1.,0.866025403784439,1.,0.866025403784439,1.,0.866025403784439,
1.,0.866025403784439,1.,0.866025403784439,1.,0.866025403784439,1.,0.866025403784439,
1.,0.866025403784439,1.,0.866025403784439,1.,0.866025403784439,1.,0.866025403784439,
1.,0.866025403784439,1.,0.866025403784439,1.,0.866025403784439,1.,0.866025403784439,
1.,0.866025403784439,1.,0.866025403784439,1.,0.866025403784439,1.,0.866025403784439,
1.,0.866025403784439,1.,0.866025403784439,1.,0.866025403784439,1.,0.866025403784439,
1.,0.866025403784439,1.,0.866025403784439,1.,0.866025403784439,1.,0.866025403784439,
1.,0.866025403784439,1.,0.866025403784439,1.,0.866025403784439,1.,0.866025403784439,
1.,0.866025403784439,1.,0.866025403784439,1.,0.866025403784439,1.,0.866025403784439,
1.,0.866025403784439,1.,0.866025403784439,1.,0.866025403784439,1.,0.866025403784439,
1.,0.866025403784439,1.,0.866025403784439,1.,0.866025403784439,1.,0.866025403784439,
1.,0.866025403784439,1.,0.866025403784439,1.,0.866025403784439,1.,0.866025403784439,
1.,0.866025403784439,1.,0.866025403784439,1.,0.866025403784439,1.,0.866025403784439,
1.,0.866025403784439,1.,0.866025403784439,1.,0.866025403784439,1.,0.866025403784439,
1.,0.866025403784439,1.,0.866025403784439,1.,0.866025403784439,1.,0.866025403784439,
1.,0.866025403784439,1.,0.866025403784439,1.,0.866025403784439,1.,0.866025403784439,
1.),(1.,0.866025403784439,1.,0.866025403784439,1.,0.866025403784439,1.,
0.866025403784439,1.,0.866025403784439,1.,0.866025403784439,1.,0.866025403784439,
1.,0.866025403784439,1.,0.866025403784439,1.,0.866025403784439,1.,0.866025403784439,
1.,0.866025403784439,1.,0.866025403784439,1.,0.866025403784439,1.,0.866025403784439,
1.,0.866025403784439,1.,0.866025403784439,1.,0.866025403784439,1.,0.866025403784439,
1.,0.866025403784439,1.,0.866025403784439,1.,0.866025403784439,1.,0.866025403784439,
1.,0.866025403784439,1.,0.866025403784439,1.,0.866025403784439,1.,0.866025403784439,
1.,0.866025403784439,1.,0.866025403784439,1.,0.866025403784439,1.,0.866025403784439,
1.,0.866025403784439,1.,0.866025403784439,1.,0.866025403784439,1.,0.866025403784439,
1.,0.866025403784439,1.,0.866025403784439,1.,0.866025403784439,1.,0.866025403784439,
1.,0.866025403784439,1.,0.866025403784439,1.,0.866025403784439,1.,0.866025403784439,
1.,0.866025403784439,1.,0.866025403784439,1.,0.866025403784439,1.,0.866025403784439,
1.,0.866025403784439,1.,0.866025403784439,1.,0.866025403784439,1.,0.866025403784439,
1.,0.866025403784439,1.,0.866025403784439,1.,0.866025403784439,1.,0.866025403784439,
1.,0.866025403784439,1.,0.866025403784439,1.,0.866025403784439,1.,0.866025403784439,
1.,0.866025403784439,1.,0.866025403784439,1.,0.866025403784439,1.,0.866025403784439,
1.,0.866025403784439,1.,0.866025403784439,1.,0.866025403784439,1.,0.866025403784439,
1.,0.866025403784439,1.,0.866025403784439,1.,0.866025403784439,1.,0.866025403784439,
1.,0.866025403784439,1.,0.866025403784439,1.,0.866025403784439,1.,0.866025403784439,
1.,0.866025403784439,1.,0.866025403784439,1.,0.866025403784439,1.,0.866025403784439,
1.,0.866025403784439,1.,0.866025403784439,1.,0.866025403784439,1.,0.866025403784439,
1.,0.866025403784439,1.,0.866025403784439,1.,0.866025403784439,1.,0.866025403784439,
1.,0.866025403784439,1.,0.866025403784439,1.,0.866025403784439,1.,0.866025403784439,
1.,0.866025403784439,1.,0.866025403784439,1.,0.866025403784439,1.,0.866025403784439,
1.,0.866025403784439,1.,0.866025403784439,1.,0.866025403784439,1.,0.866025403784439,
1.,0.866025403784439,1.,0.866025403784439,1.,0.866025403784439,1.,0.866025403784439,
1.,0.866025403784439,1.,0.866025403784439,1.,0.866025403784439,1.,0.866025403784439,
1.,0.866025403784439,1.,0.866025403784439,1.,0.866025403784439,1.,0.866025403784439,
1.,0.866025403784439,1.,0.866025403784439,1.,0.866025403784439,1.)))
REPRESENTATION_ITEM('')
SURFACE()
);
#20=(
BOUNDED_SURFACE()
B_SPLINE_SURFACE(1,2,((#8565,#8566,#8567,#8568,#8569,#8570,#8571,#8572,
#8573,#8574,#8575,#8576,#8577,#8578,#8579,#8580,#8581,#8582,#8583,#8584,
#8585,#8586,#8587,#8588,#8589,#8590,#8591,#8592,#8593,#8594,#8595,#8596,
#8597,#8598,#8599,#8600,#8601,#8602,#8603,#8604,#8605,#8606,#8607,#8608,
#8609,#8610,#8611,#8612,#8613,#8614,#8615,#8616,#8617,#8618,#8619,#8620,
#8621,#8622,#8623,#8624,#8625,#8626,#8627,#8628,#8629,#8630,#8631,#8632,
#8633,#8634,#8635,#8636,#8637,#8638,#8639,#8640,#8641,#8642,#8643,#8644,
#8645,#8646,#8647,#8648,#8649,#8650,#8651,#8652,#8653,#8654,#8655,#8656,
#8657,#8658,#8659,#8660,#8661,#8662,#8663,#8664,#8665,#8666,#8667,#8668,
#8669,#8670,#8671,#8672,#8673,#8674,#8675,#8676,#8677,#8678,#8679,#8680,
#8681,#8682,#8683,#8684,#8685,#8686,#8687,#8688,#8689,#8690,#8691,#8692,
#8693,#8694,#8695,#8696,#8697,#8698,#8699,#8700,#8701,#8702,#8703,#8704,
#8705,#8706,#8707,#8708,#8709,#8710,#8711,#8712,#8713,#8714,#8715,#8716,
#8717,#8718,#8719,#8720,#8721,#8722,#8723,#8724,#8725,#8726,#8727,#8728,
#8729,#8730,#8731,#8732,#8733,#8734,#8735,#8736,#8737,#8738,#8739,#8740,
#8741,#8742,#8743,#8744,#8745,#8746,#8747,#8748,#8749,#8750,#8751,#8752,
#8753,#8754,#8755,#8756,#8757,#8758,#8759,#8760,#8761,#8762,#8763,#8764,
#8765,#8766,#8767,#8768,#8769,#8770,#8771,#8772,#8773,#8774,#8775,#8776,
#8777,#8778,#8779,#8780,#8781,#8782,#8783,#8784,#8785,#8786,#8787,#8788,
#8789,#8790,#8791,#8792,#8793),(#8794,#8795,#8796,#8797,#8798,#8799,#8800,
#8801,#8802,#8803,#8804,#8805,#8806,#8807,#8808,#8809,#8810,#8811,#8812,
#8813,#8814,#8815,#8816,#8817,#8818,#8819,#8820,#8821,#8822,#8823,#8824,
#8825,#8826,#8827,#8828,#8829,#8830,#8831,#8832,#8833,#8834,#8835,#8836,
#8837,#8838,#8839,#8840,#8841,#8842,#8843,#8844,#8845,#8846,#8847,#8848,
#8849,#8850,#8851,#8852,#8853,#8854,#8855,#8856,#8857,#8858,#8859,#8860,
#8861,#8862,#8863,#8864,#8865,#8866,#8867,#8868,#8869,#8870,#8871,#8872,
#8873,#8874,#8875,#8876,#8877,#8878,#8879,#8880,#8881,#8882,#8883,#8884,
#8885,#8886,#8887,#8888,#8889,#8890,#8891,#8892,#8893,#8894,#8895,#8896,
#8897,#8898,#8899,#8900,#8901,#8902,#8903,#8904,#8905,#8906,#8907,#8908,
#8909,#8910,#8911,#8912,#8913,#8914,#8915,#8916,#8917,#8918,#8919,#8920,
#8921,#8922,#8923,#8924,#8925,#8926,#8927,#8928,#8929,#8930,#8931,#8932,
#8933,#8934,#8935,#8936,#8937,#8938,#8939,#8940,#8941,#8942,#8943,#8944,
#8945,#8946,#8947,#8948,#8949,#8950,#8951,#8952,#8953,#8954,#8955,#8956,
#8957,#8958,#8959,#8960,#8961,#8962,#8963,#8964,#8965,#8966,#8967,#8968,
#8969,#8970,#8971,#8972,#8973,#8974,#8975,#8976,#8977,#8978,#8979,#8980,
#8981,#8982,#8983,#8984,#8985,#8986,#8987,#8988,#8989,#8990,#8991,#8992,
#8993,#8994,#8995,#8996,#8997,#8998,#8999,#9000,#9001,#9002,#9003,#9004,
#9005,#9006,#9007,#9008,#9009,#9010,#9011,#9012,#9013,#9014,#9015,#9016,
#9017,#9018,#9019,#9020,#9021,#9022)),.UNSPECIFIED.,.F.,.F.,.F.)
B_SPLINE_SURFACE_WITH_KNOTS((2,2),(3,2,2,2,2,2,2,2,2,2,2,2,2,2,2,2,2,2,
2,2,2,2,2,2,2,2,2,2,2,2,2,2,2,2,2,2,2,2,2,2,2,2,2,2,2,2,2,2,2,2,2,2,2,2,
2,2,2,2,2,2,2,2,2,2,2,2,2,2,2,2,2,2,2,2,2,2,2,2,2,2,2,2,2,2,2,2,2,2,2,2,
2,2,2,2,2,2,2,2,2,2,2,2,2,2,2,2,2,2,2,2,2,2,2,2,3),(0.,1.),(0.,0.0087719298245614,
0.0175438596491228,0.0263157894736842,0.0350877192982456,0.043859649122807,
0.0526315789473684,0.0614035087719298,0.0701754385964912,0.0789473684210526,
0.087719298245614,0.0964912280701754,0.105263157894737,0.114035087719298,
0.12280701754386,0.131578947368421,0.140350877192982,0.149122807017544,
0.157894736842105,0.166666666666667,0.175438596491228,0.184210526315789,
0.192982456140351,0.201754385964912,0.210526315789474,0.219298245614035,
0.228070175438596,0.236842105263158,0.245614035087719,0.254385964912281,
0.263157894736842,0.271929824561404,0.280701754385965,0.289473684210526,
0.298245614035088,0.307017543859649,0.315789473684211,0.324561403508772,
0.333333333333333,0.342105263157895,0.350877192982456,0.359649122807018,
0.368421052631579,0.37719298245614,0.385964912280702,0.394736842105263,
0.403508771929825,0.412280701754386,0.421052631578947,0.429824561403509,
0.43859649122807,0.447368421052632,0.456140350877193,0.464912280701754,
0.473684210526316,0.482456140350877,0.491228070175439,0.5,0.508771929824561,
0.517543859649123,0.526315789473684,0.535087719298246,0.543859649122807,
0.552631578947368,0.56140350877193,0.570175438596491,0.578947368421053,
0.587719298245614,0.596491228070175,0.605263157894737,0.614035087719298,
0.62280701754386,0.631578947368421,0.640350877192982,0.649122807017544,
0.657894736842105,0.666666666666667,0.675438596491228,0.684210526315789,
0.692982456140351,0.701754385964912,0.710526315789474,0.719298245614035,
0.728070175438597,0.736842105263158,0.745614035087719,0.754385964912281,
0.763157894736842,0.771929824561403,0.780701754385965,0.789473684210526,
0.798245614035088,0.807017543859649,0.815789473684211,0.824561403508772,
0.833333333333333,0.842105263157895,0.850877192982456,0.859649122807018,
0.868421052631579,0.87719298245614,0.885964912280702,0.894736842105263,
0.903508771929825,0.912280701754386,0.921052631578947,0.929824561403509,
0.93859649122807,0.947368421052632,0.956140350877193,0.964912280701754,
0.973684210526316,0.982456140350877,0.991228070175439,1.),.UNSPECIFIED.)
GEOMETRIC_REPRESENTATION_ITEM()
RATIONAL_B_SPLINE_SURFACE(((1.,0.866025403784439,1.,0.866025403784439,1.,
0.866025403784439,1.,0.866025403784439,1.,0.866025403784439,1.,0.866025403784439,
1.,0.866025403784439,1.,0.866025403784439,1.,0.866025403784439,1.,0.866025403784439,
1.,0.866025403784439,1.,0.866025403784439,1.,0.866025403784439,1.,0.866025403784439,
1.,0.866025403784439,1.,0.866025403784439,1.,0.866025403784439,1.,0.866025403784439,
1.,0.866025403784439,1.,0.866025403784439,1.,0.866025403784439,1.,0.866025403784439,
1.,0.866025403784439,1.,0.866025403784439,1.,0.866025403784439,1.,0.866025403784439,
1.,0.866025403784439,1.,0.866025403784439,1.,0.866025403784439,1.,0.866025403784439,
1.,0.866025403784439,1.,0.866025403784439,1.,0.866025403784439,1.,0.866025403784439,
1.,0.866025403784439,1.,0.866025403784439,1.,0.866025403784439,1.,0.866025403784439,
1.,0.866025403784439,1.,0.866025403784439,1.,0.866025403784439,1.,0.866025403784439,
1.,0.866025403784439,1.,0.866025403784439,1.,0.866025403784439,1.,0.866025403784439,
1.,0.866025403784439,1.,0.866025403784439,1.,0.866025403784439,1.,0.866025403784439,
1.,0.866025403784439,1.,0.866025403784439,1.,0.866025403784439,1.,0.866025403784439,
1.,0.866025403784439,1.,0.866025403784439,1.,0.866025403784439,1.,0.866025403784439,
1.,0.866025403784439,1.,0.866025403784439,1.,0.866025403784439,1.,0.866025403784439,
1.,0.866025403784439,1.,0.866025403784439,1.,0.866025403784439,1.,0.866025403784439,
1.,0.866025403784439,1.,0.866025403784439,1.,0.866025403784439,1.,0.866025403784439,
1.,0.866025403784439,1.,0.866025403784439,1.,0.866025403784439,1.,0.866025403784439,
1.,0.866025403784439,1.,0.866025403784439,1.,0.866025403784439,1.,0.866025403784439,
1.,0.866025403784439,1.,0.866025403784439,1.,0.866025403784439,1.,0.866025403784439,
1.,0.866025403784439,1.,0.866025403784439,1.,0.866025403784439,1.,0.866025403784439,
1.,0.866025403784439,1.,0.866025403784439,1.,0.866025403784439,1.,0.866025403784439,
1.,0.866025403784439,1.,0.866025403784439,1.,0.866025403784439,1.,0.866025403784439,
1.,0.866025403784439,1.,0.866025403784439,1.,0.866025403784439,1.,0.866025403784439,
1.,0.866025403784439,1.,0.866025403784439,1.,0.866025403784439,1.,0.866025403784439,
1.,0.866025403784439,1.,0.866025403784439,1.,0.866025403784439,1.,0.866025403784439,
1.,0.866025403784439,1.,0.866025403784439,1.,0.866025403784439,1.,0.866025403784439,
1.,0.866025403784439,1.,0.866025403784439,1.,0.866025403784439,1.,0.866025403784439,
1.),(1.,0.866025403784439,1.,0.866025403784439,1.,0.866025403784439,1.,
0.866025403784439,1.,0.866025403784439,1.,0.866025403784439,1.,0.866025403784439,
1.,0.866025403784439,1.,0.866025403784439,1.,0.866025403784439,1.,0.866025403784439,
1.,0.866025403784439,1.,0.866025403784439,1.,0.866025403784439,1.,0.866025403784439,
1.,0.866025403784439,1.,0.866025403784439,1.,0.866025403784439,1.,0.866025403784439,
1.,0.866025403784439,1.,0.866025403784439,1.,0.866025403784439,1.,0.866025403784439,
1.,0.866025403784439,1.,0.866025403784439,1.,0.866025403784439,1.,0.866025403784439,
1.,0.866025403784439,1.,0.866025403784439,1.,0.866025403784439,1.,0.866025403784439,
1.,0.866025403784439,1.,0.866025403784439,1.,0.866025403784439,1.,0.866025403784439,
1.,0.866025403784439,1.,0.866025403784439,1.,0.866025403784439,1.,0.866025403784439,
1.,0.866025403784439,1.,0.866025403784439,1.,0.866025403784439,1.,0.866025403784439,
1.,0.866025403784439,1.,0.866025403784439,1.,0.866025403784439,1.,0.866025403784439,
1.,0.866025403784439,1.,0.866025403784439,1.,0.866025403784439,1.,0.866025403784439,
1.,0.866025403784439,1.,0.866025403784439,1.,0.866025403784439,1.,0.866025403784439,
1.,0.866025403784439,1.,0.866025403784439,1.,0.866025403784439,1.,0.866025403784439,
1.,0.866025403784439,1.,0.866025403784439,1.,0.866025403784439,1.,0.866025403784439,
1.,0.866025403784439,1.,0.866025403784439,1.,0.866025403784439,1.,0.866025403784439,
1.,0.866025403784439,1.,0.866025403784439,1.,0.866025403784439,1.,0.866025403784439,
1.,0.866025403784439,1.,0.866025403784439,1.,0.866025403784439,1.,0.866025403784439,
1.,0.866025403784439,1.,0.866025403784439,1.,0.866025403784439,1.,0.866025403784439,
1.,0.866025403784439,1.,0.866025403784439,1.,0.866025403784439,1.,0.866025403784439,
1.,0.866025403784439,1.,0.866025403784439,1.,0.866025403784439,1.,0.866025403784439,
1.,0.866025403784439,1.,0.866025403784439,1.,0.866025403784439,1.,0.866025403784439,
1.,0.866025403784439,1.,0.866025403784439,1.,0.866025403784439,1.,0.866025403784439,
1.,0.866025403784439,1.,0.866025403784439,1.,0.866025403784439,1.,0.866025403784439,
1.,0.866025403784439,1.,0.866025403784439,1.,0.866025403784439,1.,0.866025403784439,
1.,0.866025403784439,1.,0.866025403784439,1.,0.866025403784439,1.,0.866025403784439,
1.,0.866025403784439,1.,0.866025403784439,1.,0.866025403784439,1.,0.866025403784439,
1.,0.866025403784439,1.,0.866025403784439,1.,0.866025403784439,1.)))
REPRESENTATION_ITEM('')
SURFACE()
);
#21=(
BOUNDED_SURFACE()
B_SPLINE_SURFACE(1,2,((#9028,#9029,#9030,#9031,#9032,#9033,#9034,#9035,
#9036,#9037,#9038,#9039,#9040,#9041,#9042,#9043,#9044,#9045,#9046,#9047,
#9048,#9049,#9050,#9051,#9052,#9053,#9054,#9055,#9056,#9057,#9058,#9059,
#9060,#9061,#9062,#9063,#9064,#9065,#9066,#9067,#9068,#9069,#9070,#9071,
#9072,#9073,#9074,#9075,#9076,#9077,#9078,#9079,#9080,#9081,#9082,#9083,
#9084,#9085,#9086,#9087,#9088,#9089,#9090,#9091,#9092,#9093,#9094,#9095,
#9096,#9097,#9098,#9099,#9100,#9101,#9102,#9103,#9104,#9105,#9106,#9107,
#9108,#9109,#9110,#9111,#9112,#9113,#9114,#9115,#9116,#9117,#9118,#9119,
#9120,#9121,#9122,#9123,#9124,#9125,#9126,#9127,#9128,#9129,#9130,#9131,
#9132,#9133,#9134,#9135,#9136,#9137,#9138,#9139,#9140,#9141,#9142,#9143,
#9144,#9145,#9146,#9147,#9148,#9149,#9150,#9151,#9152,#9153,#9154,#9155,
#9156,#9157,#9158,#9159,#9160,#9161,#9162,#9163,#9164,#9165,#9166,#9167,
#9168,#9169,#9170,#9171,#9172,#9173,#9174,#9175,#9176,#9177,#9178,#9179,
#9180,#9181,#9182,#9183,#9184,#9185,#9186,#9187,#9188,#9189,#9190,#9191,
#9192,#9193,#9194,#9195,#9196,#9197,#9198,#9199,#9200,#9201,#9202,#9203,
#9204,#9205,#9206,#9207,#9208,#9209,#9210,#9211,#9212,#9213,#9214,#9215,
#9216,#9217,#9218,#9219,#9220,#9221,#9222,#9223,#9224,#9225,#9226,#9227,
#9228,#9229,#9230,#9231,#9232,#9233,#9234,#9235,#9236,#9237,#9238,#9239,
#9240,#9241,#9242,#9243,#9244,#9245,#9246,#9247,#9248,#9249,#9250,#9251,
#9252,#9253,#9254,#9255,#9256),(#9257,#9258,#9259,#9260,#9261,#9262,#9263,
#9264,#9265,#9266,#9267,#9268,#9269,#9270,#9271,#9272,#9273,#9274,#9275,
#9276,#9277,#9278,#9279,#9280,#9281,#9282,#9283,#9284,#9285,#9286,#9287,
#9288,#9289,#9290,#9291,#9292,#9293,#9294,#9295,#9296,#9297,#9298,#9299,
#9300,#9301,#9302,#9303,#9304,#9305,#9306,#9307,#9308,#9309,#9310,#9311,
#9312,#9313,#9314,#9315,#9316,#9317,#9318,#9319,#9320,#9321,#9322,#9323,
#9324,#9325,#9326,#9327,#9328,#9329,#9330,#9331,#9332,#9333,#9334,#9335,
#9336,#9337,#9338,#9339,#9340,#9341,#9342,#9343,#9344,#9345,#9346,#9347,
#9348,#9349,#9350,#9351,#9352,#9353,#9354,#9355,#9356,#9357,#9358,#9359,
#9360,#9361,#9362,#9363,#9364,#9365,#9366,#9367,#9368,#9369,#9370,#9371,
#9372,#9373,#9374,#9375,#9376,#9377,#9378,#9379,#9380,#9381,#9382,#9383,
#9384,#9385,#9386,#9387,#9388,#9389,#9390,#9391,#9392,#9393,#9394,#9395,
#9396,#9397,#9398,#9399,#9400,#9401,#9402,#9403,#9404,#9405,#9406,#9407,
#9408,#9409,#9410,#9411,#9412,#9413,#9414,#9415,#9416,#9417,#9418,#9419,
#9420,#9421,#9422,#9423,#9424,#9425,#9426,#9427,#9428,#9429,#9430,#9431,
#9432,#9433,#9434,#9435,#9436,#9437,#9438,#9439,#9440,#9441,#9442,#9443,
#9444,#9445,#9446,#9447,#9448,#9449,#9450,#9451,#9452,#9453,#9454,#9455,
#9456,#9457,#9458,#9459,#9460,#9461,#9462,#9463,#9464,#9465,#9466,#9467,
#9468,#9469,#9470,#9471,#9472,#9473,#9474,#9475,#9476,#9477,#9478,#9479,
#9480,#9481,#9482,#9483,#9484,#9485)),.UNSPECIFIED.,.F.,.F.,.F.)
B_SPLINE_SURFACE_WITH_KNOTS((2,2),(3,2,2,2,2,2,2,2,2,2,2,2,2,2,2,2,2,2,
2,2,2,2,2,2,2,2,2,2,2,2,2,2,2,2,2,2,2,2,2,2,2,2,2,2,2,2,2,2,2,2,2,2,2,2,
2,2,2,2,2,2,2,2,2,2,2,2,2,2,2,2,2,2,2,2,2,2,2,2,2,2,2,2,2,2,2,2,2,2,2,2,
2,2,2,2,2,2,2,2,2,2,2,2,2,2,2,2,2,2,2,2,2,2,2,2,3),(0.,1.),(0.,0.0087719298245614,
0.0175438596491228,0.0263157894736842,0.0350877192982456,0.043859649122807,
0.0526315789473684,0.0614035087719298,0.0701754385964912,0.0789473684210526,
0.087719298245614,0.0964912280701754,0.105263157894737,0.114035087719298,
0.12280701754386,0.131578947368421,0.140350877192982,0.149122807017544,
0.157894736842105,0.166666666666667,0.175438596491228,0.184210526315789,
0.192982456140351,0.201754385964912,0.210526315789474,0.219298245614035,
0.228070175438596,0.236842105263158,0.245614035087719,0.254385964912281,
0.263157894736842,0.271929824561404,0.280701754385965,0.289473684210526,
0.298245614035088,0.307017543859649,0.315789473684211,0.324561403508772,
0.333333333333333,0.342105263157895,0.350877192982456,0.359649122807018,
0.368421052631579,0.37719298245614,0.385964912280702,0.394736842105263,
0.403508771929825,0.412280701754386,0.421052631578947,0.429824561403509,
0.43859649122807,0.447368421052632,0.456140350877193,0.464912280701754,
0.473684210526316,0.482456140350877,0.491228070175439,0.5,0.508771929824561,
0.517543859649123,0.526315789473684,0.535087719298246,0.543859649122807,
0.552631578947368,0.56140350877193,0.570175438596491,0.578947368421053,
0.587719298245614,0.596491228070175,0.605263157894737,0.614035087719298,
0.62280701754386,0.631578947368421,0.640350877192982,0.649122807017544,
0.657894736842105,0.666666666666667,0.675438596491228,0.684210526315789,
0.692982456140351,0.701754385964912,0.710526315789474,0.719298245614035,
0.728070175438597,0.736842105263158,0.745614035087719,0.754385964912281,
0.763157894736842,0.771929824561403,0.780701754385965,0.789473684210526,
0.798245614035088,0.807017543859649,0.815789473684211,0.824561403508772,
0.833333333333333,0.842105263157895,0.850877192982456,0.859649122807018,
0.868421052631579,0.87719298245614,0.885964912280702,0.894736842105263,
0.903508771929825,0.912280701754386,0.921052631578947,0.929824561403509,
0.93859649122807,0.947368421052632,0.956140350877193,0.964912280701754,
0.973684210526316,0.982456140350877,0.991228070175439,1.),.UNSPECIFIED.)
GEOMETRIC_REPRESENTATION_ITEM()
RATIONAL_B_SPLINE_SURFACE(((1.,0.866025403784439,1.,0.866025403784439,1.,
0.866025403784439,1.,0.866025403784439,1.,0.866025403784439,1.,0.866025403784439,
1.,0.866025403784439,1.,0.866025403784439,1.,0.866025403784439,1.,0.866025403784439,
1.,0.866025403784439,1.,0.866025403784439,1.,0.866025403784439,1.,0.866025403784439,
1.,0.866025403784439,1.,0.866025403784439,1.,0.866025403784439,1.,0.866025403784439,
1.,0.866025403784439,1.,0.866025403784439,1.,0.866025403784439,1.,0.866025403784439,
1.,0.866025403784439,1.,0.866025403784439,1.,0.866025403784439,1.,0.866025403784439,
1.,0.866025403784439,1.,0.866025403784439,1.,0.866025403784439,1.,0.866025403784439,
1.,0.866025403784439,1.,0.866025403784439,1.,0.866025403784439,1.,0.866025403784439,
1.,0.866025403784439,1.,0.866025403784439,1.,0.866025403784439,1.,0.866025403784439,
1.,0.866025403784439,1.,0.866025403784439,1.,0.866025403784439,1.,0.866025403784439,
1.,0.866025403784439,1.,0.866025403784439,1.,0.866025403784439,1.,0.866025403784439,
1.,0.866025403784439,1.,0.866025403784439,1.,0.866025403784439,1.,0.866025403784439,
1.,0.866025403784439,1.,0.866025403784439,1.,0.866025403784439,1.,0.866025403784439,
1.,0.866025403784439,1.,0.866025403784439,1.,0.866025403784439,1.,0.866025403784439,
1.,0.866025403784439,1.,0.866025403784439,1.,0.866025403784439,1.,0.866025403784439,
1.,0.866025403784439,1.,0.866025403784439,1.,0.866025403784439,1.,0.866025403784439,
1.,0.866025403784439,1.,0.866025403784439,1.,0.866025403784439,1.,0.866025403784439,
1.,0.866025403784439,1.,0.866025403784439,1.,0.866025403784439,1.,0.866025403784439,
1.,0.866025403784439,1.,0.866025403784439,1.,0.866025403784439,1.,0.866025403784439,
1.,0.866025403784439,1.,0.866025403784439,1.,0.866025403784439,1.,0.866025403784439,
1.,0.866025403784439,1.,0.866025403784439,1.,0.866025403784439,1.,0.866025403784439,
1.,0.866025403784439,1.,0.866025403784439,1.,0.866025403784439,1.,0.866025403784439,
1.,0.866025403784439,1.,0.866025403784439,1.,0.866025403784439,1.,0.866025403784439,
1.,0.866025403784439,1.,0.866025403784439,1.,0.866025403784439,1.,0.866025403784439,
1.,0.866025403784439,1.,0.866025403784439,1.,0.866025403784439,1.,0.866025403784439,
1.,0.866025403784439,1.,0.866025403784439,1.,0.866025403784439,1.,0.866025403784439,
1.,0.866025403784439,1.,0.866025403784439,1.,0.866025403784439,1.,0.866025403784439,
1.,0.866025403784439,1.,0.866025403784439,1.,0.866025403784439,1.,0.866025403784439,
1.),(1.,0.866025403784439,1.,0.866025403784439,1.,0.866025403784439,1.,
0.866025403784439,1.,0.866025403784439,1.,0.866025403784439,1.,0.866025403784439,
1.,0.866025403784439,1.,0.866025403784439,1.,0.866025403784439,1.,0.866025403784439,
1.,0.866025403784439,1.,0.866025403784439,1.,0.866025403784439,1.,0.866025403784439,
1.,0.866025403784439,1.,0.866025403784439,1.,0.866025403784439,1.,0.866025403784439,
1.,0.866025403784439,1.,0.866025403784439,1.,0.866025403784439,1.,0.866025403784439,
1.,0.866025403784439,1.,0.866025403784439,1.,0.866025403784439,1.,0.866025403784439,
1.,0.866025403784439,1.,0.866025403784439,1.,0.866025403784439,1.,0.866025403784439,
1.,0.866025403784439,1.,0.866025403784439,1.,0.866025403784439,1.,0.866025403784439,
1.,0.866025403784439,1.,0.866025403784439,1.,0.866025403784439,1.,0.866025403784439,
1.,0.866025403784439,1.,0.866025403784439,1.,0.866025403784439,1.,0.866025403784439,
1.,0.866025403784439,1.,0.866025403784439,1.,0.866025403784439,1.,0.866025403784439,
1.,0.866025403784439,1.,0.866025403784439,1.,0.866025403784439,1.,0.866025403784439,
1.,0.866025403784439,1.,0.866025403784439,1.,0.866025403784439,1.,0.866025403784439,
1.,0.866025403784439,1.,0.866025403784439,1.,0.866025403784439,1.,0.866025403784439,
1.,0.866025403784439,1.,0.866025403784439,1.,0.866025403784439,1.,0.866025403784439,
1.,0.866025403784439,1.,0.866025403784439,1.,0.866025403784439,1.,0.866025403784439,
1.,0.866025403784439,1.,0.866025403784439,1.,0.866025403784439,1.,0.866025403784439,
1.,0.866025403784439,1.,0.866025403784439,1.,0.866025403784439,1.,0.866025403784439,
1.,0.866025403784439,1.,0.866025403784439,1.,0.866025403784439,1.,0.866025403784439,
1.,0.866025403784439,1.,0.866025403784439,1.,0.866025403784439,1.,0.866025403784439,
1.,0.866025403784439,1.,0.866025403784439,1.,0.866025403784439,1.,0.866025403784439,
1.,0.866025403784439,1.,0.866025403784439,1.,0.866025403784439,1.,0.866025403784439,
1.,0.866025403784439,1.,0.866025403784439,1.,0.866025403784439,1.,0.866025403784439,
1.,0.866025403784439,1.,0.866025403784439,1.,0.866025403784439,1.,0.866025403784439,
1.,0.866025403784439,1.,0.866025403784439,1.,0.866025403784439,1.,0.866025403784439,
1.,0.866025403784439,1.,0.866025403784439,1.,0.866025403784439,1.,0.866025403784439,
1.,0.866025403784439,1.,0.866025403784439,1.,0.866025403784439,1.,0.866025403784439,
1.,0.866025403784439,1.,0.866025403784439,1.,0.866025403784439,1.)))
REPRESENTATION_ITEM('')
SURFACE()
);
#22=(
BOUNDED_SURFACE()
B_SPLINE_SURFACE(1,2,((#9488,#9489,#9490,#9491,#9492,#9493,#9494,#9495,
#9496,#9497,#9498,#9499,#9500,#9501,#9502,#9503,#9504,#9505,#9506,#9507,
#9508,#9509,#9510,#9511,#9512,#9513,#9514,#9515,#9516,#9517,#9518,#9519,
#9520,#9521,#9522,#9523,#9524,#9525,#9526,#9527,#9528,#9529,#9530,#9531,
#9532,#9533,#9534,#9535,#9536,#9537,#9538,#9539,#9540,#9541,#9542,#9543,
#9544,#9545,#9546,#9547,#9548,#9549,#9550,#9551,#9552,#9553,#9554,#9555,
#9556,#9557,#9558,#9559,#9560,#9561,#9562,#9563,#9564,#9565,#9566,#9567,
#9568,#9569,#9570,#9571,#9572,#9573,#9574,#9575,#9576,#9577,#9578,#9579,
#9580,#9581,#9582,#9583,#9584,#9585,#9586,#9587,#9588,#9589,#9590,#9591,
#9592,#9593,#9594,#9595,#9596,#9597,#9598,#9599,#9600,#9601,#9602,#9603,
#9604,#9605,#9606,#9607,#9608,#9609,#9610,#9611,#9612,#9613,#9614,#9615,
#9616,#9617,#9618,#9619,#9620,#9621,#9622,#9623,#9624,#9625,#9626,#9627,
#9628,#9629,#9630,#9631,#9632,#9633,#9634,#9635,#9636,#9637,#9638,#9639,
#9640,#9641,#9642,#9643,#9644,#9645,#9646,#9647,#9648,#9649,#9650,#9651,
#9652,#9653,#9654,#9655,#9656,#9657,#9658,#9659,#9660,#9661,#9662,#9663,
#9664,#9665,#9666,#9667,#9668,#9669,#9670,#9671,#9672,#9673,#9674,#9675,
#9676,#9677,#9678,#9679,#9680,#9681,#9682,#9683,#9684,#9685,#9686,#9687,
#9688,#9689,#9690,#9691,#9692,#9693,#9694,#9695,#9696,#9697,#9698,#9699,
#9700,#9701,#9702,#9703,#9704,#9705,#9706,#9707,#9708,#9709,#9710,#9711,
#9712,#9713,#9714,#9715,#9716),(#9717,#9718,#9719,#9720,#9721,#9722,#9723,
#9724,#9725,#9726,#9727,#9728,#9729,#9730,#9731,#9732,#9733,#9734,#9735,
#9736,#9737,#9738,#9739,#9740,#9741,#9742,#9743,#9744,#9745,#9746,#9747,
#9748,#9749,#9750,#9751,#9752,#9753,#9754,#9755,#9756,#9757,#9758,#9759,
#9760,#9761,#9762,#9763,#9764,#9765,#9766,#9767,#9768,#9769,#9770,#9771,
#9772,#9773,#9774,#9775,#9776,#9777,#9778,#9779,#9780,#9781,#9782,#9783,
#9784,#9785,#9786,#9787,#9788,#9789,#9790,#9791,#9792,#9793,#9794,#9795,
#9796,#9797,#9798,#9799,#9800,#9801,#9802,#9803,#9804,#9805,#9806,#9807,
#9808,#9809,#9810,#9811,#9812,#9813,#9814,#9815,#9816,#9817,#9818,#9819,
#9820,#9821,#9822,#9823,#9824,#9825,#9826,#9827,#9828,#9829,#9830,#9831,
#9832,#9833,#9834,#9835,#9836,#9837,#9838,#9839,#9840,#9841,#9842,#9843,
#9844,#9845,#9846,#9847,#9848,#9849,#9850,#9851,#9852,#9853,#9854,#9855,
#9856,#9857,#9858,#9859,#9860,#9861,#9862,#9863,#9864,#9865,#9866,#9867,
#9868,#9869,#9870,#9871,#9872,#9873,#9874,#9875,#9876,#9877,#9878,#9879,
#9880,#9881,#9882,#9883,#9884,#9885,#9886,#9887,#9888,#9889,#9890,#9891,
#9892,#9893,#9894,#9895,#9896,#9897,#9898,#9899,#9900,#9901,#9902,#9903,
#9904,#9905,#9906,#9907,#9908,#9909,#9910,#9911,#9912,#9913,#9914,#9915,
#9916,#9917,#9918,#9919,#9920,#9921,#9922,#9923,#9924,#9925,#9926,#9927,
#9928,#9929,#9930,#9931,#9932,#9933,#9934,#9935,#9936,#9937,#9938,#9939,
#9940,#9941,#9942,#9943,#9944,#9945)),.UNSPECIFIED.,.F.,.F.,.F.)
B_SPLINE_SURFACE_WITH_KNOTS((2,2),(3,2,2,2,2,2,2,2,2,2,2,2,2,2,2,2,2,2,
2,2,2,2,2,2,2,2,2,2,2,2,2,2,2,2,2,2,2,2,2,2,2,2,2,2,2,2,2,2,2,2,2,2,2,2,
2,2,2,2,2,2,2,2,2,2,2,2,2,2,2,2,2,2,2,2,2,2,2,2,2,2,2,2,2,2,2,2,2,2,2,2,
2,2,2,2,2,2,2,2,2,2,2,2,2,2,2,2,2,2,2,2,2,2,2,2,3),(0.,1.),(0.,0.0087719298245614,
0.0175438596491228,0.0263157894736842,0.0350877192982456,0.043859649122807,
0.0526315789473684,0.0614035087719298,0.0701754385964912,0.0789473684210526,
0.087719298245614,0.0964912280701754,0.105263157894737,0.114035087719298,
0.12280701754386,0.131578947368421,0.140350877192982,0.149122807017544,
0.157894736842105,0.166666666666667,0.175438596491228,0.184210526315789,
0.192982456140351,0.201754385964912,0.210526315789474,0.219298245614035,
0.228070175438596,0.236842105263158,0.245614035087719,0.254385964912281,
0.263157894736842,0.271929824561404,0.280701754385965,0.289473684210526,
0.298245614035088,0.307017543859649,0.315789473684211,0.324561403508772,
0.333333333333333,0.342105263157895,0.350877192982456,0.359649122807018,
0.368421052631579,0.37719298245614,0.385964912280702,0.394736842105263,
0.403508771929825,0.412280701754386,0.421052631578947,0.429824561403509,
0.43859649122807,0.447368421052632,0.456140350877193,0.464912280701754,
0.473684210526316,0.482456140350877,0.491228070175439,0.5,0.508771929824561,
0.517543859649123,0.526315789473684,0.535087719298246,0.543859649122807,
0.552631578947368,0.56140350877193,0.570175438596491,0.578947368421053,
0.587719298245614,0.596491228070175,0.605263157894737,0.614035087719298,
0.62280701754386,0.631578947368421,0.640350877192982,0.649122807017544,
0.657894736842105,0.666666666666667,0.675438596491228,0.684210526315789,
0.692982456140351,0.701754385964912,0.710526315789474,0.719298245614035,
0.728070175438597,0.736842105263158,0.745614035087719,0.754385964912281,
0.763157894736842,0.771929824561403,0.780701754385965,0.789473684210526,
0.798245614035088,0.807017543859649,0.815789473684211,0.824561403508772,
0.833333333333333,0.842105263157895,0.850877192982456,0.859649122807018,
0.868421052631579,0.87719298245614,0.885964912280702,0.894736842105263,
0.903508771929825,0.912280701754386,0.921052631578947,0.929824561403509,
0.93859649122807,0.947368421052632,0.956140350877193,0.964912280701754,
0.973684210526316,0.982456140350877,0.991228070175439,1.),.UNSPECIFIED.)
GEOMETRIC_REPRESENTATION_ITEM()
RATIONAL_B_SPLINE_SURFACE(((1.,0.866025403784439,1.,0.866025403784439,1.,
0.866025403784439,1.,0.866025403784439,1.,0.866025403784439,1.,0.866025403784439,
1.,0.866025403784439,1.,0.866025403784439,1.,0.866025403784439,1.,0.866025403784439,
1.,0.866025403784439,1.,0.866025403784439,1.,0.866025403784439,1.,0.866025403784439,
1.,0.866025403784439,1.,0.866025403784439,1.,0.866025403784439,1.,0.866025403784439,
1.,0.866025403784439,1.,0.866025403784439,1.,0.866025403784439,1.,0.866025403784439,
1.,0.866025403784439,1.,0.866025403784439,1.,0.866025403784439,1.,0.866025403784439,
1.,0.866025403784439,1.,0.866025403784439,1.,0.866025403784439,1.,0.866025403784439,
1.,0.866025403784439,1.,0.866025403784439,1.,0.866025403784439,1.,0.866025403784439,
1.,0.866025403784439,1.,0.866025403784439,1.,0.866025403784439,1.,0.866025403784439,
1.,0.866025403784439,1.,0.866025403784439,1.,0.866025403784439,1.,0.866025403784439,
1.,0.866025403784439,1.,0.866025403784439,1.,0.866025403784439,1.,0.866025403784439,
1.,0.866025403784439,1.,0.866025403784439,1.,0.866025403784439,1.,0.866025403784439,
1.,0.866025403784439,1.,0.866025403784439,1.,0.866025403784439,1.,0.866025403784439,
1.,0.866025403784439,1.,0.866025403784439,1.,0.866025403784439,1.,0.866025403784439,
1.,0.866025403784439,1.,0.866025403784439,1.,0.866025403784439,1.,0.866025403784439,
1.,0.866025403784439,1.,0.866025403784439,1.,0.866025403784439,1.,0.866025403784439,
1.,0.866025403784439,1.,0.866025403784439,1.,0.866025403784439,1.,0.866025403784439,
1.,0.866025403784439,1.,0.866025403784439,1.,0.866025403784439,1.,0.866025403784439,
1.,0.866025403784439,1.,0.866025403784439,1.,0.866025403784439,1.,0.866025403784439,
1.,0.866025403784439,1.,0.866025403784439,1.,0.866025403784439,1.,0.866025403784439,
1.,0.866025403784439,1.,0.866025403784439,1.,0.866025403784439,1.,0.866025403784439,
1.,0.866025403784439,1.,0.866025403784439,1.,0.866025403784439,1.,0.866025403784439,
1.,0.866025403784439,1.,0.866025403784439,1.,0.866025403784439,1.,0.866025403784439,
1.,0.866025403784439,1.,0.866025403784439,1.,0.866025403784439,1.,0.866025403784439,
1.,0.866025403784439,1.,0.866025403784439,1.,0.866025403784439,1.,0.866025403784439,
1.,0.866025403784439,1.,0.866025403784439,1.,0.866025403784439,1.,0.866025403784439,
1.,0.866025403784439,1.,0.866025403784439,1.,0.866025403784439,1.,0.866025403784439,
1.,0.866025403784439,1.,0.866025403784439,1.,0.866025403784439,1.,0.866025403784439,
1.),(1.,0.866025403784439,1.,0.866025403784439,1.,0.866025403784439,1.,
0.866025403784439,1.,0.866025403784439,1.,0.866025403784439,1.,0.866025403784439,
1.,0.866025403784439,1.,0.866025403784439,1.,0.866025403784439,1.,0.866025403784439,
1.,0.866025403784439,1.,0.866025403784439,1.,0.866025403784439,1.,0.866025403784439,
1.,0.866025403784439,1.,0.866025403784439,1.,0.866025403784439,1.,0.866025403784439,
1.,0.866025403784439,1.,0.866025403784439,1.,0.866025403784439,1.,0.866025403784439,
1.,0.866025403784439,1.,0.866025403784439,1.,0.866025403784439,1.,0.866025403784439,
1.,0.866025403784439,1.,0.866025403784439,1.,0.866025403784439,1.,0.866025403784439,
1.,0.866025403784439,1.,0.866025403784439,1.,0.866025403784439,1.,0.866025403784439,
1.,0.866025403784439,1.,0.866025403784439,1.,0.866025403784439,1.,0.866025403784439,
1.,0.866025403784439,1.,0.866025403784439,1.,0.866025403784439,1.,0.866025403784439,
1.,0.866025403784439,1.,0.866025403784439,1.,0.866025403784439,1.,0.866025403784439,
1.,0.866025403784439,1.,0.866025403784439,1.,0.866025403784439,1.,0.866025403784439,
1.,0.866025403784439,1.,0.866025403784439,1.,0.866025403784439,1.,0.866025403784439,
1.,0.866025403784439,1.,0.866025403784439,1.,0.866025403784439,1.,0.866025403784439,
1.,0.866025403784439,1.,0.866025403784439,1.,0.866025403784439,1.,0.866025403784439,
1.,0.866025403784439,1.,0.866025403784439,1.,0.866025403784439,1.,0.866025403784439,
1.,0.866025403784439,1.,0.866025403784439,1.,0.866025403784439,1.,0.866025403784439,
1.,0.866025403784439,1.,0.866025403784439,1.,0.866025403784439,1.,0.866025403784439,
1.,0.866025403784439,1.,0.866025403784439,1.,0.866025403784439,1.,0.866025403784439,
1.,0.866025403784439,1.,0.866025403784439,1.,0.866025403784439,1.,0.866025403784439,
1.,0.866025403784439,1.,0.866025403784439,1.,0.866025403784439,1.,0.866025403784439,
1.,0.866025403784439,1.,0.866025403784439,1.,0.866025403784439,1.,0.866025403784439,
1.,0.866025403784439,1.,0.866025403784439,1.,0.866025403784439,1.,0.866025403784439,
1.,0.866025403784439,1.,0.866025403784439,1.,0.866025403784439,1.,0.866025403784439,
1.,0.866025403784439,1.,0.866025403784439,1.,0.866025403784439,1.,0.866025403784439,
1.,0.866025403784439,1.,0.866025403784439,1.,0.866025403784439,1.,0.866025403784439,
1.,0.866025403784439,1.,0.866025403784439,1.,0.866025403784439,1.,0.866025403784439,
1.,0.866025403784439,1.,0.866025403784439,1.,0.866025403784439,1.)))
REPRESENTATION_ITEM('')
SURFACE()
);
#23=(
BOUNDED_SURFACE()
B_SPLINE_SURFACE(1,2,((#9947,#9948,#9949,#9950,#9951,#9952,#9953,#9954,
#9955,#9956,#9957,#9958,#9959,#9960,#9961,#9962,#9963,#9964,#9965,#9966,
#9967,#9968,#9969,#9970,#9971,#9972,#9973,#9974,#9975,#9976,#9977,#9978,
#9979,#9980,#9981,#9982,#9983,#9984,#9985,#9986,#9987,#9988,#9989,#9990,
#9991,#9992,#9993,#9994,#9995,#9996,#9997,#9998,#9999,#10000,#10001,#10002,
#10003,#10004,#10005,#10006,#10007,#10008,#10009,#10010,#10011,#10012,#10013,
#10014,#10015,#10016,#10017,#10018,#10019,#10020,#10021,#10022,#10023,#10024,
#10025,#10026,#10027,#10028,#10029,#10030,#10031,#10032,#10033,#10034,#10035,
#10036,#10037,#10038,#10039,#10040,#10041,#10042,#10043,#10044,#10045,#10046,
#10047,#10048,#10049,#10050,#10051,#10052,#10053,#10054,#10055,#10056,#10057,
#10058,#10059,#10060,#10061,#10062,#10063,#10064,#10065,#10066,#10067,#10068,
#10069,#10070,#10071,#10072,#10073,#10074,#10075,#10076,#10077,#10078,#10079,
#10080,#10081,#10082,#10083,#10084,#10085,#10086,#10087,#10088,#10089,#10090,
#10091,#10092,#10093,#10094,#10095,#10096,#10097,#10098,#10099,#10100,#10101,
#10102,#10103,#10104,#10105,#10106,#10107,#10108,#10109,#10110,#10111,#10112,
#10113,#10114,#10115,#10116,#10117,#10118,#10119,#10120,#10121,#10122,#10123,
#10124,#10125,#10126,#10127,#10128,#10129,#10130,#10131,#10132,#10133,#10134,
#10135,#10136,#10137,#10138,#10139,#10140,#10141,#10142,#10143,#10144,#10145,
#10146,#10147,#10148,#10149,#10150,#10151,#10152,#10153,#10154,#10155,#10156,
#10157,#10158,#10159,#10160,#10161,#10162,#10163,#10164,#10165,#10166,#10167,
#10168,#10169,#10170,#10171,#10172,#10173,#10174,#10175),(#10176,#10177,
#10178,#10179,#10180,#10181,#10182,#10183,#10184,#10185,#10186,#10187,#10188,
#10189,#10190,#10191,#10192,#10193,#10194,#10195,#10196,#10197,#10198,#10199,
#10200,#10201,#10202,#10203,#10204,#10205,#10206,#10207,#10208,#10209,#10210,
#10211,#10212,#10213,#10214,#10215,#10216,#10217,#10218,#10219,#10220,#10221,
#10222,#10223,#10224,#10225,#10226,#10227,#10228,#10229,#10230,#10231,#10232,
#10233,#10234,#10235,#10236,#10237,#10238,#10239,#10240,#10241,#10242,#10243,
#10244,#10245,#10246,#10247,#10248,#10249,#10250,#10251,#10252,#10253,#10254,
#10255,#10256,#10257,#10258,#10259,#10260,#10261,#10262,#10263,#10264,#10265,
#10266,#10267,#10268,#10269,#10270,#10271,#10272,#10273,#10274,#10275,#10276,
#10277,#10278,#10279,#10280,#10281,#10282,#10283,#10284,#10285,#10286,#10287,
#10288,#10289,#10290,#10291,#10292,#10293,#10294,#10295,#10296,#10297,#10298,
#10299,#10300,#10301,#10302,#10303,#10304,#10305,#10306,#10307,#10308,#10309,
#10310,#10311,#10312,#10313,#10314,#10315,#10316,#10317,#10318,#10319,#10320,
#10321,#10322,#10323,#10324,#10325,#10326,#10327,#10328,#10329,#10330,#10331,
#10332,#10333,#10334,#10335,#10336,#10337,#10338,#10339,#10340,#10341,#10342,
#10343,#10344,#10345,#10346,#10347,#10348,#10349,#10350,#10351,#10352,#10353,
#10354,#10355,#10356,#10357,#10358,#10359,#10360,#10361,#10362,#10363,#10364,
#10365,#10366,#10367,#10368,#10369,#10370,#10371,#10372,#10373,#10374,#10375,
#10376,#10377,#10378,#10379,#10380,#10381,#10382,#10383,#10384,#10385,#10386,
#10387,#10388,#10389,#10390,#10391,#10392,#10393,#10394,#10395,#10396,#10397,
#10398,#10399,#10400,#10401,#10402,#10403,#10404)),.UNSPECIFIED.,.F.,.F.,
 .F.)
B_SPLINE_SURFACE_WITH_KNOTS((2,2),(3,2,2,2,2,2,2,2,2,2,2,2,2,2,2,2,2,2,
2,2,2,2,2,2,2,2,2,2,2,2,2,2,2,2,2,2,2,2,2,2,2,2,2,2,2,2,2,2,2,2,2,2,2,2,
2,2,2,2,2,2,2,2,2,2,2,2,2,2,2,2,2,2,2,2,2,2,2,2,2,2,2,2,2,2,2,2,2,2,2,2,
2,2,2,2,2,2,2,2,2,2,2,2,2,2,2,2,2,2,2,2,2,2,2,2,3),(0.,1.),(0.,0.0087719298245614,
0.0175438596491228,0.0263157894736842,0.0350877192982456,0.043859649122807,
0.0526315789473684,0.0614035087719298,0.0701754385964912,0.0789473684210526,
0.087719298245614,0.0964912280701754,0.105263157894737,0.114035087719298,
0.12280701754386,0.131578947368421,0.140350877192982,0.149122807017544,
0.157894736842105,0.166666666666667,0.175438596491228,0.184210526315789,
0.192982456140351,0.201754385964912,0.210526315789474,0.219298245614035,
0.228070175438596,0.236842105263158,0.245614035087719,0.254385964912281,
0.263157894736842,0.271929824561404,0.280701754385965,0.289473684210526,
0.298245614035088,0.307017543859649,0.315789473684211,0.324561403508772,
0.333333333333333,0.342105263157895,0.350877192982456,0.359649122807018,
0.368421052631579,0.37719298245614,0.385964912280702,0.394736842105263,
0.403508771929825,0.412280701754386,0.421052631578947,0.429824561403509,
0.43859649122807,0.447368421052632,0.456140350877193,0.464912280701754,
0.473684210526316,0.482456140350877,0.491228070175439,0.5,0.508771929824561,
0.517543859649123,0.526315789473684,0.535087719298246,0.543859649122807,
0.552631578947368,0.56140350877193,0.570175438596491,0.578947368421053,
0.587719298245614,0.596491228070175,0.605263157894737,0.614035087719298,
0.62280701754386,0.631578947368421,0.640350877192982,0.649122807017544,
0.657894736842105,0.666666666666667,0.675438596491228,0.684210526315789,
0.692982456140351,0.701754385964912,0.710526315789474,0.719298245614035,
0.728070175438597,0.736842105263158,0.745614035087719,0.754385964912281,
0.763157894736842,0.771929824561403,0.780701754385965,0.789473684210526,
0.798245614035088,0.807017543859649,0.815789473684211,0.824561403508772,
0.833333333333333,0.842105263157895,0.850877192982456,0.859649122807018,
0.868421052631579,0.87719298245614,0.885964912280702,0.894736842105263,
0.903508771929825,0.912280701754386,0.921052631578947,0.929824561403509,
0.93859649122807,0.947368421052632,0.956140350877193,0.964912280701754,
0.973684210526316,0.982456140350877,0.991228070175439,1.),.UNSPECIFIED.)
GEOMETRIC_REPRESENTATION_ITEM()
RATIONAL_B_SPLINE_SURFACE(((1.,0.866025403784439,1.,0.866025403784439,1.,
0.866025403784439,1.,0.866025403784439,1.,0.866025403784439,1.,0.866025403784439,
1.,0.866025403784439,1.,0.866025403784439,1.,0.866025403784439,1.,0.866025403784439,
1.,0.866025403784439,1.,0.866025403784439,1.,0.866025403784439,1.,0.866025403784439,
1.,0.866025403784439,1.,0.866025403784439,1.,0.866025403784439,1.,0.866025403784439,
1.,0.866025403784439,1.,0.866025403784439,1.,0.866025403784439,1.,0.866025403784439,
1.,0.866025403784439,1.,0.866025403784439,1.,0.866025403784439,1.,0.866025403784439,
1.,0.866025403784439,1.,0.866025403784439,1.,0.866025403784439,1.,0.866025403784439,
1.,0.866025403784439,1.,0.866025403784439,1.,0.866025403784439,1.,0.866025403784439,
1.,0.866025403784439,1.,0.866025403784439,1.,0.866025403784439,1.,0.866025403784439,
1.,0.866025403784439,1.,0.866025403784439,1.,0.866025403784439,1.,0.866025403784439,
1.,0.866025403784439,1.,0.866025403784439,1.,0.866025403784439,1.,0.866025403784439,
1.,0.866025403784439,1.,0.866025403784439,1.,0.866025403784439,1.,0.866025403784439,
1.,0.866025403784439,1.,0.866025403784439,1.,0.866025403784439,1.,0.866025403784439,
1.,0.866025403784439,1.,0.866025403784439,1.,0.866025403784439,1.,0.866025403784439,
1.,0.866025403784439,1.,0.866025403784439,1.,0.866025403784439,1.,0.866025403784439,
1.,0.866025403784439,1.,0.866025403784439,1.,0.866025403784439,1.,0.866025403784439,
1.,0.866025403784439,1.,0.866025403784439,1.,0.866025403784439,1.,0.866025403784439,
1.,0.866025403784439,1.,0.866025403784439,1.,0.866025403784439,1.,0.866025403784439,
1.,0.866025403784439,1.,0.866025403784439,1.,0.866025403784439,1.,0.866025403784439,
1.,0.866025403784439,1.,0.866025403784439,1.,0.866025403784439,1.,0.866025403784439,
1.,0.866025403784439,1.,0.866025403784439,1.,0.866025403784439,1.,0.866025403784439,
1.,0.866025403784439,1.,0.866025403784439,1.,0.866025403784439,1.,0.866025403784439,
1.,0.866025403784439,1.,0.866025403784439,1.,0.866025403784439,1.,0.866025403784439,
1.,0.866025403784439,1.,0.866025403784439,1.,0.866025403784439,1.,0.866025403784439,
1.,0.866025403784439,1.,0.866025403784439,1.,0.866025403784439,1.,0.866025403784439,
1.,0.866025403784439,1.,0.866025403784439,1.,0.866025403784439,1.,0.866025403784439,
1.,0.866025403784439,1.,0.866025403784439,1.,0.866025403784439,1.,0.866025403784439,
1.,0.866025403784439,1.,0.866025403784439,1.,0.866025403784439,1.,0.866025403784439,
1.),(1.,0.866025403784439,1.,0.866025403784439,1.,0.866025403784439,1.,
0.866025403784439,1.,0.866025403784439,1.,0.866025403784439,1.,0.866025403784439,
1.,0.866025403784439,1.,0.866025403784439,1.,0.866025403784439,1.,0.866025403784439,
1.,0.866025403784439,1.,0.866025403784439,1.,0.866025403784439,1.,0.866025403784439,
1.,0.866025403784439,1.,0.866025403784439,1.,0.866025403784439,1.,0.866025403784439,
1.,0.866025403784439,1.,0.866025403784439,1.,0.866025403784439,1.,0.866025403784439,
1.,0.866025403784439,1.,0.866025403784439,1.,0.866025403784439,1.,0.866025403784439,
1.,0.866025403784439,1.,0.866025403784439,1.,0.866025403784439,1.,0.866025403784439,
1.,0.866025403784439,1.,0.866025403784439,1.,0.866025403784439,1.,0.866025403784439,
1.,0.866025403784439,1.,0.866025403784439,1.,0.866025403784439,1.,0.866025403784439,
1.,0.866025403784439,1.,0.866025403784439,1.,0.866025403784439,1.,0.866025403784439,
1.,0.866025403784439,1.,0.866025403784439,1.,0.866025403784439,1.,0.866025403784439,
1.,0.866025403784439,1.,0.866025403784439,1.,0.866025403784439,1.,0.866025403784439,
1.,0.866025403784439,1.,0.866025403784439,1.,0.866025403784439,1.,0.866025403784439,
1.,0.866025403784439,1.,0.866025403784439,1.,0.866025403784439,1.,0.866025403784439,
1.,0.866025403784439,1.,0.866025403784439,1.,0.866025403784439,1.,0.866025403784439,
1.,0.866025403784439,1.,0.866025403784439,1.,0.866025403784439,1.,0.866025403784439,
1.,0.866025403784439,1.,0.866025403784439,1.,0.866025403784439,1.,0.866025403784439,
1.,0.866025403784439,1.,0.866025403784439,1.,0.866025403784439,1.,0.866025403784439,
1.,0.866025403784439,1.,0.866025403784439,1.,0.866025403784439,1.,0.866025403784439,
1.,0.866025403784439,1.,0.866025403784439,1.,0.866025403784439,1.,0.866025403784439,
1.,0.866025403784439,1.,0.866025403784439,1.,0.866025403784439,1.,0.866025403784439,
1.,0.866025403784439,1.,0.866025403784439,1.,0.866025403784439,1.,0.866025403784439,
1.,0.866025403784439,1.,0.866025403784439,1.,0.866025403784439,1.,0.866025403784439,
1.,0.866025403784439,1.,0.866025403784439,1.,0.866025403784439,1.,0.866025403784439,
1.,0.866025403784439,1.,0.866025403784439,1.,0.866025403784439,1.,0.866025403784439,
1.,0.866025403784439,1.,0.866025403784439,1.,0.866025403784439,1.,0.866025403784439,
1.,0.866025403784439,1.,0.866025403784439,1.,0.866025403784439,1.,0.866025403784439,
1.,0.866025403784439,1.,0.866025403784439,1.,0.866025403784439,1.)))
REPRESENTATION_ITEM('')
SURFACE()
);
#24=(
BOUNDED_SURFACE()
B_SPLINE_SURFACE(1,2,((#10405,#10406,#10407,#10408,#10409,#10410,#10411,
#10412,#10413,#10414,#10415,#10416,#10417,#10418,#10419,#10420,#10421,#10422,
#10423,#10424,#10425,#10426,#10427,#10428,#10429,#10430,#10431,#10432,#10433,
#10434,#10435,#10436,#10437,#10438,#10439,#10440,#10441,#10442,#10443,#10444,
#10445,#10446,#10447,#10448,#10449,#10450,#10451,#10452,#10453,#10454,#10455,
#10456,#10457,#10458,#10459,#10460,#10461,#10462,#10463,#10464,#10465,#10466,
#10467,#10468,#10469,#10470,#10471,#10472,#10473,#10474,#10475,#10476,#10477,
#10478,#10479,#10480,#10481,#10482,#10483,#10484,#10485,#10486,#10487,#10488,
#10489,#10490,#10491,#10492,#10493,#10494,#10495,#10496,#10497,#10498,#10499,
#10500,#10501,#10502,#10503,#10504,#10505,#10506,#10507,#10508,#10509,#10510,
#10511,#10512,#10513,#10514,#10515,#10516,#10517,#10518,#10519,#10520,#10521,
#10522,#10523,#10524,#10525,#10526,#10527,#10528,#10529,#10530,#10531,#10532,
#10533,#10534,#10535,#10536,#10537,#10538,#10539,#10540,#10541,#10542,#10543,
#10544,#10545,#10546,#10547,#10548,#10549,#10550,#10551,#10552,#10553,#10554,
#10555,#10556,#10557,#10558,#10559,#10560,#10561,#10562,#10563,#10564,#10565,
#10566,#10567,#10568,#10569,#10570,#10571,#10572,#10573,#10574,#10575,#10576,
#10577,#10578,#10579,#10580,#10581,#10582,#10583,#10584,#10585,#10586,#10587,
#10588,#10589,#10590,#10591,#10592,#10593,#10594,#10595,#10596,#10597,#10598,
#10599,#10600,#10601,#10602,#10603,#10604,#10605,#10606,#10607,#10608,#10609,
#10610,#10611,#10612,#10613,#10614,#10615,#10616,#10617,#10618,#10619,#10620,
#10621,#10622,#10623,#10624,#10625,#10626,#10627,#10628,#10629,#10630,#10631,
#10632,#10633),(#10634,#10635,#10636,#10637,#10638,#10639,#10640,#10641,
#10642,#10643,#10644,#10645,#10646,#10647,#10648,#10649,#10650,#10651,#10652,
#10653,#10654,#10655,#10656,#10657,#10658,#10659,#10660,#10661,#10662,#10663,
#10664,#10665,#10666,#10667,#10668,#10669,#10670,#10671,#10672,#10673,#10674,
#10675,#10676,#10677,#10678,#10679,#10680,#10681,#10682,#10683,#10684,#10685,
#10686,#10687,#10688,#10689,#10690,#10691,#10692,#10693,#10694,#10695,#10696,
#10697,#10698,#10699,#10700,#10701,#10702,#10703,#10704,#10705,#10706,#10707,
#10708,#10709,#10710,#10711,#10712,#10713,#10714,#10715,#10716,#10717,#10718,
#10719,#10720,#10721,#10722,#10723,#10724,#10725,#10726,#10727,#10728,#10729,
#10730,#10731,#10732,#10733,#10734,#10735,#10736,#10737,#10738,#10739,#10740,
#10741,#10742,#10743,#10744,#10745,#10746,#10747,#10748,#10749,#10750,#10751,
#10752,#10753,#10754,#10755,#10756,#10757,#10758,#10759,#10760,#10761,#10762,
#10763,#10764,#10765,#10766,#10767,#10768,#10769,#10770,#10771,#10772,#10773,
#10774,#10775,#10776,#10777,#10778,#10779,#10780,#10781,#10782,#10783,#10784,
#10785,#10786,#10787,#10788,#10789,#10790,#10791,#10792,#10793,#10794,#10795,
#10796,#10797,#10798,#10799,#10800,#10801,#10802,#10803,#10804,#10805,#10806,
#10807,#10808,#10809,#10810,#10811,#10812,#10813,#10814,#10815,#10816,#10817,
#10818,#10819,#10820,#10821,#10822,#10823,#10824,#10825,#10826,#10827,#10828,
#10829,#10830,#10831,#10832,#10833,#10834,#10835,#10836,#10837,#10838,#10839,
#10840,#10841,#10842,#10843,#10844,#10845,#10846,#10847,#10848,#10849,#10850,
#10851,#10852,#10853,#10854,#10855,#10856,#10857,#10858,#10859,#10860,#10861,
#10862)),.UNSPECIFIED.,.F.,.F.,.F.)
B_SPLINE_SURFACE_WITH_KNOTS((2,2),(3,2,2,2,2,2,2,2,2,2,2,2,2,2,2,2,2,2,
2,2,2,2,2,2,2,2,2,2,2,2,2,2,2,2,2,2,2,2,2,2,2,2,2,2,2,2,2,2,2,2,2,2,2,2,
2,2,2,2,2,2,2,2,2,2,2,2,2,2,2,2,2,2,2,2,2,2,2,2,2,2,2,2,2,2,2,2,2,2,2,2,
2,2,2,2,2,2,2,2,2,2,2,2,2,2,2,2,2,2,2,2,2,2,2,2,3),(0.,1.),(0.,0.0087719298245614,
0.0175438596491228,0.0263157894736842,0.0350877192982456,0.043859649122807,
0.0526315789473684,0.0614035087719298,0.0701754385964912,0.0789473684210526,
0.087719298245614,0.0964912280701754,0.105263157894737,0.114035087719298,
0.12280701754386,0.131578947368421,0.140350877192982,0.149122807017544,
0.157894736842105,0.166666666666667,0.175438596491228,0.184210526315789,
0.192982456140351,0.201754385964912,0.210526315789474,0.219298245614035,
0.228070175438596,0.236842105263158,0.245614035087719,0.254385964912281,
0.263157894736842,0.271929824561404,0.280701754385965,0.289473684210526,
0.298245614035088,0.307017543859649,0.315789473684211,0.324561403508772,
0.333333333333333,0.342105263157895,0.350877192982456,0.359649122807018,
0.368421052631579,0.37719298245614,0.385964912280702,0.394736842105263,
0.403508771929825,0.412280701754386,0.421052631578947,0.429824561403509,
0.43859649122807,0.447368421052632,0.456140350877193,0.464912280701754,
0.473684210526316,0.482456140350877,0.491228070175439,0.5,0.508771929824561,
0.517543859649123,0.526315789473684,0.535087719298246,0.543859649122807,
0.552631578947368,0.56140350877193,0.570175438596491,0.578947368421053,
0.587719298245614,0.596491228070175,0.605263157894737,0.614035087719298,
0.62280701754386,0.631578947368421,0.640350877192982,0.649122807017544,
0.657894736842105,0.666666666666667,0.675438596491228,0.684210526315789,
0.692982456140351,0.701754385964912,0.710526315789474,0.719298245614035,
0.728070175438597,0.736842105263158,0.745614035087719,0.754385964912281,
0.763157894736842,0.771929824561403,0.780701754385965,0.789473684210526,
0.798245614035088,0.807017543859649,0.815789473684211,0.824561403508772,
0.833333333333333,0.842105263157895,0.850877192982456,0.859649122807018,
0.868421052631579,0.87719298245614,0.885964912280702,0.894736842105263,
0.903508771929825,0.912280701754386,0.921052631578947,0.929824561403509,
0.93859649122807,0.947368421052632,0.956140350877193,0.964912280701754,
0.973684210526316,0.982456140350877,0.991228070175439,1.),.UNSPECIFIED.)
GEOMETRIC_REPRESENTATION_ITEM()
RATIONAL_B_SPLINE_SURFACE(((1.,0.866025403784439,1.,0.866025403784439,1.,
0.866025403784439,1.,0.866025403784439,1.,0.866025403784439,1.,0.866025403784439,
1.,0.866025403784439,1.,0.866025403784439,1.,0.866025403784439,1.,0.866025403784439,
1.,0.866025403784439,1.,0.866025403784439,1.,0.866025403784439,1.,0.866025403784439,
1.,0.866025403784439,1.,0.866025403784439,1.,0.866025403784439,1.,0.866025403784439,
1.,0.866025403784439,1.,0.866025403784439,1.,0.866025403784439,1.,0.866025403784439,
1.,0.866025403784439,1.,0.866025403784439,1.,0.866025403784439,1.,0.866025403784439,
1.,0.866025403784439,1.,0.866025403784439,1.,0.866025403784439,1.,0.866025403784439,
1.,0.866025403784439,1.,0.866025403784439,1.,0.866025403784439,1.,0.866025403784439,
1.,0.866025403784439,1.,0.866025403784439,1.,0.866025403784439,1.,0.866025403784439,
1.,0.866025403784439,1.,0.866025403784439,1.,0.866025403784439,1.,0.866025403784439,
1.,0.866025403784439,1.,0.866025403784439,1.,0.866025403784439,1.,0.866025403784439,
1.,0.866025403784439,1.,0.866025403784439,1.,0.866025403784439,1.,0.866025403784439,
1.,0.866025403784439,1.,0.866025403784439,1.,0.866025403784439,1.,0.866025403784439,
1.,0.866025403784439,1.,0.866025403784439,1.,0.866025403784439,1.,0.866025403784439,
1.,0.866025403784439,1.,0.866025403784439,1.,0.866025403784439,1.,0.866025403784439,
1.,0.866025403784439,1.,0.866025403784439,1.,0.866025403784439,1.,0.866025403784439,
1.,0.866025403784439,1.,0.866025403784439,1.,0.866025403784439,1.,0.866025403784439,
1.,0.866025403784439,1.,0.866025403784439,1.,0.866025403784439,1.,0.866025403784439,
1.,0.866025403784439,1.,0.866025403784439,1.,0.866025403784439,1.,0.866025403784439,
1.,0.866025403784439,1.,0.866025403784439,1.,0.866025403784439,1.,0.866025403784439,
1.,0.866025403784439,1.,0.866025403784439,1.,0.866025403784439,1.,0.866025403784439,
1.,0.866025403784439,1.,0.866025403784439,1.,0.866025403784439,1.,0.866025403784439,
1.,0.866025403784439,1.,0.866025403784439,1.,0.866025403784439,1.,0.866025403784439,
1.,0.866025403784439,1.,0.866025403784439,1.,0.866025403784439,1.,0.866025403784439,
1.,0.866025403784439,1.,0.866025403784439,1.,0.866025403784439,1.,0.866025403784439,
1.,0.866025403784439,1.,0.866025403784439,1.,0.866025403784439,1.,0.866025403784439,
1.,0.866025403784439,1.,0.866025403784439,1.,0.866025403784439,1.,0.866025403784439,
1.,0.866025403784439,1.,0.866025403784439,1.,0.866025403784439,1.,0.866025403784439,
1.),(1.,0.866025403784439,1.,0.866025403784439,1.,0.866025403784439,1.,
0.866025403784439,1.,0.866025403784439,1.,0.866025403784439,1.,0.866025403784439,
1.,0.866025403784439,1.,0.866025403784439,1.,0.866025403784439,1.,0.866025403784439,
1.,0.866025403784439,1.,0.866025403784439,1.,0.866025403784439,1.,0.866025403784439,
1.,0.866025403784439,1.,0.866025403784439,1.,0.866025403784439,1.,0.866025403784439,
1.,0.866025403784439,1.,0.866025403784439,1.,0.866025403784439,1.,0.866025403784439,
1.,0.866025403784439,1.,0.866025403784439,1.,0.866025403784439,1.,0.866025403784439,
1.,0.866025403784439,1.,0.866025403784439,1.,0.866025403784439,1.,0.866025403784439,
1.,0.866025403784439,1.,0.866025403784439,1.,0.866025403784439,1.,0.866025403784439,
1.,0.866025403784439,1.,0.866025403784439,1.,0.866025403784439,1.,0.866025403784439,
1.,0.866025403784439,1.,0.866025403784439,1.,0.866025403784439,1.,0.866025403784439,
1.,0.866025403784439,1.,0.866025403784439,1.,0.866025403784439,1.,0.866025403784439,
1.,0.866025403784439,1.,0.866025403784439,1.,0.866025403784439,1.,0.866025403784439,
1.,0.866025403784439,1.,0.866025403784439,1.,0.866025403784439,1.,0.866025403784439,
1.,0.866025403784439,1.,0.866025403784439,1.,0.866025403784439,1.,0.866025403784439,
1.,0.866025403784439,1.,0.866025403784439,1.,0.866025403784439,1.,0.866025403784439,
1.,0.866025403784439,1.,0.866025403784439,1.,0.866025403784439,1.,0.866025403784439,
1.,0.866025403784439,1.,0.866025403784439,1.,0.866025403784439,1.,0.866025403784439,
1.,0.866025403784439,1.,0.866025403784439,1.,0.866025403784439,1.,0.866025403784439,
1.,0.866025403784439,1.,0.866025403784439,1.,0.866025403784439,1.,0.866025403784439,
1.,0.866025403784439,1.,0.866025403784439,1.,0.866025403784439,1.,0.866025403784439,
1.,0.866025403784439,1.,0.866025403784439,1.,0.866025403784439,1.,0.866025403784439,
1.,0.866025403784439,1.,0.866025403784439,1.,0.866025403784439,1.,0.866025403784439,
1.,0.866025403784439,1.,0.866025403784439,1.,0.866025403784439,1.,0.866025403784439,
1.,0.866025403784439,1.,0.866025403784439,1.,0.866025403784439,1.,0.866025403784439,
1.,0.866025403784439,1.,0.866025403784439,1.,0.866025403784439,1.,0.866025403784439,
1.,0.866025403784439,1.,0.866025403784439,1.,0.866025403784439,1.,0.866025403784439,
1.,0.866025403784439,1.,0.866025403784439,1.,0.866025403784439,1.,0.866025403784439,
1.,0.866025403784439,1.,0.866025403784439,1.,0.866025403784439,1.)))
REPRESENTATION_ITEM('')
SURFACE()
);
#25=PLANE('',#2655);
#26=PLANE('',#2669);
#27=PLANE('',#2671);
#28=PLANE('',#2673);
#29=PLANE('',#2675);
#30=PLANE('',#2677);
#31=PLANE('',#2679);
#32=PLANE('',#2681);
#33=PLANE('',#2683);
#34=PLANE('',#2684);
#35=PLANE('',#2686);
#36=PLANE('',#2688);
#37=PLANE('',#2690);
#38=PLANE('',#2691);
#39=PLANE('',#2693);
#40=PLANE('',#2695);
#41=PLANE('',#2697);
#42=PLANE('',#2698);
#43=PLANE('',#2699);
#44=ELLIPSE('',#2619,0.107823630596342,0.107463474484132);
#45=ELLIPSE('',#2623,0.107823630592859,0.107463474482138);
#46=ELLIPSE('',#2627,0.107823630593785,0.107463474482613);
#47=ELLIPSE('',#2631,0.107823630590345,0.107463474480684);
#48=ELLIPSE('',#2635,0.10782363059537,0.107463474483573);
#49=ELLIPSE('',#2639,0.107823630592991,0.107463474482201);
#50=ELLIPSE('',#2643,0.10782363059365,0.107463474482525);
#51=ELLIPSE('',#2647,0.107823630594481,0.107463474483094);
#52=FACE_BOUND('',#397,.T.);
#53=FACE_BOUND('',#398,.T.);
#54=FACE_BOUND('',#401,.T.);
#55=FACE_BOUND('',#436,.T.);
#56=SPHERICAL_SURFACE('',#2610,4.);
#57=SPHERICAL_SURFACE('',#2616,18.8999539243063);
#58=TOROIDAL_SURFACE('',#2606,3.28855975170348,0.619999999999999);
#59=TOROIDAL_SURFACE('',#2613,3.28855975170348,0.619999999999997);
#60=B_SPLINE_CURVE_WITH_KNOTS('',3,(#4511,#4512,#4513,#4514,#4515,#4516,
#4517,#4518,#4519,#4520,#4521,#4522,#4523,#4524),.UNSPECIFIED.,.F.,.F.,
(4,2,2,2,2,2,4),(9.99992000906558E-7,0.0352275213837792,0.0637936521134639,
0.115127849326344,0.189155636966168,0.292201822298243,0.385212330719435),
 .UNSPECIFIED.);
#61=B_SPLINE_CURVE_WITH_KNOTS('',3,(#4527,#4528,#4529,#4530,#4531,#4532,
#4533,#4534,#4535,#4536,#4537,#4538,#4539,#4540,#4541,#4542,#4543,#4544,
#4545,#4546,#4547,#4548,#4549,#4550,#4551,#4552,#4553,#4554,#4555,#4556,
#4557,#4558),.UNSPECIFIED.,.F.,.F.,(4,2,2,2,2,2,2,2,2,2,2,2,2,2,2,4),(9.99999996421194E-7,
0.0435545701233728,0.0879613319000315,0.16864261566699,0.286958604754331,
0.397292032601193,0.45964293820808,0.587383845794177,0.706107483719673,
0.87100310880989,1.10502777249177,1.3494420458314,1.47142561547371,1.71365944498305,
1.97150172151795,2.07947262058689),.UNSPECIFIED.);
#62=B_SPLINE_CURVE_WITH_KNOTS('',3,(#4564,#4565,#4566,#4567,#4568,#4569,
#4570,#4571,#4572,#4573,#4574,#4575,#4576,#4577,#4578,#4579,#4580,#4581),
 .UNSPECIFIED.,.F.,.F.,(4,2,2,2,2,2,2,2,4),(-0.518996851408844,-0.498419742511398,
-0.418673803040069,-0.341024019344339,-0.263685868353662,-0.183933206338066,
-0.107184207972144,-0.0546346530181158,-1.00000008773637E-6),
 .UNSPECIFIED.);
#63=B_SPLINE_CURVE_WITH_KNOTS('',3,(#4584,#4585,#4586,#4587,#4588,#4589,
#4590,#4591,#4592,#4593,#4594,#4595,#4596,#4597),.UNSPECIFIED.,.F.,.F.,
(4,2,2,2,2,2,4),(-23.0640916256192,-23.012173822382,-22.9605442631259,-22.8832876707411,
-22.8057324896096,-22.7260793015144,-22.7054164552213),.UNSPECIFIED.);
#64=B_SPLINE_CURVE_WITH_KNOTS('',3,(#4602,#4603,#4604,#4605,#4606,#4607,
#4608,#4609,#4610,#4611,#4612,#4613,#4614,#4615,#4616,#4617,#4618,#4619,
#4620,#4621,#4622,#4623,#4624,#4625,#4626,#4627,#4628,#4629,#4630,#4631,
#4632,#4633,#4634,#4635,#4636,#4637),.UNSPECIFIED.,.F.,.F.,(4,2,2,2,2,2,
2,2,2,2,2,2,2,2,2,2,2,4),(-1.7829459316994,-1.75105422365799,-1.67079238109527,
-1.59358540765635,-1.51514337593587,-1.43589907386879,-1.35956433308011,
-1.27980699535712,-1.20141457655193,-1.12501295558958,-1.04443781631947,
-0.966946547855488,-0.88899983388088,-0.809435914467116,-0.732855063074117,
-0.653130595266292,-0.57461234418586,-0.518996851408844),.UNSPECIFIED.);
#65=B_SPLINE_CURVE_WITH_KNOTS('',3,(#4638,#4639,#4640,#4641,#4642,#4643,
#4644,#4645,#4646,#4647,#4648,#4649,#4650,#4651,#4652,#4653,#4654,#4655,
#4656,#4657,#4658,#4659,#4660,#4661,#4662,#4663,#4664,#4665,#4666,#4667,
#4668,#4669,#4670,#4671,#4672,#4673),.UNSPECIFIED.,.F.,.F.,(4,2,2,2,2,2,
2,2,2,2,2,2,2,2,2,2,2,4),(-22.7054164552213,-22.6499734239366,-22.5715506347486,
-22.491919151106,-22.4154310822881,-22.3359638039911,-22.2580960944784,
-22.180698439542,-22.1002210193564,-22.0239036559561,-21.9456059656365,
-21.8659400334169,-21.7896965486353,-21.7105477962852,-21.6321820596375,
-21.5550675513933,-21.4749021923328,-21.4429219127028),.UNSPECIFIED.);
#66=B_SPLINE_CURVE_WITH_KNOTS('',3,(#4678,#4679,#4680,#4681,#4682,#4683,
#4684,#4685,#4686,#4687,#4688,#4689,#4690,#4691,#4692,#4693,#4694,#4695,
#4696,#4697,#4698,#4699,#4700,#4701,#4702,#4703,#4704,#4705,#4706,#4707,
#4708,#4709,#4710,#4711,#4712,#4713),.UNSPECIFIED.,.F.,.F.,(4,2,2,2,2,2,
2,2,2,2,2,2,2,2,2,2,2,4),(-3.04583666491858,-3.00215712849136,-2.92237988304163,
-2.84560960653396,-2.76577372306566,-2.68704954531476,-2.61096071152935,
-2.53126641170316,-2.4534049795913,-2.37656521702254,-2.29657149531595,
-2.21960673308709,-2.14052425045937,-2.06156202222602,-1.98541648782982,
-1.90571265009009,-1.82760823768959,-1.7829459316994),.UNSPECIFIED.);
#67=B_SPLINE_CURVE_WITH_KNOTS('',3,(#4714,#4715,#4716,#4717,#4718,#4719,
#4720,#4721,#4722,#4723,#4724,#4725,#4726,#4727,#4728,#4729,#4730,#4731,
#4732,#4733,#4734,#4735,#4736,#4737,#4738,#4739,#4740,#4741,#4742,#4743,
#4744,#4745,#4746,#4747,#4748,#4749),.UNSPECIFIED.,.F.,.F.,(4,2,2,2,2,2,
2,2,2,2,2,2,2,2,2,2,2,4),(-21.4429219127028,-21.3984297087858,-21.3204188221988,
-21.2408053678702,-21.1647481209992,-21.0858802729688,-21.0068720558496,
-20.929998543972,-20.8500999870045,-20.7733394406984,-20.6955702462407,
-20.6159654357633,-20.5399620764614,-20.4613310105812,-20.3815683096686,
-20.3048880031434,-20.2252045285692,-20.1814550012484),.UNSPECIFIED.);
#68=B_SPLINE_CURVE_WITH_KNOTS('',3,(#4754,#4755,#4756,#4757,#4758,#4759,
#4760,#4761,#4762,#4763,#4764,#4765,#4766,#4767,#4768,#4769,#4770,#4771,
#4772,#4773,#4774,#4775,#4776,#4777,#4778,#4779,#4780,#4781,#4782,#4783,
#4784,#4785,#4786,#4787,#4788,#4789),.UNSPECIFIED.,.F.,.F.,(4,2,2,2,2,2,
2,2,2,2,2,2,2,2,2,2,2,4),(-4.30938691528831,-4.25335982421473,-4.17410360923547,
-4.0977628636595,-4.01803826684352,-3.93963208021364,-3.8632909863737,-3.78269837986022,
-3.7051937746664,-3.62737404359683,-3.54779160358743,-3.47119515663903,
-3.39148822199647,-3.31295096981918,-3.23679386307515,-3.15706844584197,
-3.07939851365885,-3.04583666491858),.UNSPECIFIED.);
#69=B_SPLINE_CURVE_WITH_KNOTS('',3,(#4790,#4791,#4792,#4793,#4794,#4795,
#4796,#4797,#4798,#4799,#4800,#4801,#4802,#4803,#4804,#4805,#4806,#4807,
#4808,#4809,#4810,#4811,#4812,#4813,#4814,#4815,#4816,#4817,#4818,#4819,
#4820,#4821,#4822,#4823,#4824,#4825),.UNSPECIFIED.,.F.,.F.,(4,2,2,2,2,2,
2,2,2,2,2,2,2,2,2,2,2,4),(-20.1814550012484,-20.1480406759496,-20.0704616217462,
-19.990824904507,-19.9147509060962,-19.8363054114532,-19.7566875122689,
-19.6801802370244,-19.6006907054547,-19.5229458216959,-19.4455311826392,
-19.3650325310061,-19.2887719980445,-19.2104568573452,-19.1308196183955,
-19.0545668613585,-18.9754024512616,-18.9193012430946),.UNSPECIFIED.);
#70=B_SPLINE_CURVE_WITH_KNOTS('',3,(#4830,#4831,#4832,#4833,#4834,#4835,
#4836,#4837,#4838,#4839,#4840,#4841,#4842,#4843,#4844,#4845,#4846,#4847,
#4848,#4849,#4850,#4851,#4852,#4853,#4854,#4855,#4856,#4857,#4858,#4859,
#4860,#4861,#4862,#4863,#4864,#4865),.UNSPECIFIED.,.F.,.F.,(4,2,2,2,2,2,
2,2,2,2,2,2,2,2,2,2,2,4),(-5.57161907118651,-5.50330105478994,-5.42458183491917,
-5.34853878356957,-5.26889476880353,-5.19103683880059,-5.11431061785163,
-5.03431673508433,-4.95735479657425,-4.87845781584754,-4.79949140495214,
-4.72336558210457,-4.64370362204293,-4.56559342472324,-4.48912747624532,
-4.40885617880117,-4.33164340652857,-4.30938691528831),.UNSPECIFIED.);
#71=B_SPLINE_CURVE_WITH_KNOTS('',3,(#4866,#4867,#4868,#4869,#4870,#4871,
#4872,#4873,#4874,#4875,#4876,#4877,#4878,#4879,#4880,#4881,#4882,#4883,
#4884,#4885,#4886,#4887,#4888,#4889,#4890,#4891,#4892,#4893,#4894,#4895,
#4896,#4897,#4898,#4899,#4900,#4901),.UNSPECIFIED.,.F.,.F.,(4,2,2,2,2,2,
2,2,2,2,2,2,2,2,2,2,2,4),(-18.9193012430946,-18.8971906927443,-18.8200667185314,
-18.7398881232016,-18.6634997868797,-18.5854794151772,-18.505903709624,
-18.4298627665591,-18.3509869760995,-18.2721594270119,-18.1952850452516,
-18.1153825194502,-18.0387313170888,-17.9609618970805,-17.8814031674231,
-17.8054419682142,-17.7268120766598,-17.6584323812049),.UNSPECIFIED.);
#72=B_SPLINE_CURVE_WITH_KNOTS('',3,(#4906,#4907,#4908,#4909,#4910,#4911,
#4912,#4913,#4914,#4915,#4916,#4917,#4918,#4919,#4920,#4921,#4922,#4923,
#4924,#4925,#4926,#4927,#4928,#4929,#4930,#4931,#4932,#4933,#4934,#4935,
#4936,#4937,#4938,#4939,#4940,#4941),.UNSPECIFIED.,.F.,.F.,(4,2,2,2,2,2,
2,2,2,2,2,2,2,2,2,2,2,4),(-6.83424922226769,-6.75458011270809,-6.67619973460387,
-6.59995746790029,-6.52022826788448,-6.44271852103143,-6.36514060614929,
-6.28554448850093,-6.20893904558041,-6.12849572884712,-6.0499739823542,
-5.97388619363332,-5.89421891585512,-5.81656304740779,-5.73945627896797,
-5.65968946826821,-5.5829317981365,-5.57161907118651),.UNSPECIFIED.);
#73=B_SPLINE_CURVE_WITH_KNOTS('',3,(#4942,#4943,#4944,#4945,#4946,#4947,
#4948,#4949,#4950,#4951,#4952,#4953,#4954,#4955,#4956,#4957,#4958,#4959,
#4960,#4961,#4962,#4963,#4964,#4965,#4966,#4967,#4968,#4969,#4970,#4971,
#4972,#4973,#4974,#4975,#4976,#4977,#4978,#4979),.UNSPECIFIED.,.F.,.F.,
(4,2,2,2,2,2,2,2,2,2,2,2,2,2,2,2,2,2,4),(-17.6584323812049,-17.647249317213,
-17.5705778853507,-17.490900997049,-17.413867260811,-17.3362984995047,-17.2567156483604,
-17.1807070880166,-17.1022732751282,-17.0218975816827,-16.9453770035687,
-16.8658693151488,-16.7883633200246,-16.710939229912,-16.6312936870254,
-16.5551286489061,-16.4768347492899,-16.3972684777104,-16.3971861138458),
 .UNSPECIFIED.);
#74=B_SPLINE_CURVE_WITH_KNOTS('',3,(#4984,#4985,#4986,#4987,#4988,#4989,
#4990,#4991,#4992,#4993,#4994,#4995,#4996,#4997,#4998,#4999,#5000,#5001,
#5002,#5003,#5004,#5005,#5006,#5007,#5008,#5009,#5010,#5011,#5012,#5013,
#5014,#5015,#5016,#5017,#5018,#5019,#5020,#5021),.UNSPECIFIED.,.F.,.F.,
(4,2,2,2,2,2,2,2,2,2,2,2,2,2,2,2,2,2,4),(-8.09844532063111,-8.0868903411215,
-8.00713941760014,-7.92912823490558,-7.85236448286341,-7.77220921938649,
-7.69509524985824,-7.61623249439132,-7.53710282632715,-7.4608407919554,
-7.38106284012299,-7.30278934279252,-7.22625869607862,-7.14581591084227,
-7.06844172541484,-6.99016369870657,-6.91073573646402,-6.83427920481723,
-6.83424922226769),.UNSPECIFIED.);
#75=B_SPLINE_CURVE_WITH_KNOTS('',3,(#5022,#5023,#5024,#5025,#5026,#5027,
#5028,#5029,#5030,#5031,#5032,#5033,#5034,#5035,#5036,#5037,#5038,#5039,
#5040,#5041,#5042,#5043,#5044,#5045,#5046,#5047,#5048,#5049,#5050,#5051,
#5052,#5053,#5054,#5055,#5056,#5057),.UNSPECIFIED.,.F.,.F.,(4,2,2,2,2,2,
2,2,2,2,2,2,2,2,2,2,2,4),(-16.3971861138458,-16.3210409525598,-16.2419002167039,
-16.1638886573618,-16.0867937148698,-16.0066416029346,-15.9303782020116,
-15.8523871983102,-15.7728923168865,-15.6969034872448,-15.6180592234938,
-15.5394621157183,-15.4626256100556,-15.3827590797662,-15.3062607240526,
-15.2285301866806,-15.1490613602366,-15.1374294614402),.UNSPECIFIED.);
#76=B_SPLINE_CURVE_WITH_KNOTS('',3,(#5062,#5063,#5064,#5065,#5066,#5067,
#5068,#5069,#5070,#5071,#5072,#5073,#5074,#5075,#5076,#5077,#5078,#5079,
#5080,#5081,#5082,#5083,#5084,#5085,#5086,#5087,#5088,#5089,#5090,#5091,
#5092,#5093,#5094,#5095,#5096,#5097),.UNSPECIFIED.,.F.,.F.,(4,2,2,2,2,2,
2,2,2,2,2,2,2,2,2,2,2,4),(-9.36241516865864,-9.33970679789975,-9.25988691847974,
-9.18224756595169,-9.10467039832842,-9.02493679144382,-8.94820136431037,
-8.867825067648,-8.78916119218262,-8.71299074199326,-8.63322492858224,-8.55542713490184,
-8.47830563313063,-8.39838884245269,-8.32148966040465,-8.2419142709714,
-8.16304164862589,-8.09844532063111),.UNSPECIFIED.);
#77=B_SPLINE_CURVE_WITH_KNOTS('',3,(#5098,#5099,#5100,#5101,#5102,#5103,
#5104,#5105,#5106,#5107,#5108,#5109,#5110,#5111,#5112,#5113,#5114,#5115,
#5116,#5117,#5118,#5119,#5120,#5121,#5122,#5123,#5124,#5125,#5126,#5127,
#5128,#5129,#5130,#5131,#5132,#5133),.UNSPECIFIED.,.F.,.F.,(4,2,2,2,2,2,
2,2,2,2,2,2,2,2,2,2,2,4),(-15.1374294614402,-15.0731801840573,-14.9945911553706,
-14.9152817295845,-14.8386582778845,-14.7590283224845,-14.6821711879517,
-14.6046522337457,-14.525167757139,-14.4492650079198,-14.3708829426529,
-14.290774127204,-14.2143127713411,-14.1348641822148,-14.0575513787227,
-13.9801891476543,-13.9006500293599,-13.8779180132923),.UNSPECIFIED.);
#78=B_SPLINE_CURVE_WITH_KNOTS('',3,(#5138,#5139,#5140,#5141,#5142,#5143,
#5144,#5145,#5146,#5147,#5148,#5149,#5150,#5151,#5152,#5153,#5154,#5155,
#5156,#5157,#5158,#5159,#5160,#5161,#5162,#5163,#5164,#5165,#5166,#5167,
#5168,#5169,#5170,#5171,#5172,#5173),.UNSPECIFIED.,.F.,.F.,(4,2,2,2,2,2,
2,2,2,2,2,2,2,2,2,2,2,4),(-10.6278147543725,-10.5935067072375,-10.5132309288957,
-10.4360041046689,-10.357200040089,-10.2779480029942,-10.2015841066043,
-10.1217280669557,-10.0433317656994,-9.96676599889848,-9.88619362105657,
-9.80869813246141,-9.73045071556541,-9.6508928004754,-9.57431331541864,
-9.49452097302691,-9.41601086068746,-9.36241516865864),.UNSPECIFIED.);
#79=B_SPLINE_CURVE_WITH_KNOTS('',3,(#5174,#5175,#5176,#5177,#5178,#5179,
#5180,#5181,#5182,#5183,#5184,#5185,#5186,#5187,#5188,#5189,#5190,#5191,
#5192,#5193,#5194,#5195,#5196,#5197,#5198,#5199,#5200,#5201,#5202,#5203,
#5204,#5205,#5206,#5207,#5208,#5209),.UNSPECIFIED.,.F.,.F.,(4,2,2,2,2,2,
2,2,2,2,2,2,2,2,2,2,2,4),(-13.8779180132923,-13.8246120659267,-13.7463820553925,
-13.6668706422712,-13.5905640301888,-13.5112898194046,-13.4333061376618,
-13.3560864912729,-13.2786030645534,-13.201268462768,-13.1216920780135,
-13.0451095736072,-12.9650293257274,-12.8865163431968,-12.8105271562322,
-12.7309451554517,-12.6532956728128,-12.6168601162442),.UNSPECIFIED.);
#80=B_SPLINE_CURVE_WITH_KNOTS('',3,(#5214,#5215,#5216,#5217,#5218,#5219,
#5220,#5221,#5222,#5223,#5224,#5225,#5226,#5227,#5228,#5229,#5230,#5231,
#5232,#5233,#5234,#5235,#5236,#5237,#5238,#5239,#5240,#5241,#5242,#5243,
#5244,#5245,#5246,#5247,#5248,#5249),.UNSPECIFIED.,.F.,.F.,(4,2,2,2,2,2,
2,2,2,2,2,2,2,2,2,2,2,4),(-11.8927086828472,-11.8467316293656,-11.7668992323157,
-11.6900710036705,-11.6097881024839,-11.5310208692424,-11.4547992831619,
-11.3749719527077,-11.2970706448174,-11.2199626143176,-11.1399356205554,
-11.06293310617,-10.9834380487182,-10.9044518842841,-10.8282248734573,-10.7484044904769,
-10.6702795318825,-10.6278147543725),.UNSPECIFIED.);
#81=B_SPLINE_CURVE_WITH_KNOTS('',3,(#5250,#5251,#5252,#5253,#5254,#5255,
#5256,#5257,#5258,#5259,#5260,#5261,#5262,#5263,#5264,#5265,#5266,#5267,
#5268,#5269,#5270,#5271,#5272,#5273,#5274,#5275,#5276,#5277,#5278,#5279,
#5280,#5281,#5282,#5283,#5284,#5285),.UNSPECIFIED.,.F.,.F.,(4,2,2,2,2,2,
2,2,2,2,2,2,2,2,2,2,2,4),(-12.6168601162442,-12.5764041511234,-12.4966369471594,
-12.4198836271917,-12.3405928658521,-12.2618644426064,-12.1858768815912,
-12.1063040757761,-12.0284344711976,-11.9518837049305,-11.8718713304464,
-11.7948970232679,-11.7163015834329,-11.6373105260229,-11.5611939005453,
-11.4815880056864,-11.4034503717729,-11.3557402584461),.UNSPECIFIED.);
#82=B_SPLINE_CURVE_WITH_KNOTS('',3,(#5290,#5291,#5292,#5293,#5294,#5295,
#5296,#5297,#5298,#5299,#5300,#5301,#5302,#5303,#5304,#5305,#5306,#5307,
#5308,#5309,#5310,#5311,#5312,#5313,#5314,#5315,#5316,#5317,#5318,#5319,
#5320,#5321,#5322,#5323,#5324,#5325),.UNSPECIFIED.,.F.,.F.,(4,2,2,2,2,2,
2,2,2,2,2,2,2,2,2,2,2,4),(-13.1568536445656,-13.0989464070375,-13.020369544186,
-12.9399130243974,-12.8632555841764,-12.7836049523502,-12.7060013673292,
-12.6284394093922,-12.5486651060818,-12.472384970462,-12.3939520650685,
-12.3142073833179,-12.2377003552216,-12.1582194901348,-12.0818848443247,
-12.0020108929389,-11.9242793144237,-11.8927086828472),.UNSPECIFIED.);
#83=B_SPLINE_CURVE_WITH_KNOTS('',3,(#5326,#5327,#5328,#5329,#5330,#5331,
#5332,#5333,#5334,#5335,#5336,#5337,#5338,#5339,#5340,#5341,#5342,#5343,
#5344,#5345,#5346,#5347,#5348,#5349,#5350,#5351,#5352,#5353,#5354,#5355,
#5356,#5357,#5358,#5359,#5360,#5361),.UNSPECIFIED.,.F.,.F.,(4,2,2,2,2,2,
2,2,2,2,2,2,2,2,2,2,2,4),(-11.3557402584461,-11.3271135195238,-11.2468079454963,
-11.1695681192431,-11.0915358108247,-11.0122418801856,-10.9359158872651,
-10.8563778137954,-10.7781286052587,-10.7020602191364,-10.6224939327337,
-10.5451129580215,-10.4677574457369,-10.388290413717,-10.311810872806,-10.2316455508507,
-10.1532464738013,-10.0948948433281),.UNSPECIFIED.);
#84=B_SPLINE_CURVE_WITH_KNOTS('',3,(#5366,#5367,#5368,#5369,#5370,#5371,
#5372,#5373,#5374,#5375,#5376,#5377,#5378,#5379,#5380,#5381,#5382,#5383,
#5384,#5385,#5386,#5387,#5388,#5389,#5390,#5391,#5392,#5393,#5394,#5395,
#5396,#5397,#5398,#5399,#5400,#5401),.UNSPECIFIED.,.F.,.F.,(4,2,2,2,2,2,
2,2,2,2,2,2,2,2,2,2,2,4),(-14.4196822930676,-14.3501656678358,-14.2711396356658,
-14.1922236000636,-14.1152050156771,-14.0351515774428,-13.958392395394,
-13.8804772828545,-13.800784901773,-13.7246947324852,-13.6459180084705,
-13.5662721221373,-13.4894600386903,-13.4096360945433,-13.3325007818545,
-13.2547901286361,-13.1750761739951,-13.1568536445656),.UNSPECIFIED.);
#85=B_SPLINE_CURVE_WITH_KNOTS('',3,(#5402,#5403,#5404,#5405,#5406,#5407,
#5408,#5409,#5410,#5411,#5412,#5413,#5414,#5415,#5416,#5417,#5418,#5419,
#5420,#5421,#5422,#5423,#5424,#5425,#5426,#5427,#5428,#5429,#5430,#5431,
#5432,#5433,#5434,#5435,#5436,#5437),.UNSPECIFIED.,.F.,.F.,(4,2,2,2,2,2,
2,2,2,2,2,2,2,2,2,2,2,4),(-10.0948948433281,-10.0773172812107,-9.99780711753358,
-9.92027159067773,-9.84337493501319,-9.76372872390195,-9.6870891083051,
-9.60772588143512,-9.52912178464799,-9.4532189307161,-9.37372597359082,
-9.29598081643933,-9.21944740517669,-9.13956657109678,-9.06271570570467,
-8.98406918321237,-8.90521150606066,-8.83522216957091),.UNSPECIFIED.);
#86=B_SPLINE_CURVE_WITH_KNOTS('',3,(#5442,#5443,#5444,#5445,#5446,#5447,
#5448,#5449,#5450,#5451,#5452,#5453,#5454,#5455,#5456,#5457,#5458,#5459,
#5460,#5461,#5462,#5463,#5464,#5465,#5466,#5467,#5468,#5469,#5470,#5471,
#5472,#5473,#5474,#5475,#5476,#5477,#5478,#5479),.UNSPECIFIED.,.F.,.F.,
(4,2,2,2,2,2,2,2,2,2,2,2,2,2,2,2,2,2,4),(-15.6839074763689,-15.6793639259608,
-15.6027072163692,-15.5230616625861,-15.4452108301411,-15.3676457459061,
-15.2869894722152,-15.2106041658589,-15.1321367311396,-15.0523598856221,
-14.9759606537808,-14.8966429681709,-14.8183347943411,-14.7410633599156,
-14.6607303307917,-14.5842260279158,-14.5060564921847,-14.4263443214142,
-14.4196822930676),.UNSPECIFIED.);
#87=B_SPLINE_CURVE_WITH_KNOTS('',3,(#5480,#5481,#5482,#5483,#5484,#5485,
#5486,#5487,#5488,#5489,#5490,#5491,#5492,#5493,#5494,#5495,#5496,#5497,
#5498,#5499,#5500,#5501,#5502,#5503,#5504,#5505,#5506,#5507,#5508,#5509,
#5510,#5511,#5512,#5513,#5514,#5515,#5516,#5517),.UNSPECIFIED.,.F.,.F.,
(4,2,2,2,2,2,2,2,2,2,2,2,2,2,2,2,2,2,4),(-8.83522216957091,-8.82920609244493,
-8.74968874685992,-8.6716848121874,-8.59539152459743,-8.51522679501377,
-8.43811906282244,-8.36006375915058,-8.28091099351075,-8.20467172708771,
-8.12508479691397,-8.0467793999096,-7.97058985730063,-7.89092434465509,
-7.81348915249256,-7.73594542143178,-7.65642723283934,-7.57989608591314,
-7.5740032351081),.UNSPECIFIED.);
#88=B_SPLINE_CURVE_WITH_KNOTS('',3,(#5522,#5523,#5524,#5525,#5526,#5527,
#5528,#5529,#5530,#5531,#5532,#5533,#5534,#5535,#5536,#5537,#5538,#5539,
#5540,#5541,#5542,#5543,#5544,#5545,#5546,#5547,#5548,#5549,#5550,#5551,
#5552,#5553,#5554,#5555,#5556,#5557),.UNSPECIFIED.,.F.,.F.,(4,2,2,2,2,2,
2,2,2,2,2,2,2,2,2,2,2,4),(-16.9477207946896,-16.9318353688189,-16.8548069115652,
-16.7747463670949,-16.6978656741758,-16.6199399460139,-16.5401892651749,
-16.4640464294125,-16.3852575272017,-16.305396633571,-16.2285648249492,
-16.1487231045076,-16.0714446278423,-15.9937127184403,-15.9139324783774,
-15.8377260206015,-15.759126358349,-15.6839074763689),.UNSPECIFIED.);
#89=B_SPLINE_CURVE_WITH_KNOTS('',3,(#5558,#5559,#5560,#5561,#5562,#5563,
#5564,#5565,#5566,#5567,#5568,#5569,#5570,#5571,#5572,#5573,#5574,#5575,
#5576,#5577,#5578,#5579,#5580,#5581,#5582,#5583,#5584,#5585,#5586,#5587,
#5588,#5589,#5590,#5591,#5592,#5593),.UNSPECIFIED.,.F.,.F.,(4,2,2,2,2,2,
2,2,2,2,2,2,2,2,2,2,2,4),(-7.5740032351081,-7.5003080162578,-7.42183350470434,
-7.3458133487703,-7.26621177983619,-7.18860209419927,-7.11159078271261,
-7.03186976122362,-6.95515724147062,-6.8756526381395,-6.79697646270869,
-6.72099105555357,-6.6414094549601,-6.56359350589507,-6.48695346850752,
-6.40700117573692,-6.33008050687905,-6.31290653178859),.UNSPECIFIED.);
#90=B_SPLINE_CURVE_WITH_KNOTS('',3,(#5598,#5599,#5600,#5601,#5602,#5603,
#5604,#5605,#5606,#5607,#5608,#5609,#5610,#5611,#5612,#5613,#5614,#5615,
#5616,#5617,#5618,#5619,#5620,#5621,#5622,#5623,#5624,#5625,#5626,#5627,
#5628,#5629,#5630,#5631,#5632,#5633),.UNSPECIFIED.,.F.,.F.,(4,2,2,2,2,2,
2,2,2,2,2,2,2,2,2,2,2,4),(-18.212283713723,-18.1854389716113,-18.1078802584633,
-18.0272342624727,-17.9507814031462,-17.8723207033447,-17.7925033998572,
-17.71610394862,-17.6367910241084,-17.5583159229792,-17.4810432861577,-17.4007124920099,
-17.3241126830344,-17.2459418680858,-17.1661799482029,-17.0899751013971,
-17.0109460738824,-16.9477207946896),.UNSPECIFIED.);
#91=B_SPLINE_CURVE_WITH_KNOTS('',3,(#5634,#5635,#5636,#5637,#5638,#5639,
#5640,#5641,#5642,#5643,#5644,#5645,#5646,#5647,#5648,#5649,#5650,#5651,
#5652,#5653,#5654,#5655,#5656,#5657,#5658,#5659,#5660,#5661,#5662,#5663,
#5664,#5665,#5666,#5667,#5668,#5669),.UNSPECIFIED.,.F.,.F.,(4,2,2,2,2,2,
2,2,2,2,2,2,2,2,2,2,2,4),(-6.31290653178859,-6.25130065258961,-6.17237371347531,
-6.0962947162786,-6.01669165687452,-5.93861980228845,-5.8622291433866,-5.78199580761814,
-5.70482093056093,-5.6266425961553,-5.54742287606919,-5.4711185300714,-5.39144903484648,
-5.31307810995316,-5.23680080845889,-5.15624308221618,-5.0787734593889,
-5.05072375509075),.UNSPECIFIED.);
#92=B_SPLINE_CURVE_WITH_KNOTS('',3,(#5674,#5675,#5676,#5677,#5678,#5679,
#5680,#5681,#5682,#5683,#5684,#5685,#5686,#5687,#5688,#5689,#5690,#5691,
#5692,#5693,#5694,#5695,#5696,#5697,#5698,#5699,#5700,#5701,#5702,#5703,
#5704,#5705,#5706,#5707,#5708,#5709),.UNSPECIFIED.,.F.,.F.,(4,2,2,2,2,2,
2,2,2,2,2,2,2,2,2,2,2,4),(-19.4767046852443,-19.438518781028,-19.3606165017212,
-19.2808450557531,-19.2046819580696,-19.1259154237985,-19.0458833001858,
-18.969065698213,-18.8892412465232,-18.8118583357822,-18.7341394363942,
-18.6543309237334,-18.5780820837748,-18.4994943456101,-18.4197068473347,
-18.3430588361772,-18.263424672686,-18.212283713723),.UNSPECIFIED.);
#93=B_SPLINE_CURVE_WITH_KNOTS('',3,(#5710,#5711,#5712,#5713,#5714,#5715,
#5716,#5717,#5718,#5719,#5720,#5721,#5722,#5723,#5724,#5725,#5726,#5727,
#5728,#5729,#5730,#5731,#5732,#5733,#5734,#5735,#5736,#5737,#5738,#5739,
#5740,#5741,#5742,#5743,#5744,#5745),.UNSPECIFIED.,.F.,.F.,(4,2,2,2,2,2,
2,2,2,2,2,2,2,2,2,2,2,4),(-5.05072375509075,-5.00104554858027,-4.92149709090024,
-4.84493427965661,-4.7652761775226,-4.68677223028899,-4.61066872386715,
-4.53099347413062,-4.4533559878664,-4.37619381083971,-4.29644833068958,
-4.21970960674949,-4.13998112553036,-4.06128619522546,-3.98524189792242,
-3.90559471901698,-3.82776167475541,-3.78836301424814),.UNSPECIFIED.);
#94=B_SPLINE_CURVE_WITH_KNOTS('',3,(#5750,#5751,#5752,#5753,#5754,#5755,
#5756,#5757,#5758,#5759,#5760,#5761,#5762,#5763,#5764,#5765,#5766,#5767,
#5768,#5769,#5770,#5771,#5772,#5773,#5774,#5775,#5776,#5777,#5778,#5779,
#5780,#5781,#5782,#5783,#5784,#5785),.UNSPECIFIED.,.F.,.F.,(4,2,2,2,2,2,
2,2,2,2,2,2,2,2,2,2,2,4),(-20.741113363427,-20.6915804622548,-20.6131604679043,
-20.5333391537356,-20.456969578616,-20.3776959184633,-20.2990919432079,
-20.2218517848212,-20.1415580225767,-20.0648970150954,-19.9867589047975,
-19.9069842471899,-19.8307841283922,-19.7517866015466,-19.6725220740646,
-19.5955175070855,-19.5154847234108,-19.4767046852443),.UNSPECIFIED.);
#95=B_SPLINE_CURVE_WITH_KNOTS('',3,(#5786,#5787,#5788,#5789,#5790,#5791,
#5792,#5793,#5794,#5795,#5796,#5797,#5798,#5799,#5800,#5801,#5802,#5803,
#5804,#5805,#5806,#5807,#5808,#5809,#5810,#5811,#5812,#5813,#5814,#5815,
#5816,#5817,#5818,#5819,#5820,#5821),.UNSPECIFIED.,.F.,.F.,(4,2,2,2,2,2,
2,2,2,2,2,2,2,2,2,2,2,4),(-3.78836301424814,-3.75099294701438,-3.6710269262688,
-3.59408996261617,-3.51510720548518,-3.43617072665381,-3.36005966375695,
-3.28039970445921,-3.20232012986027,-3.12582725542858,-3.0455895699491,
-2.96840710674157,-2.89005423071448,-2.81083274629564,-2.73452252384378,
-2.65480555732851,-2.57643494986494,-2.52570224259872),.UNSPECIFIED.);
#96=B_SPLINE_CURVE_WITH_KNOTS('',3,(#5826,#5827,#5828,#5829,#5830,#5831,
#5832,#5833,#5834,#5835,#5836,#5837,#5838,#5839,#5840,#5841,#5842,#5843,
#5844,#5845,#5846,#5847,#5848,#5849,#5850,#5851,#5852,#5853,#5854,#5855,
#5856,#5857,#5858,#5859,#5860,#5861),.UNSPECIFIED.,.F.,.F.,(4,2,2,2,2,2,
2,2,2,2,2,2,2,2,2,2,2,4),(-22.0055372887208,-21.937211620768,-21.8666779441876,
-21.7865117643842,-21.7097419329949,-21.6299695097704,-21.5525166706342,
-21.4748446410083,-21.3950439403159,-21.3187850421005,-21.2402434920174,
-21.1604667501238,-21.0838607839714,-21.0042725275033,-20.9261877224914,
-20.848669021556,-20.768068091689,-20.741113363427),.UNSPECIFIED.);
#97=B_SPLINE_CURVE_WITH_KNOTS('',3,(#5862,#5863,#5864,#5865,#5866,#5867,
#5868,#5869,#5870,#5871,#5872,#5873,#5874,#5875,#5876,#5877,#5878,#5879,
#5880,#5881,#5882,#5883,#5884,#5885,#5886,#5887,#5888,#5889,#5890,#5891,
#5892,#5893,#5894,#5895,#5896,#5897),.UNSPECIFIED.,.F.,.F.,(4,2,2,2,2,2,
2,2,2,2,2,2,2,2,2,2,2,4),(-2.52570224259872,-2.50008374666958,-2.41952973595572,
-2.34206012828789,-2.26419025728223,-2.18464668019262,-2.10808627177556,
-2.02839624898481,-1.94989776355003,-1.87374566913926,-1.79403523642608,
-1.71640437773608,-1.63913098865729,-1.55939623483283,-1.48266539343484,
-1.40275823098689,-1.32407920135134,-1.26258754205882),.UNSPECIFIED.);
#98=B_SPLINE_CURVE_WITH_KNOTS('',3,(#5902,#5903,#5904,#5905,#5906,#5907,
#5908,#5909,#5910,#5911,#5912,#5913,#5914,#5915,#5916,#5917,#5918,#5919,
#5920,#5921,#5922,#5923,#5924,#5925,#5926,#5927,#5928,#5929,#5930,#5931,
#5932,#5933,#5934,#5935,#5936,#5937),.UNSPECIFIED.,.F.,.F.,(4,2,2,2,2,2,
2,2,2,2,2,2,2,2,2,2,2,4),(-1.26153696418166,-1.24133516855095,-1.16168443750051,
-1.08411363503945,-1.00689444099266,-0.927221556945985,-0.850550141352828,
-0.770696030427312,-0.692078307451985,-0.616065049115279,-0.536450281707051,
-0.458694999664176,-0.381889434827113,-0.302007158957688,-0.225147789969706,
-0.146057488988041,-0.0719527795629259,-9.99999999917733E-7),
 .UNSPECIFIED.);
#99=B_SPLINE_CURVE_WITH_KNOTS('',3,(#5938,#5939,#5940,#5941,#5942,#5943,
#5944,#5945,#5946,#5947,#5948,#5949,#5950,#5951,#5952,#5953,#5954,#5955,
#5956,#5957,#5958,#5959,#5960,#5961,#5962,#5963,#5964,#5965,#5966,#5967,
#5968,#5969,#5970,#5971,#5972,#5973),.UNSPECIFIED.,.F.,.F.,(4,2,2,2,2,2,
2,2,2,2,2,2,2,2,2,2,2,4),(-1.26258754205882,-1.24800870072524,-1.16833390403977,
-1.09051792540965,-1.01365760539544,-0.933712797521031,-0.856793395603323,
-0.77764982799754,-0.698738358455593,-0.622626264369208,-0.542946778314628,
-0.464893506075297,-0.388333299129773,-0.308126076399785,-0.23096974634588,
-0.15248142473157,-0.0751585605705472,0.),.UNSPECIFIED.);
#100=B_SPLINE_CURVE_WITH_KNOTS('',3,(#5978,#5979,#5980,#5981,#5982,#5983,
#5984,#5985,#5986,#5987,#5988,#5989,#5990,#5991,#5992,#5993,#5994,#5995,
#5996,#5997,#5998,#5999,#6000,#6001,#6002,#6003,#6004,#6005,#6006,#6007,
#6008,#6009,#6010,#6011,#6012,#6013),.UNSPECIFIED.,.F.,.F.,(4,2,2,2,2,2,
2,2,2,2,2,2,2,2,2,2,2,4),(-2.52392942669598,-2.49247891933473,-2.41230270532194,
-2.33517921658003,-2.25687837065134,-2.17771770348575,-2.10146578085715,
-2.02180788295419,-1.9434975333375,-1.86720149503213,-1.78670957874967,
-1.70929952348973,-1.63148280755632,-1.55200060796164,-1.47549916924791,
-1.39586891830744,-1.31743103987882,-1.26153696418166),.UNSPECIFIED.);
#101=B_SPLINE_CURVE_WITH_KNOTS('',3,(#6014,#6015,#6016,#6017,#6018,#6019,
#6020,#6021,#6022,#6023,#6024,#6025,#6026,#6027,#6028,#6029,#6030,#6031,
#6032,#6033,#6034,#6035,#6036,#6037,#6038,#6039,#6040,#6041,#6042,#6043,
#6044,#6045,#6046,#6047,#6048,#6049),.UNSPECIFIED.,.F.,.F.,(4,2,2,2,2,2,
2,2,2,2,2,2,2,2,2,2,2,4),(-21.5130028340626,-21.4630187394306,-21.411280995189,
-21.3306852588264,-21.2540809157377,-21.1756612666903,-21.0957725537429,
-21.019382819496,-20.9401068384007,-20.8612450797646,-20.7839937296496,
-20.7036930692404,-20.6268765767001,-20.5487267414817,-20.4688720612641,
-20.3926143409851,-20.313602740121,-20.2473616000096),.UNSPECIFIED.);
#102=B_SPLINE_CURVE_WITH_KNOTS('',3,(#6054,#6055,#6056,#6057,#6058,#6059,
#6060,#6061,#6062,#6063,#6064,#6065,#6066,#6067,#6068,#6069,#6070,#6071,
#6072,#6073,#6074,#6075,#6076,#6077,#6078,#6079,#6080,#6081,#6082,#6083,
#6084,#6085,#6086,#6087,#6088,#6089),.UNSPECIFIED.,.F.,.F.,(4,2,2,2,2,2,
2,2,2,2,2,2,2,2,2,2,2,4),(-3.7851698816333,-3.7419314734109,-3.6622461417234,
-3.58556517702993,-3.50588757149998,-3.4272522525751,-3.35126359020899,
-3.27167459483422,-3.1939005754288,-3.11718481534171,-3.03727961600367,
-2.96040102879002,-2.8814695027233,-2.80259325531663,-2.72653911593532,
-2.6469377486322,-2.56891782951925,-2.52392942669598),.UNSPECIFIED.);
#103=B_SPLINE_CURVE_WITH_KNOTS('',3,(#6090,#6091,#6092,#6093,#6094,#6095,
#6096,#6097,#6098,#6099,#6100,#6101,#6102,#6103,#6104,#6105,#6106,#6107,
#6108,#6109,#6110,#6111,#6112,#6113,#6114,#6115,#6116,#6117,#6118,#6119,
#6120,#6121,#6122,#6123,#6124,#6125),.UNSPECIFIED.,.F.,.F.,(4,2,2,2,2,2,
2,2,2,2,2,2,2,2,2,2,2,4),(-20.2473616000096,-20.2340453533358,-20.1570165991703,
-20.0769628741405,-19.9998065689643,-19.9218785309757,-19.8420153232977,
-19.7657582758046,-19.6869637659608,-19.606615403516,-19.5297590588621,
-19.4498979003006,-19.3722985469752,-19.2945382151564,-19.2146269428469,
-19.1382528048958,-19.0596213642789,-18.9816884344788),.UNSPECIFIED.);
#104=B_SPLINE_CURVE_WITH_KNOTS('',3,(#6130,#6131,#6132,#6133,#6134,#6135,
#6136,#6137,#6138,#6139,#6140,#6141,#6142,#6143,#6144,#6145,#6146,#6147,
#6148,#6149,#6150,#6151,#6152,#6153,#6154,#6155,#6156,#6157,#6158,#6159,
#6160,#6161,#6162,#6163,#6164,#6165),.UNSPECIFIED.,.F.,.F.,(4,2,2,2,2,2,
2,2,2,2,2,2,2,2,2,2,2,4),(-5.04697861710415,-4.99146835523817,-4.91230778389411,
-4.83606028801242,-4.75644801414478,-4.67813570868798,-4.60191186499013,
-4.52141456187747,-4.44400286840819,-4.36632613527953,-4.28683739848381,
-4.21033195205016,-4.13073183340979,-4.05228684927987,-3.97623790890471,
-3.8966204913394,-3.8190413776954,-3.7851698816333),.UNSPECIFIED.);
#105=B_SPLINE_CURVE_WITH_KNOTS('',3,(#6166,#6167,#6168,#6169,#6170,#6171,
#6172,#6173,#6174,#6175,#6176,#6177,#6178,#6179,#6180,#6181,#6182,#6183,
#6184,#6185,#6186,#6187,#6188,#6189,#6190,#6191,#6192,#6193,#6194,#6195,
#6196,#6197,#6198,#6199,#6200,#6201,#6202,#6203),.UNSPECIFIED.,.F.,.F.,
(4,2,2,2,2,2,2,2,2,2,2,2,2,2,2,2,2,2,4),(-18.9816884344788,-18.9797354689016,
-18.9030402880845,-18.8233604190716,-18.7451138597399,-18.6675035689295,
-18.5868090841201,-18.5101935848586,-18.431681027231,-18.3517432778534,
-18.2752776229486,-18.1959094985162,-18.1171287721999,-18.0397936861697,
-17.9594028146315,-17.8826009095251,-17.8043666598823,-17.7244714384594,
-17.7149424171734),.UNSPECIFIED.);
#106=B_SPLINE_CURVE_WITH_KNOTS('',3,(#6208,#6209,#6210,#6211,#6212,#6213,
#6214,#6215,#6216,#6217,#6218,#6219,#6220,#6221,#6222,#6223,#6224,#6225,
#6226,#6227,#6228,#6229,#6230,#6231,#6232,#6233,#6234,#6235,#6236,#6237,
#6238,#6239,#6240,#6241,#6242,#6243),.UNSPECIFIED.,.F.,.F.,(4,2,2,2,2,2,
2,2,2,2,2,2,2,2,2,2,2,4),(-6.30736812357675,-6.2395894401818,-6.16097117449666,
-6.08503974535304,-6.00551439139489,-5.92775579237878,-5.85116673814003,
-5.77127355967576,-5.69440960805936,-5.61567864271135,-5.53681025248651,
-5.46078664339809,-5.38124028223151,-5.30322642927786,-5.22688790190227,
-5.14671435102359,-5.0695968092745,-5.04697861710415),.UNSPECIFIED.);
#107=B_SPLINE_CURVE_WITH_KNOTS('',3,(#6244,#6245,#6246,#6247,#6248,#6249,
#6250,#6251,#6252,#6253,#6254,#6255,#6256,#6257,#6258,#6259,#6260,#6261,
#6262,#6263,#6264,#6265,#6266,#6267,#6268,#6269,#6270,#6271,#6272,#6273,
#6274,#6275,#6276,#6277,#6278,#6279),.UNSPECIFIED.,.F.,.F.,(4,2,2,2,2,2,
2,2,2,2,2,2,2,2,2,2,2,4),(-17.7149424171734,-17.6481631637368,-17.5690676987073,
-17.4896137882166,-17.4125103728719,-17.3323762523495,-17.2552573978686,
-17.1772547236345,-17.097358853189,-17.0210756129834,-16.9422069285842,
-16.8619764431777,-16.7850554755598,-16.7051248007907,-16.6275796221055,
-16.5497554376472,-16.4698188228484,-16.4489044847788),.UNSPECIFIED.);
#108=B_SPLINE_CURVE_WITH_KNOTS('',3,(#6284,#6285,#6286,#6287,#6288,#6289,
#6290,#6291,#6292,#6293,#6294,#6295,#6296,#6297,#6298,#6299,#6300,#6301,
#6302,#6303,#6304,#6305,#6306,#6307,#6308,#6309,#6310,#6311,#6312,#6313,
#6314,#6315,#6316,#6317,#6318,#6319,#6320,#6321),.UNSPECIFIED.,.F.,.F.,
(4,2,2,2,2,2,2,2,2,2,2,2,2,2,2,2,2,2,4),(-7.56803660652402,-7.56767935955778,
-7.48814763071914,-7.40989900479714,-7.33376096840449,-7.2541509084736,
-7.17677193128554,-7.09927705480255,-7.01981684524756,-6.94334137071082,
-6.8638093323557,-6.78539205448135,-6.70942466685913,-6.62987895357476,
-6.55232593656336,-6.47536475291013,-6.39570214464412,-6.319045698665,-6.30736812357675),
 .UNSPECIFIED.);
#109=B_SPLINE_CURVE_WITH_KNOTS('',3,(#6322,#6323,#6324,#6325,#6326,#6327,
#6328,#6329,#6330,#6331,#6332,#6333,#6334,#6335,#6336,#6337,#6338,#6339,
#6340,#6341,#6342,#6343,#6344,#6345,#6346,#6347,#6348,#6349,#6350,#6351,
#6352,#6353,#6354,#6355,#6356,#6357),.UNSPECIFIED.,.F.,.F.,(4,2,2,2,2,2,
2,2,2,2,2,2,2,2,2,2,2,4),(-16.4489044847788,-16.3934392337378,-16.3147444377644,
-16.2348303524791,-16.1580764578624,-16.0783333949317,-16.0001699603979,
-15.9225028726148,-15.8417459131669,-15.7651497675268,-15.686579552539,
-15.6066282764671,-15.5301177381566,-15.4506931636026,-15.3720246289062,
-15.294640365732,-15.2141951604591,-15.1818977015147),.UNSPECIFIED.);
#110=B_SPLINE_CURVE_WITH_KNOTS('',3,(#6362,#6363,#6364,#6365,#6366,#6367,
#6368,#6369,#6370,#6371,#6372,#6373,#6374,#6375,#6376,#6377,#6378,#6379,
#6380,#6381,#6382,#6383,#6384,#6385,#6386,#6387,#6388,#6389,#6390,#6391,
#6392,#6393,#6394,#6395,#6396,#6397),.UNSPECIFIED.,.F.,.F.,(4,2,2,2,2,2,
2,2,2,2,2,2,2,2,2,2,2,4),(-8.82728017678895,-8.81536514314145,-8.73592635173096,
-8.65823666481558,-8.58175209217328,-8.50192845202777,-8.42513244515965,
-8.34653238510329,-8.2677313679312,-8.1917795235477,-8.11231682489839,-8.03436903012648,
-7.95812583098422,-7.87801898347226,-7.80096674469729,-7.72295902057892,
-7.64386352735352,-7.56803660652402),.UNSPECIFIED.);
#111=B_SPLINE_CURVE_WITH_KNOTS('',3,(#6398,#6399,#6400,#6401,#6402,#6403,
#6404,#6405,#6406,#6407,#6408,#6409,#6410,#6411,#6412,#6413,#6414,#6415,
#6416,#6417,#6418,#6419,#6420,#6421,#6422,#6423,#6424,#6425,#6426,#6427,
#6428,#6429,#6430,#6431,#6432,#6433),.UNSPECIFIED.,.F.,.F.,(4,2,2,2,2,2,
2,2,2,2,2,2,2,2,2,2,2,4),(-15.1818977015147,-15.1374386467368,-15.0591548443003,
-14.9792546826218,-14.9029265884489,-14.8237825482612,-14.7444647896975,
-14.6673208634709,-14.5871417723663,-14.5100919070521,-14.4320490217957,
-14.3521561084828,-14.2758776541834,-14.1969696259147,-14.116891572031,
-14.039939826299,-13.959974727709,-13.9158745474068),.UNSPECIFIED.);
#112=B_SPLINE_CURVE_WITH_KNOTS('',3,(#6438,#6439,#6440,#6441,#6442,#6443,
#6444,#6445,#6446,#6447,#6448,#6449,#6450,#6451,#6452,#6453,#6454,#6455,
#6456,#6457,#6458,#6459,#6460,#6461,#6462,#6463,#6464,#6465,#6466,#6467,
#6468,#6469,#6470,#6471,#6472,#6473),.UNSPECIFIED.,.F.,.F.,(4,2,2,2,2,2,
2,2,2,2,2,2,2,2,2,2,2,4),(-10.0863462123363,-10.0633697336803,-9.98385682557787,
-9.90652989248665,-9.82922173635762,-9.74981042717763,-9.67338439373578,
-9.59326474816727,-9.51492097530444,-9.43904255633016,-9.35958613937419,
-9.28210537742171,-9.20525660395684,-9.12566686250772,-9.0490814403252,
-8.96976401567657,-8.89121592251343,-8.82728017678895),.UNSPECIFIED.);
#113=B_SPLINE_CURVE_WITH_KNOTS('',3,(#6474,#6475,#6476,#6477,#6478,#6479,
#6480,#6481,#6482,#6483,#6484,#6485,#6486,#6487,#6488,#6489,#6490,#6491,
#6492,#6493,#6494,#6495,#6496,#6497,#6498,#6499,#6500,#6501,#6502,#6503,
#6504,#6505,#6506,#6507,#6508,#6509),.UNSPECIFIED.,.F.,.F.,(4,2,2,2,2,2,
2,2,2,2,2,2,2,2,2,2,2,4),(-13.9158745474068,-13.8825166703658,-13.8046627555393,
-13.7247364879169,-13.6483832039892,-13.5696595603029,-13.4897527504647,
-13.4129736803755,-13.3332021785239,-13.2551556037656,-13.1774655173661,
-13.0966810958155,-13.0201361438351,-12.9415424041103,-12.8616134473044,
-12.7850882769128,-12.7056418810861,-12.6491166943064),.UNSPECIFIED.);
#114=B_SPLINE_CURVE_WITH_KNOTS('',3,(#6514,#6515,#6516,#6517,#6518,#6519,
#6520,#6521,#6522,#6523,#6524,#6525,#6526,#6527,#6528,#6529,#6530,#6531,
#6532,#6533,#6534,#6535,#6536,#6537,#6538,#6539,#6540,#6541,#6542,#6543,
#6544,#6545,#6546,#6547,#6548,#6549),.UNSPECIFIED.,.F.,.F.,(4,2,2,2,2,2,
2,2,2,2,2,2,2,2,2,2,2,4),(-11.3469272472894,-11.3123561883911,-11.2323990059861,
-11.1554776356804,-11.0769273181453,-10.9979909203884,-10.9219261730245,
-10.8423730344119,-10.7642895607767,-10.6880012850371,-10.6077515478488,
-10.530565254226,-10.4525791796717,-10.3733404826372,-10.2970675456173,
-10.217582968066,-10.139388339656,-10.0863462123363),.UNSPECIFIED.);
#115=B_SPLINE_CURVE_WITH_KNOTS('',3,(#6550,#6551,#6552,#6553,#6554,#6555,
#6556,#6557,#6558,#6559,#6560,#6561,#6562,#6563,#6564,#6565,#6566,#6567,
#6568,#6569,#6570,#6571,#6572,#6573,#6574,#6575,#6576,#6577,#6578,#6579,
#6580,#6581,#6582,#6583,#6584,#6585),.UNSPECIFIED.,.F.,.F.,(4,2,2,2,2,2,
2,2,2,2,2,2,2,2,2,2,2,4),(-12.6491166943064,-12.627121047268,-12.5497213191815,
-12.4692566695605,-12.392578479219,-12.3142791389449,-12.2344102788656,
-12.1580930608034,-12.0789349391531,-11.999791155979,-11.9226403722597,
-11.8424511198203,-11.7655044829411,-11.6874553331392,-11.6076019853361,
-11.5313600790512,-11.4524471047933,-11.3835973612077),.UNSPECIFIED.);
#116=B_SPLINE_CURVE_WITH_KNOTS('',3,(#6590,#6591,#6592,#6593,#6594,#6595,
#6596,#6597,#6598,#6599,#6600,#6601,#6602,#6603,#6604,#6605,#6606,#6607,
#6608,#6609,#6610,#6611,#6612,#6613,#6614,#6615,#6616,#6617,#6618,#6619,
#6620,#6621,#6622,#6623,#6624,#6625),.UNSPECIFIED.,.F.,.F.,(4,2,2,2,2,2,
2,2,2,2,2,2,2,2,2,2,2,4),(-12.6072888427925,-12.5587958483157,-12.4806686258825,
-12.4011078517306,-12.3250129357572,-12.2460337384758,-12.167581243231,
-12.0906231031376,-12.0106251474607,-11.9341649485982,-11.8563119392998,
-11.7767906187122,-11.7008438230641,-11.6221332908962,-11.5461961809534,
-11.4666756651512,-11.3888595940983,-11.3469272472894),.UNSPECIFIED.);
#117=B_SPLINE_CURVE_WITH_KNOTS('',3,(#6626,#6627,#6628,#6629,#6630,#6631,
#6632,#6633,#6634,#6635,#6636,#6637,#6638,#6639,#6640,#6641,#6642,#6643,
#6644,#6645,#6646,#6647,#6648,#6649,#6650,#6651,#6652,#6653,#6654,#6655,
#6656,#6657,#6658,#6659,#6660,#6661,#6662,#6663),.UNSPECIFIED.,.F.,.F.,
(4,2,2,2,2,2,2,2,2,2,2,2,2,2,2,2,2,2,4),(-11.3835973612077,-11.3725618365364,
-11.2956129774488,-11.2156482730561,-11.1383138616726,-11.0604641968949,
-10.983115661792,-10.9045478169574,-10.8251575607478,-10.7486829874063,
-10.6687836196747,-10.5902466042009,-10.5137122656204,-10.4329881427168,
-10.3553539670029,-10.2772789613146,-10.1975677788907,-10.1208454266883,
-10.1174588715513),.UNSPECIFIED.);
#118=B_SPLINE_CURVE_WITH_KNOTS('',3,(#6668,#6669,#6670,#6671,#6672,#6673,
#6674,#6675,#6676,#6677,#6678,#6679,#6680,#6681,#6682,#6683,#6684,#6685,
#6686,#6687,#6688,#6689,#6690,#6691,#6692,#6693,#6694,#6695,#6696,#6697,
#6698,#6699,#6700,#6701,#6702,#6703),.UNSPECIFIED.,.F.,.F.,(4,2,2,2,2,2,
2,2,2,2,2,2,2,2,2,2,2,4),(-13.8675599571897,-13.80839201069,-13.7299899864985,
-13.6499748054659,-13.5734985939797,-13.4940332306527,-13.4167761703051,
-13.339399886205,-13.2598695176826,-13.1838524134852,-13.1056089040046,
-13.0261047237109,-12.949786829641,-12.8704996681782,-12.7925885371899,
-12.7153590989643,-12.635061754017,-12.6072888427925),.UNSPECIFIED.);
#119=B_SPLINE_CURVE_WITH_KNOTS('',3,(#6704,#6705,#6706,#6707,#6708,#6709,
#6710,#6711,#6712,#6713,#6714,#6715,#6716,#6717,#6718,#6719,#6720,#6721,
#6722,#6723,#6724,#6725,#6726,#6727,#6728,#6729,#6730,#6731,#6732,#6733,
#6734,#6735,#6736,#6737,#6738,#6739),.UNSPECIFIED.,.F.,.F.,(4,2,2,2,2,2,
2,2,2,2,2,2,2,2,2,2,2,4),(-10.1174588715513,-10.0409773346911,-9.96231366587505,
-9.88598593811375,-9.80609651712001,-9.72830264172422,-9.65083387918535,
-9.57093279334046,-9.49404121903999,-9.41391432997605,-9.33507269391633,
-9.25883285416605,-9.17898124529722,-9.1010048126379,-9.02395515901386,
-8.94384654527263,-8.86676875328451,-8.85201288577754),.UNSPECIFIED.);
#120=B_SPLINE_CURVE_WITH_KNOTS('',3,(#6744,#6745,#6746,#6747,#6748,#6749,
#6750,#6751,#6752,#6753,#6754,#6755,#6756,#6757,#6758,#6759,#6760,#6761,
#6762,#6763,#6764,#6765,#6766,#6767,#6768,#6769,#6770,#6771,#6772,#6773,
#6774,#6775,#6776,#6777,#6778,#6779),.UNSPECIFIED.,.F.,.F.,(4,2,2,2,2,2,
2,2,2,2,2,2,2,2,2,2,2,4),(-15.1268576471867,-15.0559845435396,-14.9771095543831,
-14.8985860270049,-14.821723283515,-14.7418276531267,-14.6653629505645,
-14.5876061152009,-14.5081372156712,-14.4322512260319,-14.3536364545429,
-14.2744130965234,-14.1977687998627,-14.118115582748,-14.0413050205485,
-13.9637655892328,-13.8842855810715,-13.8675599571897),.UNSPECIFIED.);
#121=B_SPLINE_CURVE_WITH_KNOTS('',3,(#6780,#6781,#6782,#6783,#6784,#6785,
#6786,#6787,#6788,#6789,#6790,#6791,#6792,#6793,#6794,#6795,#6796,#6797,
#6798,#6799,#6800,#6801,#6802,#6803,#6804,#6805,#6806,#6807,#6808,#6809,
#6810,#6811,#6812,#6813,#6814,#6815),.UNSPECIFIED.,.F.,.F.,(4,2,2,2,2,2,
2,2,2,2,2,2,2,2,2,2,2,4),(-8.85201288577754,-8.78741178167994,-8.70833980854666,
-8.63206526892231,-8.55221120198403,-8.47399959945051,-8.39725745524093,
-8.31688850091742,-8.23957571392762,-8.16088224751049,-8.0815346211514,
-8.00509286081977,-7.9251929133309,-7.84669992302405,-7.77013382678233,
-7.68945817925657,-7.6118673026166,-7.58610762342306),.UNSPECIFIED.);
#122=B_SPLINE_CURVE_WITH_KNOTS('',3,(#6820,#6821,#6822,#6823,#6824,#6825,
#6826,#6827,#6828,#6829,#6830,#6831,#6832,#6833,#6834,#6835,#6836,#6837,
#6838,#6839,#6840,#6841,#6842,#6843,#6844,#6845,#6846,#6847,#6848,#6849,
#6850,#6851,#6852,#6853,#6854,#6855,#6856,#6857),.UNSPECIFIED.,.F.,.F.,
(4,2,2,2,2,2,2,2,2,2,2,2,2,2,2,2,2,2,4),(-16.38633199196,-16.379649983958,
-16.3032855875024,-16.2239387853985,-16.1466678636527,-16.0694029328991,
-15.9899456763231,-15.9139755772241,-15.8358433950749,-15.7564149484046,
-15.6802022420795,-15.6010265406101,-15.5230723438921,-15.4459464108454,
-15.3657600921174,-15.2895153823527,-15.2114929891971,-15.1319931273479,
-15.1268576471867),.UNSPECIFIED.);
#123=B_SPLINE_CURVE_WITH_KNOTS('',3,(#6858,#6859,#6860,#6861,#6862,#6863,
#6864,#6865,#6866,#6867,#6868,#6869,#6870,#6871,#6872,#6873,#6874,#6875,
#6876,#6877,#6878,#6879,#6880,#6881,#6882,#6883,#6884,#6885,#6886,#6887,
#6888,#6889,#6890,#6891,#6892,#6893),.UNSPECIFIED.,.F.,.F.,(4,2,2,2,2,2,
2,2,2,2,2,2,2,2,2,2,2,4),(-7.58610762342306,-7.53369631091818,-7.45403442099449,
-7.37735737806747,-7.29750345435067,-7.21888933563269,-7.1425545828166,
-7.06267640381633,-6.98493272408632,-6.90739710981892,-6.82755147739752,
-6.75071097402042,-6.67045318402827,-6.5916717415,-6.5154458371156,-6.43561278368276,
-6.35769716244857,-6.32062744483606),.UNSPECIFIED.);
#124=B_SPLINE_CURVE_WITH_KNOTS('',3,(#6898,#6899,#6900,#6901,#6902,#6903,
#6904,#6905,#6906,#6907,#6908,#6909,#6910,#6911,#6912,#6913,#6914,#6915,
#6916,#6917,#6918,#6919,#6920,#6921,#6922,#6923,#6924,#6925,#6926,#6927,
#6928,#6929,#6930,#6931,#6932,#6933),.UNSPECIFIED.,.F.,.F.,(4,2,2,2,2,2,
2,2,2,2,2,2,2,2,2,2,2,4),(-17.6442375976001,-17.6270093115732,-17.5502793015905,
-17.4705248987634,-17.3940844710897,-17.3164614469941,-17.2370813562005,
-17.1612878530285,-17.0828068654633,-17.0035172890829,-16.9269957676778,
-16.8474729890802,-16.7706641890542,-16.6932478412539,-16.6138485417089,
-16.5380225403375,-16.4597436373039,-16.38633199196),.UNSPECIFIED.);
#125=B_SPLINE_CURVE_WITH_KNOTS('',3,(#6934,#6935,#6936,#6937,#6938,#6939,
#6940,#6941,#6942,#6943,#6944,#6945,#6946,#6947,#6948,#6949,#6950,#6951,
#6952,#6953,#6954,#6955,#6956,#6957,#6958,#6959,#6960,#6961,#6962,#6963,
#6964,#6965,#6966,#6967,#6968,#6969),.UNSPECIFIED.,.F.,.F.,(4,2,2,2,2,2,
2,2,2,2,2,2,2,2,2,2,2,4),(-6.32062744483606,-6.28059782493584,-6.20055536358552,
-6.12353851469009,-6.0440656917575,-5.96506333989707,-5.88882705637748,
-5.80899935558421,-5.73085808826885,-5.65408932297608,-5.57379607448756,
-5.49655306513941,-5.41776669215912,-5.3384967659476,-5.26211840361111,
-5.18225331398055,-5.10383895921637,-5.05544002856904),.UNSPECIFIED.);
#126=B_SPLINE_CURVE_WITH_KNOTS('',3,(#6974,#6975,#6976,#6977,#6978,#6979,
#6980,#6981,#6982,#6983,#6984,#6985,#6986,#6987,#6988,#6989,#6990,#6991,
#6992,#6993,#6994,#6995,#6996,#6997,#6998,#6999,#7000,#7001,#7002,#7003,
#7004,#7005,#7006,#7007,#7008,#7009),.UNSPECIFIED.,.F.,.F.,(4,2,2,2,2,2,
2,2,2,2,2,2,2,2,2,2,2,4),(-18.9032468316191,-18.8751758659759,-18.7978968535363,
-18.717537012962,-18.6414536230791,-18.5632754977588,-18.4838061371688,
-18.4076898766355,-18.3286652292828,-18.2506942218606,-18.1737098821686,
-18.093674324344,-18.0174803234272,-17.9396012203328,-17.8601989609976,
-17.7843097537917,-17.7055778315967,-17.6442375976001),.UNSPECIFIED.);
#127=B_SPLINE_CURVE_WITH_KNOTS('',3,(#7010,#7011,#7012,#7013,#7014,#7015,
#7016,#7017,#7018,#7019,#7020,#7021,#7022,#7023,#7024,#7025,#7026,#7027,
#7028,#7029,#7030,#7031,#7032,#7033,#7034,#7035,#7036,#7037,#7038,#7039,
#7040,#7041,#7042,#7043,#7044,#7045),.UNSPECIFIED.,.F.,.F.,(4,2,2,2,2,2,
2,2,2,2,2,2,2,2,2,2,2,4),(-5.05544002856904,-5.0272719957227,-4.94668039460856,
-4.86916708621897,-4.79093161567749,-4.7113543531445,-4.6347566734532,-4.55495225979817,
-4.47642279025687,-4.40011228110641,-4.32028087184303,-4.24262212117218,
-4.165050929285,-4.08529654962275,-4.00854159725039,-3.92818451364288,-3.8494989024039,
-3.79039682082338),.UNSPECIFIED.);
#128=B_SPLINE_CURVE_WITH_KNOTS('',3,(#7050,#7051,#7052,#7053,#7054,#7055,
#7056,#7057,#7058,#7059,#7060,#7061,#7062,#7063,#7064,#7065,#7066,#7067,
#7068,#7069,#7070,#7071,#7072,#7073,#7074,#7075,#7076,#7077,#7078,#7079,
#7080,#7081,#7082,#7083,#7084,#7085),.UNSPECIFIED.,.F.,.F.,(4,2,2,2,2,2,
2,2,2,2,2,2,2,2,2,2,2,4),(-20.162456999759,-20.1230642850005,-20.0454213111043,
-19.9659725026203,-19.8901174381567,-19.8116148002075,-19.7320977362562,
-19.6555471698848,-19.5759969991611,-19.4990341374766,-19.4215871218444,
-19.3421109616382,-19.2661987796993,-19.1878875352591,-19.1084281931005,
-19.0320535638659,-18.9527004182469,-18.9032468316191),.UNSPECIFIED.);
#129=B_SPLINE_CURVE_WITH_KNOTS('',3,(#7086,#7087,#7088,#7089,#7090,#7091,
#7092,#7093,#7094,#7095,#7096,#7097,#7098,#7099,#7100,#7101,#7102,#7103,
#7104,#7105,#7106,#7107,#7108,#7109,#7110,#7111,#7112,#7113,#7114,#7115,
#7116,#7117,#7118,#7119,#7120,#7121),.UNSPECIFIED.,.F.,.F.,(4,2,2,2,2,2,
2,2,2,2,2,2,2,2,2,2,2,4),(-3.79039682082338,-3.77331780252434,-3.69353891501718,
-3.61571935714008,-3.53860060497857,-3.45866064746013,-3.38173973087991,
-3.30218098275044,-3.22328448024037,-3.14711745253049,-3.06735180939562,
-2.98931670427999,-2.91255109113532,-2.83237049148739,-2.75523278475854,
-2.6763822905839,-2.59722688006292,-2.5263989997721),.UNSPECIFIED.);
#130=B_SPLINE_CURVE_WITH_KNOTS('',3,(#7126,#7127,#7128,#7129,#7130,#7131,
#7132,#7133,#7134,#7135,#7136,#7137,#7138,#7139,#7140,#7141,#7142,#7143,
#7144,#7145,#7146,#7147,#7148,#7149,#7150,#7151,#7152,#7153,#7154,#7155,
#7156,#7157,#7158,#7159,#7160,#7161),.UNSPECIFIED.,.F.,.F.,(4,2,2,2,2,2,
2,2,2,2,2,2,2,2,2,2,2,4),(-21.4218376822112,-21.3585530494893,-21.2931105902368,
-21.2135907113738,-21.1374660748241,-21.0584367646482,-20.9802880970483,
-20.9032933446653,-20.8232505166189,-20.746951476478,-20.6690618017747,
-20.5895995477711,-20.5136757198996,-20.4349313628056,-20.3561565861464,
-20.2794074509858,-20.1996363974101,-20.162456999759),.UNSPECIFIED.);
#131=B_SPLINE_CURVE_WITH_KNOTS('',3,(#7162,#7163,#7164,#7165,#7166,#7167,
#7168,#7169,#7170,#7171,#7172,#7173,#7174,#7175,#7176,#7177,#7178,#7179,
#7180,#7181,#7182,#7183,#7184,#7185,#7186,#7187,#7188,#7189,#7190,#7191,
#7192,#7193,#7194,#7195,#7196,#7197,#7198,#7199),.UNSPECIFIED.,.F.,.F.,
(4,2,2,2,2,2,2,2,2,2,2,2,2,2,2,2,2,2,4),(-2.5263989997721,-2.52094367718626,
-2.44114922020504,-2.36284989799738,-2.28631200547981,-2.20584197150156,
-2.12844227056266,-2.05017073689784,-1.97071543286353,-1.89423302500579,
-1.81451426904281,-1.73610657536197,-1.65985145197825,-1.58010310315401,
-1.5025660669962,-1.42498840920851,-1.34536333680709,-1.26873051307734,
-1.26229771860047),.UNSPECIFIED.);
#132=B_SPLINE_CURVE_WITH_KNOTS('',3,(#7204,#7205,#7206,#7207,#7208,#7209,
#7210,#7211,#7212,#7213,#7214,#7215,#7216,#7217,#7218,#7219,#7220,#7221,
#7222,#7223,#7224,#7225,#7226,#7227,#7228,#7229,#7230,#7231,#7232,#7233,
#7234,#7235,#7236,#7237,#7238,#7239),.UNSPECIFIED.,.F.,.F.,(4,2,2,2,2,2,
2,2,2,2,2,2,2,2,2,2,2,4),(-1.26224419308202,-1.23502095408132,-1.15457247327233,
-1.07719944449618,-0.999220716524392,-0.919783437271132,-0.843322182911668,
-0.763686620753914,-0.685294358838901,-0.609164097440385,-0.529503801359808,
-0.451979754259102,-0.374640301163032,-0.29502100454511,-0.218397879901324,
-0.138331176905747,-0.0680855629545573,-1.00000009561896E-6),
 .UNSPECIFIED.);
#133=B_SPLINE_CURVE_WITH_KNOTS('',3,(#7240,#7241,#7242,#7243,#7244,#7245,
#7246,#7247,#7248,#7249,#7250,#7251,#7252,#7253,#7254,#7255,#7256,#7257,
#7258,#7259,#7260,#7261,#7262,#7263,#7264,#7265,#7266,#7267,#7268,#7269,
#7270,#7271,#7272,#7273,#7274,#7275),.UNSPECIFIED.,.F.,.F.,(4,2,2,2,2,2,
2,2,2,2,2,2,2,2,2,2,2,4),(-1.26229771860047,-1.18830137525692,-1.10974967747823,
-1.03364471631739,-0.953956636435887,-0.87627086055692,-0.799161204327366,
-0.719362782017614,-0.642575278587697,-0.562956419293422,-0.484204840682377,
-0.408139270942773,-0.328472693979245,-0.250582440305484,-0.173848618461147,
-0.0938206913688066,-0.0460960372100423,0.),.UNSPECIFIED.);
#134=B_SPLINE_CURVE_WITH_KNOTS('',3,(#7280,#7281,#7282,#7283,#7284,#7285,
#7286,#7287,#7288,#7289,#7290,#7291,#7292,#7293,#7294,#7295,#7296,#7297,
#7298,#7299,#7300,#7301,#7302,#7303,#7304,#7305,#7306,#7307,#7308,#7309,
#7310,#7311,#7312,#7313,#7314,#7315),.UNSPECIFIED.,.F.,.F.,(4,2,2,2,2,2,
2,2,2,2,2,2,2,2,2,2,2,4),(-2.52450597750881,-2.48546767040717,-2.40558125733676,
-2.32871673068789,-2.24954497950919,-2.17069314802502,-2.09462562675361,
-2.0149853815364,-1.93699181348154,-1.8604453709548,-1.78030112467466,-1.70320390743035,
-1.62469846072545,-1.54557323768919,-1.46934377856702,-1.38965942396986,
-1.31138678880487,-1.26224419308202),.UNSPECIFIED.);
#135=B_SPLINE_CURVE_WITH_KNOTS('',3,(#7316,#7317,#7318,#7319,#7320,#7321,
#7322,#7323,#7324,#7325,#7326,#7327,#7328,#7329,#7330,#7331,#7332,#7333,
#7334,#7335,#7336,#7337,#7338,#7339,#7340,#7341,#7342,#7343,#7344,#7345,
#7346,#7347,#7348,#7349,#7350,#7351),.UNSPECIFIED.,.F.,.F.,(4,2,2,2,2,2,
2,2,2,2,2,2,2,2,2,2,2,4),(-8.66877076309335,-8.60555556362872,-8.54021935822971,
-8.46039985959948,-8.38401066099537,-8.30471092465114,-8.22618956338613,
-8.14892774083364,-8.06860935963327,-7.99198737949211,-7.91382746122273,
-7.83406022033559,-7.7578566965674,-7.67883812200926,-7.59967211975448,
-7.52265144371587,-7.44260003956313,-7.4045546488545),.UNSPECIFIED.);
#136=B_SPLINE_CURVE_WITH_KNOTS('',3,(#7356,#7357,#7358,#7359,#7360,#7361,
#7362,#7363,#7364,#7365,#7366,#7367,#7368,#7369,#7370,#7371,#7372,#7373,
#7374,#7375,#7376,#7377,#7378,#7379,#7380,#7381,#7382,#7383,#7384,#7385,
#7386,#7387,#7388,#7389,#7390,#7391),.UNSPECIFIED.,.F.,.F.,(4,2,2,2,2,2,
2,2,2,2,2,2,2,2,2,2,2,4),(-3.78685432749897,-3.73547088446745,-3.65597764069882,
-3.5794646357119,-3.49980804865741,-3.42135961343298,-3.34523020214199,
-3.26555175916794,-3.18797096865123,-3.11069187952854,-3.03101040090774,
-2.95432971277436,-2.87438702255165,-2.79576312523762,-2.71972548388201,
-2.64008617298003,-2.56232533870983,-2.52450597750881),.UNSPECIFIED.);
#137=B_SPLINE_CURVE_WITH_KNOTS('',3,(#7392,#7393,#7394,#7395,#7396,#7397,
#7398,#7399,#7400,#7401,#7402,#7403,#7404,#7405,#7406,#7407,#7408,#7409,
#7410,#7411,#7412,#7413,#7414,#7415,#7416,#7417,#7418,#7419,#7420,#7421,
#7422,#7423,#7424,#7425,#7426,#7427),.UNSPECIFIED.,.F.,.F.,(4,2,2,2,2,2,
2,2,2,2,2,2,2,2,2,2,2,4),(-7.4045546488545,-7.36568852799994,-7.28777036716274,
-7.20801142810068,-7.13186091597067,-7.05307918339464,-6.97315653219618,
-6.89632901833024,-6.81649266356114,-6.73917632294381,-6.66144828669897,
-6.58165710333249,-6.50543499942509,-6.42683881357961,-6.34706660345354,
-6.27041225335704,-6.19077000091246,-6.14038090004572),.UNSPECIFIED.);
#138=B_SPLINE_CURVE_WITH_KNOTS('',3,(#7432,#7433,#7434,#7435,#7436,#7437,
#7438,#7439,#7440,#7441,#7442,#7443,#7444,#7445,#7446,#7447,#7448,#7449,
#7450,#7451,#7452,#7453,#7454,#7455,#7456,#7457,#7458,#7459,#7460,#7461,
#7462,#7463,#7464,#7465,#7466,#7467),.UNSPECIFIED.,.F.,.F.,(4,2,2,2,2,2,
2,2,2,2,2,2,2,2,2,2,2,4),(-5.04941970988132,-4.9859440112065,-4.90705075757255,
-4.8309696617957,-4.75133172187232,-4.67329566518515,-4.59680092041593,
-4.51660960714655,-4.43947021458882,-4.36108338733693,-4.28190894086493,
-4.20564089532972,-4.12595023312298,-4.04762707610416,-3.97128681043096,
-3.89078313066948,-3.81336030790329,-3.78685432749897),.UNSPECIFIED.);
#139=B_SPLINE_CURVE_WITH_KNOTS('',3,(#7468,#7469,#7470,#7471,#7472,#7473,
#7474,#7475,#7476,#7477,#7478,#7479,#7480,#7481,#7482,#7483,#7484,#7485,
#7486,#7487,#7488,#7489,#7490,#7491,#7492,#7493,#7494,#7495,#7496,#7497,
#7498,#7499,#7500,#7501,#7502,#7503),.UNSPECIFIED.,.F.,.F.,(4,2,2,2,2,2,
2,2,2,2,2,2,2,2,2,2,2,4),(-6.14038090004572,-6.11287038914076,-6.03530684256151,
-5.9546534862464,-5.87824356442571,-5.79977779506457,-5.71998564047421,
-5.64358599189424,-5.56426924369623,-5.48590067095236,-5.40862807080235,
-5.32829509193387,-5.25175608794054,-5.17358536108815,-5.09385451450031,
-5.01766613128544,-4.93863827396447,-4.87623687410145),.UNSPECIFIED.);
#140=B_SPLINE_CURVE_WITH_KNOTS('',3,(#7508,#7509,#7510,#7511,#7512,#7513,
#7514,#7515,#7516,#7517,#7518,#7519,#7520,#7521,#7522,#7523,#7524,#7525,
#7526,#7527,#7528,#7529,#7530,#7531,#7532,#7533,#7534,#7535,#7536,#7537,
#7538,#7539,#7540,#7541,#7542,#7543),.UNSPECIFIED.,.F.,.F.,(4,2,2,2,2,2,
2,2,2,2,2,2,2,2,2,2,2,4),(-6.31131486276543,-6.23589616800778,-6.15742590679926,
-6.08132928677673,-6.00166848231889,-5.92406490333264,-5.84687970980594,
-5.76717094364189,-5.69046636195521,-5.61068325268345,-5.53202709151275,
-5.45600055260345,-5.37637146889765,-5.29857741951773,-5.22179514937847,
-5.14187096160087,-5.06497286312916,-5.04941970988132),.UNSPECIFIED.);
#141=B_SPLINE_CURVE_WITH_KNOTS('',3,(#7544,#7545,#7546,#7547,#7548,#7549,
#7550,#7551,#7552,#7553,#7554,#7555,#7556,#7557,#7558,#7559,#7560,#7561,
#7562,#7563,#7564,#7565,#7566,#7567,#7568,#7569,#7570,#7571,#7572,#7573,
#7574,#7575,#7576,#7577,#7578,#7579),.UNSPECIFIED.,.F.,.F.,(4,2,2,2,2,2,
2,2,2,2,2,2,2,2,2,2,2,4),(-4.87623687410145,-4.85965169280346,-4.78262884724862,
-4.70257212650672,-4.6257687857069,-4.54784915093958,-4.47086370728313,
-4.39175965978507,-4.31277622565229,-4.2366101981298,-4.15688487652161,
-4.07875949135814,-4.00218475758172,-3.92190136897441,-3.84467366397231,
-3.76621028460047,-3.68694471428967,-3.61286027007327),.UNSPECIFIED.);
#142=B_SPLINE_CURVE_WITH_KNOTS('',3,(#7584,#7585,#7586,#7587,#7588,#7589,
#7590,#7591,#7592,#7593,#7594,#7595,#7596,#7597,#7598,#7599,#7600,#7601,
#7602,#7603,#7604,#7605,#7606,#7607,#7608,#7609,#7610,#7611,#7612,#7613,
#7614,#7615,#7616,#7617,#7618,#7619,#7620,#7621),.UNSPECIFIED.,.F.,.F.,
(4,2,2,2,2,2,2,2,2,2,2,2,2,2,2,2,2,2,4),(-7.57390732063723,-7.56361627618685,
-7.48690300709162,-7.40718494639761,-7.33000351660954,-7.252391289012,-7.17272602180214,
-7.0966266938247,-7.01814781769279,-6.93850094759642,-6.86196149764958,
-6.78243822429543,-6.70467955194673,-6.62723267192811,-6.5467000094047,
-6.47041738391322,-6.39206958721534,-6.3155382330908,-6.31131486276543),
 .UNSPECIFIED.);
#143=B_SPLINE_CURVE_WITH_KNOTS('',3,(#7622,#7623,#7624,#7625,#7626,#7627,
#7628,#7629,#7630,#7631,#7632,#7633,#7634,#7635,#7636,#7637,#7638,#7639,
#7640,#7641,#7642,#7643,#7644,#7645,#7646,#7647,#7648,#7649,#7650,#7651,
#7652,#7653,#7654,#7655,#7656,#7657,#7658,#7659),.UNSPECIFIED.,.F.,.F.,
(4,2,2,2,2,2,2,2,2,2,2,2,2,2,2,2,2,2,4),(-3.61286027007327,-3.61058947378971,
-3.53081065330654,-3.45239719822266,-3.37597494540568,-3.29537818982707,
-3.21786612647982,-3.13989825120783,-3.06031298914459,-2.98371159149883,
-2.9039656758582,-2.82542636406843,-2.74921319048475,-2.66944563843204,
-2.5917748794104,-2.51441563334595,-2.43464143475562,-2.3578717068632,-2.3485797604483),
 .UNSPECIFIED.);
#144=B_SPLINE_CURVE_WITH_KNOTS('',3,(#7664,#7665,#7666,#7667,#7668,#7669,
#7670,#7671,#7672,#7673,#7674,#7675,#7676,#7677,#7678,#7679,#7680,#7681,
#7682,#7683,#7684,#7685,#7686,#7687,#7688,#7689,#7690,#7691,#7692,#7693,
#7694,#7695,#7696,#7697,#7698,#7699),.UNSPECIFIED.,.F.,.F.,(4,2,2,2,2,2,
2,2,2,2,2,2,2,2,2,2,2,4),(-8.83588526563021,-8.81469939587594,-8.73754935777098,
-8.65734663124846,-8.58085109807963,-8.50280428552446,-8.42316023950359,
-8.34707143451063,-8.26816747340402,-8.18914739747139,-8.11223957673283,
-8.03230497265911,-7.95552443439979,-7.87772062216693,-7.79808628385253,
-7.72205468748119,-7.64338879770314,-7.57390732063723),.UNSPECIFIED.);
#145=B_SPLINE_CURVE_WITH_KNOTS('',3,(#7700,#7701,#7702,#7703,#7704,#7705,
#7706,#7707,#7708,#7709,#7710,#7711,#7712,#7713,#7714,#7715,#7716,#7717,
#7718,#7719,#7720,#7721,#7722,#7723,#7724,#7725,#7726,#7727,#7728,#7729,
#7730,#7731,#7732,#7733,#7734,#7735),.UNSPECIFIED.,.F.,.F.,(4,2,2,2,2,2,
2,2,2,2,2,2,2,2,2,2,2,4),(-2.3485797604483,-2.27785112497808,-2.19913529925366,
-2.12301227416798,-2.04328330207098,-1.96543144401049,-1.88849265966443,
-1.80851243754828,-1.73155787207702,-1.65230781593643,-1.57336304629895,
-1.49720812394748,-1.41747757983235,-1.33939196441624,-1.26276285589847,
-1.18252374690095,-1.10533552253568,-1.0852011985555),.UNSPECIFIED.);
#146=B_SPLINE_CURVE_WITH_KNOTS('',3,(#7737,#7738,#7739,#7740,#7741,#7742,
#7743,#7744,#7745,#7746,#7747,#7748,#7749,#7750,#7751,#7752,#7753,#7754,
#7755,#7756,#7757,#7758,#7759,#7760,#7761,#7762,#7763,#7764,#7765,#7766,
#7767,#7768),.UNSPECIFIED.,.F.,.F.,(4,2,2,2,2,2,2,2,2,2,2,2,2,2,2,4),(-1.0852011985555,
-1.02675066431405,-0.947531625175934,-0.871212620361852,-0.79143729878041,
-0.713071712826666,-0.636621363121642,-0.55607702311753,-0.478612065379641,
-0.400552138570008,-0.321020078629678,-0.244467764932703,-0.164740039609564,
-0.0862541586233801,-0.0426975895773905,-1.00000008562695E-6),
 .UNSPECIFIED.);
#147=B_SPLINE_CURVE_WITH_KNOTS('',3,(#7771,#7772,#7773,#7774,#7775,#7776,
#7777,#7778,#7779,#7780,#7781,#7782,#7783,#7784,#7785,#7786,#7787,#7788,
#7789,#7790,#7791,#7792,#7793,#7794,#7795,#7796,#7797,#7798),
 .UNSPECIFIED.,.F.,.F.,(4,2,2,2,2,2,2,2,2,2,2,2,2,4),(-9.76153053725425,
-9.71740009239674,-9.67478659742401,-9.5982620892659,-9.51875665890068,
-9.44087037489524,-9.36343617363716,-9.2829202965408,-9.20657654394383,
-9.12824185064344,-9.0485442382184,-8.97226590038523,-8.89307999288008,
-8.83588526563021),.UNSPECIFIED.);
#148=B_SPLINE_CURVE_WITH_KNOTS('',3,(#7800,#7801,#7802,#7803,#7804,#7805,
#7806,#7807,#7808,#7809,#7810,#7811,#7812,#7813),.UNSPECIFIED.,.F.,.F.,
(4,2,2,2,2,2,4),(-0.225566875877035,-0.203459401899777,-0.174614734230781,
-0.1237346360678,-0.0715390566554804,-0.0382244799112078,-9.99999999945489E-7),
 .UNSPECIFIED.);
#149=B_SPLINE_CURVE_WITH_KNOTS('',3,(#7815,#7816,#7817,#7818,#7819,#7820,
#7821,#7822,#7823,#7824,#7825,#7826,#7827,#7828,#7829,#7830,#7831,#7832,
#7833,#7834,#7835,#7836,#7837,#7838),.UNSPECIFIED.,.F.,.F.,(4,2,2,2,2,2,
2,2,2,2,2,4),(-1.48511534590084,-1.33412363742528,-1.1826558094545,-1.05070790329849,
-0.928319707577535,-0.810989583798745,-0.704886199246831,-0.606419328084459,
-0.571199418861479,-0.518308476409374,-0.461406990280755,-0.448662081695706),
 .UNSPECIFIED.);
#150=B_SPLINE_CURVE_WITH_KNOTS('',3,(#7842,#7843,#7844,#7845,#7846,#7847,
#7848,#7849,#7850,#7851,#7852,#7853,#7854,#7855,#7856,#7857,#7858,#7859),
 .UNSPECIFIED.,.F.,.F.,(4,2,2,2,2,2,2,2,4),(-0.448662081695706,-0.406838287611492,
-0.355120977351825,-0.292004506271626,-0.222945364590476,-0.149063257845702,
-0.0805325646003267,-0.0392816601828842,0.),.UNSPECIFIED.);
#151=B_SPLINE_CURVE_WITH_KNOTS('',3,(#7861,#7862,#7863,#7864,#7865,#7866,
#7867,#7868,#7869,#7870,#7871,#7872),.UNSPECIFIED.,.F.,.F.,(4,2,2,2,2,4),
(2.07947262058689,2.26724952842387,2.6066954134936,2.95904019875141,3.1728182907816,
3.37271481105058),.UNSPECIFIED.);
#152=CONICAL_SURFACE('',#2554,1.99999999999999,0.78539816339745);
#153=CONICAL_SURFACE('',#2602,1.99999999999999,0.78539816339745);
#154=CONICAL_SURFACE('',#2604,1.99999999999999,0.78539816339745);
#155=CONICAL_SURFACE('',#2649,2.5,0.349065850398867);
#156=CONICAL_SURFACE('',#2651,2.5,0.349065850398867);
#157=CONICAL_SURFACE('',#2653,2.5,0.349065850398867);
#158=CONICAL_SURFACE('',#2670,0.1,0.174532925199433);
#159=CONICAL_SURFACE('',#2672,0.1,0.174532925199433);
#160=CONICAL_SURFACE('',#2674,0.1,0.174532925199433);
#161=CONICAL_SURFACE('',#2676,2.5,0.349065850398867);
#162=CONICAL_SURFACE('',#2678,0.1,0.174532925199433);
#163=CONICAL_SURFACE('',#2680,0.1,0.174532925199433);
#164=CONICAL_SURFACE('',#2682,0.1,0.174532925199433);
#165=CONICAL_SURFACE('',#2685,0.1,0.174532925199433);
#166=CONICAL_SURFACE('',#2687,0.1,0.174532925199433);
#167=CONICAL_SURFACE('',#2689,0.1,0.174532925199433);
#168=CONICAL_SURFACE('',#2692,0.1,0.174532925199433);
#169=CONICAL_SURFACE('',#2694,0.1,0.174532925199433);
#170=CONICAL_SURFACE('',#2696,0.1,0.174532925199433);
#171=FACE_OUTER_BOUND('',#306,.T.);
#172=FACE_OUTER_BOUND('',#307,.T.);
#173=FACE_OUTER_BOUND('',#308,.T.);
#174=FACE_OUTER_BOUND('',#309,.T.);
#175=FACE_OUTER_BOUND('',#310,.T.);
#176=FACE_OUTER_BOUND('',#311,.T.);
#177=FACE_OUTER_BOUND('',#312,.T.);
#178=FACE_OUTER_BOUND('',#313,.T.);
#179=FACE_OUTER_BOUND('',#314,.T.);
#180=FACE_OUTER_BOUND('',#315,.T.);
#181=FACE_OUTER_BOUND('',#316,.T.);
#182=FACE_OUTER_BOUND('',#317,.T.);
#183=FACE_OUTER_BOUND('',#318,.T.);
#184=FACE_OUTER_BOUND('',#319,.T.);
#185=FACE_OUTER_BOUND('',#320,.T.);
#186=FACE_OUTER_BOUND('',#321,.T.);
#187=FACE_OUTER_BOUND('',#322,.T.);
#188=FACE_OUTER_BOUND('',#323,.T.);
#189=FACE_OUTER_BOUND('',#324,.T.);
#190=FACE_OUTER_BOUND('',#325,.T.);
#191=FACE_OUTER_BOUND('',#326,.T.);
#192=FACE_OUTER_BOUND('',#327,.T.);
#193=FACE_OUTER_BOUND('',#328,.T.);
#194=FACE_OUTER_BOUND('',#329,.T.);
#195=FACE_OUTER_BOUND('',#330,.T.);
#196=FACE_OUTER_BOUND('',#331,.T.);
#197=FACE_OUTER_BOUND('',#332,.T.);
#198=FACE_OUTER_BOUND('',#333,.T.);
#199=FACE_OUTER_BOUND('',#334,.T.);
#200=FACE_OUTER_BOUND('',#335,.T.);
#201=FACE_OUTER_BOUND('',#336,.T.);
#202=FACE_OUTER_BOUND('',#337,.T.);
#203=FACE_OUTER_BOUND('',#338,.T.);
#204=FACE_OUTER_BOUND('',#339,.T.);
#205=FACE_OUTER_BOUND('',#340,.T.);
#206=FACE_OUTER_BOUND('',#341,.T.);
#207=FACE_OUTER_BOUND('',#342,.T.);
#208=FACE_OUTER_BOUND('',#343,.T.);
#209=FACE_OUTER_BOUND('',#344,.T.);
#210=FACE_OUTER_BOUND('',#345,.T.);
#211=FACE_OUTER_BOUND('',#346,.T.);
#212=FACE_OUTER_BOUND('',#347,.T.);
#213=FACE_OUTER_BOUND('',#348,.T.);
#214=FACE_OUTER_BOUND('',#349,.T.);
#215=FACE_OUTER_BOUND('',#350,.T.);
#216=FACE_OUTER_BOUND('',#351,.T.);
#217=FACE_OUTER_BOUND('',#352,.T.);
#218=FACE_OUTER_BOUND('',#353,.T.);
#219=FACE_OUTER_BOUND('',#354,.T.);
#220=FACE_OUTER_BOUND('',#355,.T.);
#221=FACE_OUTER_BOUND('',#356,.T.);
#222=FACE_OUTER_BOUND('',#357,.T.);
#223=FACE_OUTER_BOUND('',#358,.T.);
#224=FACE_OUTER_BOUND('',#359,.T.);
#225=FACE_OUTER_BOUND('',#360,.T.);
#226=FACE_OUTER_BOUND('',#361,.T.);
#227=FACE_OUTER_BOUND('',#362,.T.);
#228=FACE_OUTER_BOUND('',#363,.T.);
#229=FACE_OUTER_BOUND('',#364,.T.);
#230=FACE_OUTER_BOUND('',#365,.T.);
#231=FACE_OUTER_BOUND('',#366,.T.);
#232=FACE_OUTER_BOUND('',#367,.T.);
#233=FACE_OUTER_BOUND('',#368,.T.);
#234=FACE_OUTER_BOUND('',#369,.T.);
#235=FACE_OUTER_BOUND('',#370,.T.);
#236=FACE_OUTER_BOUND('',#371,.T.);
#237=FACE_OUTER_BOUND('',#372,.T.);
#238=FACE_OUTER_BOUND('',#373,.T.);
#239=FACE_OUTER_BOUND('',#374,.T.);
#240=FACE_OUTER_BOUND('',#375,.T.);
#241=FACE_OUTER_BOUND('',#376,.T.);
#242=FACE_OUTER_BOUND('',#377,.T.);
#243=FACE_OUTER_BOUND('',#378,.T.);
#244=FACE_OUTER_BOUND('',#379,.T.);
#245=FACE_OUTER_BOUND('',#380,.T.);
#246=FACE_OUTER_BOUND('',#381,.T.);
#247=FACE_OUTER_BOUND('',#382,.T.);
#248=FACE_OUTER_BOUND('',#383,.T.);
#249=FACE_OUTER_BOUND('',#384,.T.);
#250=FACE_OUTER_BOUND('',#385,.T.);
#251=FACE_OUTER_BOUND('',#386,.T.);
#252=FACE_OUTER_BOUND('',#387,.T.);
#253=FACE_OUTER_BOUND('',#388,.T.);
#254=FACE_OUTER_BOUND('',#389,.T.);
#255=FACE_OUTER_BOUND('',#390,.T.);
#256=FACE_OUTER_BOUND('',#391,.T.);
#257=FACE_OUTER_BOUND('',#392,.T.);
#258=FACE_OUTER_BOUND('',#393,.T.);
#259=FACE_OUTER_BOUND('',#394,.T.);
#260=FACE_OUTER_BOUND('',#395,.T.);
#261=FACE_OUTER_BOUND('',#396,.T.);
#262=FACE_OUTER_BOUND('',#399,.T.);
#263=FACE_OUTER_BOUND('',#400,.T.);
#264=FACE_OUTER_BOUND('',#402,.T.);
#265=FACE_OUTER_BOUND('',#403,.T.);
#266=FACE_OUTER_BOUND('',#404,.T.);
#267=FACE_OUTER_BOUND('',#405,.T.);
#268=FACE_OUTER_BOUND('',#406,.T.);
#269=FACE_OUTER_BOUND('',#407,.T.);
#270=FACE_OUTER_BOUND('',#408,.T.);
#271=FACE_OUTER_BOUND('',#409,.T.);
#272=FACE_OUTER_BOUND('',#410,.T.);
#273=FACE_OUTER_BOUND('',#411,.T.);
#274=FACE_OUTER_BOUND('',#412,.T.);
#275=FACE_OUTER_BOUND('',#413,.T.);
#276=FACE_OUTER_BOUND('',#414,.T.);
#277=FACE_OUTER_BOUND('',#415,.T.);
#278=FACE_OUTER_BOUND('',#416,.T.);
#279=FACE_OUTER_BOUND('',#417,.T.);
#280=FACE_OUTER_BOUND('',#418,.T.);
#281=FACE_OUTER_BOUND('',#419,.T.);
#282=FACE_OUTER_BOUND('',#420,.T.);
#283=FACE_OUTER_BOUND('',#421,.T.);
#284=FACE_OUTER_BOUND('',#422,.T.);
#285=FACE_OUTER_BOUND('',#423,.T.);
#286=FACE_OUTER_BOUND('',#424,.T.);
#287=FACE_OUTER_BOUND('',#425,.T.);
#288=FACE_OUTER_BOUND('',#426,.T.);
#289=FACE_OUTER_BOUND('',#427,.T.);
#290=FACE_OUTER_BOUND('',#428,.T.);
#291=FACE_OUTER_BOUND('',#429,.T.);
#292=FACE_OUTER_BOUND('',#430,.T.);
#293=FACE_OUTER_BOUND('',#431,.T.);
#294=FACE_OUTER_BOUND('',#432,.T.);
#295=FACE_OUTER_BOUND('',#433,.T.);
#296=FACE_OUTER_BOUND('',#434,.T.);
#297=FACE_OUTER_BOUND('',#435,.T.);
#298=FACE_OUTER_BOUND('',#437,.T.);
#299=FACE_OUTER_BOUND('',#438,.T.);
#300=FACE_OUTER_BOUND('',#439,.T.);
#301=FACE_OUTER_BOUND('',#440,.T.);
#302=FACE_OUTER_BOUND('',#441,.T.);
#303=FACE_OUTER_BOUND('',#442,.T.);
#304=FACE_OUTER_BOUND('',#443,.T.);
#305=FACE_OUTER_BOUND('',#444,.T.);
#306=EDGE_LOOP('',(#1502,#1503,#1504));
#307=EDGE_LOOP('',(#1505,#1506,#1507,#1508,#1509));
#308=EDGE_LOOP('',(#1510,#1511,#1512,#1513));
#309=EDGE_LOOP('',(#1514,#1515,#1516,#1517));
#310=EDGE_LOOP('',(#1518,#1519,#1520,#1521));
#311=EDGE_LOOP('',(#1522,#1523,#1524,#1525));
#312=EDGE_LOOP('',(#1526,#1527,#1528,#1529));
#313=EDGE_LOOP('',(#1530,#1531,#1532,#1533));
#314=EDGE_LOOP('',(#1534,#1535,#1536,#1537));
#315=EDGE_LOOP('',(#1538,#1539,#1540,#1541));
#316=EDGE_LOOP('',(#1542,#1543,#1544,#1545));
#317=EDGE_LOOP('',(#1546,#1547,#1548,#1549));
#318=EDGE_LOOP('',(#1550,#1551,#1552,#1553));
#319=EDGE_LOOP('',(#1554,#1555,#1556,#1557));
#320=EDGE_LOOP('',(#1558,#1559,#1560,#1561));
#321=EDGE_LOOP('',(#1562,#1563,#1564,#1565));
#322=EDGE_LOOP('',(#1566,#1567,#1568,#1569));
#323=EDGE_LOOP('',(#1570,#1571,#1572,#1573));
#324=EDGE_LOOP('',(#1574,#1575,#1576,#1577));
#325=EDGE_LOOP('',(#1578,#1579,#1580,#1581,#1582,#1583));
#326=EDGE_LOOP('',(#1584,#1585,#1586,#1587));
#327=EDGE_LOOP('',(#1588,#1589,#1590,#1591));
#328=EDGE_LOOP('',(#1592,#1593,#1594,#1595));
#329=EDGE_LOOP('',(#1596,#1597,#1598,#1599));
#330=EDGE_LOOP('',(#1600,#1601,#1602,#1603));
#331=EDGE_LOOP('',(#1604,#1605,#1606,#1607));
#332=EDGE_LOOP('',(#1608,#1609,#1610,#1611));
#333=EDGE_LOOP('',(#1612,#1613,#1614,#1615));
#334=EDGE_LOOP('',(#1616,#1617,#1618,#1619));
#335=EDGE_LOOP('',(#1620,#1621,#1622,#1623));
#336=EDGE_LOOP('',(#1624,#1625,#1626,#1627));
#337=EDGE_LOOP('',(#1628,#1629,#1630,#1631));
#338=EDGE_LOOP('',(#1632,#1633,#1634,#1635));
#339=EDGE_LOOP('',(#1636,#1637,#1638,#1639));
#340=EDGE_LOOP('',(#1640,#1641,#1642,#1643));
#341=EDGE_LOOP('',(#1644,#1645,#1646,#1647));
#342=EDGE_LOOP('',(#1648,#1649,#1650,#1651,#1652,#1653));
#343=EDGE_LOOP('',(#1654,#1655,#1656,#1657));
#344=EDGE_LOOP('',(#1658,#1659,#1660,#1661));
#345=EDGE_LOOP('',(#1662,#1663,#1664,#1665));
#346=EDGE_LOOP('',(#1666,#1667,#1668,#1669));
#347=EDGE_LOOP('',(#1670,#1671,#1672,#1673));
#348=EDGE_LOOP('',(#1674,#1675,#1676,#1677));
#349=EDGE_LOOP('',(#1678,#1679,#1680,#1681,#1682));
#350=EDGE_LOOP('',(#1683,#1684,#1685,#1686));
#351=EDGE_LOOP('',(#1687,#1688,#1689,#1690));
#352=EDGE_LOOP('',(#1691,#1692,#1693,#1694));
#353=EDGE_LOOP('',(#1695,#1696,#1697,#1698));
#354=EDGE_LOOP('',(#1699,#1700,#1701,#1702));
#355=EDGE_LOOP('',(#1703,#1704,#1705,#1706));
#356=EDGE_LOOP('',(#1707,#1708,#1709,#1710));
#357=EDGE_LOOP('',(#1711,#1712,#1713,#1714));
#358=EDGE_LOOP('',(#1715,#1716,#1717,#1718));
#359=EDGE_LOOP('',(#1719,#1720,#1721,#1722));
#360=EDGE_LOOP('',(#1723,#1724,#1725,#1726));
#361=EDGE_LOOP('',(#1727,#1728,#1729,#1730));
#362=EDGE_LOOP('',(#1731,#1732,#1733,#1734));
#363=EDGE_LOOP('',(#1735,#1736,#1737,#1738));
#364=EDGE_LOOP('',(#1739,#1740,#1741,#1742));
#365=EDGE_LOOP('',(#1743,#1744,#1745,#1746));
#366=EDGE_LOOP('',(#1747,#1748,#1749,#1750));
#367=EDGE_LOOP('',(#1751,#1752,#1753,#1754));
#368=EDGE_LOOP('',(#1755,#1756,#1757,#1758));
#369=EDGE_LOOP('',(#1759,#1760,#1761,#1762));
#370=EDGE_LOOP('',(#1763,#1764,#1765,#1766));
#371=EDGE_LOOP('',(#1767,#1768,#1769,#1770));
#372=EDGE_LOOP('',(#1771,#1772,#1773,#1774));
#373=EDGE_LOOP('',(#1775,#1776,#1777,#1778));
#374=EDGE_LOOP('',(#1779,#1780,#1781,#1782));
#375=EDGE_LOOP('',(#1783,#1784,#1785,#1786));
#376=EDGE_LOOP('',(#1787,#1788,#1789,#1790));
#377=EDGE_LOOP('',(#1791,#1792,#1793,#1794));
#378=EDGE_LOOP('',(#1795,#1796,#1797,#1798));
#379=EDGE_LOOP('',(#1799,#1800,#1801,#1802));
#380=EDGE_LOOP('',(#1803,#1804,#1805,#1806));
#381=EDGE_LOOP('',(#1807,#1808,#1809,#1810));
#382=EDGE_LOOP('',(#1811,#1812,#1813,#1814));
#383=EDGE_LOOP('',(#1815,#1816,#1817,#1818));
#384=EDGE_LOOP('',(#1819,#1820,#1821,#1822));
#385=EDGE_LOOP('',(#1823,#1824,#1825,#1826));
#386=EDGE_LOOP('',(#1827,#1828,#1829,#1830));
#387=EDGE_LOOP('',(#1831,#1832,#1833,#1834));
#388=EDGE_LOOP('',(#1835,#1836,#1837,#1838));
#389=EDGE_LOOP('',(#1839,#1840,#1841,#1842));
#390=EDGE_LOOP('',(#1843,#1844,#1845,#1846));
#391=EDGE_LOOP('',(#1847,#1848,#1849,#1850));
#392=EDGE_LOOP('',(#1851,#1852,#1853,#1854));
#393=EDGE_LOOP('',(#1855,#1856,#1857,#1858,#1859,#1860,#1861,#1862,#1863));
#394=EDGE_LOOP('',(#1864,#1865,#1866));
#395=EDGE_LOOP('',(#1867,#1868,#1869,#1870));
#396=EDGE_LOOP('',(#1871,#1872));
#397=EDGE_LOOP('',(#1873));
#398=EDGE_LOOP('',(#1874));
#399=EDGE_LOOP('',(#1875,#1876,#1877,#1878));
#400=EDGE_LOOP('',(#1879));
#401=EDGE_LOOP('',(#1880,#1881,#1882,#1883,#1884,#1885,#1886,#1887,#1888,
#1889,#1890,#1891,#1892,#1893,#1894,#1895,#1896,#1897,#1898,#1899,#1900,
#1901,#1902,#1903,#1904,#1905,#1906,#1907,#1908,#1909,#1910,#1911));
#402=EDGE_LOOP('',(#1912,#1913,#1914,#1915));
#403=EDGE_LOOP('',(#1916,#1917,#1918,#1919));
#404=EDGE_LOOP('',(#1920,#1921,#1922,#1923));
#405=EDGE_LOOP('',(#1924,#1925,#1926,#1927,#1928,#1929,#1930,#1931,#1932,
#1933,#1934,#1935,#1936,#1937,#1938,#1939,#1940,#1941,#1942,#1943,#1944,
#1945,#1946,#1947,#1948,#1949,#1950,#1951,#1952,#1953,#1954,#1955));
#406=EDGE_LOOP('',(#1956,#1957,#1958,#1959));
#407=EDGE_LOOP('',(#1960,#1961,#1962,#1963));
#408=EDGE_LOOP('',(#1964,#1965,#1966,#1967));
#409=EDGE_LOOP('',(#1968,#1969,#1970,#1971));
#410=EDGE_LOOP('',(#1972,#1973,#1974,#1975));
#411=EDGE_LOOP('',(#1976,#1977,#1978,#1979));
#412=EDGE_LOOP('',(#1980,#1981,#1982,#1983));
#413=EDGE_LOOP('',(#1984,#1985,#1986,#1987));
#414=EDGE_LOOP('',(#1988,#1989,#1990,#1991));
#415=EDGE_LOOP('',(#1992,#1993,#1994,#1995));
#416=EDGE_LOOP('',(#1996,#1997,#1998,#1999));
#417=EDGE_LOOP('',(#2000,#2001,#2002,#2003));
#418=EDGE_LOOP('',(#2004,#2005,#2006,#2007));
#419=EDGE_LOOP('',(#2008,#2009,#2010,#2011));
#420=EDGE_LOOP('',(#2012,#2013,#2014,#2015));
#421=EDGE_LOOP('',(#2016,#2017,#2018,#2019));
#422=EDGE_LOOP('',(#2020,#2021,#2022,#2023));
#423=EDGE_LOOP('',(#2024,#2025,#2026,#2027));
#424=EDGE_LOOP('',(#2028,#2029,#2030,#2031));
#425=EDGE_LOOP('',(#2032,#2033,#2034,#2035));
#426=EDGE_LOOP('',(#2036,#2037,#2038,#2039));
#427=EDGE_LOOP('',(#2040,#2041,#2042,#2043));
#428=EDGE_LOOP('',(#2044,#2045,#2046,#2047));
#429=EDGE_LOOP('',(#2048,#2049,#2050,#2051));
#430=EDGE_LOOP('',(#2052,#2053,#2054,#2055));
#431=EDGE_LOOP('',(#2056,#2057,#2058,#2059));
#432=EDGE_LOOP('',(#2060,#2061,#2062,#2063));
#433=EDGE_LOOP('',(#2064,#2065,#2066,#2067));
#434=EDGE_LOOP('',(#2068,#2069,#2070,#2071));
#435=EDGE_LOOP('',(#2072));
#436=EDGE_LOOP('',(#2073,#2074,#2075));
#437=EDGE_LOOP('',(#2076,#2077,#2078,#2079,#2080,#2081,#2082,#2083,#2084,
#2085,#2086,#2087,#2088,#2089,#2090,#2091,#2092,#2093,#2094));
#438=EDGE_LOOP('',(#2095,#2096,#2097,#2098,#2099,#2100,#2101,#2102,#2103,
#2104,#2105,#2106,#2107,#2108,#2109,#2110,#2111));
#439=EDGE_LOOP('',(#2112));
#440=EDGE_LOOP('',(#2113,#2114,#2115,#2116,#2117,#2118,#2119,#2120,#2121,
#2122,#2123,#2124,#2125,#2126,#2127,#2128,#2129,#2130,#2131,#2132,#2133,
#2134,#2135,#2136,#2137,#2138,#2139,#2140,#2141,#2142,#2143,#2144,#2145,
#2146,#2147,#2148,#2149,#2150,#2151,#2152));
#441=EDGE_LOOP('',(#2153,#2154,#2155,#2156));
#442=EDGE_LOOP('',(#2157,#2158,#2159,#2160,#2161,#2162,#2163,#2164,#2165,
#2166,#2167,#2168,#2169,#2170,#2171,#2172,#2173,#2174,#2175,#2176,#2177,
#2178,#2179,#2180,#2181,#2182,#2183,#2184,#2185,#2186,#2187,#2188,#2189,
#2190,#2191,#2192,#2193,#2194,#2195,#2196,#2197));
#443=EDGE_LOOP('',(#2198,#2199,#2200,#2201,#2202,#2203,#2204,#2205,#2206,
#2207,#2208,#2209,#2210,#2211,#2212,#2213,#2214,#2215,#2216,#2217,#2218,
#2219,#2220,#2221,#2222,#2223,#2224,#2225,#2226,#2227,#2228,#2229,#2230,
#2231,#2232,#2233,#2234));
#444=EDGE_LOOP('',(#2235,#2236,#2237,#2238,#2239,#2240,#2241,#2242,#2243,
#2244,#2245,#2246,#2247,#2248,#2249,#2250,#2251,#2252,#2253,#2254,#2255,
#2256,#2257,#2258,#2259,#2260,#2261,#2262,#2263,#2264,#2265,#2266,#2267,
#2268,#2269,#2270,#2271));
#445=CIRCLE('',#2510,1.54533666301233);
#446=CIRCLE('',#2512,1.54533666301233);
#447=CIRCLE('',#2555,1.99999999999999);
#448=CIRCLE('',#2556,1.54533666301312);
#449=CIRCLE('',#2558,1.99999999999999);
#450=CIRCLE('',#2601,1.99999999999999);
#451=CIRCLE('',#2603,1.5);
#452=CIRCLE('',#2605,1.99999999999999);
#453=CIRCLE('',#2607,3.89178668840649);
#454=CIRCLE('',#2608,0.619999999999999);
#455=CIRCLE('',#2609,3.28855975170348);
#456=CIRCLE('',#2611,4.);
#457=CIRCLE('',#2612,3.89178668840649);
#458=CIRCLE('',#2614,3.40009761741687);
#459=CIRCLE('',#2615,0.619999999999997);
#460=CIRCLE('',#2617,2.44232259812446);
#461=CIRCLE('',#2618,18.6929594310596);
#462=CIRCLE('',#2620,18.7428768750686);
#463=CIRCLE('',#2621,0.104979794127427);
#464=CIRCLE('',#2622,18.7428768750686);
#465=CIRCLE('',#2624,18.6929594310596);
#466=CIRCLE('',#2625,2.44232259812446);
#467=CIRCLE('',#2626,18.6929594310596);
#468=CIRCLE('',#2628,18.7428768750686);
#469=CIRCLE('',#2629,0.104979794127426);
#470=CIRCLE('',#2630,18.7428768750686);
#471=CIRCLE('',#2632,18.6929594310596);
#472=CIRCLE('',#2633,2.44232259812446);
#473=CIRCLE('',#2634,18.6929594310596);
#474=CIRCLE('',#2636,18.7428768750686);
#475=CIRCLE('',#2637,0.104979794127428);
#476=CIRCLE('',#2638,18.7428768750686);
#477=CIRCLE('',#2640,18.6929594310596);
#478=CIRCLE('',#2641,2.44232259812446);
#479=CIRCLE('',#2642,18.6929594310596);
#480=CIRCLE('',#2644,18.7428768750686);
#481=CIRCLE('',#2645,0.104979794127427);
#482=CIRCLE('',#2646,18.7428768750686);
#483=CIRCLE('',#2648,18.6929594310596);
#484=CIRCLE('',#2650,1.54521927503028);
#485=CIRCLE('',#2652,1.54521927503028);
#486=CIRCLE('',#2654,1.54521927503028);
#487=CIRCLE('',#2656,0.562547721277172);
#488=CIRCLE('',#2657,0.562547721277172);
#489=CIRCLE('',#2658,0.562547721277172);
#490=CIRCLE('',#2659,1.54521927503028);
#491=CIRCLE('',#2660,0.562547721277172);
#492=CIRCLE('',#2661,0.562547721277172);
#493=CIRCLE('',#2662,0.562547721277172);
#494=CIRCLE('',#2663,0.562547721277172);
#495=CIRCLE('',#2664,0.562547721277172);
#496=CIRCLE('',#2665,0.562547721277172);
#497=CIRCLE('',#2666,0.562547721277172);
#498=CIRCLE('',#2667,0.562547721277172);
#499=CIRCLE('',#2668,0.562547721277172);
#500=(
BOUNDED_CURVE()
B_SPLINE_CURVE(2,(#3230,#3231,#3232),.UNSPECIFIED.,.F.,.F.)
B_SPLINE_CURVE_WITH_KNOTS((3,3),(0.0230696719750941,0.0263157894736842),
 .UNSPECIFIED.)
CURVE()
GEOMETRIC_REPRESENTATION_ITEM()
RATIONAL_B_SPLINE_CURVE((0.937537045612758,0.950421709949825,1.))
REPRESENTATION_ITEM('')
);
#501=(
BOUNDED_CURVE()
B_SPLINE_CURVE(2,(#3238,#3239,#3240,#3241,#3242,#3243,#3244,#3245,#3246,
#3247,#3248,#3249,#3250),.UNSPECIFIED.,.F.,.F.)
B_SPLINE_CURVE_WITH_KNOTS((3,2,2,2,2,2,3),(0.0263157894736842,0.0350877192982456,
0.043859649122807,0.0526315789473684,0.0614035087719298,0.0701754385964912,
0.0789473684210526),.UNSPECIFIED.)
CURVE()
GEOMETRIC_REPRESENTATION_ITEM()
RATIONAL_B_SPLINE_CURVE((1.,0.866025403784439,1.,0.866025403784439,1.,0.866025403784439,
1.,0.866025403784439,1.,0.866025403784439,1.,0.866025403784439,1.))
REPRESENTATION_ITEM('')
);
#502=(
BOUNDED_CURVE()
B_SPLINE_CURVE(2,(#3253,#3254,#3255,#3256,#3257,#3258,#3259,#3260,#3261,
#3262,#3263,#3264,#3265),.UNSPECIFIED.,.F.,.F.)
B_SPLINE_CURVE_WITH_KNOTS((3,2,2,2,2,2,3),(0.0297871743294801,0.0350877192982456,
0.043859649122807,0.0526315789473684,0.0614035087719298,0.0701754385964912,
0.0789473684210526),.UNSPECIFIED.)
CURVE()
GEOMETRIC_REPRESENTATION_ITEM()
RATIONAL_B_SPLINE_CURVE((0.935925467974501,0.919044225601942,1.,0.866025403784439,
1.,0.866025403784439,1.,0.866025403784439,1.,0.866025403784439,1.,0.866025403784439,
1.))
REPRESENTATION_ITEM('')
);
#503=(
BOUNDED_CURVE()
B_SPLINE_CURVE(2,(#3270,#3271,#3272,#3273,#3274,#3275,#3276,#3277,#3278,
#3279,#3280,#3281,#3282),.UNSPECIFIED.,.F.,.F.)
B_SPLINE_CURVE_WITH_KNOTS((3,2,2,2,2,2,3),(0.0789473684210526,0.087719298245614,
0.0964912280701754,0.105263157894737,0.114035087719298,0.12280701754386,
0.131578947368421),.UNSPECIFIED.)
CURVE()
GEOMETRIC_REPRESENTATION_ITEM()
RATIONAL_B_SPLINE_CURVE((1.,0.866025403784439,1.,0.866025403784439,1.,0.866025403784439,
1.,0.866025403784439,1.,0.866025403784439,1.,0.866025403784439,1.))
REPRESENTATION_ITEM('')
);
#504=(
BOUNDED_CURVE()
B_SPLINE_CURVE(2,(#3283,#3284,#3285,#3286,#3287,#3288,#3289,#3290,#3291,
#3292,#3293,#3294,#3295),.UNSPECIFIED.,.F.,.F.)
B_SPLINE_CURVE_WITH_KNOTS((3,2,2,2,2,2,3),(0.0789473684210526,0.087719298245614,
0.0964912280701754,0.105263157894737,0.114035087719298,0.12280701754386,
0.131578947368421),.UNSPECIFIED.)
CURVE()
GEOMETRIC_REPRESENTATION_ITEM()
RATIONAL_B_SPLINE_CURVE((1.,0.866025403784439,1.,0.866025403784439,1.,0.866025403784439,
1.,0.866025403784439,1.,0.866025403784439,1.,0.866025403784439,1.))
REPRESENTATION_ITEM('')
);
#505=(
BOUNDED_CURVE()
B_SPLINE_CURVE(2,(#3300,#3301,#3302,#3303,#3304,#3305,#3306,#3307,#3308,
#3309,#3310,#3311,#3312),.UNSPECIFIED.,.F.,.F.)
B_SPLINE_CURVE_WITH_KNOTS((3,2,2,2,2,2,3),(0.131578947368421,0.140350877192982,
0.149122807017544,0.157894736842105,0.166666666666667,0.175438596491228,
0.184210526315789),.UNSPECIFIED.)
CURVE()
GEOMETRIC_REPRESENTATION_ITEM()
RATIONAL_B_SPLINE_CURVE((1.,0.866025403784439,1.,0.866025403784439,1.,0.866025403784439,
1.,0.866025403784439,1.,0.866025403784439,1.,0.866025403784439,1.))
REPRESENTATION_ITEM('')
);
#506=(
BOUNDED_CURVE()
B_SPLINE_CURVE(2,(#3313,#3314,#3315,#3316,#3317,#3318,#3319,#3320,#3321,
#3322,#3323,#3324,#3325),.UNSPECIFIED.,.F.,.F.)
B_SPLINE_CURVE_WITH_KNOTS((3,2,2,2,2,2,3),(0.131578947368421,0.140350877192982,
0.149122807017544,0.157894736842105,0.166666666666667,0.175438596491228,
0.184210526315789),.UNSPECIFIED.)
CURVE()
GEOMETRIC_REPRESENTATION_ITEM()
RATIONAL_B_SPLINE_CURVE((1.,0.866025403784439,1.,0.866025403784439,1.,0.866025403784439,
1.,0.866025403784439,1.,0.866025403784439,1.,0.866025403784439,1.))
REPRESENTATION_ITEM('')
);
#507=(
BOUNDED_CURVE()
B_SPLINE_CURVE(2,(#3330,#3331,#3332,#3333,#3334,#3335,#3336,#3337,#3338,
#3339,#3340,#3341,#3342),.UNSPECIFIED.,.F.,.F.)
B_SPLINE_CURVE_WITH_KNOTS((3,2,2,2,2,2,3),(0.184210526315789,0.192982456140351,
0.201754385964912,0.210526315789474,0.219298245614035,0.228070175438596,
0.236842105263158),.UNSPECIFIED.)
CURVE()
GEOMETRIC_REPRESENTATION_ITEM()
RATIONAL_B_SPLINE_CURVE((1.,0.866025403784439,1.,0.866025403784439,1.,0.866025403784439,
1.,0.866025403784439,1.,0.866025403784439,1.,0.866025403784439,1.))
REPRESENTATION_ITEM('')
);
#508=(
BOUNDED_CURVE()
B_SPLINE_CURVE(2,(#3343,#3344,#3345,#3346,#3347,#3348,#3349,#3350,#3351,
#3352,#3353,#3354,#3355),.UNSPECIFIED.,.F.,.F.)
B_SPLINE_CURVE_WITH_KNOTS((3,2,2,2,2,2,3),(0.184210526315789,0.192982456140351,
0.201754385964912,0.210526315789474,0.219298245614035,0.228070175438596,
0.236842105263158),.UNSPECIFIED.)
CURVE()
GEOMETRIC_REPRESENTATION_ITEM()
RATIONAL_B_SPLINE_CURVE((1.,0.866025403784439,1.,0.866025403784439,1.,0.866025403784439,
1.,0.866025403784439,1.,0.866025403784439,1.,0.866025403784439,1.))
REPRESENTATION_ITEM('')
);
#509=(
BOUNDED_CURVE()
B_SPLINE_CURVE(2,(#3360,#3361,#3362,#3363,#3364,#3365,#3366,#3367,#3368,
#3369,#3370,#3371,#3372),.UNSPECIFIED.,.F.,.F.)
B_SPLINE_CURVE_WITH_KNOTS((3,2,2,2,2,2,3),(0.236842105263158,0.245614035087719,
0.254385964912281,0.263157894736842,0.271929824561404,0.280701754385965,
0.289473684210526),.UNSPECIFIED.)
CURVE()
GEOMETRIC_REPRESENTATION_ITEM()
RATIONAL_B_SPLINE_CURVE((1.,0.866025403784439,1.,0.866025403784439,1.,0.866025403784439,
1.,0.866025403784439,1.,0.866025403784439,1.,0.866025403784439,1.))
REPRESENTATION_ITEM('')
);
#510=(
BOUNDED_CURVE()
B_SPLINE_CURVE(2,(#3373,#3374,#3375,#3376,#3377,#3378,#3379,#3380,#3381,
#3382,#3383,#3384,#3385),.UNSPECIFIED.,.F.,.F.)
B_SPLINE_CURVE_WITH_KNOTS((3,2,2,2,2,2,3),(0.236842105263158,0.245614035087719,
0.254385964912281,0.263157894736842,0.271929824561404,0.280701754385965,
0.289473684210526),.UNSPECIFIED.)
CURVE()
GEOMETRIC_REPRESENTATION_ITEM()
RATIONAL_B_SPLINE_CURVE((1.,0.866025403784439,1.,0.866025403784439,1.,0.866025403784439,
1.,0.866025403784439,1.,0.866025403784439,1.,0.866025403784439,1.))
REPRESENTATION_ITEM('')
);
#511=(
BOUNDED_CURVE()
B_SPLINE_CURVE(2,(#3390,#3391,#3392,#3393,#3394,#3395,#3396,#3397,#3398,
#3399,#3400,#3401,#3402),.UNSPECIFIED.,.F.,.F.)
B_SPLINE_CURVE_WITH_KNOTS((3,2,2,2,2,2,3),(0.289473684210526,0.298245614035088,
0.307017543859649,0.315789473684211,0.324561403508772,0.333333333333333,
0.342105263157895),.UNSPECIFIED.)
CURVE()
GEOMETRIC_REPRESENTATION_ITEM()
RATIONAL_B_SPLINE_CURVE((1.,0.866025403784439,1.,0.866025403784439,1.,0.866025403784439,
1.,0.866025403784439,1.,0.866025403784439,1.,0.866025403784439,1.))
REPRESENTATION_ITEM('')
);
#512=(
BOUNDED_CURVE()
B_SPLINE_CURVE(2,(#3403,#3404,#3405,#3406,#3407,#3408,#3409,#3410,#3411,
#3412,#3413,#3414,#3415),.UNSPECIFIED.,.F.,.F.)
B_SPLINE_CURVE_WITH_KNOTS((3,2,2,2,2,2,3),(0.289473684210526,0.298245614035088,
0.307017543859649,0.315789473684211,0.324561403508772,0.333333333333333,
0.342105263157895),.UNSPECIFIED.)
CURVE()
GEOMETRIC_REPRESENTATION_ITEM()
RATIONAL_B_SPLINE_CURVE((1.,0.866025403784439,1.,0.866025403784439,1.,0.866025403784439,
1.,0.866025403784439,1.,0.866025403784439,1.,0.866025403784439,1.))
REPRESENTATION_ITEM('')
);
#513=(
BOUNDED_CURVE()
B_SPLINE_CURVE(2,(#3420,#3421,#3422,#3423,#3424,#3425,#3426,#3427,#3428,
#3429,#3430,#3431,#3432),.UNSPECIFIED.,.F.,.F.)
B_SPLINE_CURVE_WITH_KNOTS((3,2,2,2,2,2,3),(0.342105263157895,0.350877192982456,
0.359649122807018,0.368421052631579,0.37719298245614,0.385964912280702,
0.394736842105263),.UNSPECIFIED.)
CURVE()
GEOMETRIC_REPRESENTATION_ITEM()
RATIONAL_B_SPLINE_CURVE((1.,0.866025403784439,1.,0.866025403784439,1.,0.866025403784439,
1.,0.866025403784439,1.,0.866025403784439,1.,0.866025403784439,1.))
REPRESENTATION_ITEM('')
);
#514=(
BOUNDED_CURVE()
B_SPLINE_CURVE(2,(#3433,#3434,#3435,#3436,#3437,#3438,#3439,#3440,#3441,
#3442,#3443,#3444,#3445),.UNSPECIFIED.,.F.,.F.)
B_SPLINE_CURVE_WITH_KNOTS((3,2,2,2,2,2,3),(0.342105263157895,0.350877192982456,
0.359649122807018,0.368421052631579,0.37719298245614,0.385964912280702,
0.394736842105263),.UNSPECIFIED.)
CURVE()
GEOMETRIC_REPRESENTATION_ITEM()
RATIONAL_B_SPLINE_CURVE((1.,0.866025403784439,1.,0.866025403784439,1.,0.866025403784439,
1.,0.866025403784439,1.,0.866025403784439,1.,0.866025403784439,1.))
REPRESENTATION_ITEM('')
);
#515=(
BOUNDED_CURVE()
B_SPLINE_CURVE(2,(#3450,#3451,#3452,#3453,#3454,#3455,#3456,#3457,#3458,
#3459,#3460,#3461,#3462),.UNSPECIFIED.,.F.,.F.)
B_SPLINE_CURVE_WITH_KNOTS((3,2,2,2,2,2,3),(0.394736842105263,0.403508771929825,
0.412280701754386,0.421052631578947,0.429824561403509,0.43859649122807,
0.447368421052632),.UNSPECIFIED.)
CURVE()
GEOMETRIC_REPRESENTATION_ITEM()
RATIONAL_B_SPLINE_CURVE((1.,0.866025403784439,1.,0.866025403784439,1.,0.866025403784439,
1.,0.866025403784439,1.,0.866025403784439,1.,0.866025403784439,1.))
REPRESENTATION_ITEM('')
);
#516=(
BOUNDED_CURVE()
B_SPLINE_CURVE(2,(#3463,#3464,#3465,#3466,#3467,#3468,#3469,#3470,#3471,
#3472,#3473,#3474,#3475),.UNSPECIFIED.,.F.,.F.)
B_SPLINE_CURVE_WITH_KNOTS((3,2,2,2,2,2,3),(0.394736842105263,0.403508771929825,
0.412280701754386,0.421052631578947,0.429824561403509,0.43859649122807,
0.447368421052632),.UNSPECIFIED.)
CURVE()
GEOMETRIC_REPRESENTATION_ITEM()
RATIONAL_B_SPLINE_CURVE((1.,0.866025403784439,1.,0.866025403784439,1.,0.866025403784439,
1.,0.866025403784439,1.,0.866025403784439,1.,0.866025403784439,1.))
REPRESENTATION_ITEM('')
);
#517=(
BOUNDED_CURVE()
B_SPLINE_CURVE(2,(#3480,#3481,#3482,#3483,#3484,#3485,#3486,#3487,#3488,
#3489,#3490,#3491,#3492),.UNSPECIFIED.,.F.,.F.)
B_SPLINE_CURVE_WITH_KNOTS((3,2,2,2,2,2,3),(0.447368421052632,0.456140350877193,
0.464912280701754,0.473684210526316,0.482456140350877,0.491228070175439,
0.5),.UNSPECIFIED.)
CURVE()
GEOMETRIC_REPRESENTATION_ITEM()
RATIONAL_B_SPLINE_CURVE((1.,0.866025403784439,1.,0.866025403784439,1.,0.866025403784439,
1.,0.866025403784439,1.,0.866025403784439,1.,0.866025403784439,1.))
REPRESENTATION_ITEM('')
);
#518=(
BOUNDED_CURVE()
B_SPLINE_CURVE(2,(#3493,#3494,#3495,#3496,#3497,#3498,#3499,#3500,#3501,
#3502,#3503,#3504,#3505),.UNSPECIFIED.,.F.,.F.)
B_SPLINE_CURVE_WITH_KNOTS((3,2,2,2,2,2,3),(0.447368421052632,0.456140350877193,
0.464912280701754,0.473684210526316,0.482456140350877,0.491228070175439,
0.5),.UNSPECIFIED.)
CURVE()
GEOMETRIC_REPRESENTATION_ITEM()
RATIONAL_B_SPLINE_CURVE((1.,0.866025403784439,1.,0.866025403784439,1.,0.866025403784439,
1.,0.866025403784439,1.,0.866025403784439,1.,0.866025403784439,1.))
REPRESENTATION_ITEM('')
);
#519=(
BOUNDED_CURVE()
B_SPLINE_CURVE(2,(#3510,#3511,#3512,#3513,#3514,#3515,#3516,#3517,#3518,
#3519,#3520,#3521,#3522),.UNSPECIFIED.,.F.,.F.)
B_SPLINE_CURVE_WITH_KNOTS((3,2,2,2,2,2,3),(0.5,0.508771929824561,0.517543859649123,
0.526315789473684,0.535087719298246,0.543859649122807,0.552631578947368),
 .UNSPECIFIED.)
CURVE()
GEOMETRIC_REPRESENTATION_ITEM()
RATIONAL_B_SPLINE_CURVE((1.,0.866025403784439,1.,0.866025403784439,1.,0.866025403784439,
1.,0.866025403784439,1.,0.866025403784439,1.,0.866025403784439,1.))
REPRESENTATION_ITEM('')
);
#520=(
BOUNDED_CURVE()
B_SPLINE_CURVE(2,(#3523,#3524,#3525,#3526,#3527,#3528,#3529,#3530,#3531,
#3532,#3533,#3534,#3535),.UNSPECIFIED.,.F.,.F.)
B_SPLINE_CURVE_WITH_KNOTS((3,2,2,2,2,2,3),(0.5,0.508771929824561,0.517543859649123,
0.526315789473684,0.535087719298246,0.543859649122807,0.552631578947368),
 .UNSPECIFIED.)
CURVE()
GEOMETRIC_REPRESENTATION_ITEM()
RATIONAL_B_SPLINE_CURVE((1.,0.866025403784439,1.,0.866025403784439,1.,0.866025403784439,
1.,0.866025403784439,1.,0.866025403784439,1.,0.866025403784439,1.))
REPRESENTATION_ITEM('')
);
#521=(
BOUNDED_CURVE()
B_SPLINE_CURVE(2,(#3540,#3541,#3542,#3543,#3544,#3545,#3546,#3547,#3548,
#3549,#3550,#3551,#3552),.UNSPECIFIED.,.F.,.F.)
B_SPLINE_CURVE_WITH_KNOTS((3,2,2,2,2,2,3),(0.552631578947368,0.56140350877193,
0.570175438596491,0.578947368421053,0.587719298245614,0.596491228070175,
0.605263157894737),.UNSPECIFIED.)
CURVE()
GEOMETRIC_REPRESENTATION_ITEM()
RATIONAL_B_SPLINE_CURVE((1.,0.866025403784439,1.,0.866025403784439,1.,0.866025403784439,
1.,0.866025403784439,1.,0.866025403784439,1.,0.866025403784439,1.))
REPRESENTATION_ITEM('')
);
#522=(
BOUNDED_CURVE()
B_SPLINE_CURVE(2,(#3553,#3554,#3555,#3556,#3557,#3558,#3559,#3560,#3561,
#3562,#3563,#3564,#3565),.UNSPECIFIED.,.F.,.F.)
B_SPLINE_CURVE_WITH_KNOTS((3,2,2,2,2,2,3),(0.552631578947368,0.56140350877193,
0.570175438596491,0.578947368421053,0.587719298245614,0.596491228070175,
0.605263157894737),.UNSPECIFIED.)
CURVE()
GEOMETRIC_REPRESENTATION_ITEM()
RATIONAL_B_SPLINE_CURVE((1.,0.866025403784439,1.,0.866025403784439,1.,0.866025403784439,
1.,0.866025403784439,1.,0.866025403784439,1.,0.866025403784439,1.))
REPRESENTATION_ITEM('')
);
#523=(
BOUNDED_CURVE()
B_SPLINE_CURVE(2,(#3570,#3571,#3572,#3573,#3574,#3575,#3576,#3577,#3578,
#3579,#3580,#3581,#3582),.UNSPECIFIED.,.F.,.F.)
B_SPLINE_CURVE_WITH_KNOTS((3,2,2,2,2,2,3),(0.605263157894737,0.614035087719298,
0.62280701754386,0.631578947368421,0.640350877192982,0.649122807017544,
0.657894736842105),.UNSPECIFIED.)
CURVE()
GEOMETRIC_REPRESENTATION_ITEM()
RATIONAL_B_SPLINE_CURVE((1.,0.866025403784439,1.,0.866025403784439,1.,0.866025403784439,
1.,0.866025403784439,1.,0.866025403784439,1.,0.866025403784439,1.))
REPRESENTATION_ITEM('')
);
#524=(
BOUNDED_CURVE()
B_SPLINE_CURVE(2,(#3583,#3584,#3585,#3586,#3587,#3588,#3589,#3590,#3591,
#3592,#3593,#3594,#3595),.UNSPECIFIED.,.F.,.F.)
B_SPLINE_CURVE_WITH_KNOTS((3,2,2,2,2,2,3),(0.605263157894737,0.614035087719298,
0.62280701754386,0.631578947368421,0.640350877192982,0.649122807017544,
0.657894736842105),.UNSPECIFIED.)
CURVE()
GEOMETRIC_REPRESENTATION_ITEM()
RATIONAL_B_SPLINE_CURVE((1.,0.866025403784439,1.,0.866025403784439,1.,0.866025403784439,
1.,0.866025403784439,1.,0.866025403784439,1.,0.866025403784439,1.))
REPRESENTATION_ITEM('')
);
#525=(
BOUNDED_CURVE()
B_SPLINE_CURVE(2,(#3600,#3601,#3602,#3603,#3604,#3605,#3606,#3607,#3608,
#3609,#3610,#3611,#3612),.UNSPECIFIED.,.F.,.F.)
B_SPLINE_CURVE_WITH_KNOTS((3,2,2,2,2,2,3),(0.657894736842105,0.666666666666667,
0.675438596491228,0.684210526315789,0.692982456140351,0.701754385964912,
0.710526315789474),.UNSPECIFIED.)
CURVE()
GEOMETRIC_REPRESENTATION_ITEM()
RATIONAL_B_SPLINE_CURVE((1.,0.866025403784439,1.,0.866025403784439,1.,0.866025403784439,
1.,0.866025403784439,1.,0.866025403784439,1.,0.866025403784439,1.))
REPRESENTATION_ITEM('')
);
#526=(
BOUNDED_CURVE()
B_SPLINE_CURVE(2,(#3613,#3614,#3615,#3616,#3617,#3618,#3619,#3620,#3621,
#3622,#3623,#3624,#3625),.UNSPECIFIED.,.F.,.F.)
B_SPLINE_CURVE_WITH_KNOTS((3,2,2,2,2,2,3),(0.657894736842105,0.666666666666667,
0.675438596491228,0.684210526315789,0.692982456140351,0.701754385964912,
0.710526315789474),.UNSPECIFIED.)
CURVE()
GEOMETRIC_REPRESENTATION_ITEM()
RATIONAL_B_SPLINE_CURVE((1.,0.866025403784439,1.,0.866025403784439,1.,0.866025403784439,
1.,0.866025403784439,1.,0.866025403784439,1.,0.866025403784439,1.))
REPRESENTATION_ITEM('')
);
#527=(
BOUNDED_CURVE()
B_SPLINE_CURVE(2,(#3630,#3631,#3632,#3633,#3634,#3635,#3636,#3637,#3638,
#3639,#3640,#3641,#3642),.UNSPECIFIED.,.F.,.F.)
B_SPLINE_CURVE_WITH_KNOTS((3,2,2,2,2,2,3),(0.710526315789474,0.719298245614035,
0.728070175438597,0.736842105263158,0.745614035087719,0.754385964912281,
0.763157894736842),.UNSPECIFIED.)
CURVE()
GEOMETRIC_REPRESENTATION_ITEM()
RATIONAL_B_SPLINE_CURVE((1.,0.866025403784439,1.,0.866025403784439,1.,0.866025403784439,
1.,0.866025403784439,1.,0.866025403784439,1.,0.866025403784439,1.))
REPRESENTATION_ITEM('')
);
#528=(
BOUNDED_CURVE()
B_SPLINE_CURVE(2,(#3643,#3644,#3645,#3646,#3647,#3648,#3649,#3650,#3651,
#3652,#3653,#3654,#3655),.UNSPECIFIED.,.F.,.F.)
B_SPLINE_CURVE_WITH_KNOTS((3,2,2,2,2,2,3),(0.710526315789474,0.719298245614035,
0.728070175438597,0.736842105263158,0.745614035087719,0.754385964912281,
0.763157894736842),.UNSPECIFIED.)
CURVE()
GEOMETRIC_REPRESENTATION_ITEM()
RATIONAL_B_SPLINE_CURVE((1.,0.866025403784439,1.,0.866025403784439,1.,0.866025403784439,
1.,0.866025403784439,1.,0.866025403784439,1.,0.866025403784439,1.))
REPRESENTATION_ITEM('')
);
#529=(
BOUNDED_CURVE()
B_SPLINE_CURVE(2,(#3660,#3661,#3662,#3663,#3664,#3665,#3666,#3667,#3668,
#3669,#3670,#3671,#3672),.UNSPECIFIED.,.F.,.F.)
B_SPLINE_CURVE_WITH_KNOTS((3,2,2,2,2,2,3),(0.763157894736842,0.771929824561403,
0.780701754385965,0.789473684210526,0.798245614035088,0.807017543859649,
0.815789473684211),.UNSPECIFIED.)
CURVE()
GEOMETRIC_REPRESENTATION_ITEM()
RATIONAL_B_SPLINE_CURVE((1.,0.866025403784439,1.,0.866025403784439,1.,0.866025403784439,
1.,0.866025403784439,1.,0.866025403784439,1.,0.866025403784439,1.))
REPRESENTATION_ITEM('')
);
#530=(
BOUNDED_CURVE()
B_SPLINE_CURVE(2,(#3673,#3674,#3675,#3676,#3677,#3678,#3679,#3680,#3681,
#3682,#3683,#3684,#3685),.UNSPECIFIED.,.F.,.F.)
B_SPLINE_CURVE_WITH_KNOTS((3,2,2,2,2,2,3),(0.763157894736842,0.771929824561403,
0.780701754385965,0.789473684210526,0.798245614035088,0.807017543859649,
0.815789473684211),.UNSPECIFIED.)
CURVE()
GEOMETRIC_REPRESENTATION_ITEM()
RATIONAL_B_SPLINE_CURVE((1.,0.866025403784439,1.,0.866025403784439,1.,0.866025403784439,
1.,0.866025403784439,1.,0.866025403784439,1.,0.866025403784439,1.))
REPRESENTATION_ITEM('')
);
#531=(
BOUNDED_CURVE()
B_SPLINE_CURVE(2,(#3690,#3691,#3692,#3693,#3694,#3695,#3696,#3697,#3698,
#3699,#3700,#3701,#3702),.UNSPECIFIED.,.F.,.F.)
B_SPLINE_CURVE_WITH_KNOTS((3,2,2,2,2,2,3),(0.815789473684211,0.824561403508772,
0.833333333333333,0.842105263157895,0.850877192982456,0.859649122807018,
0.868421052631579),.UNSPECIFIED.)
CURVE()
GEOMETRIC_REPRESENTATION_ITEM()
RATIONAL_B_SPLINE_CURVE((1.,0.866025403784439,1.,0.866025403784439,1.,0.866025403784439,
1.,0.866025403784439,1.,0.866025403784439,1.,0.866025403784439,1.))
REPRESENTATION_ITEM('')
);
#532=(
BOUNDED_CURVE()
B_SPLINE_CURVE(2,(#3703,#3704,#3705,#3706,#3707,#3708,#3709,#3710,#3711,
#3712,#3713,#3714,#3715),.UNSPECIFIED.,.F.,.F.)
B_SPLINE_CURVE_WITH_KNOTS((3,2,2,2,2,2,3),(0.815789473684211,0.824561403508772,
0.833333333333333,0.842105263157895,0.850877192982456,0.859649122807018,
0.868421052631579),.UNSPECIFIED.)
CURVE()
GEOMETRIC_REPRESENTATION_ITEM()
RATIONAL_B_SPLINE_CURVE((1.,0.866025403784439,1.,0.866025403784439,1.,0.866025403784439,
1.,0.866025403784439,1.,0.866025403784439,1.,0.866025403784439,1.))
REPRESENTATION_ITEM('')
);
#533=(
BOUNDED_CURVE()
B_SPLINE_CURVE(2,(#3720,#3721,#3722,#3723,#3724,#3725,#3726,#3727,#3728,
#3729,#3730,#3731,#3732),.UNSPECIFIED.,.F.,.F.)
B_SPLINE_CURVE_WITH_KNOTS((3,2,2,2,2,2,3),(0.868421052631579,0.87719298245614,
0.885964912280702,0.894736842105263,0.903508771929825,0.912280701754386,
0.921052631578947),.UNSPECIFIED.)
CURVE()
GEOMETRIC_REPRESENTATION_ITEM()
RATIONAL_B_SPLINE_CURVE((1.,0.866025403784439,1.,0.866025403784439,1.,0.866025403784439,
1.,0.866025403784439,1.,0.866025403784439,1.,0.866025403784439,1.))
REPRESENTATION_ITEM('')
);
#534=(
BOUNDED_CURVE()
B_SPLINE_CURVE(2,(#3733,#3734,#3735,#3736,#3737,#3738,#3739,#3740,#3741,
#3742,#3743,#3744,#3745),.UNSPECIFIED.,.F.,.F.)
B_SPLINE_CURVE_WITH_KNOTS((3,2,2,2,2,2,3),(0.868421052631579,0.87719298245614,
0.885964912280702,0.894736842105263,0.903508771929825,0.912280701754386,
0.921052631578947),.UNSPECIFIED.)
CURVE()
GEOMETRIC_REPRESENTATION_ITEM()
RATIONAL_B_SPLINE_CURVE((1.,0.866025403784439,1.,0.866025403784439,1.,0.866025403784439,
1.,0.866025403784439,1.,0.866025403784439,1.,0.866025403784439,1.))
REPRESENTATION_ITEM('')
);
#535=(
BOUNDED_CURVE()
B_SPLINE_CURVE(2,(#3750,#3751,#3752,#3753,#3754,#3755,#3756,#3757,#3758,
#3759,#3760,#3761,#3762),.UNSPECIFIED.,.F.,.F.)
B_SPLINE_CURVE_WITH_KNOTS((3,2,2,2,2,2,3),(0.921052631578947,0.929824561403509,
0.93859649122807,0.947368421052632,0.956140350877193,0.964912280701754,
0.973684210526316),.UNSPECIFIED.)
CURVE()
GEOMETRIC_REPRESENTATION_ITEM()
RATIONAL_B_SPLINE_CURVE((1.,0.866025403784439,1.,0.866025403784439,1.,0.866025403784439,
1.,0.866025403784439,1.,0.866025403784439,1.,0.866025403784439,1.))
REPRESENTATION_ITEM('')
);
#536=(
BOUNDED_CURVE()
B_SPLINE_CURVE(2,(#3763,#3764,#3765,#3766,#3767,#3768,#3769,#3770,#3771,
#3772,#3773,#3774,#3775),.UNSPECIFIED.,.F.,.F.)
B_SPLINE_CURVE_WITH_KNOTS((3,2,2,2,2,2,3),(0.921052631578947,0.929824561403509,
0.93859649122807,0.947368421052632,0.956140350877193,0.964912280701754,
0.973684210526316),.UNSPECIFIED.)
CURVE()
GEOMETRIC_REPRESENTATION_ITEM()
RATIONAL_B_SPLINE_CURVE((1.,0.866025403784439,1.,0.866025403784439,1.,0.866025403784439,
1.,0.866025403784439,1.,0.866025403784439,1.,0.866025403784439,1.))
REPRESENTATION_ITEM('')
);
#537=(
BOUNDED_CURVE()
B_SPLINE_CURVE(2,(#3781,#3782,#3783,#3784,#3785,#3786,#3787),
 .UNSPECIFIED.,.F.,.F.)
B_SPLINE_CURVE_WITH_KNOTS((3,2,2,3),(0.105263157894737,0.114035087719298,
0.12280701754386,0.131578947368421),.UNSPECIFIED.)
CURVE()
GEOMETRIC_REPRESENTATION_ITEM()
RATIONAL_B_SPLINE_CURVE((1.,0.866025403784439,1.,0.866025403784439,1.,0.866025403784439,
1.))
REPRESENTATION_ITEM('')
);
#538=(
BOUNDED_CURVE()
B_SPLINE_CURVE(2,(#3788,#3789,#3790,#3791,#3792,#3793,#3794),
 .UNSPECIFIED.,.F.,.F.)
B_SPLINE_CURVE_WITH_KNOTS((3,2,2,3),(0.973684210526316,0.982456140350877,
0.991228070175439,1.),.UNSPECIFIED.)
CURVE()
GEOMETRIC_REPRESENTATION_ITEM()
RATIONAL_B_SPLINE_CURVE((1.,0.866025403784439,1.,0.866025403784439,1.,0.866025403784439,
1.))
REPRESENTATION_ITEM('')
);
#539=(
BOUNDED_CURVE()
B_SPLINE_CURVE(2,(#3796,#3797,#3798,#3799,#3800,#3801,#3802),
 .UNSPECIFIED.,.F.,.F.)
B_SPLINE_CURVE_WITH_KNOTS((3,2,2,3),(0.973684210526316,0.982456140350877,
0.991228070175439,1.),.UNSPECIFIED.)
CURVE()
GEOMETRIC_REPRESENTATION_ITEM()
RATIONAL_B_SPLINE_CURVE((1.,0.866025403784439,1.,0.866025403784439,1.,0.866025403784439,
1.))
REPRESENTATION_ITEM('')
);
#540=(
BOUNDED_CURVE()
B_SPLINE_CURVE(2,(#3803,#3804,#3805,#3806,#3807,#3808,#3809),
 .UNSPECIFIED.,.F.,.F.)
B_SPLINE_CURVE_WITH_KNOTS((3,2,2,3),(0.105263157894737,0.114035087719298,
0.12280701754386,0.131578947368421),.UNSPECIFIED.)
CURVE()
GEOMETRIC_REPRESENTATION_ITEM()
RATIONAL_B_SPLINE_CURVE((1.,0.866025403784439,1.,0.866025403784439,1.,0.866025403784439,
1.))
REPRESENTATION_ITEM('')
);
#541=(
BOUNDED_CURVE()
B_SPLINE_CURVE(2,(#3814,#3815,#3816,#3817,#3818,#3819,#3820,#3821,#3822,
#3823,#3824,#3825,#3826),.UNSPECIFIED.,.F.,.F.)
B_SPLINE_CURVE_WITH_KNOTS((3,2,2,2,2,2,3),(0.131578947368421,0.140350877192982,
0.149122807017544,0.157894736842105,0.166666666666667,0.175438596491228,
0.184210526315789),.UNSPECIFIED.)
CURVE()
GEOMETRIC_REPRESENTATION_ITEM()
RATIONAL_B_SPLINE_CURVE((1.,0.866025403784439,1.,0.866025403784439,1.,0.866025403784439,
1.,0.866025403784439,1.,0.866025403784439,1.,0.866025403784439,1.))
REPRESENTATION_ITEM('')
);
#542=(
BOUNDED_CURVE()
B_SPLINE_CURVE(2,(#3827,#3828,#3829,#3830,#3831,#3832,#3833,#3834,#3835,
#3836,#3837,#3838,#3839),.UNSPECIFIED.,.F.,.F.)
B_SPLINE_CURVE_WITH_KNOTS((3,2,2,2,2,2,3),(0.131578947368421,0.140350877192982,
0.149122807017544,0.157894736842105,0.166666666666667,0.175438596491228,
0.184210526315789),.UNSPECIFIED.)
CURVE()
GEOMETRIC_REPRESENTATION_ITEM()
RATIONAL_B_SPLINE_CURVE((1.,0.866025403784439,1.,0.866025403784439,1.,0.866025403784439,
1.,0.866025403784439,1.,0.866025403784439,1.,0.866025403784439,1.))
REPRESENTATION_ITEM('')
);
#543=(
BOUNDED_CURVE()
B_SPLINE_CURVE(2,(#3844,#3845,#3846,#3847,#3848,#3849,#3850,#3851,#3852,
#3853,#3854,#3855,#3856),.UNSPECIFIED.,.F.,.F.)
B_SPLINE_CURVE_WITH_KNOTS((3,2,2,2,2,2,3),(0.184210526315789,0.192982456140351,
0.201754385964912,0.210526315789474,0.219298245614035,0.228070175438597,
0.236842105263158),.UNSPECIFIED.)
CURVE()
GEOMETRIC_REPRESENTATION_ITEM()
RATIONAL_B_SPLINE_CURVE((1.,0.866025403784439,1.,0.866025403784439,1.,0.866025403784439,
1.,0.866025403784439,1.,0.866025403784439,1.,0.866025403784439,1.))
REPRESENTATION_ITEM('')
);
#544=(
BOUNDED_CURVE()
B_SPLINE_CURVE(2,(#3857,#3858,#3859,#3860,#3861,#3862,#3863,#3864,#3865,
#3866,#3867,#3868,#3869),.UNSPECIFIED.,.F.,.F.)
B_SPLINE_CURVE_WITH_KNOTS((3,2,2,2,2,2,3),(0.184210526315789,0.192982456140351,
0.201754385964912,0.210526315789474,0.219298245614035,0.228070175438597,
0.236842105263158),.UNSPECIFIED.)
CURVE()
GEOMETRIC_REPRESENTATION_ITEM()
RATIONAL_B_SPLINE_CURVE((1.,0.866025403784439,1.,0.866025403784439,1.,0.866025403784439,
1.,0.866025403784439,1.,0.866025403784439,1.,0.866025403784439,1.))
REPRESENTATION_ITEM('')
);
#545=(
BOUNDED_CURVE()
B_SPLINE_CURVE(2,(#3874,#3875,#3876,#3877,#3878,#3879,#3880,#3881,#3882,
#3883,#3884,#3885,#3886),.UNSPECIFIED.,.F.,.F.)
B_SPLINE_CURVE_WITH_KNOTS((3,2,2,2,2,2,3),(0.236842105263158,0.245614035087719,
0.254385964912281,0.263157894736842,0.271929824561404,0.280701754385965,
0.289473684210526),.UNSPECIFIED.)
CURVE()
GEOMETRIC_REPRESENTATION_ITEM()
RATIONAL_B_SPLINE_CURVE((1.,0.866025403784439,1.,0.866025403784439,1.,0.866025403784439,
1.,0.866025403784439,1.,0.866025403784439,1.,0.866025403784439,1.))
REPRESENTATION_ITEM('')
);
#546=(
BOUNDED_CURVE()
B_SPLINE_CURVE(2,(#3887,#3888,#3889,#3890,#3891,#3892,#3893,#3894,#3895,
#3896,#3897,#3898,#3899),.UNSPECIFIED.,.F.,.F.)
B_SPLINE_CURVE_WITH_KNOTS((3,2,2,2,2,2,3),(0.236842105263158,0.245614035087719,
0.254385964912281,0.263157894736842,0.271929824561404,0.280701754385965,
0.289473684210526),.UNSPECIFIED.)
CURVE()
GEOMETRIC_REPRESENTATION_ITEM()
RATIONAL_B_SPLINE_CURVE((1.,0.866025403784439,1.,0.866025403784439,1.,0.866025403784439,
1.,0.866025403784439,1.,0.866025403784439,1.,0.866025403784439,1.))
REPRESENTATION_ITEM('')
);
#547=(
BOUNDED_CURVE()
B_SPLINE_CURVE(2,(#3904,#3905,#3906,#3907,#3908,#3909,#3910,#3911,#3912,
#3913,#3914,#3915,#3916),.UNSPECIFIED.,.F.,.F.)
B_SPLINE_CURVE_WITH_KNOTS((3,2,2,2,2,2,3),(0.289473684210526,0.298245614035088,
0.307017543859649,0.315789473684211,0.324561403508772,0.333333333333333,
0.342105263157895),.UNSPECIFIED.)
CURVE()
GEOMETRIC_REPRESENTATION_ITEM()
RATIONAL_B_SPLINE_CURVE((1.,0.866025403784439,1.,0.866025403784439,1.,0.866025403784439,
1.,0.866025403784439,1.,0.866025403784439,1.,0.866025403784439,1.))
REPRESENTATION_ITEM('')
);
#548=(
BOUNDED_CURVE()
B_SPLINE_CURVE(2,(#3917,#3918,#3919,#3920,#3921,#3922,#3923,#3924,#3925,
#3926,#3927,#3928,#3929),.UNSPECIFIED.,.F.,.F.)
B_SPLINE_CURVE_WITH_KNOTS((3,2,2,2,2,2,3),(0.289473684210526,0.298245614035088,
0.307017543859649,0.315789473684211,0.324561403508772,0.333333333333333,
0.342105263157895),.UNSPECIFIED.)
CURVE()
GEOMETRIC_REPRESENTATION_ITEM()
RATIONAL_B_SPLINE_CURVE((1.,0.866025403784439,1.,0.866025403784439,1.,0.866025403784439,
1.,0.866025403784439,1.,0.866025403784439,1.,0.866025403784439,1.))
REPRESENTATION_ITEM('')
);
#549=(
BOUNDED_CURVE()
B_SPLINE_CURVE(2,(#3934,#3935,#3936,#3937,#3938,#3939,#3940,#3941,#3942,
#3943,#3944,#3945,#3946),.UNSPECIFIED.,.F.,.F.)
B_SPLINE_CURVE_WITH_KNOTS((3,2,2,2,2,2,3),(0.342105263157895,0.350877192982456,
0.359649122807018,0.368421052631579,0.37719298245614,0.385964912280702,
0.394736842105263),.UNSPECIFIED.)
CURVE()
GEOMETRIC_REPRESENTATION_ITEM()
RATIONAL_B_SPLINE_CURVE((1.,0.866025403784439,1.,0.866025403784439,1.,0.866025403784439,
1.,0.866025403784439,1.,0.866025403784439,1.,0.866025403784439,1.))
REPRESENTATION_ITEM('')
);
#550=(
BOUNDED_CURVE()
B_SPLINE_CURVE(2,(#3947,#3948,#3949,#3950,#3951,#3952,#3953,#3954,#3955,
#3956,#3957,#3958,#3959),.UNSPECIFIED.,.F.,.F.)
B_SPLINE_CURVE_WITH_KNOTS((3,2,2,2,2,2,3),(0.342105263157895,0.350877192982456,
0.359649122807018,0.368421052631579,0.37719298245614,0.385964912280702,
0.394736842105263),.UNSPECIFIED.)
CURVE()
GEOMETRIC_REPRESENTATION_ITEM()
RATIONAL_B_SPLINE_CURVE((1.,0.866025403784439,1.,0.866025403784439,1.,0.866025403784439,
1.,0.866025403784439,1.,0.866025403784439,1.,0.866025403784439,1.))
REPRESENTATION_ITEM('')
);
#551=(
BOUNDED_CURVE()
B_SPLINE_CURVE(2,(#3964,#3965,#3966,#3967,#3968,#3969,#3970,#3971,#3972,
#3973,#3974,#3975,#3976),.UNSPECIFIED.,.F.,.F.)
B_SPLINE_CURVE_WITH_KNOTS((3,2,2,2,2,2,3),(0.394736842105263,0.403508771929825,
0.412280701754386,0.421052631578947,0.429824561403509,0.43859649122807,
0.447368421052632),.UNSPECIFIED.)
CURVE()
GEOMETRIC_REPRESENTATION_ITEM()
RATIONAL_B_SPLINE_CURVE((1.,0.866025403784439,1.,0.866025403784439,1.,0.866025403784439,
1.,0.866025403784439,1.,0.866025403784439,1.,0.866025403784439,1.))
REPRESENTATION_ITEM('')
);
#552=(
BOUNDED_CURVE()
B_SPLINE_CURVE(2,(#3977,#3978,#3979,#3980,#3981,#3982,#3983,#3984,#3985,
#3986,#3987,#3988,#3989),.UNSPECIFIED.,.F.,.F.)
B_SPLINE_CURVE_WITH_KNOTS((3,2,2,2,2,2,3),(0.394736842105263,0.403508771929825,
0.412280701754386,0.421052631578947,0.429824561403509,0.43859649122807,
0.447368421052632),.UNSPECIFIED.)
CURVE()
GEOMETRIC_REPRESENTATION_ITEM()
RATIONAL_B_SPLINE_CURVE((1.,0.866025403784439,1.,0.866025403784439,1.,0.866025403784439,
1.,0.866025403784439,1.,0.866025403784439,1.,0.866025403784439,1.))
REPRESENTATION_ITEM('')
);
#553=(
BOUNDED_CURVE()
B_SPLINE_CURVE(2,(#3994,#3995,#3996,#3997,#3998,#3999,#4000,#4001,#4002,
#4003,#4004,#4005,#4006),.UNSPECIFIED.,.F.,.F.)
B_SPLINE_CURVE_WITH_KNOTS((3,2,2,2,2,2,3),(0.447368421052632,0.456140350877193,
0.464912280701754,0.473684210526316,0.482456140350877,0.491228070175439,
0.5),.UNSPECIFIED.)
CURVE()
GEOMETRIC_REPRESENTATION_ITEM()
RATIONAL_B_SPLINE_CURVE((1.,0.866025403784439,1.,0.866025403784439,1.,0.866025403784439,
1.,0.866025403784439,1.,0.866025403784439,1.,0.866025403784439,1.))
REPRESENTATION_ITEM('')
);
#554=(
BOUNDED_CURVE()
B_SPLINE_CURVE(2,(#4007,#4008,#4009,#4010,#4011,#4012,#4013,#4014,#4015,
#4016,#4017,#4018,#4019),.UNSPECIFIED.,.F.,.F.)
B_SPLINE_CURVE_WITH_KNOTS((3,2,2,2,2,2,3),(0.447368421052632,0.456140350877193,
0.464912280701754,0.473684210526316,0.482456140350877,0.491228070175439,
0.5),.UNSPECIFIED.)
CURVE()
GEOMETRIC_REPRESENTATION_ITEM()
RATIONAL_B_SPLINE_CURVE((1.,0.866025403784439,1.,0.866025403784439,1.,0.866025403784439,
1.,0.866025403784439,1.,0.866025403784439,1.,0.866025403784439,1.))
REPRESENTATION_ITEM('')
);
#555=(
BOUNDED_CURVE()
B_SPLINE_CURVE(2,(#4024,#4025,#4026,#4027,#4028,#4029,#4030,#4031,#4032,
#4033,#4034,#4035,#4036),.UNSPECIFIED.,.F.,.F.)
B_SPLINE_CURVE_WITH_KNOTS((3,2,2,2,2,2,3),(0.5,0.508771929824561,0.517543859649123,
0.526315789473684,0.535087719298246,0.543859649122807,0.552631578947368),
 .UNSPECIFIED.)
CURVE()
GEOMETRIC_REPRESENTATION_ITEM()
RATIONAL_B_SPLINE_CURVE((1.,0.866025403784439,1.,0.866025403784439,1.,0.866025403784439,
1.,0.866025403784439,1.,0.866025403784439,1.,0.866025403784439,1.))
REPRESENTATION_ITEM('')
);
#556=(
BOUNDED_CURVE()
B_SPLINE_CURVE(2,(#4037,#4038,#4039,#4040,#4041,#4042,#4043,#4044,#4045,
#4046,#4047,#4048,#4049),.UNSPECIFIED.,.F.,.F.)
B_SPLINE_CURVE_WITH_KNOTS((3,2,2,2,2,2,3),(0.5,0.508771929824561,0.517543859649123,
0.526315789473684,0.535087719298246,0.543859649122807,0.552631578947368),
 .UNSPECIFIED.)
CURVE()
GEOMETRIC_REPRESENTATION_ITEM()
RATIONAL_B_SPLINE_CURVE((1.,0.866025403784439,1.,0.866025403784439,1.,0.866025403784439,
1.,0.866025403784439,1.,0.866025403784439,1.,0.866025403784439,1.))
REPRESENTATION_ITEM('')
);
#557=(
BOUNDED_CURVE()
B_SPLINE_CURVE(2,(#4054,#4055,#4056,#4057,#4058,#4059,#4060,#4061,#4062,
#4063,#4064,#4065,#4066),.UNSPECIFIED.,.F.,.F.)
B_SPLINE_CURVE_WITH_KNOTS((3,2,2,2,2,2,3),(0.552631578947368,0.56140350877193,
0.570175438596491,0.578947368421053,0.587719298245614,0.596491228070175,
0.605263157894737),.UNSPECIFIED.)
CURVE()
GEOMETRIC_REPRESENTATION_ITEM()
RATIONAL_B_SPLINE_CURVE((1.,0.866025403784439,1.,0.866025403784439,1.,0.866025403784439,
1.,0.866025403784439,1.,0.866025403784439,1.,0.866025403784439,1.))
REPRESENTATION_ITEM('')
);
#558=(
BOUNDED_CURVE()
B_SPLINE_CURVE(2,(#4067,#4068,#4069,#4070,#4071,#4072,#4073,#4074,#4075,
#4076,#4077,#4078,#4079),.UNSPECIFIED.,.F.,.F.)
B_SPLINE_CURVE_WITH_KNOTS((3,2,2,2,2,2,3),(0.552631578947368,0.56140350877193,
0.570175438596491,0.578947368421053,0.587719298245614,0.596491228070175,
0.605263157894737),.UNSPECIFIED.)
CURVE()
GEOMETRIC_REPRESENTATION_ITEM()
RATIONAL_B_SPLINE_CURVE((1.,0.866025403784439,1.,0.866025403784439,1.,0.866025403784439,
1.,0.866025403784439,1.,0.866025403784439,1.,0.866025403784439,1.))
REPRESENTATION_ITEM('')
);
#559=(
BOUNDED_CURVE()
B_SPLINE_CURVE(2,(#4084,#4085,#4086,#4087,#4088,#4089,#4090,#4091,#4092,
#4093,#4094,#4095,#4096),.UNSPECIFIED.,.F.,.F.)
B_SPLINE_CURVE_WITH_KNOTS((3,2,2,2,2,2,3),(0.605263157894737,0.614035087719298,
0.62280701754386,0.631578947368421,0.640350877192982,0.649122807017544,
0.657894736842105),.UNSPECIFIED.)
CURVE()
GEOMETRIC_REPRESENTATION_ITEM()
RATIONAL_B_SPLINE_CURVE((1.,0.866025403784439,1.,0.866025403784439,1.,0.866025403784439,
1.,0.866025403784439,1.,0.866025403784439,1.,0.866025403784439,1.))
REPRESENTATION_ITEM('')
);
#560=(
BOUNDED_CURVE()
B_SPLINE_CURVE(2,(#4097,#4098,#4099,#4100,#4101,#4102,#4103,#4104,#4105,
#4106,#4107,#4108,#4109),.UNSPECIFIED.,.F.,.F.)
B_SPLINE_CURVE_WITH_KNOTS((3,2,2,2,2,2,3),(0.605263157894737,0.614035087719298,
0.62280701754386,0.631578947368421,0.640350877192982,0.649122807017544,
0.657894736842105),.UNSPECIFIED.)
CURVE()
GEOMETRIC_REPRESENTATION_ITEM()
RATIONAL_B_SPLINE_CURVE((1.,0.866025403784439,1.,0.866025403784439,1.,0.866025403784439,
1.,0.866025403784439,1.,0.866025403784439,1.,0.866025403784439,1.))
REPRESENTATION_ITEM('')
);
#561=(
BOUNDED_CURVE()
B_SPLINE_CURVE(2,(#4114,#4115,#4116,#4117,#4118,#4119,#4120,#4121,#4122,
#4123,#4124,#4125,#4126),.UNSPECIFIED.,.F.,.F.)
B_SPLINE_CURVE_WITH_KNOTS((3,2,2,2,2,2,3),(0.657894736842105,0.666666666666667,
0.675438596491228,0.684210526315789,0.692982456140351,0.701754385964912,
0.710526315789474),.UNSPECIFIED.)
CURVE()
GEOMETRIC_REPRESENTATION_ITEM()
RATIONAL_B_SPLINE_CURVE((1.,0.866025403784439,1.,0.866025403784439,1.,0.866025403784439,
1.,0.866025403784439,1.,0.866025403784439,1.,0.866025403784439,1.))
REPRESENTATION_ITEM('')
);
#562=(
BOUNDED_CURVE()
B_SPLINE_CURVE(2,(#4127,#4128,#4129,#4130,#4131,#4132,#4133,#4134,#4135,
#4136,#4137,#4138,#4139),.UNSPECIFIED.,.F.,.F.)
B_SPLINE_CURVE_WITH_KNOTS((3,2,2,2,2,2,3),(0.657894736842105,0.666666666666667,
0.675438596491228,0.684210526315789,0.692982456140351,0.701754385964912,
0.710526315789474),.UNSPECIFIED.)
CURVE()
GEOMETRIC_REPRESENTATION_ITEM()
RATIONAL_B_SPLINE_CURVE((1.,0.866025403784439,1.,0.866025403784439,1.,0.866025403784439,
1.,0.866025403784439,1.,0.866025403784439,1.,0.866025403784439,1.))
REPRESENTATION_ITEM('')
);
#563=(
BOUNDED_CURVE()
B_SPLINE_CURVE(2,(#4144,#4145,#4146,#4147,#4148,#4149,#4150,#4151,#4152,
#4153,#4154,#4155,#4156),.UNSPECIFIED.,.F.,.F.)
B_SPLINE_CURVE_WITH_KNOTS((3,2,2,2,2,2,3),(0.710526315789474,0.719298245614035,
0.728070175438597,0.736842105263158,0.745614035087719,0.754385964912281,
0.763157894736842),.UNSPECIFIED.)
CURVE()
GEOMETRIC_REPRESENTATION_ITEM()
RATIONAL_B_SPLINE_CURVE((1.,0.866025403784439,1.,0.866025403784439,1.,0.866025403784439,
1.,0.866025403784439,1.,0.866025403784439,1.,0.866025403784439,1.))
REPRESENTATION_ITEM('')
);
#564=(
BOUNDED_CURVE()
B_SPLINE_CURVE(2,(#4157,#4158,#4159,#4160,#4161,#4162,#4163,#4164,#4165,
#4166,#4167,#4168,#4169),.UNSPECIFIED.,.F.,.F.)
B_SPLINE_CURVE_WITH_KNOTS((3,2,2,2,2,2,3),(0.710526315789474,0.719298245614035,
0.728070175438597,0.736842105263158,0.745614035087719,0.754385964912281,
0.763157894736842),.UNSPECIFIED.)
CURVE()
GEOMETRIC_REPRESENTATION_ITEM()
RATIONAL_B_SPLINE_CURVE((1.,0.866025403784439,1.,0.866025403784439,1.,0.866025403784439,
1.,0.866025403784439,1.,0.866025403784439,1.,0.866025403784439,1.))
REPRESENTATION_ITEM('')
);
#565=(
BOUNDED_CURVE()
B_SPLINE_CURVE(2,(#4174,#4175,#4176,#4177,#4178,#4179,#4180,#4181,#4182,
#4183,#4184,#4185,#4186),.UNSPECIFIED.,.F.,.F.)
B_SPLINE_CURVE_WITH_KNOTS((3,2,2,2,2,2,3),(0.763157894736842,0.771929824561403,
0.780701754385965,0.789473684210526,0.798245614035088,0.807017543859649,
0.815789473684211),.UNSPECIFIED.)
CURVE()
GEOMETRIC_REPRESENTATION_ITEM()
RATIONAL_B_SPLINE_CURVE((1.,0.866025403784439,1.,0.866025403784439,1.,0.866025403784439,
1.,0.866025403784439,1.,0.866025403784439,1.,0.866025403784439,1.))
REPRESENTATION_ITEM('')
);
#566=(
BOUNDED_CURVE()
B_SPLINE_CURVE(2,(#4187,#4188,#4189,#4190,#4191,#4192,#4193,#4194,#4195,
#4196,#4197,#4198,#4199),.UNSPECIFIED.,.F.,.F.)
B_SPLINE_CURVE_WITH_KNOTS((3,2,2,2,2,2,3),(0.763157894736842,0.771929824561403,
0.780701754385965,0.789473684210526,0.798245614035088,0.807017543859649,
0.815789473684211),.UNSPECIFIED.)
CURVE()
GEOMETRIC_REPRESENTATION_ITEM()
RATIONAL_B_SPLINE_CURVE((1.,0.866025403784439,1.,0.866025403784439,1.,0.866025403784439,
1.,0.866025403784439,1.,0.866025403784439,1.,0.866025403784439,1.))
REPRESENTATION_ITEM('')
);
#567=(
BOUNDED_CURVE()
B_SPLINE_CURVE(2,(#4204,#4205,#4206,#4207,#4208,#4209,#4210,#4211,#4212,
#4213,#4214,#4215,#4216),.UNSPECIFIED.,.F.,.F.)
B_SPLINE_CURVE_WITH_KNOTS((3,2,2,2,2,2,3),(0.815789473684211,0.824561403508772,
0.833333333333333,0.842105263157895,0.850877192982456,0.859649122807018,
0.868421052631579),.UNSPECIFIED.)
CURVE()
GEOMETRIC_REPRESENTATION_ITEM()
RATIONAL_B_SPLINE_CURVE((1.,0.866025403784439,1.,0.866025403784439,1.,0.866025403784439,
1.,0.866025403784439,1.,0.866025403784439,1.,0.866025403784439,1.))
REPRESENTATION_ITEM('')
);
#568=(
BOUNDED_CURVE()
B_SPLINE_CURVE(2,(#4217,#4218,#4219,#4220,#4221,#4222,#4223,#4224,#4225,
#4226,#4227,#4228,#4229),.UNSPECIFIED.,.F.,.F.)
B_SPLINE_CURVE_WITH_KNOTS((3,2,2,2,2,2,3),(0.815789473684211,0.824561403508772,
0.833333333333333,0.842105263157895,0.850877192982456,0.859649122807018,
0.868421052631579),.UNSPECIFIED.)
CURVE()
GEOMETRIC_REPRESENTATION_ITEM()
RATIONAL_B_SPLINE_CURVE((1.,0.866025403784439,1.,0.866025403784439,1.,0.866025403784439,
1.,0.866025403784439,1.,0.866025403784439,1.,0.866025403784439,1.))
REPRESENTATION_ITEM('')
);
#569=(
BOUNDED_CURVE()
B_SPLINE_CURVE(2,(#4234,#4235,#4236,#4237,#4238,#4239,#4240,#4241,#4242,
#4243,#4244,#4245,#4246),.UNSPECIFIED.,.F.,.F.)
B_SPLINE_CURVE_WITH_KNOTS((3,2,2,2,2,2,3),(0.868421052631579,0.87719298245614,
0.885964912280702,0.894736842105263,0.903508771929825,0.912280701754386,
0.921052631578947),.UNSPECIFIED.)
CURVE()
GEOMETRIC_REPRESENTATION_ITEM()
RATIONAL_B_SPLINE_CURVE((1.,0.866025403784439,1.,0.866025403784439,1.,0.866025403784439,
1.,0.866025403784439,1.,0.866025403784439,1.,0.866025403784439,1.))
REPRESENTATION_ITEM('')
);
#570=(
BOUNDED_CURVE()
B_SPLINE_CURVE(2,(#4247,#4248,#4249,#4250,#4251,#4252,#4253,#4254,#4255,
#4256,#4257,#4258,#4259),.UNSPECIFIED.,.F.,.F.)
B_SPLINE_CURVE_WITH_KNOTS((3,2,2,2,2,2,3),(0.868421052631579,0.87719298245614,
0.885964912280702,0.894736842105263,0.903508771929825,0.912280701754386,
0.921052631578947),.UNSPECIFIED.)
CURVE()
GEOMETRIC_REPRESENTATION_ITEM()
RATIONAL_B_SPLINE_CURVE((1.,0.866025403784439,1.,0.866025403784439,1.,0.866025403784439,
1.,0.866025403784439,1.,0.866025403784439,1.,0.866025403784439,1.))
REPRESENTATION_ITEM('')
);
#571=(
BOUNDED_CURVE()
B_SPLINE_CURVE(2,(#4264,#4265,#4266,#4267,#4268,#4269,#4270,#4271,#4272,
#4273,#4274,#4275,#4276),.UNSPECIFIED.,.F.,.F.)
B_SPLINE_CURVE_WITH_KNOTS((3,2,2,2,2,2,3),(0.921052631578947,0.929824561403509,
0.93859649122807,0.947368421052631,0.956140350877193,0.964912280701754,
0.973684210526316),.UNSPECIFIED.)
CURVE()
GEOMETRIC_REPRESENTATION_ITEM()
RATIONAL_B_SPLINE_CURVE((1.,0.866025403784439,1.,0.866025403784439,1.,0.866025403784439,
1.,0.866025403784439,1.,0.866025403784439,1.,0.866025403784439,1.))
REPRESENTATION_ITEM('')
);
#572=(
BOUNDED_CURVE()
B_SPLINE_CURVE(2,(#4277,#4278,#4279,#4280,#4281,#4282,#4283,#4284,#4285,
#4286,#4287,#4288,#4289),.UNSPECIFIED.,.F.,.F.)
B_SPLINE_CURVE_WITH_KNOTS((3,2,2,2,2,2,3),(0.921052631578947,0.929824561403509,
0.93859649122807,0.947368421052631,0.956140350877193,0.964912280701754,
0.973684210526316),.UNSPECIFIED.)
CURVE()
GEOMETRIC_REPRESENTATION_ITEM()
RATIONAL_B_SPLINE_CURVE((1.,0.866025403784439,1.,0.866025403784439,1.,0.866025403784439,
1.,0.866025403784439,1.,0.866025403784439,1.,0.866025403784439,1.))
REPRESENTATION_ITEM('')
);
#573=(
BOUNDED_CURVE()
B_SPLINE_CURVE(2,(#4295,#4296,#4297,#4298,#4299,#4300,#4301),
 .UNSPECIFIED.,.F.,.F.)
B_SPLINE_CURVE_WITH_KNOTS((3,2,2,3),(0.105263157894737,0.114035087719298,
0.12280701754386,0.131578947368421),.UNSPECIFIED.)
CURVE()
GEOMETRIC_REPRESENTATION_ITEM()
RATIONAL_B_SPLINE_CURVE((1.,0.866025403784439,1.,0.866025403784439,1.,0.866025403784439,
1.))
REPRESENTATION_ITEM('')
);
#574=(
BOUNDED_CURVE()
B_SPLINE_CURVE(2,(#4302,#4303,#4304,#4305,#4306,#4307,#4308),
 .UNSPECIFIED.,.F.,.F.)
B_SPLINE_CURVE_WITH_KNOTS((3,2,2,3),(0.973684210526316,0.982456140350877,
0.991228070175439,1.),.UNSPECIFIED.)
CURVE()
GEOMETRIC_REPRESENTATION_ITEM()
RATIONAL_B_SPLINE_CURVE((1.,0.866025403784439,1.,0.866025403784439,1.,0.866025403784439,
1.))
REPRESENTATION_ITEM('')
);
#575=(
BOUNDED_CURVE()
B_SPLINE_CURVE(2,(#4310,#4311,#4312,#4313,#4314,#4315,#4316),
 .UNSPECIFIED.,.F.,.F.)
B_SPLINE_CURVE_WITH_KNOTS((3,2,2,3),(0.973684210526316,0.982456140350877,
0.991228070175439,1.),.UNSPECIFIED.)
CURVE()
GEOMETRIC_REPRESENTATION_ITEM()
RATIONAL_B_SPLINE_CURVE((1.,0.866025403784439,1.,0.866025403784439,1.,0.866025403784439,
1.))
REPRESENTATION_ITEM('')
);
#576=(
BOUNDED_CURVE()
B_SPLINE_CURVE(2,(#4317,#4318,#4319,#4320,#4321,#4322,#4323),
 .UNSPECIFIED.,.F.,.F.)
B_SPLINE_CURVE_WITH_KNOTS((3,2,2,3),(0.105263157894737,0.114035087719298,
0.12280701754386,0.131578947368421),.UNSPECIFIED.)
CURVE()
GEOMETRIC_REPRESENTATION_ITEM()
RATIONAL_B_SPLINE_CURVE((1.,0.866025403784439,1.,0.866025403784439,1.,0.866025403784439,
1.))
REPRESENTATION_ITEM('')
);
#577=(
BOUNDED_CURVE()
B_SPLINE_CURVE(2,(#4328,#4329,#4330,#4331,#4332,#4333,#4334,#4335,#4336,
#4337,#4338,#4339,#4340),.UNSPECIFIED.,.F.,.F.)
B_SPLINE_CURVE_WITH_KNOTS((3,2,2,2,2,2,3),(0.131578947368421,0.140350877192982,
0.149122807017544,0.157894736842105,0.166666666666667,0.175438596491228,
0.184210526315789),.UNSPECIFIED.)
CURVE()
GEOMETRIC_REPRESENTATION_ITEM()
RATIONAL_B_SPLINE_CURVE((1.,0.866025403784439,1.,0.866025403784439,1.,0.866025403784439,
1.,0.866025403784439,1.,0.866025403784439,1.,0.866025403784439,1.))
REPRESENTATION_ITEM('')
);
#578=(
BOUNDED_CURVE()
B_SPLINE_CURVE(2,(#4341,#4342,#4343,#4344,#4345,#4346,#4347,#4348,#4349,
#4350,#4351,#4352,#4353),.UNSPECIFIED.,.F.,.F.)
B_SPLINE_CURVE_WITH_KNOTS((3,2,2,2,2,2,3),(0.131578947368421,0.140350877192982,
0.149122807017544,0.157894736842105,0.166666666666667,0.175438596491228,
0.184210526315789),.UNSPECIFIED.)
CURVE()
GEOMETRIC_REPRESENTATION_ITEM()
RATIONAL_B_SPLINE_CURVE((1.,0.866025403784439,1.,0.866025403784439,1.,0.866025403784439,
1.,0.866025403784439,1.,0.866025403784439,1.,0.866025403784439,1.))
REPRESENTATION_ITEM('')
);
#579=(
BOUNDED_CURVE()
B_SPLINE_CURVE(2,(#4358,#4359,#4360,#4361,#4362,#4363,#4364,#4365,#4366,
#4367,#4368,#4369,#4370),.UNSPECIFIED.,.F.,.F.)
B_SPLINE_CURVE_WITH_KNOTS((3,2,2,2,2,2,3),(0.184210526315789,0.192982456140351,
0.201754385964912,0.210526315789474,0.219298245614035,0.228070175438596,
0.236842105263158),.UNSPECIFIED.)
CURVE()
GEOMETRIC_REPRESENTATION_ITEM()
RATIONAL_B_SPLINE_CURVE((1.,0.866025403784439,1.,0.866025403784439,1.,0.866025403784439,
1.,0.866025403784439,1.,0.866025403784439,1.,0.866025403784439,1.))
REPRESENTATION_ITEM('')
);
#580=(
BOUNDED_CURVE()
B_SPLINE_CURVE(2,(#4371,#4372,#4373,#4374,#4375,#4376,#4377,#4378,#4379,
#4380,#4381,#4382,#4383),.UNSPECIFIED.,.F.,.F.)
B_SPLINE_CURVE_WITH_KNOTS((3,2,2,2,2,2,3),(0.184210526315789,0.192982456140351,
0.201754385964912,0.210526315789474,0.219298245614035,0.228070175438597,
0.236842105263158),.UNSPECIFIED.)
CURVE()
GEOMETRIC_REPRESENTATION_ITEM()
RATIONAL_B_SPLINE_CURVE((1.,0.866025403784439,1.,0.866025403784439,1.,0.866025403784439,
1.,0.866025403784439,1.,0.866025403784439,1.,0.866025403784439,1.))
REPRESENTATION_ITEM('')
);
#581=(
BOUNDED_CURVE()
B_SPLINE_CURVE(2,(#4388,#4389,#4390,#4391,#4392,#4393,#4394,#4395,#4396,
#4397,#4398,#4399,#4400),.UNSPECIFIED.,.F.,.F.)
B_SPLINE_CURVE_WITH_KNOTS((3,2,2,2,2,2,3),(0.236842105263158,0.245614035087719,
0.254385964912281,0.263157894736842,0.271929824561404,0.280701754385965,
0.289473684210526),.UNSPECIFIED.)
CURVE()
GEOMETRIC_REPRESENTATION_ITEM()
RATIONAL_B_SPLINE_CURVE((1.,0.866025403784439,1.,0.866025403784439,1.,0.866025403784439,
1.,0.866025403784439,1.,0.866025403784439,1.,0.866025403784439,1.))
REPRESENTATION_ITEM('')
);
#582=(
BOUNDED_CURVE()
B_SPLINE_CURVE(2,(#4401,#4402,#4403,#4404,#4405,#4406,#4407,#4408,#4409,
#4410,#4411,#4412,#4413),.UNSPECIFIED.,.F.,.F.)
B_SPLINE_CURVE_WITH_KNOTS((3,2,2,2,2,2,3),(0.236842105263158,0.245614035087719,
0.254385964912281,0.263157894736842,0.271929824561404,0.280701754385965,
0.289473684210526),.UNSPECIFIED.)
CURVE()
GEOMETRIC_REPRESENTATION_ITEM()
RATIONAL_B_SPLINE_CURVE((1.,0.866025403784439,1.,0.866025403784439,1.,0.866025403784439,
1.,0.866025403784439,1.,0.866025403784439,1.,0.866025403784439,1.))
REPRESENTATION_ITEM('')
);
#583=(
BOUNDED_CURVE()
B_SPLINE_CURVE(2,(#4418,#4419,#4420,#4421,#4422,#4423,#4424,#4425,#4426,
#4427,#4428,#4429,#4430),.UNSPECIFIED.,.F.,.F.)
B_SPLINE_CURVE_WITH_KNOTS((3,2,2,2,2,2,3),(0.289473684210526,0.298245614035088,
0.307017543859649,0.315789473684211,0.324561403508772,0.333333333333333,
0.342105263157895),.UNSPECIFIED.)
CURVE()
GEOMETRIC_REPRESENTATION_ITEM()
RATIONAL_B_SPLINE_CURVE((1.,0.866025403784439,1.,0.866025403784439,1.,0.866025403784439,
1.,0.866025403784439,1.,0.866025403784439,1.,0.866025403784439,1.))
REPRESENTATION_ITEM('')
);
#584=(
BOUNDED_CURVE()
B_SPLINE_CURVE(2,(#4431,#4432,#4433,#4434,#4435,#4436,#4437,#4438,#4439,
#4440,#4441,#4442,#4443),.UNSPECIFIED.,.F.,.F.)
B_SPLINE_CURVE_WITH_KNOTS((3,2,2,2,2,2,3),(0.289473684210526,0.298245614035088,
0.307017543859649,0.315789473684211,0.324561403508772,0.333333333333333,
0.342105263157895),.UNSPECIFIED.)
CURVE()
GEOMETRIC_REPRESENTATION_ITEM()
RATIONAL_B_SPLINE_CURVE((1.,0.866025403784439,1.,0.866025403784439,1.,0.866025403784439,
1.,0.866025403784439,1.,0.866025403784439,1.,0.866025403784439,1.))
REPRESENTATION_ITEM('')
);
#585=(
BOUNDED_CURVE()
B_SPLINE_CURVE(2,(#4448,#4449,#4450,#4451,#4452,#4453,#4454,#4455,#4456,
#4457,#4458,#4459,#4460),.UNSPECIFIED.,.F.,.F.)
B_SPLINE_CURVE_WITH_KNOTS((3,2,2,2,2,2,3),(0.342105263157895,0.350877192982456,
0.359649122807018,0.368421052631579,0.37719298245614,0.385964912280702,
0.394736842105263),.UNSPECIFIED.)
CURVE()
GEOMETRIC_REPRESENTATION_ITEM()
RATIONAL_B_SPLINE_CURVE((1.,0.866025403784439,1.,0.866025403784439,1.,0.866025403784439,
1.,0.866025403784439,1.,0.866025403784439,1.,0.866025403784439,1.))
REPRESENTATION_ITEM('')
);
#586=(
BOUNDED_CURVE()
B_SPLINE_CURVE(2,(#4461,#4462,#4463,#4464,#4465,#4466,#4467,#4468,#4469,
#4470,#4471,#4472,#4473),.UNSPECIFIED.,.F.,.F.)
B_SPLINE_CURVE_WITH_KNOTS((3,2,2,2,2,2,3),(0.342105263157895,0.350877192982456,
0.359649122807018,0.368421052631579,0.37719298245614,0.385964912280702,
0.394736842105263),.UNSPECIFIED.)
CURVE()
GEOMETRIC_REPRESENTATION_ITEM()
RATIONAL_B_SPLINE_CURVE((1.,0.866025403784439,1.,0.866025403784439,1.,0.866025403784439,
1.,0.866025403784439,1.,0.866025403784439,1.,0.866025403784439,1.))
REPRESENTATION_ITEM('')
);
#587=(
BOUNDED_CURVE()
B_SPLINE_CURVE(2,(#4478,#4479,#4480,#4481,#4482,#4483,#4484,#4485,#4486,
#4487,#4488,#4489,#4490),.UNSPECIFIED.,.F.,.F.)
B_SPLINE_CURVE_WITH_KNOTS((3,2,2,2,2,2,3),(0.394736842105263,0.403508771929824,
0.412280701754386,0.421052631578947,0.429824561403509,0.43859649122807,
0.447368421052632),.UNSPECIFIED.)
CURVE()
GEOMETRIC_REPRESENTATION_ITEM()
RATIONAL_B_SPLINE_CURVE((1.,0.866025403784439,1.,0.866025403784439,1.,0.866025403784439,
1.,0.866025403784439,1.,0.866025403784439,1.,0.866025403784439,1.))
REPRESENTATION_ITEM('')
);
#588=(
BOUNDED_CURVE()
B_SPLINE_CURVE(2,(#4491,#4492,#4493,#4494,#4495,#4496,#4497,#4498,#4499,
#4500,#4501,#4502,#4503),.UNSPECIFIED.,.F.,.F.)
B_SPLINE_CURVE_WITH_KNOTS((3,2,2,2,2,2,3),(0.394736842105263,0.403508771929825,
0.412280701754386,0.421052631578947,0.429824561403509,0.43859649122807,
0.447368421052632),.UNSPECIFIED.)
CURVE()
GEOMETRIC_REPRESENTATION_ITEM()
RATIONAL_B_SPLINE_CURVE((1.,0.866025403784439,1.,0.866025403784439,1.,0.866025403784439,
1.,0.866025403784439,1.,0.866025403784439,1.,0.866025403784439,1.))
REPRESENTATION_ITEM('')
);
#589=(
BOUNDED_CURVE()
B_SPLINE_CURVE(2,(#7959,#7960,#7961),.UNSPECIFIED.,.F.,.F.)
B_SPLINE_CURVE_WITH_KNOTS((3,3),(0.0865339773447722,0.34435758751992),
 .UNSPECIFIED.)
CURVE()
GEOMETRIC_REPRESENTATION_ITEM()
RATIONAL_B_SPLINE_CURVE((1.02217010797889,1.04815577350736,1.03218070639593))
REPRESENTATION_ITEM('')
);
#590=(
BOUNDED_CURVE()
B_SPLINE_CURVE(2,(#7962,#7963,#7964),.UNSPECIFIED.,.F.,.F.)
B_SPLINE_CURVE_WITH_KNOTS((3,3),(0.0865339773447642,0.344357587519914),
 .UNSPECIFIED.)
CURVE()
GEOMETRIC_REPRESENTATION_ITEM()
RATIONAL_B_SPLINE_CURVE((1.02217010797892,1.04815577350742,1.03218070639597))
REPRESENTATION_ITEM('')
);
#591=(
BOUNDED_CURVE()
B_SPLINE_CURVE(2,(#7969,#7970,#7971),.UNSPECIFIED.,.F.,.F.)
B_SPLINE_CURVE_WITH_KNOTS((3,3),(0.0865339773447669,0.344357587519916),
 .UNSPECIFIED.)
CURVE()
GEOMETRIC_REPRESENTATION_ITEM()
RATIONAL_B_SPLINE_CURVE((1.02217010797891,1.0481557735074,1.03218070639595))
REPRESENTATION_ITEM('')
);
#592=(
BOUNDED_CURVE()
B_SPLINE_CURVE(2,(#7972,#7973,#7974),.UNSPECIFIED.,.F.,.F.)
B_SPLINE_CURVE_WITH_KNOTS((3,3),(0.0865339773447717,0.344357587519924),
 .UNSPECIFIED.)
CURVE()
GEOMETRIC_REPRESENTATION_ITEM()
RATIONAL_B_SPLINE_CURVE((1.02217010797891,1.04815577350739,1.03218070639595))
REPRESENTATION_ITEM('')
);
#593=(
BOUNDED_CURVE()
B_SPLINE_CURVE(2,(#7979,#7980,#7981),.UNSPECIFIED.,.F.,.F.)
B_SPLINE_CURVE_WITH_KNOTS((3,3),(0.0865339773447688,0.34435758751992),
 .UNSPECIFIED.)
CURVE()
GEOMETRIC_REPRESENTATION_ITEM()
RATIONAL_B_SPLINE_CURVE((1.02217010797891,1.04815577350739,1.03218070639595))
REPRESENTATION_ITEM('')
);
#594=(
BOUNDED_CURVE()
B_SPLINE_CURVE(2,(#7982,#7983,#7984),.UNSPECIFIED.,.F.,.F.)
B_SPLINE_CURVE_WITH_KNOTS((3,3),(0.0865339773447902,0.344357587519939),
 .UNSPECIFIED.)
CURVE()
GEOMETRIC_REPRESENTATION_ITEM()
RATIONAL_B_SPLINE_CURVE((1.02217010797885,1.04815577350726,1.03218070639586))
REPRESENTATION_ITEM('')
);
#595=(
BOUNDED_CURVE()
B_SPLINE_CURVE(2,(#8054,#8055,#8056),.UNSPECIFIED.,.F.,.F.)
B_SPLINE_CURVE_WITH_KNOTS((3,3),(0.086533977344775,0.344357587519921),
 .UNSPECIFIED.)
CURVE()
GEOMETRIC_REPRESENTATION_ITEM()
RATIONAL_B_SPLINE_CURVE((1.02217010797888,1.04815577350734,1.03218070639591))
REPRESENTATION_ITEM('')
);
#596=(
BOUNDED_CURVE()
B_SPLINE_CURVE(2,(#8058,#8059,#8060),.UNSPECIFIED.,.F.,.F.)
B_SPLINE_CURVE_WITH_KNOTS((3,3),(0.0865339773447637,0.344357587519916),
 .UNSPECIFIED.)
CURVE()
GEOMETRIC_REPRESENTATION_ITEM()
RATIONAL_B_SPLINE_CURVE((1.02217010797893,1.04815577350743,1.03218070639598))
REPRESENTATION_ITEM('')
);
#597=(
BOUNDED_CURVE()
B_SPLINE_CURVE(2,(#8559,#8560,#8561,#8562,#8563),.UNSPECIFIED.,.F.,.F.)
B_SPLINE_CURVE_WITH_KNOTS((3,2,3),(0.447368421052632,0.456140350877193,
0.458410628934367),.UNSPECIFIED.)
CURVE()
GEOMETRIC_REPRESENTATION_ITEM()
RATIONAL_B_SPLINE_CURVE((1.,0.866025403784439,1.,0.965325807195209,0.948599787859504))
REPRESENTATION_ITEM('')
);
#598=(
BOUNDED_CURVE()
B_SPLINE_CURVE(2,(#9024,#9025,#9026),.UNSPECIFIED.,.F.,.F.)
B_SPLINE_CURVE_WITH_KNOTS((3,3),(0.447368421052632,0.451719543723032),
 .UNSPECIFIED.)
CURVE()
GEOMETRIC_REPRESENTATION_ITEM()
RATIONAL_B_SPLINE_CURVE((1.,0.933544851074954,0.933016929301903))
REPRESENTATION_ITEM('')
);
#599=LINE('',#3228,#730);
#600=LINE('',#3237,#731);
#601=LINE('',#3269,#732);
#602=LINE('',#3299,#733);
#603=LINE('',#3329,#734);
#604=LINE('',#3359,#735);
#605=LINE('',#3389,#736);
#606=LINE('',#3419,#737);
#607=LINE('',#3449,#738);
#608=LINE('',#3479,#739);
#609=LINE('',#3509,#740);
#610=LINE('',#3539,#741);
#611=LINE('',#3569,#742);
#612=LINE('',#3599,#743);
#613=LINE('',#3629,#744);
#614=LINE('',#3659,#745);
#615=LINE('',#3689,#746);
#616=LINE('',#3719,#747);
#617=LINE('',#3749,#748);
#618=LINE('',#3779,#749);
#619=LINE('',#3813,#750);
#620=LINE('',#3843,#751);
#621=LINE('',#3873,#752);
#622=LINE('',#3903,#753);
#623=LINE('',#3933,#754);
#624=LINE('',#3963,#755);
#625=LINE('',#3993,#756);
#626=LINE('',#4023,#757);
#627=LINE('',#4053,#758);
#628=LINE('',#4083,#759);
#629=LINE('',#4113,#760);
#630=LINE('',#4143,#761);
#631=LINE('',#4173,#762);
#632=LINE('',#4203,#763);
#633=LINE('',#4233,#764);
#634=LINE('',#4263,#765);
#635=LINE('',#4293,#766);
#636=LINE('',#4327,#767);
#637=LINE('',#4357,#768);
#638=LINE('',#4387,#769);
#639=LINE('',#4417,#770);
#640=LINE('',#4447,#771);
#641=LINE('',#4477,#772);
#642=LINE('',#4507,#773);
#643=LINE('',#4562,#774);
#644=LINE('',#4601,#775);
#645=LINE('',#4677,#776);
#646=LINE('',#4753,#777);
#647=LINE('',#4829,#778);
#648=LINE('',#4905,#779);
#649=LINE('',#4983,#780);
#650=LINE('',#5061,#781);
#651=LINE('',#5137,#782);
#652=LINE('',#5213,#783);
#653=LINE('',#5289,#784);
#654=LINE('',#5365,#785);
#655=LINE('',#5441,#786);
#656=LINE('',#5521,#787);
#657=LINE('',#5597,#788);
#658=LINE('',#5673,#789);
#659=LINE('',#5749,#790);
#660=LINE('',#5825,#791);
#661=LINE('',#5901,#792);
#662=LINE('',#5977,#793);
#663=LINE('',#6053,#794);
#664=LINE('',#6129,#795);
#665=LINE('',#6207,#796);
#666=LINE('',#6283,#797);
#667=LINE('',#6361,#798);
#668=LINE('',#6437,#799);
#669=LINE('',#6513,#800);
#670=LINE('',#6589,#801);
#671=LINE('',#6667,#802);
#672=LINE('',#6743,#803);
#673=LINE('',#6819,#804);
#674=LINE('',#6897,#805);
#675=LINE('',#6973,#806);
#676=LINE('',#7049,#807);
#677=LINE('',#7125,#808);
#678=LINE('',#7203,#809);
#679=LINE('',#7279,#810);
#680=LINE('',#7355,#811);
#681=LINE('',#7431,#812);
#682=LINE('',#7507,#813);
#683=LINE('',#7583,#814);
#684=LINE('',#7663,#815);
#685=LINE('',#7840,#816);
#686=LINE('',#7987,#817);
#687=LINE('',#7989,#818);
#688=LINE('',#7993,#819);
#689=LINE('',#7997,#820);
#690=LINE('',#8001,#821);
#691=LINE('',#8005,#822);
#692=LINE('',#8009,#823);
#693=LINE('',#8013,#824);
#694=LINE('',#8016,#825);
#695=LINE('',#8018,#826);
#696=LINE('',#8022,#827);
#697=LINE('',#8026,#828);
#698=LINE('',#8029,#829);
#699=LINE('',#8031,#830);
#700=LINE('',#8035,#831);
#701=LINE('',#8039,#832);
#702=LINE('',#8042,#833);
#703=LINE('',#8044,#834);
#704=LINE('',#8046,#835);
#705=LINE('',#8048,#836);
#706=LINE('',#8050,#837);
#707=LINE('',#8052,#838);
#708=LINE('',#8062,#839);
#709=LINE('',#8064,#840);
#710=LINE('',#8066,#841);
#711=LINE('',#8068,#842);
#712=LINE('',#8070,#843);
#713=LINE('',#8072,#844);
#714=LINE('',#8075,#845);
#715=LINE('',#8077,#846);
#716=LINE('',#8079,#847);
#717=LINE('',#8081,#848);
#718=LINE('',#8083,#849);
#719=LINE('',#8085,#850);
#720=LINE('',#8088,#851);
#721=LINE('',#8090,#852);
#722=LINE('',#8092,#853);
#723=LINE('',#8094,#854);
#724=LINE('',#8096,#855);
#725=LINE('',#8098,#856);
#726=LINE('',#8564,#857);
#727=LINE('',#9023,#858);
#728=LINE('',#9486,#859);
#729=LINE('',#9946,#860);
#730=VECTOR('',#2708,1.54533666301313);
#731=VECTOR('',#2713,1.54533666301313);
#732=VECTOR('',#2718,1.54533666301313);
#733=VECTOR('',#2721,1.54533666301313);
#734=VECTOR('',#2724,1.54533666301313);
#735=VECTOR('',#2727,1.54533666301313);
#736=VECTOR('',#2730,1.54533666301313);
#737=VECTOR('',#2733,1.54533666301313);
#738=VECTOR('',#2736,1.54533666301313);
#739=VECTOR('',#2739,1.54533666301313);
#740=VECTOR('',#2742,1.54533666301313);
#741=VECTOR('',#2745,1.54533666301313);
#742=VECTOR('',#2748,1.54533666301313);
#743=VECTOR('',#2751,1.54533666301313);
#744=VECTOR('',#2754,1.54533666301313);
#745=VECTOR('',#2757,1.54533666301313);
#746=VECTOR('',#2760,1.54533666301313);
#747=VECTOR('',#2763,1.54533666301313);
#748=VECTOR('',#2766,1.54533666301313);
#749=VECTOR('',#2769,1.54533666301313);
#750=VECTOR('',#2772,1.54533666301313);
#751=VECTOR('',#2775,1.54533666301313);
#752=VECTOR('',#2778,1.54533666301313);
#753=VECTOR('',#2781,1.54533666301313);
#754=VECTOR('',#2784,1.54533666301313);
#755=VECTOR('',#2787,1.54533666301313);
#756=VECTOR('',#2790,1.54533666301313);
#757=VECTOR('',#2793,1.54533666301313);
#758=VECTOR('',#2796,1.54533666301313);
#759=VECTOR('',#2799,1.54533666301313);
#760=VECTOR('',#2802,1.54533666301313);
#761=VECTOR('',#2805,1.54533666301313);
#762=VECTOR('',#2808,1.54533666301313);
#763=VECTOR('',#2811,1.54533666301313);
#764=VECTOR('',#2814,1.54533666301313);
#765=VECTOR('',#2817,1.54533666301313);
#766=VECTOR('',#2820,1.54533666301313);
#767=VECTOR('',#2823,1.54533666301313);
#768=VECTOR('',#2826,1.54533666301313);
#769=VECTOR('',#2829,1.54533666301313);
#770=VECTOR('',#2832,1.54533666301313);
#771=VECTOR('',#2835,1.54533666301313);
#772=VECTOR('',#2838,1.54533666301313);
#773=VECTOR('',#2841,1.99999999999999);
#774=VECTOR('',#2848,1.99999999999999);
#775=VECTOR('',#2853,1.99999999999999);
#776=VECTOR('',#2856,1.99999999999999);
#777=VECTOR('',#2859,1.99999999999999);
#778=VECTOR('',#2862,1.99999999999999);
#779=VECTOR('',#2865,1.99999999999999);
#780=VECTOR('',#2868,1.99999999999999);
#781=VECTOR('',#2871,1.99999999999999);
#782=VECTOR('',#2874,1.99999999999999);
#783=VECTOR('',#2877,1.99999999999999);
#784=VECTOR('',#2880,1.99999999999999);
#785=VECTOR('',#2883,1.99999999999999);
#786=VECTOR('',#2886,1.99999999999999);
#787=VECTOR('',#2889,1.99999999999999);
#788=VECTOR('',#2892,1.99999999999999);
#789=VECTOR('',#2895,1.99999999999999);
#790=VECTOR('',#2898,1.99999999999999);
#791=VECTOR('',#2901,1.99999999999999);
#792=VECTOR('',#2904,1.99999999999999);
#793=VECTOR('',#2907,1.99999999999999);
#794=VECTOR('',#2910,1.99999999999999);
#795=VECTOR('',#2913,1.99999999999999);
#796=VECTOR('',#2916,1.99999999999999);
#797=VECTOR('',#2919,1.99999999999999);
#798=VECTOR('',#2922,1.99999999999999);
#799=VECTOR('',#2925,1.99999999999999);
#800=VECTOR('',#2928,1.99999999999999);
#801=VECTOR('',#2931,1.99999999999999);
#802=VECTOR('',#2934,1.99999999999999);
#803=VECTOR('',#2937,1.99999999999999);
#804=VECTOR('',#2940,1.99999999999999);
#805=VECTOR('',#2943,1.99999999999999);
#806=VECTOR('',#2946,1.99999999999999);
#807=VECTOR('',#2949,1.99999999999999);
#808=VECTOR('',#2952,1.99999999999999);
#809=VECTOR('',#2955,1.99999999999999);
#810=VECTOR('',#2958,1.99999999999999);
#811=VECTOR('',#2961,1.99999999999999);
#812=VECTOR('',#2964,1.99999999999999);
#813=VECTOR('',#2967,1.99999999999999);
#814=VECTOR('',#2970,1.99999999999999);
#815=VECTOR('',#2973,1.99999999999999);
#816=VECTOR('',#2980,1.99999999999999);
#817=VECTOR('',#3087,1000.);
#818=VECTOR('',#3088,1000.);
#819=VECTOR('',#3091,1000.);
#820=VECTOR('',#3094,1000.);
#821=VECTOR('',#3097,1000.);
#822=VECTOR('',#3100,1000.);
#823=VECTOR('',#3103,1000.);
#824=VECTOR('',#3106,1000.);
#825=VECTOR('',#3109,1000.);
#826=VECTOR('',#3110,1000.);
#827=VECTOR('',#3113,1000.);
#828=VECTOR('',#3116,1000.);
#829=VECTOR('',#3119,1000.);
#830=VECTOR('',#3120,1000.);
#831=VECTOR('',#3123,1000.);
#832=VECTOR('',#3126,1000.);
#833=VECTOR('',#3131,1000.);
#834=VECTOR('',#3134,1000.);
#835=VECTOR('',#3137,1000.);
#836=VECTOR('',#3140,1000.);
#837=VECTOR('',#3143,1000.);
#838=VECTOR('',#3146,1000.);
#839=VECTOR('',#3153,1000.);
#840=VECTOR('',#3156,1000.);
#841=VECTOR('',#3159,1000.);
#842=VECTOR('',#3162,1000.);
#843=VECTOR('',#3165,1000.);
#844=VECTOR('',#3168,1000.);
#845=VECTOR('',#3173,1000.);
#846=VECTOR('',#3176,1000.);
#847=VECTOR('',#3179,1000.);
#848=VECTOR('',#3182,1000.);
#849=VECTOR('',#3185,1000.);
#850=VECTOR('',#3188,1000.);
#851=VECTOR('',#3193,1000.);
#852=VECTOR('',#3196,1000.);
#853=VECTOR('',#3199,1000.);
#854=VECTOR('',#3202,1000.);
#855=VECTOR('',#3205,1000.);
#856=VECTOR('',#3208,1000.);
#857=VECTOR('',#3213,1000.);
#858=VECTOR('',#3214,1000.);
#859=VECTOR('',#3217,1000.);
#860=VECTOR('',#3220,1000.);
#861=VERTEX_POINT('',#3226);
#862=VERTEX_POINT('',#3227);
#863=VERTEX_POINT('',#3229);
#864=VERTEX_POINT('',#3235);
#865=VERTEX_POINT('',#3236);
#866=VERTEX_POINT('',#3251);
#867=VERTEX_POINT('',#3267);
#868=VERTEX_POINT('',#3268);
#869=VERTEX_POINT('',#3297);
#870=VERTEX_POINT('',#3298);
#871=VERTEX_POINT('',#3327);
#872=VERTEX_POINT('',#3328);
#873=VERTEX_POINT('',#3357);
#874=VERTEX_POINT('',#3358);
#875=VERTEX_POINT('',#3387);
#876=VERTEX_POINT('',#3388);
#877=VERTEX_POINT('',#3417);
#878=VERTEX_POINT('',#3418);
#879=VERTEX_POINT('',#3447);
#880=VERTEX_POINT('',#3448);
#881=VERTEX_POINT('',#3477);
#882=VERTEX_POINT('',#3478);
#883=VERTEX_POINT('',#3507);
#884=VERTEX_POINT('',#3508);
#885=VERTEX_POINT('',#3537);
#886=VERTEX_POINT('',#3538);
#887=VERTEX_POINT('',#3567);
#888=VERTEX_POINT('',#3568);
#889=VERTEX_POINT('',#3597);
#890=VERTEX_POINT('',#3598);
#891=VERTEX_POINT('',#3627);
#892=VERTEX_POINT('',#3628);
#893=VERTEX_POINT('',#3657);
#894=VERTEX_POINT('',#3658);
#895=VERTEX_POINT('',#3687);
#896=VERTEX_POINT('',#3688);
#897=VERTEX_POINT('',#3717);
#898=VERTEX_POINT('',#3718);
#899=VERTEX_POINT('',#3747);
#900=VERTEX_POINT('',#3748);
#901=VERTEX_POINT('',#3777);
#902=VERTEX_POINT('',#3778);
#903=VERTEX_POINT('',#3780);
#904=VERTEX_POINT('',#3795);
#905=VERTEX_POINT('',#3811);
#906=VERTEX_POINT('',#3812);
#907=VERTEX_POINT('',#3841);
#908=VERTEX_POINT('',#3842);
#909=VERTEX_POINT('',#3871);
#910=VERTEX_POINT('',#3872);
#911=VERTEX_POINT('',#3901);
#912=VERTEX_POINT('',#3902);
#913=VERTEX_POINT('',#3931);
#914=VERTEX_POINT('',#3932);
#915=VERTEX_POINT('',#3961);
#916=VERTEX_POINT('',#3962);
#917=VERTEX_POINT('',#3991);
#918=VERTEX_POINT('',#3992);
#919=VERTEX_POINT('',#4021);
#920=VERTEX_POINT('',#4022);
#921=VERTEX_POINT('',#4051);
#922=VERTEX_POINT('',#4052);
#923=VERTEX_POINT('',#4081);
#924=VERTEX_POINT('',#4082);
#925=VERTEX_POINT('',#4111);
#926=VERTEX_POINT('',#4112);
#927=VERTEX_POINT('',#4141);
#928=VERTEX_POINT('',#4142);
#929=VERTEX_POINT('',#4171);
#930=VERTEX_POINT('',#4172);
#931=VERTEX_POINT('',#4201);
#932=VERTEX_POINT('',#4202);
#933=VERTEX_POINT('',#4231);
#934=VERTEX_POINT('',#4232);
#935=VERTEX_POINT('',#4261);
#936=VERTEX_POINT('',#4262);
#937=VERTEX_POINT('',#4291);
#938=VERTEX_POINT('',#4292);
#939=VERTEX_POINT('',#4294);
#940=VERTEX_POINT('',#4309);
#941=VERTEX_POINT('',#4325);
#942=VERTEX_POINT('',#4326);
#943=VERTEX_POINT('',#4355);
#944=VERTEX_POINT('',#4356);
#945=VERTEX_POINT('',#4385);
#946=VERTEX_POINT('',#4386);
#947=VERTEX_POINT('',#4415);
#948=VERTEX_POINT('',#4416);
#949=VERTEX_POINT('',#4445);
#950=VERTEX_POINT('',#4446);
#951=VERTEX_POINT('',#4475);
#952=VERTEX_POINT('',#4476);
#953=VERTEX_POINT('',#4505);
#954=VERTEX_POINT('',#4506);
#955=VERTEX_POINT('',#4508);
#956=VERTEX_POINT('',#4510);
#957=VERTEX_POINT('',#4525);
#958=VERTEX_POINT('',#4560);
#959=VERTEX_POINT('',#4561);
#960=VERTEX_POINT('',#4563);
#961=VERTEX_POINT('',#4582);
#962=VERTEX_POINT('',#4599);
#963=VERTEX_POINT('',#4600);
#964=VERTEX_POINT('',#4675);
#965=VERTEX_POINT('',#4676);
#966=VERTEX_POINT('',#4751);
#967=VERTEX_POINT('',#4752);
#968=VERTEX_POINT('',#4827);
#969=VERTEX_POINT('',#4828);
#970=VERTEX_POINT('',#4903);
#971=VERTEX_POINT('',#4904);
#972=VERTEX_POINT('',#4981);
#973=VERTEX_POINT('',#4982);
#974=VERTEX_POINT('',#5059);
#975=VERTEX_POINT('',#5060);
#976=VERTEX_POINT('',#5135);
#977=VERTEX_POINT('',#5136);
#978=VERTEX_POINT('',#5211);
#979=VERTEX_POINT('',#5212);
#980=VERTEX_POINT('',#5287);
#981=VERTEX_POINT('',#5288);
#982=VERTEX_POINT('',#5363);
#983=VERTEX_POINT('',#5364);
#984=VERTEX_POINT('',#5439);
#985=VERTEX_POINT('',#5440);
#986=VERTEX_POINT('',#5519);
#987=VERTEX_POINT('',#5520);
#988=VERTEX_POINT('',#5595);
#989=VERTEX_POINT('',#5596);
#990=VERTEX_POINT('',#5671);
#991=VERTEX_POINT('',#5672);
#992=VERTEX_POINT('',#5747);
#993=VERTEX_POINT('',#5748);
#994=VERTEX_POINT('',#5823);
#995=VERTEX_POINT('',#5824);
#996=VERTEX_POINT('',#5899);
#997=VERTEX_POINT('',#5900);
#998=VERTEX_POINT('',#5975);
#999=VERTEX_POINT('',#5976);
#1000=VERTEX_POINT('',#6051);
#1001=VERTEX_POINT('',#6052);
#1002=VERTEX_POINT('',#6127);
#1003=VERTEX_POINT('',#6128);
#1004=VERTEX_POINT('',#6205);
#1005=VERTEX_POINT('',#6206);
#1006=VERTEX_POINT('',#6281);
#1007=VERTEX_POINT('',#6282);
#1008=VERTEX_POINT('',#6359);
#1009=VERTEX_POINT('',#6360);
#1010=VERTEX_POINT('',#6435);
#1011=VERTEX_POINT('',#6436);
#1012=VERTEX_POINT('',#6511);
#1013=VERTEX_POINT('',#6512);
#1014=VERTEX_POINT('',#6587);
#1015=VERTEX_POINT('',#6588);
#1016=VERTEX_POINT('',#6665);
#1017=VERTEX_POINT('',#6666);
#1018=VERTEX_POINT('',#6741);
#1019=VERTEX_POINT('',#6742);
#1020=VERTEX_POINT('',#6817);
#1021=VERTEX_POINT('',#6818);
#1022=VERTEX_POINT('',#6895);
#1023=VERTEX_POINT('',#6896);
#1024=VERTEX_POINT('',#6971);
#1025=VERTEX_POINT('',#6972);
#1026=VERTEX_POINT('',#7047);
#1027=VERTEX_POINT('',#7048);
#1028=VERTEX_POINT('',#7123);
#1029=VERTEX_POINT('',#7124);
#1030=VERTEX_POINT('',#7201);
#1031=VERTEX_POINT('',#7202);
#1032=VERTEX_POINT('',#7277);
#1033=VERTEX_POINT('',#7278);
#1034=VERTEX_POINT('',#7353);
#1035=VERTEX_POINT('',#7354);
#1036=VERTEX_POINT('',#7429);
#1037=VERTEX_POINT('',#7430);
#1038=VERTEX_POINT('',#7505);
#1039=VERTEX_POINT('',#7506);
#1040=VERTEX_POINT('',#7581);
#1041=VERTEX_POINT('',#7582);
#1042=VERTEX_POINT('',#7661);
#1043=VERTEX_POINT('',#7662);
#1044=VERTEX_POINT('',#7769);
#1045=VERTEX_POINT('',#7814);
#1046=VERTEX_POINT('',#7839);
#1047=VERTEX_POINT('',#7875);
#1048=VERTEX_POINT('',#7877);
#1049=VERTEX_POINT('',#7881);
#1050=VERTEX_POINT('',#7882);
#1051=VERTEX_POINT('',#7884);
#1052=VERTEX_POINT('',#7887);
#1053=VERTEX_POINT('',#7891);
#1054=VERTEX_POINT('',#7892);
#1055=VERTEX_POINT('',#7894);
#1056=VERTEX_POINT('',#7896);
#1057=VERTEX_POINT('',#7898);
#1058=VERTEX_POINT('',#7900);
#1059=VERTEX_POINT('',#7902);
#1060=VERTEX_POINT('',#7904);
#1061=VERTEX_POINT('',#7906);
#1062=VERTEX_POINT('',#7908);
#1063=VERTEX_POINT('',#7910);
#1064=VERTEX_POINT('',#7912);
#1065=VERTEX_POINT('',#7914);
#1066=VERTEX_POINT('',#7916);
#1067=VERTEX_POINT('',#7918);
#1068=VERTEX_POINT('',#7920);
#1069=VERTEX_POINT('',#7922);
#1070=VERTEX_POINT('',#7924);
#1071=VERTEX_POINT('',#7926);
#1072=VERTEX_POINT('',#7928);
#1073=VERTEX_POINT('',#7930);
#1074=VERTEX_POINT('',#7932);
#1075=VERTEX_POINT('',#7934);
#1076=VERTEX_POINT('',#7936);
#1077=VERTEX_POINT('',#7938);
#1078=VERTEX_POINT('',#7940);
#1079=VERTEX_POINT('',#7942);
#1080=VERTEX_POINT('',#7944);
#1081=VERTEX_POINT('',#7946);
#1082=VERTEX_POINT('',#7948);
#1083=VERTEX_POINT('',#7950);
#1084=VERTEX_POINT('',#7952);
#1085=VERTEX_POINT('',#7956);
#1086=VERTEX_POINT('',#7957);
#1087=VERTEX_POINT('',#7966);
#1088=VERTEX_POINT('',#7967);
#1089=VERTEX_POINT('',#7976);
#1090=VERTEX_POINT('',#7977);
#1091=VERTEX_POINT('',#7986);
#1092=VERTEX_POINT('',#7988);
#1093=VERTEX_POINT('',#7990);
#1094=VERTEX_POINT('',#7992);
#1095=VERTEX_POINT('',#7994);
#1096=VERTEX_POINT('',#7996);
#1097=VERTEX_POINT('',#7998);
#1098=VERTEX_POINT('',#8000);
#1099=VERTEX_POINT('',#8002);
#1100=VERTEX_POINT('',#8004);
#1101=VERTEX_POINT('',#8006);
#1102=VERTEX_POINT('',#8008);
#1103=VERTEX_POINT('',#8010);
#1104=VERTEX_POINT('',#8012);
#1105=VERTEX_POINT('',#8014);
#1106=VERTEX_POINT('',#8017);
#1107=VERTEX_POINT('',#8019);
#1108=VERTEX_POINT('',#8021);
#1109=VERTEX_POINT('',#8023);
#1110=VERTEX_POINT('',#8025);
#1111=VERTEX_POINT('',#8027);
#1112=VERTEX_POINT('',#8030);
#1113=VERTEX_POINT('',#8032);
#1114=VERTEX_POINT('',#8034);
#1115=VERTEX_POINT('',#8036);
#1116=VERTEX_POINT('',#8038);
#1117=EDGE_CURVE('',#861,#862,#599,.T.);
#1118=EDGE_CURVE('',#863,#861,#500,.T.);
#1119=EDGE_CURVE('',#862,#863,#445,.T.);
#1120=EDGE_CURVE('',#864,#865,#600,.T.);
#1121=EDGE_CURVE('',#861,#864,#501,.T.);
#1122=EDGE_CURVE('',#866,#862,#446,.T.);
#1123=EDGE_CURVE('',#866,#865,#502,.T.);
#1124=EDGE_CURVE('',#867,#868,#601,.T.);
#1125=EDGE_CURVE('',#864,#867,#503,.T.);
#1126=EDGE_CURVE('',#865,#868,#504,.T.);
#1127=EDGE_CURVE('',#869,#870,#602,.T.);
#1128=EDGE_CURVE('',#867,#869,#505,.T.);
#1129=EDGE_CURVE('',#868,#870,#506,.T.);
#1130=EDGE_CURVE('',#871,#872,#603,.T.);
#1131=EDGE_CURVE('',#869,#871,#507,.T.);
#1132=EDGE_CURVE('',#870,#872,#508,.T.);
#1133=EDGE_CURVE('',#873,#874,#604,.T.);
#1134=EDGE_CURVE('',#871,#873,#509,.T.);
#1135=EDGE_CURVE('',#872,#874,#510,.T.);
#1136=EDGE_CURVE('',#875,#876,#605,.T.);
#1137=EDGE_CURVE('',#873,#875,#511,.T.);
#1138=EDGE_CURVE('',#874,#876,#512,.T.);
#1139=EDGE_CURVE('',#877,#878,#606,.T.);
#1140=EDGE_CURVE('',#875,#877,#513,.T.);
#1141=EDGE_CURVE('',#876,#878,#514,.T.);
#1142=EDGE_CURVE('',#879,#880,#607,.T.);
#1143=EDGE_CURVE('',#877,#879,#515,.T.);
#1144=EDGE_CURVE('',#878,#880,#516,.T.);
#1145=EDGE_CURVE('',#881,#882,#608,.T.);
#1146=EDGE_CURVE('',#879,#881,#517,.T.);
#1147=EDGE_CURVE('',#880,#882,#518,.T.);
#1148=EDGE_CURVE('',#883,#884,#609,.T.);
#1149=EDGE_CURVE('',#881,#883,#519,.T.);
#1150=EDGE_CURVE('',#882,#884,#520,.T.);
#1151=EDGE_CURVE('',#885,#886,#610,.T.);
#1152=EDGE_CURVE('',#883,#885,#521,.T.);
#1153=EDGE_CURVE('',#884,#886,#522,.T.);
#1154=EDGE_CURVE('',#887,#888,#611,.T.);
#1155=EDGE_CURVE('',#885,#887,#523,.T.);
#1156=EDGE_CURVE('',#886,#888,#524,.T.);
#1157=EDGE_CURVE('',#889,#890,#612,.T.);
#1158=EDGE_CURVE('',#887,#889,#525,.T.);
#1159=EDGE_CURVE('',#888,#890,#526,.T.);
#1160=EDGE_CURVE('',#891,#892,#613,.T.);
#1161=EDGE_CURVE('',#889,#891,#527,.T.);
#1162=EDGE_CURVE('',#890,#892,#528,.T.);
#1163=EDGE_CURVE('',#893,#894,#614,.T.);
#1164=EDGE_CURVE('',#891,#893,#529,.T.);
#1165=EDGE_CURVE('',#892,#894,#530,.T.);
#1166=EDGE_CURVE('',#895,#896,#615,.T.);
#1167=EDGE_CURVE('',#893,#895,#531,.T.);
#1168=EDGE_CURVE('',#894,#896,#532,.T.);
#1169=EDGE_CURVE('',#897,#898,#616,.T.);
#1170=EDGE_CURVE('',#895,#897,#533,.T.);
#1171=EDGE_CURVE('',#896,#898,#534,.T.);
#1172=EDGE_CURVE('',#899,#900,#617,.T.);
#1173=EDGE_CURVE('',#897,#899,#535,.T.);
#1174=EDGE_CURVE('',#898,#900,#536,.T.);
#1175=EDGE_CURVE('',#901,#902,#618,.T.);
#1176=EDGE_CURVE('',#903,#901,#537,.T.);
#1177=EDGE_CURVE('',#899,#903,#538,.T.);
#1178=EDGE_CURVE('',#900,#904,#539,.T.);
#1179=EDGE_CURVE('',#904,#902,#540,.T.);
#1180=EDGE_CURVE('',#905,#906,#619,.T.);
#1181=EDGE_CURVE('',#901,#905,#541,.T.);
#1182=EDGE_CURVE('',#902,#906,#542,.T.);
#1183=EDGE_CURVE('',#907,#908,#620,.T.);
#1184=EDGE_CURVE('',#905,#907,#543,.T.);
#1185=EDGE_CURVE('',#906,#908,#544,.T.);
#1186=EDGE_CURVE('',#909,#910,#621,.T.);
#1187=EDGE_CURVE('',#907,#909,#545,.T.);
#1188=EDGE_CURVE('',#908,#910,#546,.T.);
#1189=EDGE_CURVE('',#911,#912,#622,.T.);
#1190=EDGE_CURVE('',#909,#911,#547,.T.);
#1191=EDGE_CURVE('',#910,#912,#548,.T.);
#1192=EDGE_CURVE('',#913,#914,#623,.T.);
#1193=EDGE_CURVE('',#911,#913,#549,.T.);
#1194=EDGE_CURVE('',#912,#914,#550,.T.);
#1195=EDGE_CURVE('',#915,#916,#624,.T.);
#1196=EDGE_CURVE('',#913,#915,#551,.T.);
#1197=EDGE_CURVE('',#914,#916,#552,.T.);
#1198=EDGE_CURVE('',#917,#918,#625,.T.);
#1199=EDGE_CURVE('',#915,#917,#553,.T.);
#1200=EDGE_CURVE('',#916,#918,#554,.T.);
#1201=EDGE_CURVE('',#919,#920,#626,.T.);
#1202=EDGE_CURVE('',#917,#919,#555,.T.);
#1203=EDGE_CURVE('',#918,#920,#556,.T.);
#1204=EDGE_CURVE('',#921,#922,#627,.T.);
#1205=EDGE_CURVE('',#919,#921,#557,.T.);
#1206=EDGE_CURVE('',#920,#922,#558,.T.);
#1207=EDGE_CURVE('',#923,#924,#628,.T.);
#1208=EDGE_CURVE('',#921,#923,#559,.T.);
#1209=EDGE_CURVE('',#922,#924,#560,.T.);
#1210=EDGE_CURVE('',#925,#926,#629,.T.);
#1211=EDGE_CURVE('',#923,#925,#561,.T.);
#1212=EDGE_CURVE('',#924,#926,#562,.T.);
#1213=EDGE_CURVE('',#927,#928,#630,.T.);
#1214=EDGE_CURVE('',#925,#927,#563,.T.);
#1215=EDGE_CURVE('',#926,#928,#564,.T.);
#1216=EDGE_CURVE('',#929,#930,#631,.T.);
#1217=EDGE_CURVE('',#927,#929,#565,.T.);
#1218=EDGE_CURVE('',#928,#930,#566,.T.);
#1219=EDGE_CURVE('',#931,#932,#632,.T.);
#1220=EDGE_CURVE('',#929,#931,#567,.T.);
#1221=EDGE_CURVE('',#930,#932,#568,.T.);
#1222=EDGE_CURVE('',#933,#934,#633,.T.);
#1223=EDGE_CURVE('',#931,#933,#569,.T.);
#1224=EDGE_CURVE('',#932,#934,#570,.T.);
#1225=EDGE_CURVE('',#935,#936,#634,.T.);
#1226=EDGE_CURVE('',#933,#935,#571,.T.);
#1227=EDGE_CURVE('',#934,#936,#572,.T.);
#1228=EDGE_CURVE('',#937,#938,#635,.T.);
#1229=EDGE_CURVE('',#939,#937,#573,.T.);
#1230=EDGE_CURVE('',#935,#939,#574,.T.);
#1231=EDGE_CURVE('',#936,#940,#575,.T.);
#1232=EDGE_CURVE('',#940,#938,#576,.T.);
#1233=EDGE_CURVE('',#941,#942,#636,.T.);
#1234=EDGE_CURVE('',#937,#941,#577,.T.);
#1235=EDGE_CURVE('',#938,#942,#578,.T.);
#1236=EDGE_CURVE('',#943,#944,#637,.T.);
#1237=EDGE_CURVE('',#941,#943,#579,.T.);
#1238=EDGE_CURVE('',#942,#944,#580,.T.);
#1239=EDGE_CURVE('',#945,#946,#638,.T.);
#1240=EDGE_CURVE('',#943,#945,#581,.T.);
#1241=EDGE_CURVE('',#944,#946,#582,.T.);
#1242=EDGE_CURVE('',#947,#948,#639,.T.);
#1243=EDGE_CURVE('',#945,#947,#583,.T.);
#1244=EDGE_CURVE('',#946,#948,#584,.T.);
#1245=EDGE_CURVE('',#949,#950,#640,.T.);
#1246=EDGE_CURVE('',#947,#949,#585,.T.);
#1247=EDGE_CURVE('',#948,#950,#586,.T.);
#1248=EDGE_CURVE('',#951,#952,#641,.T.);
#1249=EDGE_CURVE('',#949,#951,#587,.T.);
#1250=EDGE_CURVE('',#950,#952,#588,.T.);
#1251=EDGE_CURVE('',#953,#954,#642,.T.);
#1252=EDGE_CURVE('',#953,#955,#447,.T.);
#1253=EDGE_CURVE('',#955,#956,#60,.T.);
#1254=EDGE_CURVE('',#956,#957,#448,.T.);
#1255=EDGE_CURVE('',#957,#954,#61,.T.);
#1256=EDGE_CURVE('',#958,#959,#643,.T.);
#1257=EDGE_CURVE('',#958,#960,#62,.T.);
#1258=EDGE_CURVE('',#960,#961,#449,.T.);
#1259=EDGE_CURVE('',#961,#959,#63,.T.);
#1260=EDGE_CURVE('',#962,#963,#644,.T.);
#1261=EDGE_CURVE('',#962,#958,#64,.T.);
#1262=EDGE_CURVE('',#959,#963,#65,.T.);
#1263=EDGE_CURVE('',#964,#965,#645,.T.);
#1264=EDGE_CURVE('',#964,#962,#66,.T.);
#1265=EDGE_CURVE('',#963,#965,#67,.T.);
#1266=EDGE_CURVE('',#966,#967,#646,.T.);
#1267=EDGE_CURVE('',#966,#964,#68,.T.);
#1268=EDGE_CURVE('',#965,#967,#69,.T.);
#1269=EDGE_CURVE('',#968,#969,#647,.T.);
#1270=EDGE_CURVE('',#968,#966,#70,.T.);
#1271=EDGE_CURVE('',#967,#969,#71,.T.);
#1272=EDGE_CURVE('',#970,#971,#648,.T.);
#1273=EDGE_CURVE('',#970,#968,#72,.T.);
#1274=EDGE_CURVE('',#969,#971,#73,.T.);
#1275=EDGE_CURVE('',#972,#973,#649,.T.);
#1276=EDGE_CURVE('',#972,#970,#74,.T.);
#1277=EDGE_CURVE('',#971,#973,#75,.T.);
#1278=EDGE_CURVE('',#974,#975,#650,.T.);
#1279=EDGE_CURVE('',#974,#972,#76,.T.);
#1280=EDGE_CURVE('',#973,#975,#77,.T.);
#1281=EDGE_CURVE('',#976,#977,#651,.T.);
#1282=EDGE_CURVE('',#976,#974,#78,.T.);
#1283=EDGE_CURVE('',#975,#977,#79,.T.);
#1284=EDGE_CURVE('',#978,#979,#652,.T.);
#1285=EDGE_CURVE('',#978,#976,#80,.T.);
#1286=EDGE_CURVE('',#977,#979,#81,.T.);
#1287=EDGE_CURVE('',#980,#981,#653,.T.);
#1288=EDGE_CURVE('',#980,#978,#82,.T.);
#1289=EDGE_CURVE('',#979,#981,#83,.T.);
#1290=EDGE_CURVE('',#982,#983,#654,.T.);
#1291=EDGE_CURVE('',#982,#980,#84,.T.);
#1292=EDGE_CURVE('',#981,#983,#85,.T.);
#1293=EDGE_CURVE('',#984,#985,#655,.T.);
#1294=EDGE_CURVE('',#984,#982,#86,.T.);
#1295=EDGE_CURVE('',#983,#985,#87,.T.);
#1296=EDGE_CURVE('',#986,#987,#656,.T.);
#1297=EDGE_CURVE('',#986,#984,#88,.T.);
#1298=EDGE_CURVE('',#985,#987,#89,.T.);
#1299=EDGE_CURVE('',#988,#989,#657,.T.);
#1300=EDGE_CURVE('',#988,#986,#90,.T.);
#1301=EDGE_CURVE('',#987,#989,#91,.T.);
#1302=EDGE_CURVE('',#990,#991,#658,.T.);
#1303=EDGE_CURVE('',#990,#988,#92,.T.);
#1304=EDGE_CURVE('',#989,#991,#93,.T.);
#1305=EDGE_CURVE('',#992,#993,#659,.T.);
#1306=EDGE_CURVE('',#992,#990,#94,.T.);
#1307=EDGE_CURVE('',#991,#993,#95,.T.);
#1308=EDGE_CURVE('',#994,#995,#660,.T.);
#1309=EDGE_CURVE('',#994,#992,#96,.T.);
#1310=EDGE_CURVE('',#993,#995,#97,.T.);
#1311=EDGE_CURVE('',#996,#997,#661,.T.);
#1312=EDGE_CURVE('',#996,#994,#98,.T.);
#1313=EDGE_CURVE('',#995,#997,#99,.T.);
#1314=EDGE_CURVE('',#998,#999,#662,.T.);
#1315=EDGE_CURVE('',#998,#996,#100,.T.);
#1316=EDGE_CURVE('',#997,#999,#101,.T.);
#1317=EDGE_CURVE('',#1000,#1001,#663,.T.);
#1318=EDGE_CURVE('',#1000,#998,#102,.T.);
#1319=EDGE_CURVE('',#999,#1001,#103,.T.);
#1320=EDGE_CURVE('',#1002,#1003,#664,.T.);
#1321=EDGE_CURVE('',#1002,#1000,#104,.T.);
#1322=EDGE_CURVE('',#1001,#1003,#105,.T.);
#1323=EDGE_CURVE('',#1004,#1005,#665,.T.);
#1324=EDGE_CURVE('',#1004,#1002,#106,.T.);
#1325=EDGE_CURVE('',#1003,#1005,#107,.T.);
#1326=EDGE_CURVE('',#1006,#1007,#666,.T.);
#1327=EDGE_CURVE('',#1006,#1004,#108,.T.);
#1328=EDGE_CURVE('',#1005,#1007,#109,.T.);
#1329=EDGE_CURVE('',#1008,#1009,#667,.T.);
#1330=EDGE_CURVE('',#1008,#1006,#110,.T.);
#1331=EDGE_CURVE('',#1007,#1009,#111,.T.);
#1332=EDGE_CURVE('',#1010,#1011,#668,.T.);
#1333=EDGE_CURVE('',#1010,#1008,#112,.T.);
#1334=EDGE_CURVE('',#1009,#1011,#113,.T.);
#1335=EDGE_CURVE('',#1012,#1013,#669,.T.);
#1336=EDGE_CURVE('',#1012,#1010,#114,.T.);
#1337=EDGE_CURVE('',#1011,#1013,#115,.T.);
#1338=EDGE_CURVE('',#1014,#1015,#670,.T.);
#1339=EDGE_CURVE('',#1014,#1012,#116,.T.);
#1340=EDGE_CURVE('',#1013,#1015,#117,.T.);
#1341=EDGE_CURVE('',#1016,#1017,#671,.T.);
#1342=EDGE_CURVE('',#1016,#1014,#118,.T.);
#1343=EDGE_CURVE('',#1015,#1017,#119,.T.);
#1344=EDGE_CURVE('',#1018,#1019,#672,.T.);
#1345=EDGE_CURVE('',#1018,#1016,#120,.T.);
#1346=EDGE_CURVE('',#1017,#1019,#121,.T.);
#1347=EDGE_CURVE('',#1020,#1021,#673,.T.);
#1348=EDGE_CURVE('',#1020,#1018,#122,.T.);
#1349=EDGE_CURVE('',#1019,#1021,#123,.T.);
#1350=EDGE_CURVE('',#1022,#1023,#674,.T.);
#1351=EDGE_CURVE('',#1022,#1020,#124,.T.);
#1352=EDGE_CURVE('',#1021,#1023,#125,.T.);
#1353=EDGE_CURVE('',#1024,#1025,#675,.T.);
#1354=EDGE_CURVE('',#1024,#1022,#126,.T.);
#1355=EDGE_CURVE('',#1023,#1025,#127,.T.);
#1356=EDGE_CURVE('',#1026,#1027,#676,.T.);
#1357=EDGE_CURVE('',#1026,#1024,#128,.T.);
#1358=EDGE_CURVE('',#1025,#1027,#129,.T.);
#1359=EDGE_CURVE('',#1028,#1029,#677,.T.);
#1360=EDGE_CURVE('',#1028,#1026,#130,.T.);
#1361=EDGE_CURVE('',#1027,#1029,#131,.T.);
#1362=EDGE_CURVE('',#1030,#1031,#678,.T.);
#1363=EDGE_CURVE('',#1030,#1028,#132,.T.);
#1364=EDGE_CURVE('',#1029,#1031,#133,.T.);
#1365=EDGE_CURVE('',#1032,#1033,#679,.T.);
#1366=EDGE_CURVE('',#1032,#1030,#134,.T.);
#1367=EDGE_CURVE('',#1031,#1033,#135,.T.);
#1368=EDGE_CURVE('',#1034,#1035,#680,.T.);
#1369=EDGE_CURVE('',#1034,#1032,#136,.T.);
#1370=EDGE_CURVE('',#1033,#1035,#137,.T.);
#1371=EDGE_CURVE('',#1036,#1037,#681,.T.);
#1372=EDGE_CURVE('',#1036,#1034,#138,.T.);
#1373=EDGE_CURVE('',#1035,#1037,#139,.T.);
#1374=EDGE_CURVE('',#1038,#1039,#682,.T.);
#1375=EDGE_CURVE('',#1038,#1036,#140,.T.);
#1376=EDGE_CURVE('',#1037,#1039,#141,.T.);
#1377=EDGE_CURVE('',#1040,#1041,#683,.T.);
#1378=EDGE_CURVE('',#1040,#1038,#142,.T.);
#1379=EDGE_CURVE('',#1039,#1041,#143,.T.);
#1380=EDGE_CURVE('',#1042,#1043,#684,.T.);
#1381=EDGE_CURVE('',#1042,#1040,#144,.T.);
#1382=EDGE_CURVE('',#1041,#1043,#145,.T.);
#1383=EDGE_CURVE('',#1043,#955,#146,.T.);
#1384=EDGE_CURVE('',#955,#1044,#450,.T.);
#1385=EDGE_CURVE('',#1044,#1042,#147,.T.);
#1386=EDGE_CURVE('',#863,#961,#148,.T.);
#1387=EDGE_CURVE('',#960,#1045,#149,.T.);
#1388=EDGE_CURVE('',#1045,#1046,#685,.T.);
#1389=EDGE_CURVE('',#1046,#1046,#451,.T.);
#1390=EDGE_CURVE('',#1045,#866,#150,.T.);
#1391=EDGE_CURVE('',#954,#1044,#151,.T.);
#1392=EDGE_CURVE('',#1044,#953,#452,.T.);
#1393=EDGE_CURVE('',#1047,#1047,#453,.T.);
#1394=EDGE_CURVE('',#1047,#1048,#454,.T.);
#1395=EDGE_CURVE('',#1048,#1048,#455,.T.);
#1396=EDGE_CURVE('',#1049,#1050,#456,.T.);
#1397=EDGE_CURVE('',#1051,#1051,#457,.T.);
#1398=EDGE_CURVE('',#1052,#1052,#458,.T.);
#1399=EDGE_CURVE('',#1052,#1051,#459,.T.);
#1400=EDGE_CURVE('',#1053,#1054,#460,.T.);
#1401=EDGE_CURVE('',#1055,#1053,#461,.T.);
#1402=EDGE_CURVE('',#1056,#1055,#44,.T.);
#1403=EDGE_CURVE('',#1057,#1056,#462,.T.);
#1404=EDGE_CURVE('',#1058,#1057,#463,.T.);
#1405=EDGE_CURVE('',#1059,#1058,#464,.T.);
#1406=EDGE_CURVE('',#1060,#1059,#45,.T.);
#1407=EDGE_CURVE('',#1061,#1060,#465,.T.);
#1408=EDGE_CURVE('',#1062,#1061,#466,.T.);
#1409=EDGE_CURVE('',#1063,#1062,#467,.T.);
#1410=EDGE_CURVE('',#1064,#1063,#46,.T.);
#1411=EDGE_CURVE('',#1065,#1064,#468,.T.);
#1412=EDGE_CURVE('',#1066,#1065,#469,.T.);
#1413=EDGE_CURVE('',#1067,#1066,#470,.T.);
#1414=EDGE_CURVE('',#1068,#1067,#47,.T.);
#1415=EDGE_CURVE('',#1069,#1068,#471,.T.);
#1416=EDGE_CURVE('',#1070,#1069,#472,.T.);
#1417=EDGE_CURVE('',#1071,#1070,#473,.T.);
#1418=EDGE_CURVE('',#1072,#1071,#48,.T.);
#1419=EDGE_CURVE('',#1073,#1072,#474,.T.);
#1420=EDGE_CURVE('',#1074,#1073,#475,.T.);
#1421=EDGE_CURVE('',#1075,#1074,#476,.T.);
#1422=EDGE_CURVE('',#1076,#1075,#49,.T.);
#1423=EDGE_CURVE('',#1077,#1076,#477,.T.);
#1424=EDGE_CURVE('',#1078,#1077,#478,.T.);
#1425=EDGE_CURVE('',#1079,#1078,#479,.T.);
#1426=EDGE_CURVE('',#1080,#1079,#50,.T.);
#1427=EDGE_CURVE('',#1081,#1080,#480,.T.);
#1428=EDGE_CURVE('',#1082,#1081,#481,.T.);
#1429=EDGE_CURVE('',#1083,#1082,#482,.T.);
#1430=EDGE_CURVE('',#1084,#1083,#51,.T.);
#1431=EDGE_CURVE('',#1054,#1084,#483,.T.);
#1432=EDGE_CURVE('',#1085,#1086,#484,.T.);
#1433=EDGE_CURVE('',#1062,#1085,#589,.T.);
#1434=EDGE_CURVE('',#1061,#1086,#590,.T.);
#1435=EDGE_CURVE('',#1087,#1088,#485,.T.);
#1436=EDGE_CURVE('',#1070,#1087,#591,.T.);
#1437=EDGE_CURVE('',#1069,#1088,#592,.T.);
#1438=EDGE_CURVE('',#1089,#1090,#486,.T.);
#1439=EDGE_CURVE('',#1078,#1089,#593,.T.);
#1440=EDGE_CURVE('',#1077,#1090,#594,.T.);
#1441=EDGE_CURVE('',#1091,#1085,#686,.T.);
#1442=EDGE_CURVE('',#1086,#1092,#687,.T.);
#1443=EDGE_CURVE('',#1092,#1093,#487,.T.);
#1444=EDGE_CURVE('',#1093,#1094,#688,.T.);
#1445=EDGE_CURVE('',#1094,#1095,#488,.T.);
#1446=EDGE_CURVE('',#1095,#1096,#689,.T.);
#1447=EDGE_CURVE('',#1096,#1097,#489,.T.);
#1448=EDGE_CURVE('',#1097,#1098,#690,.T.);
#1449=EDGE_CURVE('',#1098,#1099,#490,.T.);
#1450=EDGE_CURVE('',#1099,#1100,#691,.T.);
#1451=EDGE_CURVE('',#1100,#1101,#491,.T.);
#1452=EDGE_CURVE('',#1101,#1102,#692,.T.);
#1453=EDGE_CURVE('',#1102,#1103,#492,.T.);
#1454=EDGE_CURVE('',#1103,#1104,#693,.T.);
#1455=EDGE_CURVE('',#1104,#1105,#493,.T.);
#1456=EDGE_CURVE('',#1105,#1089,#694,.T.);
#1457=EDGE_CURVE('',#1090,#1106,#695,.T.);
#1458=EDGE_CURVE('',#1106,#1107,#494,.T.);
#1459=EDGE_CURVE('',#1107,#1108,#696,.T.);
#1460=EDGE_CURVE('',#1108,#1109,#495,.T.);
#1461=EDGE_CURVE('',#1109,#1110,#697,.T.);
#1462=EDGE_CURVE('',#1110,#1111,#496,.T.);
#1463=EDGE_CURVE('',#1111,#1087,#698,.T.);
#1464=EDGE_CURVE('',#1088,#1112,#699,.T.);
#1465=EDGE_CURVE('',#1112,#1113,#497,.T.);
#1466=EDGE_CURVE('',#1113,#1114,#700,.T.);
#1467=EDGE_CURVE('',#1114,#1115,#498,.T.);
#1468=EDGE_CURVE('',#1115,#1116,#701,.T.);
#1469=EDGE_CURVE('',#1116,#1091,#499,.T.);
#1470=EDGE_CURVE('',#1060,#1092,#702,.T.);
#1471=EDGE_CURVE('',#1059,#1093,#703,.T.);
#1472=EDGE_CURVE('',#1058,#1094,#704,.T.);
#1473=EDGE_CURVE('',#1057,#1095,#705,.T.);
#1474=EDGE_CURVE('',#1056,#1096,#706,.T.);
#1475=EDGE_CURVE('',#1055,#1097,#707,.T.);
#1476=EDGE_CURVE('',#1053,#1098,#595,.T.);
#1477=EDGE_CURVE('',#1054,#1099,#596,.T.);
#1478=EDGE_CURVE('',#1084,#1100,#708,.T.);
#1479=EDGE_CURVE('',#1083,#1101,#709,.T.);
#1480=EDGE_CURVE('',#1082,#1102,#710,.T.);
#1481=EDGE_CURVE('',#1081,#1103,#711,.T.);
#1482=EDGE_CURVE('',#1080,#1104,#712,.T.);
#1483=EDGE_CURVE('',#1079,#1105,#713,.T.);
#1484=EDGE_CURVE('',#1076,#1106,#714,.T.);
#1485=EDGE_CURVE('',#1075,#1107,#715,.T.);
#1486=EDGE_CURVE('',#1074,#1108,#716,.T.);
#1487=EDGE_CURVE('',#1073,#1109,#717,.T.);
#1488=EDGE_CURVE('',#1072,#1110,#718,.T.);
#1489=EDGE_CURVE('',#1071,#1111,#719,.T.);
#1490=EDGE_CURVE('',#1068,#1112,#720,.T.);
#1491=EDGE_CURVE('',#1067,#1113,#721,.T.);
#1492=EDGE_CURVE('',#1066,#1114,#722,.T.);
#1493=EDGE_CURVE('',#1065,#1115,#723,.T.);
#1494=EDGE_CURVE('',#1064,#1116,#724,.T.);
#1495=EDGE_CURVE('',#1063,#1091,#725,.T.);
#1496=EDGE_CURVE('',#952,#957,#597,.T.);
#1497=EDGE_CURVE('',#1028,#940,#726,.T.);
#1498=EDGE_CURVE('',#939,#1031,#727,.T.);
#1499=EDGE_CURVE('',#951,#956,#598,.T.);
#1500=EDGE_CURVE('',#994,#904,#728,.T.);
#1501=EDGE_CURVE('',#903,#997,#729,.T.);
#1502=ORIENTED_EDGE('',*,*,#1117,.F.);
#1503=ORIENTED_EDGE('',*,*,#1118,.F.);
#1504=ORIENTED_EDGE('',*,*,#1119,.F.);
#1505=ORIENTED_EDGE('',*,*,#1120,.F.);
#1506=ORIENTED_EDGE('',*,*,#1121,.F.);
#1507=ORIENTED_EDGE('',*,*,#1117,.T.);
#1508=ORIENTED_EDGE('',*,*,#1122,.F.);
#1509=ORIENTED_EDGE('',*,*,#1123,.T.);
#1510=ORIENTED_EDGE('',*,*,#1124,.F.);
#1511=ORIENTED_EDGE('',*,*,#1125,.F.);
#1512=ORIENTED_EDGE('',*,*,#1120,.T.);
#1513=ORIENTED_EDGE('',*,*,#1126,.T.);
#1514=ORIENTED_EDGE('',*,*,#1127,.F.);
#1515=ORIENTED_EDGE('',*,*,#1128,.F.);
#1516=ORIENTED_EDGE('',*,*,#1124,.T.);
#1517=ORIENTED_EDGE('',*,*,#1129,.T.);
#1518=ORIENTED_EDGE('',*,*,#1130,.F.);
#1519=ORIENTED_EDGE('',*,*,#1131,.F.);
#1520=ORIENTED_EDGE('',*,*,#1127,.T.);
#1521=ORIENTED_EDGE('',*,*,#1132,.T.);
#1522=ORIENTED_EDGE('',*,*,#1133,.F.);
#1523=ORIENTED_EDGE('',*,*,#1134,.F.);
#1524=ORIENTED_EDGE('',*,*,#1130,.T.);
#1525=ORIENTED_EDGE('',*,*,#1135,.T.);
#1526=ORIENTED_EDGE('',*,*,#1136,.F.);
#1527=ORIENTED_EDGE('',*,*,#1137,.F.);
#1528=ORIENTED_EDGE('',*,*,#1133,.T.);
#1529=ORIENTED_EDGE('',*,*,#1138,.T.);
#1530=ORIENTED_EDGE('',*,*,#1139,.F.);
#1531=ORIENTED_EDGE('',*,*,#1140,.F.);
#1532=ORIENTED_EDGE('',*,*,#1136,.T.);
#1533=ORIENTED_EDGE('',*,*,#1141,.T.);
#1534=ORIENTED_EDGE('',*,*,#1142,.F.);
#1535=ORIENTED_EDGE('',*,*,#1143,.F.);
#1536=ORIENTED_EDGE('',*,*,#1139,.T.);
#1537=ORIENTED_EDGE('',*,*,#1144,.T.);
#1538=ORIENTED_EDGE('',*,*,#1145,.F.);
#1539=ORIENTED_EDGE('',*,*,#1146,.F.);
#1540=ORIENTED_EDGE('',*,*,#1142,.T.);
#1541=ORIENTED_EDGE('',*,*,#1147,.T.);
#1542=ORIENTED_EDGE('',*,*,#1148,.F.);
#1543=ORIENTED_EDGE('',*,*,#1149,.F.);
#1544=ORIENTED_EDGE('',*,*,#1145,.T.);
#1545=ORIENTED_EDGE('',*,*,#1150,.T.);
#1546=ORIENTED_EDGE('',*,*,#1151,.F.);
#1547=ORIENTED_EDGE('',*,*,#1152,.F.);
#1548=ORIENTED_EDGE('',*,*,#1148,.T.);
#1549=ORIENTED_EDGE('',*,*,#1153,.T.);
#1550=ORIENTED_EDGE('',*,*,#1154,.F.);
#1551=ORIENTED_EDGE('',*,*,#1155,.F.);
#1552=ORIENTED_EDGE('',*,*,#1151,.T.);
#1553=ORIENTED_EDGE('',*,*,#1156,.T.);
#1554=ORIENTED_EDGE('',*,*,#1157,.F.);
#1555=ORIENTED_EDGE('',*,*,#1158,.F.);
#1556=ORIENTED_EDGE('',*,*,#1154,.T.);
#1557=ORIENTED_EDGE('',*,*,#1159,.T.);
#1558=ORIENTED_EDGE('',*,*,#1160,.F.);
#1559=ORIENTED_EDGE('',*,*,#1161,.F.);
#1560=ORIENTED_EDGE('',*,*,#1157,.T.);
#1561=ORIENTED_EDGE('',*,*,#1162,.T.);
#1562=ORIENTED_EDGE('',*,*,#1163,.F.);
#1563=ORIENTED_EDGE('',*,*,#1164,.F.);
#1564=ORIENTED_EDGE('',*,*,#1160,.T.);
#1565=ORIENTED_EDGE('',*,*,#1165,.T.);
#1566=ORIENTED_EDGE('',*,*,#1166,.F.);
#1567=ORIENTED_EDGE('',*,*,#1167,.F.);
#1568=ORIENTED_EDGE('',*,*,#1163,.T.);
#1569=ORIENTED_EDGE('',*,*,#1168,.T.);
#1570=ORIENTED_EDGE('',*,*,#1169,.F.);
#1571=ORIENTED_EDGE('',*,*,#1170,.F.);
#1572=ORIENTED_EDGE('',*,*,#1166,.T.);
#1573=ORIENTED_EDGE('',*,*,#1171,.T.);
#1574=ORIENTED_EDGE('',*,*,#1172,.F.);
#1575=ORIENTED_EDGE('',*,*,#1173,.F.);
#1576=ORIENTED_EDGE('',*,*,#1169,.T.);
#1577=ORIENTED_EDGE('',*,*,#1174,.T.);
#1578=ORIENTED_EDGE('',*,*,#1175,.F.);
#1579=ORIENTED_EDGE('',*,*,#1176,.F.);
#1580=ORIENTED_EDGE('',*,*,#1177,.F.);
#1581=ORIENTED_EDGE('',*,*,#1172,.T.);
#1582=ORIENTED_EDGE('',*,*,#1178,.T.);
#1583=ORIENTED_EDGE('',*,*,#1179,.T.);
#1584=ORIENTED_EDGE('',*,*,#1180,.F.);
#1585=ORIENTED_EDGE('',*,*,#1181,.F.);
#1586=ORIENTED_EDGE('',*,*,#1175,.T.);
#1587=ORIENTED_EDGE('',*,*,#1182,.T.);
#1588=ORIENTED_EDGE('',*,*,#1183,.F.);
#1589=ORIENTED_EDGE('',*,*,#1184,.F.);
#1590=ORIENTED_EDGE('',*,*,#1180,.T.);
#1591=ORIENTED_EDGE('',*,*,#1185,.T.);
#1592=ORIENTED_EDGE('',*,*,#1186,.F.);
#1593=ORIENTED_EDGE('',*,*,#1187,.F.);
#1594=ORIENTED_EDGE('',*,*,#1183,.T.);
#1595=ORIENTED_EDGE('',*,*,#1188,.T.);
#1596=ORIENTED_EDGE('',*,*,#1189,.F.);
#1597=ORIENTED_EDGE('',*,*,#1190,.F.);
#1598=ORIENTED_EDGE('',*,*,#1186,.T.);
#1599=ORIENTED_EDGE('',*,*,#1191,.T.);
#1600=ORIENTED_EDGE('',*,*,#1192,.F.);
#1601=ORIENTED_EDGE('',*,*,#1193,.F.);
#1602=ORIENTED_EDGE('',*,*,#1189,.T.);
#1603=ORIENTED_EDGE('',*,*,#1194,.T.);
#1604=ORIENTED_EDGE('',*,*,#1195,.F.);
#1605=ORIENTED_EDGE('',*,*,#1196,.F.);
#1606=ORIENTED_EDGE('',*,*,#1192,.T.);
#1607=ORIENTED_EDGE('',*,*,#1197,.T.);
#1608=ORIENTED_EDGE('',*,*,#1198,.F.);
#1609=ORIENTED_EDGE('',*,*,#1199,.F.);
#1610=ORIENTED_EDGE('',*,*,#1195,.T.);
#1611=ORIENTED_EDGE('',*,*,#1200,.T.);
#1612=ORIENTED_EDGE('',*,*,#1201,.F.);
#1613=ORIENTED_EDGE('',*,*,#1202,.F.);
#1614=ORIENTED_EDGE('',*,*,#1198,.T.);
#1615=ORIENTED_EDGE('',*,*,#1203,.T.);
#1616=ORIENTED_EDGE('',*,*,#1204,.F.);
#1617=ORIENTED_EDGE('',*,*,#1205,.F.);
#1618=ORIENTED_EDGE('',*,*,#1201,.T.);
#1619=ORIENTED_EDGE('',*,*,#1206,.T.);
#1620=ORIENTED_EDGE('',*,*,#1207,.F.);
#1621=ORIENTED_EDGE('',*,*,#1208,.F.);
#1622=ORIENTED_EDGE('',*,*,#1204,.T.);
#1623=ORIENTED_EDGE('',*,*,#1209,.T.);
#1624=ORIENTED_EDGE('',*,*,#1210,.F.);
#1625=ORIENTED_EDGE('',*,*,#1211,.F.);
#1626=ORIENTED_EDGE('',*,*,#1207,.T.);
#1627=ORIENTED_EDGE('',*,*,#1212,.T.);
#1628=ORIENTED_EDGE('',*,*,#1213,.F.);
#1629=ORIENTED_EDGE('',*,*,#1214,.F.);
#1630=ORIENTED_EDGE('',*,*,#1210,.T.);
#1631=ORIENTED_EDGE('',*,*,#1215,.T.);
#1632=ORIENTED_EDGE('',*,*,#1216,.F.);
#1633=ORIENTED_EDGE('',*,*,#1217,.F.);
#1634=ORIENTED_EDGE('',*,*,#1213,.T.);
#1635=ORIENTED_EDGE('',*,*,#1218,.T.);
#1636=ORIENTED_EDGE('',*,*,#1219,.F.);
#1637=ORIENTED_EDGE('',*,*,#1220,.F.);
#1638=ORIENTED_EDGE('',*,*,#1216,.T.);
#1639=ORIENTED_EDGE('',*,*,#1221,.T.);
#1640=ORIENTED_EDGE('',*,*,#1222,.F.);
#1641=ORIENTED_EDGE('',*,*,#1223,.F.);
#1642=ORIENTED_EDGE('',*,*,#1219,.T.);
#1643=ORIENTED_EDGE('',*,*,#1224,.T.);
#1644=ORIENTED_EDGE('',*,*,#1225,.F.);
#1645=ORIENTED_EDGE('',*,*,#1226,.F.);
#1646=ORIENTED_EDGE('',*,*,#1222,.T.);
#1647=ORIENTED_EDGE('',*,*,#1227,.T.);
#1648=ORIENTED_EDGE('',*,*,#1228,.F.);
#1649=ORIENTED_EDGE('',*,*,#1229,.F.);
#1650=ORIENTED_EDGE('',*,*,#1230,.F.);
#1651=ORIENTED_EDGE('',*,*,#1225,.T.);
#1652=ORIENTED_EDGE('',*,*,#1231,.T.);
#1653=ORIENTED_EDGE('',*,*,#1232,.T.);
#1654=ORIENTED_EDGE('',*,*,#1233,.F.);
#1655=ORIENTED_EDGE('',*,*,#1234,.F.);
#1656=ORIENTED_EDGE('',*,*,#1228,.T.);
#1657=ORIENTED_EDGE('',*,*,#1235,.T.);
#1658=ORIENTED_EDGE('',*,*,#1236,.F.);
#1659=ORIENTED_EDGE('',*,*,#1237,.F.);
#1660=ORIENTED_EDGE('',*,*,#1233,.T.);
#1661=ORIENTED_EDGE('',*,*,#1238,.T.);
#1662=ORIENTED_EDGE('',*,*,#1239,.F.);
#1663=ORIENTED_EDGE('',*,*,#1240,.F.);
#1664=ORIENTED_EDGE('',*,*,#1236,.T.);
#1665=ORIENTED_EDGE('',*,*,#1241,.T.);
#1666=ORIENTED_EDGE('',*,*,#1242,.F.);
#1667=ORIENTED_EDGE('',*,*,#1243,.F.);
#1668=ORIENTED_EDGE('',*,*,#1239,.T.);
#1669=ORIENTED_EDGE('',*,*,#1244,.T.);
#1670=ORIENTED_EDGE('',*,*,#1245,.F.);
#1671=ORIENTED_EDGE('',*,*,#1246,.F.);
#1672=ORIENTED_EDGE('',*,*,#1242,.T.);
#1673=ORIENTED_EDGE('',*,*,#1247,.T.);
#1674=ORIENTED_EDGE('',*,*,#1248,.F.);
#1675=ORIENTED_EDGE('',*,*,#1249,.F.);
#1676=ORIENTED_EDGE('',*,*,#1245,.T.);
#1677=ORIENTED_EDGE('',*,*,#1250,.T.);
#1678=ORIENTED_EDGE('',*,*,#1251,.F.);
#1679=ORIENTED_EDGE('',*,*,#1252,.T.);
#1680=ORIENTED_EDGE('',*,*,#1253,.T.);
#1681=ORIENTED_EDGE('',*,*,#1254,.T.);
#1682=ORIENTED_EDGE('',*,*,#1255,.T.);
#1683=ORIENTED_EDGE('',*,*,#1256,.F.);
#1684=ORIENTED_EDGE('',*,*,#1257,.T.);
#1685=ORIENTED_EDGE('',*,*,#1258,.T.);
#1686=ORIENTED_EDGE('',*,*,#1259,.T.);
#1687=ORIENTED_EDGE('',*,*,#1260,.F.);
#1688=ORIENTED_EDGE('',*,*,#1261,.T.);
#1689=ORIENTED_EDGE('',*,*,#1256,.T.);
#1690=ORIENTED_EDGE('',*,*,#1262,.T.);
#1691=ORIENTED_EDGE('',*,*,#1263,.F.);
#1692=ORIENTED_EDGE('',*,*,#1264,.T.);
#1693=ORIENTED_EDGE('',*,*,#1260,.T.);
#1694=ORIENTED_EDGE('',*,*,#1265,.T.);
#1695=ORIENTED_EDGE('',*,*,#1266,.F.);
#1696=ORIENTED_EDGE('',*,*,#1267,.T.);
#1697=ORIENTED_EDGE('',*,*,#1263,.T.);
#1698=ORIENTED_EDGE('',*,*,#1268,.T.);
#1699=ORIENTED_EDGE('',*,*,#1269,.F.);
#1700=ORIENTED_EDGE('',*,*,#1270,.T.);
#1701=ORIENTED_EDGE('',*,*,#1266,.T.);
#1702=ORIENTED_EDGE('',*,*,#1271,.T.);
#1703=ORIENTED_EDGE('',*,*,#1272,.F.);
#1704=ORIENTED_EDGE('',*,*,#1273,.T.);
#1705=ORIENTED_EDGE('',*,*,#1269,.T.);
#1706=ORIENTED_EDGE('',*,*,#1274,.T.);
#1707=ORIENTED_EDGE('',*,*,#1275,.F.);
#1708=ORIENTED_EDGE('',*,*,#1276,.T.);
#1709=ORIENTED_EDGE('',*,*,#1272,.T.);
#1710=ORIENTED_EDGE('',*,*,#1277,.T.);
#1711=ORIENTED_EDGE('',*,*,#1278,.F.);
#1712=ORIENTED_EDGE('',*,*,#1279,.T.);
#1713=ORIENTED_EDGE('',*,*,#1275,.T.);
#1714=ORIENTED_EDGE('',*,*,#1280,.T.);
#1715=ORIENTED_EDGE('',*,*,#1281,.F.);
#1716=ORIENTED_EDGE('',*,*,#1282,.T.);
#1717=ORIENTED_EDGE('',*,*,#1278,.T.);
#1718=ORIENTED_EDGE('',*,*,#1283,.T.);
#1719=ORIENTED_EDGE('',*,*,#1284,.F.);
#1720=ORIENTED_EDGE('',*,*,#1285,.T.);
#1721=ORIENTED_EDGE('',*,*,#1281,.T.);
#1722=ORIENTED_EDGE('',*,*,#1286,.T.);
#1723=ORIENTED_EDGE('',*,*,#1287,.F.);
#1724=ORIENTED_EDGE('',*,*,#1288,.T.);
#1725=ORIENTED_EDGE('',*,*,#1284,.T.);
#1726=ORIENTED_EDGE('',*,*,#1289,.T.);
#1727=ORIENTED_EDGE('',*,*,#1290,.F.);
#1728=ORIENTED_EDGE('',*,*,#1291,.T.);
#1729=ORIENTED_EDGE('',*,*,#1287,.T.);
#1730=ORIENTED_EDGE('',*,*,#1292,.T.);
#1731=ORIENTED_EDGE('',*,*,#1293,.F.);
#1732=ORIENTED_EDGE('',*,*,#1294,.T.);
#1733=ORIENTED_EDGE('',*,*,#1290,.T.);
#1734=ORIENTED_EDGE('',*,*,#1295,.T.);
#1735=ORIENTED_EDGE('',*,*,#1296,.F.);
#1736=ORIENTED_EDGE('',*,*,#1297,.T.);
#1737=ORIENTED_EDGE('',*,*,#1293,.T.);
#1738=ORIENTED_EDGE('',*,*,#1298,.T.);
#1739=ORIENTED_EDGE('',*,*,#1299,.F.);
#1740=ORIENTED_EDGE('',*,*,#1300,.T.);
#1741=ORIENTED_EDGE('',*,*,#1296,.T.);
#1742=ORIENTED_EDGE('',*,*,#1301,.T.);
#1743=ORIENTED_EDGE('',*,*,#1302,.F.);
#1744=ORIENTED_EDGE('',*,*,#1303,.T.);
#1745=ORIENTED_EDGE('',*,*,#1299,.T.);
#1746=ORIENTED_EDGE('',*,*,#1304,.T.);
#1747=ORIENTED_EDGE('',*,*,#1305,.F.);
#1748=ORIENTED_EDGE('',*,*,#1306,.T.);
#1749=ORIENTED_EDGE('',*,*,#1302,.T.);
#1750=ORIENTED_EDGE('',*,*,#1307,.T.);
#1751=ORIENTED_EDGE('',*,*,#1308,.F.);
#1752=ORIENTED_EDGE('',*,*,#1309,.T.);
#1753=ORIENTED_EDGE('',*,*,#1305,.T.);
#1754=ORIENTED_EDGE('',*,*,#1310,.T.);
#1755=ORIENTED_EDGE('',*,*,#1311,.F.);
#1756=ORIENTED_EDGE('',*,*,#1312,.T.);
#1757=ORIENTED_EDGE('',*,*,#1308,.T.);
#1758=ORIENTED_EDGE('',*,*,#1313,.T.);
#1759=ORIENTED_EDGE('',*,*,#1314,.F.);
#1760=ORIENTED_EDGE('',*,*,#1315,.T.);
#1761=ORIENTED_EDGE('',*,*,#1311,.T.);
#1762=ORIENTED_EDGE('',*,*,#1316,.T.);
#1763=ORIENTED_EDGE('',*,*,#1317,.F.);
#1764=ORIENTED_EDGE('',*,*,#1318,.T.);
#1765=ORIENTED_EDGE('',*,*,#1314,.T.);
#1766=ORIENTED_EDGE('',*,*,#1319,.T.);
#1767=ORIENTED_EDGE('',*,*,#1320,.F.);
#1768=ORIENTED_EDGE('',*,*,#1321,.T.);
#1769=ORIENTED_EDGE('',*,*,#1317,.T.);
#1770=ORIENTED_EDGE('',*,*,#1322,.T.);
#1771=ORIENTED_EDGE('',*,*,#1323,.F.);
#1772=ORIENTED_EDGE('',*,*,#1324,.T.);
#1773=ORIENTED_EDGE('',*,*,#1320,.T.);
#1774=ORIENTED_EDGE('',*,*,#1325,.T.);
#1775=ORIENTED_EDGE('',*,*,#1326,.F.);
#1776=ORIENTED_EDGE('',*,*,#1327,.T.);
#1777=ORIENTED_EDGE('',*,*,#1323,.T.);
#1778=ORIENTED_EDGE('',*,*,#1328,.T.);
#1779=ORIENTED_EDGE('',*,*,#1329,.F.);
#1780=ORIENTED_EDGE('',*,*,#1330,.T.);
#1781=ORIENTED_EDGE('',*,*,#1326,.T.);
#1782=ORIENTED_EDGE('',*,*,#1331,.T.);
#1783=ORIENTED_EDGE('',*,*,#1332,.F.);
#1784=ORIENTED_EDGE('',*,*,#1333,.T.);
#1785=ORIENTED_EDGE('',*,*,#1329,.T.);
#1786=ORIENTED_EDGE('',*,*,#1334,.T.);
#1787=ORIENTED_EDGE('',*,*,#1335,.F.);
#1788=ORIENTED_EDGE('',*,*,#1336,.T.);
#1789=ORIENTED_EDGE('',*,*,#1332,.T.);
#1790=ORIENTED_EDGE('',*,*,#1337,.T.);
#1791=ORIENTED_EDGE('',*,*,#1338,.F.);
#1792=ORIENTED_EDGE('',*,*,#1339,.T.);
#1793=ORIENTED_EDGE('',*,*,#1335,.T.);
#1794=ORIENTED_EDGE('',*,*,#1340,.T.);
#1795=ORIENTED_EDGE('',*,*,#1341,.F.);
#1796=ORIENTED_EDGE('',*,*,#1342,.T.);
#1797=ORIENTED_EDGE('',*,*,#1338,.T.);
#1798=ORIENTED_EDGE('',*,*,#1343,.T.);
#1799=ORIENTED_EDGE('',*,*,#1344,.F.);
#1800=ORIENTED_EDGE('',*,*,#1345,.T.);
#1801=ORIENTED_EDGE('',*,*,#1341,.T.);
#1802=ORIENTED_EDGE('',*,*,#1346,.T.);
#1803=ORIENTED_EDGE('',*,*,#1347,.F.);
#1804=ORIENTED_EDGE('',*,*,#1348,.T.);
#1805=ORIENTED_EDGE('',*,*,#1344,.T.);
#1806=ORIENTED_EDGE('',*,*,#1349,.T.);
#1807=ORIENTED_EDGE('',*,*,#1350,.F.);
#1808=ORIENTED_EDGE('',*,*,#1351,.T.);
#1809=ORIENTED_EDGE('',*,*,#1347,.T.);
#1810=ORIENTED_EDGE('',*,*,#1352,.T.);
#1811=ORIENTED_EDGE('',*,*,#1353,.F.);
#1812=ORIENTED_EDGE('',*,*,#1354,.T.);
#1813=ORIENTED_EDGE('',*,*,#1350,.T.);
#1814=ORIENTED_EDGE('',*,*,#1355,.T.);
#1815=ORIENTED_EDGE('',*,*,#1356,.F.);
#1816=ORIENTED_EDGE('',*,*,#1357,.T.);
#1817=ORIENTED_EDGE('',*,*,#1353,.T.);
#1818=ORIENTED_EDGE('',*,*,#1358,.T.);
#1819=ORIENTED_EDGE('',*,*,#1359,.F.);
#1820=ORIENTED_EDGE('',*,*,#1360,.T.);
#1821=ORIENTED_EDGE('',*,*,#1356,.T.);
#1822=ORIENTED_EDGE('',*,*,#1361,.T.);
#1823=ORIENTED_EDGE('',*,*,#1362,.F.);
#1824=ORIENTED_EDGE('',*,*,#1363,.T.);
#1825=ORIENTED_EDGE('',*,*,#1359,.T.);
#1826=ORIENTED_EDGE('',*,*,#1364,.T.);
#1827=ORIENTED_EDGE('',*,*,#1365,.F.);
#1828=ORIENTED_EDGE('',*,*,#1366,.T.);
#1829=ORIENTED_EDGE('',*,*,#1362,.T.);
#1830=ORIENTED_EDGE('',*,*,#1367,.T.);
#1831=ORIENTED_EDGE('',*,*,#1368,.F.);
#1832=ORIENTED_EDGE('',*,*,#1369,.T.);
#1833=ORIENTED_EDGE('',*,*,#1365,.T.);
#1834=ORIENTED_EDGE('',*,*,#1370,.T.);
#1835=ORIENTED_EDGE('',*,*,#1371,.F.);
#1836=ORIENTED_EDGE('',*,*,#1372,.T.);
#1837=ORIENTED_EDGE('',*,*,#1368,.T.);
#1838=ORIENTED_EDGE('',*,*,#1373,.T.);
#1839=ORIENTED_EDGE('',*,*,#1374,.F.);
#1840=ORIENTED_EDGE('',*,*,#1375,.T.);
#1841=ORIENTED_EDGE('',*,*,#1371,.T.);
#1842=ORIENTED_EDGE('',*,*,#1376,.T.);
#1843=ORIENTED_EDGE('',*,*,#1377,.F.);
#1844=ORIENTED_EDGE('',*,*,#1378,.T.);
#1845=ORIENTED_EDGE('',*,*,#1374,.T.);
#1846=ORIENTED_EDGE('',*,*,#1379,.T.);
#1847=ORIENTED_EDGE('',*,*,#1380,.F.);
#1848=ORIENTED_EDGE('',*,*,#1381,.T.);
#1849=ORIENTED_EDGE('',*,*,#1377,.T.);
#1850=ORIENTED_EDGE('',*,*,#1382,.T.);
#1851=ORIENTED_EDGE('',*,*,#1380,.T.);
#1852=ORIENTED_EDGE('',*,*,#1383,.T.);
#1853=ORIENTED_EDGE('',*,*,#1384,.T.);
#1854=ORIENTED_EDGE('',*,*,#1385,.T.);
#1855=ORIENTED_EDGE('',*,*,#1122,.T.);
#1856=ORIENTED_EDGE('',*,*,#1119,.T.);
#1857=ORIENTED_EDGE('',*,*,#1386,.T.);
#1858=ORIENTED_EDGE('',*,*,#1258,.F.);
#1859=ORIENTED_EDGE('',*,*,#1387,.T.);
#1860=ORIENTED_EDGE('',*,*,#1388,.T.);
#1861=ORIENTED_EDGE('',*,*,#1389,.F.);
#1862=ORIENTED_EDGE('',*,*,#1388,.F.);
#1863=ORIENTED_EDGE('',*,*,#1390,.T.);
#1864=ORIENTED_EDGE('',*,*,#1251,.T.);
#1865=ORIENTED_EDGE('',*,*,#1391,.T.);
#1866=ORIENTED_EDGE('',*,*,#1392,.T.);
#1867=ORIENTED_EDGE('',*,*,#1393,.F.);
#1868=ORIENTED_EDGE('',*,*,#1394,.T.);
#1869=ORIENTED_EDGE('',*,*,#1395,.T.);
#1870=ORIENTED_EDGE('',*,*,#1394,.F.);
#1871=ORIENTED_EDGE('',*,*,#1396,.T.);
#1872=ORIENTED_EDGE('',*,*,#1396,.F.);
#1873=ORIENTED_EDGE('',*,*,#1393,.T.);
#1874=ORIENTED_EDGE('',*,*,#1397,.F.);
#1875=ORIENTED_EDGE('',*,*,#1398,.F.);
#1876=ORIENTED_EDGE('',*,*,#1399,.T.);
#1877=ORIENTED_EDGE('',*,*,#1397,.T.);
#1878=ORIENTED_EDGE('',*,*,#1399,.F.);
#1879=ORIENTED_EDGE('',*,*,#1398,.T.);
#1880=ORIENTED_EDGE('',*,*,#1400,.F.);
#1881=ORIENTED_EDGE('',*,*,#1401,.F.);
#1882=ORIENTED_EDGE('',*,*,#1402,.F.);
#1883=ORIENTED_EDGE('',*,*,#1403,.F.);
#1884=ORIENTED_EDGE('',*,*,#1404,.F.);
#1885=ORIENTED_EDGE('',*,*,#1405,.F.);
#1886=ORIENTED_EDGE('',*,*,#1406,.F.);
#1887=ORIENTED_EDGE('',*,*,#1407,.F.);
#1888=ORIENTED_EDGE('',*,*,#1408,.F.);
#1889=ORIENTED_EDGE('',*,*,#1409,.F.);
#1890=ORIENTED_EDGE('',*,*,#1410,.F.);
#1891=ORIENTED_EDGE('',*,*,#1411,.F.);
#1892=ORIENTED_EDGE('',*,*,#1412,.F.);
#1893=ORIENTED_EDGE('',*,*,#1413,.F.);
#1894=ORIENTED_EDGE('',*,*,#1414,.F.);
#1895=ORIENTED_EDGE('',*,*,#1415,.F.);
#1896=ORIENTED_EDGE('',*,*,#1416,.F.);
#1897=ORIENTED_EDGE('',*,*,#1417,.F.);
#1898=ORIENTED_EDGE('',*,*,#1418,.F.);
#1899=ORIENTED_EDGE('',*,*,#1419,.F.);
#1900=ORIENTED_EDGE('',*,*,#1420,.F.);
#1901=ORIENTED_EDGE('',*,*,#1421,.F.);
#1902=ORIENTED_EDGE('',*,*,#1422,.F.);
#1903=ORIENTED_EDGE('',*,*,#1423,.F.);
#1904=ORIENTED_EDGE('',*,*,#1424,.F.);
#1905=ORIENTED_EDGE('',*,*,#1425,.F.);
#1906=ORIENTED_EDGE('',*,*,#1426,.F.);
#1907=ORIENTED_EDGE('',*,*,#1427,.F.);
#1908=ORIENTED_EDGE('',*,*,#1428,.F.);
#1909=ORIENTED_EDGE('',*,*,#1429,.F.);
#1910=ORIENTED_EDGE('',*,*,#1430,.F.);
#1911=ORIENTED_EDGE('',*,*,#1431,.F.);
#1912=ORIENTED_EDGE('',*,*,#1432,.F.);
#1913=ORIENTED_EDGE('',*,*,#1433,.F.);
#1914=ORIENTED_EDGE('',*,*,#1408,.T.);
#1915=ORIENTED_EDGE('',*,*,#1434,.T.);
#1916=ORIENTED_EDGE('',*,*,#1435,.F.);
#1917=ORIENTED_EDGE('',*,*,#1436,.F.);
#1918=ORIENTED_EDGE('',*,*,#1416,.T.);
#1919=ORIENTED_EDGE('',*,*,#1437,.T.);
#1920=ORIENTED_EDGE('',*,*,#1438,.F.);
#1921=ORIENTED_EDGE('',*,*,#1439,.F.);
#1922=ORIENTED_EDGE('',*,*,#1424,.T.);
#1923=ORIENTED_EDGE('',*,*,#1440,.T.);
#1924=ORIENTED_EDGE('',*,*,#1441,.T.);
#1925=ORIENTED_EDGE('',*,*,#1432,.T.);
#1926=ORIENTED_EDGE('',*,*,#1442,.T.);
#1927=ORIENTED_EDGE('',*,*,#1443,.T.);
#1928=ORIENTED_EDGE('',*,*,#1444,.T.);
#1929=ORIENTED_EDGE('',*,*,#1445,.T.);
#1930=ORIENTED_EDGE('',*,*,#1446,.T.);
#1931=ORIENTED_EDGE('',*,*,#1447,.T.);
#1932=ORIENTED_EDGE('',*,*,#1448,.T.);
#1933=ORIENTED_EDGE('',*,*,#1449,.T.);
#1934=ORIENTED_EDGE('',*,*,#1450,.T.);
#1935=ORIENTED_EDGE('',*,*,#1451,.T.);
#1936=ORIENTED_EDGE('',*,*,#1452,.T.);
#1937=ORIENTED_EDGE('',*,*,#1453,.T.);
#1938=ORIENTED_EDGE('',*,*,#1454,.T.);
#1939=ORIENTED_EDGE('',*,*,#1455,.T.);
#1940=ORIENTED_EDGE('',*,*,#1456,.T.);
#1941=ORIENTED_EDGE('',*,*,#1438,.T.);
#1942=ORIENTED_EDGE('',*,*,#1457,.T.);
#1943=ORIENTED_EDGE('',*,*,#1458,.T.);
#1944=ORIENTED_EDGE('',*,*,#1459,.T.);
#1945=ORIENTED_EDGE('',*,*,#1460,.T.);
#1946=ORIENTED_EDGE('',*,*,#1461,.T.);
#1947=ORIENTED_EDGE('',*,*,#1462,.T.);
#1948=ORIENTED_EDGE('',*,*,#1463,.T.);
#1949=ORIENTED_EDGE('',*,*,#1435,.T.);
#1950=ORIENTED_EDGE('',*,*,#1464,.T.);
#1951=ORIENTED_EDGE('',*,*,#1465,.T.);
#1952=ORIENTED_EDGE('',*,*,#1466,.T.);
#1953=ORIENTED_EDGE('',*,*,#1467,.T.);
#1954=ORIENTED_EDGE('',*,*,#1468,.T.);
#1955=ORIENTED_EDGE('',*,*,#1469,.T.);
#1956=ORIENTED_EDGE('',*,*,#1407,.T.);
#1957=ORIENTED_EDGE('',*,*,#1470,.T.);
#1958=ORIENTED_EDGE('',*,*,#1442,.F.);
#1959=ORIENTED_EDGE('',*,*,#1434,.F.);
#1960=ORIENTED_EDGE('',*,*,#1406,.T.);
#1961=ORIENTED_EDGE('',*,*,#1471,.T.);
#1962=ORIENTED_EDGE('',*,*,#1443,.F.);
#1963=ORIENTED_EDGE('',*,*,#1470,.F.);
#1964=ORIENTED_EDGE('',*,*,#1405,.T.);
#1965=ORIENTED_EDGE('',*,*,#1472,.T.);
#1966=ORIENTED_EDGE('',*,*,#1444,.F.);
#1967=ORIENTED_EDGE('',*,*,#1471,.F.);
#1968=ORIENTED_EDGE('',*,*,#1404,.T.);
#1969=ORIENTED_EDGE('',*,*,#1473,.T.);
#1970=ORIENTED_EDGE('',*,*,#1445,.F.);
#1971=ORIENTED_EDGE('',*,*,#1472,.F.);
#1972=ORIENTED_EDGE('',*,*,#1403,.T.);
#1973=ORIENTED_EDGE('',*,*,#1474,.T.);
#1974=ORIENTED_EDGE('',*,*,#1446,.F.);
#1975=ORIENTED_EDGE('',*,*,#1473,.F.);
#1976=ORIENTED_EDGE('',*,*,#1402,.T.);
#1977=ORIENTED_EDGE('',*,*,#1475,.T.);
#1978=ORIENTED_EDGE('',*,*,#1447,.F.);
#1979=ORIENTED_EDGE('',*,*,#1474,.F.);
#1980=ORIENTED_EDGE('',*,*,#1401,.T.);
#1981=ORIENTED_EDGE('',*,*,#1476,.T.);
#1982=ORIENTED_EDGE('',*,*,#1448,.F.);
#1983=ORIENTED_EDGE('',*,*,#1475,.F.);
#1984=ORIENTED_EDGE('',*,*,#1400,.T.);
#1985=ORIENTED_EDGE('',*,*,#1477,.T.);
#1986=ORIENTED_EDGE('',*,*,#1449,.F.);
#1987=ORIENTED_EDGE('',*,*,#1476,.F.);
#1988=ORIENTED_EDGE('',*,*,#1431,.T.);
#1989=ORIENTED_EDGE('',*,*,#1478,.T.);
#1990=ORIENTED_EDGE('',*,*,#1450,.F.);
#1991=ORIENTED_EDGE('',*,*,#1477,.F.);
#1992=ORIENTED_EDGE('',*,*,#1430,.T.);
#1993=ORIENTED_EDGE('',*,*,#1479,.T.);
#1994=ORIENTED_EDGE('',*,*,#1451,.F.);
#1995=ORIENTED_EDGE('',*,*,#1478,.F.);
#1996=ORIENTED_EDGE('',*,*,#1429,.T.);
#1997=ORIENTED_EDGE('',*,*,#1480,.T.);
#1998=ORIENTED_EDGE('',*,*,#1452,.F.);
#1999=ORIENTED_EDGE('',*,*,#1479,.F.);
#2000=ORIENTED_EDGE('',*,*,#1428,.T.);
#2001=ORIENTED_EDGE('',*,*,#1481,.T.);
#2002=ORIENTED_EDGE('',*,*,#1453,.F.);
#2003=ORIENTED_EDGE('',*,*,#1480,.F.);
#2004=ORIENTED_EDGE('',*,*,#1427,.T.);
#2005=ORIENTED_EDGE('',*,*,#1482,.T.);
#2006=ORIENTED_EDGE('',*,*,#1454,.F.);
#2007=ORIENTED_EDGE('',*,*,#1481,.F.);
#2008=ORIENTED_EDGE('',*,*,#1426,.T.);
#2009=ORIENTED_EDGE('',*,*,#1483,.T.);
#2010=ORIENTED_EDGE('',*,*,#1455,.F.);
#2011=ORIENTED_EDGE('',*,*,#1482,.F.);
#2012=ORIENTED_EDGE('',*,*,#1425,.T.);
#2013=ORIENTED_EDGE('',*,*,#1439,.T.);
#2014=ORIENTED_EDGE('',*,*,#1456,.F.);
#2015=ORIENTED_EDGE('',*,*,#1483,.F.);
#2016=ORIENTED_EDGE('',*,*,#1423,.T.);
#2017=ORIENTED_EDGE('',*,*,#1484,.T.);
#2018=ORIENTED_EDGE('',*,*,#1457,.F.);
#2019=ORIENTED_EDGE('',*,*,#1440,.F.);
#2020=ORIENTED_EDGE('',*,*,#1422,.T.);
#2021=ORIENTED_EDGE('',*,*,#1485,.T.);
#2022=ORIENTED_EDGE('',*,*,#1458,.F.);
#2023=ORIENTED_EDGE('',*,*,#1484,.F.);
#2024=ORIENTED_EDGE('',*,*,#1421,.T.);
#2025=ORIENTED_EDGE('',*,*,#1486,.T.);
#2026=ORIENTED_EDGE('',*,*,#1459,.F.);
#2027=ORIENTED_EDGE('',*,*,#1485,.F.);
#2028=ORIENTED_EDGE('',*,*,#1420,.T.);
#2029=ORIENTED_EDGE('',*,*,#1487,.T.);
#2030=ORIENTED_EDGE('',*,*,#1460,.F.);
#2031=ORIENTED_EDGE('',*,*,#1486,.F.);
#2032=ORIENTED_EDGE('',*,*,#1419,.T.);
#2033=ORIENTED_EDGE('',*,*,#1488,.T.);
#2034=ORIENTED_EDGE('',*,*,#1461,.F.);
#2035=ORIENTED_EDGE('',*,*,#1487,.F.);
#2036=ORIENTED_EDGE('',*,*,#1418,.T.);
#2037=ORIENTED_EDGE('',*,*,#1489,.T.);
#2038=ORIENTED_EDGE('',*,*,#1462,.F.);
#2039=ORIENTED_EDGE('',*,*,#1488,.F.);
#2040=ORIENTED_EDGE('',*,*,#1417,.T.);
#2041=ORIENTED_EDGE('',*,*,#1436,.T.);
#2042=ORIENTED_EDGE('',*,*,#1463,.F.);
#2043=ORIENTED_EDGE('',*,*,#1489,.F.);
#2044=ORIENTED_EDGE('',*,*,#1415,.T.);
#2045=ORIENTED_EDGE('',*,*,#1490,.T.);
#2046=ORIENTED_EDGE('',*,*,#1464,.F.);
#2047=ORIENTED_EDGE('',*,*,#1437,.F.);
#2048=ORIENTED_EDGE('',*,*,#1414,.T.);
#2049=ORIENTED_EDGE('',*,*,#1491,.T.);
#2050=ORIENTED_EDGE('',*,*,#1465,.F.);
#2051=ORIENTED_EDGE('',*,*,#1490,.F.);
#2052=ORIENTED_EDGE('',*,*,#1413,.T.);
#2053=ORIENTED_EDGE('',*,*,#1492,.T.);
#2054=ORIENTED_EDGE('',*,*,#1466,.F.);
#2055=ORIENTED_EDGE('',*,*,#1491,.F.);
#2056=ORIENTED_EDGE('',*,*,#1412,.T.);
#2057=ORIENTED_EDGE('',*,*,#1493,.T.);
#2058=ORIENTED_EDGE('',*,*,#1467,.F.);
#2059=ORIENTED_EDGE('',*,*,#1492,.F.);
#2060=ORIENTED_EDGE('',*,*,#1411,.T.);
#2061=ORIENTED_EDGE('',*,*,#1494,.T.);
#2062=ORIENTED_EDGE('',*,*,#1468,.F.);
#2063=ORIENTED_EDGE('',*,*,#1493,.F.);
#2064=ORIENTED_EDGE('',*,*,#1410,.T.);
#2065=ORIENTED_EDGE('',*,*,#1495,.T.);
#2066=ORIENTED_EDGE('',*,*,#1469,.F.);
#2067=ORIENTED_EDGE('',*,*,#1494,.F.);
#2068=ORIENTED_EDGE('',*,*,#1409,.T.);
#2069=ORIENTED_EDGE('',*,*,#1433,.T.);
#2070=ORIENTED_EDGE('',*,*,#1441,.F.);
#2071=ORIENTED_EDGE('',*,*,#1495,.F.);
#2072=ORIENTED_EDGE('',*,*,#1395,.F.);
#2073=ORIENTED_EDGE('',*,*,#1384,.F.);
#2074=ORIENTED_EDGE('',*,*,#1252,.F.);
#2075=ORIENTED_EDGE('',*,*,#1392,.F.);
#2076=ORIENTED_EDGE('',*,*,#1255,.F.);
#2077=ORIENTED_EDGE('',*,*,#1496,.F.);
#2078=ORIENTED_EDGE('',*,*,#1250,.F.);
#2079=ORIENTED_EDGE('',*,*,#1247,.F.);
#2080=ORIENTED_EDGE('',*,*,#1244,.F.);
#2081=ORIENTED_EDGE('',*,*,#1241,.F.);
#2082=ORIENTED_EDGE('',*,*,#1238,.F.);
#2083=ORIENTED_EDGE('',*,*,#1235,.F.);
#2084=ORIENTED_EDGE('',*,*,#1232,.F.);
#2085=ORIENTED_EDGE('',*,*,#1497,.F.);
#2086=ORIENTED_EDGE('',*,*,#1363,.F.);
#2087=ORIENTED_EDGE('',*,*,#1366,.F.);
#2088=ORIENTED_EDGE('',*,*,#1369,.F.);
#2089=ORIENTED_EDGE('',*,*,#1372,.F.);
#2090=ORIENTED_EDGE('',*,*,#1375,.F.);
#2091=ORIENTED_EDGE('',*,*,#1378,.F.);
#2092=ORIENTED_EDGE('',*,*,#1381,.F.);
#2093=ORIENTED_EDGE('',*,*,#1385,.F.);
#2094=ORIENTED_EDGE('',*,*,#1391,.F.);
#2095=ORIENTED_EDGE('',*,*,#1253,.F.);
#2096=ORIENTED_EDGE('',*,*,#1383,.F.);
#2097=ORIENTED_EDGE('',*,*,#1382,.F.);
#2098=ORIENTED_EDGE('',*,*,#1379,.F.);
#2099=ORIENTED_EDGE('',*,*,#1376,.F.);
#2100=ORIENTED_EDGE('',*,*,#1373,.F.);
#2101=ORIENTED_EDGE('',*,*,#1370,.F.);
#2102=ORIENTED_EDGE('',*,*,#1367,.F.);
#2103=ORIENTED_EDGE('',*,*,#1498,.F.);
#2104=ORIENTED_EDGE('',*,*,#1229,.T.);
#2105=ORIENTED_EDGE('',*,*,#1234,.T.);
#2106=ORIENTED_EDGE('',*,*,#1237,.T.);
#2107=ORIENTED_EDGE('',*,*,#1240,.T.);
#2108=ORIENTED_EDGE('',*,*,#1243,.T.);
#2109=ORIENTED_EDGE('',*,*,#1246,.T.);
#2110=ORIENTED_EDGE('',*,*,#1249,.T.);
#2111=ORIENTED_EDGE('',*,*,#1499,.T.);
#2112=ORIENTED_EDGE('',*,*,#1389,.T.);
#2113=ORIENTED_EDGE('',*,*,#1387,.F.);
#2114=ORIENTED_EDGE('',*,*,#1257,.F.);
#2115=ORIENTED_EDGE('',*,*,#1261,.F.);
#2116=ORIENTED_EDGE('',*,*,#1264,.F.);
#2117=ORIENTED_EDGE('',*,*,#1267,.F.);
#2118=ORIENTED_EDGE('',*,*,#1270,.F.);
#2119=ORIENTED_EDGE('',*,*,#1273,.F.);
#2120=ORIENTED_EDGE('',*,*,#1276,.F.);
#2121=ORIENTED_EDGE('',*,*,#1279,.F.);
#2122=ORIENTED_EDGE('',*,*,#1282,.F.);
#2123=ORIENTED_EDGE('',*,*,#1285,.F.);
#2124=ORIENTED_EDGE('',*,*,#1288,.F.);
#2125=ORIENTED_EDGE('',*,*,#1291,.F.);
#2126=ORIENTED_EDGE('',*,*,#1294,.F.);
#2127=ORIENTED_EDGE('',*,*,#1297,.F.);
#2128=ORIENTED_EDGE('',*,*,#1300,.F.);
#2129=ORIENTED_EDGE('',*,*,#1303,.F.);
#2130=ORIENTED_EDGE('',*,*,#1306,.F.);
#2131=ORIENTED_EDGE('',*,*,#1309,.F.);
#2132=ORIENTED_EDGE('',*,*,#1500,.T.);
#2133=ORIENTED_EDGE('',*,*,#1178,.F.);
#2134=ORIENTED_EDGE('',*,*,#1174,.F.);
#2135=ORIENTED_EDGE('',*,*,#1171,.F.);
#2136=ORIENTED_EDGE('',*,*,#1168,.F.);
#2137=ORIENTED_EDGE('',*,*,#1165,.F.);
#2138=ORIENTED_EDGE('',*,*,#1162,.F.);
#2139=ORIENTED_EDGE('',*,*,#1159,.F.);
#2140=ORIENTED_EDGE('',*,*,#1156,.F.);
#2141=ORIENTED_EDGE('',*,*,#1153,.F.);
#2142=ORIENTED_EDGE('',*,*,#1150,.F.);
#2143=ORIENTED_EDGE('',*,*,#1147,.F.);
#2144=ORIENTED_EDGE('',*,*,#1144,.F.);
#2145=ORIENTED_EDGE('',*,*,#1141,.F.);
#2146=ORIENTED_EDGE('',*,*,#1138,.F.);
#2147=ORIENTED_EDGE('',*,*,#1135,.F.);
#2148=ORIENTED_EDGE('',*,*,#1132,.F.);
#2149=ORIENTED_EDGE('',*,*,#1129,.F.);
#2150=ORIENTED_EDGE('',*,*,#1126,.F.);
#2151=ORIENTED_EDGE('',*,*,#1123,.F.);
#2152=ORIENTED_EDGE('',*,*,#1390,.F.);
#2153=ORIENTED_EDGE('',*,*,#1248,.T.);
#2154=ORIENTED_EDGE('',*,*,#1496,.T.);
#2155=ORIENTED_EDGE('',*,*,#1254,.F.);
#2156=ORIENTED_EDGE('',*,*,#1499,.F.);
#2157=ORIENTED_EDGE('',*,*,#1118,.T.);
#2158=ORIENTED_EDGE('',*,*,#1121,.T.);
#2159=ORIENTED_EDGE('',*,*,#1125,.T.);
#2160=ORIENTED_EDGE('',*,*,#1128,.T.);
#2161=ORIENTED_EDGE('',*,*,#1131,.T.);
#2162=ORIENTED_EDGE('',*,*,#1134,.T.);
#2163=ORIENTED_EDGE('',*,*,#1137,.T.);
#2164=ORIENTED_EDGE('',*,*,#1140,.T.);
#2165=ORIENTED_EDGE('',*,*,#1143,.T.);
#2166=ORIENTED_EDGE('',*,*,#1146,.T.);
#2167=ORIENTED_EDGE('',*,*,#1149,.T.);
#2168=ORIENTED_EDGE('',*,*,#1152,.T.);
#2169=ORIENTED_EDGE('',*,*,#1155,.T.);
#2170=ORIENTED_EDGE('',*,*,#1158,.T.);
#2171=ORIENTED_EDGE('',*,*,#1161,.T.);
#2172=ORIENTED_EDGE('',*,*,#1164,.T.);
#2173=ORIENTED_EDGE('',*,*,#1167,.T.);
#2174=ORIENTED_EDGE('',*,*,#1170,.T.);
#2175=ORIENTED_EDGE('',*,*,#1173,.T.);
#2176=ORIENTED_EDGE('',*,*,#1177,.T.);
#2177=ORIENTED_EDGE('',*,*,#1501,.T.);
#2178=ORIENTED_EDGE('',*,*,#1313,.F.);
#2179=ORIENTED_EDGE('',*,*,#1310,.F.);
#2180=ORIENTED_EDGE('',*,*,#1307,.F.);
#2181=ORIENTED_EDGE('',*,*,#1304,.F.);
#2182=ORIENTED_EDGE('',*,*,#1301,.F.);
#2183=ORIENTED_EDGE('',*,*,#1298,.F.);
#2184=ORIENTED_EDGE('',*,*,#1295,.F.);
#2185=ORIENTED_EDGE('',*,*,#1292,.F.);
#2186=ORIENTED_EDGE('',*,*,#1289,.F.);
#2187=ORIENTED_EDGE('',*,*,#1286,.F.);
#2188=ORIENTED_EDGE('',*,*,#1283,.F.);
#2189=ORIENTED_EDGE('',*,*,#1280,.F.);
#2190=ORIENTED_EDGE('',*,*,#1277,.F.);
#2191=ORIENTED_EDGE('',*,*,#1274,.F.);
#2192=ORIENTED_EDGE('',*,*,#1271,.F.);
#2193=ORIENTED_EDGE('',*,*,#1268,.F.);
#2194=ORIENTED_EDGE('',*,*,#1265,.F.);
#2195=ORIENTED_EDGE('',*,*,#1262,.F.);
#2196=ORIENTED_EDGE('',*,*,#1259,.F.);
#2197=ORIENTED_EDGE('',*,*,#1386,.F.);
#2198=ORIENTED_EDGE('',*,*,#1500,.F.);
#2199=ORIENTED_EDGE('',*,*,#1312,.F.);
#2200=ORIENTED_EDGE('',*,*,#1315,.F.);
#2201=ORIENTED_EDGE('',*,*,#1318,.F.);
#2202=ORIENTED_EDGE('',*,*,#1321,.F.);
#2203=ORIENTED_EDGE('',*,*,#1324,.F.);
#2204=ORIENTED_EDGE('',*,*,#1327,.F.);
#2205=ORIENTED_EDGE('',*,*,#1330,.F.);
#2206=ORIENTED_EDGE('',*,*,#1333,.F.);
#2207=ORIENTED_EDGE('',*,*,#1336,.F.);
#2208=ORIENTED_EDGE('',*,*,#1339,.F.);
#2209=ORIENTED_EDGE('',*,*,#1342,.F.);
#2210=ORIENTED_EDGE('',*,*,#1345,.F.);
#2211=ORIENTED_EDGE('',*,*,#1348,.F.);
#2212=ORIENTED_EDGE('',*,*,#1351,.F.);
#2213=ORIENTED_EDGE('',*,*,#1354,.F.);
#2214=ORIENTED_EDGE('',*,*,#1357,.F.);
#2215=ORIENTED_EDGE('',*,*,#1360,.F.);
#2216=ORIENTED_EDGE('',*,*,#1497,.T.);
#2217=ORIENTED_EDGE('',*,*,#1231,.F.);
#2218=ORIENTED_EDGE('',*,*,#1227,.F.);
#2219=ORIENTED_EDGE('',*,*,#1224,.F.);
#2220=ORIENTED_EDGE('',*,*,#1221,.F.);
#2221=ORIENTED_EDGE('',*,*,#1218,.F.);
#2222=ORIENTED_EDGE('',*,*,#1215,.F.);
#2223=ORIENTED_EDGE('',*,*,#1212,.F.);
#2224=ORIENTED_EDGE('',*,*,#1209,.F.);
#2225=ORIENTED_EDGE('',*,*,#1206,.F.);
#2226=ORIENTED_EDGE('',*,*,#1203,.F.);
#2227=ORIENTED_EDGE('',*,*,#1200,.F.);
#2228=ORIENTED_EDGE('',*,*,#1197,.F.);
#2229=ORIENTED_EDGE('',*,*,#1194,.F.);
#2230=ORIENTED_EDGE('',*,*,#1191,.F.);
#2231=ORIENTED_EDGE('',*,*,#1188,.F.);
#2232=ORIENTED_EDGE('',*,*,#1185,.F.);
#2233=ORIENTED_EDGE('',*,*,#1182,.F.);
#2234=ORIENTED_EDGE('',*,*,#1179,.F.);
#2235=ORIENTED_EDGE('',*,*,#1176,.T.);
#2236=ORIENTED_EDGE('',*,*,#1181,.T.);
#2237=ORIENTED_EDGE('',*,*,#1184,.T.);
#2238=ORIENTED_EDGE('',*,*,#1187,.T.);
#2239=ORIENTED_EDGE('',*,*,#1190,.T.);
#2240=ORIENTED_EDGE('',*,*,#1193,.T.);
#2241=ORIENTED_EDGE('',*,*,#1196,.T.);
#2242=ORIENTED_EDGE('',*,*,#1199,.T.);
#2243=ORIENTED_EDGE('',*,*,#1202,.T.);
#2244=ORIENTED_EDGE('',*,*,#1205,.T.);
#2245=ORIENTED_EDGE('',*,*,#1208,.T.);
#2246=ORIENTED_EDGE('',*,*,#1211,.T.);
#2247=ORIENTED_EDGE('',*,*,#1214,.T.);
#2248=ORIENTED_EDGE('',*,*,#1217,.T.);
#2249=ORIENTED_EDGE('',*,*,#1220,.T.);
#2250=ORIENTED_EDGE('',*,*,#1223,.T.);
#2251=ORIENTED_EDGE('',*,*,#1226,.T.);
#2252=ORIENTED_EDGE('',*,*,#1230,.T.);
#2253=ORIENTED_EDGE('',*,*,#1498,.T.);
#2254=ORIENTED_EDGE('',*,*,#1364,.F.);
#2255=ORIENTED_EDGE('',*,*,#1361,.F.);
#2256=ORIENTED_EDGE('',*,*,#1358,.F.);
#2257=ORIENTED_EDGE('',*,*,#1355,.F.);
#2258=ORIENTED_EDGE('',*,*,#1352,.F.);
#2259=ORIENTED_EDGE('',*,*,#1349,.F.);
#2260=ORIENTED_EDGE('',*,*,#1346,.F.);
#2261=ORIENTED_EDGE('',*,*,#1343,.F.);
#2262=ORIENTED_EDGE('',*,*,#1340,.F.);
#2263=ORIENTED_EDGE('',*,*,#1337,.F.);
#2264=ORIENTED_EDGE('',*,*,#1334,.F.);
#2265=ORIENTED_EDGE('',*,*,#1331,.F.);
#2266=ORIENTED_EDGE('',*,*,#1328,.F.);
#2267=ORIENTED_EDGE('',*,*,#1325,.F.);
#2268=ORIENTED_EDGE('',*,*,#1322,.F.);
#2269=ORIENTED_EDGE('',*,*,#1319,.F.);
#2270=ORIENTED_EDGE('',*,*,#1316,.F.);
#2271=ORIENTED_EDGE('',*,*,#1501,.F.);
#2272=CYLINDRICAL_SURFACE('',#2509,1.54533666301313);
#2273=CYLINDRICAL_SURFACE('',#2511,1.54533666301313);
#2274=CYLINDRICAL_SURFACE('',#2513,1.54533666301313);
#2275=CYLINDRICAL_SURFACE('',#2514,1.54533666301313);
#2276=CYLINDRICAL_SURFACE('',#2515,1.54533666301313);
#2277=CYLINDRICAL_SURFACE('',#2516,1.54533666301313);
#2278=CYLINDRICAL_SURFACE('',#2517,1.54533666301313);
#2279=CYLINDRICAL_SURFACE('',#2518,1.54533666301313);
#2280=CYLINDRICAL_SURFACE('',#2519,1.54533666301313);
#2281=CYLINDRICAL_SURFACE('',#2520,1.54533666301313);
#2282=CYLINDRICAL_SURFACE('',#2521,1.54533666301313);
#2283=CYLINDRICAL_SURFACE('',#2522,1.54533666301313);
#2284=CYLINDRICAL_SURFACE('',#2523,1.54533666301313);
#2285=CYLINDRICAL_SURFACE('',#2524,1.54533666301313);
#2286=CYLINDRICAL_SURFACE('',#2525,1.54533666301313);
#2287=CYLINDRICAL_SURFACE('',#2526,1.54533666301313);
#2288=CYLINDRICAL_SURFACE('',#2527,1.54533666301313);
#2289=CYLINDRICAL_SURFACE('',#2528,1.54533666301313);
#2290=CYLINDRICAL_SURFACE('',#2529,1.54533666301313);
#2291=CYLINDRICAL_SURFACE('',#2530,1.54533666301313);
#2292=CYLINDRICAL_SURFACE('',#2531,1.54533666301313);
#2293=CYLINDRICAL_SURFACE('',#2532,1.54533666301313);
#2294=CYLINDRICAL_SURFACE('',#2533,1.54533666301313);
#2295=CYLINDRICAL_SURFACE('',#2534,1.54533666301313);
#2296=CYLINDRICAL_SURFACE('',#2535,1.54533666301313);
#2297=CYLINDRICAL_SURFACE('',#2536,1.54533666301313);
#2298=CYLINDRICAL_SURFACE('',#2537,1.54533666301313);
#2299=CYLINDRICAL_SURFACE('',#2538,1.54533666301313);
#2300=CYLINDRICAL_SURFACE('',#2539,1.54533666301313);
#2301=CYLINDRICAL_SURFACE('',#2540,1.54533666301313);
#2302=CYLINDRICAL_SURFACE('',#2541,1.54533666301313);
#2303=CYLINDRICAL_SURFACE('',#2542,1.54533666301313);
#2304=CYLINDRICAL_SURFACE('',#2543,1.54533666301313);
#2305=CYLINDRICAL_SURFACE('',#2544,1.54533666301313);
#2306=CYLINDRICAL_SURFACE('',#2545,1.54533666301313);
#2307=CYLINDRICAL_SURFACE('',#2546,1.54533666301313);
#2308=CYLINDRICAL_SURFACE('',#2547,1.54533666301313);
#2309=CYLINDRICAL_SURFACE('',#2548,1.54533666301313);
#2310=CYLINDRICAL_SURFACE('',#2549,1.54533666301313);
#2311=CYLINDRICAL_SURFACE('',#2550,1.54533666301313);
#2312=CYLINDRICAL_SURFACE('',#2551,1.54533666301313);
#2313=CYLINDRICAL_SURFACE('',#2552,1.54533666301313);
#2314=CYLINDRICAL_SURFACE('',#2553,1.54533666301313);
#2315=CYLINDRICAL_SURFACE('',#2557,1.99999999999999);
#2316=CYLINDRICAL_SURFACE('',#2559,1.99999999999999);
#2317=CYLINDRICAL_SURFACE('',#2560,1.99999999999999);
#2318=CYLINDRICAL_SURFACE('',#2561,1.99999999999999);
#2319=CYLINDRICAL_SURFACE('',#2562,1.99999999999999);
#2320=CYLINDRICAL_SURFACE('',#2563,1.99999999999999);
#2321=CYLINDRICAL_SURFACE('',#2564,1.99999999999999);
#2322=CYLINDRICAL_SURFACE('',#2565,1.99999999999999);
#2323=CYLINDRICAL_SURFACE('',#2566,1.99999999999999);
#2324=CYLINDRICAL_SURFACE('',#2567,1.99999999999999);
#2325=CYLINDRICAL_SURFACE('',#2568,1.99999999999999);
#2326=CYLINDRICAL_SURFACE('',#2569,1.99999999999999);
#2327=CYLINDRICAL_SURFACE('',#2570,1.99999999999999);
#2328=CYLINDRICAL_SURFACE('',#2571,1.99999999999999);
#2329=CYLINDRICAL_SURFACE('',#2572,1.99999999999999);
#2330=CYLINDRICAL_SURFACE('',#2573,1.99999999999999);
#2331=CYLINDRICAL_SURFACE('',#2574,1.99999999999999);
#2332=CYLINDRICAL_SURFACE('',#2575,1.99999999999999);
#2333=CYLINDRICAL_SURFACE('',#2576,1.99999999999999);
#2334=CYLINDRICAL_SURFACE('',#2577,1.99999999999999);
#2335=CYLINDRICAL_SURFACE('',#2578,1.99999999999999);
#2336=CYLINDRICAL_SURFACE('',#2579,1.99999999999999);
#2337=CYLINDRICAL_SURFACE('',#2580,1.99999999999999);
#2338=CYLINDRICAL_SURFACE('',#2581,1.99999999999999);
#2339=CYLINDRICAL_SURFACE('',#2582,1.99999999999999);
#2340=CYLINDRICAL_SURFACE('',#2583,1.99999999999999);
#2341=CYLINDRICAL_SURFACE('',#2584,1.99999999999999);
#2342=CYLINDRICAL_SURFACE('',#2585,1.99999999999999);
#2343=CYLINDRICAL_SURFACE('',#2586,1.99999999999999);
#2344=CYLINDRICAL_SURFACE('',#2587,1.99999999999999);
#2345=CYLINDRICAL_SURFACE('',#2588,1.99999999999999);
#2346=CYLINDRICAL_SURFACE('',#2589,1.99999999999999);
#2347=CYLINDRICAL_SURFACE('',#2590,1.99999999999999);
#2348=CYLINDRICAL_SURFACE('',#2591,1.99999999999999);
#2349=CYLINDRICAL_SURFACE('',#2592,1.99999999999999);
#2350=CYLINDRICAL_SURFACE('',#2593,1.99999999999999);
#2351=CYLINDRICAL_SURFACE('',#2594,1.99999999999999);
#2352=CYLINDRICAL_SURFACE('',#2595,1.99999999999999);
#2353=CYLINDRICAL_SURFACE('',#2596,1.99999999999999);
#2354=CYLINDRICAL_SURFACE('',#2597,1.99999999999999);
#2355=CYLINDRICAL_SURFACE('',#2598,1.99999999999999);
#2356=CYLINDRICAL_SURFACE('',#2599,1.99999999999999);
#2357=CYLINDRICAL_SURFACE('',#2600,1.99999999999999);
#2358=CYLINDRICAL_SURFACE('',#2700,1.54533666301313);
#2359=ADVANCED_FACE('',(#171),#2272,.T.);
#2360=ADVANCED_FACE('',(#172),#2273,.T.);
#2361=ADVANCED_FACE('',(#173),#2274,.T.);
#2362=ADVANCED_FACE('',(#174),#2275,.T.);
#2363=ADVANCED_FACE('',(#175),#2276,.T.);
#2364=ADVANCED_FACE('',(#176),#2277,.T.);
#2365=ADVANCED_FACE('',(#177),#2278,.T.);
#2366=ADVANCED_FACE('',(#178),#2279,.T.);
#2367=ADVANCED_FACE('',(#179),#2280,.T.);
#2368=ADVANCED_FACE('',(#180),#2281,.T.);
#2369=ADVANCED_FACE('',(#181),#2282,.T.);
#2370=ADVANCED_FACE('',(#182),#2283,.T.);
#2371=ADVANCED_FACE('',(#183),#2284,.T.);
#2372=ADVANCED_FACE('',(#184),#2285,.T.);
#2373=ADVANCED_FACE('',(#185),#2286,.T.);
#2374=ADVANCED_FACE('',(#186),#2287,.T.);
#2375=ADVANCED_FACE('',(#187),#2288,.T.);
#2376=ADVANCED_FACE('',(#188),#2289,.T.);
#2377=ADVANCED_FACE('',(#189),#2290,.T.);
#2378=ADVANCED_FACE('',(#190),#2291,.T.);
#2379=ADVANCED_FACE('',(#191),#2292,.T.);
#2380=ADVANCED_FACE('',(#192),#2293,.T.);
#2381=ADVANCED_FACE('',(#193),#2294,.T.);
#2382=ADVANCED_FACE('',(#194),#2295,.T.);
#2383=ADVANCED_FACE('',(#195),#2296,.T.);
#2384=ADVANCED_FACE('',(#196),#2297,.T.);
#2385=ADVANCED_FACE('',(#197),#2298,.T.);
#2386=ADVANCED_FACE('',(#198),#2299,.T.);
#2387=ADVANCED_FACE('',(#199),#2300,.T.);
#2388=ADVANCED_FACE('',(#200),#2301,.T.);
#2389=ADVANCED_FACE('',(#201),#2302,.T.);
#2390=ADVANCED_FACE('',(#202),#2303,.T.);
#2391=ADVANCED_FACE('',(#203),#2304,.T.);
#2392=ADVANCED_FACE('',(#204),#2305,.T.);
#2393=ADVANCED_FACE('',(#205),#2306,.T.);
#2394=ADVANCED_FACE('',(#206),#2307,.T.);
#2395=ADVANCED_FACE('',(#207),#2308,.T.);
#2396=ADVANCED_FACE('',(#208),#2309,.T.);
#2397=ADVANCED_FACE('',(#209),#2310,.T.);
#2398=ADVANCED_FACE('',(#210),#2311,.T.);
#2399=ADVANCED_FACE('',(#211),#2312,.T.);
#2400=ADVANCED_FACE('',(#212),#2313,.T.);
#2401=ADVANCED_FACE('',(#213),#2314,.T.);
#2402=ADVANCED_FACE('',(#214),#152,.T.);
#2403=ADVANCED_FACE('',(#215),#2315,.T.);
#2404=ADVANCED_FACE('',(#216),#2316,.T.);
#2405=ADVANCED_FACE('',(#217),#2317,.T.);
#2406=ADVANCED_FACE('',(#218),#2318,.T.);
#2407=ADVANCED_FACE('',(#219),#2319,.T.);
#2408=ADVANCED_FACE('',(#220),#2320,.T.);
#2409=ADVANCED_FACE('',(#221),#2321,.T.);
#2410=ADVANCED_FACE('',(#222),#2322,.T.);
#2411=ADVANCED_FACE('',(#223),#2323,.T.);
#2412=ADVANCED_FACE('',(#224),#2324,.T.);
#2413=ADVANCED_FACE('',(#225),#2325,.T.);
#2414=ADVANCED_FACE('',(#226),#2326,.T.);
#2415=ADVANCED_FACE('',(#227),#2327,.T.);
#2416=ADVANCED_FACE('',(#228),#2328,.T.);
#2417=ADVANCED_FACE('',(#229),#2329,.T.);
#2418=ADVANCED_FACE('',(#230),#2330,.T.);
#2419=ADVANCED_FACE('',(#231),#2331,.T.);
#2420=ADVANCED_FACE('',(#232),#2332,.T.);
#2421=ADVANCED_FACE('',(#233),#2333,.T.);
#2422=ADVANCED_FACE('',(#234),#2334,.T.);
#2423=ADVANCED_FACE('',(#235),#2335,.T.);
#2424=ADVANCED_FACE('',(#236),#2336,.T.);
#2425=ADVANCED_FACE('',(#237),#2337,.T.);
#2426=ADVANCED_FACE('',(#238),#2338,.T.);
#2427=ADVANCED_FACE('',(#239),#2339,.T.);
#2428=ADVANCED_FACE('',(#240),#2340,.T.);
#2429=ADVANCED_FACE('',(#241),#2341,.T.);
#2430=ADVANCED_FACE('',(#242),#2342,.T.);
#2431=ADVANCED_FACE('',(#243),#2343,.T.);
#2432=ADVANCED_FACE('',(#244),#2344,.T.);
#2433=ADVANCED_FACE('',(#245),#2345,.T.);
#2434=ADVANCED_FACE('',(#246),#2346,.T.);
#2435=ADVANCED_FACE('',(#247),#2347,.T.);
#2436=ADVANCED_FACE('',(#248),#2348,.T.);
#2437=ADVANCED_FACE('',(#249),#2349,.T.);
#2438=ADVANCED_FACE('',(#250),#2350,.T.);
#2439=ADVANCED_FACE('',(#251),#2351,.T.);
#2440=ADVANCED_FACE('',(#252),#2352,.T.);
#2441=ADVANCED_FACE('',(#253),#2353,.T.);
#2442=ADVANCED_FACE('',(#254),#2354,.T.);
#2443=ADVANCED_FACE('',(#255),#2355,.T.);
#2444=ADVANCED_FACE('',(#256),#2356,.T.);
#2445=ADVANCED_FACE('',(#257),#2357,.T.);
#2446=ADVANCED_FACE('',(#258),#153,.T.);
#2447=ADVANCED_FACE('',(#259),#154,.T.);
#2448=ADVANCED_FACE('',(#260),#58,.T.);
#2449=ADVANCED_FACE('',(#261,#52,#53),#56,.T.);
#2450=ADVANCED_FACE('',(#262),#59,.T.);
#2451=ADVANCED_FACE('',(#263,#54),#57,.T.);
#2452=ADVANCED_FACE('',(#264),#155,.F.);
#2453=ADVANCED_FACE('',(#265),#156,.F.);
#2454=ADVANCED_FACE('',(#266),#157,.F.);
#2455=ADVANCED_FACE('',(#267),#25,.T.);
#2456=ADVANCED_FACE('',(#268),#26,.T.);
#2457=ADVANCED_FACE('',(#269),#158,.T.);
#2458=ADVANCED_FACE('',(#270),#27,.T.);
#2459=ADVANCED_FACE('',(#271),#159,.T.);
#2460=ADVANCED_FACE('',(#272),#28,.T.);
#2461=ADVANCED_FACE('',(#273),#160,.T.);
#2462=ADVANCED_FACE('',(#274),#29,.T.);
#2463=ADVANCED_FACE('',(#275),#161,.F.);
#2464=ADVANCED_FACE('',(#276),#30,.T.);
#2465=ADVANCED_FACE('',(#277),#162,.T.);
#2466=ADVANCED_FACE('',(#278),#31,.T.);
#2467=ADVANCED_FACE('',(#279),#163,.T.);
#2468=ADVANCED_FACE('',(#280),#32,.T.);
#2469=ADVANCED_FACE('',(#281),#164,.T.);
#2470=ADVANCED_FACE('',(#282),#33,.T.);
#2471=ADVANCED_FACE('',(#283),#34,.T.);
#2472=ADVANCED_FACE('',(#284),#165,.T.);
#2473=ADVANCED_FACE('',(#285),#35,.T.);
#2474=ADVANCED_FACE('',(#286),#166,.T.);
#2475=ADVANCED_FACE('',(#287),#36,.T.);
#2476=ADVANCED_FACE('',(#288),#167,.T.);
#2477=ADVANCED_FACE('',(#289),#37,.T.);
#2478=ADVANCED_FACE('',(#290),#38,.T.);
#2479=ADVANCED_FACE('',(#291),#168,.T.);
#2480=ADVANCED_FACE('',(#292),#39,.T.);
#2481=ADVANCED_FACE('',(#293),#169,.T.);
#2482=ADVANCED_FACE('',(#294),#40,.T.);
#2483=ADVANCED_FACE('',(#295),#170,.T.);
#2484=ADVANCED_FACE('',(#296),#41,.T.);
#2485=ADVANCED_FACE('',(#297,#55),#42,.T.);
#2486=ADVANCED_FACE('',(#298),#19,.T.);
#2487=ADVANCED_FACE('',(#299),#20,.T.);
#2488=ADVANCED_FACE('',(#300),#43,.F.);
#2489=ADVANCED_FACE('',(#301),#21,.T.);
#2490=ADVANCED_FACE('',(#302),#2358,.T.);
#2491=ADVANCED_FACE('',(#303),#22,.T.);
#2492=ADVANCED_FACE('',(#304),#23,.T.);
#2493=ADVANCED_FACE('',(#305),#24,.T.);
#2494=CLOSED_SHELL('',(#2359,#2360,#2361,#2362,#2363,#2364,#2365,#2366,
#2367,#2368,#2369,#2370,#2371,#2372,#2373,#2374,#2375,#2376,#2377,#2378,
#2379,#2380,#2381,#2382,#2383,#2384,#2385,#2386,#2387,#2388,#2389,#2390,
#2391,#2392,#2393,#2394,#2395,#2396,#2397,#2398,#2399,#2400,#2401,#2402,
#2403,#2404,#2405,#2406,#2407,#2408,#2409,#2410,#2411,#2412,#2413,#2414,
#2415,#2416,#2417,#2418,#2419,#2420,#2421,#2422,#2423,#2424,#2425,#2426,
#2427,#2428,#2429,#2430,#2431,#2432,#2433,#2434,#2435,#2436,#2437,#2438,
#2439,#2440,#2441,#2442,#2443,#2444,#2445,#2446,#2447,#2448,#2449,#2450,
#2451,#2452,#2453,#2454,#2455,#2456,#2457,#2458,#2459,#2460,#2461,#2462,
#2463,#2464,#2465,#2466,#2467,#2468,#2469,#2470,#2471,#2472,#2473,#2474,
#2475,#2476,#2477,#2478,#2479,#2480,#2481,#2482,#2483,#2484,#2485,#2486,
#2487,#2488,#2489,#2490,#2491,#2492,#2493));
#2495=DERIVED_UNIT_ELEMENT(#2497,1.);
#2496=DERIVED_UNIT_ELEMENT(#10871,-3.);
#2497=(
MASS_UNIT()
NAMED_UNIT(*)
SI_UNIT(.KILO.,.GRAM.)
);
#2498=DERIVED_UNIT((#2495,#2496));
#2499=MEASURE_REPRESENTATION_ITEM('density measure',
POSITIVE_RATIO_MEASURE(7850.),#2498);
#2500=PROPERTY_DEFINITION_REPRESENTATION(#2505,#2502);
#2501=PROPERTY_DEFINITION_REPRESENTATION(#2506,#2503);
#2502=REPRESENTATION('material name',(#2504),#10868);
#2503=REPRESENTATION('density',(#2499),#10868);
#2504=DESCRIPTIVE_REPRESENTATION_ITEM('Steel','Steel');
#2505=PROPERTY_DEFINITION('material property','material name',#10883);
#2506=PROPERTY_DEFINITION('material property','density of part',#10883);
#2507=AXIS2_PLACEMENT_3D('',#3223,#2702,#2703);
#2508=AXIS2_PLACEMENT_3D('',#3224,#2704,#2705);
#2509=AXIS2_PLACEMENT_3D('',#3225,#2706,#2707);
#2510=AXIS2_PLACEMENT_3D('',#3233,#2709,#2710);
#2511=AXIS2_PLACEMENT_3D('',#3234,#2711,#2712);
#2512=AXIS2_PLACEMENT_3D('',#3252,#2714,#2715);
#2513=AXIS2_PLACEMENT_3D('',#3266,#2716,#2717);
#2514=AXIS2_PLACEMENT_3D('',#3296,#2719,#2720);
#2515=AXIS2_PLACEMENT_3D('',#3326,#2722,#2723);
#2516=AXIS2_PLACEMENT_3D('',#3356,#2725,#2726);
#2517=AXIS2_PLACEMENT_3D('',#3386,#2728,#2729);
#2518=AXIS2_PLACEMENT_3D('',#3416,#2731,#2732);
#2519=AXIS2_PLACEMENT_3D('',#3446,#2734,#2735);
#2520=AXIS2_PLACEMENT_3D('',#3476,#2737,#2738);
#2521=AXIS2_PLACEMENT_3D('',#3506,#2740,#2741);
#2522=AXIS2_PLACEMENT_3D('',#3536,#2743,#2744);
#2523=AXIS2_PLACEMENT_3D('',#3566,#2746,#2747);
#2524=AXIS2_PLACEMENT_3D('',#3596,#2749,#2750);
#2525=AXIS2_PLACEMENT_3D('',#3626,#2752,#2753);
#2526=AXIS2_PLACEMENT_3D('',#3656,#2755,#2756);
#2527=AXIS2_PLACEMENT_3D('',#3686,#2758,#2759);
#2528=AXIS2_PLACEMENT_3D('',#3716,#2761,#2762);
#2529=AXIS2_PLACEMENT_3D('',#3746,#2764,#2765);
#2530=AXIS2_PLACEMENT_3D('',#3776,#2767,#2768);
#2531=AXIS2_PLACEMENT_3D('',#3810,#2770,#2771);
#2532=AXIS2_PLACEMENT_3D('',#3840,#2773,#2774);
#2533=AXIS2_PLACEMENT_3D('',#3870,#2776,#2777);
#2534=AXIS2_PLACEMENT_3D('',#3900,#2779,#2780);
#2535=AXIS2_PLACEMENT_3D('',#3930,#2782,#2783);
#2536=AXIS2_PLACEMENT_3D('',#3960,#2785,#2786);
#2537=AXIS2_PLACEMENT_3D('',#3990,#2788,#2789);
#2538=AXIS2_PLACEMENT_3D('',#4020,#2791,#2792);
#2539=AXIS2_PLACEMENT_3D('',#4050,#2794,#2795);
#2540=AXIS2_PLACEMENT_3D('',#4080,#2797,#2798);
#2541=AXIS2_PLACEMENT_3D('',#4110,#2800,#2801);
#2542=AXIS2_PLACEMENT_3D('',#4140,#2803,#2804);
#2543=AXIS2_PLACEMENT_3D('',#4170,#2806,#2807);
#2544=AXIS2_PLACEMENT_3D('',#4200,#2809,#2810);
#2545=AXIS2_PLACEMENT_3D('',#4230,#2812,#2813);
#2546=AXIS2_PLACEMENT_3D('',#4260,#2815,#2816);
#2547=AXIS2_PLACEMENT_3D('',#4290,#2818,#2819);
#2548=AXIS2_PLACEMENT_3D('',#4324,#2821,#2822);
#2549=AXIS2_PLACEMENT_3D('',#4354,#2824,#2825);
#2550=AXIS2_PLACEMENT_3D('',#4384,#2827,#2828);
#2551=AXIS2_PLACEMENT_3D('',#4414,#2830,#2831);
#2552=AXIS2_PLACEMENT_3D('',#4444,#2833,#2834);
#2553=AXIS2_PLACEMENT_3D('',#4474,#2836,#2837);
#2554=AXIS2_PLACEMENT_3D('',#4504,#2839,#2840);
#2555=AXIS2_PLACEMENT_3D('',#4509,#2842,#2843);
#2556=AXIS2_PLACEMENT_3D('',#4526,#2844,#2845);
#2557=AXIS2_PLACEMENT_3D('',#4559,#2846,#2847);
#2558=AXIS2_PLACEMENT_3D('',#4583,#2849,#2850);
#2559=AXIS2_PLACEMENT_3D('',#4598,#2851,#2852);
#2560=AXIS2_PLACEMENT_3D('',#4674,#2854,#2855);
#2561=AXIS2_PLACEMENT_3D('',#4750,#2857,#2858);
#2562=AXIS2_PLACEMENT_3D('',#4826,#2860,#2861);
#2563=AXIS2_PLACEMENT_3D('',#4902,#2863,#2864);
#2564=AXIS2_PLACEMENT_3D('',#4980,#2866,#2867);
#2565=AXIS2_PLACEMENT_3D('',#5058,#2869,#2870);
#2566=AXIS2_PLACEMENT_3D('',#5134,#2872,#2873);
#2567=AXIS2_PLACEMENT_3D('',#5210,#2875,#2876);
#2568=AXIS2_PLACEMENT_3D('',#5286,#2878,#2879);
#2569=AXIS2_PLACEMENT_3D('',#5362,#2881,#2882);
#2570=AXIS2_PLACEMENT_3D('',#5438,#2884,#2885);
#2571=AXIS2_PLACEMENT_3D('',#5518,#2887,#2888);
#2572=AXIS2_PLACEMENT_3D('',#5594,#2890,#2891);
#2573=AXIS2_PLACEMENT_3D('',#5670,#2893,#2894);
#2574=AXIS2_PLACEMENT_3D('',#5746,#2896,#2897);
#2575=AXIS2_PLACEMENT_3D('',#5822,#2899,#2900);
#2576=AXIS2_PLACEMENT_3D('',#5898,#2902,#2903);
#2577=AXIS2_PLACEMENT_3D('',#5974,#2905,#2906);
#2578=AXIS2_PLACEMENT_3D('',#6050,#2908,#2909);
#2579=AXIS2_PLACEMENT_3D('',#6126,#2911,#2912);
#2580=AXIS2_PLACEMENT_3D('',#6204,#2914,#2915);
#2581=AXIS2_PLACEMENT_3D('',#6280,#2917,#2918);
#2582=AXIS2_PLACEMENT_3D('',#6358,#2920,#2921);
#2583=AXIS2_PLACEMENT_3D('',#6434,#2923,#2924);
#2584=AXIS2_PLACEMENT_3D('',#6510,#2926,#2927);
#2585=AXIS2_PLACEMENT_3D('',#6586,#2929,#2930);
#2586=AXIS2_PLACEMENT_3D('',#6664,#2932,#2933);
#2587=AXIS2_PLACEMENT_3D('',#6740,#2935,#2936);
#2588=AXIS2_PLACEMENT_3D('',#6816,#2938,#2939);
#2589=AXIS2_PLACEMENT_3D('',#6894,#2941,#2942);
#2590=AXIS2_PLACEMENT_3D('',#6970,#2944,#2945);
#2591=AXIS2_PLACEMENT_3D('',#7046,#2947,#2948);
#2592=AXIS2_PLACEMENT_3D('',#7122,#2950,#2951);
#2593=AXIS2_PLACEMENT_3D('',#7200,#2953,#2954);
#2594=AXIS2_PLACEMENT_3D('',#7276,#2956,#2957);
#2595=AXIS2_PLACEMENT_3D('',#7352,#2959,#2960);
#2596=AXIS2_PLACEMENT_3D('',#7428,#2962,#2963);
#2597=AXIS2_PLACEMENT_3D('',#7504,#2965,#2966);
#2598=AXIS2_PLACEMENT_3D('',#7580,#2968,#2969);
#2599=AXIS2_PLACEMENT_3D('',#7660,#2971,#2972);
#2600=AXIS2_PLACEMENT_3D('',#7736,#2974,#2975);
#2601=AXIS2_PLACEMENT_3D('',#7770,#2976,#2977);
#2602=AXIS2_PLACEMENT_3D('',#7799,#2978,#2979);
#2603=AXIS2_PLACEMENT_3D('',#7841,#2981,#2982);
#2604=AXIS2_PLACEMENT_3D('',#7860,#2983,#2984);
#2605=AXIS2_PLACEMENT_3D('',#7873,#2985,#2986);
#2606=AXIS2_PLACEMENT_3D('',#7874,#2987,#2988);
#2607=AXIS2_PLACEMENT_3D('',#7876,#2989,#2990);
#2608=AXIS2_PLACEMENT_3D('',#7878,#2991,#2992);
#2609=AXIS2_PLACEMENT_3D('',#7879,#2993,#2994);
#2610=AXIS2_PLACEMENT_3D('',#7880,#2995,#2996);
#2611=AXIS2_PLACEMENT_3D('',#7883,#2997,#2998);
#2612=AXIS2_PLACEMENT_3D('',#7885,#2999,#3000);
#2613=AXIS2_PLACEMENT_3D('',#7886,#3001,#3002);
#2614=AXIS2_PLACEMENT_3D('',#7888,#3003,#3004);
#2615=AXIS2_PLACEMENT_3D('',#7889,#3005,#3006);
#2616=AXIS2_PLACEMENT_3D('',#7890,#3007,#3008);
#2617=AXIS2_PLACEMENT_3D('',#7893,#3009,#3010);
#2618=AXIS2_PLACEMENT_3D('',#7895,#3011,#3012);
#2619=AXIS2_PLACEMENT_3D('',#7897,#3013,#3014);
#2620=AXIS2_PLACEMENT_3D('',#7899,#3015,#3016);
#2621=AXIS2_PLACEMENT_3D('',#7901,#3017,#3018);
#2622=AXIS2_PLACEMENT_3D('',#7903,#3019,#3020);
#2623=AXIS2_PLACEMENT_3D('',#7905,#3021,#3022);
#2624=AXIS2_PLACEMENT_3D('',#7907,#3023,#3024);
#2625=AXIS2_PLACEMENT_3D('',#7909,#3025,#3026);
#2626=AXIS2_PLACEMENT_3D('',#7911,#3027,#3028);
#2627=AXIS2_PLACEMENT_3D('',#7913,#3029,#3030);
#2628=AXIS2_PLACEMENT_3D('',#7915,#3031,#3032);
#2629=AXIS2_PLACEMENT_3D('',#7917,#3033,#3034);
#2630=AXIS2_PLACEMENT_3D('',#7919,#3035,#3036);
#2631=AXIS2_PLACEMENT_3D('',#7921,#3037,#3038);
#2632=AXIS2_PLACEMENT_3D('',#7923,#3039,#3040);
#2633=AXIS2_PLACEMENT_3D('',#7925,#3041,#3042);
#2634=AXIS2_PLACEMENT_3D('',#7927,#3043,#3044);
#2635=AXIS2_PLACEMENT_3D('',#7929,#3045,#3046);
#2636=AXIS2_PLACEMENT_3D('',#7931,#3047,#3048);
#2637=AXIS2_PLACEMENT_3D('',#7933,#3049,#3050);
#2638=AXIS2_PLACEMENT_3D('',#7935,#3051,#3052);
#2639=AXIS2_PLACEMENT_3D('',#7937,#3053,#3054);
#2640=AXIS2_PLACEMENT_3D('',#7939,#3055,#3056);
#2641=AXIS2_PLACEMENT_3D('',#7941,#3057,#3058);
#2642=AXIS2_PLACEMENT_3D('',#7943,#3059,#3060);
#2643=AXIS2_PLACEMENT_3D('',#7945,#3061,#3062);
#2644=AXIS2_PLACEMENT_3D('',#7947,#3063,#3064);
#2645=AXIS2_PLACEMENT_3D('',#7949,#3065,#3066);
#2646=AXIS2_PLACEMENT_3D('',#7951,#3067,#3068);
#2647=AXIS2_PLACEMENT_3D('',#7953,#3069,#3070);
#2648=AXIS2_PLACEMENT_3D('',#7954,#3071,#3072);
#2649=AXIS2_PLACEMENT_3D('',#7955,#3073,#3074);
#2650=AXIS2_PLACEMENT_3D('',#7958,#3075,#3076);
#2651=AXIS2_PLACEMENT_3D('',#7965,#3077,#3078);
#2652=AXIS2_PLACEMENT_3D('',#7968,#3079,#3080);
#2653=AXIS2_PLACEMENT_3D('',#7975,#3081,#3082);
#2654=AXIS2_PLACEMENT_3D('',#7978,#3083,#3084);
#2655=AXIS2_PLACEMENT_3D('',#7985,#3085,#3086);
#2656=AXIS2_PLACEMENT_3D('',#7991,#3089,#3090);
#2657=AXIS2_PLACEMENT_3D('',#7995,#3092,#3093);
#2658=AXIS2_PLACEMENT_3D('',#7999,#3095,#3096);
#2659=AXIS2_PLACEMENT_3D('',#8003,#3098,#3099);
#2660=AXIS2_PLACEMENT_3D('',#8007,#3101,#3102);
#2661=AXIS2_PLACEMENT_3D('',#8011,#3104,#3105);
#2662=AXIS2_PLACEMENT_3D('',#8015,#3107,#3108);
#2663=AXIS2_PLACEMENT_3D('',#8020,#3111,#3112);
#2664=AXIS2_PLACEMENT_3D('',#8024,#3114,#3115);
#2665=AXIS2_PLACEMENT_3D('',#8028,#3117,#3118);
#2666=AXIS2_PLACEMENT_3D('',#8033,#3121,#3122);
#2667=AXIS2_PLACEMENT_3D('',#8037,#3124,#3125);
#2668=AXIS2_PLACEMENT_3D('',#8040,#3127,#3128);
#2669=AXIS2_PLACEMENT_3D('',#8041,#3129,#3130);
#2670=AXIS2_PLACEMENT_3D('',#8043,#3132,#3133);
#2671=AXIS2_PLACEMENT_3D('',#8045,#3135,#3136);
#2672=AXIS2_PLACEMENT_3D('',#8047,#3138,#3139);
#2673=AXIS2_PLACEMENT_3D('',#8049,#3141,#3142);
#2674=AXIS2_PLACEMENT_3D('',#8051,#3144,#3145);
#2675=AXIS2_PLACEMENT_3D('',#8053,#3147,#3148);
#2676=AXIS2_PLACEMENT_3D('',#8057,#3149,#3150);
#2677=AXIS2_PLACEMENT_3D('',#8061,#3151,#3152);
#2678=AXIS2_PLACEMENT_3D('',#8063,#3154,#3155);
#2679=AXIS2_PLACEMENT_3D('',#8065,#3157,#3158);
#2680=AXIS2_PLACEMENT_3D('',#8067,#3160,#3161);
#2681=AXIS2_PLACEMENT_3D('',#8069,#3163,#3164);
#2682=AXIS2_PLACEMENT_3D('',#8071,#3166,#3167);
#2683=AXIS2_PLACEMENT_3D('',#8073,#3169,#3170);
#2684=AXIS2_PLACEMENT_3D('',#8074,#3171,#3172);
#2685=AXIS2_PLACEMENT_3D('',#8076,#3174,#3175);
#2686=AXIS2_PLACEMENT_3D('',#8078,#3177,#3178);
#2687=AXIS2_PLACEMENT_3D('',#8080,#3180,#3181);
#2688=AXIS2_PLACEMENT_3D('',#8082,#3183,#3184);
#2689=AXIS2_PLACEMENT_3D('',#8084,#3186,#3187);
#2690=AXIS2_PLACEMENT_3D('',#8086,#3189,#3190);
#2691=AXIS2_PLACEMENT_3D('',#8087,#3191,#3192);
#2692=AXIS2_PLACEMENT_3D('',#8089,#3194,#3195);
#2693=AXIS2_PLACEMENT_3D('',#8091,#3197,#3198);
#2694=AXIS2_PLACEMENT_3D('',#8093,#3200,#3201);
#2695=AXIS2_PLACEMENT_3D('',#8095,#3203,#3204);
#2696=AXIS2_PLACEMENT_3D('',#8097,#3206,#3207);
#2697=AXIS2_PLACEMENT_3D('',#8099,#3209,#3210);
#2698=AXIS2_PLACEMENT_3D('',#8100,#3211,#3212);
#2699=AXIS2_PLACEMENT_3D('',#9027,#3215,#3216);
#2700=AXIS2_PLACEMENT_3D('',#9487,#3218,#3219);
#2701=AXIS2_PLACEMENT_3D('',#10863,#3221,#3222);
#2702=DIRECTION('axis',(0.,0.,1.));
#2703=DIRECTION('refdir',(1.,0.,0.));
#2704=DIRECTION('axis',(0.,0.,1.));
#2705=DIRECTION('refdir',(1.,0.,0.));
#2706=DIRECTION('center_axis',(0.,0.,1.));
#2707=DIRECTION('ref_axis',(-1.34706450768681E-16,1.,0.));
#2708=DIRECTION('',(0.,0.,-1.));
#2709=DIRECTION('center_axis',(1.11216771344188E-13,-5.32272477305131E-13,
-1.));
#2710=DIRECTION('ref_axis',(-1.12659494992933E-13,-1.,5.31641459034006E-13));
#2711=DIRECTION('center_axis',(0.,0.,1.));
#2712=DIRECTION('ref_axis',(-1.34706450768681E-16,1.,0.));
#2713=DIRECTION('',(0.,0.,-1.));
#2714=DIRECTION('center_axis',(1.11216771344188E-13,-5.32272477305131E-13,
-1.));
#2715=DIRECTION('ref_axis',(-1.12659494992933E-13,-1.,5.31641459034006E-13));
#2716=DIRECTION('center_axis',(0.,0.,1.));
#2717=DIRECTION('ref_axis',(-1.34706450768681E-16,1.,0.));
#2718=DIRECTION('',(0.,0.,-1.));
#2719=DIRECTION('center_axis',(0.,0.,1.));
#2720=DIRECTION('ref_axis',(-1.34706450768681E-16,1.,0.));
#2721=DIRECTION('',(0.,0.,-1.));
#2722=DIRECTION('center_axis',(0.,0.,1.));
#2723=DIRECTION('ref_axis',(-1.34706450768681E-16,1.,0.));
#2724=DIRECTION('',(0.,0.,-1.));
#2725=DIRECTION('center_axis',(0.,0.,1.));
#2726=DIRECTION('ref_axis',(-1.34706450768681E-16,1.,0.));
#2727=DIRECTION('',(0.,0.,-1.));
#2728=DIRECTION('center_axis',(0.,0.,1.));
#2729=DIRECTION('ref_axis',(-1.34706450768681E-16,1.,0.));
#2730=DIRECTION('',(0.,0.,-1.));
#2731=DIRECTION('center_axis',(0.,0.,1.));
#2732=DIRECTION('ref_axis',(-1.34706450768681E-16,1.,0.));
#2733=DIRECTION('',(0.,0.,-1.));
#2734=DIRECTION('center_axis',(0.,0.,1.));
#2735=DIRECTION('ref_axis',(-1.34706450768681E-16,1.,0.));
#2736=DIRECTION('',(0.,0.,-1.));
#2737=DIRECTION('center_axis',(0.,0.,1.));
#2738=DIRECTION('ref_axis',(-1.34706450768681E-16,1.,0.));
#2739=DIRECTION('',(0.,0.,-1.));
#2740=DIRECTION('center_axis',(0.,0.,1.));
#2741=DIRECTION('ref_axis',(-1.34706450768681E-16,1.,0.));
#2742=DIRECTION('',(0.,0.,-1.));
#2743=DIRECTION('center_axis',(0.,0.,1.));
#2744=DIRECTION('ref_axis',(-1.34706450768681E-16,1.,0.));
#2745=DIRECTION('',(0.,0.,-1.));
#2746=DIRECTION('center_axis',(0.,0.,1.));
#2747=DIRECTION('ref_axis',(-1.34706450768681E-16,1.,0.));
#2748=DIRECTION('',(0.,0.,-1.));
#2749=DIRECTION('center_axis',(0.,0.,1.));
#2750=DIRECTION('ref_axis',(-1.34706450768681E-16,1.,0.));
#2751=DIRECTION('',(0.,0.,-1.));
#2752=DIRECTION('center_axis',(0.,0.,1.));
#2753=DIRECTION('ref_axis',(-1.34706450768681E-16,1.,0.));
#2754=DIRECTION('',(0.,0.,-1.));
#2755=DIRECTION('center_axis',(0.,0.,1.));
#2756=DIRECTION('ref_axis',(-1.34706450768681E-16,1.,0.));
#2757=DIRECTION('',(0.,0.,-1.));
#2758=DIRECTION('center_axis',(0.,0.,1.));
#2759=DIRECTION('ref_axis',(-1.34706450768681E-16,1.,0.));
#2760=DIRECTION('',(0.,0.,-1.));
#2761=DIRECTION('center_axis',(0.,0.,1.));
#2762=DIRECTION('ref_axis',(-1.34706450768681E-16,1.,0.));
#2763=DIRECTION('',(0.,0.,-1.));
#2764=DIRECTION('center_axis',(0.,0.,1.));
#2765=DIRECTION('ref_axis',(-1.34706450768681E-16,1.,0.));
#2766=DIRECTION('',(0.,0.,-1.));
#2767=DIRECTION('center_axis',(0.,0.,1.));
#2768=DIRECTION('ref_axis',(-1.34706450768681E-16,1.,0.));
#2769=DIRECTION('',(0.,0.,-1.));
#2770=DIRECTION('center_axis',(0.,0.,1.));
#2771=DIRECTION('ref_axis',(-1.34706450768681E-16,1.,0.));
#2772=DIRECTION('',(0.,0.,-1.));
#2773=DIRECTION('center_axis',(0.,0.,1.));
#2774=DIRECTION('ref_axis',(-1.34706450768681E-16,1.,0.));
#2775=DIRECTION('',(0.,0.,-1.));
#2776=DIRECTION('center_axis',(0.,0.,1.));
#2777=DIRECTION('ref_axis',(-1.34706450768681E-16,1.,0.));
#2778=DIRECTION('',(0.,0.,-1.));
#2779=DIRECTION('center_axis',(0.,0.,1.));
#2780=DIRECTION('ref_axis',(-1.34706450768681E-16,1.,0.));
#2781=DIRECTION('',(0.,0.,-1.));
#2782=DIRECTION('center_axis',(0.,0.,1.));
#2783=DIRECTION('ref_axis',(-1.34706450768681E-16,1.,0.));
#2784=DIRECTION('',(0.,0.,-1.));
#2785=DIRECTION('center_axis',(0.,0.,1.));
#2786=DIRECTION('ref_axis',(-1.34706450768681E-16,1.,0.));
#2787=DIRECTION('',(0.,0.,-1.));
#2788=DIRECTION('center_axis',(0.,0.,1.));
#2789=DIRECTION('ref_axis',(-1.34706450768681E-16,1.,0.));
#2790=DIRECTION('',(0.,0.,-1.));
#2791=DIRECTION('center_axis',(0.,0.,1.));
#2792=DIRECTION('ref_axis',(-1.34706450768681E-16,1.,0.));
#2793=DIRECTION('',(0.,0.,-1.));
#2794=DIRECTION('center_axis',(0.,0.,1.));
#2795=DIRECTION('ref_axis',(-1.34706450768681E-16,1.,0.));
#2796=DIRECTION('',(0.,0.,-1.));
#2797=DIRECTION('center_axis',(0.,0.,1.));
#2798=DIRECTION('ref_axis',(-1.34706450768681E-16,1.,0.));
#2799=DIRECTION('',(0.,0.,-1.));
#2800=DIRECTION('center_axis',(0.,0.,1.));
#2801=DIRECTION('ref_axis',(-1.34706450768681E-16,1.,0.));
#2802=DIRECTION('',(0.,0.,-1.));
#2803=DIRECTION('center_axis',(0.,0.,1.));
#2804=DIRECTION('ref_axis',(-1.34706450768681E-16,1.,0.));
#2805=DIRECTION('',(0.,0.,-1.));
#2806=DIRECTION('center_axis',(0.,0.,1.));
#2807=DIRECTION('ref_axis',(-1.34706450768681E-16,1.,0.));
#2808=DIRECTION('',(0.,0.,-1.));
#2809=DIRECTION('center_axis',(0.,0.,1.));
#2810=DIRECTION('ref_axis',(-1.34706450768681E-16,1.,0.));
#2811=DIRECTION('',(0.,0.,-1.));
#2812=DIRECTION('center_axis',(0.,0.,1.));
#2813=DIRECTION('ref_axis',(-1.34706450768681E-16,1.,0.));
#2814=DIRECTION('',(0.,0.,-1.));
#2815=DIRECTION('center_axis',(0.,0.,1.));
#2816=DIRECTION('ref_axis',(-1.34706450768681E-16,1.,0.));
#2817=DIRECTION('',(0.,0.,-1.));
#2818=DIRECTION('center_axis',(0.,0.,1.));
#2819=DIRECTION('ref_axis',(-1.34706450768681E-16,1.,0.));
#2820=DIRECTION('',(0.,0.,-1.));
#2821=DIRECTION('center_axis',(0.,0.,1.));
#2822=DIRECTION('ref_axis',(-1.34706450768681E-16,1.,0.));
#2823=DIRECTION('',(0.,0.,-1.));
#2824=DIRECTION('center_axis',(0.,0.,1.));
#2825=DIRECTION('ref_axis',(-1.34706450768681E-16,1.,0.));
#2826=DIRECTION('',(0.,0.,-1.));
#2827=DIRECTION('center_axis',(0.,0.,1.));
#2828=DIRECTION('ref_axis',(-1.34706450768681E-16,1.,0.));
#2829=DIRECTION('',(0.,0.,-1.));
#2830=DIRECTION('center_axis',(0.,0.,1.));
#2831=DIRECTION('ref_axis',(-1.34706450768681E-16,1.,0.));
#2832=DIRECTION('',(0.,0.,-1.));
#2833=DIRECTION('center_axis',(0.,0.,1.));
#2834=DIRECTION('ref_axis',(-1.34706450768681E-16,1.,0.));
#2835=DIRECTION('',(0.,0.,-1.));
#2836=DIRECTION('center_axis',(0.,0.,1.));
#2837=DIRECTION('ref_axis',(-1.34706450768681E-16,1.,0.));
#2838=DIRECTION('',(0.,0.,-1.));
#2839=DIRECTION('center_axis',(0.,-1.83697019872103E-16,1.));
#2840=DIRECTION('ref_axis',(0.,1.,1.83697019872103E-16));
#2841=DIRECTION('',(-8.65956056235495E-17,0.707106781186549,-0.707106781186546));
#2842=DIRECTION('center_axis',(0.,1.83697019872103E-16,-1.));
#2843=DIRECTION('ref_axis',(0.,1.,1.83697019872103E-16));
#2844=DIRECTION('center_axis',(-6.1732600221597E-15,7.07524108776076E-15,
1.));
#2845=DIRECTION('ref_axis',(0.967136644627645,-0.254257174172884,7.1843440409964E-15));
#2846=DIRECTION('center_axis',(0.,-1.83697019872103E-16,1.));
#2847=DIRECTION('ref_axis',(0.,-1.,-1.83697019872103E-16));
#2848=DIRECTION('',(0.,1.83697019872103E-16,-1.));
#2849=DIRECTION('center_axis',(0.,-1.83697019872105E-16,1.));
#2850=DIRECTION('ref_axis',(0.,-1.,-1.83697019872105E-16));
#2851=DIRECTION('center_axis',(0.,-1.83697019872103E-16,1.));
#2852=DIRECTION('ref_axis',(0.,-1.,-1.83697019872103E-16));
#2853=DIRECTION('',(0.,1.83697019872103E-16,-1.));
#2854=DIRECTION('center_axis',(0.,-1.83697019872103E-16,1.));
#2855=DIRECTION('ref_axis',(0.,-1.,-1.83697019872103E-16));
#2856=DIRECTION('',(0.,1.83697019872103E-16,-1.));
#2857=DIRECTION('center_axis',(0.,-1.83697019872103E-16,1.));
#2858=DIRECTION('ref_axis',(0.,-1.,-1.83697019872103E-16));
#2859=DIRECTION('',(0.,1.83697019872103E-16,-1.));
#2860=DIRECTION('center_axis',(0.,-1.83697019872103E-16,1.));
#2861=DIRECTION('ref_axis',(0.,-1.,-1.83697019872103E-16));
#2862=DIRECTION('',(0.,1.83697019872103E-16,-1.));
#2863=DIRECTION('center_axis',(0.,-1.83697019872103E-16,1.));
#2864=DIRECTION('ref_axis',(0.,-1.,-1.83697019872103E-16));
#2865=DIRECTION('',(0.,1.83697019872103E-16,-1.));
#2866=DIRECTION('center_axis',(0.,-1.83697019872103E-16,1.));
#2867=DIRECTION('ref_axis',(0.,-1.,-1.83697019872103E-16));
#2868=DIRECTION('',(0.,1.83697019872103E-16,-1.));
#2869=DIRECTION('center_axis',(0.,-1.83697019872103E-16,1.));
#2870=DIRECTION('ref_axis',(0.,-1.,-1.83697019872103E-16));
#2871=DIRECTION('',(0.,1.83697019872103E-16,-1.));
#2872=DIRECTION('center_axis',(0.,-1.83697019872103E-16,1.));
#2873=DIRECTION('ref_axis',(0.,-1.,-1.83697019872103E-16));
#2874=DIRECTION('',(0.,1.83697019872103E-16,-1.));
#2875=DIRECTION('center_axis',(0.,-1.83697019872103E-16,1.));
#2876=DIRECTION('ref_axis',(0.,-1.,-1.83697019872103E-16));
#2877=DIRECTION('',(0.,1.83697019872103E-16,-1.));
#2878=DIRECTION('center_axis',(0.,-1.83697019872103E-16,1.));
#2879=DIRECTION('ref_axis',(0.,-1.,-1.83697019872103E-16));
#2880=DIRECTION('',(0.,1.83697019872103E-16,-1.));
#2881=DIRECTION('center_axis',(0.,-1.83697019872103E-16,1.));
#2882=DIRECTION('ref_axis',(0.,-1.,-1.83697019872103E-16));
#2883=DIRECTION('',(0.,1.83697019872103E-16,-1.));
#2884=DIRECTION('center_axis',(0.,-1.83697019872103E-16,1.));
#2885=DIRECTION('ref_axis',(0.,-1.,-1.83697019872103E-16));
#2886=DIRECTION('',(0.,1.83697019872103E-16,-1.));
#2887=DIRECTION('center_axis',(0.,-1.83697019872103E-16,1.));
#2888=DIRECTION('ref_axis',(0.,-1.,-1.83697019872103E-16));
#2889=DIRECTION('',(0.,1.83697019872103E-16,-1.));
#2890=DIRECTION('center_axis',(0.,-1.83697019872103E-16,1.));
#2891=DIRECTION('ref_axis',(0.,-1.,-1.83697019872103E-16));
#2892=DIRECTION('',(0.,1.83697019872103E-16,-1.));
#2893=DIRECTION('center_axis',(0.,-1.83697019872103E-16,1.));
#2894=DIRECTION('ref_axis',(0.,-1.,-1.83697019872103E-16));
#2895=DIRECTION('',(0.,1.83697019872103E-16,-1.));
#2896=DIRECTION('center_axis',(0.,-1.83697019872103E-16,1.));
#2897=DIRECTION('ref_axis',(0.,-1.,-1.83697019872103E-16));
#2898=DIRECTION('',(0.,1.83697019872103E-16,-1.));
#2899=DIRECTION('center_axis',(0.,-1.83697019872103E-16,1.));
#2900=DIRECTION('ref_axis',(0.,-1.,-1.83697019872103E-16));
#2901=DIRECTION('',(0.,1.83697019872103E-16,-1.));
#2902=DIRECTION('center_axis',(0.,-1.83697019872103E-16,1.));
#2903=DIRECTION('ref_axis',(0.,-1.,-1.83697019872103E-16));
#2904=DIRECTION('',(0.,1.83697019872103E-16,-1.));
#2905=DIRECTION('center_axis',(0.,-1.83697019872103E-16,1.));
#2906=DIRECTION('ref_axis',(0.,-1.,-1.83697019872103E-16));
#2907=DIRECTION('',(0.,1.83697019872103E-16,-1.));
#2908=DIRECTION('center_axis',(0.,-1.83697019872103E-16,1.));
#2909=DIRECTION('ref_axis',(0.,-1.,-1.83697019872103E-16));
#2910=DIRECTION('',(0.,1.83697019872103E-16,-1.));
#2911=DIRECTION('center_axis',(0.,-1.83697019872103E-16,1.));
#2912=DIRECTION('ref_axis',(0.,-1.,-1.83697019872103E-16));
#2913=DIRECTION('',(0.,1.83697019872103E-16,-1.));
#2914=DIRECTION('center_axis',(0.,-1.83697019872103E-16,1.));
#2915=DIRECTION('ref_axis',(0.,-1.,-1.83697019872103E-16));
#2916=DIRECTION('',(0.,1.83697019872103E-16,-1.));
#2917=DIRECTION('center_axis',(0.,-1.83697019872103E-16,1.));
#2918=DIRECTION('ref_axis',(0.,-1.,-1.83697019872103E-16));
#2919=DIRECTION('',(0.,1.83697019872103E-16,-1.));
#2920=DIRECTION('center_axis',(0.,-1.83697019872103E-16,1.));
#2921=DIRECTION('ref_axis',(0.,-1.,-1.83697019872103E-16));
#2922=DIRECTION('',(0.,1.83697019872103E-16,-1.));
#2923=DIRECTION('center_axis',(0.,-1.83697019872103E-16,1.));
#2924=DIRECTION('ref_axis',(0.,-1.,-1.83697019872103E-16));
#2925=DIRECTION('',(0.,1.83697019872103E-16,-1.));
#2926=DIRECTION('center_axis',(0.,-1.83697019872103E-16,1.));
#2927=DIRECTION('ref_axis',(0.,-1.,-1.83697019872103E-16));
#2928=DIRECTION('',(0.,1.83697019872103E-16,-1.));
#2929=DIRECTION('center_axis',(0.,-1.83697019872103E-16,1.));
#2930=DIRECTION('ref_axis',(0.,-1.,-1.83697019872103E-16));
#2931=DIRECTION('',(0.,1.83697019872103E-16,-1.));
#2932=DIRECTION('center_axis',(0.,-1.83697019872103E-16,1.));
#2933=DIRECTION('ref_axis',(0.,-1.,-1.83697019872103E-16));
#2934=DIRECTION('',(0.,1.83697019872103E-16,-1.));
#2935=DIRECTION('center_axis',(0.,-1.83697019872103E-16,1.));
#2936=DIRECTION('ref_axis',(0.,-1.,-1.83697019872103E-16));
#2937=DIRECTION('',(0.,1.83697019872103E-16,-1.));
#2938=DIRECTION('center_axis',(0.,-1.83697019872103E-16,1.));
#2939=DIRECTION('ref_axis',(0.,-1.,-1.83697019872103E-16));
#2940=DIRECTION('',(0.,1.83697019872103E-16,-1.));
#2941=DIRECTION('center_axis',(0.,-1.83697019872103E-16,1.));
#2942=DIRECTION('ref_axis',(0.,-1.,-1.83697019872103E-16));
#2943=DIRECTION('',(0.,1.83697019872103E-16,-1.));
#2944=DIRECTION('center_axis',(0.,-1.83697019872103E-16,1.));
#2945=DIRECTION('ref_axis',(0.,-1.,-1.83697019872103E-16));
#2946=DIRECTION('',(0.,1.83697019872103E-16,-1.));
#2947=DIRECTION('center_axis',(0.,-1.83697019872103E-16,1.));
#2948=DIRECTION('ref_axis',(0.,-1.,-1.83697019872103E-16));
#2949=DIRECTION('',(0.,1.83697019872103E-16,-1.));
#2950=DIRECTION('center_axis',(0.,-1.83697019872103E-16,1.));
#2951=DIRECTION('ref_axis',(0.,-1.,-1.83697019872103E-16));
#2952=DIRECTION('',(0.,1.83697019872103E-16,-1.));
#2953=DIRECTION('center_axis',(0.,-1.83697019872103E-16,1.));
#2954=DIRECTION('ref_axis',(0.,-1.,-1.83697019872103E-16));
#2955=DIRECTION('',(0.,1.83697019872103E-16,-1.));
#2956=DIRECTION('center_axis',(0.,-1.83697019872103E-16,1.));
#2957=DIRECTION('ref_axis',(0.,-1.,-1.83697019872103E-16));
#2958=DIRECTION('',(0.,1.83697019872103E-16,-1.));
#2959=DIRECTION('center_axis',(0.,-1.83697019872103E-16,1.));
#2960=DIRECTION('ref_axis',(0.,-1.,-1.83697019872103E-16));
#2961=DIRECTION('',(0.,1.83697019872103E-16,-1.));
#2962=DIRECTION('center_axis',(0.,-1.83697019872103E-16,1.));
#2963=DIRECTION('ref_axis',(0.,-1.,-1.83697019872103E-16));
#2964=DIRECTION('',(0.,1.83697019872103E-16,-1.));
#2965=DIRECTION('center_axis',(0.,-1.83697019872103E-16,1.));
#2966=DIRECTION('ref_axis',(0.,-1.,-1.83697019872103E-16));
#2967=DIRECTION('',(0.,1.83697019872103E-16,-1.));
#2968=DIRECTION('center_axis',(0.,-1.83697019872103E-16,1.));
#2969=DIRECTION('ref_axis',(0.,-1.,-1.83697019872103E-16));
#2970=DIRECTION('',(0.,1.83697019872103E-16,-1.));
#2971=DIRECTION('center_axis',(0.,-1.83697019872103E-16,1.));
#2972=DIRECTION('ref_axis',(0.,-1.,-1.83697019872103E-16));
#2973=DIRECTION('',(0.,1.83697019872103E-16,-1.));
#2974=DIRECTION('center_axis',(0.,-1.83697019872103E-16,1.));
#2975=DIRECTION('ref_axis',(0.,-1.,-1.83697019872103E-16));
#2976=DIRECTION('center_axis',(0.,1.83697019872103E-16,-1.));
#2977=DIRECTION('ref_axis',(0.,1.,1.83697019872103E-16));
#2978=DIRECTION('center_axis',(0.,-1.83697019872105E-16,1.));
#2979=DIRECTION('ref_axis',(0.,-1.,-1.83697019872105E-16));
#2980=DIRECTION('',(8.65956056235494E-17,-0.707106781186548,-0.707106781186547));
#2981=DIRECTION('center_axis',(0.,1.83697019872103E-16,-1.));
#2982=DIRECTION('ref_axis',(0.,-1.,-1.83697019872103E-16));
#2983=DIRECTION('center_axis',(0.,-1.83697019872103E-16,1.));
#2984=DIRECTION('ref_axis',(0.,1.,1.83697019872103E-16));
#2985=DIRECTION('center_axis',(0.,1.83697019872103E-16,-1.));
#2986=DIRECTION('ref_axis',(0.,1.,1.83697019872103E-16));
#2987=DIRECTION('center_axis',(0.,-1.83697019872103E-16,1.));
#2988=DIRECTION('ref_axis',(0.,-1.,0.));
#2989=DIRECTION('center_axis',(0.,-1.83697019872103E-16,1.));
#2990=DIRECTION('ref_axis',(0.,-1.,-1.83697019872103E-16));
#2991=DIRECTION('center_axis',(-1.,-1.22464679914735E-16,-2.24963967399279E-32));
#2992=DIRECTION('ref_axis',(-1.22464679914735E-16,1.,0.));
#2993=DIRECTION('center_axis',(0.,-1.83697019872103E-16,1.));
#2994=DIRECTION('ref_axis',(0.,-1.,-1.83697019872103E-16));
#2995=DIRECTION('center_axis',(-1.,6.12323399573677E-17,0.));
#2996=DIRECTION('ref_axis',(0.,1.,0.));
#2997=DIRECTION('center_axis',(0.,0.,1.));
#2998=DIRECTION('ref_axis',(0.,-1.,0.));
#2999=DIRECTION('center_axis',(0.,-1.83697019872103E-16,1.));
#3000=DIRECTION('ref_axis',(0.,-1.,-1.83697019872103E-16));
#3001=DIRECTION('center_axis',(0.,-1.83697019872103E-16,1.));
#3002=DIRECTION('ref_axis',(0.,-1.,0.));
#3003=DIRECTION('center_axis',(0.,-1.83697019872103E-16,1.));
#3004=DIRECTION('ref_axis',(0.,-1.,-1.83697019872103E-16));
#3005=DIRECTION('center_axis',(-1.,-1.22464679914735E-16,-2.24963967399279E-32));
#3006=DIRECTION('ref_axis',(-1.22464679914735E-16,1.,0.));
#3007=DIRECTION('center_axis',(-1.,6.12323399573676E-17,0.));
#3008=DIRECTION('ref_axis',(0.,1.,1.82100516759027E-16));
#3009=DIRECTION('center_axis',(0.,0.,1.));
#3010=DIRECTION('ref_axis',(-1.,-5.32907051820075E-15,0.));
#3011=DIRECTION('center_axis',(-0.984807753012208,0.,0.173648177666931));
#3012=DIRECTION('ref_axis',(0.173648177666931,0.,0.984807753012208));
#3013=DIRECTION('center_axis',(-0.0313849766164305,-0.0565273295959255,
-0.997907633126203));
#3014=DIRECTION('ref_axis',(0.848437489629409,0.52627191143669,-0.0564951451375978));
#3015=DIRECTION('center_axis',(-0.90984372646641,-0.376869611142461,0.173648177666931));
#3016=DIRECTION('ref_axis',(0.382683432365088,-0.923879532511288,-6.93889390390723E-18));
#3017=DIRECTION('center_axis',(-0.039027394732168,-0.0390273947321681,-0.998475700716266));
#3018=DIRECTION('ref_axis',(-0.921685393931741,-0.384563628539346,0.0510573228591426));
#3019=DIRECTION('center_axis',(-0.376869611142458,-0.909843726466412,0.173648177666931));
#3020=DIRECTION('ref_axis',(0.923879532511289,-0.382683432365084,0.));
#3021=DIRECTION('center_axis',(-0.0565273295959265,-0.0313849766164321,
-0.997907633126202));
#3022=DIRECTION('ref_axis',(0.526271912764763,0.84843748880235,-0.0564951451868178));
#3023=DIRECTION('center_axis',(3.867316803053E-15,-0.984807753012208,0.173648177666931));
#3024=DIRECTION('ref_axis',(0.,-0.173648177666931,-0.984807753012208));
#3025=DIRECTION('center_axis',(0.,0.,1.));
#3026=DIRECTION('ref_axis',(-1.,7.105427357601E-15,0.));
#3027=DIRECTION('center_axis',(3.4703365447338E-15,0.984807753012208,0.173648177666931));
#3028=DIRECTION('ref_axis',(-4.25383122472921E-16,-0.173648177666931,0.984807753012208));
#3029=DIRECTION('center_axis',(-0.0565273295959258,0.031384976616431,-0.997907633126203));
#3030=DIRECTION('ref_axis',(-0.526271912511702,0.848437488959944,0.0564951451774381));
#3031=DIRECTION('center_axis',(-0.376869611142458,0.909843726466412,0.173648177666931));
#3032=DIRECTION('ref_axis',(-0.923879532511289,-0.382683432365084,7.63278329429795E-17));
#3033=DIRECTION('center_axis',(-0.0390273947319681,0.0390273947319682,-0.998475700716282));
#3034=DIRECTION('ref_axis',(-0.38456362853935,0.921685393931754,0.0510573228588891));
#3035=DIRECTION('center_axis',(-0.909843726466411,0.376869611142461,0.173648177666931));
#3036=DIRECTION('ref_axis',(-0.382683432365087,-0.923879532511288,-1.11022302462516E-16));
#3037=DIRECTION('center_axis',(-0.0313849766164316,0.0565273295959266,-0.997907633126203));
#3038=DIRECTION('ref_axis',(0.848437488196789,-0.526271913737159,-0.0564951452228543));
#3039=DIRECTION('center_axis',(-0.984807753012208,-4.60777563806474E-16,
0.173648177666931));
#3040=DIRECTION('ref_axis',(-0.173648177666931,7.87195621223491E-16,-0.984807753012208));
#3041=DIRECTION('center_axis',(1.83697019872103E-16,-1.83697019872104E-16,
1.));
#3042=DIRECTION('ref_axis',(3.49148133884313E-15,1.,1.83697019872103E-16));
#3043=DIRECTION('center_axis',(0.984807753012208,-6.37973054872733E-17,
0.173648177666931));
#3044=DIRECTION('ref_axis',(-0.173648177666931,-3.61812498750569E-16,0.984807753012208));
#3045=DIRECTION('center_axis',(0.0313849766164305,0.0565273295959255,-0.997907633126203));
#3046=DIRECTION('ref_axis',(0.848437489398704,0.526271911807151,0.056495145151327));
#3047=DIRECTION('center_axis',(0.90984372646641,0.376869611142461,0.173648177666931));
#3048=DIRECTION('ref_axis',(-0.382683432365088,0.923879532511288,3.2612801348364E-16));
#3049=DIRECTION('center_axis',(0.0390273947321685,0.0390273947321686,-0.998475700716266));
#3050=DIRECTION('ref_axis',(0.921685393931741,0.384563628539348,0.0510573228591421));
#3051=DIRECTION('center_axis',(0.376869611142458,0.909843726466412,0.173648177666931));
#3052=DIRECTION('ref_axis',(-0.923879532511289,0.382683432365084,1.45716771982052E-16));
#3053=DIRECTION('center_axis',(0.0565273295959264,0.0313849766164317,-0.997907633126203));
#3054=DIRECTION('ref_axis',(0.526271912733045,0.848437488822103,0.0564951451856419));
#3055=DIRECTION('center_axis',(-3.867316803053E-15,0.984807753012208,0.173648177666931));
#3056=DIRECTION('ref_axis',(0.,0.173648177666931,-0.984807753012208));
#3057=DIRECTION('center_axis',(0.,-3.67394039744206E-16,1.));
#3058=DIRECTION('ref_axis',(1.,-7.105427357601E-15,-2.61049166101803E-30));
#3059=DIRECTION('center_axis',(-1.03472123287141E-14,-0.984807753012208,
0.173648177666931));
#3060=DIRECTION('ref_axis',(1.63796186616933E-15,0.173648177666931,0.984807753012208));
#3061=DIRECTION('center_axis',(0.0565273295959257,-0.0313849766164325,-0.997907633126203));
#3062=DIRECTION('ref_axis',(-0.526271912586486,0.848437488913373,-0.0564951451802108));
#3063=DIRECTION('center_axis',(0.376869611142452,-0.909843726466414,0.173648177666931));
#3064=DIRECTION('ref_axis',(0.923879532511292,0.382683432365078,2.56739074444568E-16));
#3065=DIRECTION('center_axis',(0.0390273947321679,-0.0390273947321687,-0.998475700716266));
#3066=DIRECTION('ref_axis',(0.384563628539337,-0.921685393931745,0.0510573228591423));
#3067=DIRECTION('center_axis',(0.909843726466408,-0.376869611142467,0.173648177666931));
#3068=DIRECTION('ref_axis',(0.382683432365094,0.923879532511285,2.42861286636753E-16));
#3069=DIRECTION('center_axis',(0.0313849766164297,-0.0565273295959262,-0.997907633126203));
#3070=DIRECTION('ref_axis',(0.848437489226069,-0.526271912084365,0.0564951451616002));
#3071=DIRECTION('center_axis',(0.984807753012208,-6.47989552566112E-15,
0.173648177666931));
#3072=DIRECTION('ref_axis',(0.173648177666931,-1.63796186616933E-15,-0.984807753012208));
#3073=DIRECTION('center_axis',(0.,0.,1.));
#3074=DIRECTION('ref_axis',(1.,0.,0.));
#3075=DIRECTION('center_axis',(0.,0.,1.));
#3076=DIRECTION('ref_axis',(1.,0.,0.));
#3077=DIRECTION('center_axis',(1.83697019872103E-16,-1.83697019872104E-16,
1.));
#3078=DIRECTION('ref_axis',(-3.49148133884313E-15,-1.,-1.83697019872103E-16));
#3079=DIRECTION('center_axis',(1.83697019872103E-16,-1.83697019872104E-16,
1.));
#3080=DIRECTION('ref_axis',(-3.49148133884313E-15,-1.,-1.83697019872103E-16));
#3081=DIRECTION('center_axis',(0.,-3.67394039744206E-16,1.));
#3082=DIRECTION('ref_axis',(-1.,0.,0.));
#3083=DIRECTION('center_axis',(0.,-3.67394039744206E-16,1.));
#3084=DIRECTION('ref_axis',(-1.,0.,0.));
#3085=DIRECTION('center_axis',(0.,0.,1.));
#3086=DIRECTION('ref_axis',(1.,0.,0.));
#3087=DIRECTION('',(1.,-3.49148133884313E-15,-1.83697019872104E-16));
#3088=DIRECTION('',(-1.,-3.92697639841292E-15,0.));
#3089=DIRECTION('center_axis',(0.,0.,-1.));
#3090=DIRECTION('ref_axis',(1.,0.,0.));
#3091=DIRECTION('',(-0.923879532511289,0.382683432365084,0.));
#3092=DIRECTION('center_axis',(0.,0.,-1.));
#3093=DIRECTION('ref_axis',(1.,9.63653510162659E-16,0.));
#3094=DIRECTION('',(-0.382683432365088,0.923879532511288,0.));
#3095=DIRECTION('center_axis',(0.,0.,-1.));
#3096=DIRECTION('ref_axis',(1.,3.46915263658557E-15,0.));
#3097=DIRECTION('',(0.,1.,0.));
#3098=DIRECTION('center_axis',(0.,0.,1.));
#3099=DIRECTION('ref_axis',(1.,0.,0.));
#3100=DIRECTION('',(-6.54746761811648E-15,-1.,-1.83697019872102E-16));
#3101=DIRECTION('center_axis',(1.83697019872103E-16,1.83697019872101E-16,
-1.));
#3102=DIRECTION('ref_axis',(1.13711114199194E-14,1.,1.83697019872103E-16));
#3103=DIRECTION('',(-0.382683432365094,-0.923879532511285,-2.40011722923048E-16));
#3104=DIRECTION('center_axis',(1.83697019872103E-16,1.83697019872101E-16,
-1.));
#3105=DIRECTION('ref_axis',(8.67288159146393E-15,1.,1.83697019872103E-16));
#3106=DIRECTION('',(-0.923879532511292,-0.382683432365078,-2.40011722923047E-16));
#3107=DIRECTION('center_axis',(1.83697019872103E-16,1.83697019872101E-16,
-1.));
#3108=DIRECTION('ref_axis',(6.93830527317115E-15,1.,1.83697019872102E-16));
#3109=DIRECTION('',(-1.,1.04744440165294E-14,-1.83697019872101E-16));
#3110=DIRECTION('',(1.,3.92697639841292E-15,1.44274772299307E-30));
#3111=DIRECTION('center_axis',(0.,3.67394039744206E-16,-1.));
#3112=DIRECTION('ref_axis',(-1.,0.,0.));
#3113=DIRECTION('',(0.923879532511289,-0.382683432365084,-1.40595612159787E-16));
#3114=DIRECTION('center_axis',(0.,3.67394039744206E-16,-1.));
#3115=DIRECTION('ref_axis',(-1.,-9.63653510162659E-16,-3.54040556012344E-31));
#3116=DIRECTION('',(0.382683432365088,-0.923879532511288,-3.3942783368631E-16));
#3117=DIRECTION('center_axis',(0.,3.67394039744206E-16,-1.));
#3118=DIRECTION('ref_axis',(-1.,-3.46915263658557E-15,-1.27454600164444E-30));
#3119=DIRECTION('',(0.,-1.,-3.67394039744206E-16));
#3120=DIRECTION('',(-4.35495059569785E-16,1.,1.83697019872104E-16));
#3121=DIRECTION('center_axis',(-1.83697019872103E-16,1.83697019872104E-16,
-1.));
#3122=DIRECTION('ref_axis',(-3.46915263658557E-15,-1.,-1.83697019872103E-16));
#3123=DIRECTION('',(0.382683432365087,0.923879532511288,9.94161107632618E-17));
#3124=DIRECTION('center_axis',(-1.83697019872103E-16,1.83697019872104E-16,
-1.));
#3125=DIRECTION('ref_axis',(-3.46915263658557E-15,-1.,-1.83697019872103E-16));
#3126=DIRECTION('',(0.923879532511289,0.382683432365084,-9.94161107632617E-17));
#3127=DIRECTION('center_axis',(-1.83697019872103E-16,1.83697019872104E-16,
-1.));
#3128=DIRECTION('ref_axis',(-3.46915263658557E-15,-1.,-1.83697019872103E-16));
#3129=DIRECTION('center_axis',(3.867316803053E-15,-0.984807753012208,0.173648177666931));
#3130=DIRECTION('ref_axis',(-9.86076131526265E-32,-0.173648177666931,-0.984807753012208));
#3131=DIRECTION('',(6.8191229532545E-16,-0.173648177666931,-0.984807753012208));
#3132=DIRECTION('center_axis',(0.,0.,-1.));
#3133=DIRECTION('ref_axis',(1.,0.,0.));
#3134=DIRECTION('',(-0.0664522806535229,-0.160429997204361,-0.984807753012208));
#3135=DIRECTION('center_axis',(-0.376869611142458,-0.909843726466412,0.173648177666931));
#3136=DIRECTION('ref_axis',(0.923879532511289,-0.382683432365084,0.));
#3137=DIRECTION('',(-0.066452280653523,-0.160429997204361,-0.984807753012208));
#3138=DIRECTION('center_axis',(0.,0.,-1.));
#3139=DIRECTION('ref_axis',(1.,0.,0.));
#3140=DIRECTION('',(-0.160429997204361,-0.0664522806535236,-0.984807753012208));
#3141=DIRECTION('center_axis',(-0.90984372646641,-0.376869611142461,0.173648177666931));
#3142=DIRECTION('ref_axis',(0.382683432365088,-0.923879532511288,0.));
#3143=DIRECTION('',(-0.160429997204361,-0.0664522806535236,-0.984807753012208));
#3144=DIRECTION('center_axis',(0.,0.,-1.));
#3145=DIRECTION('ref_axis',(1.,0.,0.));
#3146=DIRECTION('',(-0.173648177666931,0.,-0.984807753012208));
#3147=DIRECTION('center_axis',(-0.984807753012208,0.,0.173648177666931));
#3148=DIRECTION('ref_axis',(0.173648177666931,0.,0.984807753012208));
#3149=DIRECTION('center_axis',(0.,0.,1.));
#3150=DIRECTION('ref_axis',(1.,0.,0.));
#3151=DIRECTION('center_axis',(0.984807753012208,-6.47989552566112E-15,
0.173648177666931));
#3152=DIRECTION('ref_axis',(0.173648177666931,-1.63796186616933E-15,-0.984807753012208));
#3153=DIRECTION('',(0.173648177666931,-9.56049570843884E-16,-0.984807753012208));
#3154=DIRECTION('center_axis',(1.83697019872103E-16,1.83697019872101E-16,
-1.));
#3155=DIRECTION('ref_axis',(1.0842021724855E-14,1.,1.83697019872103E-16));
#3156=DIRECTION('',(0.160429997204361,-0.0664522806535244,-0.984807753012208));
#3157=DIRECTION('center_axis',(0.909843726466408,-0.376869611142467,0.173648177666931));
#3158=DIRECTION('ref_axis',(0.382683432365094,0.923879532511285,2.35922392732846E-16));
#3159=DIRECTION('',(0.160429997204361,-0.0664522806535245,-0.984807753012208));
#3160=DIRECTION('center_axis',(1.83697019872103E-16,1.83697019872101E-16,
-1.));
#3161=DIRECTION('ref_axis',(1.0842021724855E-14,1.,1.83697019872103E-16));
#3162=DIRECTION('',(0.0664522806535221,-0.160429997204361,-0.984807753012208));
#3163=DIRECTION('center_axis',(0.376869611142452,-0.909843726466414,0.173648177666931));
#3164=DIRECTION('ref_axis',(0.923879532511292,0.382683432365078,2.42861286636753E-16));
#3165=DIRECTION('',(0.0664522806535221,-0.160429997204361,-0.984807753012208));
#3166=DIRECTION('center_axis',(1.83697019872103E-16,1.83697019872101E-16,
-1.));
#3167=DIRECTION('ref_axis',(1.0842021724855E-14,1.,1.83697019872103E-16));
#3168=DIRECTION('',(-1.63796186616933E-15,-0.173648177666931,-0.984807753012208));
#3169=DIRECTION('center_axis',(-1.03472123287141E-14,-0.984807753012208,
0.173648177666931));
#3170=DIRECTION('ref_axis',(1.63796186616933E-15,0.173648177666931,0.984807753012208));
#3171=DIRECTION('center_axis',(-3.867316803053E-15,0.984807753012208,0.173648177666931));
#3172=DIRECTION('ref_axis',(0.,0.173648177666931,-0.984807753012208));
#3173=DIRECTION('',(-6.8191229532545E-16,0.173648177666931,-0.984807753012208));
#3174=DIRECTION('center_axis',(0.,3.67394039744206E-16,-1.));
#3175=DIRECTION('ref_axis',(-1.,0.,0.));
#3176=DIRECTION('',(0.0664522806535228,0.160429997204362,-0.984807753012208));
#3177=DIRECTION('center_axis',(0.376869611142458,0.909843726466412,0.173648177666931));
#3178=DIRECTION('ref_axis',(-0.923879532511289,0.382683432365084,1.45716771982052E-16));
#3179=DIRECTION('',(0.066452280653523,0.160429997204362,-0.984807753012208));
#3180=DIRECTION('center_axis',(0.,3.67394039744206E-16,-1.));
#3181=DIRECTION('ref_axis',(-1.,0.,0.));
#3182=DIRECTION('',(0.160429997204361,0.066452280653524,-0.984807753012208));
#3183=DIRECTION('center_axis',(0.90984372646641,0.376869611142461,0.173648177666931));
#3184=DIRECTION('ref_axis',(-0.382683432365088,0.923879532511288,3.40005801291454E-16));
#3185=DIRECTION('',(0.160429997204361,0.066452280653524,-0.984807753012208));
#3186=DIRECTION('center_axis',(0.,3.67394039744206E-16,-1.));
#3187=DIRECTION('ref_axis',(-1.,0.,0.));
#3188=DIRECTION('',(0.173648177666931,3.61812498750569E-16,-0.984807753012208));
#3189=DIRECTION('center_axis',(0.984807753012208,-6.37973054872733E-17,
0.173648177666931));
#3190=DIRECTION('ref_axis',(-0.173648177666931,-3.61812498750569E-16,0.984807753012208));
#3191=DIRECTION('center_axis',(-0.984807753012208,-4.60777563806474E-16,
0.173648177666931));
#3192=DIRECTION('ref_axis',(-0.173648177666931,7.87195621223491E-16,-0.984807753012208));
#3193=DIRECTION('',(-0.173648177666931,1.05283325898041E-16,-0.984807753012208));
#3194=DIRECTION('center_axis',(-1.83697019872103E-16,1.83697019872104E-16,
-1.));
#3195=DIRECTION('ref_axis',(-3.25260651745651E-15,-1.,-1.83697019872103E-16));
#3196=DIRECTION('',(-0.160429997204361,0.0664522806535236,-0.984807753012208));
#3197=DIRECTION('center_axis',(-0.90984372646641,0.376869611142461,0.173648177666931));
#3198=DIRECTION('ref_axis',(-0.382683432365087,-0.923879532511288,-9.71445146547012E-17));
#3199=DIRECTION('',(-0.160429997204361,0.0664522806535237,-0.984807753012208));
#3200=DIRECTION('center_axis',(-1.83697019872103E-16,1.83697019872104E-16,
-1.));
#3201=DIRECTION('ref_axis',(-3.25260651745651E-15,-1.,-1.83697019872103E-16));
#3202=DIRECTION('',(-0.0664522806535233,0.160429997204361,-0.984807753012208));
#3203=DIRECTION('center_axis',(-0.376869611142458,0.909843726466412,0.173648177666931));
#3204=DIRECTION('ref_axis',(-0.923879532511289,-0.382683432365084,1.04083408558608E-16));
#3205=DIRECTION('',(-0.0664522806535232,0.160429997204361,-0.984807753012208));
#3206=DIRECTION('center_axis',(-1.83697019872103E-16,1.83697019872104E-16,
-1.));
#3207=DIRECTION('ref_axis',(-4.33680868994201E-15,-1.,-1.83697019872103E-16));
#3208=DIRECTION('',(4.25383122472921E-16,0.173648177666931,-0.984807753012208));
#3209=DIRECTION('center_axis',(3.4703365447338E-15,0.984807753012208,0.173648177666931));
#3210=DIRECTION('ref_axis',(-4.25383122472921E-16,-0.173648177666931,0.984807753012208));
#3211=DIRECTION('center_axis',(0.,1.83697019872103E-16,-1.));
#3212=DIRECTION('ref_axis',(0.,1.,1.83697019872103E-16));
#3213=DIRECTION('',(0.,-0.86602540378444,0.499999999999998));
#3214=DIRECTION('',(0.,0.86602540378444,0.499999999999998));
#3215=DIRECTION('center_axis',(0.,-1.83697019872103E-16,1.));
#3216=DIRECTION('ref_axis',(0.,-1.,-1.83697019872103E-16));
#3217=DIRECTION('',(0.,-0.86602540378444,0.499999999999998));
#3218=DIRECTION('center_axis',(0.,0.,1.));
#3219=DIRECTION('ref_axis',(-1.34706450768681E-16,1.,0.));
#3220=DIRECTION('',(0.,0.86602540378444,0.499999999999998));
#3221=DIRECTION('',(0.,0.,1.));
#3222=DIRECTION('',(1.,0.,-1.11832245766727E-63));
#3223=CARTESIAN_POINT('',(0.,0.,0.));
#3224=CARTESIAN_POINT('',(0.,0.,0.));
#3225=CARTESIAN_POINT('Origin',(2.08166817117217E-16,1.66533453693773E-15,
-15.30625));
#3226=CARTESIAN_POINT('',(2.08166817117217E-16,-1.54533666301313,-14.9125));
#3227=CARTESIAN_POINT('',(6.05582794030843E-16,-1.54533666301313,-14.954663336987));
#3228=CARTESIAN_POINT('',(6.05582794030843E-16,-1.54533666301313,-15.30625));
#3229=CARTESIAN_POINT('',(-0.579722432995976,-1.43247593443443,-14.954663336987));
#3230=CARTESIAN_POINT('Ctrl Pts',(-0.579722432995976,-1.43247593443443,
-14.954663336987));
#3231=CARTESIAN_POINT('Ctrl Pts',(-0.300847115379157,-1.54533666301313,
-14.932169809991));
#3232=CARTESIAN_POINT('Ctrl Pts',(-1.89249159796408E-16,-1.54533666301313,
-14.9125));
#3233=CARTESIAN_POINT('Origin',(1.74096848049032E-13,-8.01303468023207E-13,
-14.9546633369877));
#3234=CARTESIAN_POINT('Origin',(2.08166817117217E-16,1.66533453693773E-15,
-15.30625));
#3235=CARTESIAN_POINT('',(2.08166817117217E-16,-1.54533666301313,-14.2125));
#3236=CARTESIAN_POINT('',(2.08166817117217E-16,-1.54533666301313,-14.3));
#3237=CARTESIAN_POINT('',(6.05582794030843E-16,-1.54533666301313,-15.30625));
#3238=CARTESIAN_POINT('Ctrl Pts',(-1.89249159796408E-16,-1.54533666301313,
-14.9125));
#3239=CARTESIAN_POINT('Ctrl Pts',(0.892200538379229,-1.54533666301313,-14.8541666666667));
#3240=CARTESIAN_POINT('Ctrl Pts',(1.33830080756884,-0.772668331506564,-14.7958333333334));
#3241=CARTESIAN_POINT('Ctrl Pts',(1.78440107675846,2.42766613802444E-15,
-14.7375));
#3242=CARTESIAN_POINT('Ctrl Pts',(1.33830080756885,0.772668331506568,-14.6791666666667));
#3243=CARTESIAN_POINT('Ctrl Pts',(0.892200538379231,1.54533666301313,-14.6208333333334));
#3244=CARTESIAN_POINT('Ctrl Pts',(0.,1.54533666301313,-14.5625));
#3245=CARTESIAN_POINT('Ctrl Pts',(-0.89220053837923,1.54533666301313,-14.5041666666667));
#3246=CARTESIAN_POINT('Ctrl Pts',(-1.33830080756884,0.772668331506569,-14.4458333333334));
#3247=CARTESIAN_POINT('Ctrl Pts',(-1.78440107675846,2.86471835143391E-15,
-14.3875));
#3248=CARTESIAN_POINT('Ctrl Pts',(-1.33830080756884,-0.772668331506563,
-14.3291666666667));
#3249=CARTESIAN_POINT('Ctrl Pts',(-0.89220053837923,-1.54533666301313,-14.2708333333334));
#3250=CARTESIAN_POINT('Ctrl Pts',(-1.89249159796408E-16,-1.54533666301313,
-14.2125));
#3251=CARTESIAN_POINT('',(0.618772217807239,-1.41604602486023,-14.9546633369869));
#3252=CARTESIAN_POINT('Origin',(1.74096848049032E-13,-8.01303468023207E-13,
-14.9546633369877));
#3253=CARTESIAN_POINT('Ctrl Pts',(0.61877221780724,-1.41604602486023,-14.9546633369869));
#3254=CARTESIAN_POINT('Ctrl Pts',(1.08429006683292,-1.21262784012938,-14.9165484964547));
#3255=CARTESIAN_POINT('Ctrl Pts',(1.33830080756884,-0.772668331506564,-14.8833333333334));
#3256=CARTESIAN_POINT('Ctrl Pts',(1.78440107675846,2.42766613802444E-15,
-14.825));
#3257=CARTESIAN_POINT('Ctrl Pts',(1.33830080756885,0.772668331506568,-14.7666666666667));
#3258=CARTESIAN_POINT('Ctrl Pts',(0.892200538379231,1.54533666301313,-14.7083333333334));
#3259=CARTESIAN_POINT('Ctrl Pts',(0.,1.54533666301313,-14.65));
#3260=CARTESIAN_POINT('Ctrl Pts',(-0.89220053837923,1.54533666301313,-14.5916666666667));
#3261=CARTESIAN_POINT('Ctrl Pts',(-1.33830080756884,0.772668331506569,-14.5333333333334));
#3262=CARTESIAN_POINT('Ctrl Pts',(-1.78440107675846,2.86471835143391E-15,
-14.475));
#3263=CARTESIAN_POINT('Ctrl Pts',(-1.33830080756884,-0.772668331506563,
-14.4166666666667));
#3264=CARTESIAN_POINT('Ctrl Pts',(-0.89220053837923,-1.54533666301313,-14.3583333333334));
#3265=CARTESIAN_POINT('Ctrl Pts',(-1.89249159796408E-16,-1.54533666301313,
-14.3));
#3266=CARTESIAN_POINT('Origin',(2.08166817117217E-16,1.66533453693773E-15,
-15.30625));
#3267=CARTESIAN_POINT('',(2.08166817117217E-16,-1.54533666301313,-13.5125));
#3268=CARTESIAN_POINT('',(2.08166817117217E-16,-1.54533666301313,-13.6));
#3269=CARTESIAN_POINT('',(6.05582794030843E-16,-1.54533666301313,-15.30625));
#3270=CARTESIAN_POINT('Ctrl Pts',(-1.89249159796408E-16,-1.54533666301313,
-14.2125));
#3271=CARTESIAN_POINT('Ctrl Pts',(0.892200538379229,-1.54533666301313,-14.1541666666667));
#3272=CARTESIAN_POINT('Ctrl Pts',(1.33830080756884,-0.772668331506564,-14.0958333333334));
#3273=CARTESIAN_POINT('Ctrl Pts',(1.78440107675846,2.42766613802444E-15,
-14.0375));
#3274=CARTESIAN_POINT('Ctrl Pts',(1.33830080756885,0.772668331506568,-13.9791666666667));
#3275=CARTESIAN_POINT('Ctrl Pts',(0.892200538379231,1.54533666301313,-13.9208333333334));
#3276=CARTESIAN_POINT('Ctrl Pts',(0.,1.54533666301313,-13.8625));
#3277=CARTESIAN_POINT('Ctrl Pts',(-0.89220053837923,1.54533666301313,-13.8041666666667));
#3278=CARTESIAN_POINT('Ctrl Pts',(-1.33830080756884,0.772668331506569,-13.7458333333334));
#3279=CARTESIAN_POINT('Ctrl Pts',(-1.78440107675846,2.86471835143391E-15,
-13.6875));
#3280=CARTESIAN_POINT('Ctrl Pts',(-1.33830080756884,-0.772668331506563,
-13.6291666666667));
#3281=CARTESIAN_POINT('Ctrl Pts',(-0.89220053837923,-1.54533666301313,-13.5708333333334));
#3282=CARTESIAN_POINT('Ctrl Pts',(-1.89249159796408E-16,-1.54533666301313,
-13.5125));
#3283=CARTESIAN_POINT('Ctrl Pts',(-1.89249159796408E-16,-1.54533666301313,
-14.3));
#3284=CARTESIAN_POINT('Ctrl Pts',(0.892200538379229,-1.54533666301313,-14.2416666666667));
#3285=CARTESIAN_POINT('Ctrl Pts',(1.33830080756884,-0.772668331506564,-14.1833333333334));
#3286=CARTESIAN_POINT('Ctrl Pts',(1.78440107675846,2.42766613802444E-15,
-14.125));
#3287=CARTESIAN_POINT('Ctrl Pts',(1.33830080756885,0.772668331506568,-14.0666666666667));
#3288=CARTESIAN_POINT('Ctrl Pts',(0.892200538379231,1.54533666301313,-14.0083333333334));
#3289=CARTESIAN_POINT('Ctrl Pts',(0.,1.54533666301313,-13.95));
#3290=CARTESIAN_POINT('Ctrl Pts',(-0.89220053837923,1.54533666301313,-13.8916666666667));
#3291=CARTESIAN_POINT('Ctrl Pts',(-1.33830080756884,0.772668331506569,-13.8333333333334));
#3292=CARTESIAN_POINT('Ctrl Pts',(-1.78440107675846,2.86471835143391E-15,
-13.775));
#3293=CARTESIAN_POINT('Ctrl Pts',(-1.33830080756884,-0.772668331506563,
-13.7166666666667));
#3294=CARTESIAN_POINT('Ctrl Pts',(-0.89220053837923,-1.54533666301313,-13.6583333333334));
#3295=CARTESIAN_POINT('Ctrl Pts',(-1.89249159796408E-16,-1.54533666301313,
-13.6));
#3296=CARTESIAN_POINT('Origin',(2.08166817117217E-16,1.66533453693773E-15,
-15.30625));
#3297=CARTESIAN_POINT('',(2.08166817117217E-16,-1.54533666301313,-12.8125));
#3298=CARTESIAN_POINT('',(2.08166817117217E-16,-1.54533666301313,-12.9));
#3299=CARTESIAN_POINT('',(6.05582794030843E-16,-1.54533666301313,-15.30625));
#3300=CARTESIAN_POINT('Ctrl Pts',(-1.89249159796408E-16,-1.54533666301313,
-13.5125));
#3301=CARTESIAN_POINT('Ctrl Pts',(0.892200538379229,-1.54533666301313,-13.4541666666667));
#3302=CARTESIAN_POINT('Ctrl Pts',(1.33830080756884,-0.772668331506564,-13.3958333333334));
#3303=CARTESIAN_POINT('Ctrl Pts',(1.78440107675846,2.42766613802444E-15,
-13.3375));
#3304=CARTESIAN_POINT('Ctrl Pts',(1.33830080756885,0.772668331506568,-13.2791666666667));
#3305=CARTESIAN_POINT('Ctrl Pts',(0.892200538379231,1.54533666301313,-13.2208333333334));
#3306=CARTESIAN_POINT('Ctrl Pts',(0.,1.54533666301313,-13.1625));
#3307=CARTESIAN_POINT('Ctrl Pts',(-0.89220053837923,1.54533666301313,-13.1041666666667));
#3308=CARTESIAN_POINT('Ctrl Pts',(-1.33830080756884,0.772668331506569,-13.0458333333334));
#3309=CARTESIAN_POINT('Ctrl Pts',(-1.78440107675846,2.86471835143391E-15,
-12.9875));
#3310=CARTESIAN_POINT('Ctrl Pts',(-1.33830080756884,-0.772668331506563,
-12.9291666666667));
#3311=CARTESIAN_POINT('Ctrl Pts',(-0.89220053837923,-1.54533666301313,-12.8708333333334));
#3312=CARTESIAN_POINT('Ctrl Pts',(-1.89249159796408E-16,-1.54533666301313,
-12.8125));
#3313=CARTESIAN_POINT('Ctrl Pts',(-1.89249159796408E-16,-1.54533666301313,
-13.6));
#3314=CARTESIAN_POINT('Ctrl Pts',(0.892200538379229,-1.54533666301313,-13.5416666666667));
#3315=CARTESIAN_POINT('Ctrl Pts',(1.33830080756884,-0.772668331506564,-13.4833333333334));
#3316=CARTESIAN_POINT('Ctrl Pts',(1.78440107675846,2.42766613802444E-15,
-13.425));
#3317=CARTESIAN_POINT('Ctrl Pts',(1.33830080756885,0.772668331506568,-13.3666666666667));
#3318=CARTESIAN_POINT('Ctrl Pts',(0.892200538379231,1.54533666301313,-13.3083333333334));
#3319=CARTESIAN_POINT('Ctrl Pts',(0.,1.54533666301313,-13.25));
#3320=CARTESIAN_POINT('Ctrl Pts',(-0.89220053837923,1.54533666301313,-13.1916666666667));
#3321=CARTESIAN_POINT('Ctrl Pts',(-1.33830080756884,0.772668331506569,-13.1333333333334));
#3322=CARTESIAN_POINT('Ctrl Pts',(-1.78440107675846,2.86471835143391E-15,
-13.075));
#3323=CARTESIAN_POINT('Ctrl Pts',(-1.33830080756884,-0.772668331506563,
-13.0166666666667));
#3324=CARTESIAN_POINT('Ctrl Pts',(-0.89220053837923,-1.54533666301313,-12.9583333333334));
#3325=CARTESIAN_POINT('Ctrl Pts',(-1.89249159796408E-16,-1.54533666301313,
-12.9));
#3326=CARTESIAN_POINT('Origin',(2.08166817117217E-16,1.66533453693773E-15,
-15.30625));
#3327=CARTESIAN_POINT('',(2.08166817117217E-16,-1.54533666301313,-12.1125));
#3328=CARTESIAN_POINT('',(2.08166817117217E-16,-1.54533666301313,-12.2));
#3329=CARTESIAN_POINT('',(6.05582794030843E-16,-1.54533666301313,-15.30625));
#3330=CARTESIAN_POINT('Ctrl Pts',(-1.89249159796408E-16,-1.54533666301313,
-12.8125));
#3331=CARTESIAN_POINT('Ctrl Pts',(0.892200538379229,-1.54533666301313,-12.7541666666667));
#3332=CARTESIAN_POINT('Ctrl Pts',(1.33830080756884,-0.772668331506564,-12.6958333333334));
#3333=CARTESIAN_POINT('Ctrl Pts',(1.78440107675846,2.42766613802444E-15,
-12.6375));
#3334=CARTESIAN_POINT('Ctrl Pts',(1.33830080756885,0.772668331506568,-12.5791666666667));
#3335=CARTESIAN_POINT('Ctrl Pts',(0.892200538379231,1.54533666301313,-12.5208333333334));
#3336=CARTESIAN_POINT('Ctrl Pts',(0.,1.54533666301313,-12.4625));
#3337=CARTESIAN_POINT('Ctrl Pts',(-0.89220053837923,1.54533666301313,-12.4041666666667));
#3338=CARTESIAN_POINT('Ctrl Pts',(-1.33830080756884,0.772668331506569,-12.3458333333334));
#3339=CARTESIAN_POINT('Ctrl Pts',(-1.78440107675846,2.86471835143391E-15,
-12.2875));
#3340=CARTESIAN_POINT('Ctrl Pts',(-1.33830080756884,-0.772668331506563,
-12.2291666666667));
#3341=CARTESIAN_POINT('Ctrl Pts',(-0.89220053837923,-1.54533666301313,-12.1708333333334));
#3342=CARTESIAN_POINT('Ctrl Pts',(-1.89249159796408E-16,-1.54533666301313,
-12.1125));
#3343=CARTESIAN_POINT('Ctrl Pts',(-1.89249159796408E-16,-1.54533666301313,
-12.9));
#3344=CARTESIAN_POINT('Ctrl Pts',(0.892200538379229,-1.54533666301313,-12.8416666666667));
#3345=CARTESIAN_POINT('Ctrl Pts',(1.33830080756884,-0.772668331506564,-12.7833333333334));
#3346=CARTESIAN_POINT('Ctrl Pts',(1.78440107675846,2.42766613802444E-15,
-12.725));
#3347=CARTESIAN_POINT('Ctrl Pts',(1.33830080756885,0.772668331506568,-12.6666666666667));
#3348=CARTESIAN_POINT('Ctrl Pts',(0.892200538379231,1.54533666301313,-12.6083333333334));
#3349=CARTESIAN_POINT('Ctrl Pts',(0.,1.54533666301313,-12.55));
#3350=CARTESIAN_POINT('Ctrl Pts',(-0.89220053837923,1.54533666301313,-12.4916666666667));
#3351=CARTESIAN_POINT('Ctrl Pts',(-1.33830080756884,0.772668331506569,-12.4333333333334));
#3352=CARTESIAN_POINT('Ctrl Pts',(-1.78440107675846,2.86471835143391E-15,
-12.375));
#3353=CARTESIAN_POINT('Ctrl Pts',(-1.33830080756884,-0.772668331506563,
-12.3166666666667));
#3354=CARTESIAN_POINT('Ctrl Pts',(-0.89220053837923,-1.54533666301313,-12.2583333333334));
#3355=CARTESIAN_POINT('Ctrl Pts',(-1.89249159796408E-16,-1.54533666301313,
-12.2));
#3356=CARTESIAN_POINT('Origin',(2.08166817117217E-16,1.66533453693773E-15,
-15.30625));
#3357=CARTESIAN_POINT('',(2.08166817117217E-16,-1.54533666301313,-11.4125));
#3358=CARTESIAN_POINT('',(2.08166817117217E-16,-1.54533666301313,-11.5));
#3359=CARTESIAN_POINT('',(6.05582794030843E-16,-1.54533666301313,-15.30625));
#3360=CARTESIAN_POINT('Ctrl Pts',(-1.89249159796408E-16,-1.54533666301313,
-12.1125));
#3361=CARTESIAN_POINT('Ctrl Pts',(0.892200538379229,-1.54533666301313,-12.0541666666667));
#3362=CARTESIAN_POINT('Ctrl Pts',(1.33830080756884,-0.772668331506564,-11.9958333333334));
#3363=CARTESIAN_POINT('Ctrl Pts',(1.78440107675846,2.42766613802444E-15,
-11.9375));
#3364=CARTESIAN_POINT('Ctrl Pts',(1.33830080756885,0.772668331506568,-11.8791666666667));
#3365=CARTESIAN_POINT('Ctrl Pts',(0.892200538379231,1.54533666301313,-11.8208333333334));
#3366=CARTESIAN_POINT('Ctrl Pts',(0.,1.54533666301313,-11.7625));
#3367=CARTESIAN_POINT('Ctrl Pts',(-0.89220053837923,1.54533666301313,-11.7041666666667));
#3368=CARTESIAN_POINT('Ctrl Pts',(-1.33830080756884,0.772668331506569,-11.6458333333334));
#3369=CARTESIAN_POINT('Ctrl Pts',(-1.78440107675846,2.86471835143391E-15,
-11.5875));
#3370=CARTESIAN_POINT('Ctrl Pts',(-1.33830080756884,-0.772668331506563,
-11.5291666666667));
#3371=CARTESIAN_POINT('Ctrl Pts',(-0.89220053837923,-1.54533666301313,-11.4708333333334));
#3372=CARTESIAN_POINT('Ctrl Pts',(-1.89249159796408E-16,-1.54533666301313,
-11.4125));
#3373=CARTESIAN_POINT('Ctrl Pts',(-1.89249159796408E-16,-1.54533666301313,
-12.2));
#3374=CARTESIAN_POINT('Ctrl Pts',(0.892200538379229,-1.54533666301313,-12.1416666666667));
#3375=CARTESIAN_POINT('Ctrl Pts',(1.33830080756884,-0.772668331506564,-12.0833333333334));
#3376=CARTESIAN_POINT('Ctrl Pts',(1.78440107675846,2.42766613802444E-15,
-12.025));
#3377=CARTESIAN_POINT('Ctrl Pts',(1.33830080756885,0.772668331506568,-11.9666666666667));
#3378=CARTESIAN_POINT('Ctrl Pts',(0.892200538379231,1.54533666301313,-11.9083333333334));
#3379=CARTESIAN_POINT('Ctrl Pts',(0.,1.54533666301313,-11.85));
#3380=CARTESIAN_POINT('Ctrl Pts',(-0.89220053837923,1.54533666301313,-11.7916666666667));
#3381=CARTESIAN_POINT('Ctrl Pts',(-1.33830080756884,0.772668331506569,-11.7333333333334));
#3382=CARTESIAN_POINT('Ctrl Pts',(-1.78440107675846,2.86471835143391E-15,
-11.675));
#3383=CARTESIAN_POINT('Ctrl Pts',(-1.33830080756884,-0.772668331506563,
-11.6166666666667));
#3384=CARTESIAN_POINT('Ctrl Pts',(-0.89220053837923,-1.54533666301313,-11.5583333333334));
#3385=CARTESIAN_POINT('Ctrl Pts',(-1.89249159796408E-16,-1.54533666301313,
-11.5));
#3386=CARTESIAN_POINT('Origin',(2.08166817117217E-16,1.66533453693773E-15,
-15.30625));
#3387=CARTESIAN_POINT('',(2.08166817117217E-16,-1.54533666301313,-10.7125));
#3388=CARTESIAN_POINT('',(2.08166817117217E-16,-1.54533666301313,-10.8));
#3389=CARTESIAN_POINT('',(6.05582794030843E-16,-1.54533666301313,-15.30625));
#3390=CARTESIAN_POINT('Ctrl Pts',(-1.89249159796408E-16,-1.54533666301313,
-11.4125));
#3391=CARTESIAN_POINT('Ctrl Pts',(0.892200538379229,-1.54533666301313,-11.3541666666667));
#3392=CARTESIAN_POINT('Ctrl Pts',(1.33830080756884,-0.772668331506564,-11.2958333333334));
#3393=CARTESIAN_POINT('Ctrl Pts',(1.78440107675846,2.42766613802444E-15,
-11.2375));
#3394=CARTESIAN_POINT('Ctrl Pts',(1.33830080756885,0.772668331506568,-11.1791666666667));
#3395=CARTESIAN_POINT('Ctrl Pts',(0.892200538379231,1.54533666301313,-11.1208333333334));
#3396=CARTESIAN_POINT('Ctrl Pts',(0.,1.54533666301313,-11.0625));
#3397=CARTESIAN_POINT('Ctrl Pts',(-0.89220053837923,1.54533666301313,-11.0041666666667));
#3398=CARTESIAN_POINT('Ctrl Pts',(-1.33830080756884,0.772668331506569,-10.9458333333334));
#3399=CARTESIAN_POINT('Ctrl Pts',(-1.78440107675846,2.86471835143391E-15,
-10.8875));
#3400=CARTESIAN_POINT('Ctrl Pts',(-1.33830080756884,-0.772668331506563,
-10.8291666666667));
#3401=CARTESIAN_POINT('Ctrl Pts',(-0.89220053837923,-1.54533666301313,-10.7708333333334));
#3402=CARTESIAN_POINT('Ctrl Pts',(-1.89249159796408E-16,-1.54533666301313,
-10.7125));
#3403=CARTESIAN_POINT('Ctrl Pts',(-1.89249159796408E-16,-1.54533666301313,
-11.5));
#3404=CARTESIAN_POINT('Ctrl Pts',(0.892200538379229,-1.54533666301313,-11.4416666666667));
#3405=CARTESIAN_POINT('Ctrl Pts',(1.33830080756884,-0.772668331506564,-11.3833333333334));
#3406=CARTESIAN_POINT('Ctrl Pts',(1.78440107675846,2.42766613802444E-15,
-11.325));
#3407=CARTESIAN_POINT('Ctrl Pts',(1.33830080756885,0.772668331506568,-11.2666666666667));
#3408=CARTESIAN_POINT('Ctrl Pts',(0.892200538379231,1.54533666301313,-11.2083333333334));
#3409=CARTESIAN_POINT('Ctrl Pts',(0.,1.54533666301313,-11.15));
#3410=CARTESIAN_POINT('Ctrl Pts',(-0.89220053837923,1.54533666301313,-11.0916666666667));
#3411=CARTESIAN_POINT('Ctrl Pts',(-1.33830080756884,0.772668331506569,-11.0333333333334));
#3412=CARTESIAN_POINT('Ctrl Pts',(-1.78440107675846,2.86471835143391E-15,
-10.975));
#3413=CARTESIAN_POINT('Ctrl Pts',(-1.33830080756884,-0.772668331506563,
-10.9166666666667));
#3414=CARTESIAN_POINT('Ctrl Pts',(-0.89220053837923,-1.54533666301313,-10.8583333333334));
#3415=CARTESIAN_POINT('Ctrl Pts',(-1.89249159796408E-16,-1.54533666301313,
-10.8));
#3416=CARTESIAN_POINT('Origin',(2.08166817117217E-16,1.66533453693773E-15,
-15.30625));
#3417=CARTESIAN_POINT('',(2.08166817117217E-16,-1.54533666301313,-10.0125));
#3418=CARTESIAN_POINT('',(2.08166817117217E-16,-1.54533666301313,-10.1));
#3419=CARTESIAN_POINT('',(6.05582794030843E-16,-1.54533666301313,-15.30625));
#3420=CARTESIAN_POINT('Ctrl Pts',(-1.89249159796408E-16,-1.54533666301313,
-10.7125));
#3421=CARTESIAN_POINT('Ctrl Pts',(0.892200538379229,-1.54533666301313,-10.6541666666667));
#3422=CARTESIAN_POINT('Ctrl Pts',(1.33830080756884,-0.772668331506564,-10.5958333333334));
#3423=CARTESIAN_POINT('Ctrl Pts',(1.78440107675846,2.42766613802444E-15,
-10.5375));
#3424=CARTESIAN_POINT('Ctrl Pts',(1.33830080756885,0.772668331506568,-10.4791666666667));
#3425=CARTESIAN_POINT('Ctrl Pts',(0.892200538379231,1.54533666301313,-10.4208333333334));
#3426=CARTESIAN_POINT('Ctrl Pts',(0.,1.54533666301313,-10.3625));
#3427=CARTESIAN_POINT('Ctrl Pts',(-0.89220053837923,1.54533666301313,-10.3041666666667));
#3428=CARTESIAN_POINT('Ctrl Pts',(-1.33830080756884,0.772668331506569,-10.2458333333334));
#3429=CARTESIAN_POINT('Ctrl Pts',(-1.78440107675846,2.86471835143391E-15,
-10.1875));
#3430=CARTESIAN_POINT('Ctrl Pts',(-1.33830080756884,-0.772668331506563,
-10.1291666666667));
#3431=CARTESIAN_POINT('Ctrl Pts',(-0.89220053837923,-1.54533666301313,-10.0708333333334));
#3432=CARTESIAN_POINT('Ctrl Pts',(-1.89249159796408E-16,-1.54533666301313,
-10.0125));
#3433=CARTESIAN_POINT('Ctrl Pts',(-1.89249159796408E-16,-1.54533666301313,
-10.8));
#3434=CARTESIAN_POINT('Ctrl Pts',(0.892200538379229,-1.54533666301313,-10.7416666666667));
#3435=CARTESIAN_POINT('Ctrl Pts',(1.33830080756884,-0.772668331506564,-10.6833333333334));
#3436=CARTESIAN_POINT('Ctrl Pts',(1.78440107675846,2.42766613802444E-15,
-10.625));
#3437=CARTESIAN_POINT('Ctrl Pts',(1.33830080756885,0.772668331506568,-10.5666666666667));
#3438=CARTESIAN_POINT('Ctrl Pts',(0.892200538379231,1.54533666301313,-10.5083333333334));
#3439=CARTESIAN_POINT('Ctrl Pts',(0.,1.54533666301313,-10.45));
#3440=CARTESIAN_POINT('Ctrl Pts',(-0.89220053837923,1.54533666301313,-10.3916666666667));
#3441=CARTESIAN_POINT('Ctrl Pts',(-1.33830080756884,0.772668331506569,-10.3333333333334));
#3442=CARTESIAN_POINT('Ctrl Pts',(-1.78440107675846,2.86471835143391E-15,
-10.275));
#3443=CARTESIAN_POINT('Ctrl Pts',(-1.33830080756884,-0.772668331506563,
-10.2166666666667));
#3444=CARTESIAN_POINT('Ctrl Pts',(-0.89220053837923,-1.54533666301313,-10.1583333333334));
#3445=CARTESIAN_POINT('Ctrl Pts',(-1.89249159796408E-16,-1.54533666301313,
-10.1));
#3446=CARTESIAN_POINT('Origin',(2.08166817117217E-16,1.66533453693773E-15,
-15.30625));
#3447=CARTESIAN_POINT('',(2.08166817117217E-16,-1.54533666301313,-9.31250000000002));
#3448=CARTESIAN_POINT('',(2.08166817117217E-16,-1.54533666301313,-9.40000000000002));
#3449=CARTESIAN_POINT('',(6.05582794030843E-16,-1.54533666301313,-15.30625));
#3450=CARTESIAN_POINT('Ctrl Pts',(-1.89249159796408E-16,-1.54533666301313,
-10.0125));
#3451=CARTESIAN_POINT('Ctrl Pts',(0.892200538379229,-1.54533666301313,-9.95416666666669));
#3452=CARTESIAN_POINT('Ctrl Pts',(1.33830080756884,-0.772668331506564,-9.89583333333335));
#3453=CARTESIAN_POINT('Ctrl Pts',(1.78440107675846,2.42766613802444E-15,
-9.83750000000002));
#3454=CARTESIAN_POINT('Ctrl Pts',(1.33830080756885,0.772668331506568,-9.77916666666669));
#3455=CARTESIAN_POINT('Ctrl Pts',(0.892200538379231,1.54533666301313,-9.72083333333335));
#3456=CARTESIAN_POINT('Ctrl Pts',(0.,1.54533666301313,-9.66250000000002));
#3457=CARTESIAN_POINT('Ctrl Pts',(-0.89220053837923,1.54533666301313,-9.60416666666669));
#3458=CARTESIAN_POINT('Ctrl Pts',(-1.33830080756884,0.772668331506569,-9.54583333333335));
#3459=CARTESIAN_POINT('Ctrl Pts',(-1.78440107675846,2.86471835143391E-15,
-9.48750000000002));
#3460=CARTESIAN_POINT('Ctrl Pts',(-1.33830080756884,-0.772668331506563,
-9.42916666666669));
#3461=CARTESIAN_POINT('Ctrl Pts',(-0.89220053837923,-1.54533666301313,-9.37083333333335));
#3462=CARTESIAN_POINT('Ctrl Pts',(-1.89249159796408E-16,-1.54533666301313,
-9.31250000000002));
#3463=CARTESIAN_POINT('Ctrl Pts',(-1.89249159796408E-16,-1.54533666301313,
-10.1));
#3464=CARTESIAN_POINT('Ctrl Pts',(0.892200538379229,-1.54533666301313,-10.0416666666667));
#3465=CARTESIAN_POINT('Ctrl Pts',(1.33830080756884,-0.772668331506564,-9.98333333333336));
#3466=CARTESIAN_POINT('Ctrl Pts',(1.78440107675846,2.42766613802444E-15,
-9.92500000000002));
#3467=CARTESIAN_POINT('Ctrl Pts',(1.33830080756885,0.772668331506568,-9.86666666666669));
#3468=CARTESIAN_POINT('Ctrl Pts',(0.892200538379231,1.54533666301313,-9.80833333333336));
#3469=CARTESIAN_POINT('Ctrl Pts',(0.,1.54533666301313,-9.75000000000002));
#3470=CARTESIAN_POINT('Ctrl Pts',(-0.89220053837923,1.54533666301313,-9.69166666666669));
#3471=CARTESIAN_POINT('Ctrl Pts',(-1.33830080756884,0.772668331506569,-9.63333333333336));
#3472=CARTESIAN_POINT('Ctrl Pts',(-1.78440107675846,2.86471835143391E-15,
-9.57500000000003));
#3473=CARTESIAN_POINT('Ctrl Pts',(-1.33830080756884,-0.772668331506563,
-9.51666666666669));
#3474=CARTESIAN_POINT('Ctrl Pts',(-0.89220053837923,-1.54533666301313,-9.45833333333336));
#3475=CARTESIAN_POINT('Ctrl Pts',(-1.89249159796408E-16,-1.54533666301313,
-9.40000000000002));
#3476=CARTESIAN_POINT('Origin',(2.08166817117217E-16,1.66533453693773E-15,
-15.30625));
#3477=CARTESIAN_POINT('',(2.08166817117217E-16,-1.54533666301313,-8.61250000000002));
#3478=CARTESIAN_POINT('',(2.08166817117217E-16,-1.54533666301313,-8.70000000000002));
#3479=CARTESIAN_POINT('',(6.05582794030843E-16,-1.54533666301313,-15.30625));
#3480=CARTESIAN_POINT('Ctrl Pts',(-1.89249159796408E-16,-1.54533666301313,
-9.31250000000002));
#3481=CARTESIAN_POINT('Ctrl Pts',(0.892200538379229,-1.54533666301313,-9.25416666666668));
#3482=CARTESIAN_POINT('Ctrl Pts',(1.33830080756884,-0.772668331506564,-9.19583333333335));
#3483=CARTESIAN_POINT('Ctrl Pts',(1.78440107675846,2.42766613802444E-15,
-9.13750000000002));
#3484=CARTESIAN_POINT('Ctrl Pts',(1.33830080756885,0.772668331506568,-9.07916666666669));
#3485=CARTESIAN_POINT('Ctrl Pts',(0.892200538379231,1.54533666301313,-9.02083333333335));
#3486=CARTESIAN_POINT('Ctrl Pts',(0.,1.54533666301313,-8.96250000000002));
#3487=CARTESIAN_POINT('Ctrl Pts',(-0.89220053837923,1.54533666301313,-8.90416666666668));
#3488=CARTESIAN_POINT('Ctrl Pts',(-1.33830080756884,0.772668331506569,-8.84583333333335));
#3489=CARTESIAN_POINT('Ctrl Pts',(-1.78440107675846,2.86471835143391E-15,
-8.78750000000002));
#3490=CARTESIAN_POINT('Ctrl Pts',(-1.33830080756884,-0.772668331506563,
-8.72916666666669));
#3491=CARTESIAN_POINT('Ctrl Pts',(-0.89220053837923,-1.54533666301313,-8.67083333333335));
#3492=CARTESIAN_POINT('Ctrl Pts',(-1.89249159796408E-16,-1.54533666301313,
-8.61250000000002));
#3493=CARTESIAN_POINT('Ctrl Pts',(-1.89249159796408E-16,-1.54533666301313,
-9.40000000000002));
#3494=CARTESIAN_POINT('Ctrl Pts',(0.892200538379229,-1.54533666301313,-9.34166666666669));
#3495=CARTESIAN_POINT('Ctrl Pts',(1.33830080756884,-0.772668331506564,-9.28333333333336));
#3496=CARTESIAN_POINT('Ctrl Pts',(1.78440107675846,2.42766613802444E-15,
-9.22500000000002));
#3497=CARTESIAN_POINT('Ctrl Pts',(1.33830080756885,0.772668331506568,-9.16666666666669));
#3498=CARTESIAN_POINT('Ctrl Pts',(0.892200538379231,1.54533666301313,-9.10833333333336));
#3499=CARTESIAN_POINT('Ctrl Pts',(0.,1.54533666301313,-9.05000000000003));
#3500=CARTESIAN_POINT('Ctrl Pts',(-0.89220053837923,1.54533666301313,-8.99166666666669));
#3501=CARTESIAN_POINT('Ctrl Pts',(-1.33830080756884,0.772668331506569,-8.93333333333335));
#3502=CARTESIAN_POINT('Ctrl Pts',(-1.78440107675846,2.86471835143391E-15,
-8.87500000000002));
#3503=CARTESIAN_POINT('Ctrl Pts',(-1.33830080756884,-0.772668331506563,
-8.81666666666669));
#3504=CARTESIAN_POINT('Ctrl Pts',(-0.89220053837923,-1.54533666301313,-8.75833333333336));
#3505=CARTESIAN_POINT('Ctrl Pts',(-1.89249159796408E-16,-1.54533666301313,
-8.70000000000002));
#3506=CARTESIAN_POINT('Origin',(2.08166817117217E-16,1.66533453693773E-15,
-15.30625));
#3507=CARTESIAN_POINT('',(2.08166817117217E-16,-1.54533666301313,-7.91250000000002));
#3508=CARTESIAN_POINT('',(2.08166817117217E-16,-1.54533666301313,-8.00000000000002));
#3509=CARTESIAN_POINT('',(6.05582794030843E-16,-1.54533666301313,-15.30625));
#3510=CARTESIAN_POINT('Ctrl Pts',(-1.89249159796408E-16,-1.54533666301313,
-8.61250000000002));
#3511=CARTESIAN_POINT('Ctrl Pts',(0.892200538379229,-1.54533666301313,-8.55416666666668));
#3512=CARTESIAN_POINT('Ctrl Pts',(1.33830080756884,-0.772668331506564,-8.49583333333335));
#3513=CARTESIAN_POINT('Ctrl Pts',(1.78440107675846,2.42766613802444E-15,
-8.43750000000002));
#3514=CARTESIAN_POINT('Ctrl Pts',(1.33830080756885,0.772668331506568,-8.37916666666669));
#3515=CARTESIAN_POINT('Ctrl Pts',(0.892200538379231,1.54533666301313,-8.32083333333335));
#3516=CARTESIAN_POINT('Ctrl Pts',(0.,1.54533666301313,-8.26250000000002));
#3517=CARTESIAN_POINT('Ctrl Pts',(-0.89220053837923,1.54533666301313,-8.20416666666669));
#3518=CARTESIAN_POINT('Ctrl Pts',(-1.33830080756884,0.772668331506569,-8.14583333333335));
#3519=CARTESIAN_POINT('Ctrl Pts',(-1.78440107675846,2.86471835143391E-15,
-8.08750000000002));
#3520=CARTESIAN_POINT('Ctrl Pts',(-1.33830080756884,-0.772668331506563,
-8.02916666666669));
#3521=CARTESIAN_POINT('Ctrl Pts',(-0.89220053837923,-1.54533666301313,-7.97083333333335));
#3522=CARTESIAN_POINT('Ctrl Pts',(-1.89249159796408E-16,-1.54533666301313,
-7.91250000000002));
#3523=CARTESIAN_POINT('Ctrl Pts',(-1.89249159796408E-16,-1.54533666301313,
-8.70000000000002));
#3524=CARTESIAN_POINT('Ctrl Pts',(0.892200538379229,-1.54533666301313,-8.64166666666669));
#3525=CARTESIAN_POINT('Ctrl Pts',(1.33830080756884,-0.772668331506564,-8.58333333333336));
#3526=CARTESIAN_POINT('Ctrl Pts',(1.78440107675846,2.42766613802444E-15,
-8.52500000000002));
#3527=CARTESIAN_POINT('Ctrl Pts',(1.33830080756885,0.772668331506568,-8.46666666666669));
#3528=CARTESIAN_POINT('Ctrl Pts',(0.892200538379231,1.54533666301313,-8.40833333333336));
#3529=CARTESIAN_POINT('Ctrl Pts',(0.,1.54533666301313,-8.35000000000002));
#3530=CARTESIAN_POINT('Ctrl Pts',(-0.89220053837923,1.54533666301313,-8.29166666666669));
#3531=CARTESIAN_POINT('Ctrl Pts',(-1.33830080756884,0.772668331506569,-8.23333333333336));
#3532=CARTESIAN_POINT('Ctrl Pts',(-1.78440107675846,2.86471835143391E-15,
-8.17500000000002));
#3533=CARTESIAN_POINT('Ctrl Pts',(-1.33830080756884,-0.772668331506563,
-8.11666666666669));
#3534=CARTESIAN_POINT('Ctrl Pts',(-0.89220053837923,-1.54533666301313,-8.05833333333336));
#3535=CARTESIAN_POINT('Ctrl Pts',(-1.89249159796408E-16,-1.54533666301313,
-8.00000000000002));
#3536=CARTESIAN_POINT('Origin',(2.08166817117217E-16,1.66533453693773E-15,
-15.30625));
#3537=CARTESIAN_POINT('',(2.08166817117217E-16,-1.54533666301313,-7.21250000000002));
#3538=CARTESIAN_POINT('',(2.08166817117217E-16,-1.54533666301313,-7.30000000000002));
#3539=CARTESIAN_POINT('',(6.05582794030843E-16,-1.54533666301313,-15.30625));
#3540=CARTESIAN_POINT('Ctrl Pts',(-1.89249159796408E-16,-1.54533666301313,
-7.91250000000002));
#3541=CARTESIAN_POINT('Ctrl Pts',(0.892200538379229,-1.54533666301313,-7.85416666666669));
#3542=CARTESIAN_POINT('Ctrl Pts',(1.33830080756884,-0.772668331506564,-7.79583333333335));
#3543=CARTESIAN_POINT('Ctrl Pts',(1.78440107675846,2.42766613802444E-15,
-7.73750000000002));
#3544=CARTESIAN_POINT('Ctrl Pts',(1.33830080756885,0.772668331506568,-7.67916666666669));
#3545=CARTESIAN_POINT('Ctrl Pts',(0.892200538379231,1.54533666301313,-7.62083333333335));
#3546=CARTESIAN_POINT('Ctrl Pts',(0.,1.54533666301313,-7.56250000000002));
#3547=CARTESIAN_POINT('Ctrl Pts',(-0.89220053837923,1.54533666301313,-7.50416666666669));
#3548=CARTESIAN_POINT('Ctrl Pts',(-1.33830080756884,0.772668331506569,-7.44583333333335));
#3549=CARTESIAN_POINT('Ctrl Pts',(-1.78440107675846,2.86471835143391E-15,
-7.38750000000002));
#3550=CARTESIAN_POINT('Ctrl Pts',(-1.33830080756884,-0.772668331506563,
-7.32916666666669));
#3551=CARTESIAN_POINT('Ctrl Pts',(-0.89220053837923,-1.54533666301313,-7.27083333333335));
#3552=CARTESIAN_POINT('Ctrl Pts',(-1.89249159796408E-16,-1.54533666301313,
-7.21250000000002));
#3553=CARTESIAN_POINT('Ctrl Pts',(-1.89249159796408E-16,-1.54533666301313,
-8.00000000000002));
#3554=CARTESIAN_POINT('Ctrl Pts',(0.892200538379229,-1.54533666301313,-7.94166666666669));
#3555=CARTESIAN_POINT('Ctrl Pts',(1.33830080756884,-0.772668331506564,-7.88333333333336));
#3556=CARTESIAN_POINT('Ctrl Pts',(1.78440107675846,2.42766613802444E-15,
-7.82500000000002));
#3557=CARTESIAN_POINT('Ctrl Pts',(1.33830080756885,0.772668331506568,-7.76666666666669));
#3558=CARTESIAN_POINT('Ctrl Pts',(0.892200538379231,1.54533666301313,-7.70833333333336));
#3559=CARTESIAN_POINT('Ctrl Pts',(0.,1.54533666301313,-7.65000000000002));
#3560=CARTESIAN_POINT('Ctrl Pts',(-0.89220053837923,1.54533666301313,-7.59166666666669));
#3561=CARTESIAN_POINT('Ctrl Pts',(-1.33830080756884,0.772668331506569,-7.53333333333336));
#3562=CARTESIAN_POINT('Ctrl Pts',(-1.78440107675846,2.86471835143391E-15,
-7.47500000000002));
#3563=CARTESIAN_POINT('Ctrl Pts',(-1.33830080756884,-0.772668331506563,
-7.41666666666669));
#3564=CARTESIAN_POINT('Ctrl Pts',(-0.89220053837923,-1.54533666301313,-7.35833333333336));
#3565=CARTESIAN_POINT('Ctrl Pts',(-1.89249159796408E-16,-1.54533666301313,
-7.30000000000002));
#3566=CARTESIAN_POINT('Origin',(2.08166817117217E-16,1.66533453693773E-15,
-15.30625));
#3567=CARTESIAN_POINT('',(2.08166817117217E-16,-1.54533666301313,-6.51250000000002));
#3568=CARTESIAN_POINT('',(2.08166817117217E-16,-1.54533666301313,-6.60000000000002));
#3569=CARTESIAN_POINT('',(6.05582794030843E-16,-1.54533666301313,-15.30625));
#3570=CARTESIAN_POINT('Ctrl Pts',(-1.89249159796408E-16,-1.54533666301313,
-7.21250000000002));
#3571=CARTESIAN_POINT('Ctrl Pts',(0.892200538379229,-1.54533666301313,-7.15416666666669));
#3572=CARTESIAN_POINT('Ctrl Pts',(1.33830080756884,-0.772668331506564,-7.09583333333335));
#3573=CARTESIAN_POINT('Ctrl Pts',(1.78440107675846,2.42766613802444E-15,
-7.03750000000002));
#3574=CARTESIAN_POINT('Ctrl Pts',(1.33830080756885,0.772668331506568,-6.97916666666669));
#3575=CARTESIAN_POINT('Ctrl Pts',(0.892200538379231,1.54533666301313,-6.92083333333335));
#3576=CARTESIAN_POINT('Ctrl Pts',(0.,1.54533666301313,-6.86250000000002));
#3577=CARTESIAN_POINT('Ctrl Pts',(-0.89220053837923,1.54533666301313,-6.80416666666669));
#3578=CARTESIAN_POINT('Ctrl Pts',(-1.33830080756884,0.772668331506569,-6.74583333333335));
#3579=CARTESIAN_POINT('Ctrl Pts',(-1.78440107675846,2.86471835143391E-15,
-6.68750000000002));
#3580=CARTESIAN_POINT('Ctrl Pts',(-1.33830080756884,-0.772668331506563,
-6.62916666666669));
#3581=CARTESIAN_POINT('Ctrl Pts',(-0.89220053837923,-1.54533666301313,-6.57083333333335));
#3582=CARTESIAN_POINT('Ctrl Pts',(-1.89249159796408E-16,-1.54533666301313,
-6.51250000000002));
#3583=CARTESIAN_POINT('Ctrl Pts',(-1.89249159796408E-16,-1.54533666301313,
-7.30000000000002));
#3584=CARTESIAN_POINT('Ctrl Pts',(0.892200538379229,-1.54533666301313,-7.24166666666669));
#3585=CARTESIAN_POINT('Ctrl Pts',(1.33830080756884,-0.772668331506564,-7.18333333333336));
#3586=CARTESIAN_POINT('Ctrl Pts',(1.78440107675846,2.42766613802444E-15,
-7.12500000000002));
#3587=CARTESIAN_POINT('Ctrl Pts',(1.33830080756885,0.772668331506568,-7.06666666666669));
#3588=CARTESIAN_POINT('Ctrl Pts',(0.892200538379231,1.54533666301313,-7.00833333333336));
#3589=CARTESIAN_POINT('Ctrl Pts',(0.,1.54533666301313,-6.95000000000003));
#3590=CARTESIAN_POINT('Ctrl Pts',(-0.89220053837923,1.54533666301313,-6.89166666666669));
#3591=CARTESIAN_POINT('Ctrl Pts',(-1.33830080756884,0.772668331506569,-6.83333333333336));
#3592=CARTESIAN_POINT('Ctrl Pts',(-1.78440107675846,2.86471835143391E-15,
-6.77500000000002));
#3593=CARTESIAN_POINT('Ctrl Pts',(-1.33830080756884,-0.772668331506563,
-6.71666666666669));
#3594=CARTESIAN_POINT('Ctrl Pts',(-0.89220053837923,-1.54533666301313,-6.65833333333336));
#3595=CARTESIAN_POINT('Ctrl Pts',(-1.89249159796408E-16,-1.54533666301313,
-6.60000000000002));
#3596=CARTESIAN_POINT('Origin',(2.08166817117217E-16,1.66533453693773E-15,
-15.30625));
#3597=CARTESIAN_POINT('',(2.08166817117217E-16,-1.54533666301313,-5.81250000000002));
#3598=CARTESIAN_POINT('',(2.08166817117217E-16,-1.54533666301313,-5.90000000000002));
#3599=CARTESIAN_POINT('',(6.05582794030843E-16,-1.54533666301313,-15.30625));
#3600=CARTESIAN_POINT('Ctrl Pts',(-1.89249159796408E-16,-1.54533666301313,
-6.51250000000002));
#3601=CARTESIAN_POINT('Ctrl Pts',(0.892200538379229,-1.54533666301313,-6.45416666666669));
#3602=CARTESIAN_POINT('Ctrl Pts',(1.33830080756884,-0.772668331506564,-6.39583333333335));
#3603=CARTESIAN_POINT('Ctrl Pts',(1.78440107675846,2.42766613802444E-15,
-6.33750000000002));
#3604=CARTESIAN_POINT('Ctrl Pts',(1.33830080756885,0.772668331506568,-6.27916666666669));
#3605=CARTESIAN_POINT('Ctrl Pts',(0.892200538379231,1.54533666301313,-6.22083333333335));
#3606=CARTESIAN_POINT('Ctrl Pts',(0.,1.54533666301313,-6.16250000000002));
#3607=CARTESIAN_POINT('Ctrl Pts',(-0.89220053837923,1.54533666301313,-6.10416666666669));
#3608=CARTESIAN_POINT('Ctrl Pts',(-1.33830080756884,0.772668331506569,-6.04583333333335));
#3609=CARTESIAN_POINT('Ctrl Pts',(-1.78440107675846,2.86471835143391E-15,
-5.98750000000002));
#3610=CARTESIAN_POINT('Ctrl Pts',(-1.33830080756884,-0.772668331506563,
-5.92916666666669));
#3611=CARTESIAN_POINT('Ctrl Pts',(-0.89220053837923,-1.54533666301313,-5.87083333333335));
#3612=CARTESIAN_POINT('Ctrl Pts',(-1.89249159796408E-16,-1.54533666301313,
-5.81250000000002));
#3613=CARTESIAN_POINT('Ctrl Pts',(-1.89249159796408E-16,-1.54533666301313,
-6.60000000000002));
#3614=CARTESIAN_POINT('Ctrl Pts',(0.892200538379229,-1.54533666301313,-6.54166666666669));
#3615=CARTESIAN_POINT('Ctrl Pts',(1.33830080756884,-0.772668331506564,-6.48333333333336));
#3616=CARTESIAN_POINT('Ctrl Pts',(1.78440107675846,2.42766613802444E-15,
-6.42500000000002));
#3617=CARTESIAN_POINT('Ctrl Pts',(1.33830080756885,0.772668331506568,-6.36666666666669));
#3618=CARTESIAN_POINT('Ctrl Pts',(0.892200538379231,1.54533666301313,-6.30833333333336));
#3619=CARTESIAN_POINT('Ctrl Pts',(0.,1.54533666301313,-6.25000000000002));
#3620=CARTESIAN_POINT('Ctrl Pts',(-0.89220053837923,1.54533666301313,-6.19166666666669));
#3621=CARTESIAN_POINT('Ctrl Pts',(-1.33830080756884,0.772668331506569,-6.13333333333336));
#3622=CARTESIAN_POINT('Ctrl Pts',(-1.78440107675846,2.86471835143391E-15,
-6.07500000000002));
#3623=CARTESIAN_POINT('Ctrl Pts',(-1.33830080756884,-0.772668331506563,
-6.01666666666669));
#3624=CARTESIAN_POINT('Ctrl Pts',(-0.89220053837923,-1.54533666301313,-5.95833333333336));
#3625=CARTESIAN_POINT('Ctrl Pts',(-1.89249159796408E-16,-1.54533666301313,
-5.90000000000002));
#3626=CARTESIAN_POINT('Origin',(2.08166817117217E-16,1.66533453693773E-15,
-15.30625));
#3627=CARTESIAN_POINT('',(2.08166817117217E-16,-1.54533666301313,-5.11250000000002));
#3628=CARTESIAN_POINT('',(2.08166817117217E-16,-1.54533666301313,-5.20000000000002));
#3629=CARTESIAN_POINT('',(6.05582794030843E-16,-1.54533666301313,-15.30625));
#3630=CARTESIAN_POINT('Ctrl Pts',(-1.89249159796408E-16,-1.54533666301313,
-5.81250000000002));
#3631=CARTESIAN_POINT('Ctrl Pts',(0.892200538379229,-1.54533666301313,-5.75416666666669));
#3632=CARTESIAN_POINT('Ctrl Pts',(1.33830080756884,-0.772668331506564,-5.69583333333335));
#3633=CARTESIAN_POINT('Ctrl Pts',(1.78440107675846,2.42766613802444E-15,
-5.63750000000002));
#3634=CARTESIAN_POINT('Ctrl Pts',(1.33830080756885,0.772668331506568,-5.57916666666669));
#3635=CARTESIAN_POINT('Ctrl Pts',(0.892200538379231,1.54533666301313,-5.52083333333335));
#3636=CARTESIAN_POINT('Ctrl Pts',(0.,1.54533666301313,-5.46250000000002));
#3637=CARTESIAN_POINT('Ctrl Pts',(-0.89220053837923,1.54533666301313,-5.40416666666669));
#3638=CARTESIAN_POINT('Ctrl Pts',(-1.33830080756884,0.772668331506569,-5.34583333333335));
#3639=CARTESIAN_POINT('Ctrl Pts',(-1.78440107675846,2.86471835143391E-15,
-5.28750000000002));
#3640=CARTESIAN_POINT('Ctrl Pts',(-1.33830080756884,-0.772668331506563,
-5.22916666666669));
#3641=CARTESIAN_POINT('Ctrl Pts',(-0.89220053837923,-1.54533666301313,-5.17083333333335));
#3642=CARTESIAN_POINT('Ctrl Pts',(-1.89249159796408E-16,-1.54533666301313,
-5.11250000000002));
#3643=CARTESIAN_POINT('Ctrl Pts',(-1.89249159796408E-16,-1.54533666301313,
-5.90000000000002));
#3644=CARTESIAN_POINT('Ctrl Pts',(0.892200538379229,-1.54533666301313,-5.84166666666669));
#3645=CARTESIAN_POINT('Ctrl Pts',(1.33830080756884,-0.772668331506564,-5.78333333333336));
#3646=CARTESIAN_POINT('Ctrl Pts',(1.78440107675846,2.42766613802444E-15,
-5.72500000000002));
#3647=CARTESIAN_POINT('Ctrl Pts',(1.33830080756885,0.772668331506568,-5.66666666666669));
#3648=CARTESIAN_POINT('Ctrl Pts',(0.892200538379231,1.54533666301313,-5.60833333333336));
#3649=CARTESIAN_POINT('Ctrl Pts',(0.,1.54533666301313,-5.55000000000002));
#3650=CARTESIAN_POINT('Ctrl Pts',(-0.89220053837923,1.54533666301313,-5.49166666666669));
#3651=CARTESIAN_POINT('Ctrl Pts',(-1.33830080756884,0.772668331506569,-5.43333333333336));
#3652=CARTESIAN_POINT('Ctrl Pts',(-1.78440107675846,2.86471835143391E-15,
-5.37500000000002));
#3653=CARTESIAN_POINT('Ctrl Pts',(-1.33830080756884,-0.772668331506563,
-5.31666666666669));
#3654=CARTESIAN_POINT('Ctrl Pts',(-0.89220053837923,-1.54533666301313,-5.25833333333336));
#3655=CARTESIAN_POINT('Ctrl Pts',(-1.89249159796408E-16,-1.54533666301313,
-5.20000000000002));
#3656=CARTESIAN_POINT('Origin',(2.08166817117217E-16,1.66533453693773E-15,
-15.30625));
#3657=CARTESIAN_POINT('',(2.08166817117217E-16,-1.54533666301313,-4.41250000000002));
#3658=CARTESIAN_POINT('',(2.08166817117217E-16,-1.54533666301313,-4.50000000000002));
#3659=CARTESIAN_POINT('',(6.05582794030843E-16,-1.54533666301313,-15.30625));
#3660=CARTESIAN_POINT('Ctrl Pts',(-1.89249159796408E-16,-1.54533666301313,
-5.11250000000002));
#3661=CARTESIAN_POINT('Ctrl Pts',(0.892200538379229,-1.54533666301313,-5.05416666666669));
#3662=CARTESIAN_POINT('Ctrl Pts',(1.33830080756884,-0.772668331506564,-4.99583333333335));
#3663=CARTESIAN_POINT('Ctrl Pts',(1.78440107675846,2.42766613802444E-15,
-4.93750000000002));
#3664=CARTESIAN_POINT('Ctrl Pts',(1.33830080756885,0.772668331506568,-4.87916666666669));
#3665=CARTESIAN_POINT('Ctrl Pts',(0.892200538379231,1.54533666301313,-4.82083333333335));
#3666=CARTESIAN_POINT('Ctrl Pts',(0.,1.54533666301313,-4.76250000000002));
#3667=CARTESIAN_POINT('Ctrl Pts',(-0.89220053837923,1.54533666301313,-4.70416666666669));
#3668=CARTESIAN_POINT('Ctrl Pts',(-1.33830080756884,0.772668331506569,-4.64583333333335));
#3669=CARTESIAN_POINT('Ctrl Pts',(-1.78440107675846,2.86471835143391E-15,
-4.58750000000002));
#3670=CARTESIAN_POINT('Ctrl Pts',(-1.33830080756884,-0.772668331506563,
-4.52916666666669));
#3671=CARTESIAN_POINT('Ctrl Pts',(-0.89220053837923,-1.54533666301313,-4.47083333333335));
#3672=CARTESIAN_POINT('Ctrl Pts',(-1.89249159796408E-16,-1.54533666301313,
-4.41250000000002));
#3673=CARTESIAN_POINT('Ctrl Pts',(-1.89249159796408E-16,-1.54533666301313,
-5.20000000000002));
#3674=CARTESIAN_POINT('Ctrl Pts',(0.892200538379229,-1.54533666301313,-5.14166666666669));
#3675=CARTESIAN_POINT('Ctrl Pts',(1.33830080756884,-0.772668331506564,-5.08333333333336));
#3676=CARTESIAN_POINT('Ctrl Pts',(1.78440107675846,2.42766613802444E-15,
-5.02500000000003));
#3677=CARTESIAN_POINT('Ctrl Pts',(1.33830080756885,0.772668331506568,-4.96666666666669));
#3678=CARTESIAN_POINT('Ctrl Pts',(0.892200538379231,1.54533666301313,-4.90833333333336));
#3679=CARTESIAN_POINT('Ctrl Pts',(0.,1.54533666301313,-4.85000000000002));
#3680=CARTESIAN_POINT('Ctrl Pts',(-0.89220053837923,1.54533666301313,-4.79166666666669));
#3681=CARTESIAN_POINT('Ctrl Pts',(-1.33830080756884,0.772668331506569,-4.73333333333336));
#3682=CARTESIAN_POINT('Ctrl Pts',(-1.78440107675846,2.86471835143391E-15,
-4.67500000000002));
#3683=CARTESIAN_POINT('Ctrl Pts',(-1.33830080756884,-0.772668331506563,
-4.61666666666669));
#3684=CARTESIAN_POINT('Ctrl Pts',(-0.89220053837923,-1.54533666301313,-4.55833333333336));
#3685=CARTESIAN_POINT('Ctrl Pts',(-1.89249159796408E-16,-1.54533666301313,
-4.50000000000002));
#3686=CARTESIAN_POINT('Origin',(2.08166817117217E-16,1.66533453693773E-15,
-15.30625));
#3687=CARTESIAN_POINT('',(2.08166817117217E-16,-1.54533666301313,-3.71250000000002));
#3688=CARTESIAN_POINT('',(2.08166817117217E-16,-1.54533666301313,-3.80000000000002));
#3689=CARTESIAN_POINT('',(6.05582794030843E-16,-1.54533666301313,-15.30625));
#3690=CARTESIAN_POINT('Ctrl Pts',(-1.89249159796408E-16,-1.54533666301313,
-4.41250000000002));
#3691=CARTESIAN_POINT('Ctrl Pts',(0.892200538379229,-1.54533666301313,-4.35416666666669));
#3692=CARTESIAN_POINT('Ctrl Pts',(1.33830080756884,-0.772668331506564,-4.29583333333335));
#3693=CARTESIAN_POINT('Ctrl Pts',(1.78440107675846,2.42766613802444E-15,
-4.23750000000002));
#3694=CARTESIAN_POINT('Ctrl Pts',(1.33830080756885,0.772668331506568,-4.17916666666668));
#3695=CARTESIAN_POINT('Ctrl Pts',(0.892200538379231,1.54533666301313,-4.12083333333335));
#3696=CARTESIAN_POINT('Ctrl Pts',(0.,1.54533666301313,-4.06250000000002));
#3697=CARTESIAN_POINT('Ctrl Pts',(-0.89220053837923,1.54533666301313,-4.00416666666669));
#3698=CARTESIAN_POINT('Ctrl Pts',(-1.33830080756884,0.772668331506569,-3.94583333333335));
#3699=CARTESIAN_POINT('Ctrl Pts',(-1.78440107675846,2.86471835143391E-15,
-3.88750000000002));
#3700=CARTESIAN_POINT('Ctrl Pts',(-1.33830080756884,-0.772668331506563,
-3.82916666666669));
#3701=CARTESIAN_POINT('Ctrl Pts',(-0.89220053837923,-1.54533666301313,-3.77083333333335));
#3702=CARTESIAN_POINT('Ctrl Pts',(-1.89249159796408E-16,-1.54533666301313,
-3.71250000000002));
#3703=CARTESIAN_POINT('Ctrl Pts',(-1.89249159796408E-16,-1.54533666301313,
-4.50000000000002));
#3704=CARTESIAN_POINT('Ctrl Pts',(0.892200538379229,-1.54533666301313,-4.44166666666669));
#3705=CARTESIAN_POINT('Ctrl Pts',(1.33830080756884,-0.772668331506564,-4.38333333333336));
#3706=CARTESIAN_POINT('Ctrl Pts',(1.78440107675846,2.42766613802444E-15,
-4.32500000000002));
#3707=CARTESIAN_POINT('Ctrl Pts',(1.33830080756885,0.772668331506568,-4.26666666666669));
#3708=CARTESIAN_POINT('Ctrl Pts',(0.892200538379231,1.54533666301313,-4.20833333333336));
#3709=CARTESIAN_POINT('Ctrl Pts',(0.,1.54533666301313,-4.15000000000002));
#3710=CARTESIAN_POINT('Ctrl Pts',(-0.89220053837923,1.54533666301313,-4.09166666666669));
#3711=CARTESIAN_POINT('Ctrl Pts',(-1.33830080756884,0.772668331506569,-4.03333333333336));
#3712=CARTESIAN_POINT('Ctrl Pts',(-1.78440107675846,2.86471835143391E-15,
-3.97500000000002));
#3713=CARTESIAN_POINT('Ctrl Pts',(-1.33830080756884,-0.772668331506563,
-3.91666666666669));
#3714=CARTESIAN_POINT('Ctrl Pts',(-0.89220053837923,-1.54533666301313,-3.85833333333336));
#3715=CARTESIAN_POINT('Ctrl Pts',(-1.89249159796408E-16,-1.54533666301313,
-3.80000000000002));
#3716=CARTESIAN_POINT('Origin',(2.08166817117217E-16,1.66533453693773E-15,
-15.30625));
#3717=CARTESIAN_POINT('',(2.08166817117217E-16,-1.54533666301313,-3.01250000000002));
#3718=CARTESIAN_POINT('',(2.08166817117217E-16,-1.54533666301313,-3.10000000000002));
#3719=CARTESIAN_POINT('',(6.05582794030843E-16,-1.54533666301313,-15.30625));
#3720=CARTESIAN_POINT('Ctrl Pts',(-1.89249159796408E-16,-1.54533666301313,
-3.71250000000002));
#3721=CARTESIAN_POINT('Ctrl Pts',(0.892200538379229,-1.54533666301313,-3.65416666666669));
#3722=CARTESIAN_POINT('Ctrl Pts',(1.33830080756884,-0.772668331506564,-3.59583333333335));
#3723=CARTESIAN_POINT('Ctrl Pts',(1.78440107675846,2.42766613802444E-15,
-3.53750000000002));
#3724=CARTESIAN_POINT('Ctrl Pts',(1.33830080756885,0.772668331506568,-3.47916666666669));
#3725=CARTESIAN_POINT('Ctrl Pts',(0.892200538379231,1.54533666301313,-3.42083333333335));
#3726=CARTESIAN_POINT('Ctrl Pts',(0.,1.54533666301313,-3.36250000000002));
#3727=CARTESIAN_POINT('Ctrl Pts',(-0.89220053837923,1.54533666301313,-3.30416666666669));
#3728=CARTESIAN_POINT('Ctrl Pts',(-1.33830080756884,0.772668331506569,-3.24583333333335));
#3729=CARTESIAN_POINT('Ctrl Pts',(-1.78440107675846,2.86471835143391E-15,
-3.18750000000002));
#3730=CARTESIAN_POINT('Ctrl Pts',(-1.33830080756884,-0.772668331506563,
-3.12916666666669));
#3731=CARTESIAN_POINT('Ctrl Pts',(-0.89220053837923,-1.54533666301313,-3.07083333333335));
#3732=CARTESIAN_POINT('Ctrl Pts',(-1.89249159796408E-16,-1.54533666301313,
-3.01250000000002));
#3733=CARTESIAN_POINT('Ctrl Pts',(-1.89249159796408E-16,-1.54533666301313,
-3.80000000000002));
#3734=CARTESIAN_POINT('Ctrl Pts',(0.892200538379229,-1.54533666301313,-3.74166666666669));
#3735=CARTESIAN_POINT('Ctrl Pts',(1.33830080756884,-0.772668331506564,-3.68333333333336));
#3736=CARTESIAN_POINT('Ctrl Pts',(1.78440107675846,2.42766613802444E-15,
-3.62500000000002));
#3737=CARTESIAN_POINT('Ctrl Pts',(1.33830080756885,0.772668331506568,-3.56666666666669));
#3738=CARTESIAN_POINT('Ctrl Pts',(0.892200538379231,1.54533666301313,-3.50833333333336));
#3739=CARTESIAN_POINT('Ctrl Pts',(0.,1.54533666301313,-3.45000000000002));
#3740=CARTESIAN_POINT('Ctrl Pts',(-0.89220053837923,1.54533666301313,-3.39166666666669));
#3741=CARTESIAN_POINT('Ctrl Pts',(-1.33830080756884,0.772668331506569,-3.33333333333336));
#3742=CARTESIAN_POINT('Ctrl Pts',(-1.78440107675846,2.86471835143391E-15,
-3.27500000000002));
#3743=CARTESIAN_POINT('Ctrl Pts',(-1.33830080756884,-0.772668331506563,
-3.21666666666669));
#3744=CARTESIAN_POINT('Ctrl Pts',(-0.89220053837923,-1.54533666301313,-3.15833333333336));
#3745=CARTESIAN_POINT('Ctrl Pts',(-1.89249159796408E-16,-1.54533666301313,
-3.10000000000002));
#3746=CARTESIAN_POINT('Origin',(2.08166817117217E-16,1.66533453693773E-15,
-15.30625));
#3747=CARTESIAN_POINT('',(2.08166817117217E-16,-1.54533666301313,-2.31250000000002));
#3748=CARTESIAN_POINT('',(2.08166817117217E-16,-1.54533666301313,-2.40000000000002));
#3749=CARTESIAN_POINT('',(6.05582794030843E-16,-1.54533666301313,-15.30625));
#3750=CARTESIAN_POINT('Ctrl Pts',(-1.89249159796408E-16,-1.54533666301313,
-3.01250000000002));
#3751=CARTESIAN_POINT('Ctrl Pts',(0.892200538379229,-1.54533666301313,-2.95416666666669));
#3752=CARTESIAN_POINT('Ctrl Pts',(1.33830080756884,-0.772668331506564,-2.89583333333335));
#3753=CARTESIAN_POINT('Ctrl Pts',(1.78440107675846,2.42766613802444E-15,
-2.83750000000002));
#3754=CARTESIAN_POINT('Ctrl Pts',(1.33830080756885,0.772668331506568,-2.77916666666669));
#3755=CARTESIAN_POINT('Ctrl Pts',(0.892200538379231,1.54533666301313,-2.72083333333335));
#3756=CARTESIAN_POINT('Ctrl Pts',(0.,1.54533666301313,-2.66250000000002));
#3757=CARTESIAN_POINT('Ctrl Pts',(-0.89220053837923,1.54533666301313,-2.60416666666669));
#3758=CARTESIAN_POINT('Ctrl Pts',(-1.33830080756884,0.772668331506569,-2.54583333333335));
#3759=CARTESIAN_POINT('Ctrl Pts',(-1.78440107675846,2.86471835143391E-15,
-2.48750000000002));
#3760=CARTESIAN_POINT('Ctrl Pts',(-1.33830080756884,-0.772668331506563,
-2.42916666666669));
#3761=CARTESIAN_POINT('Ctrl Pts',(-0.89220053837923,-1.54533666301313,-2.37083333333335));
#3762=CARTESIAN_POINT('Ctrl Pts',(-1.89249159796408E-16,-1.54533666301313,
-2.31250000000002));
#3763=CARTESIAN_POINT('Ctrl Pts',(-1.89249159796408E-16,-1.54533666301313,
-3.10000000000002));
#3764=CARTESIAN_POINT('Ctrl Pts',(0.892200538379229,-1.54533666301313,-3.04166666666669));
#3765=CARTESIAN_POINT('Ctrl Pts',(1.33830080756884,-0.772668331506564,-2.98333333333336));
#3766=CARTESIAN_POINT('Ctrl Pts',(1.78440107675846,2.42766613802444E-15,
-2.92500000000002));
#3767=CARTESIAN_POINT('Ctrl Pts',(1.33830080756885,0.772668331506568,-2.86666666666669));
#3768=CARTESIAN_POINT('Ctrl Pts',(0.892200538379231,1.54533666301313,-2.80833333333336));
#3769=CARTESIAN_POINT('Ctrl Pts',(0.,1.54533666301313,-2.75000000000002));
#3770=CARTESIAN_POINT('Ctrl Pts',(-0.89220053837923,1.54533666301313,-2.69166666666669));
#3771=CARTESIAN_POINT('Ctrl Pts',(-1.33830080756884,0.772668331506569,-2.63333333333336));
#3772=CARTESIAN_POINT('Ctrl Pts',(-1.78440107675846,2.86471835143391E-15,
-2.57500000000002));
#3773=CARTESIAN_POINT('Ctrl Pts',(-1.33830080756884,-0.772668331506563,
-2.51666666666669));
#3774=CARTESIAN_POINT('Ctrl Pts',(-0.89220053837923,-1.54533666301313,-2.45833333333336));
#3775=CARTESIAN_POINT('Ctrl Pts',(-1.89249159796408E-16,-1.54533666301313,
-2.40000000000002));
#3776=CARTESIAN_POINT('Origin',(2.08166817117217E-16,1.66533453693773E-15,
-15.30625));
#3777=CARTESIAN_POINT('',(2.08166817117217E-16,-1.54533666301313,-1.61250000000002));
#3778=CARTESIAN_POINT('',(2.08166817117217E-16,-1.54533666301313,-1.70000000000002));
#3779=CARTESIAN_POINT('',(6.05582794030843E-16,-1.54533666301313,-15.30625));
#3780=CARTESIAN_POINT('',(0.,1.54533666301313,-1.96250000000002));
#3781=CARTESIAN_POINT('Ctrl Pts',(0.,1.54533666301313,-1.96250000000002));
#3782=CARTESIAN_POINT('Ctrl Pts',(-0.892200538379231,1.54533666301313,-1.90416666666668));
#3783=CARTESIAN_POINT('Ctrl Pts',(-1.33830080756884,0.772668331506567,-1.84583333333335));
#3784=CARTESIAN_POINT('Ctrl Pts',(-1.78440107675846,6.78723814955886E-16,
-1.78750000000002));
#3785=CARTESIAN_POINT('Ctrl Pts',(-1.33830080756884,-0.772668331506565,
-1.72916666666668));
#3786=CARTESIAN_POINT('Ctrl Pts',(-0.89220053837923,-1.54533666301313,-1.67083333333335));
#3787=CARTESIAN_POINT('Ctrl Pts',(-1.89249159796408E-16,-1.54533666301313,
-1.61250000000002));
#3788=CARTESIAN_POINT('Ctrl Pts',(-1.89249159796408E-16,-1.54533666301313,
-2.31250000000002));
#3789=CARTESIAN_POINT('Ctrl Pts',(0.892200538379229,-1.54533666301313,-2.25416666666669));
#3790=CARTESIAN_POINT('Ctrl Pts',(1.33830080756884,-0.772668331506564,-2.19583333333335));
#3791=CARTESIAN_POINT('Ctrl Pts',(1.78440107675846,2.42766613802444E-15,
-2.13750000000002));
#3792=CARTESIAN_POINT('Ctrl Pts',(1.33830080756885,0.772668331506568,-2.07916666666669));
#3793=CARTESIAN_POINT('Ctrl Pts',(0.892200538379231,1.54533666301313,-2.02083333333335));
#3794=CARTESIAN_POINT('Ctrl Pts',(0.,1.54533666301313,-1.96250000000002));
#3795=CARTESIAN_POINT('',(0.,1.54533666301313,-2.05000000000002));
#3796=CARTESIAN_POINT('Ctrl Pts',(-1.89249159796408E-16,-1.54533666301313,
-2.40000000000002));
#3797=CARTESIAN_POINT('Ctrl Pts',(0.892200538379229,-1.54533666301313,-2.34166666666669));
#3798=CARTESIAN_POINT('Ctrl Pts',(1.33830080756884,-0.772668331506564,-2.28333333333336));
#3799=CARTESIAN_POINT('Ctrl Pts',(1.78440107675846,2.42766613802444E-15,
-2.22500000000002));
#3800=CARTESIAN_POINT('Ctrl Pts',(1.33830080756885,0.772668331506568,-2.16666666666669));
#3801=CARTESIAN_POINT('Ctrl Pts',(0.892200538379231,1.54533666301313,-2.10833333333336));
#3802=CARTESIAN_POINT('Ctrl Pts',(0.,1.54533666301313,-2.05000000000002));
#3803=CARTESIAN_POINT('Ctrl Pts',(0.,1.54533666301313,-2.05000000000002));
#3804=CARTESIAN_POINT('Ctrl Pts',(-0.892200538379231,1.54533666301313,-1.99166666666669));
#3805=CARTESIAN_POINT('Ctrl Pts',(-1.33830080756884,0.772668331506567,-1.93333333333336));
#3806=CARTESIAN_POINT('Ctrl Pts',(-1.78440107675846,6.78723814955886E-16,
-1.87500000000002));
#3807=CARTESIAN_POINT('Ctrl Pts',(-1.33830080756884,-0.772668331506565,
-1.81666666666669));
#3808=CARTESIAN_POINT('Ctrl Pts',(-0.89220053837923,-1.54533666301313,-1.75833333333336));
#3809=CARTESIAN_POINT('Ctrl Pts',(-1.89249159796408E-16,-1.54533666301313,
-1.70000000000002));
#3810=CARTESIAN_POINT('Origin',(2.08166817117217E-16,1.66533453693773E-15,
-15.30625));
#3811=CARTESIAN_POINT('',(2.08166817117217E-16,-1.54533666301313,-0.912500000000018));
#3812=CARTESIAN_POINT('',(2.08166817117217E-16,-1.54533666301313,-1.00000000000002));
#3813=CARTESIAN_POINT('',(6.05582794030843E-16,-1.54533666301313,-15.30625));
#3814=CARTESIAN_POINT('Ctrl Pts',(-1.89249159796408E-16,-1.54533666301313,
-1.61250000000002));
#3815=CARTESIAN_POINT('Ctrl Pts',(0.892200538379229,-1.54533666301313,-1.55416666666669));
#3816=CARTESIAN_POINT('Ctrl Pts',(1.33830080756884,-0.772668331506566,-1.49583333333335));
#3817=CARTESIAN_POINT('Ctrl Pts',(1.78440107675846,2.41671601546418E-16,
-1.43750000000002));
#3818=CARTESIAN_POINT('Ctrl Pts',(1.33830080756885,0.772668331506565,-1.37916666666668));
#3819=CARTESIAN_POINT('Ctrl Pts',(0.892200538379231,1.54533666301313,-1.32083333333335));
#3820=CARTESIAN_POINT('Ctrl Pts',(0.,1.54533666301313,-1.26250000000002));
#3821=CARTESIAN_POINT('Ctrl Pts',(-0.89220053837923,1.54533666301313,-1.20416666666669));
#3822=CARTESIAN_POINT('Ctrl Pts',(-1.33830080756884,0.772668331506567,-1.14583333333335));
#3823=CARTESIAN_POINT('Ctrl Pts',(-1.78440107675846,6.78723814955886E-16,
-1.08750000000002));
#3824=CARTESIAN_POINT('Ctrl Pts',(-1.33830080756884,-0.772668331506565,
-1.02916666666669));
#3825=CARTESIAN_POINT('Ctrl Pts',(-0.89220053837923,-1.54533666301313,-0.970833333333352));
#3826=CARTESIAN_POINT('Ctrl Pts',(-1.89249159796408E-16,-1.54533666301313,
-0.912500000000018));
#3827=CARTESIAN_POINT('Ctrl Pts',(-1.89249159796408E-16,-1.54533666301313,
-1.70000000000002));
#3828=CARTESIAN_POINT('Ctrl Pts',(0.892200538379229,-1.54533666301313,-1.64166666666669));
#3829=CARTESIAN_POINT('Ctrl Pts',(1.33830080756884,-0.772668331506566,-1.58333333333336));
#3830=CARTESIAN_POINT('Ctrl Pts',(1.78440107675846,2.41671601546418E-16,
-1.52500000000002));
#3831=CARTESIAN_POINT('Ctrl Pts',(1.33830080756885,0.772668331506565,-1.46666666666669));
#3832=CARTESIAN_POINT('Ctrl Pts',(0.892200538379231,1.54533666301313,-1.40833333333336));
#3833=CARTESIAN_POINT('Ctrl Pts',(0.,1.54533666301313,-1.35000000000002));
#3834=CARTESIAN_POINT('Ctrl Pts',(-0.89220053837923,1.54533666301313,-1.29166666666669));
#3835=CARTESIAN_POINT('Ctrl Pts',(-1.33830080756884,0.772668331506567,-1.23333333333336));
#3836=CARTESIAN_POINT('Ctrl Pts',(-1.78440107675846,6.78723814955886E-16,
-1.17500000000002));
#3837=CARTESIAN_POINT('Ctrl Pts',(-1.33830080756884,-0.772668331506565,
-1.11666666666669));
#3838=CARTESIAN_POINT('Ctrl Pts',(-0.89220053837923,-1.54533666301313,-1.05833333333336));
#3839=CARTESIAN_POINT('Ctrl Pts',(-1.89249159796408E-16,-1.54533666301313,
-1.00000000000002));
#3840=CARTESIAN_POINT('Origin',(2.08166817117217E-16,1.66533453693773E-15,
-15.30625));
#3841=CARTESIAN_POINT('',(2.08166817117217E-16,-1.54533666301313,-0.212500000000018));
#3842=CARTESIAN_POINT('',(2.08166817117217E-16,-1.54533666301313,-0.300000000000022));
#3843=CARTESIAN_POINT('',(6.05582794030843E-16,-1.54533666301313,-15.30625));
#3844=CARTESIAN_POINT('Ctrl Pts',(-1.89249159796408E-16,-1.54533666301313,
-0.912500000000018));
#3845=CARTESIAN_POINT('Ctrl Pts',(0.892200538379229,-1.54533666301313,-0.854166666666685));
#3846=CARTESIAN_POINT('Ctrl Pts',(1.33830080756884,-0.772668331506566,-0.795833333333352));
#3847=CARTESIAN_POINT('Ctrl Pts',(1.78440107675846,2.41671601546418E-16,
-0.737500000000018));
#3848=CARTESIAN_POINT('Ctrl Pts',(1.33830080756885,0.772668331506565,-0.679166666666685));
#3849=CARTESIAN_POINT('Ctrl Pts',(0.892200538379231,1.54533666301313,-0.620833333333352));
#3850=CARTESIAN_POINT('Ctrl Pts',(0.,1.54533666301313,-0.562500000000018));
#3851=CARTESIAN_POINT('Ctrl Pts',(-0.89220053837923,1.54533666301313,-0.504166666666685));
#3852=CARTESIAN_POINT('Ctrl Pts',(-1.33830080756884,0.772668331506567,-0.445833333333351));
#3853=CARTESIAN_POINT('Ctrl Pts',(-1.78440107675846,6.78723814955886E-16,
-0.387500000000018));
#3854=CARTESIAN_POINT('Ctrl Pts',(-1.33830080756884,-0.772668331506565,
-0.329166666666685));
#3855=CARTESIAN_POINT('Ctrl Pts',(-0.89220053837923,-1.54533666301313,-0.270833333333352));
#3856=CARTESIAN_POINT('Ctrl Pts',(-1.89249159796408E-16,-1.54533666301313,
-0.212500000000018));
#3857=CARTESIAN_POINT('Ctrl Pts',(-1.89249159796408E-16,-1.54533666301313,
-1.00000000000002));
#3858=CARTESIAN_POINT('Ctrl Pts',(0.892200538379229,-1.54533666301313,-0.941666666666689));
#3859=CARTESIAN_POINT('Ctrl Pts',(1.33830080756884,-0.772668331506566,-0.883333333333356));
#3860=CARTESIAN_POINT('Ctrl Pts',(1.78440107675846,2.41671601546418E-16,
-0.825000000000022));
#3861=CARTESIAN_POINT('Ctrl Pts',(1.33830080756885,0.772668331506565,-0.766666666666689));
#3862=CARTESIAN_POINT('Ctrl Pts',(0.892200538379231,1.54533666301313,-0.708333333333356));
#3863=CARTESIAN_POINT('Ctrl Pts',(0.,1.54533666301313,-0.650000000000023));
#3864=CARTESIAN_POINT('Ctrl Pts',(-0.89220053837923,1.54533666301313,-0.591666666666689));
#3865=CARTESIAN_POINT('Ctrl Pts',(-1.33830080756884,0.772668331506567,-0.533333333333356));
#3866=CARTESIAN_POINT('Ctrl Pts',(-1.78440107675846,6.78723814955886E-16,
-0.475000000000023));
#3867=CARTESIAN_POINT('Ctrl Pts',(-1.33830080756884,-0.772668331506565,
-0.416666666666689));
#3868=CARTESIAN_POINT('Ctrl Pts',(-0.89220053837923,-1.54533666301313,-0.358333333333356));
#3869=CARTESIAN_POINT('Ctrl Pts',(-1.89249159796408E-16,-1.54533666301313,
-0.300000000000022));
#3870=CARTESIAN_POINT('Origin',(2.08166817117217E-16,1.66533453693773E-15,
-15.30625));
#3871=CARTESIAN_POINT('',(2.08166817117217E-16,-1.54533666301313,0.487499999999982));
#3872=CARTESIAN_POINT('',(2.08166817117217E-16,-1.54533666301313,0.399999999999978));
#3873=CARTESIAN_POINT('',(6.05582794030843E-16,-1.54533666301313,-15.30625));
#3874=CARTESIAN_POINT('Ctrl Pts',(-1.89249159796408E-16,-1.54533666301313,
-0.212500000000018));
#3875=CARTESIAN_POINT('Ctrl Pts',(0.892200538379229,-1.54533666301313,-0.154166666666685));
#3876=CARTESIAN_POINT('Ctrl Pts',(1.33830080756884,-0.772668331506566,-0.0958333333333514));
#3877=CARTESIAN_POINT('Ctrl Pts',(1.78440107675846,2.41671601546418E-16,
-0.0375000000000184));
#3878=CARTESIAN_POINT('Ctrl Pts',(1.33830080756885,0.772668331506565,0.020833333333315));
#3879=CARTESIAN_POINT('Ctrl Pts',(0.892200538379231,1.54533666301313,0.0791666666666484));
#3880=CARTESIAN_POINT('Ctrl Pts',(0.,1.54533666301313,0.137499999999982));
#3881=CARTESIAN_POINT('Ctrl Pts',(-0.89220053837923,1.54533666301313,0.195833333333315));
#3882=CARTESIAN_POINT('Ctrl Pts',(-1.33830080756884,0.772668331506567,0.254166666666648));
#3883=CARTESIAN_POINT('Ctrl Pts',(-1.78440107675846,6.78723814955886E-16,
0.312499999999982));
#3884=CARTESIAN_POINT('Ctrl Pts',(-1.33830080756884,-0.772668331506565,
0.370833333333315));
#3885=CARTESIAN_POINT('Ctrl Pts',(-0.89220053837923,-1.54533666301313,0.429166666666649));
#3886=CARTESIAN_POINT('Ctrl Pts',(-1.89249159796408E-16,-1.54533666301313,
0.487499999999982));
#3887=CARTESIAN_POINT('Ctrl Pts',(-1.89249159796408E-16,-1.54533666301313,
-0.300000000000022));
#3888=CARTESIAN_POINT('Ctrl Pts',(0.892200538379229,-1.54533666301313,-0.241666666666689));
#3889=CARTESIAN_POINT('Ctrl Pts',(1.33830080756884,-0.772668331506566,-0.183333333333356));
#3890=CARTESIAN_POINT('Ctrl Pts',(1.78440107675846,2.41671601546418E-16,
-0.125000000000023));
#3891=CARTESIAN_POINT('Ctrl Pts',(1.33830080756885,0.772668331506565,-0.0666666666666892));
#3892=CARTESIAN_POINT('Ctrl Pts',(0.892200538379231,1.54533666301313,-0.00833333333335583));
#3893=CARTESIAN_POINT('Ctrl Pts',(0.,1.54533666301313,0.0499999999999776));
#3894=CARTESIAN_POINT('Ctrl Pts',(-0.89220053837923,1.54533666301313,0.108333333333311));
#3895=CARTESIAN_POINT('Ctrl Pts',(-1.33830080756884,0.772668331506567,0.166666666666644));
#3896=CARTESIAN_POINT('Ctrl Pts',(-1.78440107675846,6.78723814955886E-16,
0.224999999999977));
#3897=CARTESIAN_POINT('Ctrl Pts',(-1.33830080756884,-0.772668331506565,
0.283333333333311));
#3898=CARTESIAN_POINT('Ctrl Pts',(-0.89220053837923,-1.54533666301313,0.341666666666644));
#3899=CARTESIAN_POINT('Ctrl Pts',(-1.89249159796408E-16,-1.54533666301313,
0.399999999999978));
#3900=CARTESIAN_POINT('Origin',(2.08166817117217E-16,1.66533453693773E-15,
-15.30625));
#3901=CARTESIAN_POINT('',(2.08166817117217E-16,-1.54533666301313,1.18749999999998));
#3902=CARTESIAN_POINT('',(2.08166817117217E-16,-1.54533666301313,1.09999999999998));
#3903=CARTESIAN_POINT('',(6.05582794030843E-16,-1.54533666301313,-15.30625));
#3904=CARTESIAN_POINT('Ctrl Pts',(-1.89249159796408E-16,-1.54533666301313,
0.487499999999982));
#3905=CARTESIAN_POINT('Ctrl Pts',(0.892200538379229,-1.54533666301313,0.545833333333315));
#3906=CARTESIAN_POINT('Ctrl Pts',(1.33830080756884,-0.772668331506566,0.604166666666649));
#3907=CARTESIAN_POINT('Ctrl Pts',(1.78440107675846,2.41671601546418E-16,
0.662499999999982));
#3908=CARTESIAN_POINT('Ctrl Pts',(1.33830080756885,0.772668331506565,0.720833333333315));
#3909=CARTESIAN_POINT('Ctrl Pts',(0.892200538379231,1.54533666301313,0.779166666666649));
#3910=CARTESIAN_POINT('Ctrl Pts',(0.,1.54533666301313,0.837499999999982));
#3911=CARTESIAN_POINT('Ctrl Pts',(-0.89220053837923,1.54533666301313,0.895833333333316));
#3912=CARTESIAN_POINT('Ctrl Pts',(-1.33830080756884,0.772668331506567,0.954166666666648));
#3913=CARTESIAN_POINT('Ctrl Pts',(-1.78440107675846,6.78723814955886E-16,
1.01249999999998));
#3914=CARTESIAN_POINT('Ctrl Pts',(-1.33830080756884,-0.772668331506565,
1.07083333333332));
#3915=CARTESIAN_POINT('Ctrl Pts',(-0.89220053837923,-1.54533666301313,1.12916666666665));
#3916=CARTESIAN_POINT('Ctrl Pts',(-1.89249159796408E-16,-1.54533666301313,
1.18749999999998));
#3917=CARTESIAN_POINT('Ctrl Pts',(-1.89249159796408E-16,-1.54533666301313,
0.399999999999978));
#3918=CARTESIAN_POINT('Ctrl Pts',(0.892200538379229,-1.54533666301313,0.458333333333311));
#3919=CARTESIAN_POINT('Ctrl Pts',(1.33830080756884,-0.772668331506566,0.516666666666644));
#3920=CARTESIAN_POINT('Ctrl Pts',(1.78440107675846,2.41671601546418E-16,
0.574999999999978));
#3921=CARTESIAN_POINT('Ctrl Pts',(1.33830080756885,0.772668331506565,0.63333333333331));
#3922=CARTESIAN_POINT('Ctrl Pts',(0.892200538379231,1.54533666301313,0.691666666666644));
#3923=CARTESIAN_POINT('Ctrl Pts',(0.,1.54533666301313,0.749999999999977));
#3924=CARTESIAN_POINT('Ctrl Pts',(-0.89220053837923,1.54533666301313,0.808333333333311));
#3925=CARTESIAN_POINT('Ctrl Pts',(-1.33830080756884,0.772668331506567,0.866666666666644));
#3926=CARTESIAN_POINT('Ctrl Pts',(-1.78440107675846,6.78723814955886E-16,
0.924999999999977));
#3927=CARTESIAN_POINT('Ctrl Pts',(-1.33830080756884,-0.772668331506565,
0.983333333333311));
#3928=CARTESIAN_POINT('Ctrl Pts',(-0.89220053837923,-1.54533666301313,1.04166666666664));
#3929=CARTESIAN_POINT('Ctrl Pts',(-1.89249159796408E-16,-1.54533666301313,
1.09999999999998));
#3930=CARTESIAN_POINT('Origin',(2.08166817117217E-16,1.66533453693773E-15,
-15.30625));
#3931=CARTESIAN_POINT('',(2.08166817117217E-16,-1.54533666301313,1.88749999999998));
#3932=CARTESIAN_POINT('',(2.08166817117217E-16,-1.54533666301313,1.79999999999998));
#3933=CARTESIAN_POINT('',(6.05582794030843E-16,-1.54533666301313,-15.30625));
#3934=CARTESIAN_POINT('Ctrl Pts',(-1.89249159796408E-16,-1.54533666301313,
1.18749999999998));
#3935=CARTESIAN_POINT('Ctrl Pts',(0.892200538379229,-1.54533666301313,1.24583333333331));
#3936=CARTESIAN_POINT('Ctrl Pts',(1.33830080756884,-0.772668331506566,1.30416666666665));
#3937=CARTESIAN_POINT('Ctrl Pts',(1.78440107675846,2.41671601546418E-16,
1.36249999999998));
#3938=CARTESIAN_POINT('Ctrl Pts',(1.33830080756885,0.772668331506565,1.42083333333331));
#3939=CARTESIAN_POINT('Ctrl Pts',(0.892200538379231,1.54533666301313,1.47916666666665));
#3940=CARTESIAN_POINT('Ctrl Pts',(0.,1.54533666301313,1.53749999999998));
#3941=CARTESIAN_POINT('Ctrl Pts',(-0.89220053837923,1.54533666301313,1.59583333333332));
#3942=CARTESIAN_POINT('Ctrl Pts',(-1.33830080756884,0.772668331506567,1.65416666666665));
#3943=CARTESIAN_POINT('Ctrl Pts',(-1.78440107675846,6.78723814955886E-16,
1.71249999999998));
#3944=CARTESIAN_POINT('Ctrl Pts',(-1.33830080756884,-0.772668331506565,
1.77083333333332));
#3945=CARTESIAN_POINT('Ctrl Pts',(-0.89220053837923,-1.54533666301313,1.82916666666665));
#3946=CARTESIAN_POINT('Ctrl Pts',(-1.89249159796408E-16,-1.54533666301313,
1.88749999999998));
#3947=CARTESIAN_POINT('Ctrl Pts',(-1.89249159796408E-16,-1.54533666301313,
1.09999999999998));
#3948=CARTESIAN_POINT('Ctrl Pts',(0.892200538379229,-1.54533666301313,1.15833333333331));
#3949=CARTESIAN_POINT('Ctrl Pts',(1.33830080756884,-0.772668331506566,1.21666666666664));
#3950=CARTESIAN_POINT('Ctrl Pts',(1.78440107675846,2.41671601546418E-16,
1.27499999999998));
#3951=CARTESIAN_POINT('Ctrl Pts',(1.33830080756885,0.772668331506565,1.33333333333331));
#3952=CARTESIAN_POINT('Ctrl Pts',(0.892200538379231,1.54533666301313,1.39166666666664));
#3953=CARTESIAN_POINT('Ctrl Pts',(0.,1.54533666301313,1.44999999999998));
#3954=CARTESIAN_POINT('Ctrl Pts',(-0.89220053837923,1.54533666301313,1.50833333333331));
#3955=CARTESIAN_POINT('Ctrl Pts',(-1.33830080756884,0.772668331506567,1.56666666666664));
#3956=CARTESIAN_POINT('Ctrl Pts',(-1.78440107675846,6.78723814955886E-16,
1.62499999999998));
#3957=CARTESIAN_POINT('Ctrl Pts',(-1.33830080756884,-0.772668331506565,
1.68333333333331));
#3958=CARTESIAN_POINT('Ctrl Pts',(-0.89220053837923,-1.54533666301313,1.74166666666664));
#3959=CARTESIAN_POINT('Ctrl Pts',(-1.89249159796408E-16,-1.54533666301313,
1.79999999999998));
#3960=CARTESIAN_POINT('Origin',(2.08166817117217E-16,1.66533453693773E-15,
-15.30625));
#3961=CARTESIAN_POINT('',(2.08166817117217E-16,-1.54533666301313,2.58749999999998));
#3962=CARTESIAN_POINT('',(2.08166817117217E-16,-1.54533666301313,2.49999999999998));
#3963=CARTESIAN_POINT('',(6.05582794030843E-16,-1.54533666301313,-15.30625));
#3964=CARTESIAN_POINT('Ctrl Pts',(-1.89249159796408E-16,-1.54533666301313,
1.88749999999998));
#3965=CARTESIAN_POINT('Ctrl Pts',(0.892200538379229,-1.54533666301313,1.94583333333332));
#3966=CARTESIAN_POINT('Ctrl Pts',(1.33830080756884,-0.772668331506566,2.00416666666665));
#3967=CARTESIAN_POINT('Ctrl Pts',(1.78440107675846,2.41671601546418E-16,
2.06249999999998));
#3968=CARTESIAN_POINT('Ctrl Pts',(1.33830080756885,0.772668331506565,2.12083333333331));
#3969=CARTESIAN_POINT('Ctrl Pts',(0.892200538379231,1.54533666301313,2.17916666666665));
#3970=CARTESIAN_POINT('Ctrl Pts',(0.,1.54533666301313,2.23749999999998));
#3971=CARTESIAN_POINT('Ctrl Pts',(-0.89220053837923,1.54533666301313,2.29583333333331));
#3972=CARTESIAN_POINT('Ctrl Pts',(-1.33830080756884,0.772668331506567,2.35416666666665));
#3973=CARTESIAN_POINT('Ctrl Pts',(-1.78440107675846,6.78723814955886E-16,
2.41249999999998));
#3974=CARTESIAN_POINT('Ctrl Pts',(-1.33830080756884,-0.772668331506565,
2.47083333333332));
#3975=CARTESIAN_POINT('Ctrl Pts',(-0.89220053837923,-1.54533666301313,2.52916666666665));
#3976=CARTESIAN_POINT('Ctrl Pts',(-1.89249159796408E-16,-1.54533666301313,
2.58749999999998));
#3977=CARTESIAN_POINT('Ctrl Pts',(-1.89249159796408E-16,-1.54533666301313,
1.79999999999998));
#3978=CARTESIAN_POINT('Ctrl Pts',(0.892200538379229,-1.54533666301313,1.85833333333331));
#3979=CARTESIAN_POINT('Ctrl Pts',(1.33830080756884,-0.772668331506566,1.91666666666664));
#3980=CARTESIAN_POINT('Ctrl Pts',(1.78440107675846,2.41671601546418E-16,
1.97499999999998));
#3981=CARTESIAN_POINT('Ctrl Pts',(1.33830080756885,0.772668331506565,2.03333333333331));
#3982=CARTESIAN_POINT('Ctrl Pts',(0.892200538379231,1.54533666301313,2.09166666666664));
#3983=CARTESIAN_POINT('Ctrl Pts',(0.,1.54533666301313,2.14999999999998));
#3984=CARTESIAN_POINT('Ctrl Pts',(-0.89220053837923,1.54533666301313,2.20833333333331));
#3985=CARTESIAN_POINT('Ctrl Pts',(-1.33830080756884,0.772668331506567,2.26666666666664));
#3986=CARTESIAN_POINT('Ctrl Pts',(-1.78440107675846,6.78723814955886E-16,
2.32499999999998));
#3987=CARTESIAN_POINT('Ctrl Pts',(-1.33830080756884,-0.772668331506565,
2.38333333333331));
#3988=CARTESIAN_POINT('Ctrl Pts',(-0.89220053837923,-1.54533666301313,2.44166666666664));
#3989=CARTESIAN_POINT('Ctrl Pts',(-1.89249159796408E-16,-1.54533666301313,
2.49999999999998));
#3990=CARTESIAN_POINT('Origin',(2.08166817117217E-16,1.66533453693773E-15,
-15.30625));
#3991=CARTESIAN_POINT('',(2.08166817117217E-16,-1.54533666301313,3.28749999999998));
#3992=CARTESIAN_POINT('',(2.08166817117217E-16,-1.54533666301313,3.19999999999998));
#3993=CARTESIAN_POINT('',(6.05582794030843E-16,-1.54533666301313,-15.30625));
#3994=CARTESIAN_POINT('Ctrl Pts',(-1.89249159796408E-16,-1.54533666301313,
2.58749999999998));
#3995=CARTESIAN_POINT('Ctrl Pts',(0.892200538379229,-1.54533666301313,2.64583333333332));
#3996=CARTESIAN_POINT('Ctrl Pts',(1.33830080756884,-0.772668331506566,2.70416666666665));
#3997=CARTESIAN_POINT('Ctrl Pts',(1.78440107675846,2.41671601546418E-16,
2.76249999999998));
#3998=CARTESIAN_POINT('Ctrl Pts',(1.33830080756885,0.772668331506565,2.82083333333332));
#3999=CARTESIAN_POINT('Ctrl Pts',(0.892200538379231,1.54533666301313,2.87916666666665));
#4000=CARTESIAN_POINT('Ctrl Pts',(0.,1.54533666301313,2.93749999999998));
#4001=CARTESIAN_POINT('Ctrl Pts',(-0.89220053837923,1.54533666301313,2.99583333333331));
#4002=CARTESIAN_POINT('Ctrl Pts',(-1.33830080756884,0.772668331506567,3.05416666666665));
#4003=CARTESIAN_POINT('Ctrl Pts',(-1.78440107675846,6.78723814955886E-16,
3.11249999999998));
#4004=CARTESIAN_POINT('Ctrl Pts',(-1.33830080756884,-0.772668331506565,
3.17083333333332));
#4005=CARTESIAN_POINT('Ctrl Pts',(-0.89220053837923,-1.54533666301313,3.22916666666665));
#4006=CARTESIAN_POINT('Ctrl Pts',(-1.89249159796408E-16,-1.54533666301313,
3.28749999999998));
#4007=CARTESIAN_POINT('Ctrl Pts',(-1.89249159796408E-16,-1.54533666301313,
2.49999999999998));
#4008=CARTESIAN_POINT('Ctrl Pts',(0.892200538379229,-1.54533666301313,2.55833333333331));
#4009=CARTESIAN_POINT('Ctrl Pts',(1.33830080756884,-0.772668331506566,2.61666666666664));
#4010=CARTESIAN_POINT('Ctrl Pts',(1.78440107675846,2.41671601546418E-16,
2.67499999999998));
#4011=CARTESIAN_POINT('Ctrl Pts',(1.33830080756885,0.772668331506565,2.73333333333331));
#4012=CARTESIAN_POINT('Ctrl Pts',(0.892200538379231,1.54533666301313,2.79166666666664));
#4013=CARTESIAN_POINT('Ctrl Pts',(0.,1.54533666301313,2.84999999999998));
#4014=CARTESIAN_POINT('Ctrl Pts',(-0.89220053837923,1.54533666301313,2.90833333333331));
#4015=CARTESIAN_POINT('Ctrl Pts',(-1.33830080756884,0.772668331506567,2.96666666666664));
#4016=CARTESIAN_POINT('Ctrl Pts',(-1.78440107675846,6.78723814955886E-16,
3.02499999999998));
#4017=CARTESIAN_POINT('Ctrl Pts',(-1.33830080756884,-0.772668331506565,
3.08333333333331));
#4018=CARTESIAN_POINT('Ctrl Pts',(-0.89220053837923,-1.54533666301313,3.14166666666664));
#4019=CARTESIAN_POINT('Ctrl Pts',(-1.89249159796408E-16,-1.54533666301313,
3.19999999999998));
#4020=CARTESIAN_POINT('Origin',(2.08166817117217E-16,1.66533453693773E-15,
-15.30625));
#4021=CARTESIAN_POINT('',(2.08166817117217E-16,-1.54533666301313,3.98749999999998));
#4022=CARTESIAN_POINT('',(2.08166817117217E-16,-1.54533666301313,3.89999999999998));
#4023=CARTESIAN_POINT('',(6.05582794030843E-16,-1.54533666301313,-15.30625));
#4024=CARTESIAN_POINT('Ctrl Pts',(-1.89249159796408E-16,-1.54533666301313,
3.28749999999998));
#4025=CARTESIAN_POINT('Ctrl Pts',(0.892200538379229,-1.54533666301313,3.34583333333332));
#4026=CARTESIAN_POINT('Ctrl Pts',(1.33830080756884,-0.772668331506566,3.40416666666665));
#4027=CARTESIAN_POINT('Ctrl Pts',(1.78440107675846,2.41671601546418E-16,
3.46249999999998));
#4028=CARTESIAN_POINT('Ctrl Pts',(1.33830080756885,0.772668331506565,3.52083333333332));
#4029=CARTESIAN_POINT('Ctrl Pts',(0.892200538379231,1.54533666301313,3.57916666666665));
#4030=CARTESIAN_POINT('Ctrl Pts',(0.,1.54533666301313,3.63749999999998));
#4031=CARTESIAN_POINT('Ctrl Pts',(-0.89220053837923,1.54533666301313,3.69583333333332));
#4032=CARTESIAN_POINT('Ctrl Pts',(-1.33830080756884,0.772668331506567,3.75416666666665));
#4033=CARTESIAN_POINT('Ctrl Pts',(-1.78440107675846,6.78723814955886E-16,
3.81249999999998));
#4034=CARTESIAN_POINT('Ctrl Pts',(-1.33830080756884,-0.772668331506565,
3.87083333333331));
#4035=CARTESIAN_POINT('Ctrl Pts',(-0.89220053837923,-1.54533666301313,3.92916666666665));
#4036=CARTESIAN_POINT('Ctrl Pts',(-1.89249159796408E-16,-1.54533666301313,
3.98749999999998));
#4037=CARTESIAN_POINT('Ctrl Pts',(-1.89249159796408E-16,-1.54533666301313,
3.19999999999998));
#4038=CARTESIAN_POINT('Ctrl Pts',(0.892200538379229,-1.54533666301313,3.25833333333331));
#4039=CARTESIAN_POINT('Ctrl Pts',(1.33830080756884,-0.772668331506566,3.31666666666664));
#4040=CARTESIAN_POINT('Ctrl Pts',(1.78440107675846,2.41671601546418E-16,
3.37499999999998));
#4041=CARTESIAN_POINT('Ctrl Pts',(1.33830080756885,0.772668331506565,3.43333333333331));
#4042=CARTESIAN_POINT('Ctrl Pts',(0.892200538379231,1.54533666301313,3.49166666666664));
#4043=CARTESIAN_POINT('Ctrl Pts',(0.,1.54533666301313,3.54999999999998));
#4044=CARTESIAN_POINT('Ctrl Pts',(-0.89220053837923,1.54533666301313,3.60833333333331));
#4045=CARTESIAN_POINT('Ctrl Pts',(-1.33830080756884,0.772668331506567,3.66666666666664));
#4046=CARTESIAN_POINT('Ctrl Pts',(-1.78440107675846,6.78723814955886E-16,
3.72499999999998));
#4047=CARTESIAN_POINT('Ctrl Pts',(-1.33830080756884,-0.772668331506565,
3.78333333333331));
#4048=CARTESIAN_POINT('Ctrl Pts',(-0.89220053837923,-1.54533666301313,3.84166666666664));
#4049=CARTESIAN_POINT('Ctrl Pts',(-1.89249159796408E-16,-1.54533666301313,
3.89999999999998));
#4050=CARTESIAN_POINT('Origin',(2.08166817117217E-16,1.66533453693773E-15,
-15.30625));
#4051=CARTESIAN_POINT('',(2.08166817117217E-16,-1.54533666301313,4.68749999999998));
#4052=CARTESIAN_POINT('',(2.08166817117217E-16,-1.54533666301313,4.59999999999998));
#4053=CARTESIAN_POINT('',(6.05582794030843E-16,-1.54533666301313,-15.30625));
#4054=CARTESIAN_POINT('Ctrl Pts',(-1.89249159796408E-16,-1.54533666301313,
3.98749999999998));
#4055=CARTESIAN_POINT('Ctrl Pts',(0.892200538379229,-1.54533666301313,4.04583333333332));
#4056=CARTESIAN_POINT('Ctrl Pts',(1.33830080756884,-0.772668331506566,4.10416666666665));
#4057=CARTESIAN_POINT('Ctrl Pts',(1.78440107675846,2.41671601546418E-16,
4.16249999999998));
#4058=CARTESIAN_POINT('Ctrl Pts',(1.33830080756885,0.772668331506565,4.22083333333332));
#4059=CARTESIAN_POINT('Ctrl Pts',(0.892200538379231,1.54533666301313,4.27916666666665));
#4060=CARTESIAN_POINT('Ctrl Pts',(0.,1.54533666301313,4.33749999999998));
#4061=CARTESIAN_POINT('Ctrl Pts',(-0.89220053837923,1.54533666301313,4.39583333333332));
#4062=CARTESIAN_POINT('Ctrl Pts',(-1.33830080756884,0.772668331506567,4.45416666666665));
#4063=CARTESIAN_POINT('Ctrl Pts',(-1.78440107675846,6.78723814955886E-16,
4.51249999999998));
#4064=CARTESIAN_POINT('Ctrl Pts',(-1.33830080756884,-0.772668331506565,
4.57083333333332));
#4065=CARTESIAN_POINT('Ctrl Pts',(-0.89220053837923,-1.54533666301313,4.62916666666665));
#4066=CARTESIAN_POINT('Ctrl Pts',(-1.89249159796408E-16,-1.54533666301313,
4.68749999999998));
#4067=CARTESIAN_POINT('Ctrl Pts',(-1.89249159796408E-16,-1.54533666301313,
3.89999999999998));
#4068=CARTESIAN_POINT('Ctrl Pts',(0.892200538379229,-1.54533666301313,3.95833333333331));
#4069=CARTESIAN_POINT('Ctrl Pts',(1.33830080756884,-0.772668331506566,4.01666666666664));
#4070=CARTESIAN_POINT('Ctrl Pts',(1.78440107675846,2.41671601546418E-16,
4.07499999999998));
#4071=CARTESIAN_POINT('Ctrl Pts',(1.33830080756885,0.772668331506565,4.13333333333331));
#4072=CARTESIAN_POINT('Ctrl Pts',(0.892200538379231,1.54533666301313,4.19166666666665));
#4073=CARTESIAN_POINT('Ctrl Pts',(0.,1.54533666301313,4.24999999999998));
#4074=CARTESIAN_POINT('Ctrl Pts',(-0.89220053837923,1.54533666301313,4.30833333333331));
#4075=CARTESIAN_POINT('Ctrl Pts',(-1.33830080756884,0.772668331506567,4.36666666666664));
#4076=CARTESIAN_POINT('Ctrl Pts',(-1.78440107675846,6.78723814955886E-16,
4.42499999999998));
#4077=CARTESIAN_POINT('Ctrl Pts',(-1.33830080756884,-0.772668331506565,
4.48333333333331));
#4078=CARTESIAN_POINT('Ctrl Pts',(-0.89220053837923,-1.54533666301313,4.54166666666664));
#4079=CARTESIAN_POINT('Ctrl Pts',(-1.89249159796408E-16,-1.54533666301313,
4.59999999999998));
#4080=CARTESIAN_POINT('Origin',(2.08166817117217E-16,1.66533453693773E-15,
-15.30625));
#4081=CARTESIAN_POINT('',(2.08166817117217E-16,-1.54533666301313,5.38749999999998));
#4082=CARTESIAN_POINT('',(2.08166817117217E-16,-1.54533666301313,5.29999999999998));
#4083=CARTESIAN_POINT('',(6.05582794030843E-16,-1.54533666301313,-15.30625));
#4084=CARTESIAN_POINT('Ctrl Pts',(-1.89249159796408E-16,-1.54533666301313,
4.68749999999998));
#4085=CARTESIAN_POINT('Ctrl Pts',(0.892200538379229,-1.54533666301313,4.74583333333332));
#4086=CARTESIAN_POINT('Ctrl Pts',(1.33830080756884,-0.772668331506566,4.80416666666665));
#4087=CARTESIAN_POINT('Ctrl Pts',(1.78440107675846,2.41671601546418E-16,
4.86249999999998));
#4088=CARTESIAN_POINT('Ctrl Pts',(1.33830080756885,0.772668331506565,4.92083333333332));
#4089=CARTESIAN_POINT('Ctrl Pts',(0.892200538379231,1.54533666301313,4.97916666666665));
#4090=CARTESIAN_POINT('Ctrl Pts',(0.,1.54533666301313,5.03749999999998));
#4091=CARTESIAN_POINT('Ctrl Pts',(-0.89220053837923,1.54533666301313,5.09583333333332));
#4092=CARTESIAN_POINT('Ctrl Pts',(-1.33830080756884,0.772668331506567,5.15416666666665));
#4093=CARTESIAN_POINT('Ctrl Pts',(-1.78440107675846,6.78723814955886E-16,
5.21249999999998));
#4094=CARTESIAN_POINT('Ctrl Pts',(-1.33830080756884,-0.772668331506565,
5.27083333333332));
#4095=CARTESIAN_POINT('Ctrl Pts',(-0.89220053837923,-1.54533666301313,5.32916666666665));
#4096=CARTESIAN_POINT('Ctrl Pts',(-1.89249159796408E-16,-1.54533666301313,
5.38749999999998));
#4097=CARTESIAN_POINT('Ctrl Pts',(-1.89249159796408E-16,-1.54533666301313,
4.59999999999998));
#4098=CARTESIAN_POINT('Ctrl Pts',(0.892200538379229,-1.54533666301313,4.65833333333331));
#4099=CARTESIAN_POINT('Ctrl Pts',(1.33830080756884,-0.772668331506566,4.71666666666664));
#4100=CARTESIAN_POINT('Ctrl Pts',(1.78440107675846,2.41671601546418E-16,
4.77499999999998));
#4101=CARTESIAN_POINT('Ctrl Pts',(1.33830080756885,0.772668331506565,4.83333333333331));
#4102=CARTESIAN_POINT('Ctrl Pts',(0.892200538379231,1.54533666301313,4.89166666666664));
#4103=CARTESIAN_POINT('Ctrl Pts',(0.,1.54533666301313,4.94999999999998));
#4104=CARTESIAN_POINT('Ctrl Pts',(-0.89220053837923,1.54533666301313,5.00833333333331));
#4105=CARTESIAN_POINT('Ctrl Pts',(-1.33830080756884,0.772668331506567,5.06666666666665));
#4106=CARTESIAN_POINT('Ctrl Pts',(-1.78440107675846,6.78723814955886E-16,
5.12499999999998));
#4107=CARTESIAN_POINT('Ctrl Pts',(-1.33830080756884,-0.772668331506565,
5.18333333333331));
#4108=CARTESIAN_POINT('Ctrl Pts',(-0.89220053837923,-1.54533666301313,5.24166666666664));
#4109=CARTESIAN_POINT('Ctrl Pts',(-1.89249159796408E-16,-1.54533666301313,
5.29999999999998));
#4110=CARTESIAN_POINT('Origin',(2.08166817117217E-16,1.66533453693773E-15,
-15.30625));
#4111=CARTESIAN_POINT('',(2.08166817117217E-16,-1.54533666301313,6.08749999999998));
#4112=CARTESIAN_POINT('',(2.08166817117217E-16,-1.54533666301313,5.99999999999998));
#4113=CARTESIAN_POINT('',(6.05582794030843E-16,-1.54533666301313,-15.30625));
#4114=CARTESIAN_POINT('Ctrl Pts',(-1.89249159796408E-16,-1.54533666301313,
5.38749999999998));
#4115=CARTESIAN_POINT('Ctrl Pts',(0.892200538379229,-1.54533666301313,5.44583333333332));
#4116=CARTESIAN_POINT('Ctrl Pts',(1.33830080756884,-0.772668331506566,5.50416666666665));
#4117=CARTESIAN_POINT('Ctrl Pts',(1.78440107675846,2.41671601546418E-16,
5.56249999999998));
#4118=CARTESIAN_POINT('Ctrl Pts',(1.33830080756885,0.772668331506565,5.62083333333331));
#4119=CARTESIAN_POINT('Ctrl Pts',(0.892200538379231,1.54533666301313,5.67916666666665));
#4120=CARTESIAN_POINT('Ctrl Pts',(0.,1.54533666301313,5.73749999999998));
#4121=CARTESIAN_POINT('Ctrl Pts',(-0.89220053837923,1.54533666301313,5.79583333333331));
#4122=CARTESIAN_POINT('Ctrl Pts',(-1.33830080756884,0.772668331506567,5.85416666666665));
#4123=CARTESIAN_POINT('Ctrl Pts',(-1.78440107675846,6.78723814955886E-16,
5.91249999999998));
#4124=CARTESIAN_POINT('Ctrl Pts',(-1.33830080756884,-0.772668331506565,
5.97083333333331));
#4125=CARTESIAN_POINT('Ctrl Pts',(-0.89220053837923,-1.54533666301313,6.02916666666665));
#4126=CARTESIAN_POINT('Ctrl Pts',(-1.89249159796408E-16,-1.54533666301313,
6.08749999999998));
#4127=CARTESIAN_POINT('Ctrl Pts',(-1.89249159796408E-16,-1.54533666301313,
5.29999999999998));
#4128=CARTESIAN_POINT('Ctrl Pts',(0.892200538379229,-1.54533666301313,5.35833333333331));
#4129=CARTESIAN_POINT('Ctrl Pts',(1.33830080756884,-0.772668331506566,5.41666666666664));
#4130=CARTESIAN_POINT('Ctrl Pts',(1.78440107675846,2.41671601546418E-16,
5.47499999999998));
#4131=CARTESIAN_POINT('Ctrl Pts',(1.33830080756885,0.772668331506565,5.53333333333331));
#4132=CARTESIAN_POINT('Ctrl Pts',(0.892200538379231,1.54533666301313,5.59166666666664));
#4133=CARTESIAN_POINT('Ctrl Pts',(0.,1.54533666301313,5.64999999999998));
#4134=CARTESIAN_POINT('Ctrl Pts',(-0.89220053837923,1.54533666301313,5.70833333333331));
#4135=CARTESIAN_POINT('Ctrl Pts',(-1.33830080756884,0.772668331506567,5.76666666666664));
#4136=CARTESIAN_POINT('Ctrl Pts',(-1.78440107675846,6.78723814955886E-16,
5.82499999999998));
#4137=CARTESIAN_POINT('Ctrl Pts',(-1.33830080756884,-0.772668331506565,
5.88333333333331));
#4138=CARTESIAN_POINT('Ctrl Pts',(-0.89220053837923,-1.54533666301313,5.94166666666664));
#4139=CARTESIAN_POINT('Ctrl Pts',(-1.89249159796408E-16,-1.54533666301313,
5.99999999999998));
#4140=CARTESIAN_POINT('Origin',(2.08166817117217E-16,1.66533453693773E-15,
-15.30625));
#4141=CARTESIAN_POINT('',(2.08166817117217E-16,-1.54533666301313,6.78749999999998));
#4142=CARTESIAN_POINT('',(2.08166817117217E-16,-1.54533666301313,6.69999999999998));
#4143=CARTESIAN_POINT('',(6.05582794030843E-16,-1.54533666301313,-15.30625));
#4144=CARTESIAN_POINT('Ctrl Pts',(-1.89249159796408E-16,-1.54533666301313,
6.08749999999998));
#4145=CARTESIAN_POINT('Ctrl Pts',(0.892200538379229,-1.54533666301313,6.14583333333332));
#4146=CARTESIAN_POINT('Ctrl Pts',(1.33830080756884,-0.772668331506566,6.20416666666665));
#4147=CARTESIAN_POINT('Ctrl Pts',(1.78440107675846,2.41671601546418E-16,
6.26249999999998));
#4148=CARTESIAN_POINT('Ctrl Pts',(1.33830080756885,0.772668331506565,6.32083333333332));
#4149=CARTESIAN_POINT('Ctrl Pts',(0.892200538379231,1.54533666301313,6.37916666666665));
#4150=CARTESIAN_POINT('Ctrl Pts',(0.,1.54533666301313,6.43749999999998));
#4151=CARTESIAN_POINT('Ctrl Pts',(-0.89220053837923,1.54533666301313,6.49583333333331));
#4152=CARTESIAN_POINT('Ctrl Pts',(-1.33830080756884,0.772668331506567,6.55416666666665));
#4153=CARTESIAN_POINT('Ctrl Pts',(-1.78440107675846,6.78723814955886E-16,
6.61249999999998));
#4154=CARTESIAN_POINT('Ctrl Pts',(-1.33830080756884,-0.772668331506565,
6.67083333333331));
#4155=CARTESIAN_POINT('Ctrl Pts',(-0.89220053837923,-1.54533666301313,6.72916666666665));
#4156=CARTESIAN_POINT('Ctrl Pts',(-1.89249159796408E-16,-1.54533666301313,
6.78749999999998));
#4157=CARTESIAN_POINT('Ctrl Pts',(-1.89249159796408E-16,-1.54533666301313,
5.99999999999998));
#4158=CARTESIAN_POINT('Ctrl Pts',(0.892200538379229,-1.54533666301313,6.05833333333331));
#4159=CARTESIAN_POINT('Ctrl Pts',(1.33830080756884,-0.772668331506566,6.11666666666664));
#4160=CARTESIAN_POINT('Ctrl Pts',(1.78440107675846,2.41671601546418E-16,
6.17499999999998));
#4161=CARTESIAN_POINT('Ctrl Pts',(1.33830080756885,0.772668331506565,6.23333333333331));
#4162=CARTESIAN_POINT('Ctrl Pts',(0.892200538379231,1.54533666301313,6.29166666666664));
#4163=CARTESIAN_POINT('Ctrl Pts',(0.,1.54533666301313,6.34999999999998));
#4164=CARTESIAN_POINT('Ctrl Pts',(-0.89220053837923,1.54533666301313,6.40833333333331));
#4165=CARTESIAN_POINT('Ctrl Pts',(-1.33830080756884,0.772668331506567,6.46666666666665));
#4166=CARTESIAN_POINT('Ctrl Pts',(-1.78440107675846,6.78723814955886E-16,
6.52499999999998));
#4167=CARTESIAN_POINT('Ctrl Pts',(-1.33830080756884,-0.772668331506565,
6.58333333333331));
#4168=CARTESIAN_POINT('Ctrl Pts',(-0.89220053837923,-1.54533666301313,6.64166666666664));
#4169=CARTESIAN_POINT('Ctrl Pts',(-1.89249159796408E-16,-1.54533666301313,
6.69999999999998));
#4170=CARTESIAN_POINT('Origin',(2.08166817117217E-16,1.66533453693773E-15,
-15.30625));
#4171=CARTESIAN_POINT('',(2.08166817117217E-16,-1.54533666301313,7.48749999999998));
#4172=CARTESIAN_POINT('',(2.08166817117217E-16,-1.54533666301313,7.39999999999998));
#4173=CARTESIAN_POINT('',(6.05582794030843E-16,-1.54533666301313,-15.30625));
#4174=CARTESIAN_POINT('Ctrl Pts',(-1.89249159796408E-16,-1.54533666301313,
6.78749999999998));
#4175=CARTESIAN_POINT('Ctrl Pts',(0.892200538379229,-1.54533666301313,6.84583333333331));
#4176=CARTESIAN_POINT('Ctrl Pts',(1.33830080756884,-0.772668331506566,6.90416666666665));
#4177=CARTESIAN_POINT('Ctrl Pts',(1.78440107675846,2.41671601546418E-16,
6.96249999999998));
#4178=CARTESIAN_POINT('Ctrl Pts',(1.33830080756885,0.772668331506565,7.02083333333332));
#4179=CARTESIAN_POINT('Ctrl Pts',(0.892200538379231,1.54533666301313,7.07916666666665));
#4180=CARTESIAN_POINT('Ctrl Pts',(0.,1.54533666301313,7.13749999999998));
#4181=CARTESIAN_POINT('Ctrl Pts',(-0.89220053837923,1.54533666301313,7.19583333333332));
#4182=CARTESIAN_POINT('Ctrl Pts',(-1.33830080756884,0.772668331506567,7.25416666666665));
#4183=CARTESIAN_POINT('Ctrl Pts',(-1.78440107675846,6.78723814955886E-16,
7.31249999999998));
#4184=CARTESIAN_POINT('Ctrl Pts',(-1.33830080756884,-0.772668331506565,
7.37083333333331));
#4185=CARTESIAN_POINT('Ctrl Pts',(-0.89220053837923,-1.54533666301313,7.42916666666665));
#4186=CARTESIAN_POINT('Ctrl Pts',(-1.89249159796408E-16,-1.54533666301313,
7.48749999999998));
#4187=CARTESIAN_POINT('Ctrl Pts',(-1.89249159796408E-16,-1.54533666301313,
6.69999999999998));
#4188=CARTESIAN_POINT('Ctrl Pts',(0.892200538379229,-1.54533666301313,6.75833333333331));
#4189=CARTESIAN_POINT('Ctrl Pts',(1.33830080756884,-0.772668331506566,6.81666666666664));
#4190=CARTESIAN_POINT('Ctrl Pts',(1.78440107675846,2.41671601546418E-16,
6.87499999999998));
#4191=CARTESIAN_POINT('Ctrl Pts',(1.33830080756885,0.772668331506565,6.93333333333331));
#4192=CARTESIAN_POINT('Ctrl Pts',(0.892200538379231,1.54533666301313,6.99166666666664));
#4193=CARTESIAN_POINT('Ctrl Pts',(0.,1.54533666301313,7.04999999999998));
#4194=CARTESIAN_POINT('Ctrl Pts',(-0.89220053837923,1.54533666301313,7.10833333333331));
#4195=CARTESIAN_POINT('Ctrl Pts',(-1.33830080756884,0.772668331506567,7.16666666666664));
#4196=CARTESIAN_POINT('Ctrl Pts',(-1.78440107675846,6.78723814955886E-16,
7.22499999999998));
#4197=CARTESIAN_POINT('Ctrl Pts',(-1.33830080756884,-0.772668331506565,
7.28333333333331));
#4198=CARTESIAN_POINT('Ctrl Pts',(-0.89220053837923,-1.54533666301313,7.34166666666664));
#4199=CARTESIAN_POINT('Ctrl Pts',(-1.89249159796408E-16,-1.54533666301313,
7.39999999999998));
#4200=CARTESIAN_POINT('Origin',(2.08166817117217E-16,1.66533453693773E-15,
-15.30625));
#4201=CARTESIAN_POINT('',(2.08166817117217E-16,-1.54533666301313,8.18749999999998));
#4202=CARTESIAN_POINT('',(2.08166817117217E-16,-1.54533666301313,8.09999999999998));
#4203=CARTESIAN_POINT('',(6.05582794030843E-16,-1.54533666301313,-15.30625));
#4204=CARTESIAN_POINT('Ctrl Pts',(-1.89249159796408E-16,-1.54533666301313,
7.48749999999998));
#4205=CARTESIAN_POINT('Ctrl Pts',(0.892200538379229,-1.54533666301313,7.54583333333331));
#4206=CARTESIAN_POINT('Ctrl Pts',(1.33830080756884,-0.772668331506566,7.60416666666665));
#4207=CARTESIAN_POINT('Ctrl Pts',(1.78440107675846,2.41671601546418E-16,
7.66249999999998));
#4208=CARTESIAN_POINT('Ctrl Pts',(1.33830080756885,0.772668331506565,7.72083333333332));
#4209=CARTESIAN_POINT('Ctrl Pts',(0.892200538379231,1.54533666301313,7.77916666666665));
#4210=CARTESIAN_POINT('Ctrl Pts',(0.,1.54533666301313,7.83749999999998));
#4211=CARTESIAN_POINT('Ctrl Pts',(-0.89220053837923,1.54533666301313,7.89583333333332));
#4212=CARTESIAN_POINT('Ctrl Pts',(-1.33830080756884,0.772668331506567,7.95416666666665));
#4213=CARTESIAN_POINT('Ctrl Pts',(-1.78440107675846,6.78723814955886E-16,
8.01249999999998));
#4214=CARTESIAN_POINT('Ctrl Pts',(-1.33830080756884,-0.772668331506565,
8.07083333333332));
#4215=CARTESIAN_POINT('Ctrl Pts',(-0.89220053837923,-1.54533666301313,8.12916666666665));
#4216=CARTESIAN_POINT('Ctrl Pts',(-1.89249159796408E-16,-1.54533666301313,
8.18749999999998));
#4217=CARTESIAN_POINT('Ctrl Pts',(-1.89249159796408E-16,-1.54533666301313,
7.39999999999998));
#4218=CARTESIAN_POINT('Ctrl Pts',(0.892200538379229,-1.54533666301313,7.45833333333331));
#4219=CARTESIAN_POINT('Ctrl Pts',(1.33830080756884,-0.772668331506566,7.51666666666664));
#4220=CARTESIAN_POINT('Ctrl Pts',(1.78440107675846,2.41671601546418E-16,
7.57499999999998));
#4221=CARTESIAN_POINT('Ctrl Pts',(1.33830080756885,0.772668331506565,7.63333333333331));
#4222=CARTESIAN_POINT('Ctrl Pts',(0.892200538379231,1.54533666301313,7.69166666666664));
#4223=CARTESIAN_POINT('Ctrl Pts',(0.,1.54533666301313,7.74999999999998));
#4224=CARTESIAN_POINT('Ctrl Pts',(-0.89220053837923,1.54533666301313,7.80833333333331));
#4225=CARTESIAN_POINT('Ctrl Pts',(-1.33830080756884,0.772668331506567,7.86666666666664));
#4226=CARTESIAN_POINT('Ctrl Pts',(-1.78440107675846,6.78723814955886E-16,
7.92499999999998));
#4227=CARTESIAN_POINT('Ctrl Pts',(-1.33830080756884,-0.772668331506565,
7.98333333333331));
#4228=CARTESIAN_POINT('Ctrl Pts',(-0.89220053837923,-1.54533666301313,8.04166666666664));
#4229=CARTESIAN_POINT('Ctrl Pts',(-1.89249159796408E-16,-1.54533666301313,
8.09999999999998));
#4230=CARTESIAN_POINT('Origin',(2.08166817117217E-16,1.66533453693773E-15,
-15.30625));
#4231=CARTESIAN_POINT('',(2.08166817117217E-16,-1.54533666301313,8.88749999999998));
#4232=CARTESIAN_POINT('',(2.08166817117217E-16,-1.54533666301313,8.79999999999998));
#4233=CARTESIAN_POINT('',(6.05582794030843E-16,-1.54533666301313,-15.30625));
#4234=CARTESIAN_POINT('Ctrl Pts',(-1.89249159796408E-16,-1.54533666301313,
8.18749999999998));
#4235=CARTESIAN_POINT('Ctrl Pts',(0.892200538379229,-1.54533666301313,8.24583333333332));
#4236=CARTESIAN_POINT('Ctrl Pts',(1.33830080756884,-0.772668331506566,8.30416666666665));
#4237=CARTESIAN_POINT('Ctrl Pts',(1.78440107675846,2.41671601546418E-16,
8.36249999999998));
#4238=CARTESIAN_POINT('Ctrl Pts',(1.33830080756885,0.772668331506565,8.42083333333331));
#4239=CARTESIAN_POINT('Ctrl Pts',(0.892200538379231,1.54533666301313,8.47916666666665));
#4240=CARTESIAN_POINT('Ctrl Pts',(0.,1.54533666301313,8.53749999999998));
#4241=CARTESIAN_POINT('Ctrl Pts',(-0.89220053837923,1.54533666301313,8.59583333333332));
#4242=CARTESIAN_POINT('Ctrl Pts',(-1.33830080756884,0.772668331506567,8.65416666666665));
#4243=CARTESIAN_POINT('Ctrl Pts',(-1.78440107675846,6.78723814955886E-16,
8.71249999999998));
#4244=CARTESIAN_POINT('Ctrl Pts',(-1.33830080756884,-0.772668331506565,
8.77083333333331));
#4245=CARTESIAN_POINT('Ctrl Pts',(-0.89220053837923,-1.54533666301313,8.82916666666665));
#4246=CARTESIAN_POINT('Ctrl Pts',(-1.89249159796408E-16,-1.54533666301313,
8.88749999999998));
#4247=CARTESIAN_POINT('Ctrl Pts',(-1.89249159796408E-16,-1.54533666301313,
8.09999999999998));
#4248=CARTESIAN_POINT('Ctrl Pts',(0.892200538379229,-1.54533666301313,8.15833333333331));
#4249=CARTESIAN_POINT('Ctrl Pts',(1.33830080756884,-0.772668331506566,8.21666666666665));
#4250=CARTESIAN_POINT('Ctrl Pts',(1.78440107675846,2.41671601546418E-16,
8.27499999999998));
#4251=CARTESIAN_POINT('Ctrl Pts',(1.33830080756885,0.772668331506565,8.33333333333331));
#4252=CARTESIAN_POINT('Ctrl Pts',(0.892200538379231,1.54533666301313,8.39166666666664));
#4253=CARTESIAN_POINT('Ctrl Pts',(0.,1.54533666301313,8.44999999999998));
#4254=CARTESIAN_POINT('Ctrl Pts',(-0.89220053837923,1.54533666301313,8.50833333333331));
#4255=CARTESIAN_POINT('Ctrl Pts',(-1.33830080756884,0.772668331506567,8.56666666666665));
#4256=CARTESIAN_POINT('Ctrl Pts',(-1.78440107675846,6.78723814955886E-16,
8.62499999999998));
#4257=CARTESIAN_POINT('Ctrl Pts',(-1.33830080756884,-0.772668331506565,
8.68333333333331));
#4258=CARTESIAN_POINT('Ctrl Pts',(-0.89220053837923,-1.54533666301313,8.74166666666664));
#4259=CARTESIAN_POINT('Ctrl Pts',(-1.89249159796408E-16,-1.54533666301313,
8.79999999999998));
#4260=CARTESIAN_POINT('Origin',(2.08166817117217E-16,1.66533453693773E-15,
-15.30625));
#4261=CARTESIAN_POINT('',(2.08166817117217E-16,-1.54533666301313,9.58749999999998));
#4262=CARTESIAN_POINT('',(2.08166817117217E-16,-1.54533666301313,9.49999999999998));
#4263=CARTESIAN_POINT('',(6.05582794030843E-16,-1.54533666301313,-15.30625));
#4264=CARTESIAN_POINT('Ctrl Pts',(-1.89249159796408E-16,-1.54533666301313,
8.88749999999998));
#4265=CARTESIAN_POINT('Ctrl Pts',(0.892200538379229,-1.54533666301313,8.94583333333332));
#4266=CARTESIAN_POINT('Ctrl Pts',(1.33830080756884,-0.772668331506566,9.00416666666665));
#4267=CARTESIAN_POINT('Ctrl Pts',(1.78440107675846,2.41671601546418E-16,
9.06249999999998));
#4268=CARTESIAN_POINT('Ctrl Pts',(1.33830080756885,0.772668331506565,9.12083333333331));
#4269=CARTESIAN_POINT('Ctrl Pts',(0.892200538379231,1.54533666301313,9.17916666666665));
#4270=CARTESIAN_POINT('Ctrl Pts',(0.,1.54533666301313,9.23749999999998));
#4271=CARTESIAN_POINT('Ctrl Pts',(-0.89220053837923,1.54533666301313,9.29583333333332));
#4272=CARTESIAN_POINT('Ctrl Pts',(-1.33830080756884,0.772668331506567,9.35416666666665));
#4273=CARTESIAN_POINT('Ctrl Pts',(-1.78440107675846,6.78723814955886E-16,
9.41249999999998));
#4274=CARTESIAN_POINT('Ctrl Pts',(-1.33830080756884,-0.772668331506565,
9.47083333333332));
#4275=CARTESIAN_POINT('Ctrl Pts',(-0.89220053837923,-1.54533666301313,9.52916666666665));
#4276=CARTESIAN_POINT('Ctrl Pts',(-1.89249159796408E-16,-1.54533666301313,
9.58749999999998));
#4277=CARTESIAN_POINT('Ctrl Pts',(-1.89249159796408E-16,-1.54533666301313,
8.79999999999998));
#4278=CARTESIAN_POINT('Ctrl Pts',(0.892200538379229,-1.54533666301313,8.85833333333331));
#4279=CARTESIAN_POINT('Ctrl Pts',(1.33830080756884,-0.772668331506566,8.91666666666664));
#4280=CARTESIAN_POINT('Ctrl Pts',(1.78440107675846,2.41671601546418E-16,
8.97499999999998));
#4281=CARTESIAN_POINT('Ctrl Pts',(1.33830080756885,0.772668331506565,9.03333333333331));
#4282=CARTESIAN_POINT('Ctrl Pts',(0.892200538379231,1.54533666301313,9.09166666666664));
#4283=CARTESIAN_POINT('Ctrl Pts',(0.,1.54533666301313,9.14999999999998));
#4284=CARTESIAN_POINT('Ctrl Pts',(-0.89220053837923,1.54533666301313,9.20833333333331));
#4285=CARTESIAN_POINT('Ctrl Pts',(-1.33830080756884,0.772668331506567,9.26666666666664));
#4286=CARTESIAN_POINT('Ctrl Pts',(-1.78440107675846,6.78723814955886E-16,
9.32499999999998));
#4287=CARTESIAN_POINT('Ctrl Pts',(-1.33830080756884,-0.772668331506565,
9.38333333333331));
#4288=CARTESIAN_POINT('Ctrl Pts',(-0.89220053837923,-1.54533666301313,9.44166666666664));
#4289=CARTESIAN_POINT('Ctrl Pts',(-1.89249159796408E-16,-1.54533666301313,
9.49999999999998));
#4290=CARTESIAN_POINT('Origin',(2.08166817117217E-16,1.66533453693773E-15,
-15.30625));
#4291=CARTESIAN_POINT('',(2.08166817117217E-16,-1.54533666301313,10.2875));
#4292=CARTESIAN_POINT('',(2.08166817117217E-16,-1.54533666301313,10.2));
#4293=CARTESIAN_POINT('',(6.05582794030843E-16,-1.54533666301313,-15.30625));
#4294=CARTESIAN_POINT('',(0.,1.54533666301313,9.93749999999998));
#4295=CARTESIAN_POINT('Ctrl Pts',(0.,1.54533666301313,9.93749999999998));
#4296=CARTESIAN_POINT('Ctrl Pts',(-0.892200538379231,1.54533666301313,9.99583333333332));
#4297=CARTESIAN_POINT('Ctrl Pts',(-1.33830080756884,0.772668331506565,10.0541666666667));
#4298=CARTESIAN_POINT('Ctrl Pts',(-1.78440107675846,-1.50727072152214E-15,
10.1125));
#4299=CARTESIAN_POINT('Ctrl Pts',(-1.33830080756884,-0.772668331506567,
10.1708333333333));
#4300=CARTESIAN_POINT('Ctrl Pts',(-0.89220053837923,-1.54533666301313,10.2291666666667));
#4301=CARTESIAN_POINT('Ctrl Pts',(-1.89249159796408E-16,-1.54533666301313,
10.2875));
#4302=CARTESIAN_POINT('Ctrl Pts',(-1.89249159796408E-16,-1.54533666301313,
9.58749999999998));
#4303=CARTESIAN_POINT('Ctrl Pts',(0.892200538379229,-1.54533666301313,9.64583333333332));
#4304=CARTESIAN_POINT('Ctrl Pts',(1.33830080756884,-0.772668331506566,9.70416666666665));
#4305=CARTESIAN_POINT('Ctrl Pts',(1.78440107675846,2.41671601546418E-16,
9.76249999999998));
#4306=CARTESIAN_POINT('Ctrl Pts',(1.33830080756885,0.772668331506565,9.82083333333332));
#4307=CARTESIAN_POINT('Ctrl Pts',(0.892200538379231,1.54533666301313,9.87916666666665));
#4308=CARTESIAN_POINT('Ctrl Pts',(0.,1.54533666301313,9.93749999999998));
#4309=CARTESIAN_POINT('',(0.,1.54533666301313,9.84999999999998));
#4310=CARTESIAN_POINT('Ctrl Pts',(-1.89249159796408E-16,-1.54533666301313,
9.49999999999998));
#4311=CARTESIAN_POINT('Ctrl Pts',(0.892200538379229,-1.54533666301313,9.55833333333331));
#4312=CARTESIAN_POINT('Ctrl Pts',(1.33830080756884,-0.772668331506566,9.61666666666664));
#4313=CARTESIAN_POINT('Ctrl Pts',(1.78440107675846,2.41671601546418E-16,
9.67499999999998));
#4314=CARTESIAN_POINT('Ctrl Pts',(1.33830080756885,0.772668331506565,9.73333333333331));
#4315=CARTESIAN_POINT('Ctrl Pts',(0.892200538379231,1.54533666301313,9.79166666666664));
#4316=CARTESIAN_POINT('Ctrl Pts',(0.,1.54533666301313,9.84999999999998));
#4317=CARTESIAN_POINT('Ctrl Pts',(0.,1.54533666301313,9.84999999999998));
#4318=CARTESIAN_POINT('Ctrl Pts',(-0.892200538379231,1.54533666301313,9.90833333333331));
#4319=CARTESIAN_POINT('Ctrl Pts',(-1.33830080756884,0.772668331506565,9.96666666666664));
#4320=CARTESIAN_POINT('Ctrl Pts',(-1.78440107675846,-1.50727072152214E-15,
10.025));
#4321=CARTESIAN_POINT('Ctrl Pts',(-1.33830080756884,-0.772668331506567,
10.0833333333333));
#4322=CARTESIAN_POINT('Ctrl Pts',(-0.89220053837923,-1.54533666301313,10.1416666666666));
#4323=CARTESIAN_POINT('Ctrl Pts',(-1.89249159796408E-16,-1.54533666301313,
10.2));
#4324=CARTESIAN_POINT('Origin',(2.08166817117217E-16,1.66533453693773E-15,
-15.30625));
#4325=CARTESIAN_POINT('',(2.08166817117217E-16,-1.54533666301313,10.9875));
#4326=CARTESIAN_POINT('',(2.08166817117217E-16,-1.54533666301313,10.9));
#4327=CARTESIAN_POINT('',(6.05582794030843E-16,-1.54533666301313,-15.30625));
#4328=CARTESIAN_POINT('Ctrl Pts',(-1.89249159796408E-16,-1.54533666301313,
10.2875));
#4329=CARTESIAN_POINT('Ctrl Pts',(0.892200538379229,-1.54533666301313,10.3458333333333));
#4330=CARTESIAN_POINT('Ctrl Pts',(1.33830080756884,-0.772668331506568,10.4041666666667));
#4331=CARTESIAN_POINT('Ctrl Pts',(1.78440107675846,-1.94432293493161E-15,
10.4625));
#4332=CARTESIAN_POINT('Ctrl Pts',(1.33830080756885,0.772668331506563,10.5208333333333));
#4333=CARTESIAN_POINT('Ctrl Pts',(0.892200538379231,1.54533666301313,10.5791666666667));
#4334=CARTESIAN_POINT('Ctrl Pts',(0.,1.54533666301313,10.6375));
#4335=CARTESIAN_POINT('Ctrl Pts',(-0.89220053837923,1.54533666301313,10.6958333333333));
#4336=CARTESIAN_POINT('Ctrl Pts',(-1.33830080756884,0.772668331506565,10.7541666666667));
#4337=CARTESIAN_POINT('Ctrl Pts',(-1.78440107675846,-1.50727072152214E-15,
10.8125));
#4338=CARTESIAN_POINT('Ctrl Pts',(-1.33830080756884,-0.772668331506567,
10.8708333333333));
#4339=CARTESIAN_POINT('Ctrl Pts',(-0.89220053837923,-1.54533666301313,10.9291666666666));
#4340=CARTESIAN_POINT('Ctrl Pts',(-1.89249159796408E-16,-1.54533666301313,
10.9875));
#4341=CARTESIAN_POINT('Ctrl Pts',(-1.89249159796408E-16,-1.54533666301313,
10.2));
#4342=CARTESIAN_POINT('Ctrl Pts',(0.892200538379229,-1.54533666301313,10.2583333333333));
#4343=CARTESIAN_POINT('Ctrl Pts',(1.33830080756884,-0.772668331506568,10.3166666666666));
#4344=CARTESIAN_POINT('Ctrl Pts',(1.78440107675846,-1.94432293493161E-15,
10.375));
#4345=CARTESIAN_POINT('Ctrl Pts',(1.33830080756885,0.772668331506563,10.4333333333333));
#4346=CARTESIAN_POINT('Ctrl Pts',(0.892200538379231,1.54533666301313,10.4916666666666));
#4347=CARTESIAN_POINT('Ctrl Pts',(0.,1.54533666301313,10.55));
#4348=CARTESIAN_POINT('Ctrl Pts',(-0.89220053837923,1.54533666301313,10.6083333333333));
#4349=CARTESIAN_POINT('Ctrl Pts',(-1.33830080756884,0.772668331506565,10.6666666666666));
#4350=CARTESIAN_POINT('Ctrl Pts',(-1.78440107675846,-1.50727072152214E-15,
10.725));
#4351=CARTESIAN_POINT('Ctrl Pts',(-1.33830080756884,-0.772668331506567,
10.7833333333333));
#4352=CARTESIAN_POINT('Ctrl Pts',(-0.89220053837923,-1.54533666301313,10.8416666666666));
#4353=CARTESIAN_POINT('Ctrl Pts',(-1.89249159796408E-16,-1.54533666301313,
10.9));
#4354=CARTESIAN_POINT('Origin',(2.08166817117217E-16,1.66533453693773E-15,
-15.30625));
#4355=CARTESIAN_POINT('',(2.08166817117217E-16,-1.54533666301313,11.6875));
#4356=CARTESIAN_POINT('',(2.08166817117217E-16,-1.54533666301313,11.6));
#4357=CARTESIAN_POINT('',(6.05582794030843E-16,-1.54533666301313,-15.30625));
#4358=CARTESIAN_POINT('Ctrl Pts',(-1.89249159796408E-16,-1.54533666301313,
10.9875));
#4359=CARTESIAN_POINT('Ctrl Pts',(0.892200538379229,-1.54533666301313,11.0458333333333));
#4360=CARTESIAN_POINT('Ctrl Pts',(1.33830080756884,-0.772668331506568,11.1041666666667));
#4361=CARTESIAN_POINT('Ctrl Pts',(1.78440107675846,-1.94432293493161E-15,
11.1625));
#4362=CARTESIAN_POINT('Ctrl Pts',(1.33830080756885,0.772668331506563,11.2208333333333));
#4363=CARTESIAN_POINT('Ctrl Pts',(0.892200538379231,1.54533666301313,11.2791666666666));
#4364=CARTESIAN_POINT('Ctrl Pts',(0.,1.54533666301313,11.3375));
#4365=CARTESIAN_POINT('Ctrl Pts',(-0.89220053837923,1.54533666301313,11.3958333333333));
#4366=CARTESIAN_POINT('Ctrl Pts',(-1.33830080756884,0.772668331506565,11.4541666666666));
#4367=CARTESIAN_POINT('Ctrl Pts',(-1.78440107675846,-1.50727072152214E-15,
11.5125));
#4368=CARTESIAN_POINT('Ctrl Pts',(-1.33830080756884,-0.772668331506567,
11.5708333333333));
#4369=CARTESIAN_POINT('Ctrl Pts',(-0.89220053837923,-1.54533666301313,11.6291666666666));
#4370=CARTESIAN_POINT('Ctrl Pts',(-1.89249159796408E-16,-1.54533666301313,
11.6875));
#4371=CARTESIAN_POINT('Ctrl Pts',(-1.89249159796408E-16,-1.54533666301313,
10.9));
#4372=CARTESIAN_POINT('Ctrl Pts',(0.892200538379229,-1.54533666301313,10.9583333333333));
#4373=CARTESIAN_POINT('Ctrl Pts',(1.33830080756884,-0.772668331506568,11.0166666666666));
#4374=CARTESIAN_POINT('Ctrl Pts',(1.78440107675846,-1.94432293493161E-15,
11.075));
#4375=CARTESIAN_POINT('Ctrl Pts',(1.33830080756885,0.772668331506563,11.1333333333333));
#4376=CARTESIAN_POINT('Ctrl Pts',(0.892200538379231,1.54533666301313,11.1916666666666));
#4377=CARTESIAN_POINT('Ctrl Pts',(0.,1.54533666301313,11.25));
#4378=CARTESIAN_POINT('Ctrl Pts',(-0.89220053837923,1.54533666301313,11.3083333333333));
#4379=CARTESIAN_POINT('Ctrl Pts',(-1.33830080756884,0.772668331506565,11.3666666666666));
#4380=CARTESIAN_POINT('Ctrl Pts',(-1.78440107675846,-1.50727072152214E-15,
11.425));
#4381=CARTESIAN_POINT('Ctrl Pts',(-1.33830080756884,-0.772668331506567,
11.4833333333333));
#4382=CARTESIAN_POINT('Ctrl Pts',(-0.89220053837923,-1.54533666301313,11.5416666666666));
#4383=CARTESIAN_POINT('Ctrl Pts',(-1.89249159796408E-16,-1.54533666301313,
11.6));
#4384=CARTESIAN_POINT('Origin',(2.08166817117217E-16,1.66533453693773E-15,
-15.30625));
#4385=CARTESIAN_POINT('',(2.08166817117217E-16,-1.54533666301313,12.3875));
#4386=CARTESIAN_POINT('',(2.08166817117217E-16,-1.54533666301313,12.3));
#4387=CARTESIAN_POINT('',(6.05582794030843E-16,-1.54533666301313,-15.30625));
#4388=CARTESIAN_POINT('Ctrl Pts',(-1.89249159796408E-16,-1.54533666301313,
11.6875));
#4389=CARTESIAN_POINT('Ctrl Pts',(0.892200538379229,-1.54533666301313,11.7458333333333));
#4390=CARTESIAN_POINT('Ctrl Pts',(1.33830080756884,-0.772668331506568,11.8041666666667));
#4391=CARTESIAN_POINT('Ctrl Pts',(1.78440107675846,-1.94432293493161E-15,
11.8625));
#4392=CARTESIAN_POINT('Ctrl Pts',(1.33830080756885,0.772668331506563,11.9208333333333));
#4393=CARTESIAN_POINT('Ctrl Pts',(0.892200538379231,1.54533666301313,11.9791666666667));
#4394=CARTESIAN_POINT('Ctrl Pts',(0.,1.54533666301313,12.0375));
#4395=CARTESIAN_POINT('Ctrl Pts',(-0.89220053837923,1.54533666301313,12.0958333333333));
#4396=CARTESIAN_POINT('Ctrl Pts',(-1.33830080756884,0.772668331506565,12.1541666666667));
#4397=CARTESIAN_POINT('Ctrl Pts',(-1.78440107675846,-1.50727072152214E-15,
12.2125));
#4398=CARTESIAN_POINT('Ctrl Pts',(-1.33830080756884,-0.772668331506567,
12.2708333333333));
#4399=CARTESIAN_POINT('Ctrl Pts',(-0.89220053837923,-1.54533666301313,12.3291666666667));
#4400=CARTESIAN_POINT('Ctrl Pts',(-1.89249159796408E-16,-1.54533666301313,
12.3875));
#4401=CARTESIAN_POINT('Ctrl Pts',(-1.89249159796408E-16,-1.54533666301313,
11.6));
#4402=CARTESIAN_POINT('Ctrl Pts',(0.892200538379229,-1.54533666301313,11.6583333333333));
#4403=CARTESIAN_POINT('Ctrl Pts',(1.33830080756884,-0.772668331506568,11.7166666666666));
#4404=CARTESIAN_POINT('Ctrl Pts',(1.78440107675846,-1.94432293493161E-15,
11.775));
#4405=CARTESIAN_POINT('Ctrl Pts',(1.33830080756885,0.772668331506563,11.8333333333333));
#4406=CARTESIAN_POINT('Ctrl Pts',(0.892200538379231,1.54533666301313,11.8916666666666));
#4407=CARTESIAN_POINT('Ctrl Pts',(0.,1.54533666301313,11.95));
#4408=CARTESIAN_POINT('Ctrl Pts',(-0.89220053837923,1.54533666301313,12.0083333333333));
#4409=CARTESIAN_POINT('Ctrl Pts',(-1.33830080756884,0.772668331506565,12.0666666666666));
#4410=CARTESIAN_POINT('Ctrl Pts',(-1.78440107675846,-1.50727072152214E-15,
12.125));
#4411=CARTESIAN_POINT('Ctrl Pts',(-1.33830080756884,-0.772668331506567,
12.1833333333333));
#4412=CARTESIAN_POINT('Ctrl Pts',(-0.89220053837923,-1.54533666301313,12.2416666666666));
#4413=CARTESIAN_POINT('Ctrl Pts',(-1.89249159796408E-16,-1.54533666301313,
12.3));
#4414=CARTESIAN_POINT('Origin',(2.08166817117217E-16,1.66533453693773E-15,
-15.30625));
#4415=CARTESIAN_POINT('',(2.08166817117217E-16,-1.54533666301313,13.0875));
#4416=CARTESIAN_POINT('',(2.08166817117217E-16,-1.54533666301313,13.));
#4417=CARTESIAN_POINT('',(6.05582794030843E-16,-1.54533666301313,-15.30625));
#4418=CARTESIAN_POINT('Ctrl Pts',(-1.89249159796408E-16,-1.54533666301313,
12.3875));
#4419=CARTESIAN_POINT('Ctrl Pts',(0.892200538379229,-1.54533666301313,12.4458333333333));
#4420=CARTESIAN_POINT('Ctrl Pts',(1.33830080756884,-0.772668331506568,12.5041666666666));
#4421=CARTESIAN_POINT('Ctrl Pts',(1.78440107675846,-1.94432293493161E-15,
12.5625));
#4422=CARTESIAN_POINT('Ctrl Pts',(1.33830080756885,0.772668331506563,12.6208333333333));
#4423=CARTESIAN_POINT('Ctrl Pts',(0.892200538379231,1.54533666301313,12.6791666666666));
#4424=CARTESIAN_POINT('Ctrl Pts',(0.,1.54533666301313,12.7375));
#4425=CARTESIAN_POINT('Ctrl Pts',(-0.89220053837923,1.54533666301313,12.7958333333333));
#4426=CARTESIAN_POINT('Ctrl Pts',(-1.33830080756884,0.772668331506565,12.8541666666666));
#4427=CARTESIAN_POINT('Ctrl Pts',(-1.78440107675846,-1.50727072152214E-15,
12.9125));
#4428=CARTESIAN_POINT('Ctrl Pts',(-1.33830080756884,-0.772668331506567,
12.9708333333333));
#4429=CARTESIAN_POINT('Ctrl Pts',(-0.89220053837923,-1.54533666301313,13.0291666666666));
#4430=CARTESIAN_POINT('Ctrl Pts',(-1.89249159796408E-16,-1.54533666301313,
13.0875));
#4431=CARTESIAN_POINT('Ctrl Pts',(-1.89249159796408E-16,-1.54533666301313,
12.3));
#4432=CARTESIAN_POINT('Ctrl Pts',(0.892200538379229,-1.54533666301313,12.3583333333333));
#4433=CARTESIAN_POINT('Ctrl Pts',(1.33830080756884,-0.772668331506568,12.4166666666666));
#4434=CARTESIAN_POINT('Ctrl Pts',(1.78440107675846,-1.94432293493161E-15,
12.475));
#4435=CARTESIAN_POINT('Ctrl Pts',(1.33830080756885,0.772668331506563,12.5333333333333));
#4436=CARTESIAN_POINT('Ctrl Pts',(0.892200538379231,1.54533666301313,12.5916666666666));
#4437=CARTESIAN_POINT('Ctrl Pts',(0.,1.54533666301313,12.65));
#4438=CARTESIAN_POINT('Ctrl Pts',(-0.89220053837923,1.54533666301313,12.7083333333333));
#4439=CARTESIAN_POINT('Ctrl Pts',(-1.33830080756884,0.772668331506565,12.7666666666666));
#4440=CARTESIAN_POINT('Ctrl Pts',(-1.78440107675846,-1.50727072152214E-15,
12.825));
#4441=CARTESIAN_POINT('Ctrl Pts',(-1.33830080756884,-0.772668331506567,
12.8833333333333));
#4442=CARTESIAN_POINT('Ctrl Pts',(-0.89220053837923,-1.54533666301313,12.9416666666666));
#4443=CARTESIAN_POINT('Ctrl Pts',(-1.89249159796408E-16,-1.54533666301313,
13.));
#4444=CARTESIAN_POINT('Origin',(2.08166817117217E-16,1.66533453693773E-15,
-15.30625));
#4445=CARTESIAN_POINT('',(2.08166817117217E-16,-1.54533666301313,13.7875));
#4446=CARTESIAN_POINT('',(2.08166817117217E-16,-1.54533666301313,13.7));
#4447=CARTESIAN_POINT('',(6.05582794030843E-16,-1.54533666301313,-15.30625));
#4448=CARTESIAN_POINT('Ctrl Pts',(-1.89249159796408E-16,-1.54533666301313,
13.0875));
#4449=CARTESIAN_POINT('Ctrl Pts',(0.892200538379229,-1.54533666301313,13.1458333333333));
#4450=CARTESIAN_POINT('Ctrl Pts',(1.33830080756884,-0.772668331506568,13.2041666666666));
#4451=CARTESIAN_POINT('Ctrl Pts',(1.78440107675846,-1.94432293493161E-15,
13.2625));
#4452=CARTESIAN_POINT('Ctrl Pts',(1.33830080756885,0.772668331506563,13.3208333333333));
#4453=CARTESIAN_POINT('Ctrl Pts',(0.892200538379231,1.54533666301313,13.3791666666667));
#4454=CARTESIAN_POINT('Ctrl Pts',(0.,1.54533666301313,13.4375));
#4455=CARTESIAN_POINT('Ctrl Pts',(-0.89220053837923,1.54533666301313,13.4958333333333));
#4456=CARTESIAN_POINT('Ctrl Pts',(-1.33830080756884,0.772668331506565,13.5541666666666));
#4457=CARTESIAN_POINT('Ctrl Pts',(-1.78440107675846,-1.50727072152214E-15,
13.6125));
#4458=CARTESIAN_POINT('Ctrl Pts',(-1.33830080756884,-0.772668331506567,
13.6708333333333));
#4459=CARTESIAN_POINT('Ctrl Pts',(-0.89220053837923,-1.54533666301313,13.7291666666666));
#4460=CARTESIAN_POINT('Ctrl Pts',(-1.89249159796408E-16,-1.54533666301313,
13.7875));
#4461=CARTESIAN_POINT('Ctrl Pts',(-1.89249159796408E-16,-1.54533666301313,
13.));
#4462=CARTESIAN_POINT('Ctrl Pts',(0.892200538379229,-1.54533666301313,13.0583333333333));
#4463=CARTESIAN_POINT('Ctrl Pts',(1.33830080756884,-0.772668331506568,13.1166666666666));
#4464=CARTESIAN_POINT('Ctrl Pts',(1.78440107675846,-1.94432293493161E-15,
13.175));
#4465=CARTESIAN_POINT('Ctrl Pts',(1.33830080756885,0.772668331506563,13.2333333333333));
#4466=CARTESIAN_POINT('Ctrl Pts',(0.892200538379231,1.54533666301313,13.2916666666666));
#4467=CARTESIAN_POINT('Ctrl Pts',(0.,1.54533666301313,13.35));
#4468=CARTESIAN_POINT('Ctrl Pts',(-0.89220053837923,1.54533666301313,13.4083333333333));
#4469=CARTESIAN_POINT('Ctrl Pts',(-1.33830080756884,0.772668331506565,13.4666666666666));
#4470=CARTESIAN_POINT('Ctrl Pts',(-1.78440107675846,-1.50727072152214E-15,
13.525));
#4471=CARTESIAN_POINT('Ctrl Pts',(-1.33830080756884,-0.772668331506567,
13.5833333333333));
#4472=CARTESIAN_POINT('Ctrl Pts',(-0.89220053837923,-1.54533666301313,13.6416666666666));
#4473=CARTESIAN_POINT('Ctrl Pts',(-1.89249159796408E-16,-1.54533666301313,
13.7));
#4474=CARTESIAN_POINT('Origin',(2.08166817117217E-16,1.66533453693773E-15,
-15.30625));
#4475=CARTESIAN_POINT('',(2.08166817117217E-16,-1.54533666301313,14.4875));
#4476=CARTESIAN_POINT('',(2.08166817117217E-16,-1.54533666301313,14.4));
#4477=CARTESIAN_POINT('',(6.05582794030843E-16,-1.54533666301313,-15.30625));
#4478=CARTESIAN_POINT('Ctrl Pts',(-1.89249159796408E-16,-1.54533666301313,
13.7875));
#4479=CARTESIAN_POINT('Ctrl Pts',(0.892200538379229,-1.54533666301313,13.8458333333333));
#4480=CARTESIAN_POINT('Ctrl Pts',(1.33830080756884,-0.772668331506568,13.9041666666666));
#4481=CARTESIAN_POINT('Ctrl Pts',(1.78440107675846,-1.94432293493161E-15,
13.9625));
#4482=CARTESIAN_POINT('Ctrl Pts',(1.33830080756885,0.772668331506563,14.0208333333333));
#4483=CARTESIAN_POINT('Ctrl Pts',(0.892200538379231,1.54533666301313,14.0791666666667));
#4484=CARTESIAN_POINT('Ctrl Pts',(0.,1.54533666301313,14.1375));
#4485=CARTESIAN_POINT('Ctrl Pts',(-0.89220053837923,1.54533666301313,14.1958333333333));
#4486=CARTESIAN_POINT('Ctrl Pts',(-1.33830080756884,0.772668331506565,14.2541666666667));
#4487=CARTESIAN_POINT('Ctrl Pts',(-1.78440107675846,-1.50727072152214E-15,
14.3125));
#4488=CARTESIAN_POINT('Ctrl Pts',(-1.33830080756884,-0.772668331506567,
14.3708333333333));
#4489=CARTESIAN_POINT('Ctrl Pts',(-0.89220053837923,-1.54533666301313,14.4291666666667));
#4490=CARTESIAN_POINT('Ctrl Pts',(-1.89249159796408E-16,-1.54533666301313,
14.4875));
#4491=CARTESIAN_POINT('Ctrl Pts',(-1.89249159796408E-16,-1.54533666301313,
13.7));
#4492=CARTESIAN_POINT('Ctrl Pts',(0.892200538379229,-1.54533666301313,13.7583333333333));
#4493=CARTESIAN_POINT('Ctrl Pts',(1.33830080756884,-0.772668331506568,13.8166666666666));
#4494=CARTESIAN_POINT('Ctrl Pts',(1.78440107675846,-1.94432293493161E-15,
13.875));
#4495=CARTESIAN_POINT('Ctrl Pts',(1.33830080756885,0.772668331506563,13.9333333333333));
#4496=CARTESIAN_POINT('Ctrl Pts',(0.892200538379231,1.54533666301313,13.9916666666666));
#4497=CARTESIAN_POINT('Ctrl Pts',(0.,1.54533666301313,14.05));
#4498=CARTESIAN_POINT('Ctrl Pts',(-0.89220053837923,1.54533666301313,14.1083333333333));
#4499=CARTESIAN_POINT('Ctrl Pts',(-1.33830080756884,0.772668331506565,14.1666666666666));
#4500=CARTESIAN_POINT('Ctrl Pts',(-1.78440107675846,-1.50727072152214E-15,
14.225));
#4501=CARTESIAN_POINT('Ctrl Pts',(-1.33830080756884,-0.772668331506567,
14.2833333333333));
#4502=CARTESIAN_POINT('Ctrl Pts',(-0.89220053837923,-1.54533666301313,14.3416666666666));
#4503=CARTESIAN_POINT('Ctrl Pts',(-1.89249159796408E-16,-1.54533666301313,
14.4));
#4504=CARTESIAN_POINT('Origin',(0.,-2.75545529808154E-15,15.));
#4505=CARTESIAN_POINT('',(2.44929359829473E-16,-2.00000000000002,15.));
#4506=CARTESIAN_POINT('',(-4.10014564028696E-12,-1.89697912811467,14.8969791281147));
#4507=CARTESIAN_POINT('',(2.4492935982947E-16,-2.,15.));
#4508=CARTESIAN_POINT('',(1.5526393477476,1.26067880755801,15.));
#4509=CARTESIAN_POINT('Origin',(0.,-2.75545529808154E-15,15.));
#4510=CARTESIAN_POINT('',(0.76696395010164,-1.34157806381032,14.5453366630131));
#4511=CARTESIAN_POINT('Ctrl Pts',(1.5526393477476,1.26067880755801,15.));
#4512=CARTESIAN_POINT('Ctrl Pts',(1.61389464009932,1.16161158437917,14.9851077141889));
#4513=CARTESIAN_POINT('Ctrl Pts',(1.68441383614509,1.02950263398374,14.9672269993503));
#4514=CARTESIAN_POINT('Ctrl Pts',(1.78441486482037,0.745872057178395,14.9294071256164));
#4515=CARTESIAN_POINT('Ctrl Pts',(1.8149111332217,0.614404827537967,14.9114595141238));
#4516=CARTESIAN_POINT('Ctrl Pts',(1.85871407033731,0.24096691990004,14.8589419667267));
#4517=CARTESIAN_POINT('Ctrl Pts',(1.83851628091132,-0.00186825517544398,
14.8229967444342));
#4518=CARTESIAN_POINT('Ctrl Pts',(1.67402927410607,-0.56738311339944,14.7338160656157));
#4519=CARTESIAN_POINT('Ctrl Pts',(1.50878927086675,-0.781130185505571,14.6957653447785));
#4520=CARTESIAN_POINT('Ctrl Pts',(1.34910708820615,-0.977786188116829,14.6597778008774));
#4521=CARTESIAN_POINT('Ctrl Pts',(1.24044588373928,-1.07815357436464,14.6371040460627));
#4522=CARTESIAN_POINT('Ctrl Pts',(1.01008583201915,-1.23655887729531,14.5912991888777));
#4523=CARTESIAN_POINT('Ctrl Pts',(0.891638746924718,-1.29711346061504,14.5686120691092));
#4524=CARTESIAN_POINT('Ctrl Pts',(0.766963950101641,-1.34157806381033,14.5453366630131));
#4525=CARTESIAN_POINT('',(1.4945517150866,-0.392912933083481,14.5453366630131));
#4526=CARTESIAN_POINT('Origin',(9.0205620750794E-15,-1.08246744900953E-14,
14.5453366630131));
#4527=CARTESIAN_POINT('Ctrl Pts',(1.49455171508627,-0.39291293308454,14.5453366630131));
#4528=CARTESIAN_POINT('Ctrl Pts',(1.53787111258922,-0.254510269721717,14.5520425696767));
#4529=CARTESIAN_POINT('Ctrl Pts',(1.56170956949464,-0.110765921084435,14.5589171348242));
#4530=CARTESIAN_POINT('Ctrl Pts',(1.56913159604129,0.18201556462985,14.5727333666293));
#4531=CARTESIAN_POINT('Ctrl Pts',(1.55187790860588,0.329617517380412,14.5796039191121));
#4532=CARTESIAN_POINT('Ctrl Pts',(1.44557317143456,0.732373177691378,14.5981271036673));
#4533=CARTESIAN_POINT('Ctrl Pts',(1.32497975842826,0.920154048686642,14.6064830639468));
#4534=CARTESIAN_POINT('Ctrl Pts',(1.1046715346054,1.20703348758193,14.6220555058254));
#4535=CARTESIAN_POINT('Ctrl Pts',(0.941358673296827,1.35010929624293,14.6318093768256));
#4536=CARTESIAN_POINT('Ctrl Pts',(0.581328068131279,1.55766762516386,14.6504964387943));
#4537=CARTESIAN_POINT('Ctrl Pts',(0.3906494372098,1.62504771234089,14.6592845894341));
#4538=CARTESIAN_POINT('Ctrl Pts',(0.0805671164762474,1.6739493974464,14.6720561822207));
#4539=CARTESIAN_POINT('Ctrl Pts',(-0.0326924369536581,1.67966480530413,
14.676274271021));
#4540=CARTESIAN_POINT('Ctrl Pts',(-0.372740490544622,1.66398362035443,14.6898318561105));
#4541=CARTESIAN_POINT('Ctrl Pts',(-0.596807217346001,1.60773242722517,14.6996371360331));
#4542=CARTESIAN_POINT('Ctrl Pts',(-0.994961115832351,1.41742375043071,14.7187010762802));
#4543=CARTESIAN_POINT('Ctrl Pts',(-1.16799886806118,1.2907932022841,14.7277851757542));
#4544=CARTESIAN_POINT('Ctrl Pts',(-1.51537465325084,0.920280710643129,14.7482062035015));
#4545=CARTESIAN_POINT('Ctrl Pts',(-1.61980827939791,0.69812779378645,14.7566620134125));
#4546=CARTESIAN_POINT('Ctrl Pts',(-1.75420301189751,0.337232996522405,14.7720031216366));
#4547=CARTESIAN_POINT('Ctrl Pts',(-1.79212926236403,0.112474326097267,14.7814122697398));
#4548=CARTESIAN_POINT('Ctrl Pts',(-1.78189589187267,-0.349258630056406,
14.800433929313));
#4549=CARTESIAN_POINT('Ctrl Pts',(-1.72994038996294,-0.581789084261419,
14.8098507759845));
#4550=CARTESIAN_POINT('Ctrl Pts',(-1.58651540051899,-0.905164615212154,
14.8227731082853));
#4551=CARTESIAN_POINT('Ctrl Pts',(-1.52787429875782,-1.00822142684645,14.826845873326));
#4552=CARTESIAN_POINT('Ctrl Pts',(-1.3287483145579,-1.29329013789136,14.8397719068958));
#4553=CARTESIAN_POINT('Ctrl Pts',(-1.16210308167544,-1.4565007916794,14.8489155200857));
#4554=CARTESIAN_POINT('Ctrl Pts',(-0.765125519532736,-1.72166039745526,
14.8678972214937));
#4555=CARTESIAN_POINT('Ctrl Pts',(-0.535301188624872,-1.81636606497757,
14.8775547883429));
#4556=CARTESIAN_POINT('Ctrl Pts',(-0.192518060368006,-1.88331659619671,
14.8903259643153));
#4557=CARTESIAN_POINT('Ctrl Pts',(-0.0942388513651411,-1.89379700697566,
14.8937970069757));
#4558=CARTESIAN_POINT('Ctrl Pts',(-8.19963021092551E-12,-1.89697912811466,
14.8969791281147));
#4559=CARTESIAN_POINT('Origin',(0.,3.67394039744206E-15,15.));
#4560=CARTESIAN_POINT('',(1.65994655379621E-13,2.,-14.2125000000001));
#4561=CARTESIAN_POINT('',(1.71531892714938E-13,2.,-14.3));
#4562=CARTESIAN_POINT('',(-2.4492935982947E-16,2.,15.));
#4563=CARTESIAN_POINT('',(1.06122099881597,-1.6952315451501,-14.5));
#4564=CARTESIAN_POINT('Ctrl Pts',(3.3223424011907E-13,2.,-14.2125000000001));
#4565=CARTESIAN_POINT('Ctrl Pts',(0.0682052652747162,2.,-14.2159456037234));
#4566=CARTESIAN_POINT('Ctrl Pts',(0.136480815005287,1.99651128053989,-14.2194965124049));
#4567=CARTESIAN_POINT('Ctrl Pts',(0.468417558471665,1.96238115280947,-14.2372608041807));
#4568=CARTESIAN_POINT('Ctrl Pts',(0.724218496010579,1.88303594250422,-14.2524976292442));
#4569=CARTESIAN_POINT('Ctrl Pts',(1.18378004103886,1.63258493667782,-14.2830186486489));
#4570=CARTESIAN_POINT('Ctrl Pts',(1.38446590099777,1.46627075665314,-14.2980077569857));
#4571=CARTESIAN_POINT('Ctrl Pts',(1.71085949843839,1.06729624381348,-14.3261333138528));
#4572=CARTESIAN_POINT('Ctrl Pts',(1.83378069467079,0.838698179381474,-14.3385759395362));
#4573=CARTESIAN_POINT('Ctrl Pts',(1.98870808634239,0.339709225242888,-14.3676836285276));
#4574=CARTESIAN_POINT('Ctrl Pts',(2.01617875662993,0.0732627930205054,-14.3832263370739));
#4575=CARTESIAN_POINT('Ctrl Pts',(1.96653904564045,-0.444825286845004,-14.4134481417327));
#4576=CARTESIAN_POINT('Ctrl Pts',(1.89377877025531,-0.6919466514344,-14.4278635546671));
#4577=CARTESIAN_POINT('Ctrl Pts',(1.69618872986261,-1.07401321021355,-14.4501507705959));
#4578=CARTESIAN_POINT('Ctrl Pts',(1.59587282580621,-1.21810433488775,-14.4590741692802));
#4579=CARTESIAN_POINT('Ctrl Pts',(1.35555422236762,-1.48173389938522,-14.4789038158202));
#4580=CARTESIAN_POINT('Ctrl Pts',(1.21532082239312,-1.59876450549302,-14.4894015402304));
#4581=CARTESIAN_POINT('Ctrl Pts',(1.061220998816,-1.69523154515008,-14.5));
#4582=CARTESIAN_POINT('',(1.95354204731103,-0.42857142857147,-14.5));
#4583=CARTESIAN_POINT('Origin',(0.,9.0930024836691E-15,-14.5));
#4584=CARTESIAN_POINT('Ctrl Pts',(1.95354204731103,-0.428571428571479,-14.5));
#4585=CARTESIAN_POINT('Ctrl Pts',(1.99058546697597,-0.259717713490993,-14.4901501999536));
#4586=CARTESIAN_POINT('Ctrl Pts',(2.00557902988398,-0.0867880398862749,
-14.48006263566));
#4587=CARTESIAN_POINT('Ctrl Pts',(1.99077030836553,0.257647302657505,-14.4599705740116));
#4588=CARTESIAN_POINT('Ctrl Pts',(1.96127578370955,0.427731563456209,-14.4500489921317));
#4589=CARTESIAN_POINT('Ctrl Pts',(1.83424963875859,0.837680987573122,-14.4261352757248));
#4590=CARTESIAN_POINT('Ctrl Pts',(1.71143974099899,1.06637250165606,-14.4136895691121));
#4591=CARTESIAN_POINT('Ctrl Pts',(1.38524667720267,1.46553077766376,-14.3855687830744));
#4592=CARTESIAN_POINT('Ctrl Pts',(1.18466081997346,1.63194377295038,-14.3705818445785));
#4593=CARTESIAN_POINT('Ctrl Pts',(0.725247652475982,1.88263990223864,-14.3400611714976));
#4594=CARTESIAN_POINT('Ctrl Pts',(0.469489497519768,1.96212504473271,-14.3248224263755));
#4595=CARTESIAN_POINT('Ctrl Pts',(0.137207508269654,1.99647402899447,-14.3070343101064));
#4596=CARTESIAN_POINT('Ctrl Pts',(0.068568464696266,2.,-14.3034639518856));
#4597=CARTESIAN_POINT('Ctrl Pts',(3.43308714789706E-13,2.,-14.3));
#4598=CARTESIAN_POINT('Origin',(0.,3.67394039744206E-15,15.));
#4599=CARTESIAN_POINT('',(2.05554391537288E-14,2.,-13.5125));
#4600=CARTESIAN_POINT('',(2.00003276414162E-14,2.,-13.6));
#4601=CARTESIAN_POINT('',(-2.4492935982947E-16,2.,15.));
#4602=CARTESIAN_POINT('Ctrl Pts',(4.4200754167889E-14,2.,-13.5125));
#4603=CARTESIAN_POINT('Ctrl Pts',(0.105610079385588,2.,-13.5178352256793));
#4604=CARTESIAN_POINT('Ctrl Pts',(0.211274591470824,1.9916362726381,-13.5234171432458));
#4605=CARTESIAN_POINT('Ctrl Pts',(0.579623793320796,1.9326934252114,-13.5437446293279));
#4606=CARTESIAN_POINT('Ctrl Pts',(0.832106585084543,1.83816133309019,-13.5592567785298));
#4607=CARTESIAN_POINT('Ctrl Pts',(1.27639733109132,1.5610024517092,-13.5897853251447));
#4608=CARTESIAN_POINT('Ctrl Pts',(1.46607111037184,1.38440941602322,-13.6045179235107));
#4609=CARTESIAN_POINT('Ctrl Pts',(1.77069582476014,0.965772850295932,-13.6321172332525));
#4610=CARTESIAN_POINT('Ctrl Pts',(1.88145094253455,0.726804565138128,-13.6451030670337));
#4611=CARTESIAN_POINT('Ctrl Pts',(2.00558429366075,0.217104432753396,-13.6748355747561));
#4612=CARTESIAN_POINT('Ctrl Pts',(2.01670725976752,-0.0488598550968776,
-13.6903501582141));
#4613=CARTESIAN_POINT('Ctrl Pts',(1.93666441478611,-0.560193581785017,-13.7201779589376));
#4614=CARTESIAN_POINT('Ctrl Pts',(1.84998318460892,-0.801217686526038,-13.7340777905145));
#4615=CARTESIAN_POINT('Ctrl Pts',(1.58548324396763,-1.24761121269543,-13.7604596489883));
#4616=CARTESIAN_POINT('Ctrl Pts',(1.40634649513031,-1.44652295005599,-13.7753108982172));
#4617=CARTESIAN_POINT('Ctrl Pts',(0.984696203242669,-1.76017868641866,-13.8057601826112));
#4618=CARTESIAN_POINT('Ctrl Pts',(0.747304810889402,-1.87334040784716,-13.8210533064439));
#4619=CARTESIAN_POINT('Ctrl Pts',(0.248885380412316,-2.00063027773035,-13.8499451544799));
#4620=CARTESIAN_POINT('Ctrl Pts',(-0.00677776399336919,-2.01603759777279,
-13.86237463682));
#4621=CARTESIAN_POINT('Ctrl Pts',(-0.524023878758624,-1.94861143407095,
-13.890471549326));
#4622=CARTESIAN_POINT('Ctrl Pts',(-0.779855215915815,-1.86104249172332,
-13.9059497689732));
#4623=CARTESIAN_POINT('Ctrl Pts',(-1.2329667231077,-1.59563984867689,-13.9365810338272));
#4624=CARTESIAN_POINT('Ctrl Pts',(-1.4279319652635,-1.42383816775923,-13.9514411992534));
#4625=CARTESIAN_POINT('Ctrl Pts',(-1.74294357626511,-1.01451180518209,-13.9792936881894));
#4626=CARTESIAN_POINT('Ctrl Pts',(-1.85952768516255,-0.780547884860242,
-13.9919680400499));
#4627=CARTESIAN_POINT('Ctrl Pts',(-1.99844995142161,-0.275878846553285,
-14.0214070672845));
#4628=CARTESIAN_POINT('Ctrl Pts',(-2.01737640218467,-0.00956236279507468,
-14.0369421955037));
#4629=CARTESIAN_POINT('Ctrl Pts',(-1.95181821184672,0.505135135708045,-14.0669662162497));
#4630=CARTESIAN_POINT('Ctrl Pts',(-1.87177537724491,0.749172348186424,-14.081201720311));
#4631=CARTESIAN_POINT('Ctrl Pts',(-1.61934663265063,1.20330718015164,-14.1076929188423));
#4632=CARTESIAN_POINT('Ctrl Pts',(-1.44578265225305,1.40714030267903,-14.1221699960248));
#4633=CARTESIAN_POINT('Ctrl Pts',(-1.03224523826683,1.73282687444979,-14.1525603322139));
#4634=CARTESIAN_POINT('Ctrl Pts',(-0.797362888310488,1.85268463436088,-14.1679220049924));
#4635=CARTESIAN_POINT('Ctrl Pts',(-0.368098761846677,1.97452114349369,-14.1931611987518));
#4636=CARTESIAN_POINT('Ctrl Pts',(-0.184343784555493,2.,-14.2031872933068));
#4637=CARTESIAN_POINT('Ctrl Pts',(3.32702615457592E-13,2.,-14.2125000000001));
#4638=CARTESIAN_POINT('Ctrl Pts',(3.43308714789706E-13,2.,-14.3));
#4639=CARTESIAN_POINT('Ctrl Pts',(-0.18398399164087,2.,-14.2907054693787));
#4640=CARTESIAN_POINT('Ctrl Pts',(-0.367384746391782,1.97462050773873,-14.2807001676143));
#4641=CARTESIAN_POINT('Ctrl Pts',(-0.796355249513699,1.85311601058646,-14.2554854908453));
#4642=CARTESIAN_POINT('Ctrl Pts',(-1.03129022516336,1.73339328827085,-14.2401250981107));
#4643=CARTESIAN_POINT('Ctrl Pts',(-1.44499704959744,1.40794679779641,-14.2097332059906));
#4644=CARTESIAN_POINT('Ctrl Pts',(-1.61867358530843,1.20421181339392,-14.1952456891146));
#4645=CARTESIAN_POINT('Ctrl Pts',(-1.87134853684624,0.750233126311652,-14.1687635990348));
#4646=CARTESIAN_POINT('Ctrl Pts',(-1.95152607037957,0.506255458626019,-14.1545315684198));
#4647=CARTESIAN_POINT('Ctrl Pts',(-2.01737963926454,-0.00837424974692351,
-14.124511502098));
#4648=CARTESIAN_POINT('Ctrl Pts',(-1.99861219585482,-0.274685788378301,
-14.1089766623445));
#4649=CARTESIAN_POINT('Ctrl Pts',(-1.8599895472149,-0.77945884612228,-14.0795315673095));
#4650=CARTESIAN_POINT('Ctrl Pts',(-1.74352372875765,-1.01352373157836,-14.0668518152325));
#4651=CARTESIAN_POINT('Ctrl Pts',(-1.42872377833667,-1.42304110422494,-14.0390044478702));
#4652=CARTESIAN_POINT('Ctrl Pts',(-1.23386573025471,-1.59494248847788,-14.0241467896762));
#4653=CARTESIAN_POINT('Ctrl Pts',(-0.780931879310182,-1.86058865965313,
-13.993517396783));
#4654=CARTESIAN_POINT('Ctrl Pts',(-0.525167293278277,-1.94830136367158,
-13.9780383562304));
#4655=CARTESIAN_POINT('Ctrl Pts',(-0.0079649138401796,-2.01603484582037,
-13.9499346896975));
#4656=CARTESIAN_POINT('Ctrl Pts',(0.2477198573731,-2.00077648649689,-13.9375082989682));
#4657=CARTESIAN_POINT('Ctrl Pts',(0.746210030575208,-1.87377468602212,-13.9086212791651));
#4658=CARTESIAN_POINT('Ctrl Pts',(0.983653923167984,-1.76075912743652,-13.8933297662004));
#4659=CARTESIAN_POINT('Ctrl Pts',(1.40548079773865,-1.44736431222367,-13.8628791713764));
#4660=CARTESIAN_POINT('Ctrl Pts',(1.58473721490797,-1.24855890755503,-13.8480249780951));
#4661=CARTESIAN_POINT('Ctrl Pts',(1.84949834540827,-0.802332567698284,-13.8216348010606));
#4662=CARTESIAN_POINT('Ctrl Pts',(1.93632105980346,-0.561373284009178,-13.8077467749005));
#4663=CARTESIAN_POINT('Ctrl Pts',(2.01667423743091,-0.0501181745548623,
-13.7779235601823));
#4664=CARTESIAN_POINT('Ctrl Pts',(2.00571900432093,0.215836081187442,-13.7624095619307));
#4665=CARTESIAN_POINT('Ctrl Pts',(1.88190553158397,0.725642686100196,-13.7326708433108));
#4666=CARTESIAN_POINT('Ctrl Pts',(1.77127632715849,0.964719660799849,-13.7196772771857));
#4667=CARTESIAN_POINT('Ctrl Pts',(1.46687492874274,1.38355498361749,-13.6920834518716));
#4668=CARTESIAN_POINT('Ctrl Pts',(1.27731556956133,1.56024875430885,-13.6773536956928));
#4669=CARTESIAN_POINT('Ctrl Pts',(0.833216684417186,1.83765600733032,-13.6468275973606));
#4670=CARTESIAN_POINT('Ctrl Pts',(0.580807478065014,1.93233572950917,-13.6313148596808));
#4671=CARTESIAN_POINT('Ctrl Pts',(0.212100757692304,1.99157065721483,-13.6109607934167));
#4672=CARTESIAN_POINT('Ctrl Pts',(0.106023592885616,2.,-13.6053561156156));
#4673=CARTESIAN_POINT('Ctrl Pts',(4.09741685025722E-14,2.,-13.6));
#4674=CARTESIAN_POINT('Origin',(0.,3.67394039744206E-15,15.));
#4675=CARTESIAN_POINT('',(-1.18665426122777E-14,2.,-12.8125));
#4676=CARTESIAN_POINT('',(-1.61686568327002E-14,2.,-12.9));
#4677=CARTESIAN_POINT('',(-2.4492935982947E-16,2.,15.));
#4678=CARTESIAN_POINT('Ctrl Pts',(-2.43208231331948E-14,2.,-12.8125));
#4679=CARTESIAN_POINT('Ctrl Pts',(0.144650164879724,2.,-12.8198074585178));
#4680=CARTESIAN_POINT('Ctrl Pts',(0.289177555753644,1.98431136642219,-12.8275662998662));
#4681=CARTESIAN_POINT('Ctrl Pts',(0.690233996505237,1.8957883941938,-12.850408848742));
#4682=CARTESIAN_POINT('Ctrl Pts',(0.935416400468182,1.78757205220352,-12.8659513198229));
#4683=CARTESIAN_POINT('Ctrl Pts',(1.36102585738303,1.48755435729096,-12.896202837695));
#4684=CARTESIAN_POINT('Ctrl Pts',(1.53968063213027,1.30178152439724,-12.9106465204383));
#4685=CARTESIAN_POINT('Ctrl Pts',(1.82299422377029,0.864441424071208,-12.9377147514743));
#4686=CARTESIAN_POINT('Ctrl Pts',(1.92159255105728,0.61490539011365,-12.9516305189101));
#4687=CARTESIAN_POINT('Ctrl Pts',(2.01483825193752,0.0953947069604593,-12.9819353087607));
#4688=CARTESIAN_POINT('Ctrl Pts',(2.00999168864699,-0.169144506806855,-12.9973667628971));
#4689=CARTESIAN_POINT('Ctrl Pts',(1.90042414588606,-0.672713534217195,-13.0267416228294));
#4690=CARTESIAN_POINT('Ctrl Pts',(1.80006835312722,-0.907672446884991,-13.0397043258968));
#4691=CARTESIAN_POINT('Ctrl Pts',(1.51036171004787,-1.33758850837145,-13.066878987589));
#4692=CARTESIAN_POINT('Ctrl Pts',(1.31990493175095,-1.52582545279936,-13.0819907556206));
#4693=CARTESIAN_POINT('Ctrl Pts',(0.881860920414837,-1.8136751554924,-13.112515544387));
#4694=CARTESIAN_POINT('Ctrl Pts',(0.639780944941834,-1.91253724824207,-13.1276284542552));
#4695=CARTESIAN_POINT('Ctrl Pts',(0.134692099456724,-2.01177199795261,-13.156038954451));
#4696=CARTESIAN_POINT('Ctrl Pts',(-0.123269832513754,-2.01250407661471,
-13.1683626614767));
#4697=CARTESIAN_POINT('Ctrl Pts',(-0.635881671016408,-1.91481041611268,
-13.197108260916));
#4698=CARTESIAN_POINT('Ctrl Pts',(-0.884759479599055,-1.81329013586575,
-13.2126421151957));
#4699=CARTESIAN_POINT('Ctrl Pts',(-1.31974055408812,-1.5244158339127,-13.2430420542086));
#4700=CARTESIAN_POINT('Ctrl Pts',(-1.50389327154817,-1.34309441470844,-13.2576336499393));
#4701=CARTESIAN_POINT('Ctrl Pts',(-1.79779520615714,-0.914980619503431,
-13.2849676838924));
#4702=CARTESIAN_POINT('Ctrl Pts',(-1.90247149851355,-0.670743299291928,
-13.2983733075414));
#4703=CARTESIAN_POINT('Ctrl Pts',(-2.0111545927719,-0.156016023509592,-13.3283990652954));
#4704=CARTESIAN_POINT('Ctrl Pts',(-2.01423050037507,0.109349417879846,-13.3438787160431));
#4705=CARTESIAN_POINT('Ctrl Pts',(-1.91930923244676,0.616841378955337,-13.3734824137725));
#4706=CARTESIAN_POINT('Ctrl Pts',(-1.82579357483464,0.854783335183023,-13.3868621362337));
#4707=CARTESIAN_POINT('Ctrl Pts',(-1.54868109378298,1.2930203930237,-13.4136432599046));
#4708=CARTESIAN_POINT('Ctrl Pts',(-1.3638205868018,1.48669456171498,-13.4286309003783));
#4709=CARTESIAN_POINT('Ctrl Pts',(-0.933800851741322,1.78759376111238,-13.4591309278843));
#4710=CARTESIAN_POINT('Ctrl Pts',(-0.693966884837509,1.893648103034,-13.4743401474921));
#4711=CARTESIAN_POINT('Ctrl Pts',(-0.295644776146205,1.98359864660095,-13.497086200472));
#4712=CARTESIAN_POINT('Ctrl Pts',(-0.147900190075716,2.,-13.5050283562266));
#4713=CARTESIAN_POINT('Ctrl Pts',(4.45823933326039E-14,2.,-13.5125));
#4714=CARTESIAN_POINT('Ctrl Pts',(4.11476408501699E-14,2.,-13.6));
#4715=CARTESIAN_POINT('Ctrl Pts',(-0.147504129709311,2.,-13.592548364463));
#4716=CARTESIAN_POINT('Ctrl Pts',(-0.294855979342602,1.98368635425801,-13.584628607166));
#4717=CARTESIAN_POINT('Ctrl Pts',(-0.692829060472668,1.894062599462,-13.5619097177514));
#4718=CARTESIAN_POINT('Ctrl Pts',(-0.932712600304981,1.78815957284139,-13.546702407174));
#4719=CARTESIAN_POINT('Ctrl Pts',(-1.36290573420741,1.48753347354846,-13.5162015852992));
#4720=CARTESIAN_POINT('Ctrl Pts',(-1.54788599651875,1.29397228735817,-13.501211190331));
#4721=CARTESIAN_POINT('Ctrl Pts',(-1.82526511837738,0.855909535910843,-13.4744216803966));
#4722=CARTESIAN_POINT('Ctrl Pts',(-1.91892537326155,0.618031697125593,-13.461051848999));
#4723=CARTESIAN_POINT('Ctrl Pts',(-2.0141588648035,0.110621922994266,-13.431452945508));
#4724=CARTESIAN_POINT('Ctrl Pts',(-2.01125188830945,-0.154728363519195,
-13.4159741787947));
#4725=CARTESIAN_POINT('Ctrl Pts',(-1.90289552032527,-0.669559378890924,
-13.3859423695647));
#4726=CARTESIAN_POINT('Ctrl Pts',(-1.79834776992723,-0.913908520405054,
-13.3725268679479));
#4727=CARTESIAN_POINT('Ctrl Pts',(-1.50467121114338,-1.34222006383311,-13.3451984519078));
#4728=CARTESIAN_POINT('Ctrl Pts',(-1.32063508519611,-1.52363848593753,-13.3306099169131));
#4729=CARTESIAN_POINT('Ctrl Pts',(-0.885851726270694,-1.81275439511451,
-13.3002129192471));
#4730=CARTESIAN_POINT('Ctrl Pts',(-0.63705121525879,-1.91441933607959,-13.2846787506267));
#4731=CARTESIAN_POINT('Ctrl Pts',(-0.124491850643118,-2.01243200108813,
-13.2559264977728));
#4732=CARTESIAN_POINT('Ctrl Pts',(0.133496063850941,-2.01185484426835,-13.2436017923061));
#4733=CARTESIAN_POINT('Ctrl Pts',(0.638652109865995,-1.91291247199762,-13.2151964249393));
#4734=CARTESIAN_POINT('Ctrl Pts',(0.880776410055621,-1.81419991650542,-13.2000856373719));
#4735=CARTESIAN_POINT('Ctrl Pts',(1.31898256969221,-1.5266230071614,-13.1695606136462));
#4736=CARTESIAN_POINT('Ctrl Pts',(1.50955363446256,-1.33850055246118,-13.1544464113573));
#4737=CARTESIAN_POINT('Ctrl Pts',(1.79952047213332,-0.90875833803799,-13.1272636756554));
#4738=CARTESIAN_POINT('Ctrl Pts',(1.90001786388044,-0.673860098594421,-13.1143085057513));
#4739=CARTESIAN_POINT('Ctrl Pts',(2.00988586886325,-0.170372977937939,-13.084938423713));
#4740=CARTESIAN_POINT('Ctrl Pts',(2.01489486305837,0.0941468165115206,-13.0695081023701));
#4741=CARTESIAN_POINT('Ctrl Pts',(1.92196822151223,0.613753794666129,-13.0391976953111));
#4742=CARTESIAN_POINT('Ctrl Pts',(1.82349566031081,0.86339964190106,-13.0252704684332));
#4743=CARTESIAN_POINT('Ctrl Pts',(1.54039962935174,1.30092794592867,-12.9982077388853));
#4744=CARTESIAN_POINT('Ctrl Pts',(1.36185821653556,1.48678997601298,-12.9837671813921));
#4745=CARTESIAN_POINT('Ctrl Pts',(0.936443008651567,1.78703217718275,-12.9535189285223));
#4746=CARTESIAN_POINT('Ctrl Pts',(0.691337861327495,1.89538394280026,-12.9379764104479));
#4747=CARTESIAN_POINT('Ctrl Pts',(0.289962767497036,1.98422578471977,-12.9151084634425));
#4748=CARTESIAN_POINT('Ctrl Pts',(0.145044235859961,2.,-12.9073273662541));
#4749=CARTESIAN_POINT('Ctrl Pts',(-3.20923843055709E-14,2.,-12.9));
#4750=CARTESIAN_POINT('Origin',(0.,3.67394039744206E-15,15.));
#4751=CARTESIAN_POINT('',(-1.77314059410093E-13,2.,-12.1125));
#4752=CARTESIAN_POINT('',(-1.86806466270639E-13,2.,-12.2));
#4753=CARTESIAN_POINT('',(-2.4492935982947E-16,2.,15.));
#4754=CARTESIAN_POINT('Ctrl Pts',(-3.54646867428698E-13,2.,-12.1125));
#4755=CARTESIAN_POINT('Ctrl Pts',(0.185744517148986,2.00000000000003,-12.1218834691105));
#4756=CARTESIAN_POINT('Ctrl Pts',(0.370910482427468,1.97413238765453,-12.1319921828784));
#4757=CARTESIAN_POINT('Ctrl Pts',(0.80380353607957,1.85026618103969,-12.1574739028304));
#4758=CARTESIAN_POINT('Ctrl Pts',(1.0405626246046,1.72823789455465,-12.1729936919918));
#4759=CARTESIAN_POINT('Ctrl Pts',(1.44546584582969,1.40541119125274,-12.202864431918));
#4760=CARTESIAN_POINT('Ctrl Pts',(1.61205129210258,1.21067609024907,-12.2168772280689));
#4761=CARTESIAN_POINT('Ctrl Pts',(1.86897196240223,0.759756279185233,-12.2431808837143));
#4762=CARTESIAN_POINT('Ctrl Pts',(1.95308985813642,0.505641443785613,-12.2580042491126));
#4763=CARTESIAN_POINT('Ctrl Pts',(2.01684642718148,-0.0161262780286877,
-12.2884406995517));
#4764=CARTESIAN_POINT('Ctrl Pts',(1.99758662254236,-0.278548922662461,-12.3037486871554));
#4765=CARTESIAN_POINT('Ctrl Pts',(1.86128614206052,-0.7746120899948,-12.3326857052498));
#4766=CARTESIAN_POINT('Ctrl Pts',(1.74810682877296,-1.00425043230673,-12.3451461838113));
#4767=CARTESIAN_POINT('Ctrl Pts',(1.43338108277221,-1.42027723168189,-12.3731796607833));
#4768=CARTESIAN_POINT('Ctrl Pts',(1.23048582094795,-1.59926176243297,-12.388649935908));
#4769=CARTESIAN_POINT('Ctrl Pts',(0.775235821495642,-1.86154536989984,-12.4192982615607));
#4770=CARTESIAN_POINT('Ctrl Pts',(0.529279258411557,-1.94582523024422,-12.4341816943458));
#4771=CARTESIAN_POINT('Ctrl Pts',(0.017846212802503,-2.01657995044922,-12.4620820242587));
#4772=CARTESIAN_POINT('Ctrl Pts',(-0.242801185583362,-2.00199176384806,
-12.4747077732502));
#4773=CARTESIAN_POINT('Ctrl Pts',(-0.749873031796288,-1.87288013532039,
-12.5040898599369));
#4774=CARTESIAN_POINT('Ctrl Pts',(-0.990753053700786,-1.7573800421833,-12.5196274253837));
#4775=CARTESIAN_POINT('Ctrl Pts',(-1.40563951367615,-1.44533773745866,-12.5496879550896));
#4776=CARTESIAN_POINT('Ctrl Pts',(-1.57807044662223,-1.25481596541769,-12.5639557315933));
#4777=CARTESIAN_POINT('Ctrl Pts',(-1.84756077013504,-0.810409867556829,
-12.5905317283114));
#4778=CARTESIAN_POINT('Ctrl Pts',(-1.93862328369231,-0.558638836802981,
-12.6049127345199));
#4779=CARTESIAN_POINT('Ctrl Pts',(-2.01664338367581,-0.0379185679513093,
-12.6352880835362));
#4780=CARTESIAN_POINT('Ctrl Pts',(-2.00434258235483,0.225625886843743,-12.650661510066));
#4781=CARTESIAN_POINT('Ctrl Pts',(-1.88097108606018,0.725373810689718,-12.6798134722903));
#4782=CARTESIAN_POINT('Ctrl Pts',(-1.77405252175815,0.957566250943896,-12.6924738334823));
#4783=CARTESIAN_POINT('Ctrl Pts',(-1.47231718552809,1.37936007552768,-12.7200192639057));
#4784=CARTESIAN_POINT('Ctrl Pts',(-1.27663640096874,1.56221406909745,-12.7352379363284));
#4785=CARTESIAN_POINT('Ctrl Pts',(-0.831254938330252,1.83732131679961,-12.7657617446125));
#4786=CARTESIAN_POINT('Ctrl Pts',(-0.587215468555064,1.92923265868516,-12.7807709142713));
#4787=CARTESIAN_POINT('Ctrl Pts',(-0.222333280559948,1.99073687880198,-12.800997959936));
#4788=CARTESIAN_POINT('Ctrl Pts',(-0.111144195910594,2.,-12.8068852010001));
#4789=CARTESIAN_POINT('Ctrl Pts',(-2.50494069931051E-14,2.,-12.8125));
#4790=CARTESIAN_POINT('Ctrl Pts',(-3.09474668114262E-14,2.,-12.9));
#4791=CARTESIAN_POINT('Ctrl Pts',(-0.110779603267415,2.,-12.8944036195454));
#4792=CARTESIAN_POINT('Ctrl Pts',(-0.221605120145425,1.99079754362568,-12.8885365146425));
#4793=CARTESIAN_POINT('Ctrl Pts',(-0.586145626971235,1.92955609839815,-12.8683343943456));
#4794=CARTESIAN_POINT('Ctrl Pts',(-0.830222780765047,1.83778595616642,-12.8533274392831));
#4795=CARTESIAN_POINT('Ctrl Pts',(-1.27574909580553,1.56293887791058,-12.8228039015994));
#4796=CARTESIAN_POINT('Ctrl Pts',(-1.47153414127678,1.38019552518259,-12.807583189133));
#4797=CARTESIAN_POINT('Ctrl Pts',(-1.77351249846588,0.958567632991865,-12.7800303214355));
#4798=CARTESIAN_POINT('Ctrl Pts',(-1.88056405388939,0.726430299074342,-12.7673751007793));
#4799=CARTESIAN_POINT('Ctrl Pts',(-2.00421265994498,0.226760287366622,-12.7382276834297));
#4800=CARTESIAN_POINT('Ctrl Pts',(-2.01666288648254,-0.03676205037154,-12.7228555470616));
#4801=CARTESIAN_POINT('Ctrl Pts',(-1.93894756725129,-0.557511615504696,
-12.6924784890955));
#4802=CARTESIAN_POINT('Ctrl Pts',(-1.84803199239934,-0.809333819231262,
-12.6780869183305));
#4803=CARTESIAN_POINT('Ctrl Pts',(-1.5788101406041,-1.25388216956074,-12.6515203352762));
#4804=CARTESIAN_POINT('Ctrl Pts',(-1.40650267827256,-1.44449516413103,-12.6372561356222));
#4805=CARTESIAN_POINT('Ctrl Pts',(-0.991830119933793,-1.75676994100692,
-12.6071996313932));
#4806=CARTESIAN_POINT('Ctrl Pts',(-0.751036676300418,-1.87241148070733,
-12.5916623141956));
#4807=CARTESIAN_POINT('Ctrl Pts',(-0.244026251865368,-2.00184760720076,
-12.5622738658995));
#4808=CARTESIAN_POINT('Ctrl Pts',(0.0166503769374559,-2.01659490465889,
-12.5496428718369));
#4809=CARTESIAN_POINT('Ctrl Pts',(0.528146018763703,-1.94613118919918,-12.5217478673175));
#4810=CARTESIAN_POINT('Ctrl Pts',(0.774137592958167,-1.86200029805865,-12.506867010771));
#4811=CARTESIAN_POINT('Ctrl Pts',(1.22951671259821,-1.60000413554638,-12.4762205460166));
#4812=CARTESIAN_POINT('Ctrl Pts',(1.43250795729452,-1.4211546810176,-12.4607493617381));
#4813=CARTESIAN_POINT('Ctrl Pts',(1.74748936395794,-1.00532753477502,-12.4327087924791));
#4814=CARTESIAN_POINT('Ctrl Pts',(1.86081468037829,-0.775747792765259,-12.420251954578));
#4815=CARTESIAN_POINT('Ctrl Pts',(1.99741379782183,-0.27977092687512,-12.3913199707344));
#4816=CARTESIAN_POINT('Ctrl Pts',(2.01683399515508,-0.0173763621946169,
-12.376013621128));
#4817=CARTESIAN_POINT('Ctrl Pts',(1.95340667801664,0.50441676531266,-12.3455756886901));
#4818=CARTESIAN_POINT('Ctrl Pts',(1.86944766206754,0.758585400612457,-12.3307491849643));
#4819=CARTESIAN_POINT('Ctrl Pts',(1.61281537308683,1.20965520998333,-12.3044367794176));
#4820=CARTESIAN_POINT('Ctrl Pts',(1.44636344200685,1.40448468007941,-12.2904368000575));
#4821=CARTESIAN_POINT('Ctrl Pts',(1.04169461794593,1.72755318660984,-12.2605708488479));
#4822=CARTESIAN_POINT('Ctrl Pts',(0.805032009704894,1.84972952259505,-12.2450516155814));
#4823=CARTESIAN_POINT('Ctrl Pts',(0.371805877357567,1.9740065862238,-12.2195410857808));
#4824=CARTESIAN_POINT('Ctrl Pts',(0.186195618912417,2.00000000000004,-12.2094062579363));
#4825=CARTESIAN_POINT('Ctrl Pts',(-3.73832909073002E-13,2.,-12.2));
#4826=CARTESIAN_POINT('Origin',(0.,3.67394039744206E-15,15.));
#4827=CARTESIAN_POINT('',(-1.07703075766094E-13,2.,-11.4125));
#4828=CARTESIAN_POINT('',(-1.0137480452573E-13,2.,-11.5));
#4829=CARTESIAN_POINT('',(-2.4492935982947E-16,2.,15.));
#4830=CARTESIAN_POINT('Ctrl Pts',(-2.14203654813616E-13,2.,-11.4125));
#4831=CARTESIAN_POINT('Ctrl Pts',(0.22695827748081,2.00000000000002,-11.4239655119774));
#4832=CARTESIAN_POINT('Ctrl Pts',(0.452536218367709,1.96137596248834,-11.4364878263331));
#4833=CARTESIAN_POINT('Ctrl Pts',(0.914261692712933,1.79802077013025,-11.4645778688811));
#4834=CARTESIAN_POINT('Ctrl Pts',(1.14186284702433,1.66280019882113,-11.4800197911355));
#4835=CARTESIAN_POINT('Ctrl Pts',(1.52528032506819,1.31821083163832,-11.509439855459));
#4836=CARTESIAN_POINT('Ctrl Pts',(1.6797536441286,1.11469428593848,-11.5224761666537));
#4837=CARTESIAN_POINT('Ctrl Pts',(1.90987622566097,0.650157314793026,-11.5495741566371));
#4838=CARTESIAN_POINT('Ctrl Pts',(1.97914539609419,0.391498642932252,-11.5646625791623));
#4839=CARTESIAN_POINT('Ctrl Pts',(2.01241552013963,-0.131735672146014,-11.5951845808752));
#4840=CARTESIAN_POINT('Ctrl Pts',(1.97843117757898,-0.391154519447653,-11.6103173469678));
#4841=CARTESIAN_POINT('Ctrl Pts',(1.81454430954245,-0.879023086462469,-11.6387763467104));
#4842=CARTESIAN_POINT('Ctrl Pts',(1.68758825609805,-1.10331193842153,-11.6510927639843));
#4843=CARTESIAN_POINT('Ctrl Pts',(1.34904445985598,-1.50033552245752,-11.6797752243093));
#4844=CARTESIAN_POINT('Ctrl Pts',(1.13751025841821,-1.66642522963979,-11.695305823648));
#4845=CARTESIAN_POINT('Ctrl Pts',(0.670900170387663,-1.90145279210797,-11.7257330719639));
#4846=CARTESIAN_POINT('Ctrl Pts',(0.422042457852059,-1.97168659355388,-11.7403533887301));
#4847=CARTESIAN_POINT('Ctrl Pts',(-0.0951101105609616,-2.01493562996678,
-11.7677404092351));
#4848=CARTESIAN_POINT('Ctrl Pts',(-0.358657325753017,-1.98504661702341,
-11.7810548443993));
#4849=CARTESIAN_POINT('Ctrl Pts',(-0.859454855681529,-1.82496686942398,
-11.8110232010501));
#4850=CARTESIAN_POINT('Ctrl Pts',(-1.09172368690007,-1.69626150293457,-11.8265108988926));
#4851=CARTESIAN_POINT('Ctrl Pts',(-1.48590917073141,-1.3624797984101,-11.856159719438));
#4852=CARTESIAN_POINT('Ctrl Pts',(-1.6464228471828,-1.16339960478825,-11.8696350230541));
#4853=CARTESIAN_POINT('Ctrl Pts',(-1.89006988113476,-0.70565302225199,-11.8963369070354));
#4854=CARTESIAN_POINT('Ctrl Pts',(-1.96685188485006,-0.449172127338099,
-11.911298292572));
#4855=CARTESIAN_POINT('Ctrl Pts',(-2.01547564895956,0.073547216033592,-11.9417902542687));
#4856=CARTESIAN_POINT('Ctrl Pts',(-1.98887500924547,0.33458074134722,-11.957017209912));
#4857=CARTESIAN_POINT('Ctrl Pts',(-1.83886883069938,0.826628557793448,-11.9857199992047));
#4858=CARTESIAN_POINT('Ctrl Pts',(-1.71892012727182,1.05359414743588,-11.9980598336248));
#4859=CARTESIAN_POINT('Ctrl Pts',(-1.3924106405265,1.46032335413901,-12.026417423576));
#4860=CARTESIAN_POINT('Ctrl Pts',(-1.185163403939,1.63300618873673,-12.0419237529372));
#4861=CARTESIAN_POINT('Ctrl Pts',(-0.72412170603574,1.88192395461183,-12.0724748274262));
#4862=CARTESIAN_POINT('Ctrl Pts',(-0.476637761195426,1.95929600750917,-12.0872339429925));
#4863=CARTESIAN_POINT('Ctrl Pts',(-0.1476514281698,1.99591704505025,-12.1049218370315));
#4864=CARTESIAN_POINT('Ctrl Pts',(-0.0737861120337698,1.99999999999999,
-12.1087724622311));
#4865=CARTESIAN_POINT('Ctrl Pts',(-3.54383189460357E-13,2.,-12.1125));
#4866=CARTESIAN_POINT('Ctrl Pts',(-3.73368003181449E-13,2.,-12.2));
#4867=CARTESIAN_POINT('Ctrl Pts',(-0.0733832254512556,1.99999999999999,
-12.1962928153153));
#4868=CARTESIAN_POINT('Ctrl Pts',(-0.14684541454736,1.99596150696242,-12.1924638521531));
#4869=CARTESIAN_POINT('Ctrl Pts',(-0.475435702018654,1.95958602716775,-12.1748031277032));
#4870=CARTESIAN_POINT('Ctrl Pts',(-0.722952181241868,1.88237142455884,-12.1600469608601));
#4871=CARTESIAN_POINT('Ctrl Pts',(-1.18412124873603,1.63375918134025,-12.1294983629727));
#4872=CARTESIAN_POINT('Ctrl Pts',(-1.39146533746003,1.46122088630223,-12.1139913565581));
#4873=CARTESIAN_POINT('Ctrl Pts',(-1.71824177201534,1.05470461387575,-12.0856264914808));
#4874=CARTESIAN_POINT('Ctrl Pts',(-1.83834482893469,0.827798940451236,-12.0732882715263));
#4875=CARTESIAN_POINT('Ctrl Pts',(-1.98866014387222,0.335842971777189,-12.0445908400203));
#4876=CARTESIAN_POINT('Ctrl Pts',(-2.0154258315817,0.0748431388252714,-12.0293658497648));
#4877=CARTESIAN_POINT('Ctrl Pts',(-1.96714380882223,-0.44789260074772,-11.998872931623));
#4878=CARTESIAN_POINT('Ctrl Pts',(-1.89052826129361,-0.704424411040938,
-11.9839085760226));
#4879=CARTESIAN_POINT('Ctrl Pts',(-1.64718153416399,-1.16232360001823,-11.9571977899989));
#4880=CARTESIAN_POINT('Ctrl Pts',(-1.48680353369271,-1.36150216904401,-11.9437334151887));
#4881=CARTESIAN_POINT('Ctrl Pts',(-1.09285883237692,-1.69552766496967,-11.9140896479477));
#4882=CARTESIAN_POINT('Ctrl Pts',(-0.860692694134173,-1.82438085070868,
-11.8986028265693));
#4883=CARTESIAN_POINT('Ctrl Pts',(-0.359972075360814,-1.98481559295021,
-11.8686280013173));
#4884=CARTESIAN_POINT('Ctrl Pts',(-0.0963905086428371,-2.01488155665546,
-11.8553035154373));
#4885=CARTESIAN_POINT('Ctrl Pts',(0.420824722803027,-1.97194485367066,-11.8279224390369));
#4886=CARTESIAN_POINT('Ctrl Pts',(0.669710673072251,-1.90186997105126,-11.8133053308851));
#4887=CARTESIAN_POINT('Ctrl Pts',(1.13643995272211,-1.667152547515,-11.7828811069481));
#4888=CARTESIAN_POINT('Ctrl Pts',(1.34806718547105,-1.501210555401,-11.767350116196));
#4889=CARTESIAN_POINT('Ctrl Pts',(1.68687737339753,-1.10440433340209,-11.7386605379824));
#4890=CARTESIAN_POINT('Ctrl Pts',(1.81398973043921,-0.880174213998792,-11.7263434958166));
#4891=CARTESIAN_POINT('Ctrl Pts',(1.97818262456674,-0.392399052961694,-11.6978899447561));
#4892=CARTESIAN_POINT('Ctrl Pts',(2.0123290785852,-0.133018140270742,-11.6827593915158));
#4893=CARTESIAN_POINT('Ctrl Pts',(1.97939755407481,0.390222423368778,-11.6522370253035));
#4894=CARTESIAN_POINT('Ctrl Pts',(1.9102948575227,0.648926591444406,-11.6371459488324));
#4895=CARTESIAN_POINT('Ctrl Pts',(1.68047137920129,1.11361181738447,-11.6100393106526));
#4896=CARTESIAN_POINT('Ctrl Pts',(1.52613008467871,1.31722664403172,-11.5970114892131));
#4897=CARTESIAN_POINT('Ctrl Pts',(1.14294898808138,1.66205113649725,-11.5675965086218));
#4898=CARTESIAN_POINT('Ctrl Pts',(0.915451989473987,1.79741252435647,-11.5521557409713));
#4899=CARTESIAN_POINT('Ctrl Pts',(0.453428987952327,1.96122194703636,-11.5240374195169));
#4900=CARTESIAN_POINT('Ctrl Pts',(0.227410107647782,2.00000000000002,-11.5114883376009));
#4901=CARTESIAN_POINT('Ctrl Pts',(-2.02199368359857E-13,2.,-11.5));
#4902=CARTESIAN_POINT('Origin',(0.,3.67394039744206E-15,15.));
#4903=CARTESIAN_POINT('',(-4.95497432346784E-10,2.,-10.71249999995));
#4904=CARTESIAN_POINT('',(-2.47964306372836E-10,2.,-10.7999999999749));
#4905=CARTESIAN_POINT('',(-2.4492935982947E-16,2.,15.));
#4906=CARTESIAN_POINT('Ctrl Pts',(-9.90995202565514E-10,2.,-10.71249999995));
#4907=CARTESIAN_POINT('Ctrl Pts',(0.264834516095005,2.00000000013123,-10.7258789494226));
#4908=CARTESIAN_POINT('Ctrl Pts',(0.527178208930784,1.94739435878884,-10.7406663982753));
#4909=CARTESIAN_POINT('Ctrl Pts',(1.01230550349858,1.74448975154704,-10.7710921820545));
#4910=CARTESIAN_POINT('Ctrl Pts',(1.23091412431321,1.59776990055506,-10.7864152138233));
#4911=CARTESIAN_POINT('Ctrl Pts',(1.59446057467233,1.23371529707697,-10.8153991666769));
#4912=CARTESIAN_POINT('Ctrl Pts',(1.73790017406316,1.02178542993306,-10.8278958499206));
#4913=CARTESIAN_POINT('Ctrl Pts',(1.94253076405526,0.544918975420989,-10.8557130597672));
#4914=CARTESIAN_POINT('Ctrl Pts',(1.99758675933578,0.282796953630703,-10.8710035110383));
#4915=CARTESIAN_POINT('Ctrl Pts',(2.00219307643176,-0.240185180545678,-10.9015108021986));
#4916=CARTESIAN_POINT('Ctrl Pts',(1.95459510973408,-0.496037547272709,-10.916435523591));
#4917=CARTESIAN_POINT('Ctrl Pts',(1.76476862210346,-0.975809415466458,-10.9444222159023));
#4918=CARTESIAN_POINT('Ctrl Pts',(1.62428279194809,-1.19512578360707,-10.9569687426444));
#4919=CARTESIAN_POINT('Ctrl Pts',(1.2630059204856,-1.57319662877557,-10.9862468476236));
#4920=CARTESIAN_POINT('Ctrl Pts',(1.04383991921724,-1.72641672115893,-11.0017876275948));
#4921=CARTESIAN_POINT('Ctrl Pts',(0.567719638770455,-1.93459062344686,-11.0319120814688));
#4922=CARTESIAN_POINT('Ctrl Pts',(0.31680088661817,-1.99113745641737,-11.0462373148933));
#4923=CARTESIAN_POINT('Ctrl Pts',(-0.205587313123012,-2.00733658558384,
-11.0730998741714));
#4924=CARTESIAN_POINT('Ctrl Pts',(-0.47219683733543,-1.96183049605602,-11.0874677871737));
#4925=CARTESIAN_POINT('Ctrl Pts',(-0.965823865282847,-1.77074735293185,
-11.117978169043));
#4926=CARTESIAN_POINT('Ctrl Pts',(-1.18880161221262,-1.62945378051747,-11.1333636545154));
#4927=CARTESIAN_POINT('Ctrl Pts',(-1.56187350264877,-1.2746557393374,-11.1625588318989));
#4928=CARTESIAN_POINT('Ctrl Pts',(-1.71058775020457,-1.06679851820642,-11.175270086438));
#4929=CARTESIAN_POINT('Ctrl Pts',(-1.92752755933011,-0.595807572167971,
-11.2027445582903));
#4930=CARTESIAN_POINT('Ctrl Pts',(-1.98945085506294,-0.33525331410508,-11.2179435566773));
#4931=CARTESIAN_POINT('Ctrl Pts',(-2.00784514260754,0.188047589829991,-11.2484694427401));
#4932=CARTESIAN_POINT('Ctrl Pts',(-1.96676798562683,0.445705262485644,-11.2634994736451));
#4933=CARTESIAN_POINT('Ctrl Pts',(-1.78943043544197,0.929422645352235,-11.2917163209789));
#4934=CARTESIAN_POINT('Ctrl Pts',(-1.65553331560212,1.15112995753368,-11.3041068124543));
#4935=CARTESIAN_POINT('Ctrl Pts',(-1.30523805115119,1.53846319607467,-11.3331003001191));
#4936=CARTESIAN_POINT('Ctrl Pts',(-1.08968043102719,1.69796702942342,-11.3486420671338));
#4937=CARTESIAN_POINT('Ctrl Pts',(-0.617985809851061,1.91921092210842,-11.3789241529485));
#4938=CARTESIAN_POINT('Ctrl Pts',(-0.367973952120548,1.98240101411997,-11.393397333468));
#4939=CARTESIAN_POINT('Ctrl Pts',(-0.0751984528877336,1.99894072320613,
-11.4086702178129));
#4940=CARTESIAN_POINT('Ctrl Pts',(-0.0375818438183778,2.,-11.4106014348311));
#4941=CARTESIAN_POINT('Ctrl Pts',(-2.15161222172358E-13,2.,-11.4125));
#4942=CARTESIAN_POINT('Ctrl Pts',(-2.0250467969163E-13,2.,-11.5));
#4943=CARTESIAN_POINT('Ctrl Pts',(-0.0371914757637736,2.,-11.4981211555024));
#4944=CARTESIAN_POINT('Ctrl Pts',(-0.074417143040873,1.99896261418867,-11.4962103266267));
#4945=CARTESIAN_POINT('Ctrl Pts',(-0.366796112420397,1.98261737436103,-11.4809631462559));
#4946=CARTESIAN_POINT('Ctrl Pts',(-0.616830858560051,1.919580442148,-11.4664932766172));
#4947=CARTESIAN_POINT('Ctrl Pts',(-1.08863154429469,1.69863711401712,-11.4362145990835));
#4948=CARTESIAN_POINT('Ctrl Pts',(-1.30427438567404,1.5392773634639,-11.4206727292636));
#4949=CARTESIAN_POINT('Ctrl Pts',(-1.65482391415118,1.15215624011526,-11.3916725833441));
#4950=CARTESIAN_POINT('Ctrl Pts',(-1.7888723951763,0.930504509794459,-11.379279429738));
#4951=CARTESIAN_POINT('Ctrl Pts',(-1.96649993769168,0.446877724932458,-11.3510678672877));
#4952=CARTESIAN_POINT('Ctrl Pts',(-2.00772925058359,0.189260126802868,-11.3360401740635));
#4953=CARTESIAN_POINT('Ctrl Pts',(-1.98965546169791,-0.334037526555569,
-11.3055144776176));
#4954=CARTESIAN_POINT('Ctrl Pts',(-1.92789115487753,-0.594630297009516,
-11.2903132326744));
#4955=CARTESIAN_POINT('Ctrl Pts',(-1.71123640355214,-1.06575897054376,-11.2628307267183));
#4956=CARTESIAN_POINT('Ctrl Pts',(-1.56264538434312,-1.27371027628565,-11.2501254019386));
#4957=CARTESIAN_POINT('Ctrl Pts',(-1.18979555470364,-1.62872563812986,-11.2209351041361));
#4958=CARTESIAN_POINT('Ctrl Pts',(-0.966918468425468,-1.77014752770219,
-11.2055509612696));
#4959=CARTESIAN_POINT('Ctrl Pts',(-0.473371549214094,-1.96155537629602,
-11.1750351557692));
#4960=CARTESIAN_POINT('Ctrl Pts',(-0.206729467973138,-2.00722692327243,
-11.1606543752357));
#4961=CARTESIAN_POINT('Ctrl Pts',(0.315711073977542,-1.99130880242086,-11.1337973678019));
#4962=CARTESIAN_POINT('Ctrl Pts',(0.566647202190888,-1.93490320405588,-11.1194753759136));
#4963=CARTESIAN_POINT('Ctrl Pts',(1.04285769410355,-1.7270079018656,-11.0893544905596));
#4964=CARTESIAN_POINT('Ctrl Pts',(1.2620984566716,-1.57392215927217,-11.0738138523214));
#4965=CARTESIAN_POINT('Ctrl Pts',(1.62360778705619,-1.19604966760371,-11.0445297892584));
#4966=CARTESIAN_POINT('Ctrl Pts',(1.76423426113222,-0.976783742397525,-11.0319790516399));
#4967=CARTESIAN_POINT('Ctrl Pts',(1.95432436121753,-0.497096119244966,-11.0039972736226));
#4968=CARTESIAN_POINT('Ctrl Pts',(2.00205922798805,-0.241283598500284,-10.9890748765792));
#4969=CARTESIAN_POINT('Ctrl Pts',(1.99774354289929,0.281687869072801,-10.9585682076374));
#4970=CARTESIAN_POINT('Ctrl Pts',(1.9428329080517,0.543840971006073,-10.943275943358));
#4971=CARTESIAN_POINT('Ctrl Pts',(1.73846286040152,1.02083018796359,-10.9154515723688));
#4972=CARTESIAN_POINT('Ctrl Pts',(1.59513391648473,1.2328464898076,-10.9029585228706));
#4973=CARTESIAN_POINT('Ctrl Pts',(1.23178768359903,1.59709424271054,-10.8739790511081));
#4974=CARTESIAN_POINT('Ctrl Pts',(1.0132719969777,1.74392642528923,-10.8586574378647));
#4975=CARTESIAN_POINT('Ctrl Pts',(0.528331044311099,1.94707317128677,-10.828234005353));
#4976=CARTESIAN_POINT('Ctrl Pts',(0.265928707609945,1.99989070354639,-10.8134374137691));
#4977=CARTESIAN_POINT('Ctrl Pts',(0.000548845760505682,1.99999994351959,
-10.800027728319));
#4978=CARTESIAN_POINT('Ctrl Pts',(0.000274421440853353,2.00000000000007,
-10.8000138632631));
#4979=CARTESIAN_POINT('Ctrl Pts',(-4.95933960581272E-10,2.,-10.7999999999749));
#4980=CARTESIAN_POINT('Origin',(0.,3.67394039744206E-15,15.));
#4981=CARTESIAN_POINT('',(9.48016039255345E-14,2.,-10.0125000000001));
#4982=CARTESIAN_POINT('',(1.01129875165898E-13,2.,-10.1));
#4983=CARTESIAN_POINT('',(-2.4492935982947E-16,2.,15.));
#4984=CARTESIAN_POINT('Ctrl Pts',(1.89848137210899E-13,2.,-10.0125000000001));
#4985=CARTESIAN_POINT('Ctrl Pts',(0.0383394765716244,2.,-10.014436839373));
#4986=CARTESIAN_POINT('Ctrl Pts',(0.0767124999479395,1.99889758443069,-10.0164075272558));
#4987=CARTESIAN_POINT('Ctrl Pts',(0.379826415473943,1.98142863991202,-10.032229791951));
#4988=CARTESIAN_POINT('Ctrl Pts',(0.638874785742651,1.91366705602377,-10.047292815533));
#4989=CARTESIAN_POINT('Ctrl Pts',(1.11018363614889,1.68366919221707,-10.0778107370803));
#4990=CARTESIAN_POINT('Ctrl Pts',(1.31892786972099,1.5256799389852,-10.0929641291677));
#4991=CARTESIAN_POINT('Ctrl Pts',(1.66169947589417,1.14188033719416,-10.1214744711407));
#4992=CARTESIAN_POINT('Ctrl Pts',(1.79367920875604,0.920786906020372,-10.1337874304822));
#4993=CARTESIAN_POINT('Ctrl Pts',(1.97127051021681,0.430242609869033,-10.1624025144244));
#4994=CARTESIAN_POINT('Ctrl Pts',(2.01098738292256,0.164072500455117,-10.1779291041402));
#4995=CARTESIAN_POINT('Ctrl Pts',(1.98432084859369,-0.358016654779243,-10.2083843048622));
#4996=CARTESIAN_POINT('Ctrl Pts',(1.92214993835175,-0.609165088386029,-10.2230346301559));
#4997=CARTESIAN_POINT('Ctrl Pts',(1.70387472983558,-1.07961521595577,-10.2504775542641));
#4998=CARTESIAN_POINT('Ctrl Pts',(1.54781900558264,-1.29346222379192,-10.2636996977351));
#4999=CARTESIAN_POINT('Ctrl Pts',(1.16132272385456,-1.64941933648014,-10.2936068567645));
#5000=CARTESIAN_POINT('Ctrl Pts',(0.934453798319129,-1.78774902792908,-10.3091024708476));
#5001=CARTESIAN_POINT('Ctrl Pts',(0.449155862330249,-1.96534506289936,-10.3387987084241));
#5002=CARTESIAN_POINT('Ctrl Pts',(0.196651644829588,-2.00638311518383,-10.3523793488003));
#5003=CARTESIAN_POINT('Ctrl Pts',(-0.321757627923316,-1.99167704516016,
-10.3789973524954));
#5004=CARTESIAN_POINT('Ctrl Pts',(-0.582629933031038,-1.93152750093116,
-10.3939305000651));
#5005=CARTESIAN_POINT('Ctrl Pts',(-1.06109336100102,-1.71514203681079,-10.4244128293005));
#5006=CARTESIAN_POINT('Ctrl Pts',(-1.27490124415741,-1.56277764935308,-10.4396579690047));
#5007=CARTESIAN_POINT('Ctrl Pts',(-1.62822300245909,-1.1889314826158,-10.4684109766078));
#5008=CARTESIAN_POINT('Ctrl Pts',(-1.76601902109209,-0.972541732182235,
-10.4807683989561));
#5009=CARTESIAN_POINT('Ctrl Pts',(-1.95798377575626,-0.487585705520315,
-10.5090575005114));
#5010=CARTESIAN_POINT('Ctrl Pts',(-2.00553722352596,-0.221877159933726,
-10.5245571656706));
#5011=CARTESIAN_POINT('Ctrl Pts',(-1.99366832919892,0.30224417776614,-10.5551309103697));
#5012=CARTESIAN_POINT('Ctrl Pts',(-1.93836670322389,0.555727511024437,-10.5699174381431));
#5013=CARTESIAN_POINT('Ctrl Pts',(-1.73360453044931,1.0306634491773,-10.5976220345354));
#5014=CARTESIAN_POINT('Ctrl Pts',(-1.58504445903227,1.2471178220369,-10.6104674250299));
#5015=CARTESIAN_POINT('Ctrl Pts',(-1.21055828253948,1.61375965083315,-10.640079493332));
#5016=CARTESIAN_POINT('Ctrl Pts',(-0.987253576817509,1.75925910175981,-10.6556041676138));
#5017=CARTESIAN_POINT('Ctrl Pts',(-0.506240377201036,1.95147846699169,-10.6855104620411));
#5018=CARTESIAN_POINT('Ctrl Pts',(-0.25445601718927,1.99996198063886,-10.6996442442252));
#5019=CARTESIAN_POINT('Ctrl Pts',(-0.000199336147440141,1.99999999254973,
-10.7124899296896));
#5020=CARTESIAN_POINT('Ctrl Pts',(-9.96684037792033E-5,1.99999999999995,
-10.7124949649368));
#5021=CARTESIAN_POINT('Ctrl Pts',(-9.90994619764208E-10,2.,-10.71249999995));
#5022=CARTESIAN_POINT('Ctrl Pts',(-4.95935376099155E-10,2.,-10.7999999999749));
#5023=CARTESIAN_POINT('Ctrl Pts',(-0.253702309660715,1.99999999993709,-10.7871834290302));
#5024=CARTESIAN_POINT('Ctrl Pts',(-0.505226167738869,1.95172419592495,-10.7730688651192));
#5025=CARTESIAN_POINT('Ctrl Pts',(-0.986214774848441,1.75983931682506,-10.7431735689054));
#5026=CARTESIAN_POINT('Ctrl Pts',(-1.20959231982,1.61448123952852,-10.727649338317));
#5027=CARTESIAN_POINT('Ctrl Pts',(-1.58431762771426,1.2480493518775,-10.6980313128227));
#5028=CARTESIAN_POINT('Ctrl Pts',(-1.73302546361475,1.03164677955704,-10.6851793954742));
#5029=CARTESIAN_POINT('Ctrl Pts',(-1.9380572572842,0.556799316142213,-10.6574799601083));
#5030=CARTESIAN_POINT('Ctrl Pts',(-1.99349691732318,0.303360812157126,-10.6426960473758));
#5031=CARTESIAN_POINT('Ctrl Pts',(-2.00566237193562,-0.220723931056928,
-10.612124437355));
#5032=CARTESIAN_POINT('Ctrl Pts',(-1.95826558755989,-0.486443878227092,
-10.5966241071034));
#5033=CARTESIAN_POINT('Ctrl Pts',(-1.76658738489687,-0.971513073893392,
-10.5683284040229));
#5034=CARTESIAN_POINT('Ctrl Pts',(-1.62890802580051,-1.1879961142677,-10.5559728642955));
#5035=CARTESIAN_POINT('Ctrl Pts',(-1.275797831971,-1.56204335258189,-10.5272246799502));
#5036=CARTESIAN_POINT('Ctrl Pts',(-1.06209042859711,-1.71452253888154,-10.511981267999));
#5037=CARTESIAN_POINT('Ctrl Pts',(-0.583767137858014,-1.93118425335299,
-10.4814979609352));
#5038=CARTESIAN_POINT('Ctrl Pts',(-0.322929280425202,-1.9914875303766,-10.466562069725));
#5039=CARTESIAN_POINT('Ctrl Pts',(0.195464328570894,-2.0064981428371,-10.4399359748462));
#5040=CARTESIAN_POINT('Ctrl Pts',(0.447983898315935,-1.96561135369578,-10.4263656806912));
#5041=CARTESIAN_POINT('Ctrl Pts',(0.933364879011082,-1.78831544019471,-10.3966740013926));
#5042=CARTESIAN_POINT('Ctrl Pts',(1.1603043987417,-1.6501332781068,-10.3811791239612));
#5043=CARTESIAN_POINT('Ctrl Pts',(1.54704535825928,-1.29439690066852,-10.3512660423744));
#5044=CARTESIAN_POINT('Ctrl Pts',(1.70325540853174,-1.08060319876075,-10.3380351865944));
#5045=CARTESIAN_POINT('Ctrl Pts',(1.9218053661343,-0.610245373175483,-10.3105976467686));
#5046=CARTESIAN_POINT('Ctrl Pts',(1.98411487498007,-0.359146257545991,-10.2959501983569));
#5047=CARTESIAN_POINT('Ctrl Pts',(2.01108080953723,0.162897413249081,-10.2654976508938));
#5048=CARTESIAN_POINT('Ctrl Pts',(1.97152290639487,0.429074588391562,-10.2499706490105));
#5049=CARTESIAN_POINT('Ctrl Pts',(1.7942241032591,0.919730715535886,-10.2213490415937));
#5050=CARTESIAN_POINT('Ctrl Pts',(1.66236203296048,1.14092038420366,-10.2090359409258));
#5051=CARTESIAN_POINT('Ctrl Pts',(1.31980381360012,1.52491977710224,-10.1805305516189));
#5052=CARTESIAN_POINT('Ctrl Pts',(1.11116307384781,1.6830206831412,-10.1653791313075));
#5053=CARTESIAN_POINT('Ctrl Pts',(0.640002361535058,1.9132903776456,-10.134860765027));
#5054=CARTESIAN_POINT('Ctrl Pts',(0.38099308838004,1.98120474394478,-10.1197952604051));
#5055=CARTESIAN_POINT('Ctrl Pts',(0.0774962047548744,1.99887495087291,-10.1039477787171));
#5056=CARTESIAN_POINT('Ctrl Pts',(0.0387310575209005,2.,-10.1019566213175));
#5057=CARTESIAN_POINT('Ctrl Pts',(2.02504679691625E-13,2.,-10.1));
#5058=CARTESIAN_POINT('Origin',(0.,3.67394039744206E-15,15.));
#5059=CARTESIAN_POINT('',(1.4542777384844E-13,2.,-9.31250000000006));
#5060=CARTESIAN_POINT('',(1.39099502608077E-13,2.,-9.40000000000001));
#5061=CARTESIAN_POINT('',(-2.4492935982947E-16,2.,15.));
#5062=CARTESIAN_POINT('Ctrl Pts',(2.91100477056709E-13,2.,-9.31250000000006));
#5063=CARTESIAN_POINT('Ctrl Pts',(0.0751851026470294,2.,-9.31629821218463));
#5064=CARTESIAN_POINT('Ctrl Pts',(0.150445012324769,1.99576077253187,-9.32022384761638));
#5065=CARTESIAN_POINT('Ctrl Pts',(0.488992027684301,1.95735709484162,-9.33844672329682));
#5066=CARTESIAN_POINT('Ctrl Pts',(0.743957065625004,1.87532705200912,-9.35371962787556));
#5067=CARTESIAN_POINT('Ctrl Pts',(1.20064437207068,1.62018116991405,-9.38423237995979));
#5068=CARTESIAN_POINT('Ctrl Pts',(1.39940026593649,1.4519784199334,-9.3991790732732));
#5069=CARTESIAN_POINT('Ctrl Pts',(1.72193402627694,1.04947561301489,-9.42721254689358));
#5070=CARTESIAN_POINT('Ctrl Pts',(1.84271098544317,0.819071954120336,-9.43972080267636));
#5071=CARTESIAN_POINT('Ctrl Pts',(1.9922341936672,0.3181381532891,-9.46894194105818));
#5072=CARTESIAN_POINT('Ctrl Pts',(2.01680920745749,0.0517059457182322,-9.48448381983314));
#5073=CARTESIAN_POINT('Ctrl Pts',(1.9617645059,-0.465288411808479,-9.5146418240222));
#5074=CARTESIAN_POINT('Ctrl Pts',(1.88652637670149,-0.711389905832392,-9.52899774450693));
#5075=CARTESIAN_POINT('Ctrl Pts',(1.64192836558436,-1.17279522048751,-9.55591305452848));
#5076=CARTESIAN_POINT('Ctrl Pts',(1.47073014935279,-1.3814508038853,-9.57016041761204));
#5077=CARTESIAN_POINT('Ctrl Pts',(1.06073047126859,-1.71560256332682,-9.60061893524034));
#5078=CARTESIAN_POINT('Ctrl Pts',(0.827461030076535,-1.83949871525857,-9.61601691328828));
#5079=CARTESIAN_POINT('Ctrl Pts',(0.3343979982744,-1.98805303071608,-9.64525837897624));
#5080=CARTESIAN_POINT('Ctrl Pts',(0.080218049468446,-2.01437640410825,-9.65802822087378));
#5081=CARTESIAN_POINT('Ctrl Pts',(-0.43635935260256,-1.96975540738493,-9.68542620054905));
#5082=CARTESIAN_POINT('Ctrl Pts',(-0.693400987303317,-1.89459767402584,
-9.70060356859176));
#5083=CARTESIAN_POINT('Ctrl Pts',(-1.15733072179911,-1.65150369760916,-9.7311306808165));
#5084=CARTESIAN_POINT('Ctrl Pts',(-1.36097958345982,-1.48816600666021,-9.74618266024876));
#5085=CARTESIAN_POINT('Ctrl Pts',(-1.69334288137648,-1.09468500269193,-9.77444956798925));
#5086=CARTESIAN_POINT('Ctrl Pts',(-1.819572954211,-0.86885080636628,-9.78681703629534));
#5087=CARTESIAN_POINT('Ctrl Pts',(-1.9828114468857,-0.372905707599378,-9.81574716705675));
#5088=CARTESIAN_POINT('Ctrl Pts',(-2.01475489788627,-0.106497190040872,
-9.83128766391433));
#5089=CARTESIAN_POINT('Ctrl Pts',(-1.97348443001909,0.413169152835558,-9.86160153391545));
#5090=CARTESIAN_POINT('Ctrl Pts',(-1.90457119009848,0.661814934963266,-9.87610587120624));
#5091=CARTESIAN_POINT('Ctrl Pts',(-1.67282459106503,1.12768740428975,-9.90328176525028));
#5092=CARTESIAN_POINT('Ctrl Pts',(-1.50911007677637,1.33890158202173,-9.91698051576595));
#5093=CARTESIAN_POINT('Ctrl Pts',(-1.1105985474879,1.68386737856702,-9.9471740828023));
#5094=CARTESIAN_POINT('Ctrl Pts',(-0.880360434732841,1.81488430913553,-9.96262661312685));
#5095=CARTESIAN_POINT('Ctrl Pts',(-0.427512989195876,1.96555514547679,-9.98989819371278));
#5096=CARTESIAN_POINT('Ctrl Pts',(-0.214330921287605,2.,-10.0016723986787));
#5097=CARTESIAN_POINT('Ctrl Pts',(1.90403248723214E-13,2.,-10.0125000000001));
#5098=CARTESIAN_POINT('Ctrl Pts',(2.02504679691625E-13,2.,-10.1));
#5099=CARTESIAN_POINT('Ctrl Pts',(-0.213932609072467,2.,-10.0891925206743));
#5100=CARTESIAN_POINT('Ctrl Pts',(-0.426725060651887,1.96568311221132,-10.0774417307671));
#5101=CARTESIAN_POINT('Ctrl Pts',(-0.879271070404475,1.81541008195183,-10.0501969808363));
#5102=CARTESIAN_POINT('Ctrl Pts',(-1.10957419152509,1.68454009246195,-10.0347454521909));
#5103=CARTESIAN_POINT('Ctrl Pts',(-1.50832484481696,1.339796267656,-10.0045462792283));
#5104=CARTESIAN_POINT('Ctrl Pts',(-1.67219348864944,1.12863486972614,-9.99083703406736));
#5105=CARTESIAN_POINT('Ctrl Pts',(-1.9042078209075,0.662854459299054,-9.96366651012578));
#5106=CARTESIAN_POINT('Ctrl Pts',(-1.97325392277552,0.414260141939209,-9.94916517494646));
#5107=CARTESIAN_POINT('Ctrl Pts',(-2.01481298414107,-0.105354095596442,
-9.91885434442354));
#5108=CARTESIAN_POINT('Ctrl Pts',(-1.98302354669529,-0.371765125567517,
-9.90331370100856));
#5109=CARTESIAN_POINT('Ctrl Pts',(-1.82007054041546,-0.867815835392547,
-9.87437740960211));
#5110=CARTESIAN_POINT('Ctrl Pts',(-1.69395437980726,-1.09374470427992,-9.86200788512813));
#5111=CARTESIAN_POINT('Ctrl Pts',(-1.36179682227565,-1.48741578414197,-9.83374582713074));
#5112=CARTESIAN_POINT('Ctrl Pts',(-1.15824961573315,-1.65085717666657,-9.81869595849756));
#5113=CARTESIAN_POINT('Ctrl Pts',(-0.694468831007146,-1.89420662368069,
-9.78816891971366));
#5114=CARTESIAN_POINT('Ctrl Pts',(-0.437468887160455,-1.96950936762706,
-9.77298942834025));
#5115=CARTESIAN_POINT('Ctrl Pts',(0.0790876854258908,-2.0144215752841,-9.74558400727974));
#5116=CARTESIAN_POINT('Ctrl Pts',(0.333285623197579,-1.98824021925229,-9.73282003377123));
#5117=CARTESIAN_POINT('Ctrl Pts',(0.826420535755377,-1.83996433391004,-9.70358305767894));
#5118=CARTESIAN_POINT('Ctrl Pts',(1.05974706910652,-1.71620794617098,-9.68818627189644));
#5119=CARTESIAN_POINT('Ctrl Pts',(1.46997023491137,-1.38226967578036,-9.65772269084625));
#5120=CARTESIAN_POINT('Ctrl Pts',(1.64131567149679,-1.17366439246845,-9.64346375622733));
#5121=CARTESIAN_POINT('Ctrl Pts',(1.88616351586995,-0.71234690466966,-9.61655356943907));
#5122=CARTESIAN_POINT('Ctrl Pts',(1.961523512697,-0.466296348374534,-9.60220062032185));
#5123=CARTESIAN_POINT('Ctrl Pts',(2.01683434146254,0.050642637488511,-9.57204584614651));
#5124=CARTESIAN_POINT('Ctrl Pts',(1.99240204629583,0.31707335467876,-9.55650405431041));
#5125=CARTESIAN_POINT('Ctrl Pts',(1.84314570357254,0.818102486891646,-9.52727735493132));
#5126=CARTESIAN_POINT('Ctrl Pts',(1.7224744979375,1.04859547598052,-9.51476552118468));
#5127=CARTESIAN_POINT('Ctrl Pts',(1.40013089799729,1.45127163417704,-9.48673659803671));
#5128=CARTESIAN_POINT('Ctrl Pts',(1.20147036144489,1.61956669518831,-9.47179202959316));
#5129=CARTESIAN_POINT('Ctrl Pts',(0.744925646322687,1.87494260614073,-9.44127977178358));
#5130=CARTESIAN_POINT('Ctrl Pts',(0.490002463737087,1.95710445045095,-9.42600513745012));
#5131=CARTESIAN_POINT('Ctrl Pts',(0.151131711842129,1.99572197772512,-9.40775966991976));
#5132=CARTESIAN_POINT('Ctrl Pts',(0.0755283746468902,2.,-9.40381555365046));
#5133=CARTESIAN_POINT('Ctrl Pts',(2.78443934575983E-13,2.,-9.40000000000001));
#5134=CARTESIAN_POINT('Origin',(0.,3.67394039744206E-15,15.));
#5135=CARTESIAN_POINT('',(1.16042660176885E-14,2.,-8.61250000000004));
#5136=CARTESIAN_POINT('',(2.77452352496653E-15,2.,-8.7));
#5137=CARTESIAN_POINT('',(-2.4492935982947E-16,2.,15.));
#5138=CARTESIAN_POINT('Ctrl Pts',(2.40779618465581E-14,2.,-8.61250000000004));
#5139=CARTESIAN_POINT('Ctrl Pts',(0.113447032269037,2.,-8.61823113402923));
#5140=CARTESIAN_POINT('Ctrl Pts',(0.22692893114738,1.99034911311106,-8.6242455136559));
#5141=CARTESIAN_POINT('Ctrl Pts',(0.602015558052782,1.92579237650485,-8.64507710041224));
#5142=CARTESIAN_POINT('Ctrl Pts',(0.853089922480015,1.82847190016451,-8.66059942634576));
#5143=CARTESIAN_POINT('Ctrl Pts',(1.29372212501584,1.54662818100955,-8.69107979121986));
#5144=CARTESIAN_POINT('Ctrl Pts',(1.48121877707438,1.3681385949565,-8.70575772120184));
#5145=CARTESIAN_POINT('Ctrl Pts',(1.78160270584539,0.945737681362987,-8.73325258778523));
#5146=CARTESIAN_POINT('Ctrl Pts',(1.88996195600938,0.704697680349738,-8.74639263531297));
#5147=CARTESIAN_POINT('Ctrl Pts',(2.00800701346028,0.192988305067088,-8.77624234887113));
#5148=CARTESIAN_POINT('Ctrl Pts',(2.01594552274032,-0.0727677509160688,
-8.79174478547015));
#5149=CARTESIAN_POINT('Ctrl Pts',(1.93001284186408,-0.582598300080553,-8.82148490083807));
#5150=CARTESIAN_POINT('Ctrl Pts',(1.84063884465749,-0.822396030495075,-8.83516755096731));
#5151=CARTESIAN_POINT('Ctrl Pts',(1.5711680551459,-1.26559537714907,-8.86170736395358));
#5152=CARTESIAN_POINT('Ctrl Pts',(1.38976191136747,-1.46246792366947,-8.87661378241378));
#5153=CARTESIAN_POINT('Ctrl Pts',(0.964774371473652,-1.77113414935169,-8.90708613100351));
#5154=CARTESIAN_POINT('Ctrl Pts',(0.726397632808904,-1.88150662709789,-8.92234767976681));
#5155=CARTESIAN_POINT('Ctrl Pts',(0.226637794164533,-2.00330487373633,-8.95114707039711));
#5156=CARTESIAN_POINT('Ctrl Pts',(-0.0294447300959388,-2.01586685923119,
-8.96352470985492));
#5157=CARTESIAN_POINT('Ctrl Pts',(-0.545843852450085,-1.94256968880168,
-8.99175007156873));
#5158=CARTESIAN_POINT('Ctrl Pts',(-0.80038613437234,-1.85226139973415,-9.00724306814465));
#5159=CARTESIAN_POINT('Ctrl Pts',(-1.25008040489451,-1.58222418426045,-9.03783687555813));
#5160=CARTESIAN_POINT('Ctrl Pts',(-1.44298832618313,-1.40852828596051,-9.05264835695013));
#5161=CARTESIAN_POINT('Ctrl Pts',(-1.75394701970677,-0.995553789084834,
-9.08040250391595));
#5162=CARTESIAN_POINT('Ctrl Pts',(-1.86826274056247,-0.759649190779536,
-9.0931871305379));
#5163=CARTESIAN_POINT('Ctrl Pts',(-2.0014352521596,-0.252999006362348,-9.1227417246289));
#5164=CARTESIAN_POINT('Ctrl Pts',(-2.01731673083751,0.0132066751742491,
-9.13827038938521));
#5165=CARTESIAN_POINT('Ctrl Pts',(-1.94610758501938,0.526576094220565,-9.16821693882958));
#5166=CARTESIAN_POINT('Ctrl Pts',(-1.86349057023505,0.769459334976893,-9.18238512787369));
#5167=CARTESIAN_POINT('Ctrl Pts',(-1.60635992781725,1.2205786905512,-9.20870042361553));
#5168=CARTESIAN_POINT('Ctrl Pts',(-1.43064812376525,1.42252086414833,-9.2233831640927));
#5169=CARTESIAN_POINT('Ctrl Pts',(-1.01388645497477,1.74359171314693,-9.25380175841743));
#5170=CARTESIAN_POINT('Ctrl Pts',(-0.778008643563037,1.86085754555202,-9.26913812218009));
#5171=CARTESIAN_POINT('Ctrl Pts',(-0.354413047456894,1.97639119944372,-9.29390711900288));
#5172=CARTESIAN_POINT('Ctrl Pts',(-0.177449877377297,2.,-9.30353556073378));
#5173=CARTESIAN_POINT('Ctrl Pts',(2.91100477056709E-13,2.,-9.31250000000006));
#5174=CARTESIAN_POINT('Ctrl Pts',(2.78443934575983E-13,2.,-9.40000000000001));
#5175=CARTESIAN_POINT('Ctrl Pts',(-0.177111944297001,2.,-9.39105263248731));
#5176=CARTESIAN_POINT('Ctrl Pts',(-0.353741936277557,1.97648103236886,-9.38144364242408));
#5177=CARTESIAN_POINT('Ctrl Pts',(-0.777057377588098,1.86125313913999,-9.3566977165222));
#5178=CARTESIAN_POINT('Ctrl Pts',(-1.01298328531471,1.74411460254443,-9.34136263581721));
#5179=CARTESIAN_POINT('Ctrl Pts',(-1.42990182528842,1.42327084920735,-9.3109427402742));
#5180=CARTESIAN_POINT('Ctrl Pts',(-1.6057184359337,1.22142193320079,-9.29624961277005));
#5181=CARTESIAN_POINT('Ctrl Pts',(-1.86307870772426,0.77045166406186,-9.26994301373694));
#5182=CARTESIAN_POINT('Ctrl Pts',(-1.94582153497136,0.527625695466252,-9.25577816556887));
#5183=CARTESIAN_POINT('Ctrl Pts',(-2.01730720110091,0.0143229573752,-9.22583550584689));
#5184=CARTESIAN_POINT('Ctrl Pts',(-2.00157488434057,-0.251876422345459,
-9.21030720869652));
#5185=CARTESIAN_POINT('Ctrl Pts',(-1.86868470176828,-0.75862306767203,-9.18074698771914));
#5186=CARTESIAN_POINT('Ctrl Pts',(-1.75448028343842,-0.994623125735005,
-9.16795658776003));
#5187=CARTESIAN_POINT('Ctrl Pts',(-1.4437201171641,-1.40777581585047,-9.14020727272046));
#5188=CARTESIAN_POINT('Ctrl Pts',(-1.25091322282539,-1.58156369044956,-9.12539821238327));
#5189=CARTESIAN_POINT('Ctrl Pts',(-0.809383674314981,-1.84701873778564,
-9.09535051817988));
#5190=CARTESIAN_POINT('Ctrl Pts',(-0.564564817544687,-1.93594284736209,
-9.08038910293975));
#5191=CARTESIAN_POINT('Ctrl Pts',(-0.0551051071060747,-2.01576683709282,
-9.05232394190501));
#5192=CARTESIAN_POINT('Ctrl Pts',(0.204648785633082,-2.00611003066267,-9.03983973147364));
#5193=CARTESIAN_POINT('Ctrl Pts',(0.713584536741198,-1.88707675235278,-9.01065743564397));
#5194=CARTESIAN_POINT('Ctrl Pts',(0.957113722068514,-1.77600060354981,-8.99511507107559));
#5195=CARTESIAN_POINT('Ctrl Pts',(1.37858042514749,-1.47124935295977,-8.96493477541663));
#5196=CARTESIAN_POINT('Ctrl Pts',(1.5548225518997,-1.2836000706482,-8.95055824540846));
#5197=CARTESIAN_POINT('Ctrl Pts',(1.8335114362136,-0.842271183493865,-8.92360730640831));
#5198=CARTESIAN_POINT('Ctrl Pts',(1.92942814242751,-0.590393092624831,-8.90943959706979));
#5199=CARTESIAN_POINT('Ctrl Pts',(2.01587556576332,-0.0688534043553619,
-8.8790164485874));
#5200=CARTESIAN_POINT('Ctrl Pts',(2.00757991253931,0.195251915333846,-8.86361030493886));
#5201=CARTESIAN_POINT('Ctrl Pts',(1.891629560233,0.69706880545747,-8.83433765301498));
#5202=CARTESIAN_POINT('Ctrl Pts',(1.78825402683033,0.930743241359004,-8.82152593804023));
#5203=CARTESIAN_POINT('Ctrl Pts',(1.49300434848742,1.35693830253559,-8.79417978164484));
#5204=CARTESIAN_POINT('Ctrl Pts',(1.30012500522856,1.54271751412623,-8.77901731399101));
#5205=CARTESIAN_POINT('Ctrl Pts',(0.858659230926942,1.82472841383183,-8.74848996251522));
#5206=CARTESIAN_POINT('Ctrl Pts',(0.615653437591185,1.92039692602035,-8.73342342814248));
#5207=CARTESIAN_POINT('Ctrl Pts',(0.241733984190594,1.98904659633525,-8.71253142759747));
#5208=CARTESIAN_POINT('Ctrl Pts',(0.120861344872483,2.,-8.70610569137472));
#5209=CARTESIAN_POINT('Ctrl Pts',(1.19348975147204E-14,2.,-8.7));
#5210=CARTESIAN_POINT('Origin',(0.,3.67394039744206E-15,15.));
#5211=CARTESIAN_POINT('',(-2.60218861762485E-14,2.,-7.91250000000004));
#5212=CARTESIAN_POINT('',(-6.33171065070754E-14,2.,-7.99999999999999));
#5213=CARTESIAN_POINT('',(-2.4492935982947E-16,2.,15.));
#5214=CARTESIAN_POINT('Ctrl Pts',(-5.02028973947688E-14,2.,-7.91250000000004));
#5215=CARTESIAN_POINT('Ctrl Pts',(0.151995306568279,2.,-7.92017852147678));
#5216=CARTESIAN_POINT('Ctrl Pts',(0.303808937352999,1.98267792272503,-7.92835309228316));
#5217=CARTESIAN_POINT('Ctrl Pts',(0.71076410769103,1.88814646788623,-7.95166888146595));
#5218=CARTESIAN_POINT('Ctrl Pts',(0.954495102168252,1.7774152012178,-7.96721138199668));
#5219=CARTESIAN_POINT('Ctrl Pts',(1.37646596627945,1.47323396468502,-7.99740052152755));
#5220=CARTESIAN_POINT('Ctrl Pts',(1.55300114771569,1.285810171632,-8.01178527934575));
#5221=CARTESIAN_POINT('Ctrl Pts',(1.83225118200127,0.844963944689348,-8.03875048901402));
#5222=CARTESIAN_POINT('Ctrl Pts',(1.92849420198891,0.593370887528197,-8.05288669822756));
#5223=CARTESIAN_POINT('Ctrl Pts',(2.01576829599209,0.0720753661994946,-8.0832956036384));
#5224=CARTESIAN_POINT('Ctrl Pts',(2.0078907119211,-0.192084958974144,-8.0987049559402));
#5225=CARTESIAN_POINT('Ctrl Pts',(1.89271436976076,-0.694115676993036,-8.12799008115797));
#5226=CARTESIAN_POINT('Ctrl Pts',(1.78970635325638,-0.927945383691541,-8.1408190889357));
#5227=CARTESIAN_POINT('Ctrl Pts',(1.49513059330187,-1.3545948135659,-8.16814445264219));
#5228=CARTESIAN_POINT('Ctrl Pts',(1.30254441177284,-1.54067492610443,-8.18330088658584));
#5229=CARTESIAN_POINT('Ctrl Pts',(0.861490984771686,-1.82339875425413,-8.21382820078574));
#5230=CARTESIAN_POINT('Ctrl Pts',(0.618595677086115,-1.91945641776533,-8.22890050387491));
#5231=CARTESIAN_POINT('Ctrl Pts',(0.112252554707996,-2.01321033737055,-8.25721451027236));
#5232=CARTESIAN_POINT('Ctrl Pts',(-0.146198786824269,-2.01103049984877,
-8.269563969119));
#5233=CARTESIAN_POINT('Ctrl Pts',(-0.657813983269725,-1.90734384397493,
-8.29843401574521));
#5234=CARTESIAN_POINT('Ctrl Pts',(-0.905226080676485,-1.80311496525477,
-8.31397282579876));
#5235=CARTESIAN_POINT('Ctrl Pts',(-1.33647072992389,-1.50972314307134,-8.34431576853295));
#5236=CARTESIAN_POINT('Ctrl Pts',(-1.51842455804799,-1.326591517338,-8.358849078136));
#5237=CARTESIAN_POINT('Ctrl Pts',(-1.80808243206602,-0.894763886770898,
-8.38607703020371));
#5238=CARTESIAN_POINT('Ctrl Pts',(-1.91033229432178,-0.648413694334484,
-8.39967586783053));
#5239=CARTESIAN_POINT('Ctrl Pts',(-2.01284914292166,-0.13174671947718,-8.4298147746972));
#5240=CARTESIAN_POINT('Ctrl Pts',(-2.01274585817851,0.133315593157188,-8.44527674293421));
#5241=CARTESIAN_POINT('Ctrl Pts',(-1.91194855207296,0.639250186984792,-8.47478959424082));
#5242=CARTESIAN_POINT('Ctrl Pts',(-1.8157029148161,0.875989315676397,-8.48799040545983));
#5243=CARTESIAN_POINT('Ctrl Pts',(-1.53355879319983,1.31092369853428,-8.51492939027599));
#5244=CARTESIAN_POINT('Ctrl Pts',(-1.34644756292059,1.50245021539179,-8.52996809327839));
#5245=CARTESIAN_POINT('Ctrl Pts',(-0.913181051408248,1.79817248823401,-8.56048114822838));
#5246=CARTESIAN_POINT('Ctrl Pts',(-0.672426267060874,1.90136433185385,-8.57565339629473));
#5247=CARTESIAN_POINT('Ctrl Pts',(-0.280740613429366,1.98521561746115,-8.59788629282827));
#5248=CARTESIAN_POINT('Ctrl Pts',(-0.140419038294937,2.,-8.60540629016364));
#5249=CARTESIAN_POINT('Ctrl Pts',(2.2586099657218E-14,2.,-8.61250000000004));
#5250=CARTESIAN_POINT('Ctrl Pts',(1.14144804719274E-14,2.,-8.7));
#5251=CARTESIAN_POINT('Ctrl Pts',(-0.134197548030187,2.,-8.69322058833302));
#5252=CARTESIAN_POINT('Ctrl Pts',(-0.268340933674743,1.98649641568595,-8.68605005830698));
#5253=CARTESIAN_POINT('Ctrl Pts',(-0.660857123681133,1.90628560365021,-8.66388138509265));
#5254=CARTESIAN_POINT('Ctrl Pts',(-0.908063143586194,1.80168160618165,-8.64834204472945));
#5255=CARTESIAN_POINT('Ctrl Pts',(-1.33878454996984,1.50766519951548,-8.61800731820857));
#5256=CARTESIAN_POINT('Ctrl Pts',(-1.52043119003235,1.32428389149077,-8.60348224477749));
#5257=CARTESIAN_POINT('Ctrl Pts',(-1.80949720454284,0.891940015956647,-8.57626913521143));
#5258=CARTESIAN_POINT('Ctrl Pts',(-1.91140767959424,0.645293984174726,-8.56264214907686));
#5259=CARTESIAN_POINT('Ctrl Pts',(-2.01306232419662,0.128358847750568,-8.53248759945212));
#5260=CARTESIAN_POINT('Ctrl Pts',(-2.0125160382072,-0.136658200425157,-8.51702827164187));
#5261=CARTESIAN_POINT('Ctrl Pts',(-1.91089986286266,-0.642374001206163,
-8.48752818326298));
#5262=CARTESIAN_POINT('Ctrl Pts',(-1.81427230200767,-0.878946152959705,
-8.47435108154241));
#5263=CARTESIAN_POINT('Ctrl Pts',(-1.53142473247295,-1.31341652611471,-8.44739009345614));
#5264=CARTESIAN_POINT('Ctrl Pts',(-1.34400039421035,-1.50464016979405,-8.43234440661916));
#5265=CARTESIAN_POINT('Ctrl Pts',(-0.910284264310885,-1.7996347697875,-8.40182986157212));
#5266=CARTESIAN_POINT('Ctrl Pts',(-0.669403221393046,-1.90242524141609,
-8.38666294183963));
#5267=CARTESIAN_POINT('Ctrl Pts',(-0.166097903655315,-2.00934637527526,
-8.35811835595919));
#5268=CARTESIAN_POINT('Ctrl Pts',(0.0911957796204673,-2.01413550285684,
-8.34580524355763));
#5269=CARTESIAN_POINT('Ctrl Pts',(0.6051551655276,-1.92480196740195,-8.31723540549883));
#5270=CARTESIAN_POINT('Ctrl Pts',(0.856029270311032,-1.82709125708067,-8.3017118144873));
#5271=CARTESIAN_POINT('Ctrl Pts',(1.29614356648037,-1.54459296784578,-8.27123852165662));
#5272=CARTESIAN_POINT('Ctrl Pts',(1.48333281575553,-1.36583899440267,-8.25656840979525));
#5273=CARTESIAN_POINT('Ctrl Pts',(1.78311933083472,-0.94290948831545,-8.22908830616442));
#5274=CARTESIAN_POINT('Ctrl Pts',(1.89114023183528,-0.701576344074371,-8.21592528673768));
#5275=CARTESIAN_POINT('Ctrl Pts',(2.00832527525304,-0.189586097726846,-8.18605918903407));
#5276=CARTESIAN_POINT('Ctrl Pts',(2.0158153436686,0.0761376164478152,-8.17055863904055));
#5277=CARTESIAN_POINT('Ctrl Pts',(1.92905352069994,0.58575468599266,-8.14083097665043));
#5278=CARTESIAN_POINT('Ctrl Pts',(1.83929914512403,0.825380431351767,-8.1271777248677));
#5279=CARTESIAN_POINT('Ctrl Pts',(1.56912626418544,1.26812650567041,-8.10061566396553));
#5280=CARTESIAN_POINT('Ctrl Pts',(1.38740098198333,1.46470839994351,-8.08570160058024));
#5281=CARTESIAN_POINT('Ctrl Pts',(0.961946097181265,1.77266587567052,-8.05522631446471));
#5282=CARTESIAN_POINT('Ctrl Pts',(0.72343254909565,1.88264312789099,-8.03996938175393));
#5283=CARTESIAN_POINT('Ctrl Pts',(0.316133256969352,1.9812369045589,-8.01651772378883));
#5284=CARTESIAN_POINT('Ctrl Pts',(0.158192620802395,2.00000000000001,-8.00799159831786));
#5285=CARTESIAN_POINT('Ctrl Pts',(-1.25281729435045E-13,2.,-7.99999999999999));
#5286=CARTESIAN_POINT('Origin',(0.,3.67394039744206E-15,15.));
#5287=CARTESIAN_POINT('',(-1.64616951088073E-13,2.,-7.21250000000003));
#5288=CARTESIAN_POINT('',(-1.64651645557592E-13,2.,-7.29999999999998));
#5289=CARTESIAN_POINT('',(-2.4492935982947E-16,2.,15.));
#5290=CARTESIAN_POINT('Ctrl Pts',(-3.28868876575683E-13,2.,-7.21250000000003));
#5291=CARTESIAN_POINT('Ctrl Pts',(0.192064464600164,2.00000000000003,-7.22220274115467));
#5292=CARTESIAN_POINT('Ctrl Pts',(0.383414101962237,1.97234203186679,-7.23267606129792));
#5293=CARTESIAN_POINT('Ctrl Pts',(0.818919297863177,1.8433002851228,-7.25844069509389));
#5294=CARTESIAN_POINT('Ctrl Pts',(1.05265458316217,1.72055116586336,-7.27382875160403));
#5295=CARTESIAN_POINT('Ctrl Pts',(1.46448618377268,1.3881529833146,-7.30432866857394));
#5296=CARTESIAN_POINT('Ctrl Pts',(1.63689304803617,1.17991038228334,-7.31867189436685));
#5297=CARTESIAN_POINT('Ctrl Pts',(1.88353880720526,0.719226055961864,-7.3455451467356));
#5298=CARTESIAN_POINT('Ctrl Pts',(1.95977456310936,0.473543705034,-7.35987661720639));
#5299=CARTESIAN_POINT('Ctrl Pts',(2.01699864111623,-0.0429929865790759,
-7.39000792421715));
#5300=CARTESIAN_POINT('Ctrl Pts',(1.99359278300806,-0.30941079832786,-7.40554896323583));
#5301=CARTESIAN_POINT('Ctrl Pts',(1.84625719708164,-0.811124102112091,-7.43481557262325));
#5302=CARTESIAN_POINT('Ctrl Pts',(1.72634681030143,-1.04226050083877,-7.44735408665581));
#5303=CARTESIAN_POINT('Ctrl Pts',(1.40537065927152,-1.44618192564584,-7.47535024909273));
#5304=CARTESIAN_POINT('Ctrl Pts',(1.20739658034991,-1.61513876985886,-7.49027944097777));
#5305=CARTESIAN_POINT('Ctrl Pts',(0.751879937908516,-1.87216529095925,-7.52078790525491));
#5306=CARTESIAN_POINT('Ctrl Pts',(0.497259585215584,-1.95527360642706,-7.53607484659162));
#5307=CARTESIAN_POINT('Ctrl Pts',(-0.018080198419932,-2.01593806063384,
-7.56387823825152));
#5308=CARTESIAN_POINT('Ctrl Pts',(-0.273299077829261,-1.99741248124736,
-7.57638203271046));
#5309=CARTESIAN_POINT('Ctrl Pts',(-0.77022314667308,-1.86407850273245,-7.6053746243471));
#5310=CARTESIAN_POINT('Ctrl Pts',(-1.0064923219625,-1.74785423554364,-7.6207003801028));
#5311=CARTESIAN_POINT('Ctrl Pts',(-1.42453352143926,-1.42864263610379,-7.6511293858367));
#5312=CARTESIAN_POINT('Ctrl Pts',(-1.60110103388793,-1.22746456106615,-7.66589790060451));
#5313=CARTESIAN_POINT('Ctrl Pts',(-1.86010701650624,-0.777567742386143,
-7.69214188169418));
#5314=CARTESIAN_POINT('Ctrl Pts',(-1.94375177484336,-0.53515474759641,-7.70628263972358));
#5315=CARTESIAN_POINT('Ctrl Pts',(-2.0172206855616,-0.0223349052851851,
-7.73619713052507));
#5316=CARTESIAN_POINT('Ctrl Pts',(-2.00255862213619,0.243816859546569,-7.75172264996118));
#5317=CARTESIAN_POINT('Ctrl Pts',(-1.87332441736527,0.744939862575523,-7.7809548251362));
#5318=CARTESIAN_POINT('Ctrl Pts',(-1.76393363809012,0.976114015751237,-7.79352599722419));
#5319=CARTESIAN_POINT('Ctrl Pts',(-1.45768621953262,1.39481483986514,-7.82120915717917));
#5320=CARTESIAN_POINT('Ctrl Pts',(-1.26007820543964,1.57560252860732,-7.83646492244558));
#5321=CARTESIAN_POINT('Ctrl Pts',(-0.812029629563903,1.84586202764781,-7.86698207568314));
#5322=CARTESIAN_POINT('Ctrl Pts',(-0.567302936895164,1.93514699869999,-7.88194936008755));
#5323=CARTESIAN_POINT('Ctrl Pts',(-0.208799714516937,1.99183162244824,-7.90171358065876));
#5324=CARTESIAN_POINT('Ctrl Pts',(-0.104369189881738,2.,-7.90722746176113));
#5325=CARTESIAN_POINT('Ctrl Pts',(-4.57273108267486E-14,2.,-7.91250000000004));
#5326=CARTESIAN_POINT('Ctrl Pts',(-1.26389283654321E-13,2.,-7.99999999999999));
#5327=CARTESIAN_POINT('Ctrl Pts',(-0.0949177970744154,1.99999999999999,
-7.99520492862697));
#5328=CARTESIAN_POINT('Ctrl Pts',(-0.189906210368339,1.99324389462778,-7.99020923677991));
#5329=CARTESIAN_POINT('Ctrl Pts',(-0.54893566099004,1.94169224858517,-7.97056814398187));
#5330=CARTESIAN_POINT('Ctrl Pts',(-0.803292679986113,1.85099650190085,-7.95507320569882));
#5331=CARTESIAN_POINT('Ctrl Pts',(-1.25249811757783,1.58030476053093,-7.9244850028813));
#5332=CARTESIAN_POINT('Ctrl Pts',(-1.44511251701191,1.40634190299339,-7.90968056335885));
#5333=CARTESIAN_POINT('Ctrl Pts',(-1.75549453749786,0.992849928824734,-7.88194045575951));
#5334=CARTESIAN_POINT('Ctrl Pts',(-1.86948690101364,0.756667941108893,-7.86913896323135));
#5335=CARTESIAN_POINT('Ctrl Pts',(-2.00183913916337,0.249737713954384,-7.83956803331401));
#5336=CARTESIAN_POINT('Ctrl Pts',(-2.017287339097,-0.0164494362418351,-7.82404044955256));
#5337=CARTESIAN_POINT('Ctrl Pts',(-1.9452750470769,-0.529624743521981,-7.79410522329455));
#5338=CARTESIAN_POINT('Ctrl Pts',(-1.86229265227476,-0.77234143040471,-7.77994674989306));
#5339=CARTESIAN_POINT('Ctrl Pts',(-1.60449517290689,-1.22302737367761,-7.75365673653548));
#5340=CARTESIAN_POINT('Ctrl Pts',(-1.42847903529643,-1.42469849568387,-7.73894374332073));
#5341=CARTESIAN_POINT('Ctrl Pts',(-1.01126196919928,-1.74510943150243,-7.70852139063496));
#5342=CARTESIAN_POINT('Ctrl Pts',(-0.775244622323396,-1.8620054154752,-7.69318876504494));
#5343=CARTESIAN_POINT('Ctrl Pts',(-0.278651932696793,-1.99666727385347,
-7.66417418424347));
#5344=CARTESIAN_POINT('Ctrl Pts',(-0.0235282317969544,-2.0158761633763,
-7.65165165747428));
#5345=CARTESIAN_POINT('Ctrl Pts',(0.49192776687018,-1.95662152186507,-7.6238835143831));
#5346=CARTESIAN_POINT('Ctrl Pts',(0.746770988722454,-1.87420855466739,-7.6086055951003));
#5347=CARTESIAN_POINT('Ctrl Pts',(1.20304363513179,-1.61839448339083,-7.57809430202226));
#5348=CARTESIAN_POINT('Ctrl Pts',(1.40152232687352,-1.44992364522026,-7.56315379320806));
#5349=CARTESIAN_POINT('Ctrl Pts',(1.72350343365293,-1.04691715932675,-7.5351335479856));
#5350=CARTESIAN_POINT('Ctrl Pts',(1.84397301493104,-0.816253787316735,-7.52261480426015));
#5351=CARTESIAN_POINT('Ctrl Pts',(1.99272048377136,-0.315043057193511,-7.49337751166962));
#5352=CARTESIAN_POINT('Ctrl Pts',(2.01688070776304,-0.0486153867669012,
-7.4778358975614));
#5353=CARTESIAN_POINT('Ctrl Pts',(1.96106261845017,0.468217659848185,-7.44768730317552));
#5354=CARTESIAN_POINT('Ctrl Pts',(1.88547036707503,0.714170936339851,-7.43334002871351));
#5355=CARTESIAN_POINT('Ctrl Pts',(1.64014615059354,1.17532085433168,-7.40643961683065));
#5356=CARTESIAN_POINT('Ctrl Pts',(1.46851981576829,1.3838301622721,-7.39215852247467));
#5357=CARTESIAN_POINT('Ctrl Pts',(1.057870501184,1.7173610108871,-7.36168529631226));
#5358=CARTESIAN_POINT('Ctrl Pts',(0.824435304636478,1.84085076418329,-7.34629079790418));
#5359=CARTESIAN_POINT('Ctrl Pts',(0.387345725537003,1.97176787620656,-7.32039142584844));
#5360=CARTESIAN_POINT('Ctrl Pts',(0.194047467045813,2.00000000000003,-7.30980291876676));
#5361=CARTESIAN_POINT('Ctrl Pts',(-3.29805627252711E-13,2.,-7.29999999999998));
#5362=CARTESIAN_POINT('Origin',(0.,3.67394039744206E-15,15.));
#5363=CARTESIAN_POINT('',(-2.54547650398715E-14,2.,-6.51250000000004));
#5364=CARTESIAN_POINT('',(-1.2649836981815E-14,2.,-6.6));
#5365=CARTESIAN_POINT('',(-2.4492935982947E-16,2.,15.));
#5366=CARTESIAN_POINT('Ctrl Pts',(-4.9960036108132E-14,2.,-6.51250000000004));
#5367=CARTESIAN_POINT('Ctrl Pts',(0.230937335517608,2.00000000000001,-6.52416652662241));
#5368=CARTESIAN_POINT('Ctrl Pts',(0.460332754063738,1.96000697261916,-6.53692162175276));
#5369=CARTESIAN_POINT('Ctrl Pts',(0.925454040975055,1.79240514499701,-6.5653070746596));
#5370=CARTESIAN_POINT('Ctrl Pts',(1.1529029525945,1.65529436063385,-6.58079643710918));
#5371=CARTESIAN_POINT('Ctrl Pts',(1.5414179203703,1.30116216154674,-6.61075234977347));
#5372=CARTESIAN_POINT('Ctrl Pts',(1.69874888754178,1.08775526412891,-6.62404760959252));
#5373=CARTESIAN_POINT('Ctrl Pts',(1.9192903053079,0.618067782111449,-6.65144604604354));
#5374=CARTESIAN_POINT('Ctrl Pts',(1.98260309462302,0.36732830490727,-6.66607251554712));
#5375=CARTESIAN_POINT('Ctrl Pts',(2.01173731017822,-0.154380759665778,-6.69650554431388));
#5376=CARTESIAN_POINT('Ctrl Pts',(1.97333116956123,-0.420606397428816,-6.71203537318339));
#5377=CARTESIAN_POINT('Ctrl Pts',(1.7981527875466,-0.912070945107436,-6.74070413846464));
#5378=CARTESIAN_POINT('Ctrl Pts',(1.66714293154788,-1.13395889384509,-6.75301949346035));
#5379=CARTESIAN_POINT('Ctrl Pts',(1.32613007451661,-1.51940340775975,-6.78148896328655));
#5380=CARTESIAN_POINT('Ctrl Pts',(1.11824006372722,-1.67831039074192,-6.79662596873817));
#5381=CARTESIAN_POINT('Ctrl Pts',(0.648156135640448,-1.91054449971629,-6.82714723329523));
#5382=CARTESIAN_POINT('Ctrl Pts',(0.389432577213436,-1.9795638819521,-6.84223053376951));
#5383=CARTESIAN_POINT('Ctrl Pts',(-0.127970013453374,-2.01189963734149,
-6.86931188090594));
#5384=CARTESIAN_POINT('Ctrl Pts',(-0.381420554811428,-1.9795656037713,-6.88236466347292));
#5385=CARTESIAN_POINT('Ctrl Pts',(-0.871387868514839,-1.81919090851478,
-6.91179450029156));
#5386=CARTESIAN_POINT('Ctrl Pts',(-1.1021581452976,-1.68938387798524,-6.92723862580638));
#5387=CARTESIAN_POINT('Ctrl Pts',(-1.50263596928744,-1.34624719186038,-6.95747817735663));
#5388=CARTESIAN_POINT('Ctrl Pts',(-1.6676199118732,-1.13546755412304,-6.9712643926762));
#5389=CARTESIAN_POINT('Ctrl Pts',(-1.90156770734976,-0.670353218202962,
-6.99839606227153));
#5390=CARTESIAN_POINT('Ctrl Pts',(-1.97157192864606,-0.422132526191443,
-7.01287560263887));
#5391=CARTESIAN_POINT('Ctrl Pts',(-2.01521309507747,0.0971008975238992,
-7.04316421902227));
#5392=CARTESIAN_POINT('Ctrl Pts',(-1.98453527718645,0.363527510015031,-7.05870577141758));
#5393=CARTESIAN_POINT('Ctrl Pts',(-1.82364424686884,0.860338794029068,-7.08768642965174));
#5394=CARTESIAN_POINT('Ctrl Pts',(-1.69835027971815,1.08695201996109,-7.10007192218789));
#5395=CARTESIAN_POINT('Ctrl Pts',(-1.36767727542407,1.48199303493979,-7.12829893974519));
#5396=CARTESIAN_POINT('Ctrl Pts',(-1.16486457354838,1.64618033792963,-7.14333345828441));
#5397=CARTESIAN_POINT('Ctrl Pts',(-0.702161971297739,1.89136913676555,-7.17385967704732));
#5398=CARTESIAN_POINT('Ctrl Pts',(-0.44546513011076,1.96771677677251,-7.18905433237064));
#5399=CARTESIAN_POINT('Ctrl Pts',(-0.120942257408894,1.99726042536464,-7.2063103168136));
#5400=CARTESIAN_POINT('Ctrl Pts',(-0.0604397741623144,1.99999999999999,
-7.20944669451033));
#5401=CARTESIAN_POINT('Ctrl Pts',(-3.28988972816316E-13,2.,-7.21250000000003));
#5402=CARTESIAN_POINT('Ctrl Pts',(-3.29058361755355E-13,2.,-7.29999999999998));
#5403=CARTESIAN_POINT('Ctrl Pts',(-0.0584539177068792,1.99999999999999,
-7.29704701630171));
#5404=CARTESIAN_POINT('Ctrl Pts',(-0.116968271590095,1.99743748490307,-7.29401623945603));
#5405=CARTESIAN_POINT('Ctrl Pts',(-0.4395855889553,1.96903816788001,-7.27688989647808));
#5406=CARTESIAN_POINT('Ctrl Pts',(-0.69650574981155,1.8934587978204,-7.261706367332));
#5407=CARTESIAN_POINT('Ctrl Pts',(-1.16000193445889,1.6496221470302,-7.23117949590702));
#5408=CARTESIAN_POINT('Ctrl Pts',(-1.36335503226855,1.48598305501654,-7.21613366705253));
#5409=CARTESIAN_POINT('Ctrl Pts',(-1.69511992155572,1.09194935249347,-7.18788086943357));
#5410=CARTESIAN_POINT('Ctrl Pts',(-1.82101865161622,0.865839679813421,-7.17550731465578));
#5411=CARTESIAN_POINT('Ctrl Pts',(-1.98342660205945,0.369587542903277,-7.14655927333602));
#5412=CARTESIAN_POINT('Ctrl Pts',(-2.01492206563791,0.103171956139814,-7.13101836410815));
#5413=CARTESIAN_POINT('Ctrl Pts',(-1.97281223179149,-0.416342382045188,
-7.10071336104736));
#5414=CARTESIAN_POINT('Ctrl Pts',(-1.90351260737417,-0.664838262815866,
-7.08621776800241));
#5415=CARTESIAN_POINT('Ctrl Pts',(-1.67098714081368,-1.13044280402775,-7.05905750309838));
#5416=CARTESIAN_POINT('Ctrl Pts',(-1.50682403645763,-1.3415033831494,-7.04532811184345));
#5417=CARTESIAN_POINT('Ctrl Pts',(-1.10761683746602,-1.68582305036893,-7.01511824630036));
#5418=CARTESIAN_POINT('Ctrl Pts',(-0.877189823230984,-1.81641234241555,
-6.999668645813));
#5419=CARTESIAN_POINT('Ctrl Pts',(-0.387640636161584,-1.97835842510135,
-6.97021409984442));
#5420=CARTESIAN_POINT('Ctrl Pts',(-0.134282078348011,-2.01148901834983,
-6.95711877835067));
#5421=CARTESIAN_POINT('Ctrl Pts',(0.383221739543226,-1.98077506252194,-6.93007961988949));
#5422=CARTESIAN_POINT('Ctrl Pts',(0.642156057024729,-1.91256885878998,-6.91500938996436));
#5423=CARTESIAN_POINT('Ctrl Pts',(1.11303330334523,-1.68178007892816,-6.88449020387136));
#5424=CARTESIAN_POINT('Ctrl Pts',(1.32147614924042,-1.52346603586553,-6.86934256429473));
#5425=CARTESIAN_POINT('Ctrl Pts',(1.66362658013137,-1.13908500241894,-6.84084664452361));
#5426=CARTESIAN_POINT('Ctrl Pts',(1.7952637856575,-0.917711298057771,-6.82853315905337));
#5427=CARTESIAN_POINT('Ctrl Pts',(1.97200341775417,-0.426841594907009,-6.79989909303624));
#5428=CARTESIAN_POINT('Ctrl Pts',(2.01125747885052,-0.16065116914436,-6.78437131820008));
#5429=CARTESIAN_POINT('Ctrl Pts',(1.98371938029126,0.361305094622068,-6.75392386948038));
#5430=CARTESIAN_POINT('Ctrl Pts',(1.92114504783426,0.612309731528812,-6.73928193232748));
#5431=CARTESIAN_POINT('Ctrl Pts',(1.70206987754604,1.08249098975372,-6.71185469226436));
#5432=CARTESIAN_POINT('Ctrl Pts',(1.54556460079157,1.29618275246626,-6.6986070651558));
#5433=CARTESIAN_POINT('Ctrl Pts',(1.1583558647436,1.65149677767811,-6.66868267097134));
#5434=CARTESIAN_POINT('Ctrl Pts',(0.931281609680917,1.7893967308239,-6.65318921805452));
#5435=CARTESIAN_POINT('Ctrl Pts',(0.464604103416879,1.95925350587133,-6.62465937852733));
#5436=CARTESIAN_POINT('Ctrl Pts',(0.233100816851272,2.,-6.61177582169377));
#5437=CARTESIAN_POINT('Ctrl Pts',(-2.70616862252382E-14,2.,-6.6));
#5438=CARTESIAN_POINT('Origin',(0.,3.67394039744206E-15,15.));
#5439=CARTESIAN_POINT('',(1.24742965610247E-14,2.,-5.81250000000004));
#5440=CARTESIAN_POINT('',(1.24049076219856E-14,2.,-5.9));
#5441=CARTESIAN_POINT('',(-2.4492935982947E-16,2.,15.));
#5442=CARTESIAN_POINT('Ctrl Pts',(2.51935224818788E-14,2.,-5.81250000000004));
#5443=CARTESIAN_POINT('Ctrl Pts',(0.0150831305993624,2.,-5.81326197183232));
#5444=CARTESIAN_POINT('Ctrl Pts',(0.030173084271354,1.99982937475368,-5.81402926492329));
#5445=CARTESIAN_POINT('Ctrl Pts',(0.299924707517402,1.99372238659943,-5.82783473798697));
#5446=CARTESIAN_POINT('Ctrl Pts',(0.551103535975405,1.93936148891416,-5.84210935353914));
#5447=CARTESIAN_POINT('Ctrl Pts',(1.0286020124326,1.735502991368,-5.87217756535226));
#5448=CARTESIAN_POINT('Ctrl Pts',(1.2489160401857,1.58436580557453,-5.88771559005381));
#5449=CARTESIAN_POINT('Ctrl Pts',(1.61378627155863,1.20937201708274,-5.91708547743629));
#5450=CARTESIAN_POINT('Ctrl Pts',(1.75645183601553,0.990834896738539,-5.9297012976903));
#5451=CARTESIAN_POINT('Ctrl Pts',(1.95035000186383,0.512368694155454,-5.95761182617431));
#5452=CARTESIAN_POINT('Ctrl Pts',(2.00005887788489,0.257139720501194,-5.97250018297081));
#5453=CARTESIAN_POINT('Ctrl Pts',(1.99993866890771,-0.26832077993197,-6.00315204549608));
#5454=CARTESIAN_POINT('Ctrl Pts',(1.94606496357513,-0.53349534968323,-6.0186205620649));
#5455=CARTESIAN_POINT('Ctrl Pts',(1.74256173150654,-1.01383602781765,-6.04664043495607));
#5456=CARTESIAN_POINT('Ctrl Pts',(1.60004148576061,-1.22648525335887,-6.05910801975265));
#5457=CARTESIAN_POINT('Ctrl Pts',(1.23815888225369,-1.59214322873245,-6.08805468315748));
#5458=CARTESIAN_POINT('Ctrl Pts',(1.02032389633518,-1.73979440392265,-6.1033657959461));
#5459=CARTESIAN_POINT('Ctrl Pts',(0.536308543040141,-1.94489206431406,-6.13379937056107));
#5460=CARTESIAN_POINT('Ctrl Pts',(0.274117003996531,-1.99878577345239,-6.14861670152997));
#5461=CARTESIAN_POINT('Ctrl Pts',(-0.244878558366968,-2.00112311309383,
-6.17490356885457));
#5462=CARTESIAN_POINT('Ctrl Pts',(-0.496788228696414,-1.95391109711125,
-6.18894108120484));
#5463=CARTESIAN_POINT('Ctrl Pts',(-0.978638850807089,-1.76404656162993,
-6.21882099813171));
#5464=CARTESIAN_POINT('Ctrl Pts',(-1.20254426365716,-1.61971912910065,-6.23434183515558));
#5465=CARTESIAN_POINT('Ctrl Pts',(-1.57901001245214,-1.25481858744909,-6.26400312024357));
#5466=CARTESIAN_POINT('Ctrl Pts',(-1.72879507543142,-1.03879310696048,-6.27690373542735));
#5467=CARTESIAN_POINT('Ctrl Pts',(-1.93578847516077,-0.564590592793465,
-6.30456554875376));
#5468=CARTESIAN_POINT('Ctrl Pts',(-1.99223123301919,-0.311480415404363,
-6.31933030910145));
#5469=CARTESIAN_POINT('Ctrl Pts',(-2.00655276355119,0.212333216361906,-6.34988610428782));
#5470=CARTESIAN_POINT('Ctrl Pts',(-1.96029544255504,0.478133421928449,-6.3653911162792));
#5471=CARTESIAN_POINT('Ctrl Pts',(-1.77070231257417,0.964023944845392,-6.39373473011602));
#5472=CARTESIAN_POINT('Ctrl Pts',(-1.63387090473595,1.18118638912225,-6.40607780326578));
#5473=CARTESIAN_POINT('Ctrl Pts',(-1.28229862722876,1.55669343499225,-6.43479087264627));
#5474=CARTESIAN_POINT('Ctrl Pts',(-1.06932298222978,1.71000467357892,-6.45002158571084));
#5475=CARTESIAN_POINT('Ctrl Pts',(-0.592022556819456,1.92867054057097,-6.48051167396059));
#5476=CARTESIAN_POINT('Ctrl Pts',(-0.331437753229871,1.99009003984991,-6.49546733784157));
#5477=CARTESIAN_POINT('Ctrl Pts',(-0.044276208159349,1.99963264754303,-6.51025253349218));
#5478=CARTESIAN_POINT('Ctrl Pts',(-0.0221315558743083,2.,-6.51138195477265));
#5479=CARTESIAN_POINT('Ctrl Pts',(-5.06646007199135E-14,2.,-6.51250000000004));
#5480=CARTESIAN_POINT('Ctrl Pts',(-2.50547446038005E-14,2.,-6.6));
#5481=CARTESIAN_POINT('Ctrl Pts',(-0.0200366593346977,2.,-6.5989877850672));
#5482=CARTESIAN_POINT('Ctrl Pts',(-0.0400842496938722,1.99969890041594,
-6.59796623584808));
#5483=CARTESIAN_POINT('Ctrl Pts',(-0.325170513614049,1.99112303890141,-6.58331407632245));
#5484=CARTESIAN_POINT('Ctrl Pts',(-0.585942207805303,1.93052570550889,-6.56837295091265));
#5485=CARTESIAN_POINT('Ctrl Pts',(-1.06399695010061,1.71333573875691,-6.53788780306079));
#5486=CARTESIAN_POINT('Ctrl Pts',(-1.27751195440163,1.56063710530784,-6.52264771021272));
#5487=CARTESIAN_POINT('Ctrl Pts',(-1.63021730739338,1.18620527521256,-6.49390876041668));
#5488=CARTESIAN_POINT('Ctrl Pts',(-1.76767343940679,0.969543602923558,-6.48155671017053));
#5489=CARTESIAN_POINT('Ctrl Pts',(-1.95880311807453,0.484257974542411,-6.4532483818483));
#5490=CARTESIAN_POINT('Ctrl Pts',(-2.00590005843983,0.218516452821834,-6.43774679308127));
#5491=CARTESIAN_POINT('Ctrl Pts',(-1.9931670895026,-0.305497792232403,-6.4071792954531));
#5492=CARTESIAN_POINT('Ctrl Pts',(-1.93746332131527,-0.558850285488772,
-6.39240040001315));
#5493=CARTESIAN_POINT('Ctrl Pts',(-1.73191543839021,-1.03352828028631,-6.36471085031663));
#5494=CARTESIAN_POINT('Ctrl Pts',(-1.58292456063843,-1.24983167981495,-6.35184632744298));
#5495=CARTESIAN_POINT('Ctrl Pts',(-1.20774146278334,-1.6158613488985,-6.32221690662228));
#5496=CARTESIAN_POINT('Ctrl Pts',(-0.98422468517741,-1.76094862464019,-6.30669354063772));
#5497=CARTESIAN_POINT('Ctrl Pts',(-0.502821071816597,-1.95237727910632,
-6.27679058562822));
#5498=CARTESIAN_POINT('Ctrl Pts',(-0.250982684460784,-2.00037531875476,
-6.2626901273351));
#5499=CARTESIAN_POINT('Ctrl Pts',(0.268080238993763,-1.99960368406879,-6.23644552344743));
#5500=CARTESIAN_POINT('Ctrl Pts',(0.530427638650533,-1.94650335243123,-6.22164345886603));
#5501=CARTESIAN_POINT('Ctrl Pts',(1.01512619516418,-1.74284368410518,-6.19121731152461));
#5502=CARTESIAN_POINT('Ctrl Pts',(1.23346334767797,-1.59579605300144,-6.17589843357851));
#5503=CARTESIAN_POINT('Ctrl Pts',(1.59642521242362,-1.23117766151874,-6.14692756909091));
#5504=CARTESIAN_POINT('Ctrl Pts',(1.73954174546395,-1.01899532800391,-6.13444139413355));
#5505=CARTESIAN_POINT('Ctrl Pts',(1.94341140449887,-0.541770525524292,-6.10660328065557));
#5506=CARTESIAN_POINT('Ctrl Pts',(1.99804286934114,-0.279557976168064,-6.09130754860979));
#5507=CARTESIAN_POINT('Ctrl Pts',(2.0018005255696,0.243392553428243,-6.06080210105001));
#5508=CARTESIAN_POINT('Ctrl Pts',(1.95380286695494,0.499128360088431,-6.04588417899483));
#5509=CARTESIAN_POINT('Ctrl Pts',(1.76320656666213,0.978654100561422,-6.0179118441339));
#5510=CARTESIAN_POINT('Ctrl Pts',(1.6223098368954,1.19782316118264,-6.00535291380654));
#5511=CARTESIAN_POINT('Ctrl Pts',(1.26035405559474,1.57531443140051,-5.97605741582876));
#5512=CARTESIAN_POINT('Ctrl Pts',(1.04096990062795,1.72814199342745,-5.96051706393861));
#5513=CARTESIAN_POINT('Ctrl Pts',(0.56458656026837,1.93550200638476,-5.93040305920371));
#5514=CARTESIAN_POINT('Ctrl Pts',(0.313617273806597,1.99163628657244,-5.91608730566891));
#5515=CARTESIAN_POINT('Ctrl Pts',(0.0392155223228456,1.99971181649235,-5.90198950093462));
#5516=CARTESIAN_POINT('Ctrl Pts',(0.019602199544531,2.,-5.90099026682858));
#5517=CARTESIAN_POINT('Ctrl Pts',(2.50547446038007E-14,2.,-5.9));
#5518=CARTESIAN_POINT('Origin',(0.,3.67394039744206E-15,15.));
#5519=CARTESIAN_POINT('',(1.89704322088217E-13,2.,-5.11250000000006));
#5520=CARTESIAN_POINT('',(2.02402497932369E-13,2.,-5.20000000000002));
#5521=CARTESIAN_POINT('',(-2.4492935982947E-16,2.,15.));
#5522=CARTESIAN_POINT('Ctrl Pts',(3.79653573536263E-13,2.,-5.11250000000006));
#5523=CARTESIAN_POINT('Ctrl Pts',(0.0526671301718636,2.,-5.11516064590599));
#5524=CARTESIAN_POINT('Ctrl Pts',(0.105391133531427,1.99791971244584,-5.11788483999374));
#5525=CARTESIAN_POINT('Ctrl Pts',(0.413397691603047,1.97350300817292,-5.13415691492466));
#5526=CARTESIAN_POINT('Ctrl Pts',(0.662453613758842,1.90439709981716,-5.14875434799212));
#5527=CARTESIAN_POINT('Ctrl Pts',(1.12990515654425,1.67157153001765,-5.17915988025821));
#5528=CARTESIAN_POINT('Ctrl Pts',(1.34209736823713,1.50653107490141,-5.19469311787142));
#5529=CARTESIAN_POINT('Ctrl Pts',(1.68253044528694,1.11105146918481,-5.22342598846395));
#5530=CARTESIAN_POINT('Ctrl Pts',(1.81059619566472,0.887178718310388,-5.23574790809861));
#5531=CARTESIAN_POINT('Ctrl Pts',(1.97665233150303,0.399973435509564,-5.26416821626199));
#5532=CARTESIAN_POINT('Ctrl Pts',(2.01178511967063,0.140825649640653,-5.27928517043768));
#5533=CARTESIAN_POINT('Ctrl Pts',(1.98091513828893,-0.382448201610782,-5.30980947842735));
#5534=CARTESIAN_POINT('Ctrl Pts',(1.91282674319207,-0.641427011383346,-5.32491657566408));
#5535=CARTESIAN_POINT('Ctrl Pts',(1.68482522729471,-1.10701350644448,-5.35207578787597));
#5536=CARTESIAN_POINT('Ctrl Pts',(1.5312867467532,-1.31122718997861,-5.3650530216897));
#5537=CARTESIAN_POINT('Ctrl Pts',(1.14954389552947,-1.65748036476915,-5.39443701468867));
#5538=CARTESIAN_POINT('Ctrl Pts',(0.922682146849064,-1.7936964798087,-5.40987062023174));
#5539=CARTESIAN_POINT('Ctrl Pts',(0.426004480634284,-1.97207795536481,-5.44016464939413));
#5540=CARTESIAN_POINT('Ctrl Pts',(0.160662378162152,-2.01114401680532,-5.45405860028951));
#5541=CARTESIAN_POINT('Ctrl Pts',(-0.359638204641206,-1.98391669154185,
-5.48113735274453));
#5542=CARTESIAN_POINT('Ctrl Pts',(-0.609809995912011,-1.92181027696742,
-5.49558700555175));
#5543=CARTESIAN_POINT('Ctrl Pts',(-1.08225097579084,-1.70269379478936,-5.52584474655317));
#5544=CARTESIAN_POINT('Ctrl Pts',(-1.29840951207022,-1.54421021593156,-5.54138711331685));
#5545=CARTESIAN_POINT('Ctrl Pts',(-1.65050268096702,-1.1583791888901,-5.57042761328344));
#5546=CARTESIAN_POINT('Ctrl Pts',(-1.78547125833784,-0.937064631174046,
-5.58283789651489));
#5547=CARTESIAN_POINT('Ctrl Pts',(-1.96485847237038,-0.453988632766482,
-5.61101732975533));
#5548=CARTESIAN_POINT('Ctrl Pts',(-2.00701033845417,-0.196616098191826,
-5.62603072760552));
#5549=CARTESIAN_POINT('Ctrl Pts',(-1.99088105061139,0.326657593246052,-5.65655502627273));
#5550=CARTESIAN_POINT('Ctrl Pts',(-1.9300820004112,0.587481913694776,-5.67176977829891));
#5551=CARTESIAN_POINT('Ctrl Pts',(-1.71515775433164,1.05944501223249,-5.69930095904694));
#5552=CARTESIAN_POINT('Ctrl Pts',(-1.56731368759401,1.2679677019943,-5.71197127227414));
#5553=CARTESIAN_POINT('Ctrl Pts',(-1.19581042902365,1.62429930606543,-5.74113193419767));
#5554=CARTESIAN_POINT('Ctrl Pts',(-0.973544991579954,1.76649745967423,-5.75650781873182));
#5555=CARTESIAN_POINT('Ctrl Pts',(-0.497399615422133,1.95324020983514,-5.78600846512426));
#5556=CARTESIAN_POINT('Ctrl Pts',(-0.24970257145632,2.,-5.79988548840087));
#5557=CARTESIAN_POINT('Ctrl Pts',(2.4008572907519E-14,2.,-5.81250000000004));
#5558=CARTESIAN_POINT('Ctrl Pts',(2.48412401759879E-14,2.,-5.9));
#5559=CARTESIAN_POINT('Ctrl Pts',(-0.245142535111447,2.,-5.88761585299432));
#5560=CARTESIAN_POINT('Ctrl Pts',(-0.488414913375883,1.95493397136221,-5.87401175701476));
#5561=CARTESIAN_POINT('Ctrl Pts',(-0.961756765499544,1.77296835818748,-5.84479207262804));
#5562=CARTESIAN_POINT('Ctrl Pts',(-1.18510759911415,1.63215178278682,-5.82940165191997));
#5563=CARTESIAN_POINT('Ctrl Pts',(-1.55900365918374,1.2781609682607,-5.80018838312324));
#5564=CARTESIAN_POINT('Ctrl Pts',(-1.70817539050404,1.07065259101507,-5.78745473447586));
#5565=CARTESIAN_POINT('Ctrl Pts',(-1.92617239810207,0.60017311910922,-5.76001009861469));
#5566=CARTESIAN_POINT('Ctrl Pts',(-1.9886853018225,0.33976260735906,-5.74481948542926));
#5567=CARTESIAN_POINT('Ctrl Pts',(-2.00826869050855,-0.183548628863103,
-5.71429299664964));
#5568=CARTESIAN_POINT('Ctrl Pts',(-1.96775629830021,-0.441354199121004,
-5.69925433838459));
#5569=CARTESIAN_POINT('Ctrl Pts',(-1.79149456912307,-0.92540726147114,-5.6710179097475));
#5570=CARTESIAN_POINT('Ctrl Pts',(-1.65815830853162,-1.14732081629135,-5.65863689728142));
#5571=CARTESIAN_POINT('Ctrl Pts',(-1.30880600340822,-1.53543975394211,-5.62966812995201));
#5572=CARTESIAN_POINT('Ctrl Pts',(-1.09356511630175,-1.69547734213415,-5.61412679585331));
#5573=CARTESIAN_POINT('Ctrl Pts',(-0.62226531508793,-1.917835040303,-5.58383216961882));
#5574=CARTESIAN_POINT('Ctrl Pts',(-0.372339116577497,-1.98159285874054,
-5.56934675775715));
#5575=CARTESIAN_POINT('Ctrl Pts',(0.147331116965736,-2.01208438988718,-5.54220464337476));
#5576=CARTESIAN_POINT('Ctrl Pts',(0.412302550677362,-1.97490489056061,-5.52843929780365));
#5577=CARTESIAN_POINT('Ctrl Pts',(0.909848971654191,-1.80026702320875,-5.49821056933176));
#5578=CARTESIAN_POINT('Ctrl Pts',(1.13783521155786,-1.66556874745592,-5.48276442688656));
#5579=CARTESIAN_POINT('Ctrl Pts',(1.52212804500514,-1.32185086380834,-5.45332555949847));
#5580=CARTESIAN_POINT('Ctrl Pts',(1.67709046862676,-1.11869791770411,-5.44025737853272));
#5581=CARTESIAN_POINT('Ctrl Pts',(1.90831983220293,-0.654710267249077,-5.41319143225618));
#5582=CARTESIAN_POINT('Ctrl Pts',(1.97820491020197,-0.396220951024073,-5.39811288880972));
#5583=CARTESIAN_POINT('Ctrl Pts',(2.0127283624632,0.12698831706402,-5.36759234817124));
#5584=CARTESIAN_POINT('Ctrl Pts',(1.97934434753176,0.386546706798727,-5.35245144210339));
#5585=CARTESIAN_POINT('Ctrl Pts',(1.81659023742945,0.874760542576204,-5.32397230168304));
#5586=CARTESIAN_POINT('Ctrl Pts',(1.69021204625096,1.09926688747535,-5.31165776568904));
#5587=CARTESIAN_POINT('Ctrl Pts',(1.35265390991458,1.49709375067214,-5.28300167010205));
#5588=CARTESIAN_POINT('Ctrl Pts',(1.141464641198,1.66372934825888,-5.26747257432238));
#5589=CARTESIAN_POINT('Ctrl Pts',(0.675297118310468,1.89990344707086,-5.2370342429347));
#5590=CARTESIAN_POINT('Ctrl Pts',(0.426544712012731,1.97072492145403,-5.22240210558399));
#5591=CARTESIAN_POINT('Ctrl Pts',(0.11415368565712,1.99755947705993,-5.20583801476909));
#5592=CARTESIAN_POINT('Ctrl Pts',(0.057045461355307,2.,-5.20288183109108));
#5593=CARTESIAN_POINT('Ctrl Pts',(4.05049925224567E-13,2.,-5.20000000000002));
#5594=CARTESIAN_POINT('Origin',(0.,3.67394039744206E-15,15.));
#5595=CARTESIAN_POINT('',(1.01003907553494E-13,2.,-4.41250000000005));
#5596=CARTESIAN_POINT('',(7.58771052053052E-14,2.,-4.50000000000001));
#5597=CARTESIAN_POINT('',(-2.4492935982947E-16,2.,15.));
#5598=CARTESIAN_POINT('Ctrl Pts',(2.02252744466817E-13,2.,-4.41250000000005));
#5599=CARTESIAN_POINT('Ctrl Pts',(0.088761764639343,2.,-4.41698408001202));
#5600=CARTESIAN_POINT('Ctrl Pts',(0.177603983418398,1.99409172244635,-4.42164454918017));
#5601=CARTESIAN_POINT('Ctrl Pts',(0.521183999169954,1.94799532926787,-4.4403460535905));
#5602=CARTESIAN_POINT('Ctrl Pts',(0.767388591503062,1.86477937180511,-4.45521098585334));
#5603=CARTESIAN_POINT('Ctrl Pts',(1.22355664022411,1.60454939849541,-4.48584579199246));
#5604=CARTESIAN_POINT('Ctrl Pts',(1.42713531984016,1.42653034778907,-4.50132243228402));
#5605=CARTESIAN_POINT('Ctrl Pts',(1.7436853979656,1.01193019550749,-4.52940646059711));
#5606=CARTESIAN_POINT('Ctrl Pts',(1.85790735324558,0.782709390221345,-4.54184195223714));
#5607=CARTESIAN_POINT('Ctrl Pts',(1.99633756207179,0.287262846605468,-4.57074300061474));
#5608=CARTESIAN_POINT('Ctrl Pts',(2.01674081418746,0.0250425899191548,-4.58603918225477));
#5609=CARTESIAN_POINT('Ctrl Pts',(1.95533285069663,-0.496901775277273,-4.61648593689123));
#5610=CARTESIAN_POINT('Ctrl Pts',(1.87234898206953,-0.751398115173381,-4.6313315567185));
#5611=CARTESIAN_POINT('Ctrl Pts',(1.61748571723679,-1.20338644003962,-4.6576975423357));
#5612=CARTESIAN_POINT('Ctrl Pts',(1.45185121933197,-1.39879480320302,-4.67162001285015));
#5613=CARTESIAN_POINT('Ctrl Pts',(1.04861877576678,-1.72334286218434,-4.70145655438963));
#5614=CARTESIAN_POINT('Ctrl Pts',(0.812549102931335,-1.84642447963894,-4.71697223770014));
#5615=CARTESIAN_POINT('Ctrl Pts',(0.308940213998289,-1.99314183304999,-4.74669288250557));
#5616=CARTESIAN_POINT('Ctrl Pts',(0.04666945571793,-2.01639759427443,-4.75966408233681));
#5617=CARTESIAN_POINT('Ctrl Pts',(-0.468077275933113,-1.96134440635558,
-4.78727385217506));
#5618=CARTESIAN_POINT('Ctrl Pts',(-0.71579065537756,-1.88509335957777,-4.80201186234103));
#5619=CARTESIAN_POINT('Ctrl Pts',(-1.17773470911273,-1.63835168237364,-4.83254505292309));
#5620=CARTESIAN_POINT('Ctrl Pts',(-1.38566924600451,-1.46669880696121,-4.84805606294684));
#5621=CARTESIAN_POINT('Ctrl Pts',(-1.71407780819077,-1.06148670296549,-4.87646534184434));
#5622=CARTESIAN_POINT('Ctrl Pts',(-1.83512561277634,-0.834946792444619,
-4.88879477044078));
#5623=CARTESIAN_POINT('Ctrl Pts',(-1.98732974476699,-0.343553231203005,
-4.91745939484654));
#5624=CARTESIAN_POINT('Ctrl Pts',(-2.01510331283116,-0.0827615104764311,
-4.93267224522226));
#5625=CARTESIAN_POINT('Ctrl Pts',(-1.96890960543324,0.440069540235414,-4.96317072318045));
#5626=CARTESIAN_POINT('Ctrl Pts',(-1.89331199678854,0.69691006937562,-4.97815308738029));
#5627=CARTESIAN_POINT('Ctrl Pts',(-1.65180102118584,1.15574033781079,-5.00491818637235));
#5628=CARTESIAN_POINT('Ctrl Pts',(-1.49225082329323,1.35552037370531,-5.01831692879536));
#5629=CARTESIAN_POINT('Ctrl Pts',(-1.09977635547459,1.69103232522434,-5.04792977751695));
#5630=CARTESIAN_POINT('Ctrl Pts',(-0.868238960812572,1.82078600203804,-5.06341110025672));
#5631=CARTESIAN_POINT('Ctrl Pts',(-0.418241236035955,1.96705401649508,-5.09041030258765));
#5632=CARTESIAN_POINT('Ctrl Pts',(-0.209619435857183,2.,-5.10191041419956));
#5633=CARTESIAN_POINT('Ctrl Pts',(3.79653573536263E-13,2.,-5.11250000000006));
#5634=CARTESIAN_POINT('Ctrl Pts',(4.04069139259278E-13,2.,-5.20000000000002));
#5635=CARTESIAN_POINT('Ctrl Pts',(-0.20463147189641,2.,-5.18966239690392));
#5636=CARTESIAN_POINT('Ctrl Pts',(-0.408362959251345,1.96860365470974,-5.1784545326229));
#5637=CARTESIAN_POINT('Ctrl Pts',(-0.854876930379231,1.82712523472235,-5.15177101958168));
#5638=CARTESIAN_POINT('Ctrl Pts',(-1.08752447495667,1.69896681723509,-5.1362801425206));
#5639=CARTESIAN_POINT('Ctrl Pts',(-1.48259951649319,1.36608665116871,-5.10661267803864));
#5640=CARTESIAN_POINT('Ctrl Pts',(-1.64361470214481,1.16736959271663,-5.09309655957511));
#5641=CARTESIAN_POINT('Ctrl Pts',(-1.8883703844611,0.710187102428921,-5.066427580975));
#5642=CARTESIAN_POINT('Ctrl Pts',(-1.96576673083109,0.453895177226543,-5.05147721867153));
#5643=CARTESIAN_POINT('Ctrl Pts',(-2.01565238576476,-0.0687616751737936,
-5.02098890228151));
#5644=CARTESIAN_POINT('Ctrl Pts',(-1.98966146885142,-0.32991872321226,-5.00575474114593));
#5645=CARTESIAN_POINT('Ctrl Pts',(-1.84079689711054,-0.822305236398262,
-4.97703219454341));
#5646=CARTESIAN_POINT('Ctrl Pts',(-1.72141754997742,-1.04949222190777,-4.96468597104105));
#5647=CARTESIAN_POINT('Ctrl Pts',(-1.39589343786923,-1.4570065218241,-4.93635526184007));
#5648=CARTESIAN_POINT('Ctrl Pts',(-1.18900438547433,-1.63022221177834,-4.92085148566664));
#5649=CARTESIAN_POINT('Ctrl Pts',(-0.728434332452532,-1.88026670719682,
-4.89029137485881));
#5650=CARTESIAN_POINT('Ctrl Pts',(-0.481071281189136,-1.95821959016442,
-4.87552142573507));
#5651=CARTESIAN_POINT('Ctrl Pts',(0.0329831158858141,-2.01660470321733,
-4.84784945020805));
#5652=CARTESIAN_POINT('Ctrl Pts',(0.294901843025962,-1.99520266049313,-4.83496218248284));
#5653=CARTESIAN_POINT('Ctrl Pts',(0.79927139883887,-1.8522376505866,-4.80531255354718));
#5654=CARTESIAN_POINT('Ctrl Pts',(1.03638540991587,-1.73075580871818,-4.7897907723235));
#5655=CARTESIAN_POINT('Ctrl Pts',(1.44215255495695,-1.40882120603588,-4.75990240816705));
#5656=CARTESIAN_POINT('Ctrl Pts',(1.60923040020921,-1.21443369061838,-4.74584196528605));
#5657=CARTESIAN_POINT('Ctrl Pts',(1.86721324601963,-0.764066996581639,-4.71957057480057));
#5658=CARTESIAN_POINT('Ctrl Pts',(1.95191612043043,-0.510151232862432,-4.70475882191695));
#5659=CARTESIAN_POINT('Ctrl Pts',(2.01688554320207,0.0115210962322015,-4.6743279360531));
#5660=CARTESIAN_POINT('Ctrl Pts',(1.99821683161168,0.274046353683161,-4.65901396270179));
#5661=CARTESIAN_POINT('Ctrl Pts',(1.86301663324077,0.770427024757648,-4.63005842355578));
#5662=CARTESIAN_POINT('Ctrl Pts',(1.75037468923891,1.00028141899331,-4.61758414718896));
#5663=CARTESIAN_POINT('Ctrl Pts',(1.43659045388817,1.41704270006243,-4.58957681120906));
#5664=CARTESIAN_POINT('Ctrl Pts',(1.23404924927762,1.59652403530502,-4.57410993226831));
#5665=CARTESIAN_POINT('Ctrl Pts',(0.779276058582869,1.85986521730958,-4.54345484818725));
#5666=CARTESIAN_POINT('Ctrl Pts',(0.53344913706271,1.9446933256998,-4.52856197408591));
#5667=CARTESIAN_POINT('Ctrl Pts',(0.185880964891685,1.99352781302035,-4.50957913431799));
#5668=CARTESIAN_POINT('Ctrl Pts',(0.0929016397736153,2.,-4.504693218839));
#5669=CARTESIAN_POINT('Ctrl Pts',(1.5199913977044E-13,2.,-4.50000000000001));
#5670=CARTESIAN_POINT('Origin',(0.,3.67394039744206E-15,15.));
#5671=CARTESIAN_POINT('',(-1.14595153074105E-15,2.,-3.71250000000004));
#5672=CARTESIAN_POINT('',(-1.18064600026059E-15,2.,-3.8));
#5673=CARTESIAN_POINT('',(-2.4492935982947E-16,2.,15.));
#5674=CARTESIAN_POINT('Ctrl Pts',(2.15105711021124E-15,2.,-3.71250000000004));
#5675=CARTESIAN_POINT('Ctrl Pts',(0.126359673026152,2.,-3.71888345673322));
#5676=CARTESIAN_POINT('Ctrl Pts',(0.252705953398954,1.9880274476099,-3.72561543633909));
#5677=CARTESIAN_POINT('Ctrl Pts',(0.631678130570879,1.91521424911192,-3.74688412737285));
#5678=CARTESIAN_POINT('Ctrl Pts',(0.874074066812389,1.81742527414624,-3.7619816997253));
#5679=CARTESIAN_POINT('Ctrl Pts',(1.31327749400621,1.53153452619867,-3.79250792385421));
#5680=CARTESIAN_POINT('Ctrl Pts',(1.50455256490263,1.34412048086995,-3.80763702928921));
#5681=CARTESIAN_POINT('Ctrl Pts',(1.79612500770159,0.915452814967047,-3.83486953619097));
#5682=CARTESIAN_POINT('Ctrl Pts',(1.89749648859846,0.680928144631974,-3.84777919156319));
#5683=CARTESIAN_POINT('Ctrl Pts',(2.00921672143757,0.177947199502773,-3.87711974669573));
#5684=CARTESIAN_POINT('Ctrl Pts',(2.01522689813937,-0.0864506889494351,
-3.89254295685544));
#5685=CARTESIAN_POINT('Ctrl Pts',(1.92426922561952,-0.606649595716261,-3.9228878930835));
#5686=CARTESIAN_POINT('Ctrl Pts',(1.82657296943834,-0.856973356268504,-3.93688663827625));
#5687=CARTESIAN_POINT('Ctrl Pts',(1.54481841985831,-1.2956609075951,-3.96391541004808));
#5688=CARTESIAN_POINT('Ctrl Pts',(1.36697630640279,-1.48207091403273,-3.9783366228759));
#5689=CARTESIAN_POINT('Ctrl Pts',(0.942760255718748,-1.78369344461606,-4.00856455615206));
#5690=CARTESIAN_POINT('Ctrl Pts',(0.698132610019638,-1.89287829692008,-4.02410725009013));
#5691=CARTESIAN_POINT('Ctrl Pts',(0.188432646007141,-2.00764319215347,-4.05320365803443));
#5692=CARTESIAN_POINT('Ctrl Pts',(-0.0709516289818226,-2.01521694208279,
-4.0656405174557));
#5693=CARTESIAN_POINT('Ctrl Pts',(-0.579558271088984,-1.93153338149518,
-4.0937751538744));
#5694=CARTESIAN_POINT('Ctrl Pts',(-0.823865547693317,-1.84063241876146,
-4.10876838324648));
#5695=CARTESIAN_POINT('Ctrl Pts',(-1.27027986342052,-1.56738800395724,-4.13929003673018));
#5696=CARTESIAN_POINT('Ctrl Pts',(-1.46670508059241,-1.38532684419118,-4.15452319219089));
#5697=CARTESIAN_POINT('Ctrl Pts',(-1.77017828151416,-0.964721253773512,
-4.18212175949109));
#5698=CARTESIAN_POINT('Ctrl Pts',(-1.87804827453525,-0.732922224250832,
-4.19474620358542));
#5699=CARTESIAN_POINT('Ctrl Pts',(-2.00339990023026,-0.233732063528521,
-4.22386562962756));
#5700=CARTESIAN_POINT('Ctrl Pts',(-2.01676821138218,0.0296524953647501,
-4.23922972889633));
#5701=CARTESIAN_POINT('Ctrl Pts',(-1.94092656781637,0.550578439330149,-4.26961707562765));
#5702=CARTESIAN_POINT('Ctrl Pts',(-1.85091480718015,0.802713377915364,-4.28407435099916));
#5703=CARTESIAN_POINT('Ctrl Pts',(-1.58334487455506,1.24813258910958,-4.31058288226395));
#5704=CARTESIAN_POINT('Ctrl Pts',(-1.41179741490672,1.43930458965179,-4.32482499233036));
#5705=CARTESIAN_POINT('Ctrl Pts',(-0.998442475540896,1.75300522920611,-4.35485652054981));
#5706=CARTESIAN_POINT('Ctrl Pts',(-0.758182975345668,1.86951486899187,-4.37039218349929));
#5707=CARTESIAN_POINT('Ctrl Pts',(-0.337837996060688,1.97856130506912,-4.39480775465903));
#5708=CARTESIAN_POINT('Ctrl Pts',(-0.169096866120378,2.,-4.40395753939733));
#5709=CARTESIAN_POINT('Ctrl Pts',(2.03864702896794E-13,2.,-4.41250000000005));
#5710=CARTESIAN_POINT('Ctrl Pts',(1.51441359452775E-13,2.,-4.50000000000001));
#5711=CARTESIAN_POINT('Ctrl Pts',(-0.164536024935199,2.,-4.49168794464983));
#5712=CARTESIAN_POINT('Ctrl Pts',(-0.328767981358387,1.97970207267984,-4.4827992273977));
#5713=CARTESIAN_POINT('Ctrl Pts',(-0.745590294943184,1.87459776492497,-4.45867659352985));
#5714=CARTESIAN_POINT('Ctrl Pts',(-0.986788086531809,1.75961848125537,-4.44313816522309));
#5715=CARTESIAN_POINT('Ctrl Pts',(-1.40246024065334,1.44843249246842,-4.4130629195851));
#5716=CARTESIAN_POINT('Ctrl Pts',(-1.57534492283426,1.25824693848452,-4.39878202687009));
#5717=CARTESIAN_POINT('Ctrl Pts',(-1.84582210723899,0.814365476351201,-4.37217147764228));
#5718=CARTESIAN_POINT('Ctrl Pts',(-1.9374248655896,0.562783389715325,-4.35782903106669));
#5719=CARTESIAN_POINT('Ctrl Pts',(-2.01656594590409,0.0421723350633052,
-4.32746005287866));
#5720=CARTESIAN_POINT('Ctrl Pts',(-2.00481493458333,-0.22145275633955,-4.31208192254683));
#5721=CARTESIAN_POINT('Ctrl Pts',(-1.88246286493471,-0.721486897451573,
-4.28291326431529));
#5722=CARTESIAN_POINT('Ctrl Pts',(-1.77603311012756,-0.953882203959329,
-4.27023367354556));
#5723=CARTESIAN_POINT('Ctrl Pts',(-1.47519127577648,-1.37628546621852,-4.24271560591731));
#5724=CARTESIAN_POINT('Ctrl Pts',(-1.27989426758857,-1.55954560836441,-4.22750447516624));
#5725=CARTESIAN_POINT('Ctrl Pts',(-0.835046544876715,-1.83560849012583,
-4.19697975777496));
#5726=CARTESIAN_POINT('Ctrl Pts',(-0.591146279447196,-1.92803871811301,
-4.18196248628398));
#5727=CARTESIAN_POINT('Ctrl Pts',(-0.0832050669439302,-2.01470813717252,
-4.1537743785981));
#5728=CARTESIAN_POINT('Ctrl Pts',(0.17589778144605,-2.00873977241334,-4.14136887977526));
#5729=CARTESIAN_POINT('Ctrl Pts',(0.686177362625593,-1.8972684704922,-4.11233925378308));
#5730=CARTESIAN_POINT('Ctrl Pts',(0.931642919067682,-1.7895499975085,-4.09679699954247));
#5731=CARTESIAN_POINT('Ctrl Pts',(1.35796487719383,-1.49035797214005,-4.06653356945674));
#5732=CARTESIAN_POINT('Ctrl Pts',(1.53703566251034,-1.30491334974098,-4.05207844343578));
#5733=CARTESIAN_POINT('Ctrl Pts',(1.82114788454664,-0.868264587948332,-4.0249900311113));
#5734=CARTESIAN_POINT('Ctrl Pts',(1.92020756030996,-0.619131346593026,-4.01111599521789));
#5735=CARTESIAN_POINT('Ctrl Pts',(2.0146238371386,-0.0999748518295008,-3.98083186635669));
#5736=CARTESIAN_POINT('Ctrl Pts',(2.01037367048526,0.164634806099933,-3.96539630297747));
#5737=CARTESIAN_POINT('Ctrl Pts',(1.90190924142826,0.668504057090737,-3.936003930003));
#5738=CARTESIAN_POINT('Ctrl Pts',(1.80207285620833,0.903685902796168,-3.9230132120903));
#5739=CARTESIAN_POINT('Ctrl Pts',(1.51332086195563,1.33423912159666,-3.89586819373434));
#5740=CARTESIAN_POINT('Ctrl Pts',(1.32328387228993,1.52289538305633,-3.88076540256706));
#5741=CARTESIAN_POINT('Ctrl Pts',(0.885836058638286,1.81174486701133,-3.85024157231699));
#5742=CARTESIAN_POINT('Ctrl Pts',(0.643919436797275,1.91115529010304,-3.83512092180361));
#5743=CARTESIAN_POINT('Ctrl Pts',(0.261106951188265,1.98721623753343,-3.8135634994872));
#5744=CARTESIAN_POINT('Ctrl Pts',(0.130571118682515,2.,-3.80659621117048));
#5745=CARTESIAN_POINT('Ctrl Pts',(2.22044604925031E-15,2.,-3.8));
#5746=CARTESIAN_POINT('Origin',(0.,3.67394039744206E-15,15.));
#5747=CARTESIAN_POINT('',(-8.86841013365508E-14,2.,-3.01250000000003));
#5748=CARTESIAN_POINT('',(-1.01457003730435E-13,2.,-3.09999999999999));
#5749=CARTESIAN_POINT('',(-2.4492935982947E-16,2.,15.));
#5750=CARTESIAN_POINT('Ctrl Pts',(-1.73437653128161E-13,2.,-3.01250000000003));
#5751=CARTESIAN_POINT('Ctrl Pts',(0.163799541199271,2.00000000000001,-3.02077484955544));
#5752=CARTESIAN_POINT('Ctrl Pts',(0.327286246421914,1.97988346404423,-3.02962062751523));
#5753=CARTESIAN_POINT('Ctrl Pts',(0.739398942343522,1.87645992552201,-3.05345631778239));
#5754=CARTESIAN_POINT('Ctrl Pts',(0.97716721067137,1.76435344033465,-3.06873770296786));
#5755=CARTESIAN_POINT('Ctrl Pts',(1.40008812069225,1.45258279446448,-3.09919619483147));
#5756=CARTESIAN_POINT('Ctrl Pts',(1.58008696902115,1.25444004375746,-3.1140685669532));
#5757=CARTESIAN_POINT('Ctrl Pts',(1.84647082387656,0.80925400863786,-3.14051037879619));
#5758=CARTESIAN_POINT('Ctrl Pts',(1.93417255393465,0.568696493832039,-3.15432603785986));
#5759=CARTESIAN_POINT('Ctrl Pts',(2.01645163664347,0.0579307366033076,-3.18412070703154));
#5760=CARTESIAN_POINT('Ctrl Pts',(2.0065374913774,-0.207958925906418,-3.19963093734461));
#5761=CARTESIAN_POINT('Ctrl Pts',(1.88471142814673,-0.718424796876676,-3.2294081131512));
#5762=CARTESIAN_POINT('Ctrl Pts',(1.77486442662827,-0.958177460469626,-3.24245064449598));
#5763=CARTESIAN_POINT('Ctrl Pts',(1.47184923331764,-1.37824522294618,-3.27001038745136));
#5764=CARTESIAN_POINT('Ctrl Pts',(1.28300069291345,-1.55556214426701,-3.28472240960825));
#5765=CARTESIAN_POINT('Ctrl Pts',(0.840094755764766,-1.83450697849207,-3.31523308853484));
#5766=CARTESIAN_POINT('Ctrl Pts',(0.588143776354249,-1.93010111943382,-3.33074934798519));
#5767=CARTESIAN_POINT('Ctrl Pts',(0.0734634178806361,-2.01482241225147,
-3.35922108449961));
#5768=CARTESIAN_POINT('Ctrl Pts',(-0.183472249189841,-2.0077969359252,-3.37154126770904));
#5769=CARTESIAN_POINT('Ctrl Pts',(-0.685774845312332,-1.89661513083862,
-3.40015946752742));
#5770=CARTESIAN_POINT('Ctrl Pts',(-0.925963394651751,-1.79164994121707,
-3.41535483304123));
#5771=CARTESIAN_POINT('Ctrl Pts',(-1.35722682243158,-1.49271788323505,-3.4458603146429));
#5772=CARTESIAN_POINT('Ctrl Pts',(-1.542947373431,-1.29985831096172,-3.46086764388581));
#5773=CARTESIAN_POINT('Ctrl Pts',(-1.82197744308804,-0.862876568942748,
-3.48770902720469));
#5774=CARTESIAN_POINT('Ctrl Pts',(-1.91653316027083,-0.62539478124734,-3.50101863776063));
#5775=CARTESIAN_POINT('Ctrl Pts',(-2.01369773982981,-0.118494740048187,
-3.53058780683058));
#5776=CARTESIAN_POINT('Ctrl Pts',(-2.01183559511242,0.146759442361173,-3.54606096747113));
#5777=CARTESIAN_POINT('Ctrl Pts',(-1.90550230167811,0.662230415934564,-3.57613010759624));
#5778=CARTESIAN_POINT('Ctrl Pts',(-1.80175052885462,0.907272285401952,-3.58960767411686));
#5779=CARTESIAN_POINT('Ctrl Pts',(-1.50946823883133,1.33680586111284,-3.61690129688889));
#5780=CARTESIAN_POINT('Ctrl Pts',(-1.32615385019444,1.51882220432051,-3.63147081041637));
#5781=CARTESIAN_POINT('Ctrl Pts',(-0.892595414887517,1.80942853743025,-3.66184939790712));
#5782=CARTESIAN_POINT('Ctrl Pts',(-0.644274448603762,1.9119863596044,-3.67738538318435));
#5783=CARTESIAN_POINT('Ctrl Pts',(-0.256628420997779,1.98765204667175,-3.69917545866615));
#5784=CARTESIAN_POINT('Ctrl Pts',(-0.128325701413105,2.,-3.70601722315275));
#5785=CARTESIAN_POINT('Ctrl Pts',(-1.04083408558608E-16,2.,-3.71250000000004));
#5786=CARTESIAN_POINT('Ctrl Pts',(-1.80411241501588E-15,2.,-3.8));
#5787=CARTESIAN_POINT('Ctrl Pts',(-0.123848156793392,2.,-3.79374342041696));
#5788=CARTESIAN_POINT('Ctrl Pts',(-0.24769378885454,1.98849859970811,-3.78715151087016));
#5789=CARTESIAN_POINT('Ctrl Pts',(-0.631593067776121,1.91623767834542,-3.76565001986138));
#5790=CARTESIAN_POINT('Ctrl Pts',(-0.880753491846726,1.81524807038336,-3.75011736631216));
#5791=CARTESIAN_POINT('Ctrl Pts',(-1.31645810157746,1.52726040013783,-3.71970673572992));
#5792=CARTESIAN_POINT('Ctrl Pts',(-1.50103771082412,1.34629513559371,-3.70510396206073));
#5793=CARTESIAN_POINT('Ctrl Pts',(-1.79576518733686,0.91890619123227,-3.67774936474208));
#5794=CARTESIAN_POINT('Ctrl Pts',(-1.90091203410393,0.675078098495347,-3.66437955574552));
#5795=CARTESIAN_POINT('Ctrl Pts',(-2.01079121659228,0.160731510357107,-3.63437600477079));
#5796=CARTESIAN_POINT('Ctrl Pts',(-2.01448600176104,-0.104688539829004,
-3.61889316850993));
#5797=CARTESIAN_POINT('Ctrl Pts',(-1.92070857100067,-0.612481050447924,
-3.58927193872383));
#5798=CARTESIAN_POINT('Ctrl Pts',(-1.8277222164467,-0.850658099242067,-3.57585561455146));
#5799=CARTESIAN_POINT('Ctrl Pts',(-1.55158589114154,-1.28953260912613,-3.54910521211023));
#5800=CARTESIAN_POINT('Ctrl Pts',(-1.36716425583825,-1.48361960735285,-3.53412770175978));
#5801=CARTESIAN_POINT('Ctrl Pts',(-0.93778059494258,-1.78551741801742,-3.5036306813809));
#5802=CARTESIAN_POINT('Ctrl Pts',(-0.698128848827755,-1.89212535157043,
-3.48841452080746));
#5803=CARTESIAN_POINT('Ctrl Pts',(-0.196591162815327,-2.00652877327703,
-3.45974099901357));
#5804=CARTESIAN_POINT('Ctrl Pts',(0.0600797235340138,-2.0152395925727,-3.44740937171808));
#5805=CARTESIAN_POINT('Ctrl Pts',(0.575293226256989,-1.93399533621823,-3.41901211530677));
#5806=CARTESIAN_POINT('Ctrl Pts',(0.828044411712221,-1.84000357326995,-3.40350216695339));
#5807=CARTESIAN_POINT('Ctrl Pts',(1.27303563192458,-1.56375405373945,-3.37296475673247));
#5808=CARTESIAN_POINT('Ctrl Pts',(1.46312738950369,-1.38753001566313,-3.35822180530695));
#5809=CARTESIAN_POINT('Ctrl Pts',(1.76856831092016,-0.969620397977098,-3.33060246494849));
#5810=CARTESIAN_POINT('Ctrl Pts',(1.87978340619348,-0.731048980086014,-3.3176445238383));
#5811=CARTESIAN_POINT('Ctrl Pts',(2.00508520748739,-0.221738621438706,-3.28793475291721));
#5812=CARTESIAN_POINT('Ctrl Pts',(2.01682125917865,0.0442614510631818,-3.27241808202126));
#5813=CARTESIAN_POINT('Ctrl Pts',(1.93791283103319,0.555882005235502,-3.24257354969454));
#5814=CARTESIAN_POINT('Ctrl Pts',(1.85174842847335,0.797143254882293,-3.22863022392697));
#5815=CARTESIAN_POINT('Ctrl Pts',(1.58820257996589,1.24414688366978,-3.20227876976162));
#5816=CARTESIAN_POINT('Ctrl Pts',(1.40950335740381,1.44344627002243,-3.18743831712111));
#5817=CARTESIAN_POINT('Ctrl Pts',(0.988499246655406,1.75805393234194,-3.15699391209479));
#5818=CARTESIAN_POINT('Ctrl Pts',(0.751300311007795,1.87174918942285,-3.14169494936201));
#5819=CARTESIAN_POINT('Ctrl Pts',(0.33562394223674,1.97884035087904,-3.11757225660487));
#5820=CARTESIAN_POINT('Ctrl Pts',(0.167993131684055,2.00000000000002,-3.10848670198248));
#5821=CARTESIAN_POINT('Ctrl Pts',(-2.05981065537486E-13,2.,-3.09999999999999));
#5822=CARTESIAN_POINT('Origin',(0.,3.67394039744206E-15,15.));
#5823=CARTESIAN_POINT('',(0.,2.,-2.31250000000004));
#5824=CARTESIAN_POINT('',(-1.51982826572267E-13,2.,-2.39999999999999));
#5825=CARTESIAN_POINT('',(-2.4492935982947E-16,2.,15.));
#5826=CARTESIAN_POINT('Ctrl Pts',(-1.94289029309402E-15,2.,-2.31250000000004));
#5827=CARTESIAN_POINT('Ctrl Pts',(0.227343498727211,2.,-2.32398497264155));
#5828=CARTESIAN_POINT('Ctrl Pts',(0.452988445986677,1.9612367938417,-2.33651473112067));
#5829=CARTESIAN_POINT('Ctrl Pts',(0.888397017383563,1.80714999310394,-2.36300496436707));
#5830=CARTESIAN_POINT('Ctrl Pts',(1.09407507336821,1.69057360243525,-2.37679558368146));
#5831=CARTESIAN_POINT('Ctrl Pts',(1.48029494561829,1.37106737992307,-2.40562562805227));
#5832=CARTESIAN_POINT('Ctrl Pts',(1.64963714092008,1.16177767591552,-2.41972963557167));
#5833=CARTESIAN_POINT('Ctrl Pts',(1.89107575245284,0.699264961722479,-2.44670954389959));
#5834=CARTESIAN_POINT('Ctrl Pts',(1.96476909544733,0.452524115668139,-2.46110275991943));
#5835=CARTESIAN_POINT('Ctrl Pts',(2.0164427873119,-0.0651592713517181,-2.49130095749559));
#5836=CARTESIAN_POINT('Ctrl Pts',(1.99006114282597,-0.331603933274264,-2.5068435627744));
#5837=CARTESIAN_POINT('Ctrl Pts',(1.83716393308218,-0.831326701354477,-2.53599405757908));
#5838=CARTESIAN_POINT('Ctrl Pts',(1.71504887587533,-1.06060230667208,-2.54845980672234));
#5839=CARTESIAN_POINT('Ctrl Pts',(1.3901073087065,-1.46090628940644,-2.57655078591373));
#5840=CARTESIAN_POINT('Ctrl Pts',(1.19014621910486,-1.62793425023114,-2.59152409880065));
#5841=CARTESIAN_POINT('Ctrl Pts',(0.731661418508218,-1.88015717383479,-2.62204240400542));
#5842=CARTESIAN_POINT('Ctrl Pts',(0.476171867367226,-1.96051451433099,-2.63729301886845));
#5843=CARTESIAN_POINT('Ctrl Pts',(-0.0396185822449688,-2.01560920384995,
-2.66495672586904));
#5844=CARTESIAN_POINT('Ctrl Pts',(-0.294465775145634,-1.99438209286467,
-2.67753972139775));
#5845=CARTESIAN_POINT('Ctrl Pts',(-0.790071920557145,-1.8557913540409,-2.70661905615833));
#5846=CARTESIAN_POINT('Ctrl Pts',(-1.02533306790979,-1.73691045096349,-2.72197137342239));
#5847=CARTESIAN_POINT('Ctrl Pts',(-1.44009243195305,-1.41296160418554,-2.75237275662035));
#5848=CARTESIAN_POINT('Ctrl Pts',(-1.61446900123328,-1.20983935867575,-2.76692603741065));
#5849=CARTESIAN_POINT('Ctrl Pts',(-1.86867571617526,-0.756836468033916,
-2.79335120603142));
#5850=CARTESIAN_POINT('Ctrl Pts',(-1.94969150591055,-0.513231433933111,
-2.8075614996873));
#5851=CARTESIAN_POINT('Ctrl Pts',(-2.01738405775068,0.000972188492013512,
-2.83755671099544));
#5852=CARTESIAN_POINT('Ctrl Pts',(-1.99960695429117,0.267250843067475,-2.85308963251234));
#5853=CARTESIAN_POINT('Ctrl Pts',(-1.86285195299163,0.772670363369496,-2.88257243786329));
#5854=CARTESIAN_POINT('Ctrl Pts',(-1.7471232670629,1.00736501647017,-2.89528671356599));
#5855=CARTESIAN_POINT('Ctrl Pts',(-1.43364153479311,1.41807078119613,-2.92310214842363));
#5856=CARTESIAN_POINT('Ctrl Pts',(-1.23945171316766,1.59059118414206,-2.93794410376612));
#5857=CARTESIAN_POINT('Ctrl Pts',(-0.787626319248656,1.8577503508647,-2.96856162849937));
#5858=CARTESIAN_POINT('Ctrl Pts',(-0.53227887720655,1.94635666453412,-2.98404565932472));
#5859=CARTESIAN_POINT('Ctrl Pts',(-0.178347225686793,1.99404179476321,-3.00331644737254));
#5860=CARTESIAN_POINT('Ctrl Pts',(-0.0891361502758891,1.99999999999999,
-3.00799700671886));
#5861=CARTESIAN_POINT('Ctrl Pts',(-1.77123273313272E-13,2.,-3.01250000000003));
#5862=CARTESIAN_POINT('Ctrl Pts',(-2.0266907810104E-13,2.,-3.09999999999999));
#5863=CARTESIAN_POINT('Ctrl Pts',(-0.0848314941601992,1.99999999999999,
-3.09571446997595));
#5864=CARTESIAN_POINT('Ctrl Pts',(-0.169739344552404,1.99460331814874,-3.09126767935571));
#5865=CARTESIAN_POINT('Ctrl Pts',(-0.519850098308744,1.94973716949682,-3.07227213628471));
#5866=CARTESIAN_POINT('Ctrl Pts',(-0.775924348861541,1.86269319772459,-3.05679695674439));
#5867=CARTESIAN_POINT('Ctrl Pts',(-1.2296830276101,1.59818012402507,-3.02615894375409));
#5868=CARTESIAN_POINT('Ctrl Pts',(-1.42503898354142,1.42674280191252,-3.01128966732314));
#5869=CARTESIAN_POINT('Ctrl Pts',(-1.74082254994616,1.01811353773006,-2.98341851266591));
#5870=CARTESIAN_POINT('Ctrl Pts',(-1.85783792531722,0.784517489328349,-2.97076352021076));
#5871=CARTESIAN_POINT('Ctrl Pts',(-1.99785232322985,0.280228336332083,-2.94134665295265));
#5872=CARTESIAN_POINT('Ctrl Pts',(-2.01735867528292,0.0138946019103819,
-2.92581051844472));
#5873=CARTESIAN_POINT('Ctrl Pts',(-1.95287800142462,-0.501048671445388,
-2.8957721608323));
#5874=CARTESIAN_POINT('Ctrl Pts',(-1.8733266725524,-0.745302377337263,-2.88152402798861));
#5875=CARTESIAN_POINT('Ctrl Pts',(-1.62179647993661,-1.20000543287397,-2.8549996830823));
#5876=CARTESIAN_POINT('Ctrl Pts',(-1.44864336501623,-1.40419589670242,-2.84056040039525));
#5877=CARTESIAN_POINT('Ctrl Pts',(-1.03572477271655,-1.73075716203822,-2.81017581403641));
#5878=CARTESIAN_POINT('Ctrl Pts',(-0.801034949642312,-1.8511071171976,-2.79480951166473));
#5879=CARTESIAN_POINT('Ctrl Pts',(-0.306166125626952,-1.99261071350624,
-2.76568246667267));
#5880=CARTESIAN_POINT('Ctrl Pts',(-0.0515190261219088,-2.01533085509906,
-2.75304979575532));
#5881=CARTESIAN_POINT('Ctrl Pts',(0.464510452689053,-1.96330940040252,-2.72546364945781));
#5882=CARTESIAN_POINT('Ctrl Pts',(0.720466615502621,-1.88447427560346,-2.71023386019482));
#5883=CARTESIAN_POINT('Ctrl Pts',(1.18056770812764,-1.6349172002043,-2.67971165681521));
#5884=CARTESIAN_POINT('Ctrl Pts',(1.3816175577268,-1.46896358147374,-2.66471467676674));
#5885=CARTESIAN_POINT('Ctrl Pts',(1.70874156275475,-1.07065881588866,-2.63657175535557));
#5886=CARTESIAN_POINT('Ctrl Pts',(1.83206805494829,-0.842400792448525,-2.6241400462261));
#5887=CARTESIAN_POINT('Ctrl Pts',(1.98801539744202,-0.343781948124691,-2.59505394697388));
#5888=CARTESIAN_POINT('Ctrl Pts',(2.01603372871471,-0.0773362550751575,
-2.57951128154599));
#5889=CARTESIAN_POINT('Ctrl Pts',(1.96741744348059,0.440952316514323,-2.5492777815366));
#5890=CARTESIAN_POINT('Ctrl Pts',(1.8951269329437,0.688263654672154,-2.53485128681073));
#5891=CARTESIAN_POINT('Ctrl Pts',(1.6565456265011,1.15177269802545,-2.50781325928179));
#5892=CARTESIAN_POINT('Ctrl Pts',(1.48887285265921,1.3616328717643,-2.49383414118893));
#5893=CARTESIAN_POINT('Ctrl Pts',(1.08425388511484,1.70088823226563,-2.4634985920641));
#5894=CARTESIAN_POINT('Ctrl Pts',(0.852380755075297,1.82813511718692,-2.44807342335819));
#5895=CARTESIAN_POINT('Ctrl Pts',(0.407346082377525,1.9687535258587,-2.4214897253982));
#5896=CARTESIAN_POINT('Ctrl Pts',(0.204141599369143,2.00000000000003,-2.410312855643));
#5897=CARTESIAN_POINT('Ctrl Pts',(-3.04062330869215E-13,2.,-2.39999999999999));
#5898=CARTESIAN_POINT('Origin',(0.,3.67394039744206E-15,15.));
#5899=CARTESIAN_POINT('',(1.67576723189711E-13,2.,-1.61250000000006));
#5900=CARTESIAN_POINT('',(0.,2.,-1.7));
#5901=CARTESIAN_POINT('',(-2.4492935982947E-16,2.,15.));
#5902=CARTESIAN_POINT('Ctrl Pts',(3.35398375739252E-13,2.,-1.61250000000006));
#5903=CARTESIAN_POINT('Ctrl Pts',(0.0670436246264627,2.,-1.61588691978853));
#5904=CARTESIAN_POINT('Ctrl Pts',(0.134156552700608,1.99662909630105,-1.6193756586835));
#5905=CARTESIAN_POINT('Ctrl Pts',(0.464988156546149,1.96319634883451,-1.63706378059406));
#5906=CARTESIAN_POINT('Ctrl Pts',(0.720925400671873,1.88429885424803,-1.65229443323877));
#5907=CARTESIAN_POINT('Ctrl Pts',(1.18096063244445,1.63463244159703,-1.68281649845322));
#5908=CARTESIAN_POINT('Ctrl Pts',(1.3819660216197,1.4686347058644,-1.69781251918929));
#5909=CARTESIAN_POINT('Ctrl Pts',(1.70900076642463,1.07024805747454,-1.72595331958773));
#5910=CARTESIAN_POINT('Ctrl Pts',(1.83227773635482,0.841948506962342,-1.73838633709398));
#5911=CARTESIAN_POINT('Ctrl Pts',(1.98810048066349,0.343284397888711,-1.76747507678994));
#5912=CARTESIAN_POINT('Ctrl Pts',(2.01605188993363,0.0768385560511737,-1.78301775089713));
#5913=CARTESIAN_POINT('Ctrl Pts',(1.9673105261953,-0.441425624761405,-1.81324982811119));
#5914=CARTESIAN_POINT('Ctrl Pts',(1.89496259310565,-0.688713798619335,-1.82767497158623));
#5915=CARTESIAN_POINT('Ctrl Pts',(1.65626454369611,-1.15218223031615,-1.85471063010188));
#5916=CARTESIAN_POINT('Ctrl Pts',(1.48852373068802,-1.36201914975472,-1.8686947622481));
#5917=CARTESIAN_POINT('Ctrl Pts',(1.08380039292343,-1.70117617138585,-1.89903271574617));
#5918=CARTESIAN_POINT('Ctrl Pts',(0.85189978303071,-1.82835832222542,-1.914457384606));
#5919=CARTESIAN_POINT('Ctrl Pts',(0.360544071092089,-1.98347263122592,-1.94380393280047));
#5920=CARTESIAN_POINT('Ctrl Pts',(0.106777149153316,-2.01313603250249,-1.95672268183568));
#5921=CARTESIAN_POINT('Ctrl Pts',(-0.410272285222095,-1.97535173089508,
-1.98394510410148));
#5922=CARTESIAN_POINT('Ctrl Pts',(-0.66826848425232,-1.90360511107857,-1.99907120415513));
#5923=CARTESIAN_POINT('Ctrl Pts',(-1.13565440133338,-1.66653502191288,-2.02959721961365));
#5924=CARTESIAN_POINT('Ctrl Pts',(-1.34167497652751,-1.50564963460732,-2.04469748809959));
#5925=CARTESIAN_POINT('Ctrl Pts',(-1.67885837897891,-1.11663720221655,-2.07307756525933));
#5926=CARTESIAN_POINT('Ctrl Pts',(-1.80775521943586,-0.893009110796765,
-2.08540780187031));
#5927=CARTESIAN_POINT('Ctrl Pts',(-1.97766285107041,-0.399552318458361,
-2.11419278142338));
#5928=CARTESIAN_POINT('Ctrl Pts',(-2.01321126492397,-0.133227162672893,
-2.12972841551086));
#5929=CARTESIAN_POINT('Ctrl Pts',(-1.97870419859656,0.387613236865013,-2.16011077215057));
#5930=CARTESIAN_POINT('Ctrl Pts',(-1.91290885996161,0.637442764834673,-2.17468416128214));
#5931=CARTESIAN_POINT('Ctrl Pts',(-1.68741941877729,1.10545468348831,-2.20198485653693));
#5932=CARTESIAN_POINT('Ctrl Pts',(-1.52728568226078,1.3178969794536,-2.21544968358653));
#5933=CARTESIAN_POINT('Ctrl Pts',(-1.14616362537536,1.65749287461648,-2.24460814454909));
#5934=CARTESIAN_POINT('Ctrl Pts',(-0.932968154352616,1.78620863753435,-2.25913259477705));
#5935=CARTESIAN_POINT('Ctrl Pts',(-0.47723718462633,1.95696813686198,-2.28713576500344));
#5936=CARTESIAN_POINT('Ctrl Pts',(-0.239533994733773,2.00000000000012,-2.30039918607033));
#5937=CARTESIAN_POINT('Ctrl Pts',(1.01828268039839E-12,2.,-2.31250000000009));
#5938=CARTESIAN_POINT('Ctrl Pts',(-3.03720723784705E-13,2.,-2.39999999999999));
#5939=CARTESIAN_POINT('Ctrl Pts',(-0.0483992141544213,1.99999999999999,
-2.39755496130945));
#5940=CARTESIAN_POINT('Ctrl Pts',(-0.0968459541020973,1.99824319504997,
-2.39505628155936));
#5941=CARTESIAN_POINT('Ctrl Pts',(-0.409758355133429,1.97545836045987,-2.3785839687241));
#5942=CARTESIAN_POINT('Ctrl Pts',(-0.667772866601639,1.9037789733424,-2.36345890451371));
#5943=CARTESIAN_POINT('Ctrl Pts',(-1.13522599059606,1.66682789131399,-2.33293296492786));
#5944=CARTESIAN_POINT('Ctrl Pts',(-1.34129293678623,1.50599108700516,-2.31783177086913));
#5945=CARTESIAN_POINT('Ctrl Pts',(-1.67857097354289,1.1170666858415,-2.28944948053695));
#5946=CARTESIAN_POINT('Ctrl Pts',(-1.80752013862946,0.89348167919895,-2.27711976461987));
#5947=CARTESIAN_POINT('Ctrl Pts',(-1.97755833841435,0.400074006372946,-2.24833765037168));
#5948=CARTESIAN_POINT('Ctrl Pts',(-2.0131774620576,0.133750956384437,-2.23280213912235));
#5949=CARTESIAN_POINT('Ctrl Pts',(-1.97880321699674,-0.387111598435482,
-2.20241849009119));
#5950=CARTESIAN_POINT('Ctrl Pts',(-1.91306918850986,-0.636963944835602,
-2.18784376988452));
#5951=CARTESIAN_POINT('Ctrl Pts',(-1.68770230210506,-1.10501753754103,-2.16054064364337));
#5952=CARTESIAN_POINT('Ctrl Pts',(-1.52763829220085,-1.31748379078632,-2.14708018095098));
#5953=CARTESIAN_POINT('Ctrl Pts',(-1.134821242052,-1.66769791652902,-2.11702121218949));
#5954=CARTESIAN_POINT('Ctrl Pts',(-0.906154961853906,-1.80219793243891,
-2.10154649794642));
#5955=CARTESIAN_POINT('Ctrl Pts',(-0.418727184392345,-1.9720270444096,-2.07196919997608));
#5956=CARTESIAN_POINT('Ctrl Pts',(-0.165812822898143,-2.00914609461612,
-2.05864331791223));
#5957=CARTESIAN_POINT('Ctrl Pts',(0.352169997147563,-1.98652806073619,-2.03181609220586));
#5958=CARTESIAN_POINT('Ctrl Pts',(0.612116822036302,-1.92239001908461,-2.01681336700847));
#5959=CARTESIAN_POINT('Ctrl Pts',(1.08688654376122,-1.69885518578782,-1.98630911370623));
#5960=CARTESIAN_POINT('Ctrl Pts',(1.29806380137193,-1.54352838696553,-1.97111046466935));
#5961=CARTESIAN_POINT('Ctrl Pts',(1.64587701194152,-1.16446665886141,-1.94248361815902));
#5962=CARTESIAN_POINT('Ctrl Pts',(1.78063615828756,-0.945634203987268,-1.9301619952325));
#5963=CARTESIAN_POINT('Ctrl Pts',(1.96511755957309,-0.457746118806085,-1.90170185693027));
#5964=CARTESIAN_POINT('Ctrl Pts',(2.00858520622179,-0.19176922932855,-1.88618653837741));
#5965=CARTESIAN_POINT('Ctrl Pts',(1.98899179789664,0.331343933899481,-1.85567160385578));
#5966=CARTESIAN_POINT('Ctrl Pts',(1.93009966907785,0.583633452164898,-1.8409547152903));
#5967=CARTESIAN_POINT('Ctrl Pts',(1.71829924611564,1.05624611645702,-1.81338564320659));
#5968=CARTESIAN_POINT('Ctrl Pts',(1.56585808995301,1.27134562788015,-1.80035667078962));
#5969=CARTESIAN_POINT('Ctrl Pts',(1.18962804476023,1.62819074980235,-1.77094224275332));
#5970=CARTESIAN_POINT('Ctrl Pts',(0.970490379307463,1.767586345096,-1.75580610875345));
#5971=CARTESIAN_POINT('Ctrl Pts',(0.498161029223646,1.95304732619534,-1.72653562586406));
#5972=CARTESIAN_POINT('Ctrl Pts',(0.250209460983848,2.,-1.71264011871962));
#5973=CARTESIAN_POINT('Ctrl Pts',(5.55111512312578E-16,2.,-1.7));
#5974=CARTESIAN_POINT('Origin',(0.,3.67394039744206E-15,15.));
#5975=CARTESIAN_POINT('',(2.51437827476875E-14,2.,-0.912500000000045));
#5976=CARTESIAN_POINT('',(-1.42508567588094E-13,2.,-0.999999999999984));
#5977=CARTESIAN_POINT('',(-2.4492935982947E-16,2.,15.));
#5978=CARTESIAN_POINT('Ctrl Pts',(4.99426888733723E-14,2.,-0.912500000000044));
#5979=CARTESIAN_POINT('Ctrl Pts',(0.104283232660848,2.,-0.917768195839305));
#5980=CARTESIAN_POINT('Ctrl Pts',(0.208623536255226,1.99184508290756,-0.923277126545048));
#5981=CARTESIAN_POINT('Ctrl Pts',(0.575824070066353,1.93383631560368,-0.943519340040957));
#5982=CARTESIAN_POINT('Ctrl Pts',(0.828542425028699,1.83977830037155,-0.959029562216893));
#5983=CARTESIAN_POINT('Ctrl Pts',(1.27344790369658,1.56341725304955,-0.989565893827657));
#5984=CARTESIAN_POINT('Ctrl Pts',(1.46348847865047,1.3871479446918,-1.00430757998492));
#5985=CARTESIAN_POINT('Ctrl Pts',(1.76882941662801,0.969149235167632,-1.0319244678771));
#5986=CARTESIAN_POINT('Ctrl Pts',(1.87998818489242,0.730529234667004,-1.04488579464452));
#5987=CARTESIAN_POINT('Ctrl Pts',(2.00514691177785,0.221171077226082,-1.07459835382858));
#5988=CARTESIAN_POINT('Ctrl Pts',(2.01680785944053,-0.0448246861838362,
-1.09011477336082));
#5989=CARTESIAN_POINT('Ctrl Pts',(1.93776045366045,-0.556410148115771,-1.11995725864018));
#5990=CARTESIAN_POINT('Ctrl Pts',(1.85153276520043,-0.797642328862515,-1.13389522730676));
#5991=CARTESIAN_POINT('Ctrl Pts',(1.58787008841103,-1.24457130189556,-1.16025040596111));
#5992=CARTESIAN_POINT('Ctrl Pts',(1.40911725778948,-1.44382328576558,-1.17509218420912));
#5993=CARTESIAN_POINT('Ctrl Pts',(0.988033925698349,-1.75831448509652,-1.20553719451383));
#5994=CARTESIAN_POINT('Ctrl Pts',(0.750811366463556,-1.87194444286113,-1.22083544610311));
#5995=CARTESIAN_POINT('Ctrl Pts',(0.252618941151623,-2.00015738150231,-1.24974274909724));
#5996=CARTESIAN_POINT('Ctrl Pts',(-0.00297518144803433,-2.01604180682909,
-1.26218241462596));
#5997=CARTESIAN_POINT('Ctrl Pts',(-0.520360925920962,-1.94959990571581,
-1.29025767330748));
#5998=CARTESIAN_POINT('Ctrl Pts',(-0.776405509304735,-1.86249166606119,
-1.30573322859726));
#5999=CARTESIAN_POINT('Ctrl Pts',(-1.23008509241979,-1.59786966566829,-1.33637042285115));
#6000=CARTESIAN_POINT('Ctrl Pts',(-1.42539327741486,-1.42638771491783,-1.35123858765145));
#6001=CARTESIAN_POINT('Ctrl Pts',(-1.74108242028415,-1.01767314487414,-1.3791074602941));
#6002=CARTESIAN_POINT('Ctrl Pts',(-1.8580450572331,-0.7840321298758,-1.39176479242402));
#6003=CARTESIAN_POINT('Ctrl Pts',(-1.9979259203323,-0.279696467279832,-1.42118437274211));
#6004=CARTESIAN_POINT('Ctrl Pts',(-2.01736134224199,-0.0133647767978208,
-1.43672038802023));
#6005=CARTESIAN_POINT('Ctrl Pts',(-1.95274885026442,0.501548557485879,-1.46675699918678));
#6006=CARTESIAN_POINT('Ctrl Pts',(-1.87313738159103,0.745775839349451,-1.48100359062882));
#6007=CARTESIAN_POINT('Ctrl Pts',(-1.62149722997643,1.20040949747509,-1.50752388735282));
#6008=CARTESIAN_POINT('Ctrl Pts',(-1.44829382870382,1.4045563014149,-1.52196776933627));
#6009=CARTESIAN_POINT('Ctrl Pts',(-1.03529946303527,1.73101065388194,-1.55235306533341));
#6010=CARTESIAN_POINT('Ctrl Pts',(-0.800586040602171,1.85130043081543,-1.56771880470275));
#6011=CARTESIAN_POINT('Ctrl Pts',(-0.37038381592058,1.97420181669256,-1.59303644835226));
#6012=CARTESIAN_POINT('Ctrl Pts',(-0.185495315758146,2.,-1.60312912008247));
#6013=CARTESIAN_POINT('Ctrl Pts',(3.35398375739252E-13,2.,-1.61250000000006));
#6014=CARTESIAN_POINT('Ctrl Pts',(3.43475248243408E-15,2.,-1.7));
#6015=CARTESIAN_POINT('Ctrl Pts',(-0.16566350537951,2.,-1.69163098642525));
#6016=CARTESIAN_POINT('Ctrl Pts',(-0.330760806870099,1.97941789314528,-1.68269026497268));
#6017=CARTESIAN_POINT('Ctrl Pts',(-0.657879434964386,1.8964851396123,-1.66374596554576));
#6018=CARTESIAN_POINT('Ctrl Pts',(-0.818127791092589,1.83306326640236,-1.65380071065003));
#6019=CARTESIAN_POINT('Ctrl Pts',(-1.2022203679381,1.62053729328187,-1.62819839057842));
#6020=CARTESIAN_POINT('Ctrl Pts',(-1.40786214163726,1.44548648736877,-1.61270410039996));
#6021=CARTESIAN_POINT('Ctrl Pts',(-1.72997741969024,1.03526708053992,-1.58446670023257));
#6022=CARTESIAN_POINT('Ctrl Pts',(-1.84739191042982,0.807311337282605,-1.57209316134143));
#6023=CARTESIAN_POINT('Ctrl Pts',(-1.99230098689365,0.313757231316473,-1.54330250516008));
#6024=CARTESIAN_POINT('Ctrl Pts',(-2.01617673479945,0.0521831612455976,
-1.52804401773928));
#6025=CARTESIAN_POINT('Ctrl Pts',(-1.96192050197528,-0.470233553452317,
-1.4975697093819));
#6026=CARTESIAN_POINT('Ctrl Pts',(-1.88240004875736,-0.725859263985903,
-1.48265820960078));
#6027=CARTESIAN_POINT('Ctrl Pts',(-1.63380734113678,-1.18108081094007,-1.45610361936179));
#6028=CARTESIAN_POINT('Ctrl Pts',(-1.47104867009098,-1.37854147540116,-1.44244052888004));
#6029=CARTESIAN_POINT('Ctrl Pts',(-1.07288692668064,-1.70828271118805,-1.41270868206744));
#6030=CARTESIAN_POINT('Ctrl Pts',(-0.838933638568255,-1.83453304421912,
-1.39720749372379));
#6031=CARTESIAN_POINT('Ctrl Pts',(-0.336881756926767,-1.98874565975712,
-1.36734689423197));
#6032=CARTESIAN_POINT('Ctrl Pts',(-0.0738991317634201,-2.0157157358674,
-1.35419162294587));
#6033=CARTESIAN_POINT('Ctrl Pts',(0.442208448098598,-1.96729529120998,-1.32670656058733));
#6034=CARTESIAN_POINT('Ctrl Pts',(0.690583356884971,-1.89442786905514,-1.3120338202353));
#6035=CARTESIAN_POINT('Ctrl Pts',(1.15518796387078,-1.65426635484637,-1.28155814484959));
#6036=CARTESIAN_POINT('Ctrl Pts',(1.36516520017108,-1.48573459701057,-1.26603497402965));
#6037=CARTESIAN_POINT('Ctrl Pts',(1.69928486278001,-1.0851173306008,-1.23747119700885));
#6038=CARTESIAN_POINT('Ctrl Pts',(1.8236528398982,-0.859849957845676,-1.22515791420763));
#6039=CARTESIAN_POINT('Ctrl Pts',(1.98244969992632,-0.370435803793507,-1.19660875522125));
#6040=CARTESIAN_POINT('Ctrl Pts',(2.01373323272482,-0.110400737068607,-1.18144004299563));
#6041=CARTESIAN_POINT('Ctrl Pts',(1.9748315217779,0.412697332731528,-1.15092598892396));
#6042=CARTESIAN_POINT('Ctrl Pts',(1.90279855619934,0.670583288226682,-1.13588264152007));
#6043=CARTESIAN_POINT('Ctrl Pts',(1.66770701752851,1.13264510334164,-1.10892903563837));
#6044=CARTESIAN_POINT('Ctrl Pts',(1.51103071583721,1.33453009879388,-1.0957440129576));
#6045=CARTESIAN_POINT('Ctrl Pts',(1.12367509468801,1.67518899061029,-1.06623963980048));
#6046=CARTESIAN_POINT('Ctrl Pts',(0.894349206003384,1.80804953292178,-1.05077942133786));
#6047=CARTESIAN_POINT('Ctrl Pts',(0.437645065024052,1.96389840756701,-1.02316198152144));
#6048=CARTESIAN_POINT('Ctrl Pts',(0.219425382435679,2.00000000000003,-1.01108496406642));
#6049=CARTESIAN_POINT('Ctrl Pts',(-2.84564038999235E-13,2.,-0.999999999999984));
#6050=CARTESIAN_POINT('Origin',(0.,3.67394039744206E-15,15.));
#6051=CARTESIAN_POINT('',(-9.50731868494926E-15,2.,-0.212500000000041));
#6052=CARTESIAN_POINT('',(6.20580656044865E-15,2.,-0.3));
#6053=CARTESIAN_POINT('',(-2.4492935982947E-16,2.,15.));
#6054=CARTESIAN_POINT('Ctrl Pts',(-1.32185928869433E-14,2.,-0.212500000000041));
#6055=CARTESIAN_POINT('Ctrl Pts',(0.143380701807945,2.,-0.219743327593766));
#6056=CARTESIAN_POINT('Ctrl Pts',(0.286647895347534,1.98458547693701,-0.227430511215971));
#6057=CARTESIAN_POINT('Ctrl Pts',(0.686676162219576,1.89708701176689,-0.25019123719511));
#6058=CARTESIAN_POINT('Ctrl Pts',(0.932106966961061,1.78930730473322,-0.265733521837272));
#6059=CARTESIAN_POINT('Ctrl Pts',(1.35834143115304,1.49001370308253,-0.295995494533007));
#6060=CARTESIAN_POINT('Ctrl Pts',(1.5373611139831,1.30452868897789,-0.310449217042374));
#6061=CARTESIAN_POINT('Ctrl Pts',(1.82137521255786,0.867794946049059,-0.33753515096772));
#6062=CARTESIAN_POINT('Ctrl Pts',(1.92037823176875,0.618612242419411,-0.35141428585895));
#6063=CARTESIAN_POINT('Ctrl Pts',(2.0146507403852,0.0994121708546228,-0.381700956700228));
#6064=CARTESIAN_POINT('Ctrl Pts',(2.01032728603045,-0.16518890322272,-0.397136019354739));
#6065=CARTESIAN_POINT('Ctrl Pts',(1.90172730929217,-0.669021304912256,-0.426526242786628));
#6066=CARTESIAN_POINT('Ctrl Pts',(1.80182713926355,-0.904175742096944,-0.439513488054467));
#6067=CARTESIAN_POINT('Ctrl Pts',(1.51295789342731,-1.33465076197275,-0.466662148941374));
#6068=CARTESIAN_POINT('Ctrl Pts',(1.32286930459199,-1.52325558518892,-0.481766046521066));
#6069=CARTESIAN_POINT('Ctrl Pts',(0.885348156820094,-1.81198236689833,-0.51229000265962));
#6070=CARTESIAN_POINT('Ctrl Pts',(0.643411410102719,-1.91132547020135,-0.527409706350653));
#6071=CARTESIAN_POINT('Ctrl Pts',(0.138539065558473,-2.01150079219535,-0.555836702678016));
#6072=CARTESIAN_POINT('Ctrl Pts',(-0.119339559702188,-2.01273094723499,
-0.568157494311144));
#6073=CARTESIAN_POINT('Ctrl Pts',(-0.632119594727152,-1.91606302238822,
-0.596881673437471));
#6074=CARTESIAN_POINT('Ctrl Pts',(-0.881245391029796,-1.81500824366977,
-0.612414478469699));
#6075=CARTESIAN_POINT('Ctrl Pts',(-1.31686129392626,-1.52691166085398,-0.642823804363542));
#6076=CARTESIAN_POINT('Ctrl Pts',(-1.50138854608709,-1.34590263150184,-0.657425209523253));
#6077=CARTESIAN_POINT('Ctrl Pts',(-1.79601474287599,-0.918424717537775,
-0.684777285324513));
#6078=CARTESIAN_POINT('Ctrl Pts',(-1.90110388506861,-0.674546450946256,
-0.698151457028222));
#6079=CARTESIAN_POINT('Ctrl Pts',(-2.01083638707152,-0.160153100481929,
-0.728157735805308));
#6080=CARTESIAN_POINT('Ctrl Pts',(-2.01445523917787,0.105260326488306,-0.743640185711906));
#6081=CARTESIAN_POINT('Ctrl Pts',(-1.9205374645263,0.613016007016752,-0.773259267076065));
#6082=CARTESIAN_POINT('Ctrl Pts',(-1.8274862031306,0.851164194295435,-0.786671069510071));
#6083=CARTESIAN_POINT('Ctrl Pts',(-1.55123016591986,1.28996058634428,-0.813425241138273));
#6084=CARTESIAN_POINT('Ctrl Pts',(-1.36675467079511,1.48399702379118,-0.828403997697777));
#6085=CARTESIAN_POINT('Ctrl Pts',(-0.937292896972002,1.78577246951741,-0.858901395219757));
#6086=CARTESIAN_POINT('Ctrl Pts',(-0.697618741764863,1.89231254364713,-0.87411670862587));
#6087=CARTESIAN_POINT('Ctrl Pts',(-0.298177595886195,1.9833154067342,-0.896949985945358));
#6088=CARTESIAN_POINT('Ctrl Pts',(-0.149172031623112,2.,-0.904964105146388));
#6089=CARTESIAN_POINT('Ctrl Pts',(5.07927033766009E-14,2.,-0.912500000000045));
#6090=CARTESIAN_POINT('Ctrl Pts',(-2.84772205816358E-13,2.,-0.999999999999984));
#6091=CARTESIAN_POINT('Ctrl Pts',(-0.0441103549118832,1.99999999999999,
-0.997771626537786));
#6092=CARTESIAN_POINT('Ctrl Pts',(-0.0882651719601689,1.99854074611518,
-0.995498445359085));
#6093=CARTESIAN_POINT('Ctrl Pts',(-0.387654926607305,1.97867859481056,-0.979794516511865));
#6094=CARTESIAN_POINT('Ctrl Pts',(-0.637270174219897,1.91292752327552,-0.965266676765167));
#6095=CARTESIAN_POINT('Ctrl Pts',(-1.10716300610204,1.68666325152345,-0.934929186286874));
#6096=CARTESIAN_POINT('Ctrl Pts',(-1.32128139326798,1.5247557439193,-0.919390019490742));
#6097=CARTESIAN_POINT('Ctrl Pts',(-1.66731715266741,1.13388513055062,-0.890508540702454));
#6098=CARTESIAN_POINT('Ctrl Pts',(-1.7986866575964,0.911244681728102,-0.878155939767438));
#6099=CARTESIAN_POINT('Ctrl Pts',(-1.97115995454328,0.426014862221708,-0.849850866962901));
#6100=CARTESIAN_POINT('Ctrl Pts',(-2.00967996844294,0.167698186775916,-0.834782394228564));
#6101=CARTESIAN_POINT('Ctrl Pts',(-1.98590806703504,-0.35562776964891,-0.804255046770452));
#6102=CARTESIAN_POINT('Ctrl Pts',(-1.92132165788733,-0.615521172490593,
-0.789094598271354));
#6103=CARTESIAN_POINT('Ctrl Pts',(-1.69960576187455,-1.08419293400549,-0.761755412182986));
#6104=CARTESIAN_POINT('Ctrl Pts',(-1.5488188420684,-1.29047527425951,-0.748937931514391));
#6105=CARTESIAN_POINT('Ctrl Pts',(-1.17201599044192,-1.64161081949911,-0.719661095677499));
#6106=CARTESIAN_POINT('Ctrl Pts',(-0.947355795275692,-1.78073561299249,
-0.704253872087012));
#6107=CARTESIAN_POINT('Ctrl Pts',(-0.452397701204523,-1.96635883324445,
-0.673835494971993));
#6108=CARTESIAN_POINT('Ctrl Pts',(-0.186334587781862,-2.0090890153785,-0.659678374668176));
#6109=CARTESIAN_POINT('Ctrl Pts',(0.335165846546074,-1.98815799550132,-0.632722650176023));
#6110=CARTESIAN_POINT('Ctrl Pts',(0.585779674031274,-1.92922962043952,-0.618343359336781));
#6111=CARTESIAN_POINT('Ctrl Pts',(1.06035450264144,-1.71636247498474,-0.588160092569255));
#6112=CARTESIAN_POINT('Ctrl Pts',(1.27824763301871,-1.56088168464955,-0.572617678655164));
#6113=CARTESIAN_POINT('Ctrl Pts',(1.63559853234755,-1.17947538851577,-0.543440622533029));
#6114=CARTESIAN_POINT('Ctrl Pts',(1.77371653746324,-0.959306220261842,-0.530959529515247));
#6115=CARTESIAN_POINT('Ctrl Pts',(1.95908633818208,-0.47811611748795,-0.502890106853438));
#6116=CARTESIAN_POINT('Ctrl Pts',(2.00436508701997,-0.221600943319498,-0.487926721693611));
#6117=CARTESIAN_POINT('Ctrl Pts',(1.99484248313794,0.301536909298248,-0.457410346957576));
#6118=CARTESIAN_POINT('Ctrl Pts',(1.93733139049783,0.563120866259745,-0.442151282801489));
#6119=CARTESIAN_POINT('Ctrl Pts',(1.72830054204,1.03790392531106,-0.41445560435683));
#6120=CARTESIAN_POINT('Ctrl Pts',(1.58298605971827,1.24837550247967,-0.401891906101553));
#6121=CARTESIAN_POINT('Ctrl Pts',(1.21604939891406,1.60915081559268,-0.372832332061975));
#6122=CARTESIAN_POINT('Ctrl Pts',(0.995873913533021,1.75395776952746,-0.357485938027094));
#6123=CARTESIAN_POINT('Ctrl Pts',(0.514509157890617,1.94992510580474,-0.327452567818093));
#6124=CARTESIAN_POINT('Ctrl Pts',(0.258393304051213,2.,-0.31305355131944));
#6125=CARTESIAN_POINT('Ctrl Pts',(1.12410081243297E-14,2.,-0.299999999999999));
#6126=CARTESIAN_POINT('Origin',(0.,3.67394039744206E-15,15.));
#6127=CARTESIAN_POINT('',(-1.7098578816973E-13,2.,0.487499999999975));
#6128=CARTESIAN_POINT('',(6.94885189640816E-14,2.,0.399999999999994));
#6129=CARTESIAN_POINT('',(-2.4492935982947E-16,2.,15.));
#6130=CARTESIAN_POINT('Ctrl Pts',(-3.41532357950314E-13,2.,0.487499999999975));
#6131=CARTESIAN_POINT('Ctrl Pts',(0.184286511585788,2.00000000000003,0.478190186631152));
#6132=CARTESIAN_POINT('Ctrl Pts',(0.368016193545091,1.9745368999138,0.468165829511592));
#6133=CARTESIAN_POINT('Ctrl Pts',(0.799830160547556,1.85199530340235,0.442777257480579));
#6134=CARTESIAN_POINT('Ctrl Pts',(1.03690050000433,1.73044606944749,0.427255716863783));
#6135=CARTESIAN_POINT('Ctrl Pts',(1.44256120279201,1.40840147794276,0.397369521965578));
#6136=CARTESIAN_POINT('Ctrl Pts',(1.60957835509432,1.21397115687616,0.383314984151039));
#6137=CARTESIAN_POINT('Ctrl Pts',(1.86743039343226,0.763536292012042,0.357039617033966));
#6138=CARTESIAN_POINT('Ctrl Pts',(1.95206124561766,0.509595934905003,0.342226429536056));
#6139=CARTESIAN_POINT('Ctrl Pts',(2.01688129302627,-0.0120882962519094,
0.311794849385237));
#6140=CARTESIAN_POINT('Ctrl Pts',(1.9981397601701,-0.274600985910422,0.296481609155158));
#6141=CARTESIAN_POINT('Ctrl Pts',(1.8628040332273,-0.770942587239852,0.26752834907761));
#6142=CARTESIAN_POINT('Ctrl Pts',(1.75009594528765,-1.00077035638332,0.255055804886709));
#6143=CARTESIAN_POINT('Ctrl Pts',(1.4361957749834,-1.41744126091853,0.227045248069847));
#6144=CARTESIAN_POINT('Ctrl Pts',(1.23361092317003,-1.59686147502305,0.211577946853082));
#6145=CARTESIAN_POINT('Ctrl Pts',(0.778778909076788,-1.86007251419708,0.180923686955386));
#6146=CARTESIAN_POINT('Ctrl Pts',(0.5329359638356,-1.94483314304639,0.166031971518611));
#6147=CARTESIAN_POINT('Ctrl Pts',(0.0217052285836782,-2.01652696757052,
0.138114471407784));
#6148=CARTESIAN_POINT('Ctrl Pts',(-0.238848072448018,-2.00245186951837,
0.125505350455096));
#6149=CARTESIAN_POINT('Ctrl Pts',(-0.746117440265319,-1.87438696168668,
0.0961438146963359));
#6150=CARTESIAN_POINT('Ctrl Pts',(-0.98727619322342,-1.75934355476184,0.0806054882873033));
#6151=CARTESIAN_POINT('Ctrl Pts',(-1.40285177162949,-1.44805210488516,0.0505320455271961));
#6152=CARTESIAN_POINT('Ctrl Pts',(-1.57568066110693,-1.25782512660235,0.0362527631475532));
#6153=CARTESIAN_POINT('Ctrl Pts',(-1.84603648152802,-0.813878997230726,
0.00964645887571818));
#6154=CARTESIAN_POINT('Ctrl Pts',(-1.93757279040862,-0.562273602834514,
-0.00470070650139485));
#6155=CARTESIAN_POINT('Ctrl Pts',(-2.01657595716217,-0.0416489873768078,
-0.035070475736428));
#6156=CARTESIAN_POINT('Ctrl Pts',(-2.00475728804091,0.221966243564209,-0.050448030874654));
#6157=CARTESIAN_POINT('Ctrl Pts',(-1.88227978005414,0.72196520058595,-0.0796146367009229));
#6158=CARTESIAN_POINT('Ctrl Pts',(-1.77578991513099,0.954335532742037,-0.0922918343049434));
#6159=CARTESIAN_POINT('Ctrl Pts',(-1.47483818134074,1.37666388896334,-0.119813269089958));
#6160=CARTESIAN_POINT('Ctrl Pts',(-1.2794939314665,1.55987412960482,-0.135025330943002));
#6161=CARTESIAN_POINT('Ctrl Pts',(-0.83458046049259,1.83581954759613,-0.165549943788125));
#6162=CARTESIAN_POINT('Ctrl Pts',(-0.590663017742792,1.92818597502165,-0.180566222195804));
#6163=CARTESIAN_POINT('Ctrl Pts',(-0.224680587602442,1.99053995279941,-0.200873634655007));
#6164=CARTESIAN_POINT('Ctrl Pts',(-0.11231955745667,2.,-0.206825823910916));
#6165=CARTESIAN_POINT('Ctrl Pts',(-1.26634813746307E-14,2.,-0.212500000000041));
#6166=CARTESIAN_POINT('Ctrl Pts',(1.26565424807268E-14,2.,-0.299999999999999));
#6167=CARTESIAN_POINT('Ctrl Pts',(-0.00647522465150615,2.,-0.299672883639133));
#6168=CARTESIAN_POINT('Ctrl Pts',(-0.0129517878720174,1.99996855360963,
-0.299344782469825));
#6169=CARTESIAN_POINT('Ctrl Pts',(-0.273815139773522,1.99743421658651,-0.286092530742973));
#6170=CARTESIAN_POINT('Ctrl Pts',(-0.525358585736362,1.94645044921701,-0.271897995023738));
#6171=CARTESIAN_POINT('Ctrl Pts',(-1.00491057746237,1.74927332708116,-0.241920916870685));
#6172=CARTESIAN_POINT('Ctrl Pts',(-1.2269601301862,1.60136891901618,-0.226389506011251));
#6173=CARTESIAN_POINT('Ctrl Pts',(-1.59736355294545,1.23115969041397,-0.196879641707792));
#6174=CARTESIAN_POINT('Ctrl Pts',(-1.74340974398399,1.01382112780053,-0.184139565788338));
#6175=CARTESIAN_POINT('Ctrl Pts',(-1.94356464787701,0.537379789080485,-0.156347154363004));
#6176=CARTESIAN_POINT('Ctrl Pts',(-1.99650171910098,0.283141638101277,-0.141516595555885));
#6177=CARTESIAN_POINT('Ctrl Pts',(-2.00329541974528,-0.241579943268229,
-0.110907836642667));
#6178=CARTESIAN_POINT('Ctrl Pts',(-1.95306335898241,-0.507079819307274,
-0.0954203438737226));
#6179=CARTESIAN_POINT('Ctrl Pts',(-1.7562034698898,-0.990091682687043,-0.0672446518432371));
#6180=CARTESIAN_POINT('Ctrl Pts',(-1.61640973723049,-1.20489076095868,-0.0548487133683767));
#6181=CARTESIAN_POINT('Ctrl Pts',(-1.25946606778678,-1.57528511920398,-0.0260134112678234));
#6182=CARTESIAN_POINT('Ctrl Pts',(-1.04394506422759,-1.7256715896939,-0.0107394171375368));
#6183=CARTESIAN_POINT('Ctrl Pts',(-0.563104278200802,-1.93730735370934,
0.0197244789056147));
#6184=CARTESIAN_POINT('Ctrl Pts',(-0.301655972219902,-1.99481844708892,
0.0346097701566097));
#6185=CARTESIAN_POINT('Ctrl Pts',(0.217012647078914,-2.00430247251036,0.0610885659248173));
#6186=CARTESIAN_POINT('Ctrl Pts',(0.469258983870897,-1.96066521848734,0.0748533595183362));
#6187=CARTESIAN_POINT('Ctrl Pts',(0.953119383580366,-1.77790838443891,0.104627498730048));
#6188=CARTESIAN_POINT('Ctrl Pts',(1.17876012629541,-1.63704774097503,0.120134886724745));
#6189=CARTESIAN_POINT('Ctrl Pts',(1.56104369752781,-1.27730961671231,0.149939506923714));
#6190=CARTESIAN_POINT('Ctrl Pts',(1.71445264816793,-1.06254625906876,0.163018134887675));
#6191=CARTESIAN_POINT('Ctrl Pts',(1.92799419227519,-0.59051273285918,0.190553423916567));
#6192=CARTESIAN_POINT('Ctrl Pts',(1.98777034853618,-0.338526054976488,0.205252646793056));
#6193=CARTESIAN_POINT('Ctrl Pts',(2.00926899606299,0.184320799215475,0.23575204662092));
#6194=CARTESIAN_POINT('Ctrl Pts',(1.96681077044285,0.450354690224514,0.251270690263114));
#6195=CARTESIAN_POINT('Ctrl Pts',(1.78418161513255,0.938960953896915,0.27977272231067));
#6196=CARTESIAN_POINT('Ctrl Pts',(1.65017115293402,1.15840009179266,0.292089744567038));
#6197=CARTESIAN_POINT('Ctrl Pts',(1.30371610616325,1.53874147905933,0.320685302549063));
#6198=CARTESIAN_POINT('Ctrl Pts',(1.09319195146067,1.69479013177283,0.335872012108031));
#6199=CARTESIAN_POINT('Ctrl Pts',(0.619347110612901,1.92007367383033,0.366380546146246));
#6200=CARTESIAN_POINT('Ctrl Pts',(0.35963752506315,1.98519044466987,0.381399832719456));
#6201=CARTESIAN_POINT('Ctrl Pts',(0.0631634633352018,1.99925253250106,0.396787297640672));
#6202=CARTESIAN_POINT('Ctrl Pts',(0.0315695307326721,2.,0.398405165756666));
#6203=CARTESIAN_POINT('Ctrl Pts',(1.39221967287993E-13,2.,0.399999999999994));
#6204=CARTESIAN_POINT('Origin',(0.,3.67394039744206E-15,15.));
#6205=CARTESIAN_POINT('',(-1.14031347006457E-13,2.,1.18749999999997));
#6206=CARTESIAN_POINT('',(1.70740858809892E-13,2.,1.09999999999998));
#6207=CARTESIAN_POINT('',(-2.4492935982947E-16,2.,15.));
#6208=CARTESIAN_POINT('Ctrl Pts',(-2.26346719145454E-13,2.,1.18749999999997));
#6209=CARTESIAN_POINT('Ctrl Pts',(0.225491653277213,2.00000000000002,1.17610857916199));
#6210=CARTESIAN_POINT('Ctrl Pts',(0.449637994718458,1.96187377190437,1.16367310600107));
#6211=CARTESIAN_POINT('Ctrl Pts',(0.910394841217018,1.79998989206928,1.13567491002048));
#6212=CARTESIAN_POINT('Ctrl Pts',(1.13833353373653,1.6652269847867,1.12022928449482));
#6213=CARTESIAN_POINT('Ctrl Pts',(1.52251816493891,1.32140131083246,1.09079273939987));
#6214=CARTESIAN_POINT('Ctrl Pts',(1.67742011353468,1.1182034500269,1.07772853458485));
#6215=CARTESIAN_POINT('Ctrl Pts',(1.90851273997374,0.654147871839618,1.05065862585726));
#6216=CARTESIAN_POINT('Ctrl Pts',(1.9783217346381,0.395637546994218,1.03557885690794));
#6217=CARTESIAN_POINT('Ctrl Pts',(2.01269031125678,-0.127574979719456,1.00505812618298));
#6218=CARTESIAN_POINT('Ctrl Pts',(1.97923208982057,-0.387116200406313,0.989918221642912));
#6219=CARTESIAN_POINT('Ctrl Pts',(1.81633800279297,-0.87528741114535,0.961441567683135));
#6220=CARTESIAN_POINT('Ctrl Pts',(1.68988846340812,-1.09976687193706,0.949126836002747));
#6221=CARTESIAN_POINT('Ctrl Pts',(1.35220856075469,-1.49749458216287,0.920467480968517));
#6222=CARTESIAN_POINT('Ctrl Pts',(1.14097661909228,-1.66406279802644,0.904938194730893));
#6223=CARTESIAN_POINT('Ctrl Pts',(0.674754290574078,-1.9000953407052,0.874501223384778));
#6224=CARTESIAN_POINT('Ctrl Pts',(0.425988804669102,-1.97084424369364,0.859870541942203));
#6225=CARTESIAN_POINT('Ctrl Pts',(-0.0909603476271733,-2.0151054162895,
0.832464277004209));
#6226=CARTESIAN_POINT('Ctrl Pts',(-0.354396437735366,-1.98578930479646,
0.819182069501287));
#6227=CARTESIAN_POINT('Ctrl Pts',(-0.855442295239676,-1.82685943988048,
0.789234706046089));
#6228=CARTESIAN_POINT('Ctrl Pts',(-1.08804316121784,-1.69863345262762,0.773744216316585));
#6229=CARTESIAN_POINT('Ctrl Pts',(-1.48300842338702,-1.36564195488377,0.744079050511087));
#6230=CARTESIAN_POINT('Ctrl Pts',(-1.64396169588597,-1.16688010831796,0.730568006318492));
#6231=CARTESIAN_POINT('Ctrl Pts',(-1.88858063063739,-0.709627978847965,
0.703894965432741));
#6232=CARTESIAN_POINT('Ctrl Pts',(-1.96590121454058,-0.45331265950442,0.688943238471034));
#6233=CARTESIAN_POINT('Ctrl Pts',(-2.01563119672325,0.0693520678164598,
0.658454462710647));
#6234=CARTESIAN_POINT('Ctrl Pts',(-1.98956503790399,0.33049395304007,0.643221186072603));
#6235=CARTESIAN_POINT('Ctrl Pts',(-1.84055962248348,0.822838721593864,0.61450107457363));
#6236=CARTESIAN_POINT('Ctrl Pts',(-1.7211100875769,1.04999838148161,0.602155675622212));
#6237=CARTESIAN_POINT('Ctrl Pts',(-1.39546444370818,1.45741592814435,0.573821648831595));
#6238=CARTESIAN_POINT('Ctrl Pts',(-1.18853115691717,1.63056595581481,0.558317553168311));
#6239=CARTESIAN_POINT('Ctrl Pts',(-0.727902806684482,1.88047157355856,0.52775854789217));
#6240=CARTESIAN_POINT('Ctrl Pts',(-0.480524776896698,1.95835285024281,0.512989930597708));
#6241=CARTESIAN_POINT('Ctrl Pts',(-0.150258554063178,1.99577155858189,0.495214113496981));
#6242=CARTESIAN_POINT('Ctrl Pts',(-0.0750893185036733,1.99999999999999,
0.491293373346953));
#6243=CARTESIAN_POINT('Ctrl Pts',(-3.4172664697963E-13,2.,0.487499999999975));
#6244=CARTESIAN_POINT('Ctrl Pts',(1.37528877175441E-13,2.,0.399999999999994));
#6245=CARTESIAN_POINT('Ctrl Pts',(-0.221238848187125,2.,0.411176576998646));
#6246=CARTESIAN_POINT('Ctrl Pts',(-0.441172587150536,1.96329776591975,0.423357704123024));
#6247=CARTESIAN_POINT('Ctrl Pts',(-0.899195733223725,1.80566566352833,0.451093788443979));
#6248=CARTESIAN_POINT('Ctrl Pts',(-1.12829227206221,1.6721060752074,0.466562809418941));
#6249=CARTESIAN_POINT('Ctrl Pts',(-1.52265183955345,1.32330653974186,0.4966584444176));
#6250=CARTESIAN_POINT('Ctrl Pts',(-1.68370095320828,1.11117859017803,0.510181248906297));
#6251=CARTESIAN_POINT('Ctrl Pts',(-1.91079676541569,0.643713723598232,0.537450032790116));
#6252=CARTESIAN_POINT('Ctrl Pts',(-1.97739486790426,0.394184594078514,0.552005898678766));
#6253=CARTESIAN_POINT('Ctrl Pts',(-2.01364164373653,-0.126362414932385,
0.582371140871067));
#6254=CARTESIAN_POINT('Ctrl Pts',(-1.97901969820456,-0.392713489213458,
0.597908286870794));
#6255=CARTESIAN_POINT('Ctrl Pts',(-1.81082366962011,-0.886812754522035,
0.626730744013792));
#6256=CARTESIAN_POINT('Ctrl Pts',(-1.68261232551815,-1.11100601886381,0.639068549464061));
#6257=CARTESIAN_POINT('Ctrl Pts',(-1.34666852522445,-1.50117049368701,0.667419605455466));
#6258=CARTESIAN_POINT('Ctrl Pts',(-1.14125605511679,-1.66269071398831,0.682507669560683));
#6259=CARTESIAN_POINT('Ctrl Pts',(-0.674752799293931,-1.90131704586467,
0.713034485019036));
#6260=CARTESIAN_POINT('Ctrl Pts',(-0.416998004689856,-1.97394341640193,
0.728174049164044));
#6261=CARTESIAN_POINT('Ctrl Pts',(0.0999329531883626,-2.01348853497505,
0.75544184337806));
#6262=CARTESIAN_POINT('Ctrl Pts',(0.353804545463433,-1.98468649287405,0.768320194544677));
#6263=CARTESIAN_POINT('Ctrl Pts',(0.84560364515728,-1.8312660345616,0.797639737889225));
#6264=CARTESIAN_POINT('Ctrl Pts',(1.0778620455715,-1.70493105538195,0.81305777249036));
#6265=CARTESIAN_POINT('Ctrl Pts',(1.48394974159251,-1.36706191538515,0.843427087627179));
#6266=CARTESIAN_POINT('Ctrl Pts',(1.65258122575457,-1.15752937161201,0.857477453322635));
#6267=CARTESIAN_POINT('Ctrl Pts',(1.89280522784774,-0.694592528901779,0.884482102480733));
#6268=CARTESIAN_POINT('Ctrl Pts',(1.96590290489112,-0.447608271876788,0.898889517473857));
#6269=CARTESIAN_POINT('Ctrl Pts',(2.01627792726451,0.0703344636950967,0.92910284371555));
#6270=CARTESIAN_POINT('Ctrl Pts',(1.9892008635454,0.336780753771091,0.944645543969983));
#6271=CARTESIAN_POINT('Ctrl Pts',(1.83500693012302,0.836035260676213,0.973768723539448));
#6272=CARTESIAN_POINT('Ctrl Pts',(1.71237706277428,1.06487799804851,0.986219489438566));
#6273=CARTESIAN_POINT('Ctrl Pts',(1.38650833056878,1.46433337625727,1.01433255632568));
#6274=CARTESIAN_POINT('Ctrl Pts',(1.18608427479837,1.63090602823681,1.02931597756497));
#6275=CARTESIAN_POINT('Ctrl Pts',(0.726911306906639,1.88199832724972,1.05983607115683));
#6276=CARTESIAN_POINT('Ctrl Pts',(0.471222496601297,1.96170968564561,1.07507791107933));
#6277=CARTESIAN_POINT('Ctrl Pts',(0.138382543819173,1.99641337553231,1.09290456021375));
#6278=CARTESIAN_POINT('Ctrl Pts',(0.0691557508059397,2.,1.09650637950742));
#6279=CARTESIAN_POINT('Ctrl Pts',(3.41726646979614E-13,2.,1.09999999999998));
#6280=CARTESIAN_POINT('Origin',(0.,3.67394039744206E-15,15.));
#6281=CARTESIAN_POINT('',(-4.60198922475772E-9,2.,1.88750000046493));
#6282=CARTESIAN_POINT('',(2.32269133067331E-14,2.,1.8));
#6283=CARTESIAN_POINT('',(-2.4492935982947E-16,2.,15.));
#6284=CARTESIAN_POINT('Ctrl Pts',(-9.20397691962647E-9,2.,1.88750000046493));
#6285=CARTESIAN_POINT('Ctrl Pts',(0.00119073385975861,2.00000000000548,
1.8874398463301));
#6286=CARTESIAN_POINT('Ctrl Pts',(0.00238152150946863,1.9999989366092,1.88737965892698));
#6287=CARTESIAN_POINT('Ctrl Pts',(0.268679807234917,1.99952328019955,1.87391288925706));
#6288=CARTESIAN_POINT('Ctrl Pts',(0.531011840241291,1.94634414408616,1.8591093025065));
#6289=CARTESIAN_POINT('Ctrl Pts',(1.01564274508213,1.74254157832179,1.82868240496039));
#6290=CARTESIAN_POINT('Ctrl Pts',(1.23393010419001,1.59543394014897,1.81336429227879));
#6291=CARTESIAN_POINT('Ctrl Pts',(1.59678483027658,1.23071227458793,1.78439582807727));
#6292=CARTESIAN_POINT('Ctrl Pts',(1.73984216066731,1.01848363836212,1.77191154557107));
#6293=CARTESIAN_POINT('Ctrl Pts',(1.94357229189872,0.541193189539513,1.74406960272309));
#6294=CARTESIAN_POINT('Ctrl Pts',(1.99812591435186,0.27896412114182,1.72877290706656));
#6295=CARTESIAN_POINT('Ctrl Pts',(2.00172800548757,-0.243980464186073,1.69826780625576));
#6296=CARTESIAN_POINT('Ctrl Pts',(1.95365710169135,-0.499694836107813,1.68335113456033));
#6297=CARTESIAN_POINT('Ctrl Pts',(1.76291967296324,-0.979175417573125,1.65538143397485));
#6298=CARTESIAN_POINT('Ctrl Pts',(1.62194755257696,-1.19831747187231,1.64282019447837));
#6299=CARTESIAN_POINT('Ctrl Pts',(1.25986728384889,-1.575702379229,1.61352150987636));
#6300=CARTESIAN_POINT('Ctrl Pts',(1.04044319048701,-1.72845791465205,1.59798124114839));
#6301=CARTESIAN_POINT('Ctrl Pts',(0.564011749159624,-1.93566861680795,1.56786916134002));
#6302=CARTESIAN_POINT('Ctrl Pts',(0.31303326701182,-1.99172722709019,1.5535551502951));
#6303=CARTESIAN_POINT('Ctrl Pts',(-0.206706576607492,-2.00687232970416,
1.52685712350609));
#6304=CARTESIAN_POINT('Ctrl Pts',(-0.470650385605005,-1.96184491739316,
1.51261075732689));
#6305=CARTESIAN_POINT('Ctrl Pts',(-0.962260662469721,-1.77269384246472,
1.48225860997744));
#6306=CARTESIAN_POINT('Ctrl Pts',(-1.18556535137759,-1.63181815006575,1.46686879616872));
#6307=CARTESIAN_POINT('Ctrl Pts',(-1.55935937845295,-1.27772734447586,1.43765776548393));
#6308=CARTESIAN_POINT('Ctrl Pts',(-1.70847446188206,-1.07017580961079,1.42492692222725));
#6309=CARTESIAN_POINT('Ctrl Pts',(-1.9263406540241,-0.599632990809733,1.39747859113052));
#6310=CARTESIAN_POINT('Ctrl Pts',(-1.98878060420828,-0.339204614069866,
1.38228693582069));
#6311=CARTESIAN_POINT('Ctrl Pts',(-2.00821681683824,0.184105490910906,1.35176051303015));
#6312=CARTESIAN_POINT('Ctrl Pts',(-1.96763450253183,0.441892822838434,1.33672291866771));
#6313=CARTESIAN_POINT('Ctrl Pts',(-1.79123962609415,0.925904376527047,1.3084889113692));
#6314=CARTESIAN_POINT('Ctrl Pts',(-1.65783400831322,1.14779240220483,1.29610675964563));
#6315=CARTESIAN_POINT('Ctrl Pts',(-1.30836502642673,1.53581420240485,1.26713493119781));
#6316=CARTESIAN_POINT('Ctrl Pts',(-1.09308489022583,1.69578579688893,1.25159353912401));
#6317=CARTESIAN_POINT('Ctrl Pts',(-0.62173611063237,1.91800575252308,1.22130045608306));
#6318=CARTESIAN_POINT('Ctrl Pts',(-0.371799246921698,1.98169334744495,1.20681655362109));
#6319=CARTESIAN_POINT('Ctrl Pts',(-0.0777364558448408,1.99886803582798,
1.19146011744607));
#6320=CARTESIAN_POINT('Ctrl Pts',(-0.0388499094559576,1.99999999999999,
1.18946262549717));
#6321=CARTESIAN_POINT('Ctrl Pts',(-2.27817764653085E-13,2.,1.18749999999997));
#6322=CARTESIAN_POINT('Ctrl Pts',(3.33431199317502E-13,2.,1.09999999999998));
#6323=CARTESIAN_POINT('Ctrl Pts',(-0.183402461345048,2.,1.1092651527874));
#6324=CARTESIAN_POINT('Ctrl Pts',(-0.366230632580482,1.97478069804969,1.11923685647531));
#6325=CARTESIAN_POINT('Ctrl Pts',(-0.794726035349943,1.85381211755883,1.14441190115148));
#6326=CARTESIAN_POINT('Ctrl Pts',(-1.02974591308262,1.73430771059567,1.15977021545104));
#6327=CARTESIAN_POINT('Ctrl Pts',(-1.44372628904101,1.40924945246805,1.19016460344424));
#6328=CARTESIAN_POINT('Ctrl Pts',(-1.61758463960844,1.20567321747011,1.20466906231425));
#6329=CARTESIAN_POINT('Ctrl Pts',(-1.87065734482936,0.751947195220114,1.23113641361216));
#6330=CARTESIAN_POINT('Ctrl Pts',(-1.95105251002237,0.508065928303304,1.24536282084897));
#6331=CARTESIAN_POINT('Ctrl Pts',(-2.01738339293161,-0.00645385645311577,
1.27537647495977));
#6332=CARTESIAN_POINT('Ctrl Pts',(-1.99887293190561,-0.27275720721134,1.29091083708733));
#6333=CARTESIAN_POINT('Ctrl Pts',(-1.86073466008042,-0.77769824648825,1.32036573104515));
#6334=CARTESIAN_POINT('Ctrl Pts',(-1.74446005448949,-1.01192639564326,1.33305429436021));
#6335=CARTESIAN_POINT('Ctrl Pts',(-1.43000217670501,-1.42175235265218,1.36089338122356));
#6336=CARTESIAN_POINT('Ctrl Pts',(-1.23531742790476,-1.59381468981762,1.37574697911866));
#6337=CARTESIAN_POINT('Ctrl Pts',(-0.782670883996457,-1.85985408930392,
1.40637332695133));
#6338=CARTESIAN_POINT('Ctrl Pts',(-0.527014310571685,-1.94779896913961,
1.42185368270164));
#6339=CARTESIAN_POINT('Ctrl Pts',(-0.00988272933104956,-2.01602895461501,
1.4499682539878));
#6340=CARTESIAN_POINT('Ctrl Pts',(0.2458370584289,-2.00101124962586,1.46238973825705));
#6341=CARTESIAN_POINT('Ctrl Pts',(0.744441387479589,-1.87447471082191,1.4912689548702));
#6342=CARTESIAN_POINT('Ctrl Pts',(0.981969883540415,-1.76169525657343,1.50655785546894));
#6343=CARTESIAN_POINT('Ctrl Pts',(1.4040816022493,-1.44872204742921,1.53701054324781));
#6344=CARTESIAN_POINT('Ctrl Pts',(1.58353115097659,-1.25008853056341,1.55186947978363));
#6345=CARTESIAN_POINT('Ctrl Pts',(1.84871402764876,-0.804132299444639,1.57827308448232));
#6346=CARTESIAN_POINT('Ctrl Pts',(1.93576519773994,-0.563277593202899,1.59214214039649));
#6347=CARTESIAN_POINT('Ctrl Pts',(2.01661927153243,-0.0521495146395076,
1.62195794497936));
#6348=CARTESIAN_POINT('Ctrl Pts',(2.00593478422416,0.213788328477966,1.63747098582788));
#6349=CARTESIAN_POINT('Ctrl Pts',(1.88263782863174,0.723766645996813,1.66721972101648));
#6350=CARTESIAN_POINT('Ctrl Pts',(1.77221193047019,0.963019162737882,1.68022586000702));
#6351=CARTESIAN_POINT('Ctrl Pts',(1.46817100807385,1.38217519419271,1.70781082874193));
#6352=CARTESIAN_POINT('Ctrl Pts',(1.27879639970203,1.55903136838349,1.7225359884206));
#6353=CARTESIAN_POINT('Ctrl Pts',(0.835007404866429,1.83683915061583,1.75305811377015));
#6354=CARTESIAN_POINT('Ctrl Pts',(0.58271711747793,1.93175699062511,1.76857178898747));
#6355=CARTESIAN_POINT('Ctrl Pts',(0.213433927490348,1.99146423105573,1.78896875321702));
#6356=CARTESIAN_POINT('Ctrl Pts',(0.10669089186532,2.,1.79461017367538));
#6357=CARTESIAN_POINT('Ctrl Pts',(4.84334794492725E-14,2.,1.8));
#6358=CARTESIAN_POINT('Origin',(0.,3.67394039744206E-15,15.));
#6359=CARTESIAN_POINT('',(1.07458146406261E-13,2.,2.58749999999995));
#6360=CARTESIAN_POINT('',(-1.38094329053717E-14,2.,2.5));
#6361=CARTESIAN_POINT('',(-2.4492935982947E-16,2.,15.));
#6362=CARTESIAN_POINT('Ctrl Pts',(2.15161222172351E-13,2.,2.58749999999995));
#6363=CARTESIAN_POINT('Ctrl Pts',(0.0396872268823261,2.,2.58549507477661));
#6364=CARTESIAN_POINT('Ctrl Pts',(0.0794098727072559,1.99881871747825,2.58345390618032));
#6365=CARTESIAN_POINT('Ctrl Pts',(0.383841380301043,1.9806551341605,2.56754481887505));
#6366=CARTESIAN_POINT('Ctrl Pts',(0.642754794575602,1.91236779368245,2.5524732784528));
#6367=CARTESIAN_POINT('Ctrl Pts',(1.11355311493512,1.68143473304419,2.52195387136391));
#6368=CARTESIAN_POINT('Ctrl Pts',(1.32194089446073,1.52306146543303,2.50680728625565));
#6369=CARTESIAN_POINT('Ctrl Pts',(1.66397790799081,1.13857432583,2.47831400135672));
#6370=CARTESIAN_POINT('Ctrl Pts',(1.79555257035364,0.917149407274953,2.46600038209099));
#6371=CARTESIAN_POINT('Ctrl Pts',(1.97213663510586,0.426220334550443,2.43736285284873));
#6372=CARTESIAN_POINT('Ctrl Pts',(2.01130617846219,0.160026282301425,2.42183486646754));
#6373=CARTESIAN_POINT('Ctrl Pts',(1.98360894495435,-0.361905557940326,2.39138884245344));
#6374=CARTESIAN_POINT('Ctrl Pts',(1.92096096762648,-0.612883863861092,2.37674844127473));
#6375=CARTESIAN_POINT('Ctrl Pts',(1.70173968388236,-1.08301597276924,2.34932406825508));
#6376=CARTESIAN_POINT('Ctrl Pts',(1.5451522251655,-1.29667936689541,2.3360717481151));
#6377=CARTESIAN_POINT('Ctrl Pts',(1.15781334311287,-1.65187580248923,2.30614420889264));
#6378=CARTESIAN_POINT('Ctrl Pts',(0.93070165470245,-1.78969720106161,2.29065115608746));
#6379=CARTESIAN_POINT('Ctrl Pts',(0.445117941569131,-1.96625952548483,2.2609706314696));
#6380=CARTESIAN_POINT('Ctrl Pts',(0.192560680082937,-2.00677652707458,2.24742545774841));
#6381=CARTESIAN_POINT('Ctrl Pts',(-0.325794369622182,-1.99102112031031,
2.22077958764635));
#6382=CARTESIAN_POINT('Ctrl Pts',(-0.586547584162424,-1.93034193900555,
2.20583700856353));
#6383=CARTESIAN_POINT('Ctrl Pts',(-1.06452746218727,-1.71300497373141,2.1753513552591));
#6384=CARTESIAN_POINT('Ctrl Pts',(-1.27798886632301,-1.56024529125378,2.16011218959548));
#6385=CARTESIAN_POINT('Ctrl Pts',(-1.63058149677187,-1.18570641646886,2.13137581219682));
#6386=CARTESIAN_POINT('Ctrl Pts',(-1.76797547588664,-0.96899497929605,2.11902470712556));
#6387=CARTESIAN_POINT('Ctrl Pts',(-1.95895238085327,-0.483649116852707,
2.0907128651497));
#6388=CARTESIAN_POINT('Ctrl Pts',(-2.00596581979171,-0.217901644836767,
2.0752109292821));
#6389=CARTESIAN_POINT('Ctrl Pts',(-1.99307482738798,0.306092860445031,2.04464458314066));
#6390=CARTESIAN_POINT('Ctrl Pts',(-1.93729752842168,0.559421352010404,2.02986708779935));
#6391=CARTESIAN_POINT('Ctrl Pts',(-1.73160591126792,1.03405212143236,2.0021802929164));
#6392=CARTESIAN_POINT('Ctrl Pts',(-1.58253615733964,1.25032789595333,1.98931223305669));
#6393=CARTESIAN_POINT('Ctrl Pts',(-1.20722554767277,1.61624545930883,1.95967964032574));
#6394=CARTESIAN_POINT('Ctrl Pts',(-0.983670037645612,1.76125726969284,1.9441565187239));
#6395=CARTESIAN_POINT('Ctrl Pts',(-0.503329574070181,1.95209042058727,1.91432464092737));
#6396=CARTESIAN_POINT('Ctrl Pts',(-0.252739398347299,1.99999999883689,1.90026792650506));
#6397=CARTESIAN_POINT('Ctrl Pts',(-9.20397626169578E-9,2.,1.88750000046493));
#6398=CARTESIAN_POINT('Ctrl Pts',(4.96477858824562E-14,2.,1.8));
#6399=CARTESIAN_POINT('Ctrl Pts',(-0.146865306459665,2.,1.80741936336917));
#6400=CARTESIAN_POINT('Ctrl Pts',(-0.293583635398987,1.98382732621394,1.81530300469156));
#6401=CARTESIAN_POINT('Ctrl Pts',(-0.690993204393312,1.89472975072219,1.83797807962001));
#6402=CARTESIAN_POINT('Ctrl Pts',(-0.930956508782687,1.78907084187577,1.85318229965337));
#6403=CARTESIAN_POINT('Ctrl Pts',(-1.36142897046525,1.48888546830997,1.8836843781501));
#6404=CARTESIAN_POINT('Ctrl Pts',(-1.54660225098118,1.2955066859832,1.89867920392798));
#6405=CARTESIAN_POINT('Ctrl Pts',(-1.82441138786602,0.857725207315334,1.92548223363596));
#6406=CARTESIAN_POINT('Ctrl Pts',(-1.9183048518096,0.619950682247461,1.93883621020222));
#6407=CARTESIAN_POINT('Ctrl Pts',(-2.01404167194401,0.112673533650668,1.9684273772037));
#6408=CARTESIAN_POINT('Ctrl Pts',(-2.01140702600394,-0.152652097328899,
1.98390470567751));
#6409=CARTESIAN_POINT('Ctrl Pts',(-1.90357758284989,-0.667650191564457,
2.01394626117458));
#6410=CARTESIAN_POINT('Ctrl Pts',(-1.79923714175042,-0.912179703857825,
2.02737777881819));
#6411=CARTESIAN_POINT('Ctrl Pts',(-1.50592393747583,-1.34080993500399,2.0546971339197));
#6412=CARTESIAN_POINT('Ctrl Pts',(-1.32207582557643,-1.52238454029771,2.06928072613576));
#6413=CARTESIAN_POINT('Ctrl Pts',(-0.887611395529114,-1.81188956919387,
2.0996729614305));
#6414=CARTESIAN_POINT('Ctrl Pts',(-0.638935633132699,-1.91378754040325,
2.11520762469732));
#6415=CARTESIAN_POINT('Ctrl Pts',(-0.126461002270641,-2.01231432588513,
2.1439705921393));
#6416=CARTESIAN_POINT('Ctrl Pts',(0.131568860445178,-2.01198686757995,2.15629699826597));
#6417=CARTESIAN_POINT('Ctrl Pts',(0.636833078583031,-1.91351556183636,2.18469409084778));
#6418=CARTESIAN_POINT('Ctrl Pts',(0.879028595355489,-1.81504394897561,2.19980144865166));
#6419=CARTESIAN_POINT('Ctrl Pts',(1.31749561811676,-1.52790670459581,2.230326827138));
#6420=CARTESIAN_POINT('Ctrl Pts',(1.50825065121145,-1.33996884469107,2.24544493915121));
#6421=CARTESIAN_POINT('Ctrl Pts',(1.79863659300364,-0.910506819940278,2.27264067501858));
#6422=CARTESIAN_POINT('Ctrl Pts',(1.89936209217115,-0.675706229580999,2.28558380327443));
#6423=CARTESIAN_POINT('Ctrl Pts',(2.00971388453934,-0.172351109984054,2.31494618525092));
#6424=CARTESIAN_POINT('Ctrl Pts',(2.01498440311788,0.0921372078373526,2.33037467045717));
#6425=CARTESIAN_POINT('Ctrl Pts',(1.92257169262473,0.611899074361918,2.3606941126711));
#6426=CARTESIAN_POINT('Ctrl Pts',(1.82430172844993,0.861721828252047,2.37463987426535));
#6427=CARTESIAN_POINT('Ctrl Pts',(1.54155603076776,1.29955307671731,2.40169374150413));
#6428=CARTESIAN_POINT('Ctrl Pts',(1.3631971919053,1.48555854746459,2.41612925938518));
#6429=CARTESIAN_POINT('Ctrl Pts',(0.938094914391832,1.78616188783867,2.44637223681887));
#6430=CARTESIAN_POINT('Ctrl Pts',(0.693114280210925,1.89473153906425,2.46191481971671));
#6431=CARTESIAN_POINT('Ctrl Pts',(0.291226737851767,1.98408752728026,2.48482365060661));
#6432=CARTESIAN_POINT('Ctrl Pts',(0.145678606529037,2.,2.49264058651421));
#6433=CARTESIAN_POINT('Ctrl Pts',(-2.35228503342455E-14,2.,2.5));
#6434=CARTESIAN_POINT('Origin',(0.,3.67394039744206E-15,15.));
#6435=CARTESIAN_POINT('',(1.39071747032471E-13,2.,3.28749999999994));
#6436=CARTESIAN_POINT('',(-1.83642330650457E-13,2.,3.20000000000002));
#6437=CARTESIAN_POINT('',(-2.4492935982947E-16,2.,15.));
#6438=CARTESIAN_POINT('Ctrl Pts',(2.78388423424771E-13,2.,3.28749999999994));
#6439=CARTESIAN_POINT('Ctrl Pts',(0.0763641148880511,2.,3.28364222629984));
#6440=CARTESIAN_POINT('Ctrl Pts',(0.152803542389388,1.99562678810446,3.27965309593232));
#6441=CARTESIAN_POINT('Ctrl Pts',(0.492461928621921,1.95648717970679,3.26135261120738));
#6442=CARTESIAN_POINT('Ctrl Pts',(0.747282917385246,1.87400454350322,3.2460737830864));
#6443=CARTESIAN_POINT('Ctrl Pts',(1.20347999360837,1.61806894048486,3.21556276299845));
#6444=CARTESIAN_POINT('Ctrl Pts',(1.40190819908539,1.44954936067646,3.20062338302576));
#6445=CARTESIAN_POINT('Ctrl Pts',(1.72378869785576,1.0464512227321,3.17260554714884));
#6446=CARTESIAN_POINT('Ctrl Pts',(1.84420231193892,0.815740539251188,3.16008486478961));
#6447=CARTESIAN_POINT('Ctrl Pts',(1.99280850798987,0.314479437315668,3.13084463384337));
#6448=CARTESIAN_POINT('Ctrl Pts',(2.01689321693639,0.0480526603589362,3.11530307185423));
#6449=CARTESIAN_POINT('Ctrl Pts',(1.96093435063119,-0.468750893378206,3.08515619788623));
#6450=CARTESIAN_POINT('Ctrl Pts',(1.88527765124253,-0.714677128586793,3.0708105008324));
#6451=CARTESIAN_POINT('Ctrl Pts',(1.63982119059205,-1.17578050359277,3.04391280395705));
#6452=CARTESIAN_POINT('Ctrl Pts',(1.46811683359048,-1.38426315286067,3.02962553566895));
#6453=CARTESIAN_POINT('Ctrl Pts',(1.05734921463066,-1.71768081704732,2.99914963420101));
#6454=CARTESIAN_POINT('Ctrl Pts',(0.823883898519918,-1.84109651881937,2.98375577404448));
#6455=CARTESIAN_POINT('Ctrl Pts',(0.330574018679407,-1.98869390261581,2.95452974855744));
#6456=CARTESIAN_POINT('Ctrl Pts',(0.0763320866226422,-2.01452908828323,
2.94177992076634));
#6457=CARTESIAN_POINT('Ctrl Pts',(-0.440173452039863,-1.96890687950183,
2.91435636947905));
#6458=CARTESIAN_POINT('Ctrl Pts',(-0.697071397383955,-1.89325068695162,
2.89917172196353));
#6459=CARTESIAN_POINT('Ctrl Pts',(-1.16048843804888,-1.64927876598391,2.86864490336583));
#6460=CARTESIAN_POINT('Ctrl Pts',(-1.36378758551417,-1.48558479935722,2.85360019947332));
#6461=CARTESIAN_POINT('Ctrl Pts',(-1.69544338107424,-1.09145038523862,2.82534997564593));
#6462=CARTESIAN_POINT('Ctrl Pts',(-1.82128169790472,-0.86529045356417,2.81297527645787));
#6463=CARTESIAN_POINT('Ctrl Pts',(-1.9835381736047,-0.368982387072352,2.78402397257918));
#6464=CARTESIAN_POINT('Ctrl Pts',(-2.0149519565956,-0.102565589843395,2.76848299274082));
#6465=CARTESIAN_POINT('Ctrl Pts',(-1.97268910965342,0.416920888074136,2.7381796148623));
#6466=CARTESIAN_POINT('Ctrl Pts',(-1.90331906224366,0.665389370943695,2.72368562002824));
#6467=CARTESIAN_POINT('Ctrl Pts',(-1.67065155422795,1.13094501155776,2.69652820765909));
#6468=CARTESIAN_POINT('Ctrl Pts',(-1.50640657214757,1.34197756053791,2.68279319214555));
#6469=CARTESIAN_POINT('Ctrl Pts',(-1.10707249472865,1.68617926630661,2.65258035748153));
#6470=CARTESIAN_POINT('Ctrl Pts',(-0.876611101565124,1.81669051459046,2.63713129651077));
#6471=CARTESIAN_POINT('Ctrl Pts',(-0.424802075342224,1.96599439519925,2.6099520444882));
#6472=CARTESIAN_POINT('Ctrl Pts',(-0.212960577494782,2.,2.59825837409002));
#6473=CARTESIAN_POINT('Ctrl Pts',(2.13856710118421E-13,2.,2.58749999999995));
#6474=CARTESIAN_POINT('Ctrl Pts',(-2.59167687310935E-14,2.,2.5));
#6475=CARTESIAN_POINT('Ctrl Pts',(-0.110192951838315,2.,2.50556674391058));
#6476=CARTESIAN_POINT('Ctrl Pts',(-0.220433432114241,1.9908947386572,2.51140145899232));
#6477=CARTESIAN_POINT('Ctrl Pts',(-0.584423767180116,1.93007530150643,2.53156347706167));
#6478=CARTESIAN_POINT('Ctrl Pts',(-0.828561389481076,1.83853239138193,2.54656685927801));
#6479=CARTESIAN_POINT('Ctrl Pts',(-1.27432046553592,1.56410411205897,2.5770899406484));
#6480=CARTESIAN_POINT('Ctrl Pts',(-1.47027314277748,1.38153892042376,2.59231392519622));
#6481=CARTESIAN_POINT('Ctrl Pts',(-1.77264248605485,0.960178145684873,2.61987875386133));
#6482=CARTESIAN_POINT('Ctrl Pts',(-1.87990804277894,0.728129406866116,2.63252578459946));
#6483=CARTESIAN_POINT('Ctrl Pts',(-2.00400233479334,0.22858480265048,2.66166588651204));
#6484=CARTESIAN_POINT('Ctrl Pts',(-2.01669286579306,-0.0349017861682344,
2.67703593752647));
#6485=CARTESIAN_POINT('Ctrl Pts',(-1.93946779479856,-0.555698119128879,
2.70741572361584));
#6486=CARTESIAN_POINT('Ctrl Pts',(-1.84878862199464,-0.807602458322654,
2.72182436011669));
#6487=CARTESIAN_POINT('Ctrl Pts',(-1.57999875399609,-1.25237927660866,2.74837578379808));
#6488=CARTESIAN_POINT('Ctrl Pts',(-1.40788998864712,-1.4431388337397,2.76263422038976));
#6489=CARTESIAN_POINT('Ctrl Pts',(-0.993561748717161,-1.75578723470845,
2.79268422765962));
#6490=CARTESIAN_POINT('Ctrl Pts',(-0.752907730436984,-1.8716561558425,2.80822113330498));
#6491=CARTESIAN_POINT('Ctrl Pts',(-0.245996287776483,-2.00161422933962,
2.83761980467941));
#6492=CARTESIAN_POINT('Ctrl Pts',(0.0147274155354951,-2.01661749914764,
2.85025932470735));
#6493=CARTESIAN_POINT('Ctrl Pts',(0.526323620134057,-1.94662172828619,2.87814576108776));
#6494=CARTESIAN_POINT('Ctrl Pts',(0.772371298671122,-1.8627303749969,2.89302246540109));
#6495=CARTESIAN_POINT('Ctrl Pts',(1.22795764771124,-1.60119648870168,2.92366591594473));
#6496=CARTESIAN_POINT('Ctrl Pts',(1.43110303195239,-1.42256430882533,2.93913854989029));
#6497=CARTESIAN_POINT('Ctrl Pts',(1.74649538563939,-1.00705827180028,2.96719051374658));
#6498=CARTESIAN_POINT('Ctrl Pts',(1.86005546244005,-0.777572663806276,2.97964159461128));
#6499=CARTESIAN_POINT('Ctrl Pts',(1.9971344845618,-0.281734594633924,3.00856548197967));
#6500=CARTESIAN_POINT('Ctrl Pts',(2.01681239313613,-0.0193853586560927,
3.02386918741171));
#6501=CARTESIAN_POINT('Ctrl Pts',(1.95391423165636,0.502448160826878,3.05430947604822));
#6502=CARTESIAN_POINT('Ctrl Pts',(1.87021062688206,0.756703044048213,3.0691410109028));
#6503=CARTESIAN_POINT('Ctrl Pts',(1.61404183998303,1.20801378358126,3.09546747070889));
#6504=CARTESIAN_POINT('Ctrl Pts',(1.44780434890551,1.40299492871214,3.10944695691215));
#6505=CARTESIAN_POINT('Ctrl Pts',(1.04351211841963,1.72645171510109,3.13930520814078));
#6506=CARTESIAN_POINT('Ctrl Pts',(0.807004683849838,1.84886572638717,3.15482353451704));
#6507=CARTESIAN_POINT('Ctrl Pts',(0.373244241481474,1.97380384635472,3.18038033748055));
#6508=CARTESIAN_POINT('Ctrl Pts',(0.18692031356058,2.00000000000003,3.19055713183177));
#6509=CARTESIAN_POINT('Ctrl Pts',(-3.68698127584111E-13,2.,3.20000000000002));
#6510=CARTESIAN_POINT('Origin',(0.,3.67394039744206E-15,15.));
#6511=CARTESIAN_POINT('',(2.07132780520858E-16,2.,3.98749999999996));
#6512=CARTESIAN_POINT('',(-1.01457003730435E-13,2.,3.90000000000001));
#6513=CARTESIAN_POINT('',(-2.4492935982947E-16,2.,15.));
#6514=CARTESIAN_POINT('Ctrl Pts',(-3.08780778723872E-15,2.,3.98749999999996));
#6515=CARTESIAN_POINT('Ctrl Pts',(0.114748323298581,2.,3.98170312715723));
#6516=CARTESIAN_POINT('Ctrl Pts',(0.22952757389259,1.99012647192669,3.97561671402265));
#6517=CARTESIAN_POINT('Ctrl Pts',(0.605724958044355,1.9246216191281,3.95470136047779));
#6518=CARTESIAN_POINT('Ctrl Pts',(0.856562645049178,1.82684010643642,3.93917754415587));
#6519=CARTESIAN_POINT('Ctrl Pts',(1.29658281824842,1.54422308327856,3.90870554317063));
#6520=CARTESIAN_POINT('Ctrl Pts',(1.48371622172813,1.36542116796915,3.89403685423102));
#6521=CARTESIAN_POINT('Ctrl Pts',(1.78339423976621,0.94239570860149,3.86655943303248));
#6522=CARTESIAN_POINT('Ctrl Pts',(1.89135366986237,0.701009292318264,3.85339220871853));
#6523=CARTESIAN_POINT('Ctrl Pts',(2.0083824632499,0.188968095103065,3.82352313888097));
#6524=CARTESIAN_POINT('Ctrl Pts',(2.0157910949076,-0.0767496657225424,3.80802293616615));
#6525=CARTESIAN_POINT('Ctrl Pts',(1.92887870579719,-0.586327919726403,3.77829753801592));
#6526=CARTESIAN_POINT('Ctrl Pts',(1.83905522095337,-0.825922451312496,3.76464959335465));
#6527=CARTESIAN_POINT('Ctrl Pts',(1.56875478400205,-1.26858611823709,3.73808349210787));
#6528=CARTESIAN_POINT('Ctrl Pts',(1.38697155835186,-1.46511513700115,3.72316804372922));
#6529=CARTESIAN_POINT('Ctrl Pts',(0.961431873900501,-1.77294374074747,3.69269223245851));
#6530=CARTESIAN_POINT('Ctrl Pts',(0.7228935333931,-1.88284915509817,3.67743614255168));
#6531=CARTESIAN_POINT('Ctrl Pts',(0.222911193397548,-2.00372892866358,3.64865230036304));
#6532=CARTESIAN_POINT('Ctrl Pts',(-0.0332429338705116,-2.01581384505221,
3.63628186567568));
#6533=CARTESIAN_POINT('Ctrl Pts',(-0.549497640897415,-1.94153219020937,
3.60803508542809));
#6534=CARTESIAN_POINT('Ctrl Pts',(-0.803820915956077,-1.85076603624407,
3.59253979828059));
#6535=CARTESIAN_POINT('Ctrl Pts',(-1.25293737755932,-1.57995538367973,3.56195262212211));
#6536=CARTESIAN_POINT('Ctrl Pts',(-1.44549837154339,-1.40594404113723,3.54714946639814));
#6537=CARTESIAN_POINT('Ctrl Pts',(-1.75577550867884,-0.992357992669409,
3.51941191347774));
#6538=CARTESIAN_POINT('Ctrl Pts',(-1.86970904433454,-0.756125520821251,
3.50660732204787));
#6539=CARTESIAN_POINT('Ctrl Pts',(-2.00191203595465,-0.249144410516485,
3.47703342394676));
#6540=CARTESIAN_POINT('Ctrl Pts',(-2.01728143270623,0.017039295134668,3.46150604111711));
#6541=CARTESIAN_POINT('Ctrl Pts',(-1.94512309271711,0.530179160376866,3.43157288231131));
#6542=CARTESIAN_POINT('Ctrl Pts',(-1.86207426826745,0.772865491989989,3.41741617963388));
#6543=CARTESIAN_POINT('Ctrl Pts',(-1.60415556596904,1.22347249216932,3.39113077129008));
#6544=CARTESIAN_POINT('Ctrl Pts',(-1.42808411126119,1.42509426347415,3.37641224926239));
#6545=CARTESIAN_POINT('Ctrl Pts',(-1.01078430919159,1.74538509269589,3.34598922001755));
#6546=CARTESIAN_POINT('Ctrl Pts',(-0.774741640661,1.86221378194975,3.33065727798704));
#6547=CARTESIAN_POINT('Ctrl Pts',(-0.352108797319259,1.97669891006184,3.30596749965333));
#6548=CARTESIAN_POINT('Ctrl Pts',(-0.176289637989524,2.,3.29640582612047));
#6549=CARTESIAN_POINT('Ctrl Pts',(2.78388423424771E-13,2.,3.28749999999994));
#6550=CARTESIAN_POINT('Ctrl Pts',(-3.67039731941084E-13,2.,3.20000000000002));
#6551=CARTESIAN_POINT('Ctrl Pts',(-0.072736305276225,1.99999999999999,3.20367450347522));
#6552=CARTESIAN_POINT('Ctrl Pts',(-0.145551168778586,1.99603239092261,3.20746869749799));
#6553=CARTESIAN_POINT('Ctrl Pts',(-0.473505160216484,1.96005017574377,3.22508580723241));
#6554=CARTESIAN_POINT('Ctrl Pts',(-0.721073673494497,1.8830884160674,3.23983722815406));
#6555=CARTESIAN_POINT('Ctrl Pts',(-1.18244684779224,1.63496688026755,3.2703818248396));
#6556=CARTESIAN_POINT('Ctrl Pts',(-1.38994624999206,1.46266077934471,3.28588990507507));
#6557=CARTESIAN_POINT('Ctrl Pts',(-1.71715121799738,1.05648655086676,3.31426644258701));
#6558=CARTESIAN_POINT('Ctrl Pts',(-1.83750215788524,0.829677006551091,3.32660217461784));
#6559=CARTESIAN_POINT('Ctrl Pts',(-1.98831361103992,0.337868563324532,3.35529100047272));
#6560=CARTESIAN_POINT('Ctrl Pts',(-2.01534413367755,0.0769230206793766,
3.37051282379369));
#6561=CARTESIAN_POINT('Ctrl Pts',(-1.96761060556903,-0.445838564920425,
3.40100724962034));
#6562=CARTESIAN_POINT('Ctrl Pts',(-1.89126229299506,-0.702451861979702,
3.41597635861547));
#6563=CARTESIAN_POINT('Ctrl Pts',(-1.6483976182878,-1.16059584261895,3.44270142415276));
#6564=CARTESIAN_POINT('Ctrl Pts',(-1.48823725302061,-1.35993233369818,3.45614836910102));
#6565=CARTESIAN_POINT('Ctrl Pts',(-1.0946788970856,-1.69434879526717,3.48578402205327));
#6566=CARTESIAN_POINT('Ctrl Pts',(-0.862677697364072,-1.82343896065921,
3.50126942294947));
#6567=CARTESIAN_POINT('Ctrl Pts',(-0.362080714575821,-1.98444323744651,
3.53125461376466));
#6568=CARTESIAN_POINT('Ctrl Pts',(-0.0984439926302609,-2.01479317412351,
3.54459532417742));
#6569=CARTESIAN_POINT('Ctrl Pts',(0.418871638115917,-1.97235742896408,3.57196686129463));
#6570=CARTESIAN_POINT('Ctrl Pts',(0.667802660616528,-1.90253740392301,3.58657881306607));
#6571=CARTESIAN_POINT('Ctrl Pts',(1.13472265475869,-1.6683174308379,3.61699816257467));
#6572=CARTESIAN_POINT('Ctrl Pts',(1.34649886335219,-1.50261241335789,3.63252976755045));
#6573=CARTESIAN_POINT('Ctrl Pts',(1.68573612921442,-1.10615489853012,3.66123075032484));
#6574=CARTESIAN_POINT('Ctrl Pts',(1.81309918433117,-0.882018896254525,3.67354889771847));
#6575=CARTESIAN_POINT('Ctrl Pts',(1.97778259093052,-0.394393564188644,3.70199370875565));
#6576=CARTESIAN_POINT('Ctrl Pts',(2.01218881899699,-0.135073663890086,3.71712070293973));
#6577=CARTESIAN_POINT('Ctrl Pts',(1.97980001595253,0.388176455420651,3.74764362656619));
#6578=CARTESIAN_POINT('Ctrl Pts',(1.91096422175557,0.64695331868353,3.76273894358986));
#6579=CARTESIAN_POINT('Ctrl Pts',(1.68162024373942,1.11187604086135,3.7898594357169));
#6580=CARTESIAN_POINT('Ctrl Pts',(1.52749046528154,1.31564844210784,3.80287375598808));
#6581=CARTESIAN_POINT('Ctrl Pts',(1.14468815845626,1.66084952523952,3.8322805847158));
#6582=CARTESIAN_POINT('Ctrl Pts',(0.917358211904177,1.79643636555869,3.84771948890249));
#6583=CARTESIAN_POINT('Ctrl Pts',(0.4548593568589,1.96097452984739,3.87588310455952));
#6584=CARTESIAN_POINT('Ctrl Pts',(0.228134066592694,2.00000000000002,3.88847508933362));
#6585=CARTESIAN_POINT('Ctrl Pts',(-2.03170813506404E-13,2.,3.90000000000001));
#6586=CARTESIAN_POINT('Origin',(0.,3.67394039744206E-15,15.));
#6587=CARTESIAN_POINT('',(-6.3351800976595E-14,2.,4.68749999999997));
#6588=CARTESIAN_POINT('',(-6.77576192227313E-16,2.,4.6));
#6589=CARTESIAN_POINT('',(-2.4492935982947E-16,2.,15.));
#6590=CARTESIAN_POINT('Ctrl Pts',(-1.25316423904565E-13,2.,4.68749999999996));
#6591=CARTESIAN_POINT('Ctrl Pts',(0.16088230958462,2.00000000000001,4.67937252358464));
#6592=CARTESIAN_POINT('Ctrl Pts',(0.321484194191669,1.98059353292109,4.67069319176352));
#6593=CARTESIAN_POINT('Ctrl Pts',(0.731099411195191,1.87969347491045,4.64705727102228));
#6594=CARTESIAN_POINT('Ctrl Pts',(0.969257720580841,1.7686941049714,4.63178847254612));
#6595=CARTESIAN_POINT('Ctrl Pts',(1.39350116577175,1.45890457697395,4.60132095125894));
#6596=CARTESIAN_POINT('Ctrl Pts',(1.57439987088946,1.261571875148,4.58642674646397));
#6597=CARTESIAN_POINT('Ctrl Pts',(1.84275589286387,0.817653916001536,4.55992228993871));
#6598=CARTESIAN_POINT('Ctrl Pts',(1.93152596726887,0.577582487932566,4.54619231179603));
#6599=CARTESIAN_POINT('Ctrl Pts',(2.01614076167883,0.0674135676331455,4.5164324581119));
#6600=CARTESIAN_POINT('Ctrl Pts',(2.00748954033931,-0.198392354590441,4.50092711264885));
#6601=CARTESIAN_POINT('Ctrl Pts',(1.88807901807341,-0.709654280789078,4.47110350028727));
#6602=CARTESIAN_POINT('Ctrl Pts',(1.77918253045293,-0.9502291000602,4.45799932529314));
#6603=CARTESIAN_POINT('Ctrl Pts',(1.47784925005059,-1.37178916154152,4.43048102407628));
#6604=CARTESIAN_POINT('Ctrl Pts',(1.28986445260752,-1.54985719309073,4.41579072923295));
#6605=CARTESIAN_POINT('Ctrl Pts',(0.848410505015895,-1.83065798656113,4.38529926998584));
#6606=CARTESIAN_POINT('Ctrl Pts',(0.597018839083339,-1.92735702935549,4.36977903971283));
#6607=CARTESIAN_POINT('Ctrl Pts',(0.0827124360445048,-2.01448321527463,
4.34125605201915));
#6608=CARTESIAN_POINT('Ctrl Pts',(-0.174408947253981,-2.00862367463402,
4.32894070673692));
#6609=CARTESIAN_POINT('Ctrl Pts',(-0.677236062059745,-1.89966525312017,
4.30036085789331));
#6610=CARTESIAN_POINT('Ctrl Pts',(-0.917788461852506,-1.79583462950758,
4.28518020283684));
#6611=CARTESIAN_POINT('Ctrl Pts',(-1.3503365569875,-1.49895517102041,4.25466968970414));
#6612=CARTESIAN_POINT('Ctrl Pts',(-1.53694822163515,-1.30694751216577,4.23964219052429));
#6613=CARTESIAN_POINT('Ctrl Pts',(-1.81797177310034,-0.871275138820549,
4.21273829011493));
#6614=CARTESIAN_POINT('Ctrl Pts',(-1.91360916049286,-0.634269425061928,
4.19949904979524));
#6615=CARTESIAN_POINT('Ctrl Pts',(-2.01310071147113,-0.127986828512127,
4.16996589832984));
#6616=CARTESIAN_POINT('Ctrl Pts',(-2.01249756131517,0.137146118616779,4.15449980978976));
#6617=CARTESIAN_POINT('Ctrl Pts',(-1.91070910603162,0.642940451057277,4.12499514039738));
#6618=CARTESIAN_POINT('Ctrl Pts',(-1.81401225282566,0.879482342587827,4.11182230547501));
#6619=CARTESIAN_POINT('Ctrl Pts',(-1.53103707065408,1.31386847938604,4.08485732752833));
#6620=CARTESIAN_POINT('Ctrl Pts',(-1.34355597286694,1.50503711012248,4.06981037784942));
#6621=CARTESIAN_POINT('Ctrl Pts',(-0.90975839152797,1.79989960073493,4.03929557121673));
#6622=CARTESIAN_POINT('Ctrl Pts',(-0.668854509449583,1.90261722882647,4.0241296222953));
#6623=CARTESIAN_POINT('Ctrl Pts',(-0.278275071873163,1.98547492244342,4.00198158951515));
#6624=CARTESIAN_POINT('Ctrl Pts',(-0.139181923887317,2.,3.99453121310694));
#6625=CARTESIAN_POINT('Ctrl Pts',(2.08166817117217E-16,2.,3.98749999999996));
#6626=CARTESIAN_POINT('Ctrl Pts',(-2.0266907810104E-13,2.,3.90000000000001));
#6627=CARTESIAN_POINT('Ctrl Pts',(-0.0365662817192309,2.,3.90184726085196));
#6628=CARTESIAN_POINT('Ctrl Pts',(-0.0731658389058312,1.99899719756407,
3.9037254511233));
#6629=CARTESIAN_POINT('Ctrl Pts',(-0.364909509489529,1.98296242292708,3.91893148214047));
#6630=CARTESIAN_POINT('Ctrl Pts',(-0.614980718235964,1.92017078924336,3.93339603926214));
#6631=CARTESIAN_POINT('Ctrl Pts',(-1.08695087813948,1.69970891613812,3.96366923587881));
#6632=CARTESIAN_POINT('Ctrl Pts',(-1.30273000851521,1.5405800041851,3.97921125797396));
#6633=CARTESIAN_POINT('Ctrl Pts',(-1.65368665238444,1.15379873626492,4.00822205815934));
#6634=CARTESIAN_POINT('Ctrl Pts',(-1.78797759984378,0.9322359747293,4.02061956814078));
#6635=CARTESIAN_POINT('Ctrl Pts',(-1.96606937882639,0.448754325217304,4.04882266436231));
#6636=CARTESIAN_POINT('Ctrl Pts',(-2.00754220138834,0.191201064465558,4.06384660457283));
#6637=CARTESIAN_POINT('Ctrl Pts',(-1.99026318593897,-0.323695790231205,
4.09388225443014));
#6638=CARTESIAN_POINT('Ctrl Pts',(-1.93231338073753,-0.576304227605222,
4.10861774661029));
#6639=CARTESIAN_POINT('Ctrl Pts',(-1.72236525336919,-1.04953108778122,4.13622264678722));
#6640=CARTESIAN_POINT('Ctrl Pts',(-1.57095032383379,-1.26498774961381,4.14920064086652));
#6641=CARTESIAN_POINT('Ctrl Pts',(-1.1918608625762,-1.62756852600152,4.17892681123026));
#6642=CARTESIAN_POINT('Ctrl Pts',(-0.96716726612319,-1.77033662146821,4.19444198516614));
#6643=CARTESIAN_POINT('Ctrl Pts',(-0.484406703694907,-1.95699845297972,
4.22427445839404));
#6644=CARTESIAN_POINT('Ctrl Pts',(-0.232347942006813,-2.00260032570133,
4.23818636931649));
#6645=CARTESIAN_POINT('Ctrl Pts',(0.286504566349835,-1.99704918458053,4.264559745694));
#6646=CARTESIAN_POINT('Ctrl Pts',(0.548368332155818,-1.94152791704546,4.27940798861903));
#6647=CARTESIAN_POINT('Ctrl Pts',(1.03096746408144,-1.73348485344453,4.30985592594609));
#6648=CARTESIAN_POINT('Ctrl Pts',(1.24776628208023,-1.58459963421142,4.32515068640107));
#6649=CARTESIAN_POINT('Ctrl Pts',(1.60743045076683,-1.21680996683067,4.3540474529363));
#6650=CARTESIAN_POINT('Ctrl Pts',(1.74872560723667,-1.00319779621897,4.36648012855388));
#6651=CARTESIAN_POINT('Ctrl Pts',(1.94924933653209,-0.521654477272149,4.39457015549244));
#6652=CARTESIAN_POINT('Ctrl Pts',(2.00148894258146,-0.256328000895949,4.41004753328106));
#6653=CARTESIAN_POINT('Ctrl Pts',(1.9985047012309,0.268811923122976,4.44068069551549));
#6654=CARTESIAN_POINT('Ctrl Pts',(1.94734532472305,0.523601332267843,4.45554341104894));
#6655=CARTESIAN_POINT('Ctrl Pts',(1.7506404739129,1.00116198418298,4.483401115744));
#6656=CARTESIAN_POINT('Ctrl Pts',(1.60646310797615,1.21916168181931,4.49607000711764));
#6657=CARTESIAN_POINT('Ctrl Pts',(1.23911242980697,1.59201766466015,4.52550284941503));
#6658=CARTESIAN_POINT('Ctrl Pts',(1.01801552429328,1.7417094431979,4.54103826593998));
#6659=CARTESIAN_POINT('Ctrl Pts',(0.539586133981113,1.94257818931755,4.57106630471423));
#6660=CARTESIAN_POINT('Ctrl Pts',(0.288238454082991,1.99542681598017,4.58530534242371));
#6661=CARTESIAN_POINT('Ctrl Pts',(0.0224617783940976,1.99990543323084,4.59886251434486));
#6662=CARTESIAN_POINT('Ctrl Pts',(0.0112289432583269,2.,4.59943273457637));
#6663=CARTESIAN_POINT('Ctrl Pts',(0.,2.,4.6));
#6664=CARTESIAN_POINT('Origin',(0.,3.67394039744206E-15,15.));
#6665=CARTESIAN_POINT('',(-1.77213712329011E-13,2.,5.38749999999998));
#6666=CARTESIAN_POINT('',(1.77072866377757E-13,2.,5.29999999999998));
#6667=CARTESIAN_POINT('',(-2.4492935982947E-16,2.,15.));
#6668=CARTESIAN_POINT('Ctrl Pts',(-3.52357032440409E-13,2.,5.38749999999998));
#6669=CARTESIAN_POINT('Ctrl Pts',(0.196855988189987,2.00000000000003,5.37755519994482));
#6670=CARTESIAN_POINT('Ctrl Pts',(0.392912655044204,1.97094458004316,5.36680333037491));
#6671=CARTESIAN_POINT('Ctrl Pts',(0.832233038135369,1.83735420513735,5.34071329206432));
#6672=CARTESIAN_POINT('Ctrl Pts',(1.06523940321058,1.71281690923724,5.32530990410231));
#6673=CARTESIAN_POINT('Ctrl Pts',(1.4742129026211,1.37768644393626,5.29487468153313));
#6674=CARTESIAN_POINT('Ctrl Pts',(1.64473595046628,1.16880018542074,5.28068001081617));
#6675=CARTESIAN_POINT('Ctrl Pts',(1.88818675099175,0.706992064215373,5.25374120374586));
#6676=CARTESIAN_POINT('Ctrl Pts',(1.96286473155911,0.460657382839244,5.23937168066558));
#6677=CARTESIAN_POINT('Ctrl Pts',(2.01668657124427,-0.0565895717025022,
5.20919894165065));
#6678=CARTESIAN_POINT('Ctrl Pts',(1.9914559359067,-0.323027672567648,5.19365671910018));
#6679=CARTESIAN_POINT('Ctrl Pts',(1.84070742406317,-0.823522905731285,5.1644611638323));
#6680=CARTESIAN_POINT('Ctrl Pts',(1.71944474854735,-1.05351660895909,5.15196893080966));
#6681=CARTESIAN_POINT('Ctrl Pts',(1.39603733915947,-1.45522242076861,5.1239145677476));
#6682=CARTESIAN_POINT('Ctrl Pts',(1.19684367454401,-1.62300018426449,5.10895815450556));
#6683=CARTESIAN_POINT('Ctrl Pts',(0.739502447509494,-1.8770877123393,5.0784432362228));
#6684=CARTESIAN_POINT('Ctrl Pts',(0.484345923590055,-1.95851165134283,5.06317833615529));
#6685=CARTESIAN_POINT('Ctrl Pts',(-0.031272678951093,-2.01576336886339,
5.03546039723385));
#6686=CARTESIAN_POINT('Ctrl Pts',(-0.28626243710919,-1.99558312920976,5.02290972627858));
#6687=CARTESIAN_POINT('Ctrl Pts',(-0.782381765705996,-1.85903160157234,
4.99386394344654));
#6688=CARTESIAN_POINT('Ctrl Pts',(-1.01803747282653,-1.74118045206744,4.97852172823271));
#6689=CARTESIAN_POINT('Ctrl Pts',(-1.43407606181604,-1.41906588240951,4.94810922070822));
#6690=CARTESIAN_POINT('Ctrl Pts',(-1.60930514397793,-1.21669536412577,4.93347389624063));
#6691=CARTESIAN_POINT('Ctrl Pts',(-1.86537837652421,-0.764891677140535,
4.90711868116649));
#6692=CARTESIAN_POINT('Ctrl Pts',(-1.94741615724703,-0.521745811191858,
4.89293517231949));
#6693=CARTESIAN_POINT('Ctrl Pts',(-2.01735261773986,-0.00807153517079079,
4.86297083955159));
#6694=CARTESIAN_POINT('Ctrl Pts',(-2.00078481540394,0.258162089469305,4.84744054478092));
#6695=CARTESIAN_POINT('Ctrl Pts',(-1.86631407021668,0.764367728490293,4.81791188250469));
#6696=CARTESIAN_POINT('Ctrl Pts',(-1.75148645559259,0.999833572759936,4.80515337374857));
#6697=CARTESIAN_POINT('Ctrl Pts',(-1.43961429505795,1.41198755595506,4.7773770117696));
#6698=CARTESIAN_POINT('Ctrl Pts',(-1.24624182410585,1.58525927630689,4.76255443404551));
#6699=CARTESIAN_POINT('Ctrl Pts',(-0.795774543389109,1.8542571965519,4.73195188836569));
#6700=CARTESIAN_POINT('Ctrl Pts',(-0.540939735042,1.94395055864222,4.71646204926656));
#6701=CARTESIAN_POINT('Ctrl Pts',(-0.184354100009808,1.99363342768993,4.69699891950319));
#6702=CARTESIAN_POINT('Ctrl Pts',(-0.0921405277176694,1.99999999999999,
4.69215476886705));
#6703=CARTESIAN_POINT('Ctrl Pts',(-1.26458672593361E-13,2.,4.68749999999996));
#6704=CARTESIAN_POINT('Ctrl Pts',(6.24500451351651E-16,2.,4.6));
#6705=CARTESIAN_POINT('Ctrl Pts',(-0.253593047491488,2.,4.61281105124546));
#6706=CARTESIAN_POINT('Ctrl Pts',(-0.505061101490145,1.95177029852933,4.62692145138019));
#6707=CARTESIAN_POINT('Ctrl Pts',(-0.983563132205111,1.76091745994597,4.65666102917663));
#6708=CARTESIAN_POINT('Ctrl Pts',(-1.20489643256887,1.61754751141368,4.67202400122323));
#6709=CARTESIAN_POINT('Ctrl Pts',(-1.57435646151613,1.259223859654,4.70113954436005));
#6710=CARTESIAN_POINT('Ctrl Pts',(-1.72106807503394,1.0498313336074,4.71375983887289));
#6711=CARTESIAN_POINT('Ctrl Pts',(-1.93336019323461,0.576604607482938,4.74136473123015));
#6712=CARTESIAN_POINT('Ctrl Pts',(-1.99269086036685,0.31543549203027,4.75659959629822));
#6713=CARTESIAN_POINT('Ctrl Pts',(-2.00586642564387,-0.207787866796673,
4.78712095889646));
#6714=CARTESIAN_POINT('Ctrl Pts',(-1.96231513799106,-0.464781815395907,
4.80211227256475));
#6715=CARTESIAN_POINT('Ctrl Pts',(-1.78025402885257,-0.947017460839836,
4.83024268521564));
#6716=CARTESIAN_POINT('Ctrl Pts',(-1.64388190948383,-1.16781994486716,4.84268221121659));
#6717=CARTESIAN_POINT('Ctrl Pts',(-1.28944062677851,-1.55168076484909,4.8717838691728));
#6718=CARTESIAN_POINT('Ctrl Pts',(-1.07250321445451,-1.70882681538296,4.88732657206943));
#6719=CARTESIAN_POINT('Ctrl Pts',(-0.599100234043249,-1.92515746069493,
4.9175516579814));
#6720=CARTESIAN_POINT('Ctrl Pts',(-0.348726286831833,-1.98584619111892,
4.9319701742114));
#6721=CARTESIAN_POINT('Ctrl Pts',(0.172111681406002,-2.01026725868395,4.95899422520076));
#6722=CARTESIAN_POINT('Ctrl Pts',(0.437774210319721,-1.96957222516451,4.9730030193561));
#6723=CARTESIAN_POINT('Ctrl Pts',(0.933692656400504,-1.78796644599035,5.00335273631184));
#6724=CARTESIAN_POINT('Ctrl Pts',(1.1595784442996,-1.65045077964463,5.01877494170293));
#6725=CARTESIAN_POINT('Ctrl Pts',(1.53912300536259,-1.30202025376149,5.04811138722654));
#6726=CARTESIAN_POINT('Ctrl Pts',(1.69143595847221,-1.0968882993907,5.06101484920219));
#6727=CARTESIAN_POINT('Ctrl Pts',(1.91664570582858,-0.629926863156587,5.08825426631585));
#6728=CARTESIAN_POINT('Ctrl Pts',(1.98317916547099,-0.370535538936786,5.10338542689534));
#6729=CARTESIAN_POINT('Ctrl Pts',(2.01089374734195,0.152773437274752,5.13391178384102));
#6730=CARTESIAN_POINT('Ctrl Pts',(1.97425350811873,0.411557199621992,5.14900750331127));
#6731=CARTESIAN_POINT('Ctrl Pts',(1.80534514191179,0.897886772907259,5.17737672841958));
#6732=CARTESIAN_POINT('Ctrl Pts',(1.67581473410116,1.12121229547448,5.18970963426487));
#6733=CARTESIAN_POINT('Ctrl Pts',(1.33289399665133,1.51465093491292,5.21850864867193));
#6734=CARTESIAN_POINT('Ctrl Pts',(1.1198418398249,1.67830420669889,5.23404486960735));
#6735=CARTESIAN_POINT('Ctrl Pts',(0.651296276428773,1.90822211358647,5.26442086293424));
#6736=CARTESIAN_POINT('Ctrl Pts',(0.401986726536431,1.97584021669221,5.27898771448557));
#6737=CARTESIAN_POINT('Ctrl Pts',(0.0977946891604633,1.99820873428483,5.29500734811516));
#6738=CARTESIAN_POINT('Ctrl Pts',(0.0488716093238951,2.,5.2975310967801));
#6739=CARTESIAN_POINT('Ctrl Pts',(3.54390662115343E-13,2.,5.29999999999998));
#6740=CARTESIAN_POINT('Origin',(0.,3.67394039744206E-15,15.));
#6741=CARTESIAN_POINT('',(-1.27192259208541E-14,2.,6.08749999999996));
#6742=CARTESIAN_POINT('',(1.26405596852491E-13,2.,5.99999999999999));
#6743=CARTESIAN_POINT('',(-2.4492935982947E-16,2.,15.));
#6744=CARTESIAN_POINT('Ctrl Pts',(-2.71310751642773E-14,2.,6.08749999999996));
#6745=CARTESIAN_POINT('Ctrl Pts',(0.236129817812793,2.,6.07557115878564));
#6746=CARTESIAN_POINT('Ctrl Pts',(0.470582529691489,1.95818672659684,6.06250748805045));
#6747=CARTESIAN_POINT('Ctrl Pts',(0.939421999308196,1.78515407520778,6.03377580041082));
#6748=CARTESIAN_POINT('Ctrl Pts',(1.16596736758135,1.646151109871,6.0182768946865));
#6749=CARTESIAN_POINT('Ctrl Pts',(1.55134579856672,1.28918712156379,5.98839684020147));
#6750=CARTESIAN_POINT('Ctrl Pts',(1.70669730134085,1.07509670226288,5.97521397429863));
#6751=CARTESIAN_POINT('Ctrl Pts',(1.92371702077104,0.604225350913474,5.94774647880325));
#6752=CARTESIAN_POINT('Ctrl Pts',(1.98525403481876,0.352852480284784,5.93308306134991));
#6753=CARTESIAN_POINT('Ctrl Pts',(2.01055165401446,-0.169442420608157,5.90261585879782));
#6754=CARTESIAN_POINT('Ctrl Pts',(1.97010815163912,-0.435579070026263,5.8870912209151));
#6755=CARTESIAN_POINT('Ctrl Pts',(1.7911803856632,-0.925611427271683,5.85850600007578));
#6756=CARTESIAN_POINT('Ctrl Pts',(1.65866270559068,-1.14626540050951,5.84619316144726));
#6757=CARTESIAN_POINT('Ctrl Pts',(1.3149154448357,-1.52915074826893,5.81766019695373));
#6758=CARTESIAN_POINT('Ctrl Pts',(1.10569853895876,-1.6866284243965,5.80249784733556));
#6759=CARTESIAN_POINT('Ctrl Pts',(0.633714065429321,-1.91538162713613,5.77198209717333));
#6760=CARTESIAN_POINT('Ctrl Pts',(0.374488035117658,-1.98244404197903,5.75693049096538));
#6761=CARTESIAN_POINT('Ctrl Pts',(-0.143155046584927,-2.01087888520164,
5.72995077127194));
#6762=CARTESIAN_POINT('Ctrl Pts',(-0.396386035405661,-1.97662756250927,
5.71679361528509));
#6763=CARTESIAN_POINT('Ctrl Pts',(-0.885343803788671,-1.81246884759196,
5.68730441158682));
#6764=CARTESIAN_POINT('Ctrl Pts',(-1.11528312317437,-1.68077956116384,5.67184736537085));
#6765=CARTESIAN_POINT('Ctrl Pts',(-1.51269936291843,-1.33479868860443,5.64167952395066));
#6766=CARTESIAN_POINT('Ctrl Pts',(-1.67570876898009,-1.1233429789253,5.62802834043727));
#6767=CARTESIAN_POINT('Ctrl Pts',(-1.90622887830919,-0.657049328695123,
5.60082787750718));
#6768=CARTESIAN_POINT('Ctrl Pts',(-1.97453289533669,-0.408168635743157,
5.58630983708498));
#6769=CARTESIAN_POINT('Ctrl Pts',(-2.01448045875378,0.111734447541071,5.55598215722673));
#6770=CARTESIAN_POINT('Ctrl Pts',(-1.98183121378864,0.37813035144621,5.5404423961656));
#6771=CARTESIAN_POINT('Ctrl Pts',(-1.81728503557847,0.873590739501396,5.51154054019571));
#6772=CARTESIAN_POINT('Ctrl Pts',(-1.6905329351236,1.09899152874326,5.49918200769711));
#6773=CARTESIAN_POINT('Ctrl Pts',(-1.35722661035157,1.49160061735901,5.47089289085029));
#6774=CARTESIAN_POINT('Ctrl Pts',(-1.15311223919127,1.65446196415972,5.45583128811097));
#6775=CARTESIAN_POINT('Ctrl Pts',(-0.688501263629395,1.89638323334505,5.42530396480977));
#6776=CARTESIAN_POINT('Ctrl Pts',(-0.4312695218063,1.9708756768979,5.41013639719323));
#6777=CARTESIAN_POINT('Ctrl Pts',(-0.111351732822477,1.99767763527364,5.39319301901829));
#6778=CARTESIAN_POINT('Ctrl Pts',(-0.0556473464459354,1.99999999999999,
5.39031120091436));
#6779=CARTESIAN_POINT('Ctrl Pts',(-3.54182495298192E-13,2.,5.38749999999998));
#6780=CARTESIAN_POINT('Ctrl Pts',(3.54390662115343E-13,2.,5.29999999999998));
#6781=CARTESIAN_POINT('Ctrl Pts',(-0.213959627912723,2.,5.31080884426745));
#6782=CARTESIAN_POINT('Ctrl Pts',(-0.426832184339953,1.96567516964253,5.32256391258157));
#6783=CARTESIAN_POINT('Ctrl Pts',(-0.87982168522835,1.81519339097216,5.34983715535878));
#6784=CARTESIAN_POINT('Ctrl Pts',(-1.11038497467955,1.6840597797701,5.36530951619312));
#6785=CARTESIAN_POINT('Ctrl Pts',(-1.50059484546837,1.34626541006096,5.39487453219609));
#6786=CARTESIAN_POINT('Ctrl Pts',(-1.65887208699861,1.14555625453982,5.40817588515183));
#6787=CARTESIAN_POINT('Ctrl Pts',(-1.89754848230613,0.685294375496049,5.43502449476272));
#6788=CARTESIAN_POINT('Ctrl Pts',(-1.97157299219528,0.427985677174745,5.45003416883146));
#6789=CARTESIAN_POINT('Ctrl Pts',(-2.01454470075997,-0.09497596738165,5.48054026476392));
#6790=CARTESIAN_POINT('Ctrl Pts',(-1.98521844803058,-0.355439100365581,
5.49573394752131));
#6791=CARTESIAN_POINT('Ctrl Pts',(-1.83010086462584,-0.845961059803325,
5.52434772848852));
#6792=CARTESIAN_POINT('Ctrl Pts',(-1.70759019062372,-1.07193784767637,5.53666722563777));
#6793=CARTESIAN_POINT('Ctrl Pts',(-1.37666050363925,-1.47512764838257,5.56514488324641));
#6794=CARTESIAN_POINT('Ctrl Pts',(-1.1678197206475,-1.64540710322766,5.58066161704539));
#6795=CARTESIAN_POINT('Ctrl Pts',(-0.704691308387465,-1.88925063925099,
5.61117011010958));
#6796=CARTESIAN_POINT('Ctrl Pts',(-0.456680616932168,-1.96401028448102,
5.62587964071606));
#6797=CARTESIAN_POINT('Ctrl Pts',(0.0586684890988974,-2.01614139113907,
5.65343461402262));
#6798=CARTESIAN_POINT('Ctrl Pts',(0.321251092501693,-1.99125328816164,5.66648412284277));
#6799=CARTESIAN_POINT('Ctrl Pts',(0.824181117316054,-1.84123803887606,5.69626666131948));
#6800=CARTESIAN_POINT('Ctrl Pts',(1.05932453687095,-1.71675775945421,5.71177634633655));
#6801=CARTESIAN_POINT('Ctrl Pts',(1.46032713483552,-1.38992029995101,5.74156701438661));
#6802=CARTESIAN_POINT('Ctrl Pts',(1.62469512896511,-1.19361114920713,5.75537268296291));
#6803=CARTESIAN_POINT('Ctrl Pts',(1.87680585859887,-0.740199212979127,5.78182171257621));
#6804=CARTESIAN_POINT('Ctrl Pts',(1.9582706935582,-0.485200925522674,5.79669661267783));
#6805=CARTESIAN_POINT('Ctrl Pts',(2.01653805094513,0.0369630136456823,5.82715617579599));
#6806=CARTESIAN_POINT('Ctrl Pts',(1.99460814712705,0.298905043606683,5.84243612754371));
#6807=CARTESIAN_POINT('Ctrl Pts',(1.85333171605327,0.793523293405768,5.87128885878199));
#6808=CARTESIAN_POINT('Ctrl Pts',(1.73771113242496,1.02218741438888,5.88369451712106));
#6809=CARTESIAN_POINT('Ctrl Pts',(1.418719043431,1.43487065943061,5.91184600150748));
#6810=CARTESIAN_POINT('Ctrl Pts',(1.21423102549909,1.61159149814072,5.92733071537061));
#6811=CARTESIAN_POINT('Ctrl Pts',(0.756846247987778,1.86906347488056,5.95794654682889));
#6812=CARTESIAN_POINT('Ctrl Pts',(0.510316232959356,1.95085208393106,5.97278628784844));
#6813=CARTESIAN_POINT('Ctrl Pts',(0.170281159556572,1.9945691272282,5.99123931062971));
#6814=CARTESIAN_POINT('Ctrl Pts',(0.0850997394511964,2.,5.9957009187205));
#6815=CARTESIAN_POINT('Ctrl Pts',(2.53056123064812E-13,2.,5.99999999999999));
#6816=CARTESIAN_POINT('Origin',(0.,3.67394039744206E-15,15.));
#6817=CARTESIAN_POINT('',(3.77745712568101E-14,2.,6.78749999999996));
#6818=CARTESIAN_POINT('',(-5.73492783668705E-16,2.,6.7));
#6819=CARTESIAN_POINT('',(-2.4492935982947E-16,2.,15.));
#6820=CARTESIAN_POINT('Ctrl Pts',(7.57940718734496E-14,2.,6.78749999999996));
#6821=CARTESIAN_POINT('Ctrl Pts',(0.022280777556005,2.,6.78637441636949));
#6822=CARTESIAN_POINT('Ctrl Pts',(0.044575776393419,1.99962767726144,6.78523725489299));
#6823=CARTESIAN_POINT('Ctrl Pts',(0.321728458792129,1.99035508888914,6.77096556401721));
#6824=CARTESIAN_POINT('Ctrl Pts',(0.572567641552082,1.93316953884495,6.75662572104307));
#6825=CARTESIAN_POINT('Ctrl Pts',(1.04827793916548,1.72373608118805,6.7264852417112));
#6826=CARTESIAN_POINT('Ctrl Pts',(1.26710482830415,1.56990880120543,6.71094388341857));
#6827=CARTESIAN_POINT('Ctrl Pts',(1.62732992392345,1.19094170040304,6.68169277141843));
#6828=CARTESIAN_POINT('Ctrl Pts',(1.76718002608884,0.971397033646655,6.66916482696268));
#6829=CARTESIAN_POINT('Ctrl Pts',(1.95581340910142,0.491244372142985,6.6411559217083));
#6830=CARTESIAN_POINT('Ctrl Pts',(2.00279137146791,0.235212556807061,6.62622073248037));
#6831=CARTESIAN_POINT('Ctrl Pts',(1.99686941835834,-0.287815821879515,6.59571074372365));
#6832=CARTESIAN_POINT('Ctrl Pts',(1.9411557174863,-0.549796132269273,6.58042855895092));
#6833=CARTESIAN_POINT('Ctrl Pts',(1.73534629184903,-1.02610630677278,6.55264379877155));
#6834=CARTESIAN_POINT('Ctrl Pts',(1.59140553240782,-1.23764522097642,6.54013020881746));
#6835=CARTESIAN_POINT('Ctrl Pts',(1.22695246399642,-1.60082449247959,6.51112598581429));
#6836=CARTESIAN_POINT('Ctrl Pts',(1.00792357498107,-1.74703479327884,6.49579658475472));
#6837=CARTESIAN_POINT('Ctrl Pts',(0.522125968564638,-1.94876919536086,6.46537106904583));
#6838=CARTESIAN_POINT('Ctrl Pts',(0.259536673659645,-2.00070941239611,6.45063200343002));
#6839=CARTESIAN_POINT('Ctrl Pts',(-0.259630723089363,-1.99930496919429,
6.42436366482989));
#6840=CARTESIAN_POINT('Ctrl Pts',(-0.511353132015548,-1.95015344775637,
6.41021352873943));
#6841=CARTESIAN_POINT('Ctrl Pts',(-0.991980850079277,-1.75660855586134,
6.38028804693213));
#6842=CARTESIAN_POINT('Ctrl Pts',(-1.21495268317132,-1.61046559484257,6.36476141971489));
#6843=CARTESIAN_POINT('Ctrl Pts',(-1.58834915931934,-1.24286848511837,6.33517653869632));
#6844=CARTESIAN_POINT('Ctrl Pts',(-1.7362366202145,-1.0261780869745,6.32236038840681));
#6845=CARTESIAN_POINT('Ctrl Pts',(-1.93976983607311,-0.550839401870579,
6.29463229844241));
#6846=CARTESIAN_POINT('Ctrl Pts',(-1.99444180722366,-0.297152650168005,
6.27983390459309));
#6847=CARTESIAN_POINT('Ctrl Pts',(-2.00495832063792,0.227133435762662,6.24925054958047));
#6848=CARTESIAN_POINT('Ctrl Pts',(-1.95669065369486,0.492788878077378,6.23375398211211));
#6849=CARTESIAN_POINT('Ctrl Pts',(-1.76341988819427,0.977228220318311,6.20549502048139));
#6850=CARTESIAN_POINT('Ctrl Pts',(-1.62509178320757,1.19319303159866,6.19312849802978));
#6851=CARTESIAN_POINT('Ctrl Pts',(-1.27080514509267,1.56612139700831,6.16435351569031));
#6852=CARTESIAN_POINT('Ctrl Pts',(-1.05653957723802,1.71796119076966,6.14910055525203));
#6853=CARTESIAN_POINT('Ctrl Pts',(-0.577438795895908,1.93308508949914,6.11862282376153));
#6854=CARTESIAN_POINT('Ctrl Pts',(-0.316410504941276,1.99253296215772,6.10370226149639));
#6855=CARTESIAN_POINT('Ctrl Pts',(-0.0342282029075749,1.99978043609404,
6.08923554938644));
#6856=CARTESIAN_POINT('Ctrl Pts',(-0.0171100168106604,2.,6.08836436637097));
#6857=CARTESIAN_POINT('Ctrl Pts',(-2.51935224818787E-14,2.,6.08749999999996));
#6858=CARTESIAN_POINT('Ctrl Pts',(2.558196710023E-13,2.,5.99999999999999));
#6859=CARTESIAN_POINT('Ctrl Pts',(-0.173146140715865,2.,6.00874702245824));
#6860=CARTESIAN_POINT('Ctrl Pts',(-0.345887357082457,1.97752233251944,6.01812918752292));
#6861=CARTESIAN_POINT('Ctrl Pts',(-0.769329693656364,1.86493311326142,6.04280456261441));
#6862=CARTESIAN_POINT('Ctrl Pts',(-1.00874863372602,1.74707137136483,6.05833719833416));
#6863=CARTESIAN_POINT('Ctrl Pts',(-1.42003463229881,1.43115295766003,6.08832889257467));
#6864=CARTESIAN_POINT('Ctrl Pts',(-1.59039067751899,1.23911322832246,6.10253612334653));
#6865=CARTESIAN_POINT('Ctrl Pts',(-1.8553731186644,0.792345115121808,6.12895328230756));
#6866=CARTESIAN_POINT('Ctrl Pts',(-1.9439702330374,0.539727616924046,6.14351588901276));
#6867=CARTESIAN_POINT('Ctrl Pts',(-2.01688266407603,0.0185386992978543,
6.17391857587428));
#6868=CARTESIAN_POINT('Ctrl Pts',(-2.00208086923901,-0.244624222959763,
6.18926974633931));
#6869=CARTESIAN_POINT('Ctrl Pts',(-1.8740686194728,-0.743061176764858,6.21834523531127));
#6870=CARTESIAN_POINT('Ctrl Pts',(-1.76491608006286,-0.974332899408725,
6.23092441684796));
#6871=CARTESIAN_POINT('Ctrl Pts',(-1.45910295527435,-1.3933325565654,6.25859435304955));
#6872=CARTESIAN_POINT('Ctrl Pts',(-1.2616796481803,-1.57432023755973,6.2738466203677));
#6873=CARTESIAN_POINT('Ctrl Pts',(-0.813885725434824,-1.84504791934921,
6.30436456433077));
#6874=CARTESIAN_POINT('Ctrl Pts',(-0.56922403191835,-1.93458611570254,6.3193359508363));
#6875=CARTESIAN_POINT('Ctrl Pts',(-0.0600284657334552,-2.015609040427,6.34742273672971));
#6876=CARTESIAN_POINT('Ctrl Pts',(0.199609912698157,-2.00660028291939,6.35989141497073));
#6877=CARTESIAN_POINT('Ctrl Pts',(0.708784883836579,-1.8888942598919,6.38904708414103));
#6878=CARTESIAN_POINT('Ctrl Pts',(0.952657147544219,-1.77840510215152,6.40458965982133));
#6879=CARTESIAN_POINT('Ctrl Pts',(1.37498118335015,-1.47462415599346,6.43478496579641));
#6880=CARTESIAN_POINT('Ctrl Pts',(1.55172174469468,-1.2873587899974,6.44917547823817));
#6881=CARTESIAN_POINT('Ctrl Pts',(1.83136514009324,-0.846851122379418,6.47615068513461));
#6882=CARTESIAN_POINT('Ctrl Pts',(1.92783674710572,-0.595457732489713,6.49026496560476));
#6883=CARTESIAN_POINT('Ctrl Pts',(2.01569003671756,-0.0743337068764779,
6.52066386709886));
#6884=CARTESIAN_POINT('Ctrl Pts',(2.00810558981458,0.189864788770801,6.53607544601162));
#6885=CARTESIAN_POINT('Ctrl Pts',(1.89347189811075,0.692045197062682,6.56536930316198));
#6886=CARTESIAN_POINT('Ctrl Pts',(1.79072132220665,0.925983842723275,6.57821060297187));
#6887=CARTESIAN_POINT('Ctrl Pts',(1.49661775347244,1.35295130531712,6.60552138840646));
#6888=CARTESIAN_POINT('Ctrl Pts',(1.30423720851033,1.53924190456912,6.62067357316729));
#6889=CARTESIAN_POINT('Ctrl Pts',(0.863473307175926,1.82246475634296,6.65120081592226));
#6890=CARTESIAN_POINT('Ctrl Pts',(0.620655756225461,1.91879494145325,6.66627713943176));
#6891=CARTESIAN_POINT('Ctrl Pts',(0.245155871242181,1.98873365599976,6.68728657757767));
#6892=CARTESIAN_POINT('Ctrl Pts',(0.122575908742753,2.,6.69380769203298));
#6893=CARTESIAN_POINT('Ctrl Pts',(-2.77555756156289E-16,2.,6.7));
#6894=CARTESIAN_POINT('Origin',(0.,3.67394039744206E-15,15.));
#6895=CARTESIAN_POINT('',(2.0233310899333E-13,2.,7.48749999999994));
#6896=CARTESIAN_POINT('',(-6.33171065070754E-14,2.,7.40000000000001));
#6897=CARTESIAN_POINT('',(-2.4492935982947E-16,2.,15.));
#6898=CARTESIAN_POINT('Ctrl Pts',(4.04911147346489E-13,2.,7.48749999999994));
#6899=CARTESIAN_POINT('Ctrl Pts',(0.0573700527424278,2.,7.48460177115295));
#6900=CARTESIAN_POINT('Ctrl Pts',(0.114803286522689,1.99753162614374,7.48162835627942));
#6901=CARTESIAN_POINT('Ctrl Pts',(0.427518667144134,1.97051547247039,7.46504258307723));
#6902=CARTESIAN_POINT('Ctrl Pts',(0.676248105425312,1.89956684577596,7.45040789741911));
#6903=CARTESIAN_POINT('Ctrl Pts',(1.14231949906102,1.66314474621641,7.41996718894812));
#6904=CARTESIAN_POINT('Ctrl Pts',(1.35343394792283,1.49639110950691,7.40443843012125));
#6905=CARTESIAN_POINT('Ctrl Pts',(1.69077870499094,1.09839054981951,7.37578804791219));
#6906=CARTESIAN_POINT('Ctrl Pts',(1.81703189477199,0.873837083464648,7.36347382986872));
#6907=CARTESIAN_POINT('Ctrl Pts',(1.97954068770409,0.385548572502727,7.33499033339594));
#6908=CARTESIAN_POINT('Ctrl Pts',(2.0127946362017,0.125960143750596,7.31984767505207));
#6909=CARTESIAN_POINT('Ctrl Pts',(1.97799975643936,-0.397243302202422,7.28932747403814));
#6910=CARTESIAN_POINT('Ctrl Pts',(1.90798135569629,-0.655695744594112,7.2742510815653));
#6911=CARTESIAN_POINT('Ctrl Pts',(1.67651237318462,-1.11956431596773,7.2471920815685));
#6912=CARTESIAN_POINT('Ctrl Pts',(1.52144393954768,-1.32263855740335,7.23411690636382));
#6913=CARTESIAN_POINT('Ctrl Pts',(1.13696145336334,-1.66616746487739,7.20467396987565));
#6914=CARTESIAN_POINT('Ctrl Pts',(0.908891910279453,-1.80075240879941,7.18922692461975));
#6915=CARTESIAN_POINT('Ctrl Pts',(0.411281385516418,-1.97511170046528,7.15900308286744));
#6916=CARTESIAN_POINT('Ctrl Pts',(0.146337471290683,-2.01215101486938,7.14524710271401));
#6917=CARTESIAN_POINT('Ctrl Pts',(-0.37328557903106,-1.98141632175568,7.11810027971657));
#6918=CARTESIAN_POINT('Ctrl Pts',(-0.623193031553893,-1.91753538619042,
7.10361222395126));
#6919=CARTESIAN_POINT('Ctrl Pts',(-1.09440686614783,-1.6949362136559,7.07331489758891));
#6920=CARTESIAN_POINT('Ctrl Pts',(-1.3095788922476,-1.53478294304086,7.05777366815011));
#6921=CARTESIAN_POINT('Ctrl Pts',(-1.65872661039673,-1.14649373458723,7.0288102699441));
#6922=CARTESIAN_POINT('Ctrl Pts',(-1.79194128410975,-0.924535408892062,
7.01643123218533));
#6923=CARTESIAN_POINT('Ctrl Pts',(-1.96796952494092,-0.440409581222372,
6.98819055890459));
#6924=CARTESIAN_POINT('Ctrl Pts',(-2.00835928418248,-0.182572073079426,
6.97315003759625));
#6925=CARTESIAN_POINT('Ctrl Pts',(-1.98851780027264,0.340741046276628,6.94262343896715));
#6926=CARTESIAN_POINT('Ctrl Pts',(-1.92587697713085,0.60112017904653,6.92743465622224));
#6927=CARTESIAN_POINT('Ctrl Pts',(-1.70765058868741,1.07148853449686,6.8999965021543));
#6928=CARTESIAN_POINT('Ctrl Pts',(-1.55837949978141,1.27892124131882,6.88725791086843));
#6929=CARTESIAN_POINT('Ctrl Pts',(-1.1843044925515,1.63273665182474,6.85804071794306));
#6930=CARTESIAN_POINT('Ctrl Pts',(-0.960872759533256,1.77344950299875,6.84264923563684));
#6931=CARTESIAN_POINT('Ctrl Pts',(-0.487727280517061,1.95506526395526,6.81344967567897));
#6932=CARTESIAN_POINT('Ctrl Pts',(-0.244786977121829,2.,6.79986618487431));
#6933=CARTESIAN_POINT('Ctrl Pts',(7.72992780895265E-14,2.,6.78749999999996));
#6934=CARTESIAN_POINT('Ctrl Pts',(1.11022302462516E-15,2.,6.7));
#6935=CARTESIAN_POINT('Ctrl Pts',(-0.132363215905353,2.,6.70668674460421));
#6936=CARTESIAN_POINT('Ctrl Pts',(-0.264682558961144,1.98686297855957,6.71375443595862));
#6937=CARTESIAN_POINT('Ctrl Pts',(-0.655682840237624,1.90808170209304,6.73580483348311));
#6938=CARTESIAN_POINT('Ctrl Pts',(-0.903238861668864,1.80411562515411,6.75134324925995));
#6939=CARTESIAN_POINT('Ctrl Pts',(-1.3348492433114,1.51116153010009,6.78169190107633));
#6940=CARTESIAN_POINT('Ctrl Pts',(-1.51701789430405,1.32820497577135,6.79623095688367));
#6941=CARTESIAN_POINT('Ctrl Pts',(-1.80708981388754,0.896738736376509,6.82346928519091));
#6942=CARTESIAN_POINT('Ctrl Pts',(-1.90957695077748,0.650595332635149,6.83704860559628));
#6943=CARTESIAN_POINT('Ctrl Pts',(-2.01269663784063,0.134116296389462,6.86717654937727));
#6944=CARTESIAN_POINT('Ctrl Pts',(-2.01290331748207,-0.13097724161863,6.88264033909441));
#6945=CARTESIAN_POINT('Ctrl Pts',(-1.9126789493804,-0.6370646657442,6.91216210550174));
#6946=CARTESIAN_POINT('Ctrl Pts',(-1.81670031387365,-0.873920716956779,
6.9253796845767));
#6947=CARTESIAN_POINT('Ctrl Pts',(-1.53504804709817,-1.30917920344027,6.95230327481936));
#6948=CARTESIAN_POINT('Ctrl Pts',(-1.34815597260863,-1.50091710987042,6.96733707200622));
#6949=CARTESIAN_POINT('Ctrl Pts',(-0.915204466924741,-1.79714760834777,
6.99784903669267));
#6950=CARTESIAN_POINT('Ctrl Pts',(-0.674538325528885,-1.90061992331033,
7.01302498709538));
#6951=CARTESIAN_POINT('Ctrl Pts',(-0.171546194193869,-2.00887643375624,
7.04159269986238));
#6952=CARTESIAN_POINT('Ctrl Pts',(0.0856343225549586,-2.01436740805816,
7.05390703802646));
#6953=CARTESIAN_POINT('Ctrl Pts',(0.599821640288877,-1.92648112330939,7.08244617930021));
#6954=CARTESIAN_POINT('Ctrl Pts',(0.851035536494523,-1.82943344459377,7.09796759752345));
#6955=CARTESIAN_POINT('Ctrl Pts',(1.29202892309917,-1.54804746764929,7.12845285793353));
#6956=CARTESIAN_POINT('Ctrl Pts',(1.47974007060794,-1.36974285647237,7.14313622872797));
#6957=CARTESIAN_POINT('Ctrl Pts',(1.78054104957094,-0.947711198494655,7.17064139395945));
#6958=CARTESIAN_POINT('Ctrl Pts',(1.88913637333235,-0.706875650744716,7.18376558703989));
#6959=CARTESIAN_POINT('Ctrl Pts',(2.00778145880572,-0.195362671573218,7.21360384415823));
#6960=CARTESIAN_POINT('Ctrl Pts',(2.01603304883956,0.0704155216744425,7.22910757209767));
#6961=CARTESIAN_POINT('Ctrl Pts',(1.93067927099775,0.580394849021607,7.25885636619292));
#6962=CARTESIAN_POINT('Ctrl Pts',(1.84157065789894,0.820312754999375,7.27255971528555));
#6963=CARTESIAN_POINT('Ctrl Pts',(1.57258972617254,1.26382804228751,7.29908399649863));
#6964=CARTESIAN_POINT('Ctrl Pts',(1.39140645613214,1.46090299515,7.31398505930854));
#6965=CARTESIAN_POINT('Ctrl Pts',(0.966745580993583,1.7700631373505,7.34445531129808));
#6966=CARTESIAN_POINT('Ctrl Pts',(0.728464643773392,1.88071118468797,7.35972005779619));
#6967=CARTESIAN_POINT('Ctrl Pts',(0.319644360469246,1.98081598883449,7.38329262505435));
#6968=CARTESIAN_POINT('Ctrl Pts',(0.159957425324943,2.00000000000001,7.39191924702511));
#6969=CARTESIAN_POINT('Ctrl Pts',(-1.24414367697057E-13,2.,7.40000000000001));
#6970=CARTESIAN_POINT('Origin',(0.,3.67394039744206E-15,15.));
#6971=CARTESIAN_POINT('',(7.58424107357856E-14,2.,8.18749999999995));
#6972=CARTESIAN_POINT('',(-1.77317795737569E-13,2.,8.10000000000002));
#6973=CARTESIAN_POINT('',(-2.4492935982947E-16,2.,15.));
#6974=CARTESIAN_POINT('Ctrl Pts',(1.51929750831401E-13,2.,8.18749999999995));
#6975=CARTESIAN_POINT('Ctrl Pts',(0.0932050212754185,2.,8.18279145488918));
#6976=CARTESIAN_POINT('Ctrl Pts',(0.186487464026739,1.99348547781764,8.17788899169178));
#6977=CARTESIAN_POINT('Ctrl Pts',(0.534347075619204,1.94444832682758,8.15888551792017));
#6978=CARTESIAN_POINT('Ctrl Pts',(0.780145912467268,1.85950213859291,8.14399061860901));
#6979=CARTESIAN_POINT('Ctrl Pts',(1.23481607795776,1.59593324203851,8.11333409749615));
#6980=CARTESIAN_POINT('Ctrl Pts',(1.43728085932964,1.416344971262,8.09786796036285));
#6981=CARTESIAN_POINT('Ctrl Pts',(1.75086218946178,0.999425560562326,8.0698662626647));
#6982=CARTESIAN_POINT('Ctrl Pts',(1.86338838830039,0.769524553734956,8.05738893230115));
#6983=CARTESIAN_POINT('Ctrl Pts',(1.99835136028937,0.273075522296937,8.02842940546726));
#6984=CARTESIAN_POINT('Ctrl Pts',(2.0168925985872,0.0105283149213605,8.01311415170369));
#6985=CARTESIAN_POINT('Ctrl Pts',(1.95166172559256,-0.511123078325339,7.98268448709763));
#6986=CARTESIAN_POINT('Ctrl Pts',(1.86683280755077,-0.764995745312677,7.96787524819004));
#6987=CARTESIAN_POINT('Ctrl Pts',(1.60862101750495,-1.21524308756577,7.94161081989194));
#6988=CARTESIAN_POINT('Ctrl Pts',(1.44143690869827,-1.40955568261815,7.92754001647522));
#6989=CARTESIAN_POINT('Ctrl Pts',(1.03548343088246,-1.73129769321849,7.89764785640103));
#6990=CARTESIAN_POINT('Ctrl Pts',(0.79829300940116,-1.85266151720779,7.88212565725334));
#6991=CARTESIAN_POINT('Ctrl Pts',(0.2938679941212,-1.99535053057727,7.85248127650708));
#6992=CARTESIAN_POINT('Ctrl Pts',(0.0319750385693631,-2.01661637158909,
7.83959996391977));
#6993=CARTESIAN_POINT('Ctrl Pts',(-0.482028141085965,-1.95798587971041,
7.81192341891954));
#6994=CARTESIAN_POINT('Ctrl Pts',(-0.729364915068791,-1.87990761681491,
7.79715114036079));
#6995=CARTESIAN_POINT('Ctrl Pts',(-1.18983278914289,-1.62961997112275,7.76658909956124));
#6996=CARTESIAN_POINT('Ctrl Pts',(-1.39664433692719,-1.45628932898405,7.7510858860052));
#6997=CARTESIAN_POINT('Ctrl Pts',(-1.72195561601108,-1.04860564137045,7.72276098826005));
#6998=CARTESIAN_POINT('Ctrl Pts',(-1.84121206950535,-0.821370788352446,
7.71041329598718));
#6999=CARTESIAN_POINT('Ctrl Pts',(-1.98982995893801,-0.328911189180185,
7.68168648603546));
#7000=CARTESIAN_POINT('Ctrl Pts',(-2.015689080129,-0.0677276360090495,7.66645077876714));
#7001=CARTESIAN_POINT('Ctrl Pts',(-1.96553077786304,0.454915311745128,7.63596327348148));
#7002=CARTESIAN_POINT('Ctrl Pts',(-1.88800175754001,0.711166208561172,7.62101530450055));
#7003=CARTESIAN_POINT('Ctrl Pts',(-1.64300658738975,1.16822669780765,7.59435344262783));
#7004=CARTESIAN_POINT('Ctrl Pts',(-1.48188293575578,1.36686532035488,7.58082841044455));
#7005=CARTESIAN_POINT('Ctrl Pts',(-1.08661559834785,1.69955042124665,7.55115692093212));
#7006=CARTESIAN_POINT('Ctrl Pts',(-0.85388632828509,1.82759043124079,7.53566536880271));
#7007=CARTESIAN_POINT('Ctrl Pts',(-0.407631986779899,1.96871680432257,7.50900523980409));
#7008=CARTESIAN_POINT('Ctrl Pts',(-0.204262481717644,2.,7.49781896239542));
#7009=CARTESIAN_POINT('Ctrl Pts',(4.05543654213858E-13,2.,7.48749999999994));
#7010=CARTESIAN_POINT('Ctrl Pts',(-1.26389283654321E-13,2.,7.40000000000001));
#7011=CARTESIAN_POINT('Ctrl Pts',(-0.0930947430101309,1.99999999999999,
7.40470297405699));
#7012=CARTESIAN_POINT('Ctrl Pts',(-0.186261772911698,1.99350089564602,7.40959915712423));
#7013=CARTESIAN_POINT('Ctrl Pts',(-0.543688098483379,1.94317833700717,7.42912341463024));
#7014=CARTESIAN_POINT('Ctrl Pts',(-0.798359170267029,1.85314030411005,7.44461503495986));
#7015=CARTESIAN_POINT('Ctrl Pts',(-1.24839359714419,1.58355977492671,7.47521270642581));
#7016=CARTESIAN_POINT('Ctrl Pts',(-1.44150588001915,1.41005022570814,7.49002907660525));
#7017=CARTESIAN_POINT('Ctrl Pts',(-1.75286630110736,0.997436453986001,7.51779299695355));
#7018=CARTESIAN_POINT('Ctrl Pts',(-1.86740719127156,0.761724909016858,7.53056604697402));
#7019=CARTESIAN_POINT('Ctrl Pts',(-2.00115081103875,0.255270085237373,7.56010924502782));
#7020=CARTESIAN_POINT('Ctrl Pts',(-2.0173341242219,-0.0109480982829396,
7.57563863906651));
#7021=CARTESIAN_POINT('Ctrl Pts',(-1.94668461276335,-0.524451984375165,
7.60559303242189));
#7022=CARTESIAN_POINT('Ctrl Pts',(-1.86432226614977,-0.767450904810537,
7.61976796944728));
#7023=CARTESIAN_POINT('Ctrl Pts',(-1.6076564862248,-1.21887155177006,7.64610084051992));
#7024=CARTESIAN_POINT('Ctrl Pts',(-1.43215687726393,-1.42100225702326,7.66076265195146));
#7025=CARTESIAN_POINT('Ctrl Pts',(-1.01571294755374,-1.742532359284,7.69117858957295));
#7026=CARTESIAN_POINT('Ctrl Pts',(-0.779932651533784,-1.8600556851592,7.70651753726477));
#7027=CARTESIAN_POINT('Ctrl Pts',(-0.283650574239019,-1.99595846110942,
7.7355526199355));
#7028=CARTESIAN_POINT('Ctrl Pts',(-0.0286150304060019,-2.0158053590148,
7.74809343200514));
#7029=CARTESIAN_POINT('Ctrl Pts',(0.486948113889994,-1.9578664500916,7.77582861236129));
#7030=CARTESIAN_POINT('Ctrl Pts',(0.741997586538087,-1.87610303125221,7.79109800589199));
#7031=CARTESIAN_POINT('Ctrl Pts',(1.19897291590624,-1.62142260783235,7.82161173248297));
#7032=CARTESIAN_POINT('Ctrl Pts',(1.39792153413417,-1.45340671074916,7.83656271199817));
#7033=CARTESIAN_POINT('Ctrl Pts',(1.72083977767813,-1.0512545367202,7.86460538220553));
#7034=CARTESIAN_POINT('Ctrl Pts',(1.84183052417624,-0.821031386194764,7.87710650247198));
#7035=CARTESIAN_POINT('Ctrl Pts',(1.99189312654691,-0.320290475067514,7.9063163889544));
#7036=CARTESIAN_POINT('Ctrl Pts',(2.01675668583106,-0.053855480924706,7.9218584302794));
#7037=CARTESIAN_POINT('Ctrl Pts',(1.96225011199093,0.46325040509519,7.95202294029723));
#7038=CARTESIAN_POINT('Ctrl Pts',(1.88725844648938,0.709454691193391,7.96638485698629));
#7039=CARTESIAN_POINT('Ctrl Pts',(1.64316542974183,1.17103741687523,7.9933105159844));
#7040=CARTESIAN_POINT('Ctrl Pts',(1.47226459075478,1.37979460191612,8.00753459458255));
#7041=CARTESIAN_POINT('Ctrl Pts',(1.06271664115939,1.7143775077678,8.03798286682757));
#7042=CARTESIAN_POINT('Ctrl Pts',(0.829562819467333,1.83855601663057,8.05338323940293));
#7043=CARTESIAN_POINT('Ctrl Pts',(0.391005151797009,1.97122804591474,8.07940796166196));
#7044=CARTESIAN_POINT('Ctrl Pts',(0.195893556339425,2.00000000000003,8.09010382022006));
#7045=CARTESIAN_POINT('Ctrl Pts',(-3.54091755916386E-13,2.,8.10000000000002));
#7046=CARTESIAN_POINT('Origin',(0.,3.67394039744206E-15,15.));
#7047=CARTESIAN_POINT('',(-4.70213465649351E-15,2.,8.88749999999996));
#7048=CARTESIAN_POINT('',(-1.2649836981815E-14,2.,8.8));
#7049=CARTESIAN_POINT('',(-2.4492935982947E-16,2.,15.));
#7050=CARTESIAN_POINT('Ctrl Pts',(-1.59594559789866E-15,2.,8.88749999999996));
#7051=CARTESIAN_POINT('Ctrl Pts',(0.13087703929791,2.,8.88088833428639));
#7052=CARTESIAN_POINT('Ctrl Pts',(0.261717095637388,1.98715627681233,8.8739039282904));
#7053=CARTESIAN_POINT('Ctrl Pts',(0.644807506205124,1.91085744183177,8.85232552733276));
#7054=CARTESIAN_POINT('Ctrl Pts',(0.886688899671795,1.81132933277194,8.83720322398423));
#7055=CARTESIAN_POINT('Ctrl Pts',(1.3240084207877,1.52226537436506,8.8066796193307));
#7056=CARTESIAN_POINT('Ctrl Pts',(1.51395516582925,1.33351921891517,8.7915787652467));
#7057=CARTESIAN_POINT('Ctrl Pts',(1.80250215337955,0.902829313250376,8.76444011674958));
#7058=CARTESIAN_POINT('Ctrl Pts',(1.90222702147008,0.667599526991042,8.75144330574108));
#7059=CARTESIAN_POINT('Ctrl Pts',(2.01045441290746,0.163665864052057,8.72204717540298));
#7060=CARTESIAN_POINT('Ctrl Pts',(2.0145764158,-0.10095875622679,8.70661073922005));
#7061=CARTESIAN_POINT('Ctrl Pts',(1.91990877229156,-0.620039009528739,8.67633105777743));
#7062=CARTESIAN_POINT('Ctrl Pts',(1.82075004091047,-0.869085775711983,8.66246591925493));
#7063=CARTESIAN_POINT('Ctrl Pts',(1.53646623328834,-1.30558590654491,8.63537317381399));
#7064=CARTESIAN_POINT('Ctrl Pts',(1.3573060937249,-1.49095985257082,8.62091559517613));
#7065=CARTESIAN_POINT('Ctrl Pts',(0.930831169546099,-1.7899741665541,8.59064962077736));
#7066=CARTESIAN_POINT('Ctrl Pts',(0.685304869319962,-1.89758551861664,8.57510742223344));
#7067=CARTESIAN_POINT('Ctrl Pts',(0.174983379962511,-2.00881674906394,8.54608268120236));
#7068=CARTESIAN_POINT('Ctrl Pts',(-0.0840990867950835,-2.01466815893502,
8.53367929114224));
#7069=CARTESIAN_POINT('Ctrl Pts',(-0.59199154912961,-1.92778083405164,8.50548729063809));
#7070=CARTESIAN_POINT('Ctrl Pts',(-0.835861727151406,-1.83523900777129,
8.49046828415702));
#7071=CARTESIAN_POINT('Ctrl Pts',(-1.28059436287419,-1.55897068699459,8.45994338877607));
#7072=CARTESIAN_POINT('Ctrl Pts',(-1.4758087008554,-1.37562328352922,8.44473388924898));
#7073=CARTESIAN_POINT('Ctrl Pts',(-1.77645827668723,-0.953089016648657,
8.41722171319703));
#7074=CARTESIAN_POINT('Ctrl Pts',(-1.88278288312901,-0.720650004959426,
8.40453791695591));
#7075=CARTESIAN_POINT('Ctrl Pts',(-2.00491547641885,-0.220554326322426,
8.37536566903542));
#7076=CARTESIAN_POINT('Ctrl Pts',(-2.01654810372231,0.0430879760296671,
8.35998653473155));
#7077=CARTESIAN_POINT('Ctrl Pts',(-1.93716573362713,0.563675221105225,8.32961894543547));
#7078=CARTESIAN_POINT('Ctrl Pts',(-1.84544672830997,0.815216487152968,8.31528473776074));
#7079=CARTESIAN_POINT('Ctrl Pts',(-1.57475724194353,1.25898472713712,8.28866676574358));
#7080=CARTESIAN_POINT('Ctrl Pts',(-1.40177496787473,1.44909776610074,8.27438305788851));
#7081=CARTESIAN_POINT('Ctrl Pts',(-0.985933906833832,1.76009916950504,8.24430466312599));
#7082=CARTESIAN_POINT('Ctrl Pts',(-0.744667852413367,1.87496623226584,8.2287660594172));
#7083=CARTESIAN_POINT('Ctrl Pts',(-0.328104546750633,1.97978427130646,8.20466485965419));
#7084=CARTESIAN_POINT('Ctrl Pts',(-0.164202494932371,2.,8.19579520603191));
#7085=CARTESIAN_POINT('Ctrl Pts',(1.51025025818541E-13,2.,8.18749999999995));
#7086=CARTESIAN_POINT('Ctrl Pts',(-3.54390662115309E-13,2.,8.10000000000002));
#7087=CARTESIAN_POINT('Ctrl Pts',(-0.0566083214658734,1.99999999999999,
8.10285974759321));
#7088=CARTESIAN_POINT('Ctrl Pts',(-0.113274868032394,1.99759673710905,8.10579253177837));
#7089=CARTESIAN_POINT('Ctrl Pts',(-0.434117820753026,1.97025046709735,8.12279852326845));
#7090=CARTESIAN_POINT('Ctrl Pts',(-0.691243408855841,1.89538570843321,8.13797158738633));
#7091=CARTESIAN_POINT('Ctrl Pts',(-1.15547357153251,1.65280802920364,8.16849881801858));
#7092=CARTESIAN_POINT('Ctrl Pts',(-1.35932760648542,1.48967999039884,8.18355504757149));
#7093=CARTESIAN_POINT('Ctrl Pts',(-1.69210636488738,1.09658297870629,8.21183174383178));
#7094=CARTESIAN_POINT('Ctrl Pts',(-1.81856644201646,0.870939832083537,8.2241951764618));
#7095=CARTESIAN_POINT('Ctrl Pts',(-1.98238122403183,0.375208149635405,8.25311285793794));
#7096=CARTESIAN_POINT('Ctrl Pts',(-2.01463564842458,0.108804967107797,8.26865304358539));
#7097=CARTESIAN_POINT('Ctrl Pts',(-1.97394797758335,-0.410966096769908,
8.29897302231159));
#7098=CARTESIAN_POINT('Ctrl Pts',(-1.9053030889646,-0.659715570043983,8.31348340825258));
#7099=CARTESIAN_POINT('Ctrl Pts',(-1.67409697176684,-1.12577375239623,8.34067013555646));
#7100=CARTESIAN_POINT('Ctrl Pts',(-1.51069337460642,-1.33709441776025,8.3543478215333));
#7101=CARTESIAN_POINT('Ctrl Pts',(-1.11266453950669,-1.68250789144763,8.3845300610029));
#7102=CARTESIAN_POINT('Ctrl Pts',(-0.88255789728126,-1.81382127029163,8.39998459608774));
#7103=CARTESIAN_POINT('Ctrl Pts',(-0.393397561602088,-1.97722345087174,
8.42946196752594));
#7104=CARTESIAN_POINT('Ctrl Pts',(-0.14012321067764,-2.01109169228822,8.44259772713538));
#7105=CARTESIAN_POINT('Ctrl Pts',(0.377472682497248,-1.98187817583587,8.46959777425431));
#7106=CARTESIAN_POINT('Ctrl Pts',(0.636599634768858,-1.9144248452038,8.48465577693363));
#7107=CARTESIAN_POINT('Ctrl Pts',(1.10820682093714,-1.68497559273419,8.51517276868736));
#7108=CARTESIAN_POINT('Ctrl Pts',(1.31715963884924,-1.52721175944058,8.53033012332117));
#7109=CARTESIAN_POINT('Ctrl Pts',(1.66036156908701,-1.14381524597601,8.55885044772636));
#7110=CARTESIAN_POINT('Ctrl Pts',(1.79257857646998,-0.922915756658491,8.57116324752827));
#7111=CARTESIAN_POINT('Ctrl Pts',(1.97075952479212,-0.432597131797161,8.59976516731185));
#7112=CARTESIAN_POINT('Ctrl Pts',(2.0107969302232,-0.166441547007177,8.61529090975793));
#7113=CARTESIAN_POINT('Ctrl Pts',(1.98473417537423,0.355738803761897,8.64575143021946));
#7114=CARTESIAN_POINT('Ctrl Pts',(1.92284281425462,0.606986441682519,8.6604075424315));
#7115=CARTESIAN_POINT('Ctrl Pts',(1.70512150140788,1.07762251723911,8.68786131350564));
#7116=CARTESIAN_POINT('Ctrl Pts',(1.54937666400057,1.29157694807657,8.70106602050736));
#7117=CARTESIAN_POINT('Ctrl Pts',(1.1633736005883,1.64797863566158,8.73096122982839));
#7118=CARTESIAN_POINT('Ctrl Pts',(0.936647225629012,1.78660553853238,8.74645831118678));
#7119=CARTESIAN_POINT('Ctrl Pts',(0.468543127659474,1.95855223197611,8.77512117543889));
#7120=CARTESIAN_POINT('Ctrl Pts',(0.235096430145158,2.,8.78812336361739));
#7121=CARTESIAN_POINT('Ctrl Pts',(-2.60208521396521E-14,2.,8.8));
#7122=CARTESIAN_POINT('Origin',(0.,3.67394039744206E-15,15.));
#7123=CARTESIAN_POINT('',(0.,2.,9.58749999999996));
#7124=CARTESIAN_POINT('',(2.52098356800423E-14,2.,9.5));
#7125=CARTESIAN_POINT('',(-2.4492935982947E-16,2.,15.));
#7126=CARTESIAN_POINT('Ctrl Pts',(-1.04083408558608E-15,2.,9.58749999999996));
#7127=CARTESIAN_POINT('Ctrl Pts',(0.210995199007339,2.,9.57684091319231));
#7128=CARTESIAN_POINT('Ctrl Pts',(0.420629209751171,1.96661119372618,9.56527675091253));
#7129=CARTESIAN_POINT('Ctrl Pts',(0.828452623208172,1.83336858222844,9.54078802429233));
#7130=CARTESIAN_POINT('Ctrl Pts',(1.02330690955758,1.73216991195434,9.52799271862514));
#7131=CARTESIAN_POINT('Ctrl Pts',(1.41017733501837,1.44278766527931,9.5000084254725));
#7132=CARTESIAN_POINT('Ctrl Pts',(1.5887829144654,1.24340553883678,9.48517029025617));
#7133=CARTESIAN_POINT('Ctrl Pts',(1.85212473424238,0.79627156550875,9.45882534152877));
#7134=CARTESIAN_POINT('Ctrl Pts',(1.93817861395093,0.554959529492866,9.44487263922034));
#7135=CARTESIAN_POINT('Ctrl Pts',(2.01684428575659,0.0432777102249343,9.41502453309638));
#7136=CARTESIAN_POINT('Ctrl Pts',(2.00497705122353,-0.222729838949005,9.39950742606124));
#7137=CARTESIAN_POINT('Ctrl Pts',(1.87942538628694,-0.731956674291744,9.36980252733291));
#7138=CARTESIAN_POINT('Ctrl Pts',(1.76811191955547,-0.970443256770896,9.35685047895648));
#7139=CARTESIAN_POINT('Ctrl Pts',(1.46249636097059,-1.38819723280208,9.32922685579987));
#7140=CARTESIAN_POINT('Ctrl Pts',(1.27231521732533,-1.56434215287913,9.3144816963641));
#7141=CARTESIAN_POINT('Ctrl Pts',(0.82717427932902,-1.84039678207008,9.28394240697949));
#7142=CARTESIAN_POINT('Ctrl Pts',(0.574365781758527,-1.93427278242958,9.268432939733));
#7143=CARTESIAN_POINT('Ctrl Pts',(0.0591141776179079,-2.0152663218575,9.24004107108564));
#7144=CARTESIAN_POINT('Ctrl Pts',(-0.197537788046014,-2.00643399207375,
9.22770841478053));
#7145=CARTESIAN_POINT('Ctrl Pts',(-0.699020017461861,-1.8917979486489,9.1990309097511));
#7146=CARTESIAN_POINT('Ctrl Pts',(-0.938632563796692,-1.78507145709967,
9.18381327153642));
#7147=CARTESIAN_POINT('Ctrl Pts',(-1.36787965688561,-1.48295989149258,9.15331691579113));
#7148=CARTESIAN_POINT('Ctrl Pts',(-1.5522071509286,-1.28878458744682,9.13834158569646));
#7149=CARTESIAN_POINT('Ctrl Pts',(-1.82813428950306,-0.849773611087272,
9.11159777070937));
#7150=CARTESIAN_POINT('Ctrl Pts',(-1.92100722779026,-0.61154610853589,9.09817352299786));
#7151=CARTESIAN_POINT('Ctrl Pts',(-2.01453937327292,-0.103689259286299,
9.06854854012497));
#7152=CARTESIAN_POINT('Ctrl Pts',(-2.01071187697443,0.161742314854411,9.05306503163343));
#7153=CARTESIAN_POINT('Ctrl Pts',(-1.90057638441802,0.676007138508412,9.02306625025361));
#7154=CARTESIAN_POINT('Ctrl Pts',(-1.79532870512344,0.919747564783354,9.0097040449226));
#7155=CARTESIAN_POINT('Ctrl Pts',(-1.50042422470909,1.34698099048104,8.98234504165558));
#7156=CARTESIAN_POINT('Ctrl Pts',(-1.31575312262774,1.52786972089153,8.96773987818335));
#7157=CARTESIAN_POINT('Ctrl Pts',(-0.879893521711356,1.8156669547525,8.93732697212792));
#7158=CARTESIAN_POINT('Ctrl Pts',(-0.630672609414653,1.91654262092079,8.92179458612782));
#7159=CARTESIAN_POINT('Ctrl Pts',(-0.2470460295811,1.98855879731728,8.90031400976692));
#7160=CARTESIAN_POINT('Ctrl Pts',(-0.123523588493053,2.,8.89374018299339));
#7161=CARTESIAN_POINT('Ctrl Pts',(9.36750677027476E-16,2.,8.88749999999996));
#7162=CARTESIAN_POINT('Ctrl Pts',(-2.50547446038005E-14,2.,8.8));
#7163=CARTESIAN_POINT('Ctrl Pts',(-0.0181076556287941,2.,8.80091476523702));
#7164=CARTESIAN_POINT('Ctrl Pts',(-0.0362243855494148,1.99975408537636,
8.80183716140035));
#7165=CARTESIAN_POINT('Ctrl Pts',(-0.319397203112048,1.99205669543139,8.81636703507119));
#7166=CARTESIAN_POINT('Ctrl Pts',(-0.580338613947749,1.93221688088036,8.83129463995211));
#7167=CARTESIAN_POINT('Ctrl Pts',(-1.05908383838435,1.71638815233831,8.86177496690223));
#7168=CARTESIAN_POINT('Ctrl Pts',(-1.27309393890662,1.56425520289115,8.87702357197804));
#7169=CARTESIAN_POINT('Ctrl Pts',(-1.62684176244778,1.19081415563658,8.9057862876233));
#7170=CARTESIAN_POINT('Ctrl Pts',(-1.76487272818407,0.974612153542692,8.91814762437671));
#7171=CARTESIAN_POINT('Ctrl Pts',(-1.95741435705198,0.489884168765862,8.94642342348869));
#7172=CARTESIAN_POINT('Ctrl Pts',(-2.00528324062776,0.224198848965762,8.96192173381036));
#7173=CARTESIAN_POINT('Ctrl Pts',(-1.99401155019303,-0.299995671433585,
8.99249974750032));
#7174=CARTESIAN_POINT('Ctrl Pts',(-1.93898793812452,-0.553569037958115,
9.00729152721425));
#7175=CARTESIAN_POINT('Ctrl Pts',(-1.73476858155477,-1.02868297181008,9.03500650668894));
#7176=CARTESIAN_POINT('Ctrl Pts',(-1.58650577913673,-1.24524161148599,9.04783887903601));
#7177=CARTESIAN_POINT('Ctrl Pts',(-1.21250096823178,-1.61230571038211,9.07743894585106));
#7178=CARTESIAN_POINT('Ctrl Pts',(-0.989343113963719,-1.75808957129373,
9.09296449676058));
#7179=CARTESIAN_POINT('Ctrl Pts',(-0.508499790436638,-1.95089468059392,
9.12287929356435));
#7180=CARTESIAN_POINT('Ctrl Pts',(-0.256742585317773,-1.99967334151261,
9.13702031239557));
#7181=CARTESIAN_POINT('Ctrl Pts',(0.262383670298301,-2.00033714175418,9.16326497053549));
#7182=CARTESIAN_POINT('Ctrl Pts',(0.524894984525638,-1.94802485304058,9.17803266458991));
#7183=CARTESIAN_POINT('Ctrl Pts',(1.01037016029018,-1.7456156212954,9.20846157423108));
#7184=CARTESIAN_POINT('Ctrl Pts',(1.22916461688133,-1.59912076884735,9.22378743162169));
#7185=CARTESIAN_POINT('Ctrl Pts',(1.59311171751039,-1.23545284434057,9.25278034644855));
#7186=CARTESIAN_POINT('Ctrl Pts',(1.73677276908522,-1.02369583440099,9.26528440965997));
#7187=CARTESIAN_POINT('Ctrl Pts',(1.94192449749125,-0.547075130831757,9.29308728403485));
#7188=CARTESIAN_POINT('Ctrl Pts',(1.99727124763875,-0.285015536880423,9.30837409368201));
#7189=CARTESIAN_POINT('Ctrl Pts',(2.00245904716774,0.237987448658022,9.33888260117175));
#7190=CARTESIAN_POINT('Ctrl Pts',(1.95513505156269,0.493919314925766,9.35381196003737));
#7191=CARTESIAN_POINT('Ctrl Pts',(1.76583593394896,0.973859600046184,9.38180847666939));
#7192=CARTESIAN_POINT('Ctrl Pts',(1.6256312712448,1.19327688034622,9.39434669362188));
#7193=CARTESIAN_POINT('Ctrl Pts',(1.26481936694307,1.5717441842568,9.42361287270087));
#7194=CARTESIAN_POINT('Ctrl Pts',(1.04580310825616,1.72523283986907,9.43915392104833));
#7195=CARTESIAN_POINT('Ctrl Pts',(0.569863705868221,1.93396376413101,9.46928548377189));
#7196=CARTESIAN_POINT('Ctrl Pts',(0.318979937751752,1.99079302237112,9.48361718727141));
#7197=CARTESIAN_POINT('Ctrl Pts',(0.0427590407401793,1.99965740030988,9.49782989993693));
#7198=CARTESIAN_POINT('Ctrl Pts',(0.0213729237697051,2.,9.49892027946197));
#7199=CARTESIAN_POINT('Ctrl Pts',(5.06646007199141E-14,2.,9.5));
#7200=CARTESIAN_POINT('Origin',(0.,3.67394039744206E-15,15.));
#7201=CARTESIAN_POINT('',(7.89809258246268E-14,2.,10.2875));
#7202=CARTESIAN_POINT('',(0.,2.,10.2));
#7203=CARTESIAN_POINT('',(-2.4492935982947E-16,2.,15.));
#7204=CARTESIAN_POINT('Ctrl Pts',(1.58206781009083E-13,2.,10.2875));
#7205=CARTESIAN_POINT('Ctrl Pts',(0.0901781635865386,2.,10.2829443661356));
#7206=CARTESIAN_POINT('Ctrl Pts',(0.18043068524248,1.99390169278359,10.2782071085453));
#7207=CARTESIAN_POINT('Ctrl Pts',(0.535284025242232,1.94552649655274,10.2588696315769));
#7208=CARTESIAN_POINT('Ctrl Pts',(0.790454168272763,1.85654284451877,10.2433835518671));
#7209=CARTESIAN_POINT('Ctrl Pts',(1.24180934224296,1.58874518670681,10.2127711591183));
#7210=CARTESIAN_POINT('Ctrl Pts',(1.43571600146544,1.41596377299325,10.1979358958021));
#7211=CARTESIAN_POINT('Ctrl Pts',(1.74863976732562,1.00475562353484,10.1701339954864));
#7212=CARTESIAN_POINT('Ctrl Pts',(1.86405622118442,0.769793910254759,10.1574046447648));
#7213=CARTESIAN_POINT('Ctrl Pts',(2.00001984890308,0.264101474141495,10.1279059193249));
#7214=CARTESIAN_POINT('Ctrl Pts',(2.01737774900736,-0.00216217818362091,
10.1123738729392));
#7215=CARTESIAN_POINT('Ctrl Pts',(1.9489071400561,-0.516183431011908,10.0823892998576));
#7216=CARTESIAN_POINT('Ctrl Pts',(1.86753687840451,-0.759629811348878,10.0681882610046));
#7217=CARTESIAN_POINT('Ctrl Pts',(1.61268264981972,-1.21221795179669,10.0417872861451));
#7218=CARTESIAN_POINT('Ctrl Pts',(1.43801027314433,-1.41508004821419,10.0272057818614));
#7219=CARTESIAN_POINT('Ctrl Pts',(1.02280671860828,-1.73839373074423,9.99680048460602));
#7220=CARTESIAN_POINT('Ctrl Pts',(0.787408333271279,-1.85691789690914,9.98145163915969));
#7221=CARTESIAN_POINT('Ctrl Pts',(0.291624068022941,-1.99480195582536,9.95238391761204));
#7222=CARTESIAN_POINT('Ctrl Pts',(0.0367277018621152,-2.01566643395789,
9.93981235315577));
#7223=CARTESIAN_POINT('Ctrl Pts',(-0.479003618295735,-1.95982475261169,
9.91212984600411));
#7224=CARTESIAN_POINT('Ctrl Pts',(-0.734378354999158,-1.87909787154487,
9.89687425308725));
#7225=CARTESIAN_POINT('Ctrl Pts',(-1.19246797952151,-1.62622861454657,9.86635706005542));
#7226=CARTESIAN_POINT('Ctrl Pts',(-1.39216360699182,-1.45894059424087,9.85138957275569));
#7227=CARTESIAN_POINT('Ctrl Pts',(-1.71657410671748,-1.05815102211319,9.82331125908432));
#7228=CARTESIAN_POINT('Ctrl Pts',(-1.83839417915082,-0.828627098057402,
9.81083658071996));
#7229=CARTESIAN_POINT('Ctrl Pts',(-1.99054802000739,-0.328636598147749,
9.78167046822523));
#7230=CARTESIAN_POINT('Ctrl Pts',(-2.01653127164626,-0.062193661566972,
9.76612796359135));
#7231=CARTESIAN_POINT('Ctrl Pts',(-1.96411386634017,0.455339678161198,9.73593851877387));
#7232=CARTESIAN_POINT('Ctrl Pts',(-1.89007953702422,0.701940404524735,9.72155347640266));
#7233=CARTESIAN_POINT('Ctrl Pts',(-1.64794472088248,1.16420961071202,9.6945877727084));
#7234=CARTESIAN_POINT('Ctrl Pts',(-1.47819444512429,1.37335988873749,9.68045264981572));
#7235=CARTESIAN_POINT('Ctrl Pts',(-1.09176531037975,1.69199127520519,9.65163754994242));
#7236=CARTESIAN_POINT('Ctrl Pts',(-0.886427834864209,1.80804667832654,9.6378793315929));
#7237=CARTESIAN_POINT('Ctrl Pts',(-0.451778941491838,1.96146979945134,9.61144683319583));
#7238=CARTESIAN_POINT('Ctrl Pts',(-0.226649691151072,2.00000113183007,9.59894995577898));
#7239=CARTESIAN_POINT('Ctrl Pts',(9.98726391928403E-6,1.99999999997506,
9.58749949546115));
#7240=CARTESIAN_POINT('Ctrl Pts',(5.32213162429684E-14,2.,9.5));
#7241=CARTESIAN_POINT('Ctrl Pts',(-0.24585243803464,2.,9.51242000998702));
#7242=CARTESIAN_POINT('Ctrl Pts',(-0.489827911369976,1.95467295717271,9.5260672379417));
#7243=CARTESIAN_POINT('Ctrl Pts',(-0.963634784842639,1.77194429594788,9.55533266991413));
#7244=CARTESIAN_POINT('Ctrl Pts',(-1.18681352380008,1.6309074193749,9.5707208221696));
#7245=CARTESIAN_POINT('Ctrl Pts',(-1.56032919556957,1.27654390905545,9.59992574474765));
#7246=CARTESIAN_POINT('Ctrl Pts',(-1.70928975422749,1.06887459381187,9.61264898202768));
#7247=CARTESIAN_POINT('Ctrl Pts',(-1.92679897404752,0.598158996079279,9.64010739189541));
#7248=CARTESIAN_POINT('Ctrl Pts',(-1.98903984207603,0.337681981201369,9.65530188442996));
#7249=CARTESIAN_POINT('Ctrl Pts',(-2.00807449341205,-0.185624825174362,
9.68582811480187));
#7250=CARTESIAN_POINT('Ctrl Pts',(-1.96730143045897,-0.443362298489287,
9.70086280074525));
#7251=CARTESIAN_POINT('Ctrl Pts',(-1.79054325812757,-0.927260542692178,
9.72909019832374));
#7252=CARTESIAN_POINT('Ctrl Pts',(-1.65694831603811,-1.14907891703825,9.74147550723759));
#7253=CARTESIAN_POINT('Ctrl Pts',(-1.3071609394678,-1.53683552667952,9.77045568567071));
#7254=CARTESIAN_POINT('Ctrl Pts',(-1.09177378156562,-1.69662696123695,9.78599722961818));
#7255=CARTESIAN_POINT('Ctrl Pts',(-0.620291526954907,-1.91847093047959,
9.81628608930014));
#7256=CARTESIAN_POINT('Ctrl Pts',(-0.370325654455603,-1.98196686075596,
9.83076586701357));
#7257=CARTESIAN_POINT('Ctrl Pts',(0.149444857492497,-2.01194106264281,9.85789795850523));
#7258=CARTESIAN_POINT('Ctrl Pts',(0.414474882967423,-1.97446315705706,9.87168332829556));
#7259=CARTESIAN_POINT('Ctrl Pts',(0.911884640973819,-1.79923247905815,9.90192244311775));
#7260=CARTESIAN_POINT('Ctrl Pts',(1.13969343814984,-1.66429320905365,9.91736665048388));
#7261=CARTESIAN_POINT('Ctrl Pts',(1.52358264312284,-1.32017332944628,9.9467968521909));
#7262=CARTESIAN_POINT('Ctrl Pts',(1.67831950043925,-1.11685279482533,9.95985025363523));
#7263=CARTESIAN_POINT('Ctrl Pts',(1.90903868857115,-0.652611790502439,9.9869309788874));
#7264=CARTESIAN_POINT('Ctrl Pts',(1.97863988174499,-0.394044212676528,10.0020140875939));
#7265=CARTESIAN_POINT('Ctrl Pts',(2.012585530475,0.12917697765468,10.0325353236966));
#7266=CARTESIAN_POINT('Ctrl Pts',(1.97892470225435,0.38867120692843,10.0476724870709));
#7267=CARTESIAN_POINT('Ctrl Pts',(1.81564837280132,0.876725961115178,10.0761423477318));
#7268=CARTESIAN_POINT('Ctrl Pts',(1.68900391403819,1.10113201977555,10.0884576666057));
#7269=CARTESIAN_POINT('Ctrl Pts',(1.35099144952747,1.49858881028731,10.1171259202242));
#7270=CARTESIAN_POINT('Ctrl Pts',(1.13964304884171,1.66497291562554,10.1326557198658));
#7271=CARTESIAN_POINT('Ctrl Pts',(0.760204335895096,1.85669363920578,10.1574161155713));
#7272=CARTESIAN_POINT('Ctrl Pts',(0.610419837110547,1.91118191708777,10.1665721925703));
#7273=CARTESIAN_POINT('Ctrl Pts',(0.306384940106029,1.98233813296468,10.1840068622925));
#7274=CARTESIAN_POINT('Ctrl Pts',(0.153457763643435,2.,10.1922475978995));
#7275=CARTESIAN_POINT('Ctrl Pts',(-3.12250225675825E-15,2.,10.2));
#7276=CARTESIAN_POINT('Origin',(0.,3.67394039744206E-15,15.));
#7277=CARTESIAN_POINT('',(4.32646832397843E-16,2.,10.9875));
#7278=CARTESIAN_POINT('',(2.41827250040395E-16,2.,10.9));
#7279=CARTESIAN_POINT('',(-2.4492935982947E-16,2.,15.));
#7280=CARTESIAN_POINT('Ctrl Pts',(1.73472347597681E-16,2.,10.9875));
#7281=CARTESIAN_POINT('Ctrl Pts',(0.129395801625029,2.,10.9809631636712));
#7282=CARTESIAN_POINT('Ctrl Pts',(0.258763316357717,1.98744529220521,10.9740615773665));
#7283=CARTESIAN_POINT('Ctrl Pts',(0.647300694369087,1.91095800468758,10.952202509166));
#7284=CARTESIAN_POINT('Ctrl Pts',(0.895419650292136,1.80802638739965,10.9366658267207));
#7285=CARTESIAN_POINT('Ctrl Pts',(1.32846293810574,1.51679653256141,10.9062950774772));
#7286=CARTESIAN_POINT('Ctrl Pts',(1.51147409905563,1.33453028875019,10.8917335936834));
#7287=CARTESIAN_POINT('Ctrl Pts',(1.80317104813968,0.904484357617513,10.8644545975521));
#7288=CARTESIAN_POINT('Ctrl Pts',(1.90658825756499,0.659151180487708,10.8509504855284));
#7289=CARTESIAN_POINT('Ctrl Pts',(2.0120712975806,0.143412478450835,10.8208657279096));
#7290=CARTESIAN_POINT('Ctrl Pts',(2.01349493359295,-0.121800152082215,10.8053949911285));
#7291=CARTESIAN_POINT('Ctrl Pts',(1.91551988083869,-0.628485537864463,10.7758383436245));
#7292=CARTESIAN_POINT('Ctrl Pts',(1.82058775241555,-0.865801366294472,10.7625535160153));
#7293=CARTESIAN_POINT('Ctrl Pts',(1.54086386808731,-1.3023279011056,10.7356903593407));
#7294=CARTESIAN_POINT('Ctrl Pts',(1.35483282695477,-1.49489155852727,10.720675975561));
#7295=CARTESIAN_POINT('Ctrl Pts',(0.923121324106397,-1.79311010332597,10.6901686688376));
#7296=CARTESIAN_POINT('Ctrl Pts',(0.682805587276221,-1.897680682066,10.6749783875313));
#7297=CARTESIAN_POINT('Ctrl Pts',(0.180320212894213,-2.00808903233881,10.6463735131924));
#7298=CARTESIAN_POINT('Ctrl Pts',(-0.0766797843625144,-2.0147091748276,
10.6340552968616));
#7299=CARTESIAN_POINT('Ctrl Pts',(-0.59123061414797,-1.9291517692054,10.6055657172732));
#7300=CARTESIAN_POINT('Ctrl Pts',(-0.842987677367795,-1.8331731688842,10.5900480407112));
#7301=CARTESIAN_POINT('Ctrl Pts',(-1.28538969531533,-1.55358230022237,10.5595439761786));
#7302=CARTESIAN_POINT('Ctrl Pts',(-1.47393829375086,-1.37600379383876,10.5448394769703));
#7303=CARTESIAN_POINT('Ctrl Pts',(-1.77636912049355,-0.955417166187739,
10.5172941215644));
#7304=CARTESIAN_POINT('Ctrl Pts',(-1.88588605669475,-0.715379139691072,
10.5042304498153));
#7305=CARTESIAN_POINT('Ctrl Pts',(-2.00687337895688,-0.204636205350701,
10.4744371119787));
#7306=CARTESIAN_POINT('Ctrl Pts',(-2.01634869808289,0.0612250295734963,
10.4589285399415));
#7307=CARTESIAN_POINT('Ctrl Pts',(-1.93325796358914,0.571783804195875,10.4291459447552));
#7308=CARTESIAN_POINT('Ctrl Pts',(-1.84518527433518,0.812172259574451,10.415360319561));
#7309=CARTESIAN_POINT('Ctrl Pts',(-1.57811661355988,1.25691844178543,10.388896741634));
#7310=CARTESIAN_POINT('Ctrl Pts',(-1.39780499642792,1.45478049844382,10.3740167559212));
#7311=CARTESIAN_POINT('Ctrl Pts',(-0.974423970348127,1.7658641229114,10.3435550579704));
#7312=CARTESIAN_POINT('Ctrl Pts',(-0.736519744234118,1.87758646069057,10.3282780087487));
#7313=CARTESIAN_POINT('Ctrl Pts',(-0.325272315717463,1.98013140322897,10.304511655905));
#7314=CARTESIAN_POINT('Ctrl Pts',(-0.162786857403518,2.,10.2957236906449));
#7315=CARTESIAN_POINT('Ctrl Pts',(1.58206781009085E-13,2.,10.2874999999999));
#7316=CARTESIAN_POINT('Ctrl Pts',(4.71844785465692E-15,2.,10.2));
#7317=CARTESIAN_POINT('Ctrl Pts',(-0.20971280359386,2.,10.2105943025657));
#7318=CARTESIAN_POINT('Ctrl Pts',(-0.418219264050217,1.9670163745492,10.2220896853185));
#7319=CARTESIAN_POINT('Ctrl Pts',(-0.824195598199347,1.83514812890609,10.246445015241));
#7320=CARTESIAN_POINT('Ctrl Pts',(-1.0182542693963,1.73499873897826,10.2591695238937));
#7321=CARTESIAN_POINT('Ctrl Pts',(-1.40519118224698,1.44764556160316,10.2870979946782));
#7322=CARTESIAN_POINT('Ctrl Pts',(-1.58448760394986,1.24887573285672,10.3019531712835));
#7323=CARTESIAN_POINT('Ctrl Pts',(-1.8493360715696,0.802705313014816,10.3283461294271));
#7324=CARTESIAN_POINT('Ctrl Pts',(-1.93620609564262,0.561767694805797,10.342230217803));
#7325=CARTESIAN_POINT('Ctrl Pts',(-2.01666302154488,0.050538882697445,10.3720518985093));
#7326=CARTESIAN_POINT('Ctrl Pts',(-2.00576386530356,-0.215411995903841,
10.3875656997611));
#7327=CARTESIAN_POINT('Ctrl Pts',(-1.88205735468488,-0.7252541811212,10.4173064938987));
#7328=CARTESIAN_POINT('Ctrl Pts',(-1.77147025258499,-0.964367503833362,
10.4303026548159));
#7329=CARTESIAN_POINT('Ctrl Pts',(-1.46714351481732,-1.38326926342818,10.4578946461516));
#7330=CARTESIAN_POINT('Ctrl Pts',(-1.27762241515117,-1.55999669116769,10.4726234511944));
#7331=CARTESIAN_POINT('Ctrl Pts',(-0.83358769435614,-1.83748694024105,10.5031487287807));
#7332=CARTESIAN_POINT('Ctrl Pts',(-0.58120310418004,-1.93221599951391,10.5186616618954));
#7333=CARTESIAN_POINT('Ctrl Pts',(-0.0662335781671368,-2.01505858718096,
10.5470932110517));
#7334=CARTESIAN_POINT('Ctrl Pts',(0.1905584725534,-2.00712244194931,10.5594189233345));
#7335=CARTESIAN_POINT('Ctrl Pts',(0.692448740901769,-1.89420097308436,10.5880670333107));
#7336=CARTESIAN_POINT('Ctrl Pts',(0.932348827252235,-1.78834852105358,10.6032737046953));
#7337=CARTESIAN_POINT('Ctrl Pts',(1.36259987262892,-1.48781371482235,10.6337747894363));
#7338=CARTESIAN_POINT('Ctrl Pts',(1.54762014170797,-1.29429030473434,10.6487661036694));
#7339=CARTESIAN_POINT('Ctrl Pts',(1.82508836703309,-0.856285818947708,10.6755584155308));
#7340=CARTESIAN_POINT('Ctrl Pts',(1.91879694363932,-0.618429396860602,10.6889249518498));
#7341=CARTESIAN_POINT('Ctrl Pts',(2.01413475006807,-0.111047095815525,10.7185222527441));
#7342=CARTESIAN_POINT('Ctrl Pts',(2.01128421405837,0.154298103622885,10.7340007227113));
#7343=CARTESIAN_POINT('Ctrl Pts',(1.90303702929681,0.669163762073302,10.7640345527876));
#7344=CARTESIAN_POINT('Ctrl Pts',(1.79853223465389,0.913550274681992,10.777453364402));
#7345=CARTESIAN_POINT('Ctrl Pts',(1.50493097794746,1.34192787606861,10.8047799030111));
#7346=CARTESIAN_POINT('Ctrl Pts',(1.32093381190028,1.52337868671982,10.8193674144896));
#7347=CARTESIAN_POINT('Ctrl Pts',(0.886216531142626,1.81257527849031,10.8497634272513));
#7348=CARTESIAN_POINT('Ctrl Pts',(0.637441860209851,1.91428853264025,10.8652976996133));
#7349=CARTESIAN_POINT('Ctrl Pts',(0.251812187431538,1.98811214173345,10.8869321853082));
#7350=CARTESIAN_POINT('Ctrl Pts',(0.125911900261628,2.,10.8936391639179));
#7351=CARTESIAN_POINT('Ctrl Pts',(1.73472347597681E-16,2.,10.9));
#7352=CARTESIAN_POINT('Origin',(0.,3.67394039744206E-15,15.));
#7353=CARTESIAN_POINT('',(-1.07703075766094E-13,2.,11.6875));
#7354=CARTESIAN_POINT('',(-9.1882397665185E-14,2.,11.6));
#7355=CARTESIAN_POINT('',(-2.4492935982947E-16,2.,15.));
#7356=CARTESIAN_POINT('Ctrl Pts',(-2.14585293978331E-13,2.,11.6875));
#7357=CARTESIAN_POINT('Ctrl Pts',(0.17017590574319,2.00000000000002,11.6789030283133));
#7358=CARTESIAN_POINT('Ctrl Pts',(0.339983275316529,1.97828684745384,11.669691374109));
#7359=CARTESIAN_POINT('Ctrl Pts',(0.761156423214243,1.86830026400659,11.6452065444393));
#7360=CARTESIAN_POINT('Ctrl Pts',(1.00119262158718,1.75142971081249,11.6296716356434));
#7361=CARTESIAN_POINT('Ctrl Pts',(1.41399730005335,1.43713671926912,11.5996506286528));
#7362=CARTESIAN_POINT('Ctrl Pts',(1.58522765657325,1.24573274554024,11.5854177721647));
#7363=CARTESIAN_POINT('Ctrl Pts',(1.8521086559808,0.799952580472424,11.5589335167092));
#7364=CARTESIAN_POINT('Ctrl Pts',(1.94174363550382,0.547688293546788,11.5444484837902));
#7365=CARTESIAN_POINT('Ctrl Pts',(2.01680469550226,0.0266907536431129,11.5140569606291));
#7366=CARTESIAN_POINT('Ctrl Pts',(2.00305417123094,-0.23663548661901,11.4986962632805));
#7367=CARTESIAN_POINT('Ctrl Pts',(1.87699332762513,-0.735625292916004,11.4695885245799));
#7368=CARTESIAN_POINT('Ctrl Pts',(1.76878192611774,-0.967283617918868,11.4569764825807));
#7369=CARTESIAN_POINT('Ctrl Pts',(1.46468553250089,-1.38746218094029,11.4293588877051));
#7370=CARTESIAN_POINT('Ctrl Pts',(1.26799401612437,-1.56923811022568,11.414120598524));
#7371=CARTESIAN_POINT('Ctrl Pts',(0.82121102546583,-1.84181319835608,11.3835998422933));
#7372=CARTESIAN_POINT('Ctrl Pts',(0.576808664234245,-1.93235147752012,11.3686123876927));
#7373=CARTESIAN_POINT('Ctrl Pts',(0.0680449161549479,-2.01532693750287,
11.3404904675055));
#7374=CARTESIAN_POINT('Ctrl Pts',(-0.191406681811217,-2.00737169186361,
11.3280454964933));
#7375=CARTESIAN_POINT('Ctrl Pts',(-0.700967711809852,-1.89182462231983,
11.2989332938208));
#7376=CARTESIAN_POINT('Ctrl Pts',(-0.945395124092134,-1.78229242123943,
11.2833905842982));
#7377=CARTESIAN_POINT('Ctrl Pts',(-1.36910905719442,-1.4800947649865,11.253171242574));
#7378=CARTESIAN_POINT('Ctrl Pts',(-1.54665861932559,-1.29345666101057,11.2387581560525));
#7379=CARTESIAN_POINT('Ctrl Pts',(-1.82785225601517,-0.854285015999758,
11.2117436011623));
#7380=CARTESIAN_POINT('Ctrl Pts',(-1.92522348866146,-0.603677392979274,
11.1977145145904));
#7381=CARTESIAN_POINT('Ctrl Pts',(-2.01535703872345,-0.0832319207586311,
11.1673551953775));
#7382=CARTESIAN_POINT('Ctrl Pts',(-2.00892843068829,0.181113890469211,11.1519350230559));
#7383=CARTESIAN_POINT('Ctrl Pts',(-1.8964339437607,0.683882610041145,11.1226068477476));
#7384=CARTESIAN_POINT('Ctrl Pts',(-1.79469647160042,0.91825135598375,11.1097157450789));
#7385=CARTESIAN_POINT('Ctrl Pts',(-1.50245204594482,1.34646838754727,11.0824624343489));
#7386=CARTESIAN_POINT('Ctrl Pts',(-1.31088296460299,1.5335849687063,11.0673271520889));
#7387=CARTESIAN_POINT('Ctrl Pts',(-0.87126385680563,1.81876858668144,11.0368005531697));
#7388=CARTESIAN_POINT('Ctrl Pts',(-0.628755198101161,1.91617060647188,11.0217085724797));
#7389=CARTESIAN_POINT('Ctrl Pts',(-0.250702439824105,1.98821696101583,11.0005086950682));
#7390=CARTESIAN_POINT('Ctrl Pts',(-0.125355501374849,2.,10.9938327278405));
#7391=CARTESIAN_POINT('Ctrl Pts',(-7.63278329429795E-16,2.,10.9875));
#7392=CARTESIAN_POINT('Ctrl Pts',(-1.04083408558608E-16,2.,10.9));
#7393=CARTESIAN_POINT('Ctrl Pts',(-0.128628019240081,2.,10.9064980493842));
#7394=CARTESIAN_POINT('Ctrl Pts',(-0.257231190277438,1.98759381214877,10.9133566906288));
#7395=CARTESIAN_POINT('Ctrl Pts',(-0.638275040599503,1.91303764482578,10.9347808753453));
#7396=CARTESIAN_POINT('Ctrl Pts',(-0.88041412458011,1.81437503718802,10.94989095295));
#7397=CARTESIAN_POINT('Ctrl Pts',(-1.31867440208833,1.52688925849856,10.980416052633));
#7398=CARTESIAN_POINT('Ctrl Pts',(-1.50928362170862,1.33880505820616,10.9955310666807));
#7399=CARTESIAN_POINT('Ctrl Pts',(-1.79933735418216,0.909120919723285,11.0227164982656));
#7400=CARTESIAN_POINT('Ctrl Pts',(-1.89988203752513,0.674242934352929,11.0356691621627));
#7401=CARTESIAN_POINT('Ctrl Pts',(-2.00985036634384,0.170783174883218,11.0650376481318));
#7402=CARTESIAN_POINT('Ctrl Pts',(-2.01491359461091,-0.093730113368025,
11.0804675899465));
#7403=CARTESIAN_POINT('Ctrl Pts',(-1.92209350760435,-0.613369227275922,
11.1107798715911));
#7404=CARTESIAN_POINT('Ctrl Pts',(-1.8236629496036,-0.863051750683831,11.1247109335943));
#7405=CARTESIAN_POINT('Ctrl Pts',(-1.5406395648981,-1.30064288601494,11.1517718257676));
#7406=CARTESIAN_POINT('Ctrl Pts',(-1.36213600821428,-1.48653467985602,11.1662113389486));
#7407=CARTESIAN_POINT('Ctrl Pts',(-0.936785676891741,-1.78685180640071,
11.1964584996981));
#7408=CARTESIAN_POINT('Ctrl Pts',(-0.691706338034561,-1.89524877216433,
11.2120010323142));
#7409=CARTESIAN_POINT('Ctrl Pts',(-0.181693564471895,-2.0082423290968,11.241061578784));
#7410=CARTESIAN_POINT('Ctrl Pts',(0.0775389390905478,-2.01495248030314,
11.2534810096349));
#7411=CARTESIAN_POINT('Ctrl Pts',(0.585788486913921,-1.92966392671963,11.2816444186072));
#7412=CARTESIAN_POINT('Ctrl Pts',(0.829878201265444,-1.83794091814348,11.2966506334741));
#7413=CARTESIAN_POINT('Ctrl Pts',(1.2754528322232,-1.56318069825636,11.3271740786195));
#7414=CARTESIAN_POINT('Ctrl Pts',(1.47127266445015,-1.38047428975585,11.3423954709084));
#7415=CARTESIAN_POINT('Ctrl Pts',(1.7733321327955,-0.958901796012603,11.3699508204033));
#7416=CARTESIAN_POINT('Ctrl Pts',(1.88042807956937,-0.726782847792207,11.3826043338788));
#7417=CARTESIAN_POINT('Ctrl Pts',(2.00416915902897,-0.227138846344696,11.4117502339632));
#7418=CARTESIAN_POINT('Ctrl Pts',(2.01666924748274,0.0363760919783962,11.4271219386987));
#7419=CARTESIAN_POINT('Ctrl Pts',(1.93905564182582,0.557135396288168,11.4574995647835));
#7420=CARTESIAN_POINT('Ctrl Pts',(1.84818910939237,0.808974658961435,11.471894668902));
#7421=CARTESIAN_POINT('Ctrl Pts',(1.57905686869217,1.25357044574913,11.4984581085331));
#7422=CARTESIAN_POINT('Ctrl Pts',(1.40679062150962,1.44421386556295,11.512721113477));
#7423=CARTESIAN_POINT('Ctrl Pts',(0.992189474640025,1.7565661913983,11.5427762719754));
#7424=CARTESIAN_POINT('Ctrl Pts',(0.751424941685215,1.87225492086975,11.5583135050274));
#7425=CARTESIAN_POINT('Ctrl Pts',(0.332967384143932,1.979177840224,11.5825717912307));
#7426=CARTESIAN_POINT('Ctrl Pts',(0.166647442599039,2.00000000000001,11.5915812797386));
#7427=CARTESIAN_POINT('Ctrl Pts',(-1.82423520733721E-13,2.,11.6));
#7428=CARTESIAN_POINT('Origin',(0.,3.67394039744206E-15,15.));
#7429=CARTESIAN_POINT('',(-1.83642330650457E-13,2.,12.3875));
#7430=CARTESIAN_POINT('',(-1.96298873131184E-13,2.,12.3));
#7431=CARTESIAN_POINT('',(-2.4492935982947E-16,2.,15.));
#7432=CARTESIAN_POINT('Ctrl Pts',(-3.6498581934552E-13,2.,12.3875));
#7433=CARTESIAN_POINT('Ctrl Pts',(0.210784004324406,2.00000000000004,12.3768515823567));
#7434=CARTESIAN_POINT('Ctrl Pts',(0.420546785845396,1.96668682411874,12.3652831207021));
#7435=CARTESIAN_POINT('Ctrl Pts',(0.871350901491277,1.81929236626461,12.3382103263984));
#7436=CARTESIAN_POINT('Ctrl Pts',(1.10262766207601,1.68916767613141,12.3227313491878));
#7437=CARTESIAN_POINT('Ctrl Pts',(1.49449465036176,1.35304261563476,12.2931313068624));
#7438=CARTESIAN_POINT('Ctrl Pts',(1.65370312991637,1.15301366559771,12.2797591304932));
#7439=CARTESIAN_POINT('Ctrl Pts',(1.89445456138779,0.693799064300321,12.2529716120841));
#7440=CARTESIAN_POINT('Ctrl Pts',(1.96963079875791,0.436832071159086,12.2379818708176));
#7441=CARTESIAN_POINT('Ctrl Pts',(2.01496083750538,-0.0860359447922685,
12.2074812365537));
#7442=CARTESIAN_POINT('Ctrl Pts',(1.98677078781335,-0.346740478727131,12.1922734720742));
#7443=CARTESIAN_POINT('Ctrl Pts',(1.83378561258509,-0.837900867410836,12.163622449401));
#7444=CARTESIAN_POINT('Ctrl Pts',(1.71234631194893,-1.06428969135035,12.151296116032));
#7445=CARTESIAN_POINT('Ctrl Pts',(1.38326230962655,-1.46896092508299,12.122868490532));
#7446=CARTESIAN_POINT('Ctrl Pts',(1.17508428414835,-1.64024652487431,12.1073558921213));
#7447=CARTESIAN_POINT('Ctrl Pts',(0.712821404055006,-1.88621278799,12.0768292112662));
#7448=CARTESIAN_POINT('Ctrl Pts',(0.465027555450829,-1.96206462668491,12.0620987795163));
#7449=CARTESIAN_POINT('Ctrl Pts',(-0.0498808123259983,-2.01633585938876,
12.0345036511474));
#7450=CARTESIAN_POINT('Ctrl Pts',(-0.312234740613126,-1.99264389287015,
12.0215119258653));
#7451=CARTESIAN_POINT('Ctrl Pts',(-0.815663047735738,-1.84504466359307,
11.9917746823392));
#7452=CARTESIAN_POINT('Ctrl Pts',(-1.05148580153736,-1.72158835796717,11.9762605445161));
#7453=CARTESIAN_POINT('Ctrl Pts',(-1.45412216537366,-1.39642741412715,11.9464362400125));
#7454=CARTESIAN_POINT('Ctrl Pts',(-1.61941781032417,-1.20077850871206,11.9325454130082));
#7455=CARTESIAN_POINT('Ctrl Pts',(-1.87354602370857,-0.748409351200957,
11.9061572121533));
#7456=CARTESIAN_POINT('Ctrl Pts',(-1.95612444518634,-0.493778020868468,
11.891303717884));
#7457=CARTESIAN_POINT('Ctrl Pts',(-2.01669354664808,0.0282268557935618,
11.860853433412));
#7458=CARTESIAN_POINT('Ctrl Pts',(-1.99588225534178,0.290373647232672,11.8455615372447));
#7459=CARTESIAN_POINT('Ctrl Pts',(-1.85669163233611,0.78559937101411,11.8166733700241));
#7460=CARTESIAN_POINT('Ctrl Pts',(-1.74209659875745,1.01467130267738,11.8042462484435));
#7461=CARTESIAN_POINT('Ctrl Pts',(-1.42489453599191,1.42876047951177,11.776144186524));
#7462=CARTESIAN_POINT('Ctrl Pts',(-1.22107245986547,1.60643357801698,11.7606653405639));
#7463=CARTESIAN_POINT('Ctrl Pts',(-0.764578195128181,1.86592821310226,11.7300355019605));
#7464=CARTESIAN_POINT('Ctrl Pts',(-0.518285979971464,1.94876344752329,11.7151772475769));
#7465=CARTESIAN_POINT('Ctrl Pts',(-0.175650254253384,1.99422106743362,11.6965420778377));
#7466=CARTESIAN_POINT('Ctrl Pts',(-0.0877846823181158,1.99999999999999,
11.6919347196221));
#7467=CARTESIAN_POINT('Ctrl Pts',(-2.15161222172358E-13,2.,11.6875));
#7468=CARTESIAN_POINT('Ctrl Pts',(-1.8351986597054E-13,2.,11.6));
#7469=CARTESIAN_POINT('Ctrl Pts',(-0.0909830937258242,1.99999999999999,
11.6045962974448));
#7470=CARTESIAN_POINT('Ctrl Pts',(-0.182045345854811,1.9937923403442,11.6093776505654));
#7471=CARTESIAN_POINT('Ctrl Pts',(-0.527767873628145,1.94623312572124,11.6282300563418));
#7472=CARTESIAN_POINT('Ctrl Pts',(-0.773771109478795,1.86215194080424,11.6431100522487));
#7473=CARTESIAN_POINT('Ctrl Pts',(-1.22919327077783,1.60025169722932,11.6737558937523));
#7474=CARTESIAN_POINT('Ctrl Pts',(-1.43221652085915,1.4214473213797,11.6892273800888));
#7475=CARTESIAN_POINT('Ctrl Pts',(-1.74728321759309,1.00568680070325,11.7172703147986));
#7476=CARTESIAN_POINT('Ctrl Pts',(-1.86065724967275,0.776126601795592,11.7297259482286));
#7477=CARTESIAN_POINT('Ctrl Pts',(-1.99735598138714,0.280178534746944,11.7586562521398));
#7478=CARTESIAN_POINT('Ctrl Pts',(-2.01682967586989,0.0177933582369886,
11.7739620541028));
#7479=CARTESIAN_POINT('Ctrl Pts',(-1.95351219070041,-0.504008197535592,
11.8044004781896));
#7480=CARTESIAN_POINT('Ctrl Pts',(-1.86960618117598,-0.758194756456697,
11.81922802746));
#7481=CARTESIAN_POINT('Ctrl Pts',(-1.6130700938482,-1.20931458756028,11.845543350941));
#7482=CARTESIAN_POINT('Ctrl Pts',(-1.4466626861074,-1.40417553839608,11.8595390660521));
#7483=CARTESIAN_POINT('Ctrl Pts',(-1.04207203993016,-1.72732467033568,11.8894034194342));
#7484=CARTESIAN_POINT('Ctrl Pts',(-0.805441627922907,-1.84955036492479,
11.9049224658326));
#7485=CARTESIAN_POINT('Ctrl Pts',(-0.301423690941372,-1.99425752676231,
11.9346051444005));
#7486=CARTESIAN_POINT('Ctrl Pts',(-0.0393419001459742,-2.01651975994417,
11.9475306937123));
#7487=CARTESIAN_POINT('Ctrl Pts',(0.475034861221226,-1.95968256428744,11.9751738068958));
#7488=CARTESIAN_POINT('Ctrl Pts',(0.722562166347077,-1.88252046248657,11.9899289893699));
#7489=CARTESIAN_POINT('Ctrl Pts',(1.18377365865331,-1.63401010250087,12.020476758886));
#7490=CARTESIAN_POINT('Ctrl Pts',(1.39115001901258,-1.46152001219476,12.0359839896325));
#7491=CARTESIAN_POINT('Ctrl Pts',(1.71801544999535,-1.055074752134,12.0643512794505));
#7492=CARTESIAN_POINT('Ctrl Pts',(1.83816997648071,-0.828189048041394,12.0766889721976));
#7493=CARTESIAN_POINT('Ctrl Pts',(1.98858834002815,-0.336263708709657,12.1053846169919));
#7494=CARTESIAN_POINT('Ctrl Pts',(2.01540903975375,-0.0752751299461948,
12.1206089507531));
#7495=CARTESIAN_POINT('Ctrl Pts',(1.96724093728143,0.447466025387643,12.1511021848143));
#7496=CARTESIAN_POINT('Ctrl Pts',(1.89068088606443,0.704014783738629,12.1660675290514));
#7497=CARTESIAN_POINT('Ctrl Pts',(1.64743427329303,1.1619648293759,12.1927812817136));
#7498=CARTESIAN_POINT('Ctrl Pts',(1.48710148745402,1.36117619520304,12.2062420251685));
#7499=CARTESIAN_POINT('Ctrl Pts',(1.09323703980646,1.69528292557636,12.2358841074809));
#7500=CARTESIAN_POINT('Ctrl Pts',(0.861105146887753,1.82418535848169,12.2513706352245));
#7501=CARTESIAN_POINT('Ctrl Pts',(0.412963085290569,1.96788678002153,12.2782012339272));
#7502=CARTESIAN_POINT('Ctrl Pts',(0.206953929608115,2.00000000000004,12.2895450706402));
#7503=CARTESIAN_POINT('Ctrl Pts',(-3.91735255345083E-13,2.,12.3));
#7504=CARTESIAN_POINT('Origin',(0.,3.67394039744206E-15,15.));
#7505=CARTESIAN_POINT('',(-6.45073592027811E-15,2.,13.0875));
#7506=CARTESIAN_POINT('',(-1.22464679914735E-16,2.,13.));
#7507=CARTESIAN_POINT('',(-2.4492935982947E-16,2.,15.));
#7508=CARTESIAN_POINT('Ctrl Pts',(-1.19348975147204E-14,2.,13.0875));
#7509=CARTESIAN_POINT('Ctrl Pts',(0.250753442694336,2.,13.0748324003315));
#7510=CARTESIAN_POINT('Ctrl Pts',(0.499469449421756,1.95284542236228,13.0608923863081));
#7511=CARTESIAN_POINT('Ctrl Pts',(0.976254597675607,1.76499559088922,13.0313271299422));
#7512=CARTESIAN_POINT('Ctrl Pts',(1.198268805087,1.6224802901096,13.0159546869584));
#7513=CARTESIAN_POINT('Ctrl Pts',(1.56922032231321,1.26561015433479,12.9868061908113));
#7514=CARTESIAN_POINT('Ctrl Pts',(1.71675847940396,1.05685291891829,12.9741497536035));
#7515=CARTESIAN_POINT('Ctrl Pts',(1.93097271596212,0.584548299860836,12.9465986508252));
#7516=CARTESIAN_POINT('Ctrl Pts',(1.99137569561537,0.323630093077368,12.9313784220961));
#7517=CARTESIAN_POINT('Ctrl Pts',(2.00670775580695,-0.199631669377753,12.9008548192863));
#7518=CARTESIAN_POINT('Ctrl Pts',(1.96417794585192,-0.456902773717234,12.8858473381998));
#7519=CARTESIAN_POINT('Ctrl Pts',(1.78406914760226,-0.939752397302748,12.8576811101573));
#7520=CARTESIAN_POINT('Ctrl Pts',(1.64872245257214,-1.16092873585154,12.8452633176545));
#7521=CARTESIAN_POINT('Ctrl Pts',(1.29599590883942,-1.54622925137022,12.8162062940166));
#7522=CARTESIAN_POINT('Ctrl Pts',(1.07962661597657,-1.70435261045156,12.8006637866307));
#7523=CARTESIAN_POINT('Ctrl Pts',(0.606924720873658,-1.92271846792346,12.7704147578958));
#7524=CARTESIAN_POINT('Ctrl Pts',(0.356697649300743,-1.98444274254275,12.7559734581787));
#7525=CARTESIAN_POINT('Ctrl Pts',(-0.163748127765612,-2.01091401013757,
12.7289094224604));
#7526=CARTESIAN_POINT('Ctrl Pts',(-0.429176404448471,-1.9714097214735,12.7149849195204));
#7527=CARTESIAN_POINT('Ctrl Pts',(-0.925650652357,-1.79216009214158,12.6846758455225));
#7528=CARTESIAN_POINT('Ctrl Pts',(-1.15225029654942,-1.65559336211255,12.6692452547423));
#7529=CARTESIAN_POINT('Ctrl Pts',(-1.53340143749399,-1.30875336445663,12.6398740381842));
#7530=CARTESIAN_POINT('Ctrl Pts',(-1.68660986560538,-1.1042928646428,12.6269170837708));
#7531=CARTESIAN_POINT('Ctrl Pts',(-1.91386075895151,-0.63833596704227,12.5997362647441));
#7532=CARTESIAN_POINT('Ctrl Pts',(-1.98153116216202,-0.379245255435006,
12.5846226399003));
#7533=CARTESIAN_POINT('Ctrl Pts',(-2.01155233097196,0.144039926787189,12.5540976709374));
#7534=CARTESIAN_POINT('Ctrl Pts',(-1.97601376823202,0.403090645395654,12.5389863790185));
#7535=CARTESIAN_POINT('Ctrl Pts',(-1.80919044826705,0.890060695960277,12.5105797927356));
#7536=CARTESIAN_POINT('Ctrl Pts',(-1.68073126888442,1.11378641017199,12.498255328291));
#7537=CARTESIAN_POINT('Ctrl Pts',(-1.33962949551176,1.50871817963612,12.4695046549556));
#7538=CARTESIAN_POINT('Ctrl Pts',(-1.12720538146353,1.67338634684522,12.4539705604621));
#7539=CARTESIAN_POINT('Ctrl Pts',(-0.659458174262602,1.90543117469108,12.4235728634174));
#7540=CARTESIAN_POINT('Ctrl Pts',(-0.410333246264428,1.97413741760665,12.4089836012112));
#7541=CARTESIAN_POINT('Ctrl Pts',(-0.103350279499975,1.99799948401357,12.3927794131558));
#7542=CARTESIAN_POINT('Ctrl Pts',(-0.0516474176720027,1.99999999999999,
12.3901091319184));
#7543=CARTESIAN_POINT('Ctrl Pts',(-3.67039731941084E-13,2.,12.3875));
#7544=CARTESIAN_POINT('Ctrl Pts',(-3.92352816902539E-13,2.,12.3));
#7545=CARTESIAN_POINT('Ctrl Pts',(-0.0550046705754731,1.99999999999999,
12.3027787341193));
#7546=CARTESIAN_POINT('Ctrl Pts',(-0.110069413345925,1.99773096371818,12.3056266831996));
#7547=CARTESIAN_POINT('Ctrl Pts',(-0.420418934640025,1.97203073973821,12.3220545562861));
#7548=CARTESIAN_POINT('Ctrl Pts',(-0.669314271498414,1.90200881106485,12.3366705941409));
#7549=CARTESIAN_POINT('Ctrl Pts',(-1.13608322140008,1.66739473879428,12.3670938077337));
#7550=CARTESIAN_POINT('Ctrl Pts',(-1.34774143025359,1.50150197636875,12.3826249274753));
#7551=CARTESIAN_POINT('Ctrl Pts',(-1.68664036934741,1.10476819561568,12.4113168763639));
#7552=CARTESIAN_POINT('Ctrl Pts',(-1.81380481255805,0.880557639025258,12.4236341377235));
#7553=CARTESIAN_POINT('Ctrl Pts',(-1.97809965105045,0.392813605776068,12.4520858729964));
#7554=CARTESIAN_POINT('Ctrl Pts',(-2.01230010117987,0.133445352240442,12.467215687786));
#7555=CARTESIAN_POINT('Ctrl Pts',(-1.9800494786585,-0.380739682645658,12.497209814821));
#7556=CARTESIAN_POINT('Ctrl Pts',(-1.91509458801129,-0.630880478615306,
12.5118013612526));
#7557=CARTESIAN_POINT('Ctrl Pts',(-1.69128355621835,-1.099462365857,12.539135304675));
#7558=CARTESIAN_POINT('Ctrl Pts',(-1.53210338233177,-1.31223246133327,12.5525410871867));
#7559=CARTESIAN_POINT('Ctrl Pts',(-1.14067395146238,-1.66371469630503,12.5825669425105));
#7560=CARTESIAN_POINT('Ctrl Pts',(-0.912397541156199,-1.79905875143572,
12.598046579059));
#7561=CARTESIAN_POINT('Ctrl Pts',(-0.425434607285402,-1.97059548241492,
12.6276501995462));
#7562=CARTESIAN_POINT('Ctrl Pts',(-0.172612729806291,-2.00857699060646,
12.6410297622473));
#7563=CARTESIAN_POINT('Ctrl Pts',(0.345467652066409,-1.98770394576354,12.6678110210829));
#7564=CARTESIAN_POINT('Ctrl Pts',(0.605624044686508,-1.92444455321255,12.6827987059887));
#7565=CARTESIAN_POINT('Ctrl Pts',(1.08121785016735,-1.70248151722971,12.7132987463882));
#7566=CARTESIAN_POINT('Ctrl Pts',(1.29297887619566,-1.54780446864866,12.728507935276));
#7567=CARTESIAN_POINT('Ctrl Pts',(1.64200917068739,-1.16989156912243,12.7571627591126));
#7568=CARTESIAN_POINT('Ctrl Pts',(1.77743922945492,-0.951601283256325,12.7694899251434));
#7569=CARTESIAN_POINT('Ctrl Pts',(1.96357805102354,-0.464358386863887,12.7979124274329));
#7570=CARTESIAN_POINT('Ctrl Pts',(2.00794960095345,-0.198435665802628,12.8134245861615));
#7571=CARTESIAN_POINT('Ctrl Pts',(1.9900633303552,0.324910172817344,12.8439530934143));
#7572=CARTESIAN_POINT('Ctrl Pts',(1.93196383738085,0.577468217593701,12.8586856460263));
#7573=CARTESIAN_POINT('Ctrl Pts',(1.72172172159825,1.05059772736451,12.8862848674296));
#7574=CARTESIAN_POINT('Ctrl Pts',(1.57014414468405,1.26599773435386,12.8992708254328));
#7575=CARTESIAN_POINT('Ctrl Pts',(1.19079349510905,1.62834683180451,12.9290034332445));
#7576=CARTESIAN_POINT('Ctrl Pts',(0.9660219365608,1.77095932641967,12.9445180073229));
#7577=CARTESIAN_POINT('Ctrl Pts',(0.490216802722498,1.95458300335674,12.9739104923343));
#7578=CARTESIAN_POINT('Ctrl Pts',(0.246084787843734,2.,12.9875682521308));
#7579=CARTESIAN_POINT('Ctrl Pts',(1.17961196366423E-15,2.,13.));
#7580=CARTESIAN_POINT('Origin',(0.,3.67394039744206E-15,15.));
#7581=CARTESIAN_POINT('',(8.84733326851713E-14,2.,13.7874999999999));
#7582=CARTESIAN_POINT('',(6.94885189640816E-14,2.,13.7));
#7583=CARTESIAN_POINT('',(-2.4492935982947E-16,2.,15.));
#7584=CARTESIAN_POINT('Ctrl Pts',(1.77191594730172E-13,2.,13.7874999999999));
#7585=CARTESIAN_POINT('Ctrl Pts',(0.0341964092847967,2.,13.7857724607157));
#7586=CARTESIAN_POINT('Ctrl Pts',(0.0684226601559571,1.99912296714677,13.7840178337648));
#7587=CARTESIAN_POINT('Ctrl Pts',(0.357755547846559,1.98425400730127,13.7689675939674));
#7588=CARTESIAN_POINT('Ctrl Pts',(0.607962800003544,1.92239226202416,13.7545232859297));
#7589=CARTESIAN_POINT('Ctrl Pts',(1.08057097026281,1.70375634970797,13.7242711154008));
#7590=CARTESIAN_POINT('Ctrl Pts',(1.29686451453285,1.54550337881449,13.708728654349));
#7591=CARTESIAN_POINT('Ctrl Pts',(1.64936324586344,1.16001197017347,13.6796775716558));
#7592=CARTESIAN_POINT('Ctrl Pts',(1.78457389964423,0.938785925157766,13.6672625123008));
#7593=CARTESIAN_POINT('Ctrl Pts',(1.96442318695881,0.455854853522712,13.6390915331221));
#7594=CARTESIAN_POINT('Ctrl Pts',(2.00681709765281,0.198547208038389,13.6240819204689));
#7595=CARTESIAN_POINT('Ctrl Pts',(1.99119833254507,-0.32471898537654,13.5935580591863));
#7596=CARTESIAN_POINT('Ctrl Pts',(1.93065289335994,-0.585603498197059,13.5783397959385));
#7597=CARTESIAN_POINT('Ctrl Pts',(1.71618328278093,-1.05778533630849,13.550795855382));
#7598=CARTESIAN_POINT('Ctrl Pts',(1.56853513417678,-1.26645820346282,13.5381344599863));
#7599=CARTESIAN_POINT('Ctrl Pts',(1.19738521816106,-1.62313474268614,13.5089815876658));
#7600=CARTESIAN_POINT('Ctrl Pts',(0.975280630855766,-1.76553606309343,13.4936079032846));
#7601=CARTESIAN_POINT('Ctrl Pts',(0.485288174499506,-1.9582729936524,13.463232897776));
#7602=CARTESIAN_POINT('Ctrl Pts',(0.221710979894579,-2.00526544127039,13.4488540035887));
#7603=CARTESIAN_POINT('Ctrl Pts',(-0.297903342592359,-1.99402220141311,
13.4222761222253));
#7604=CARTESIAN_POINT('Ctrl Pts',(-0.549112034045017,-1.93992296371619,
13.4080076297996));
#7605=CARTESIAN_POINT('Ctrl Pts',(-1.0267728999156,-1.73658151658594,13.3779462950111));
#7606=CARTESIAN_POINT('Ctrl Pts',(-1.24722304826985,-1.58569416360899,13.3624086805393));
#7607=CARTESIAN_POINT('Ctrl Pts',(-1.6125227758498,-1.21106973133843,13.3330278686934));
#7608=CARTESIAN_POINT('Ctrl Pts',(-1.7554496899148,-0.992625689527319,13.3204031652224));
#7609=CARTESIAN_POINT('Ctrl Pts',(-1.94983406636926,-0.514316035022474,
13.2925017687096));
#7610=CARTESIAN_POINT('Ctrl Pts',(-1.99979448912835,-0.259162634708997,
13.277617820358));
#7611=CARTESIAN_POINT('Ctrl Pts',(-2.00021240861808,0.266243603119971,13.2469691231513));
#7612=CARTESIAN_POINT('Ctrl Pts',(-1.9466218368305,0.531445185121199,13.2314990308679));
#7613=CARTESIAN_POINT('Ctrl Pts',(-1.74363468298682,1.01199470887294,13.2034669753157));
#7614=CARTESIAN_POINT('Ctrl Pts',(-1.60132690432261,1.22481058128119,13.1910057618155));
#7615=CARTESIAN_POINT('Ctrl Pts',(-1.23982894486882,1.59083865958304,13.1620677352473));
#7616=CARTESIAN_POINT('Ctrl Pts',(-1.02217323518697,1.73870443189066,13.1467594200806));
#7617=CARTESIAN_POINT('Ctrl Pts',(-0.547993775475659,1.94023727362536,13.1169267104763));
#7618=CARTESIAN_POINT('Ctrl Pts',(-0.296768437839764,1.99418961638446,13.102661661551));
#7619=CARTESIAN_POINT('Ctrl Pts',(-0.0280898367982276,1.9998521182551,13.0889233597658));
#7620=CARTESIAN_POINT('Ctrl Pts',(-0.0140419381728149,2.,13.0882093727186));
#7621=CARTESIAN_POINT('Ctrl Pts',(-1.26565424807267E-14,2.,13.0875));
#7622=CARTESIAN_POINT('Ctrl Pts',(0.,2.,13.));
#7623=CARTESIAN_POINT('Ctrl Pts',(-0.00754285771576344,2.,13.0003810512066));
#7624=CARTESIAN_POINT('Ctrl Pts',(-0.0150874258604598,1.99995732899016,
13.000763433392));
#7625=CARTESIAN_POINT('Ctrl Pts',(-0.2877406100378,1.99687160449657,13.0146273677518));
#7626=CARTESIAN_POINT('Ctrl Pts',(-0.549571083411444,1.94118797225044,13.0294786644422));
#7627=CARTESIAN_POINT('Ctrl Pts',(-1.03202784898425,1.73285141107603,13.0599279700306));
#7628=CARTESIAN_POINT('Ctrl Pts',(-1.24872285518052,1.58384338546357,13.0752210679582));
#7629=CARTESIAN_POINT('Ctrl Pts',(-1.60816538316209,1.21584112493957,13.1041128382487));
#7630=CARTESIAN_POINT('Ctrl Pts',(-1.74933818237982,1.00213250624559,13.116542270469));
#7631=CARTESIAN_POINT('Ctrl Pts',(-1.94956383110625,0.520469283929253,13.1446392917708));
#7632=CARTESIAN_POINT('Ctrl Pts',(-2.00164002856385,0.255128148351178,13.1601175246795));
#7633=CARTESIAN_POINT('Ctrl Pts',(-1.99834552393,-0.26997873367789,13.1907487594645));
#7634=CARTESIAN_POINT('Ctrl Pts',(-1.9470412710367,-0.524723735133054,13.2056088845494));
#7635=CARTESIAN_POINT('Ctrl Pts',(-1.75005567997588,-1.00219356048945,13.2334612910285));
#7636=CARTESIAN_POINT('Ctrl Pts',(-1.6057266758823,-1.22013948391324,13.2461357295313));
#7637=CARTESIAN_POINT('Ctrl Pts',(-1.23812773837705,-1.59278087483392,13.2755748544997));
#7638=CARTESIAN_POINT('Ctrl Pts',(-1.01695291151487,-1.74232764708114,13.2911099781168));
#7639=CARTESIAN_POINT('Ctrl Pts',(-0.53843127327526,-1.94289667371324,13.3211339352671));
#7640=CARTESIAN_POINT('Ctrl Pts',(-0.287067175710759,-1.99559379412811,
13.3353693834345));
#7641=CARTESIAN_POINT('Ctrl Pts',(0.232439303918583,-2.00404681422942,13.3618604353669));
#7642=CARTESIAN_POINT('Ctrl Pts',(0.495745494659625,-1.95565019955013,13.3763376803907));
#7643=CARTESIAN_POINT('Ctrl Pts',(0.984565063674865,-1.7603552837869,13.4067280417041));
#7644=CARTESIAN_POINT('Ctrl Pts',(1.20580464469472,-1.61686826036228,13.4220896939073));
#7645=CARTESIAN_POINT('Ctrl Pts',(1.57505982695852,-1.25834523423056,13.4512007036548));
#7646=CARTESIAN_POINT('Ctrl Pts',(1.72165796432824,-1.04886531056764,13.4638161902169));
#7647=CARTESIAN_POINT('Ctrl Pts',(1.93368577199734,-0.575512065643835,13.4914284628374));
#7648=CARTESIAN_POINT('Ctrl Pts',(1.99286897775674,-0.314308819726005,13.5066653188493));
#7649=CARTESIAN_POINT('Ctrl Pts',(2.00574820475609,0.208908561454278,13.5371863327515));
#7650=CARTESIAN_POINT('Ctrl Pts',(1.96205664690809,0.465864106081494,13.5521754061881));
#7651=CARTESIAN_POINT('Ctrl Pts',(1.77972720575668,0.948015193143241,13.5803008862667));
#7652=CARTESIAN_POINT('Ctrl Pts',(1.6432138745034,1.16876630441853,13.5927435612606));
#7653=CARTESIAN_POINT('Ctrl Pts',(1.28853678962239,1.55242875001638,13.6218513455866));
#7654=CARTESIAN_POINT('Ctrl Pts',(1.07152153462857,1.7094401684886,13.6373940541823));
#7655=CARTESIAN_POINT('Ctrl Pts',(0.598022750527109,1.92549059547247,13.6676158068848));
#7656=CARTESIAN_POINT('Ctrl Pts',(0.347628924462177,1.9860368124939,13.6820311707167));
#7657=CARTESIAN_POINT('Ctrl Pts',(0.0617131665624726,1.99928649304611,13.6968615544644));
#7658=CARTESIAN_POINT('Ctrl Pts',(0.0308440217632312,2.,13.6984418171266));
#7659=CARTESIAN_POINT('Ctrl Pts',(1.39221967287993E-13,2.,13.7));
#7660=CARTESIAN_POINT('Origin',(0.,3.67394039744206E-15,15.));
#7661=CARTESIAN_POINT('',(1.96053943771344E-13,2.,14.4874999999999));
#7662=CARTESIAN_POINT('',(2.02382215011707E-13,2.,14.4));
#7663=CARTESIAN_POINT('',(-2.4492935982947E-16,2.,15.));
#7664=CARTESIAN_POINT('Ctrl Pts',(3.92352816902518E-13,2.,14.4874999999999));
#7665=CARTESIAN_POINT('Ctrl Pts',(0.0702651737260772,2.,14.4839503335155));
#7666=CARTESIAN_POINT('Ctrl Pts',(0.140607146329492,1.99629738024748,14.4802887942178));
#7667=CARTESIAN_POINT('Ctrl Pts',(0.466126537579626,1.96180566813204,14.4628381489834));
#7668=CARTESIAN_POINT('Ctrl Pts',(0.713891465385198,1.88580998226583,14.4481049827162));
#7669=CARTESIAN_POINT('Ctrl Pts',(1.17603961457372,1.63956428448451,14.4175759476762));
#7670=CARTESIAN_POINT('Ctrl Pts',(1.3841299802902,1.46814631410275,14.4020639168655));
#7671=CARTESIAN_POINT('Ctrl Pts',(1.71297065150432,1.06328015073493,14.3736428985549));
#7672=CARTESIAN_POINT('Ctrl Pts',(1.83426887799682,0.836836915721805,14.3613154867504));
#7673=CARTESIAN_POINT('Ctrl Pts',(1.98697271993287,0.34559249660719,14.332659562302));
#7674=CARTESIAN_POINT('Ctrl Pts',(2.01501277170345,0.0848564816604848,14.3174499614302));
#7675=CARTESIAN_POINT('Ctrl Pts',(1.96937162958865,-0.437998384348379,14.2869500942463));
#7676=CARTESIAN_POINT('Ctrl Pts',(1.89404358381129,-0.694919905526104,14.2719630055109));
#7677=CARTESIAN_POINT('Ctrl Pts',(1.65301853311027,-1.15399611516681,14.2451835599486));
#7678=CARTESIAN_POINT('Ctrl Pts',(1.49368700518566,-1.3539353920324,14.231801853087));
#7679=CARTESIAN_POINT('Ctrl Pts',(1.10160123375908,-1.68983971396269,14.2021971964505));
#7680=CARTESIAN_POINT('Ctrl Pts',(0.87023054925632,-1.81983085531782,14.1867173695502));
#7681=CARTESIAN_POINT('Ctrl Pts',(0.37010740707128,-1.98300517897348,14.1566928232513));
#7682=CARTESIAN_POINT('Ctrl Pts',(0.106260051589425,-2.01443805430931,14.1432891709889));
#7683=CARTESIAN_POINT('Ctrl Pts',(-0.41143661277318,-1.97390956704354,14.1159540131141));
#7684=CARTESIAN_POINT('Ctrl Pts',(-0.660536770599289,-1.90505943232145,
14.1013618054068));
#7685=CARTESIAN_POINT('Ctrl Pts',(-1.12817768030612,-1.67273348496922,14.0709612789958));
#7686=CARTESIAN_POINT('Ctrl Pts',(-1.34051837839454,-1.50793125326313,14.0554274883076));
#7687=CARTESIAN_POINT('Ctrl Pts',(-1.68137944635327,-1.11280220133304,14.0266832208922));
#7688=CARTESIAN_POINT('Ctrl Pts',(-1.80969696604379,-0.889023573589043,
14.0143597084593));
#7689=CARTESIAN_POINT('Ctrl Pts',(-1.97624416522956,-0.401968820102663,
13.9859481811726));
#7690=CARTESIAN_POINT('Ctrl Pts',(-2.0116367072447,-0.142883093207818,13.9708348471037));
#7691=CARTESIAN_POINT('Ctrl Pts',(-1.98131004039857,0.380398170423139,13.9403101067253));
#7692=CARTESIAN_POINT('Ctrl Pts',(-1.91348917213998,0.639448686366565,13.9251988266286));
#7693=CARTESIAN_POINT('Ctrl Pts',(-1.68596808951973,1.10527231734362,13.8980257814883));
#7694=CARTESIAN_POINT('Ctrl Pts',(-1.53264090431804,1.30964396818205,13.8850615651457));
#7695=CARTESIAN_POINT('Ctrl Pts',(-1.15127683071336,1.6562728557194,13.8556857490023));
#7696=CARTESIAN_POINT('Ctrl Pts',(-0.924582815151817,1.79271348276762,13.840254068759));
#7697=CARTESIAN_POINT('Ctrl Pts',(-0.460287519514102,1.96002821762884,13.8119187169409));
#7698=CARTESIAN_POINT('Ctrl Pts',(-0.230882009974867,2.,13.7991637316783));
#7699=CARTESIAN_POINT('Ctrl Pts',(1.77496906061947E-13,2.,13.7874999999999));
#7700=CARTESIAN_POINT('Ctrl Pts',(1.40304434737004E-13,2.,13.7));
#7701=CARTESIAN_POINT('Ctrl Pts',(-0.234779181272119,2.,13.7118606095569));
#7702=CARTESIAN_POINT('Ctrl Pts',(-0.467982771738338,1.9586666342204,13.7248471796853));
#7703=CARTESIAN_POINT('Ctrl Pts',(-0.934799152586118,1.78738584088166,13.7534255687662));
#7704=CARTESIAN_POINT('Ctrl Pts',(-1.16058628690114,1.64973971593449,13.7688465954034));
#7705=CARTESIAN_POINT('Ctrl Pts',(-1.53990938736672,1.30109025940934,13.7981782386247));
#7706=CARTESIAN_POINT('Ctrl Pts',(-1.69209897735756,1.09586559586289,13.811074506908));
#7707=CARTESIAN_POINT('Ctrl Pts',(-1.91702700464776,0.62876582177501,13.8383219937298));
#7708=CARTESIAN_POINT('Ctrl Pts',(-1.98340350909155,0.369333429295018,13.8534555499578));
#7709=CARTESIAN_POINT('Ctrl Pts',(-2.01079991789443,-0.153978026155533,
13.8839820515257));
#7710=CARTESIAN_POINT('Ctrl Pts',(-1.97400782538078,-0.412724599054566,
13.8990756016115));
#7711=CARTESIAN_POINT('Ctrl Pts',(-1.80481180098448,-0.898965705169298,
13.9274396661349));
#7712=CARTESIAN_POINT('Ctrl Pts',(-1.67513340828706,-1.12223590496649,13.9397739088604));
#7713=CARTESIAN_POINT('Ctrl Pts',(-1.33196153117427,-1.51546808848421,13.9685795887473));
#7714=CARTESIAN_POINT('Ctrl Pts',(-1.11882298749782,-1.67898099298264,13.9841160797405));
#7715=CARTESIAN_POINT('Ctrl Pts',(-0.650167884402635,-1.9086048993741,14.0144890317957));
#7716=CARTESIAN_POINT('Ctrl Pts',(-0.400833201136108,-1.97607266447407,
14.0290527681801));
#7717=CARTESIAN_POINT('Ctrl Pts',(0.11740368677371,-2.01388047033924,14.0563358639408));
#7718=CARTESIAN_POINT('Ctrl Pts',(0.381553225316504,-1.98089784693045,14.069832508649));
#7719=CARTESIAN_POINT('Ctrl Pts',(0.88099179364981,-1.81462334349934,14.0999128934545));
#7720=CARTESIAN_POINT('Ctrl Pts',(1.11145606452105,-1.6833504790932,14.1153843136053));
#7721=CARTESIAN_POINT('Ctrl Pts',(1.50143661927621,-1.34532546901417,14.1449444719976));
#7722=CARTESIAN_POINT('Ctrl Pts',(1.65958509804796,-1.14452204444229,14.1582362140742));
#7723=CARTESIAN_POINT('Ctrl Pts',(1.89797398468627,-0.684115371256155,14.1850932700101));
#7724=CARTESIAN_POINT('Ctrl Pts',(1.97183885307148,-0.426759765260113,14.2001056803598));
#7725=CARTESIAN_POINT('Ctrl Pts',(2.01448393993761,0.0962140031949304,14.2306124835197));
#7726=CARTESIAN_POINT('Ctrl Pts',(1.98500044640781,0.356643318744081,14.2458041935934));
#7727=CARTESIAN_POINT('Ctrl Pts',(1.82958756238796,0.847076657222503,14.2744128050046));
#7728=CARTESIAN_POINT('Ctrl Pts',(1.70692823090612,1.07299643749931,14.2867315421536));
#7729=CARTESIAN_POINT('Ctrl Pts',(1.3757427666007,1.47598053642067,14.3152161215236));
#7730=CARTESIAN_POINT('Ctrl Pts',(1.16681043834423,1.64612026557946,14.3307334046873));
#7731=CARTESIAN_POINT('Ctrl Pts',(0.703562737938319,1.88966918737291,14.3612393310527));
#7732=CARTESIAN_POINT('Ctrl Pts',(0.455522348639427,1.96427732221411,14.3759459428863));
#7733=CARTESIAN_POINT('Ctrl Pts',(0.133509047281434,1.99666178853505,14.3931580056151));
#7734=CARTESIAN_POINT('Ctrl Pts',(0.0667176569583022,2.,14.3966295474946));
#7735=CARTESIAN_POINT('Ctrl Pts',(4.05009359383244E-13,2.,14.4));
#7736=CARTESIAN_POINT('Origin',(0.,3.67394039744206E-15,15.));
#7737=CARTESIAN_POINT('Ctrl Pts',(4.04693639710629E-13,2.,14.4));
#7738=CARTESIAN_POINT('Ctrl Pts',(-0.193683497388407,2.,14.4097845316935));
#7739=CARTESIAN_POINT('Ctrl Pts',(-0.386662486816916,1.97187374354665,14.4203538220959));
#7740=CARTESIAN_POINT('Ctrl Pts',(-0.82536259121734,1.8407063170185,14.4463418557477));
#7741=CARTESIAN_POINT('Ctrl Pts',(-1.0604113336151,1.71608412276743,14.4618508970326));
#7742=CARTESIAN_POINT('Ctrl Pts',(-1.46118695017627,1.38901412413425,14.4916368807937));
#7743=CARTESIAN_POINT('Ctrl Pts',(-1.62542618964348,1.19261313189691,14.5054309006393));
#7744=CARTESIAN_POINT('Ctrl Pts',(-1.87725629895579,0.739056440459182,14.5318883743066));
#7745=CARTESIAN_POINT('Ctrl Pts',(-1.9585661539812,0.484007523846752,14.5467662277756));
#7746=CARTESIAN_POINT('Ctrl Pts',(-2.01651343341977,-0.0381777250098898,
14.5772270339589));
#7747=CARTESIAN_POINT('Ctrl Pts',(-1.9944280927598,-0.300090911947314,14.5925053031969));
#7748=CARTESIAN_POINT('Ctrl Pts',(-1.85286168747282,-0.794624504395676,
14.6213530960897));
#7749=CARTESIAN_POINT('Ctrl Pts',(-1.73709827225229,-1.0232319933089,14.6337559445675));
#7750=CARTESIAN_POINT('Ctrl Pts',(-1.4178571400701,-1.43571927782333,14.6619142946393));
#7751=CARTESIAN_POINT('Ctrl Pts',(-1.21327673968085,-1.61230734659912,14.6773998030367));
#7752=CARTESIAN_POINT('Ctrl Pts',(-0.755768662866491,-1.8694974762256,14.7080136428067));
#7753=CARTESIAN_POINT('Ctrl Pts',(-0.509205885652688,-1.95114031431187,
14.7228507872581));
#7754=CARTESIAN_POINT('Ctrl Pts',(0.00332891870399744,-2.01674229506017,
14.7506564877489));
#7755=CARTESIAN_POINT('Ctrl Pts',(0.26449884094325,-1.99932842744492,14.763381579272));
#7756=CARTESIAN_POINT('Ctrl Pts',(0.770467938198977,-1.86446086453632,14.7928758385425));
#7757=CARTESIAN_POINT('Ctrl Pts',(1.00980051303257,-1.74646118715276,14.8084081343688));
#7758=CARTESIAN_POINT('Ctrl Pts',(1.42087429649759,-1.43031673739189,14.8383957006132));
#7759=CARTESIAN_POINT('Ctrl Pts',(1.59110826954152,-1.23818868934767,14.852599340487));
#7760=CARTESIAN_POINT('Ctrl Pts',(1.85582574409699,-0.791283481582895,14.879007112418));
#7761=CARTESIAN_POINT('Ctrl Pts',(1.94427806589531,-0.538617064424474,14.8935806712419));
#7762=CARTESIAN_POINT('Ctrl Pts',(2.0168909184842,-0.0174021251176436,14.9239848760348));
#7763=CARTESIAN_POINT('Ctrl Pts',(2.00194264128915,0.24573770102824,14.9393346992267));
#7764=CARTESIAN_POINT('Ctrl Pts',(1.90074112278782,0.638886220479198,14.9622683628613));
#7765=CARTESIAN_POINT('Ctrl Pts',(1.84947774983662,0.774877067664258,14.9702011622804));
#7766=CARTESIAN_POINT('Ctrl Pts',(1.71974070228798,1.0308604072375,14.9851335237555));
#7767=CARTESIAN_POINT('Ctrl Pts',(1.64221770380923,1.15035500462422,14.9922568897157));
#7768=CARTESIAN_POINT('Ctrl Pts',(1.55263934774761,1.26067880755799,15.));
#7769=CARTESIAN_POINT('',(1.98848727243944,-0.214285714284382,15.));
#7770=CARTESIAN_POINT('Origin',(0.,-2.75545529808154E-15,15.));
#7771=CARTESIAN_POINT('Ctrl Pts',(1.9884872724395,-0.214285714283708,15.0000000000001));
#7772=CARTESIAN_POINT('Ctrl Pts',(1.9727486772006,-0.360333697105373,14.9914805343355));
#7773=CARTESIAN_POINT('Ctrl Pts',(1.9409690482353,-0.504205823594213,14.9830879936236));
#7774=CARTESIAN_POINT('Ctrl Pts',(1.84808018977812,-0.777641037663596,14.9671376061363));
#7775=CARTESIAN_POINT('Ctrl Pts',(1.78830952928344,-0.906666565392338,14.9597309783037));
#7776=CARTESIAN_POINT('Ctrl Pts',(1.58454896150897,-1.24659868996019,14.9395226847049));
#7777=CARTESIAN_POINT('Ctrl Pts',(1.41320419148102,-1.43791905148535,14.9252864869475));
#7778=CARTESIAN_POINT('Ctrl Pts',(1.0002009404747,-1.75199849161507,14.8952616770227));
#7779=CARTESIAN_POINT('Ctrl Pts',(0.760084137740346,-1.86873891163591,14.8797264917946));
#7780=CARTESIAN_POINT('Ctrl Pts',(0.253554870011072,-2.00070096486685,14.8502886777812));
#7781=CARTESIAN_POINT('Ctrl Pts',(-0.00735023125530126,-2.01668756371431,
14.8376154005338));
#7782=CARTESIAN_POINT('Ctrl Pts',(-0.519331149204733,-1.94848695748418,
14.8097618881156));
#7783=CARTESIAN_POINT('Ctrl Pts',(-0.765591834182264,-1.86551442417584,
14.7949012220274));
#7784=CARTESIAN_POINT('Ctrl Pts',(-1.2219685971163,-1.60575458010409,14.7642695841354));
#7785=CARTESIAN_POINT('Ctrl Pts',(-1.42570296887237,-1.42795669466574,14.7487915292189));
#7786=CARTESIAN_POINT('Ctrl Pts',(-1.74266996058657,-1.01368321915453,14.7206959672756));
#7787=CARTESIAN_POINT('Ctrl Pts',(-1.85713045392573,-0.784557632425462,
14.7082658618914));
#7788=CARTESIAN_POINT('Ctrl Pts',(-1.99604695502868,-0.289252265513033,
14.6793730488216));
#7789=CARTESIAN_POINT('Ctrl Pts',(-2.01671116617243,-0.0270789176249831,
14.6640796035281));
#7790=CARTESIAN_POINT('Ctrl Pts',(-1.95583964563563,0.494904300536579,14.6336305824687));
#7791=CARTESIAN_POINT('Ctrl Pts',(-1.8731150316064,0.749487042561349,14.6187799225172));
#7792=CARTESIAN_POINT('Ctrl Pts',(-1.6187218114027,1.20171895483977,14.5923997276343));
#7793=CARTESIAN_POINT('Ctrl Pts',(-1.45330405432493,1.397281137437,14.5784975302687));
#7794=CARTESIAN_POINT('Ctrl Pts',(-1.05045283804308,1.72222124631172,14.5486688128372));
#7795=CARTESIAN_POINT('Ctrl Pts',(-0.814541026274288,1.84554256556984,14.5331541130729));
#7796=CARTESIAN_POINT('Ctrl Pts',(-0.378745554440363,1.97302100492676,14.5074204115397));
#7797=CARTESIAN_POINT('Ctrl Pts',(-0.189692556099071,2.,14.4970829167286));
#7798=CARTESIAN_POINT('Ctrl Pts',(3.92352816902518E-13,2.,14.4874999999999));
#7799=CARTESIAN_POINT('Origin',(0.,9.0930024836691E-15,-14.5));
#7800=CARTESIAN_POINT('Ctrl Pts',(-0.579722432995845,-1.43247593443426,
-14.9546633369871));
#7801=CARTESIAN_POINT('Ctrl Pts',(-0.450928870513705,-1.51315861679043,
-14.9281891813007));
#7802=CARTESIAN_POINT('Ctrl Pts',(-0.310344256081084,-1.57376107823261,
-14.9030231945564));
#7803=CARTESIAN_POINT('Ctrl Pts',(0.0297445731083675,-1.66231868381505,
-14.8490790238713));
#7804=CARTESIAN_POINT('Ctrl Pts',(0.208022443912635,-1.66762457844324,-14.8243313632874));
#7805=CARTESIAN_POINT('Ctrl Pts',(0.565552019064787,-1.65075085729763,-14.769721798244));
#7806=CARTESIAN_POINT('Ctrl Pts',(0.789345923437106,-1.59575528058103,-14.7340734762581));
#7807=CARTESIAN_POINT('Ctrl Pts',(1.2091447510434,-1.40081847423116,-14.6640679548867));
#7808=CARTESIAN_POINT('Ctrl Pts',(1.4001814839786,-1.26062001156336,-14.6304116234577));
#7809=CARTESIAN_POINT('Ctrl Pts',(1.6597706685824,-0.976191698812686,-14.5801917023774));
#7810=CARTESIAN_POINT('Ctrl Pts',(1.73536819784444,-0.864989726720597,-14.5640812129554));
#7811=CARTESIAN_POINT('Ctrl Pts',(1.85602053601143,-0.661577362066214,-14.5335834448136));
#7812=CARTESIAN_POINT('Ctrl Pts',(1.91024166333573,-0.547206353256638,-14.5168727908049));
#7813=CARTESIAN_POINT('Ctrl Pts',(1.95354204731122,-0.428571428570953,-14.4999999999999));
#7814=CARTESIAN_POINT('',(-3.51470296141012E-13,1.73848547906108,-14.7615145209389));
#7815=CARTESIAN_POINT('Ctrl Pts',(1.06122099881597,-1.6952315451501,-14.5));
#7816=CARTESIAN_POINT('Ctrl Pts',(0.8705728414503,-1.80499251826388,-14.5081247819666));
#7817=CARTESIAN_POINT('Ctrl Pts',(0.663094918261301,-1.8824804959313,-14.5162934993779));
#7818=CARTESIAN_POINT('Ctrl Pts',(0.230548864390911,-1.9667874655735,-14.5320660097469));
#7819=CARTESIAN_POINT('Ctrl Pts',(-0.0348428624272838,-1.98146059425865,
-14.5402956113118));
#7820=CARTESIAN_POINT('Ctrl Pts',(-0.575685102635389,-1.87042929151953,
-14.5599151786425));
#7821=CARTESIAN_POINT('Ctrl Pts',(-0.814553271482757,-1.76876576713023,
-14.569697455119));
#7822=CARTESIAN_POINT('Ctrl Pts',(-1.2227930747166,-1.48808895346577,-14.5887486187384));
#7823=CARTESIAN_POINT('Ctrl Pts',(-1.3924097593206,-1.31764457089854,-14.5978382118308));
#7824=CARTESIAN_POINT('Ctrl Pts',(-1.65511281248822,-0.931551195946998,
-14.6145268460386));
#7825=CARTESIAN_POINT('Ctrl Pts',(-1.76042775074207,-0.704481439707361,
-14.6227559834419));
#7826=CARTESIAN_POINT('Ctrl Pts',(-1.86198345036363,-0.205650664954143,
-14.6423343711845));
#7827=CARTESIAN_POINT('Ctrl Pts',(-1.86326740980052,0.0383928094673798,
-14.6520556769122));
#7828=CARTESIAN_POINT('Ctrl Pts',(-1.77509618138031,0.4960392780103,-14.670580448135));
#7829=CARTESIAN_POINT('Ctrl Pts',(-1.69289641219989,0.70677294728922,-14.6792451882598));
#7830=CARTESIAN_POINT('Ctrl Pts',(-1.53277643641792,0.965917584829586,-14.6900364795893));
#7831=CARTESIAN_POINT('Ctrl Pts',(-1.46662640306659,1.06355950381249,-14.6942712982971));
#7832=CARTESIAN_POINT('Ctrl Pts',(-1.21718093441368,1.33284276368749,-14.7084860924618));
#7833=CARTESIAN_POINT('Ctrl Pts',(-1.03865390891154,1.46517823665297,-14.7175592981788));
#7834=CARTESIAN_POINT('Ctrl Pts',(-0.627272010607252,1.66497912366331,-14.7366099567758));
#7835=CARTESIAN_POINT('Ctrl Pts',(-0.395457902287745,1.7247570618639,-14.7464139591476));
#7836=CARTESIAN_POINT('Ctrl Pts',(-0.105714100147247,1.74002428570106,-14.757574945848));
#7837=CARTESIAN_POINT('Ctrl Pts',(-0.0527603513527984,1.74042943263416,
-14.7595705673658));
#7838=CARTESIAN_POINT('Ctrl Pts',(-7.02727689214294E-13,1.73848547906108,
-14.7615145209389));
#7839=CARTESIAN_POINT('',(-1.83697019872103E-16,1.50000000000001,-15.));
#7840=CARTESIAN_POINT('',(-2.4492935982947E-16,2.,-14.5));
#7841=CARTESIAN_POINT('Origin',(0.,9.18485099360515E-15,-15.));
#7842=CARTESIAN_POINT('Ctrl Pts',(-7.02771174587724E-13,1.73848547906108,
-14.7615145209389));
#7843=CARTESIAN_POINT('Ctrl Pts',(0.173138409613683,1.73210619951912,-14.767893800481));
#7844=CARTESIAN_POINT('Ctrl Pts',(0.34411865848127,1.69948443760759,-14.7748112383879));
#7845=CARTESIAN_POINT('Ctrl Pts',(0.711687427982026,1.56844728320543,-14.7911818074741));
#7846=CARTESIAN_POINT('Ctrl Pts',(0.899259895720939,1.45798020849989,-14.8006123918004));
#7847=CARTESIAN_POINT('Ctrl Pts',(1.25875200234812,1.14138183243951,-14.8213050996273));
#7848=CARTESIAN_POINT('Ctrl Pts',(1.3860700095697,0.947784597499252,-14.830442412149));
#7849=CARTESIAN_POINT('Ctrl Pts',(1.55056628871065,0.610487384607644,-14.845138829824));
#7850=CARTESIAN_POINT('Ctrl Pts',(1.60394184409366,0.420189675407299,-14.8535373685135));
#7851=CARTESIAN_POINT('Ctrl Pts',(1.6416726203695,0.0162048759682981,-14.8716700562063));
#7852=CARTESIAN_POINT('Ctrl Pts',(1.62059412045264,-0.19440626796698,-14.8812892542204));
#7853=CARTESIAN_POINT('Ctrl Pts',(1.50398237450263,-0.581467902023835,-14.8992808718281));
#7854=CARTESIAN_POINT('Ctrl Pts',(1.40887516846199,-0.776167169833509,-14.9077141118544));
#7855=CARTESIAN_POINT('Ctrl Pts',(1.1765026334845,-1.05842084087266,-14.9234291062556));
#7856=CARTESIAN_POINT('Ctrl Pts',(1.0755070448047,-1.15241279738552,-14.9296668671331));
#7857=CARTESIAN_POINT('Ctrl Pts',(0.856791871427939,-1.30754941123612,-14.942210649706));
#7858=CARTESIAN_POINT('Ctrl Pts',(0.740973716861493,-1.36942878943798,-14.9484493242676));
#7859=CARTESIAN_POINT('Ctrl Pts',(0.618772217807239,-1.41604602486023,-14.9546633369869));
#7860=CARTESIAN_POINT('Origin',(0.,-2.75545529808154E-15,15.));
#7861=CARTESIAN_POINT('Ctrl Pts',(-8.20331649831196E-12,-1.89697912811467,
14.8969791281147));
#7862=CARTESIAN_POINT('Ctrl Pts',(0.163895404363419,-1.90251331092064,14.9025133109206));
#7863=CARTESIAN_POINT('Ctrl Pts',(0.315519379240744,-1.88663516433989,14.9079990048527));
#7864=CARTESIAN_POINT('Ctrl Pts',(0.689914234750457,-1.81082925181944,14.9221551296109));
#7865=CARTESIAN_POINT('Ctrl Pts',(0.919434252433023,-1.7164621008625,14.9316328060968));
#7866=CARTESIAN_POINT('Ctrl Pts',(1.33857090580244,-1.44162097873677,14.9506331328566));
#7867=CARTESIAN_POINT('Ctrl Pts',(1.52222223611988,-1.26071122721223,14.9599582793082));
#7868=CARTESIAN_POINT('Ctrl Pts',(1.75231884621758,-0.921085269309915,14.9735877270642));
#7869=CARTESIAN_POINT('Ctrl Pts',(1.82442023667428,-0.78169822006931,14.9787204097611));
#7870=CARTESIAN_POINT('Ctrl Pts',(1.93103852713639,-0.499807196325369,14.9893552582063));
#7871=CARTESIAN_POINT('Ctrl Pts',(1.96757495321943,-0.358402142598866,14.9946491055877));
#7872=CARTESIAN_POINT('Ctrl Pts',(1.98848727243946,-0.214285714284385,15.));
#7873=CARTESIAN_POINT('Origin',(0.,-2.75545529808154E-15,15.));
#7874=CARTESIAN_POINT('Origin',(0.,3.46944695195361E-15,15.62));
#7875=CARTESIAN_POINT('',(-4.76606411092128E-16,3.89178668840649,15.4767615176152));
#7876=CARTESIAN_POINT('Origin',(0.,3.58636072746645E-15,15.4767615176152));
#7877=CARTESIAN_POINT('',(-4.02732417372849E-16,3.28855975170349,15.));
#7878=CARTESIAN_POINT('Origin',(-4.02732417372849E-16,3.28855975170349,
15.62));
#7879=CARTESIAN_POINT('Origin',(0.,3.67394039744206E-15,15.));
#7880=CARTESIAN_POINT('Origin',(0.,8.35819156633224E-17,16.4008807588076));
#7881=CARTESIAN_POINT('',(-4.,-1.61347444166148E-16,16.4008807588076));
#7882=CARTESIAN_POINT('',(4.,-1.61347444166148E-16,16.4008807588076));
#7883=CARTESIAN_POINT('Origin',(0.,8.35819156633224E-17,16.4008807588076));
#7884=CARTESIAN_POINT('',(4.76606411092128E-16,3.89178668840649,17.325));
#7885=CARTESIAN_POINT('Origin',(0.,3.24684482623942E-15,17.325));
#7886=CARTESIAN_POINT('Origin',(0.,3.03576608295941E-15,17.1817615176152));
#7887=CARTESIAN_POINT('',(-4.16391866395811E-16,3.40009761741687,17.7916461825413));
#7888=CARTESIAN_POINT('Origin',(0.,3.16112331317188E-15,17.7916461825413));
#7889=CARTESIAN_POINT('Origin',(-4.02732417372849E-16,3.28855975170349,
17.1817615176152));
#7890=CARTESIAN_POINT('Origin',(0.,3.46944695195361E-15,-0.799953924306325));
#7891=CARTESIAN_POINT('',(0.472057928999809,2.39626813712027,17.9415326407341));
#7892=CARTESIAN_POINT('',(-0.472057928999796,2.39626813712027,17.9415326407341));
#7893=CARTESIAN_POINT('Origin',(0.,3.46944695195361E-15,17.9415326407341));
#7894=CARTESIAN_POINT('',(0.493526482705057,1.06903559372885,18.0632868590562));
#7895=CARTESIAN_POINT('Origin',(-2.74715931982342,3.46944695195361E-15,
-0.31555561591674));
#7896=CARTESIAN_POINT('',(0.501962802369823,1.02842725685338,18.0653218240971));
#7897=CARTESIAN_POINT('Origin',(0.601191227492018,1.07023198174576,18.05983294809));
#7898=CARTESIAN_POINT('',(0.641118830196482,0.697505762548739,18.0762403610278));
#7899=CARTESIAN_POINT('Origin',(-2.21240336232959,-0.916407478116742,-0.377705794262307));
#7900=CARTESIAN_POINT('',(0.697505762548736,0.641118830196484,18.0762403610278));
#7901=CARTESIAN_POINT('Origin',(0.737877173101693,0.737877173101696,18.0708803737854));
#7902=CARTESIAN_POINT('',(1.02842725685338,0.501962802369826,18.0653218240971));
#7903=CARTESIAN_POINT('Origin',(-0.916407478116738,-2.21240336232959,-0.377705794262307));
#7904=CARTESIAN_POINT('',(1.06903559372885,0.493526482705061,18.0632868590562));
#7905=CARTESIAN_POINT('Origin',(1.07023198174492,0.60119122748845,18.0598329480902));
#7906=CARTESIAN_POINT('',(2.39626813712027,0.472057928999818,17.9415326407341));
#7907=CARTESIAN_POINT('Origin',(1.07880298116267E-14,-2.74715931982342,
-0.315555615916739));
#7908=CARTESIAN_POINT('',(2.39626813712027,-0.472057928999821,17.9415326407341));
#7909=CARTESIAN_POINT('Origin',(0.,3.46944695195361E-15,17.9415326407341));
#7910=CARTESIAN_POINT('',(1.06903559372885,-0.493526482705064,18.0632868590562));
#7911=CARTESIAN_POINT('Origin',(1.30031358256983E-14,2.74715931982342,-0.315555615916739));
#7912=CARTESIAN_POINT('',(1.02842725685338,-0.50196280236983,18.0653218240971));
#7913=CARTESIAN_POINT('Origin',(1.07023198174523,-0.601191227489349,18.0598329480901));
#7914=CARTESIAN_POINT('',(0.69750576254874,-0.641118830196488,18.0762403610278));
#7915=CARTESIAN_POINT('Origin',(-0.916407478116734,2.21240336232959,-0.377705794262306));
#7916=CARTESIAN_POINT('',(0.641118830196485,-0.697505762548742,18.0762403610278));
#7917=CARTESIAN_POINT('Origin',(0.737877173101697,-0.7378771731017,18.0708803737854));
#7918=CARTESIAN_POINT('',(0.501962802369826,-1.02842725685339,18.0653218240971));
#7919=CARTESIAN_POINT('Origin',(-2.21240336232959,0.916407478116745,-0.377705794262306));
#7920=CARTESIAN_POINT('',(0.49352648270506,-1.06903559372886,18.0632868590562));
#7921=CARTESIAN_POINT('Origin',(0.601191227485862,-1.07023198174434,18.0598329480903));
#7922=CARTESIAN_POINT('',(0.472057928999813,-2.39626813712027,17.9415326407341));
#7923=CARTESIAN_POINT('Origin',(-2.74715931982342,-1.13840768538639E-15,
-0.315555615916739));
#7924=CARTESIAN_POINT('',(-0.472057928999809,-2.39626813712027,17.9415326407341));
#7925=CARTESIAN_POINT('Origin',(6.76525302999454E-15,-3.29580607804095E-15,
17.9415326407341));
#7926=CARTESIAN_POINT('',(-0.493526482705057,-1.06903559372886,18.0632868590562));
#7927=CARTESIAN_POINT('Origin',(2.74715931982342,-3.35351369945799E-15,
-0.31555561591674));
#7928=CARTESIAN_POINT('',(-0.501962802369823,-1.02842725685339,18.0653218240971));
#7929=CARTESIAN_POINT('Origin',(-0.60119122749102,-1.07023198174553,18.05983294809));
#7930=CARTESIAN_POINT('',(-0.641118830196482,-0.697505762548745,18.0762403610278));
#7931=CARTESIAN_POINT('Origin',(2.21240336232959,0.916407478116742,-0.377705794262307));
#7932=CARTESIAN_POINT('',(-0.697505762548736,-0.641118830196491,18.0762403610278));
#7933=CARTESIAN_POINT('Origin',(-0.737877173101694,-0.737877173101703,18.0708803737854));
#7934=CARTESIAN_POINT('',(-1.02842725685338,-0.501962802369833,18.0653218240971));
#7935=CARTESIAN_POINT('Origin',(0.916407478116738,2.21240336232959,-0.377705794262306));
#7936=CARTESIAN_POINT('',(-1.06903559372885,-0.493526482705067,18.0632868590562));
#7937=CARTESIAN_POINT('Origin',(-1.07023198174497,-0.601191227488582,18.0598329480902));
#7938=CARTESIAN_POINT('',(-2.39626813712027,-0.472057928999825,17.9415326407341));
#7939=CARTESIAN_POINT('Origin',(-1.07880298116267E-14,2.74715931982342,
-0.315555615916738));
#7940=CARTESIAN_POINT('',(-2.39626813712027,0.472057928999831,17.9415326407341));
#7941=CARTESIAN_POINT('Origin',(0.,-1.00610591080355E-14,17.9415326407341));
#7942=CARTESIAN_POINT('',(-1.06903559372885,0.493526482705064,18.0632868590562));
#7943=CARTESIAN_POINT('Origin',(-3.21864468256832E-14,-2.74715931982342,
-0.31555561591674));
#7944=CARTESIAN_POINT('',(-1.02842725685338,0.50196280236983,18.0653218240971));
#7945=CARTESIAN_POINT('Origin',(-1.07023198174522,0.6011912274892,18.0598329480901));
#7946=CARTESIAN_POINT('',(-0.697505762548735,0.641118830196486,18.0762403610278));
#7947=CARTESIAN_POINT('Origin',(0.916407478116719,-2.2124033623296,-0.377705794262307));
#7948=CARTESIAN_POINT('',(-0.641118830196481,0.69750576254874,18.0762403610278));
#7949=CARTESIAN_POINT('Origin',(-0.737877173101691,0.737877173101698,18.0708803737854));
#7950=CARTESIAN_POINT('',(-0.501962802369819,1.02842725685338,18.0653218240971));
#7951=CARTESIAN_POINT('Origin',(2.21240336232958,-0.916407478116761,-0.377705794262306));
#7952=CARTESIAN_POINT('',(-0.493526482705053,1.06903559372885,18.0632868590562));
#7953=CARTESIAN_POINT('Origin',(-0.601191227490137,1.07023198174526,18.0598329480901));
#7954=CARTESIAN_POINT('Origin',(2.74715931982342,-1.79289700621029E-14,
-0.315555615916739));
#7955=CARTESIAN_POINT('Origin',(0.,0.,18.1));
#7956=CARTESIAN_POINT('',(1.54476533322818,-0.037452278722836,15.4767615176152));
#7957=CARTESIAN_POINT('',(1.54476533322818,0.0374522787228337,15.4767615176152));
#7958=CARTESIAN_POINT('Origin',(0.,0.,15.4767615176152));
#7959=CARTESIAN_POINT('Ctrl Pts',(2.39626813712045,-0.472057928999915,17.9415326407347));
#7960=CARTESIAN_POINT('Ctrl Pts',(1.89237577218982,-0.207804483854886,16.4428768815124));
#7961=CARTESIAN_POINT('Ctrl Pts',(1.54476533322818,-0.037452278722836,15.4767615176152));
#7962=CARTESIAN_POINT('Ctrl Pts',(2.39626813712044,0.472057928999913,17.9415326407347));
#7963=CARTESIAN_POINT('Ctrl Pts',(1.8923757721898,0.207804483854874,16.4428768815123));
#7964=CARTESIAN_POINT('Ctrl Pts',(1.54476533322818,0.0374522787228335,15.4767615176152));
#7965=CARTESIAN_POINT('Origin',(3.32491605968506E-15,-3.32491605968507E-15,
18.1));
#7966=CARTESIAN_POINT('',(-0.0374522787228277,-1.54476533322818,15.4767615176152));
#7967=CARTESIAN_POINT('',(0.0374522787228312,-1.54476533322818,15.4767615176152));
#7968=CARTESIAN_POINT('Origin',(2.84303496805715E-15,-2.84303496805716E-15,
15.4767615176152));
#7969=CARTESIAN_POINT('Ctrl Pts',(-0.472057928999904,-2.39626813712045,
17.9415326407347));
#7970=CARTESIAN_POINT('Ctrl Pts',(-0.207804483854871,-1.89237577218981,
16.4428768815123));
#7971=CARTESIAN_POINT('Ctrl Pts',(-0.037452278722828,-1.54476533322818,
15.4767615176152));
#7972=CARTESIAN_POINT('Ctrl Pts',(0.472057928999907,-2.39626813712045,17.9415326407347));
#7973=CARTESIAN_POINT('Ctrl Pts',(0.20780448385488,-1.89237577218983,16.4428768815124));
#7974=CARTESIAN_POINT('Ctrl Pts',(0.0374522787228311,-1.54476533322818,
15.4767615176152));
#7975=CARTESIAN_POINT('Origin',(0.,-6.64983211937013E-15,18.1));
#7976=CARTESIAN_POINT('',(-1.54476533322818,0.0374522787228411,15.4767615176152));
#7977=CARTESIAN_POINT('',(-1.54476533322818,-0.0374522787228394,15.4767615176152));
#7978=CARTESIAN_POINT('Origin',(0.,-5.68606993611431E-15,15.4767615176152));
#7979=CARTESIAN_POINT('Ctrl Pts',(-2.39626813712044,0.472057928999926,17.9415326407347));
#7980=CARTESIAN_POINT('Ctrl Pts',(-1.89237577218982,0.20780448385489,16.4428768815123));
#7981=CARTESIAN_POINT('Ctrl Pts',(-1.54476533322818,0.0374522787228411,
15.4767615176152));
#7982=CARTESIAN_POINT('Ctrl Pts',(-2.39626813712045,-0.472057928999919,
17.9415326407347));
#7983=CARTESIAN_POINT('Ctrl Pts',(-1.89237577218987,-0.207804483854914,
16.4428768815125));
#7984=CARTESIAN_POINT('Ctrl Pts',(-1.54476533322818,-0.0374522787228394,
15.4767615176152));
#7985=CARTESIAN_POINT('Origin',(0.,0.,15.4767615176152));
#7986=CARTESIAN_POINT('',(1.06903559372886,-0.0374522787228345,15.4767615176152));
#7987=CARTESIAN_POINT('',(2.71227103579925E-15,-0.0374522787228306,15.4767615176152));
#7988=CARTESIAN_POINT('',(1.06903559372885,0.0374522787228319,15.4767615176152));
#7989=CARTESIAN_POINT('',(-1.47074214611326E-16,0.0374522787228276,15.4767615176152));
#7990=CARTESIAN_POINT('',(0.853757900881346,0.0802736742511592,15.4767615176152));
#7991=CARTESIAN_POINT('Origin',(1.06903559372885,0.600000000000004,15.4767615176152));
#7992=CARTESIAN_POINT('',(0.522099651937816,0.217651019036479,15.4767615176152));
#7993=CARTESIAN_POINT('',(0.15341097954515,0.37036686743485,15.4767615176152));
#7994=CARTESIAN_POINT('',(0.217651019036477,0.522099651937817,15.4767615176152));
#7995=CARTESIAN_POINT('Origin',(0.737377344785321,0.737377344785324,15.4767615176152));
#7996=CARTESIAN_POINT('',(0.0802736742511563,0.853757900881346,15.4767615176152));
#7997=CARTESIAN_POINT('',(0.370366867434849,0.153410979545152,15.4767615176152));
#7998=CARTESIAN_POINT('',(0.037452278722828,1.06903559372885,15.4767615176152));
#7999=CARTESIAN_POINT('Origin',(0.6,1.06903559372885,15.4767615176152));
#8000=CARTESIAN_POINT('',(0.0374522787228277,1.54476533322818,15.4767615176152));
#8001=CARTESIAN_POINT('',(0.0374522787228277,0.,15.4767615176152));
#8002=CARTESIAN_POINT('',(-0.0374522787228204,1.54476533322818,15.4767615176152));
#8003=CARTESIAN_POINT('Origin',(0.,0.,15.4767615176152));
#8004=CARTESIAN_POINT('',(-0.0374522787228235,1.06903559372885,15.4767615176152));
#8005=CARTESIAN_POINT('',(-0.0374522787228305,-2.59781738589474E-15,15.4767615176152));
#8006=CARTESIAN_POINT('',(-0.0802736742511531,0.853757900881344,15.4767615176152));
#8007=CARTESIAN_POINT('Origin',(-0.599999999999996,1.06903559372885,15.4767615176152));
#8008=CARTESIAN_POINT('',(-0.217651019036476,0.522099651937816,15.4767615176152));
#8009=CARTESIAN_POINT('',(-0.370366867434851,0.153410979545151,15.4767615176152));
#8010=CARTESIAN_POINT('',(-0.522099651937817,0.21765101903648,15.4767615176152));
#8011=CARTESIAN_POINT('Origin',(-0.737377344785319,0.737377344785326,15.4767615176152));
#8012=CARTESIAN_POINT('',(-0.853757900881348,0.0802736742511624,15.4767615176152));
#8013=CARTESIAN_POINT('',(-0.153410979545151,0.370366867434848,15.4767615176152));
#8014=CARTESIAN_POINT('',(-1.06903559372886,0.0374522787228363,15.4767615176152));
#8015=CARTESIAN_POINT('Origin',(-1.06903559372885,0.600000000000009,15.4767615176152));
#8016=CARTESIAN_POINT('',(-2.45074317128344E-15,0.0374522787228249,15.4767615176152));
#8017=CARTESIAN_POINT('',(-1.06903559372885,-0.0374522787228375,15.4767615176152));
#8018=CARTESIAN_POINT('',(1.47074214611326E-16,-0.0374522787228333,15.4767615176152));
#8019=CARTESIAN_POINT('',(-0.853757900881346,-0.0802736742511649,15.4767615176152));
#8020=CARTESIAN_POINT('Origin',(-1.06903559372885,-0.60000000000001,15.4767615176152));
#8021=CARTESIAN_POINT('',(-0.522099651937816,-0.217651019036485,15.4767615176152));
#8022=CARTESIAN_POINT('',(-0.15341097954515,-0.370366867434855,15.4767615176152));
#8023=CARTESIAN_POINT('',(-0.217651019036477,-0.522099651937823,15.4767615176152));
#8024=CARTESIAN_POINT('Origin',(-0.737377344785321,-0.73737734478533,15.4767615176152));
#8025=CARTESIAN_POINT('',(-0.0802736742511563,-0.853757900881352,15.4767615176152));
#8026=CARTESIAN_POINT('',(-0.370366867434849,-0.153410979545157,15.4767615176152));
#8027=CARTESIAN_POINT('',(-0.037452278722828,-1.06903559372886,15.4767615176152));
#8028=CARTESIAN_POINT('Origin',(-0.6,-1.06903559372886,15.4767615176152));
#8029=CARTESIAN_POINT('',(-0.0374522787228277,-5.68606993611431E-15,15.4767615176152));
#8030=CARTESIAN_POINT('',(0.037452278722831,-1.06903559372886,15.4767615176152));
#8031=CARTESIAN_POINT('',(0.0374522787228305,-2.82672468570374E-15,15.4767615176152));
#8032=CARTESIAN_POINT('',(0.0802736742511591,-0.85375790088135,15.4767615176152));
#8033=CARTESIAN_POINT('Origin',(0.600000000000003,-1.06903559372886,15.4767615176152));
#8034=CARTESIAN_POINT('',(0.21765101903648,-0.52209965193782,15.4767615176152));
#8035=CARTESIAN_POINT('',(0.370366867434852,-0.153410979545154,15.4767615176152));
#8036=CARTESIAN_POINT('',(0.522099651937819,-0.217651019036482,15.4767615176152));
#8037=CARTESIAN_POINT('Origin',(0.737377344785324,-0.737377344785327,15.4767615176152));
#8038=CARTESIAN_POINT('',(0.853757900881349,-0.0802736742511621,15.4767615176152));
#8039=CARTESIAN_POINT('',(0.153410979545153,-0.370366867434853,15.4767615176152));
#8040=CARTESIAN_POINT('Origin',(1.06903559372885,-0.600000000000007,15.4767615176152));
#8041=CARTESIAN_POINT('Origin',(-1.96348819920646E-15,0.5,18.1));
#8042=CARTESIAN_POINT('',(1.06903559372885,0.500000000000004,18.1));
#8043=CARTESIAN_POINT('Origin',(1.06903559372885,0.600000000000004,18.1));
#8044=CARTESIAN_POINT('',(1.03076725049234,0.507612046748875,18.1));
#8045=CARTESIAN_POINT('Origin',(0.330420329156147,0.797705239932565,18.1));
#8046=CARTESIAN_POINT('',(0.699109001548813,0.644989391534195,18.1));
#8047=CARTESIAN_POINT('Origin',(0.737377344785321,0.737377344785324,18.1));
#8048=CARTESIAN_POINT('',(0.644989391534193,0.699109001548815,18.1));
#8049=CARTESIAN_POINT('Origin',(0.797705239932564,0.33042032915615,18.1));
#8050=CARTESIAN_POINT('',(0.507612046748871,1.03076725049234,18.1));
#8051=CARTESIAN_POINT('Origin',(0.6,1.06903559372885,18.1));
#8052=CARTESIAN_POINT('',(0.5,1.06903559372885,18.1));
#8053=CARTESIAN_POINT('Origin',(0.5,0.,18.1));
#8054=CARTESIAN_POINT('Ctrl Pts',(0.472057928999904,2.39626813712045,17.9415326407347));
#8055=CARTESIAN_POINT('Ctrl Pts',(0.207804483854881,1.89237577218983,16.4428768815124));
#8056=CARTESIAN_POINT('Ctrl Pts',(0.0374522787228281,1.54476533322818,15.4767615176152));
#8057=CARTESIAN_POINT('Origin',(0.,0.,18.1));
#8058=CARTESIAN_POINT('Ctrl Pts',(-0.472057928999891,2.39626813712045,17.9415326407347));
#8059=CARTESIAN_POINT('Ctrl Pts',(-0.207804483854857,1.8923757721898,16.4428768815123));
#8060=CARTESIAN_POINT('Ctrl Pts',(-0.0374522787228201,1.54476533322818,
15.4767615176152));
#8061=CARTESIAN_POINT('Origin',(-0.500000000000003,-5.11822506267889E-17,
18.1));
#8062=CARTESIAN_POINT('',(-0.499999999999996,1.06903559372885,18.1));
#8063=CARTESIAN_POINT('Origin',(-0.599999999999996,1.06903559372885,18.1));
#8064=CARTESIAN_POINT('',(-0.507612046748868,1.03076725049234,18.1));
#8065=CARTESIAN_POINT('Origin',(-0.797705239932565,0.330420329156152,18.1));
#8066=CARTESIAN_POINT('',(-0.644989391534191,0.699109001548816,18.1));
#8067=CARTESIAN_POINT('Origin',(-0.73737734478532,0.737377344785326,18.1));
#8068=CARTESIAN_POINT('',(-0.699109001548812,0.644989391534197,18.1));
#8069=CARTESIAN_POINT('Origin',(-0.330420329156145,0.797705239932564,18.1));
#8070=CARTESIAN_POINT('',(-1.03076725049234,0.507612046748879,18.1));
#8071=CARTESIAN_POINT('Origin',(-1.06903559372885,0.600000000000008,18.1));
#8072=CARTESIAN_POINT('',(-1.06903559372885,0.500000000000008,18.1));
#8073=CARTESIAN_POINT('Origin',(1.91230594857964E-15,0.499999999999997,
18.1));
#8074=CARTESIAN_POINT('Origin',(1.96348819920646E-15,-0.500000000000006,
18.1));
#8075=CARTESIAN_POINT('',(-1.06903559372885,-0.500000000000011,18.1));
#8076=CARTESIAN_POINT('Origin',(-1.06903559372885,-0.600000000000011,18.1));
#8077=CARTESIAN_POINT('',(-1.03076725049234,-0.507612046748882,18.1));
#8078=CARTESIAN_POINT('Origin',(-0.330420329156147,-0.797705239932572,18.1));
#8079=CARTESIAN_POINT('',(-0.699109001548813,-0.644989391534201,18.1));
#8080=CARTESIAN_POINT('Origin',(-0.737377344785321,-0.73737734478533,18.1));
#8081=CARTESIAN_POINT('',(-0.644989391534193,-0.699109001548822,18.1));
#8082=CARTESIAN_POINT('Origin',(-0.797705239932564,-0.330420329156156,18.1));
#8083=CARTESIAN_POINT('',(-0.507612046748871,-1.03076725049235,18.1));
#8084=CARTESIAN_POINT('Origin',(-0.6,-1.06903559372886,18.1));
#8085=CARTESIAN_POINT('',(-0.5,-1.06903559372886,18.1));
#8086=CARTESIAN_POINT('Origin',(-0.5,-6.64983211937013E-15,18.1));
#8087=CARTESIAN_POINT('Origin',(0.500000000000003,-3.10716852990018E-15,
18.1));
#8088=CARTESIAN_POINT('',(0.500000000000004,-1.06903559372886,18.1));
#8089=CARTESIAN_POINT('Origin',(0.600000000000004,-1.06903559372886,18.1));
#8090=CARTESIAN_POINT('',(0.507612046748875,-1.03076725049235,18.1));
#8091=CARTESIAN_POINT('Origin',(0.797705239932567,-0.330420329156153,18.1));
#8092=CARTESIAN_POINT('',(0.644989391534196,-0.699109001548818,18.1));
#8093=CARTESIAN_POINT('Origin',(0.737377344785325,-0.737377344785327,18.1));
#8094=CARTESIAN_POINT('',(0.699109001548816,-0.644989391534199,18.1));
#8095=CARTESIAN_POINT('Origin',(0.33042032915615,-0.797705239932569,18.1));
#8096=CARTESIAN_POINT('',(1.03076725049235,-0.507612046748878,18.1));
#8097=CARTESIAN_POINT('Origin',(1.06903559372885,-0.600000000000007,18.1));
#8098=CARTESIAN_POINT('',(1.06903559372885,-0.500000000000007,18.1));
#8099=CARTESIAN_POINT('Origin',(1.5791753902635E-15,-0.500000000000003,
18.1));
#8100=CARTESIAN_POINT('Origin',(0.,-3.28855975170348,15.));
#8101=CARTESIAN_POINT('Ctrl Pts',(0.,1.54532931291597,8.45000424358055));
#8102=CARTESIAN_POINT('Ctrl Pts',(-0.892196294798658,1.54532931291597,8.50833757691388));
#8103=CARTESIAN_POINT('Ctrl Pts',(-1.33829444219799,0.772664656457987,8.56667091024722));
#8104=CARTESIAN_POINT('Ctrl Pts',(-1.78439258959732,-1.50727124121088E-15,
8.62500424358055));
#8105=CARTESIAN_POINT('Ctrl Pts',(-1.33829444219799,-0.77266465645799,8.68333757691388));
#8106=CARTESIAN_POINT('Ctrl Pts',(-0.892196294798659,-1.54532931291598,
8.74167091024722));
#8107=CARTESIAN_POINT('Ctrl Pts',(-1.89248259669113E-16,-1.54532931291598,
8.80000424358055));
#8108=CARTESIAN_POINT('Ctrl Pts',(0.892196294798657,-1.54532931291598,8.85833757691388));
#8109=CARTESIAN_POINT('Ctrl Pts',(1.33829444219799,-0.77266465645799,8.91667091024722));
#8110=CARTESIAN_POINT('Ctrl Pts',(1.78439258959732,-1.9443213758654E-15,
8.97500424358055));
#8111=CARTESIAN_POINT('Ctrl Pts',(1.33829444219799,0.772664656457985,9.03333757691389));
#8112=CARTESIAN_POINT('Ctrl Pts',(0.892196294798659,1.54532931291597,9.09167091024722));
#8113=CARTESIAN_POINT('Ctrl Pts',(0.,1.54532931291597,9.15000424358055));
#8114=CARTESIAN_POINT('Ctrl Pts',(-0.892196294798658,1.54532931291597,9.20833757691388));
#8115=CARTESIAN_POINT('Ctrl Pts',(-1.33829444219799,0.772664656457987,9.26667091024722));
#8116=CARTESIAN_POINT('Ctrl Pts',(-1.78439258959732,-1.50727124121088E-15,
9.32500424358055));
#8117=CARTESIAN_POINT('Ctrl Pts',(-1.33829444219799,-0.77266465645799,9.38333757691388));
#8118=CARTESIAN_POINT('Ctrl Pts',(-0.892196294798659,-1.54532931291598,
9.44167091024721));
#8119=CARTESIAN_POINT('Ctrl Pts',(-1.89248259669113E-16,-1.54532931291598,
9.50000424358055));
#8120=CARTESIAN_POINT('Ctrl Pts',(0.892196294798657,-1.54532931291598,9.55833757691388));
#8121=CARTESIAN_POINT('Ctrl Pts',(1.33829444219799,-0.77266465645799,9.61667091024722));
#8122=CARTESIAN_POINT('Ctrl Pts',(1.78439258959732,-1.9443213758654E-15,
9.67500424358055));
#8123=CARTESIAN_POINT('Ctrl Pts',(1.33829444219799,0.772664656457985,9.73333757691389));
#8124=CARTESIAN_POINT('Ctrl Pts',(0.892196294798659,1.54532931291597,9.79167091024721));
#8125=CARTESIAN_POINT('Ctrl Pts',(0.,1.54532931291597,9.85000424358055));
#8126=CARTESIAN_POINT('Ctrl Pts',(-0.892196294798658,1.54532931291597,9.90833757691388));
#8127=CARTESIAN_POINT('Ctrl Pts',(-1.33829444219799,0.772664656457987,9.96667091024722));
#8128=CARTESIAN_POINT('Ctrl Pts',(-1.78439258959732,-1.50727124121088E-15,
10.0250042435805));
#8129=CARTESIAN_POINT('Ctrl Pts',(-1.33829444219799,-0.77266465645799,10.0833375769139));
#8130=CARTESIAN_POINT('Ctrl Pts',(-0.892196294798659,-1.54532931291598,
10.1416709102472));
#8131=CARTESIAN_POINT('Ctrl Pts',(-1.89248259669113E-16,-1.54532931291598,
10.2000042435805));
#8132=CARTESIAN_POINT('Ctrl Pts',(0.892196294798657,-1.54532931291598,10.2583375769139));
#8133=CARTESIAN_POINT('Ctrl Pts',(1.33829444219799,-0.77266465645799,10.3166709102472));
#8134=CARTESIAN_POINT('Ctrl Pts',(1.78439258959732,-1.9443213758654E-15,
10.3750042435805));
#8135=CARTESIAN_POINT('Ctrl Pts',(1.33829444219799,0.772664656457985,10.4333375769139));
#8136=CARTESIAN_POINT('Ctrl Pts',(0.892196294798659,1.54532931291597,10.4916709102472));
#8137=CARTESIAN_POINT('Ctrl Pts',(0.,1.54532931291597,10.5500042435805));
#8138=CARTESIAN_POINT('Ctrl Pts',(-0.892196294798658,1.54532931291597,10.6083375769139));
#8139=CARTESIAN_POINT('Ctrl Pts',(-1.33829444219799,0.772664656457987,10.6666709102472));
#8140=CARTESIAN_POINT('Ctrl Pts',(-1.78439258959732,-1.50727124121088E-15,
10.7250042435805));
#8141=CARTESIAN_POINT('Ctrl Pts',(-1.33829444219799,-0.77266465645799,10.7833375769139));
#8142=CARTESIAN_POINT('Ctrl Pts',(-0.892196294798659,-1.54532931291598,
10.8416709102472));
#8143=CARTESIAN_POINT('Ctrl Pts',(-1.89248259669113E-16,-1.54532931291598,
10.9000042435806));
#8144=CARTESIAN_POINT('Ctrl Pts',(0.892196294798657,-1.54532931291598,10.9583375769139));
#8145=CARTESIAN_POINT('Ctrl Pts',(1.33829444219799,-0.77266465645799,11.0166709102472));
#8146=CARTESIAN_POINT('Ctrl Pts',(1.78439258959732,-1.9443213758654E-15,
11.0750042435806));
#8147=CARTESIAN_POINT('Ctrl Pts',(1.33829444219799,0.772664656457985,11.1333375769139));
#8148=CARTESIAN_POINT('Ctrl Pts',(0.892196294798659,1.54532931291597,11.1916709102472));
#8149=CARTESIAN_POINT('Ctrl Pts',(0.,1.54532931291597,11.2500042435806));
#8150=CARTESIAN_POINT('Ctrl Pts',(-0.892196294798658,1.54532931291597,11.3083375769139));
#8151=CARTESIAN_POINT('Ctrl Pts',(-1.33829444219799,0.772664656457987,11.3666709102472));
#8152=CARTESIAN_POINT('Ctrl Pts',(-1.78439258959732,-1.50727124121088E-15,
11.4250042435805));
#8153=CARTESIAN_POINT('Ctrl Pts',(-1.33829444219799,-0.77266465645799,11.4833375769139));
#8154=CARTESIAN_POINT('Ctrl Pts',(-0.892196294798659,-1.54532931291598,
11.5416709102472));
#8155=CARTESIAN_POINT('Ctrl Pts',(-1.89248259669113E-16,-1.54532931291598,
11.6000042435805));
#8156=CARTESIAN_POINT('Ctrl Pts',(0.892196294798657,-1.54532931291598,11.6583375769139));
#8157=CARTESIAN_POINT('Ctrl Pts',(1.33829444219799,-0.77266465645799,11.7166709102472));
#8158=CARTESIAN_POINT('Ctrl Pts',(1.78439258959732,-1.9443213758654E-15,
11.7750042435806));
#8159=CARTESIAN_POINT('Ctrl Pts',(1.33829444219799,0.772664656457985,11.8333375769139));
#8160=CARTESIAN_POINT('Ctrl Pts',(0.892196294798659,1.54532931291597,11.8916709102472));
#8161=CARTESIAN_POINT('Ctrl Pts',(0.,1.54532931291597,11.9500042435806));
#8162=CARTESIAN_POINT('Ctrl Pts',(-0.892196294798658,1.54532931291597,12.0083375769139));
#8163=CARTESIAN_POINT('Ctrl Pts',(-1.33829444219799,0.772664656457987,12.0666709102472));
#8164=CARTESIAN_POINT('Ctrl Pts',(-1.78439258959732,-1.50727124121088E-15,
12.1250042435806));
#8165=CARTESIAN_POINT('Ctrl Pts',(-1.33829444219799,-0.77266465645799,12.1833375769139));
#8166=CARTESIAN_POINT('Ctrl Pts',(-0.892196294798659,-1.54532931291598,
12.2416709102472));
#8167=CARTESIAN_POINT('Ctrl Pts',(-1.89248259669113E-16,-1.54532931291598,
12.3000042435806));
#8168=CARTESIAN_POINT('Ctrl Pts',(0.892196294798657,-1.54532931291598,12.3583375769139));
#8169=CARTESIAN_POINT('Ctrl Pts',(1.33829444219799,-0.77266465645799,12.4166709102472));
#8170=CARTESIAN_POINT('Ctrl Pts',(1.78439258959732,-1.9443213758654E-15,
12.4750042435805));
#8171=CARTESIAN_POINT('Ctrl Pts',(1.33829444219799,0.772664656457985,12.5333375769139));
#8172=CARTESIAN_POINT('Ctrl Pts',(0.892196294798659,1.54532931291597,12.5916709102472));
#8173=CARTESIAN_POINT('Ctrl Pts',(0.,1.54532931291597,12.6500042435806));
#8174=CARTESIAN_POINT('Ctrl Pts',(-0.892196294798658,1.54532931291597,12.7083375769139));
#8175=CARTESIAN_POINT('Ctrl Pts',(-1.33829444219799,0.772664656457987,12.7666709102472));
#8176=CARTESIAN_POINT('Ctrl Pts',(-1.78439258959732,-1.50727124121088E-15,
12.8250042435806));
#8177=CARTESIAN_POINT('Ctrl Pts',(-1.33829444219799,-0.77266465645799,12.8833375769139));
#8178=CARTESIAN_POINT('Ctrl Pts',(-0.892196294798659,-1.54532931291598,
12.9416709102472));
#8179=CARTESIAN_POINT('Ctrl Pts',(-1.89248259669113E-16,-1.54532931291598,
13.0000042435806));
#8180=CARTESIAN_POINT('Ctrl Pts',(0.892196294798657,-1.54532931291598,13.0583375769139));
#8181=CARTESIAN_POINT('Ctrl Pts',(1.33829444219799,-0.77266465645799,13.1166709102472));
#8182=CARTESIAN_POINT('Ctrl Pts',(1.78439258959732,-1.9443213758654E-15,
13.1750042435806));
#8183=CARTESIAN_POINT('Ctrl Pts',(1.33829444219799,0.772664656457985,13.2333375769139));
#8184=CARTESIAN_POINT('Ctrl Pts',(0.892196294798659,1.54532931291597,13.2916709102472));
#8185=CARTESIAN_POINT('Ctrl Pts',(0.,1.54532931291597,13.3500042435806));
#8186=CARTESIAN_POINT('Ctrl Pts',(-0.892196294798658,1.54532931291597,13.4083375769139));
#8187=CARTESIAN_POINT('Ctrl Pts',(-1.33829444219799,0.772664656457987,13.4666709102472));
#8188=CARTESIAN_POINT('Ctrl Pts',(-1.78439258959732,-1.50727124121088E-15,
13.5250042435806));
#8189=CARTESIAN_POINT('Ctrl Pts',(-1.33829444219799,-0.77266465645799,13.5833375769139));
#8190=CARTESIAN_POINT('Ctrl Pts',(-0.892196294798659,-1.54532931291598,
13.6416709102472));
#8191=CARTESIAN_POINT('Ctrl Pts',(-1.89248259669113E-16,-1.54532931291598,
13.7000042435806));
#8192=CARTESIAN_POINT('Ctrl Pts',(0.892196294798657,-1.54532931291598,13.7583375769139));
#8193=CARTESIAN_POINT('Ctrl Pts',(1.33829444219799,-0.77266465645799,13.8166709102472));
#8194=CARTESIAN_POINT('Ctrl Pts',(1.78439258959732,-1.9443213758654E-15,
13.8750042435805));
#8195=CARTESIAN_POINT('Ctrl Pts',(1.33829444219799,0.772664656457985,13.9333375769139));
#8196=CARTESIAN_POINT('Ctrl Pts',(0.892196294798659,1.54532931291597,13.9916709102472));
#8197=CARTESIAN_POINT('Ctrl Pts',(0.,1.54532931291597,14.0500042435806));
#8198=CARTESIAN_POINT('Ctrl Pts',(-0.892196294798658,1.54532931291597,14.1083375769139));
#8199=CARTESIAN_POINT('Ctrl Pts',(-1.33829444219799,0.772664656457987,14.1666709102472));
#8200=CARTESIAN_POINT('Ctrl Pts',(-1.78439258959732,-1.50727124121088E-15,
14.2250042435805));
#8201=CARTESIAN_POINT('Ctrl Pts',(-1.33829444219799,-0.77266465645799,14.2833375769139));
#8202=CARTESIAN_POINT('Ctrl Pts',(-0.892196294798659,-1.54532931291598,
14.3416709102472));
#8203=CARTESIAN_POINT('Ctrl Pts',(-1.89248259669113E-16,-1.54532931291598,
14.4000042435806));
#8204=CARTESIAN_POINT('Ctrl Pts',(0.892196294798657,-1.54532931291598,14.4583375769139));
#8205=CARTESIAN_POINT('Ctrl Pts',(1.33829444219799,-0.77266465645799,14.5166709102472));
#8206=CARTESIAN_POINT('Ctrl Pts',(1.78439258959732,-1.9443213758654E-15,
14.5750042435806));
#8207=CARTESIAN_POINT('Ctrl Pts',(1.33829444219799,0.772664656457985,14.6333375769139));
#8208=CARTESIAN_POINT('Ctrl Pts',(0.892196294798659,1.54532931291597,14.6916709102472));
#8209=CARTESIAN_POINT('Ctrl Pts',(0.,1.54532931291597,14.7500042435806));
#8210=CARTESIAN_POINT('Ctrl Pts',(-0.892196294798658,1.54532931291597,14.8083375769139));
#8211=CARTESIAN_POINT('Ctrl Pts',(-1.33829444219799,0.772664656457987,14.8666709102472));
#8212=CARTESIAN_POINT('Ctrl Pts',(-1.78439258959732,-1.50727124121088E-15,
14.9250042435806));
#8213=CARTESIAN_POINT('Ctrl Pts',(-1.33829444219799,-0.77266465645799,14.9833375769139));
#8214=CARTESIAN_POINT('Ctrl Pts',(-0.892196294798659,-1.54532931291598,
15.0416709102472));
#8215=CARTESIAN_POINT('Ctrl Pts',(-1.89248259669113E-16,-1.54532931291598,
15.1000042435806));
#8216=CARTESIAN_POINT('Ctrl Pts',(0.892196294798657,-1.54532931291598,15.1583375769139));
#8217=CARTESIAN_POINT('Ctrl Pts',(1.33829444219799,-0.77266465645799,15.2166709102472));
#8218=CARTESIAN_POINT('Ctrl Pts',(1.78439258959732,-1.9443213758654E-15,
15.2750042435806));
#8219=CARTESIAN_POINT('Ctrl Pts',(1.33829444219799,0.772664656457985,15.3333375769139));
#8220=CARTESIAN_POINT('Ctrl Pts',(0.892196294798659,1.54532931291597,15.3916709102472));
#8221=CARTESIAN_POINT('Ctrl Pts',(0.,1.54532931291597,15.4500042435806));
#8222=CARTESIAN_POINT('Ctrl Pts',(-0.892196294798658,1.54532931291597,15.5083375769139));
#8223=CARTESIAN_POINT('Ctrl Pts',(-1.33829444219799,0.772664656457987,15.5666709102472));
#8224=CARTESIAN_POINT('Ctrl Pts',(-1.78439258959732,-1.50727124121088E-15,
15.6250042435806));
#8225=CARTESIAN_POINT('Ctrl Pts',(-1.33829444219799,-0.77266465645799,15.6833375769139));
#8226=CARTESIAN_POINT('Ctrl Pts',(-0.892196294798659,-1.54532931291598,
15.7416709102472));
#8227=CARTESIAN_POINT('Ctrl Pts',(-1.89248259669113E-16,-1.54532931291598,
15.8000042435805));
#8228=CARTESIAN_POINT('Ctrl Pts',(0.892196294798657,-1.54532931291598,15.8583375769139));
#8229=CARTESIAN_POINT('Ctrl Pts',(1.33829444219799,-0.77266465645799,15.9166709102472));
#8230=CARTESIAN_POINT('Ctrl Pts',(1.78439258959732,-1.9443213758654E-15,
15.9750042435805));
#8231=CARTESIAN_POINT('Ctrl Pts',(1.33829444219799,0.772664656457985,16.0333375769139));
#8232=CARTESIAN_POINT('Ctrl Pts',(0.892196294798659,1.54532931291597,16.0916709102472));
#8233=CARTESIAN_POINT('Ctrl Pts',(0.,1.54532931291597,16.1500042435806));
#8234=CARTESIAN_POINT('Ctrl Pts',(-0.892196294798658,1.54532931291597,16.2083375769139));
#8235=CARTESIAN_POINT('Ctrl Pts',(-1.33829444219799,0.772664656457987,16.2666709102472));
#8236=CARTESIAN_POINT('Ctrl Pts',(-1.78439258959732,-1.50727124121088E-15,
16.3250042435806));
#8237=CARTESIAN_POINT('Ctrl Pts',(-1.33829444219799,-0.77266465645799,16.3833375769139));
#8238=CARTESIAN_POINT('Ctrl Pts',(-0.892196294798659,-1.54532931291598,
16.4416709102472));
#8239=CARTESIAN_POINT('Ctrl Pts',(-1.89248259669113E-16,-1.54532931291598,
16.5000042435806));
#8240=CARTESIAN_POINT('Ctrl Pts',(0.892196294798657,-1.54532931291598,16.5583375769139));
#8241=CARTESIAN_POINT('Ctrl Pts',(1.33829444219799,-0.77266465645799,16.6166709102472));
#8242=CARTESIAN_POINT('Ctrl Pts',(1.78439258959732,-1.9443213758654E-15,
16.6750042435805));
#8243=CARTESIAN_POINT('Ctrl Pts',(1.33829444219799,0.772664656457985,16.7333375769139));
#8244=CARTESIAN_POINT('Ctrl Pts',(0.892196294798659,1.54532931291597,16.7916709102472));
#8245=CARTESIAN_POINT('Ctrl Pts',(0.,1.54532931291597,16.8500042435805));
#8246=CARTESIAN_POINT('Ctrl Pts',(-0.892196294798658,1.54532931291597,16.9083375769139));
#8247=CARTESIAN_POINT('Ctrl Pts',(-1.33829444219799,0.772664656457987,16.9666709102472));
#8248=CARTESIAN_POINT('Ctrl Pts',(-1.78439258959732,-1.50727124121088E-15,
17.0250042435806));
#8249=CARTESIAN_POINT('Ctrl Pts',(-1.33829444219799,-0.77266465645799,17.0833375769139));
#8250=CARTESIAN_POINT('Ctrl Pts',(-0.892196294798659,-1.54532931291598,
17.1416709102472));
#8251=CARTESIAN_POINT('Ctrl Pts',(-1.89248259669113E-16,-1.54532931291598,
17.2000042435806));
#8252=CARTESIAN_POINT('Ctrl Pts',(0.892196294798657,-1.54532931291598,17.2583375769139));
#8253=CARTESIAN_POINT('Ctrl Pts',(1.33829444219799,-0.77266465645799,17.3166709102472));
#8254=CARTESIAN_POINT('Ctrl Pts',(1.78439258959732,-1.9443213758654E-15,
17.3750042435806));
#8255=CARTESIAN_POINT('Ctrl Pts',(1.33829444219799,0.772664656457985,17.4333375769139));
#8256=CARTESIAN_POINT('Ctrl Pts',(0.892196294798659,1.54532931291597,17.4916709102472));
#8257=CARTESIAN_POINT('Ctrl Pts',(0.,1.54532931291597,17.5500042435806));
#8258=CARTESIAN_POINT('Ctrl Pts',(-0.892196294798658,1.54532931291597,17.6083375769139));
#8259=CARTESIAN_POINT('Ctrl Pts',(-1.33829444219799,0.772664656457987,17.6666709102472));
#8260=CARTESIAN_POINT('Ctrl Pts',(-1.78439258959732,-1.50727124121088E-15,
17.7250042435805));
#8261=CARTESIAN_POINT('Ctrl Pts',(-1.33829444219799,-0.77266465645799,17.7833375769139));
#8262=CARTESIAN_POINT('Ctrl Pts',(-0.892196294798659,-1.54532931291598,
17.8416709102472));
#8263=CARTESIAN_POINT('Ctrl Pts',(-1.89248259669113E-16,-1.54532931291598,
17.9000042435806));
#8264=CARTESIAN_POINT('Ctrl Pts',(0.892196294798657,-1.54532931291598,17.9583375769139));
#8265=CARTESIAN_POINT('Ctrl Pts',(1.33829444219799,-0.77266465645799,18.0166709102472));
#8266=CARTESIAN_POINT('Ctrl Pts',(1.78439258959732,-1.9443213758654E-15,
18.0750042435805));
#8267=CARTESIAN_POINT('Ctrl Pts',(1.33829444219799,0.772664656457985,18.1333375769139));
#8268=CARTESIAN_POINT('Ctrl Pts',(0.892196294798659,1.54532931291597,18.1916709102472));
#8269=CARTESIAN_POINT('Ctrl Pts',(0.,1.54532931291597,18.2500042435806));
#8270=CARTESIAN_POINT('Ctrl Pts',(-0.892196294798658,1.54532931291597,18.3083375769139));
#8271=CARTESIAN_POINT('Ctrl Pts',(-1.33829444219799,0.772664656457987,18.3666709102472));
#8272=CARTESIAN_POINT('Ctrl Pts',(-1.78439258959732,-1.50727124121088E-15,
18.4250042435806));
#8273=CARTESIAN_POINT('Ctrl Pts',(-1.33829444219799,-0.77266465645799,18.4833375769139));
#8274=CARTESIAN_POINT('Ctrl Pts',(-0.892196294798659,-1.54532931291598,
18.5416709102472));
#8275=CARTESIAN_POINT('Ctrl Pts',(-1.89248259669113E-16,-1.54532931291598,
18.6000042435805));
#8276=CARTESIAN_POINT('Ctrl Pts',(0.892196294798657,-1.54532931291598,18.6583375769139));
#8277=CARTESIAN_POINT('Ctrl Pts',(1.33829444219799,-0.77266465645799,18.7166709102472));
#8278=CARTESIAN_POINT('Ctrl Pts',(1.78439258959732,-1.9443213758654E-15,
18.7750042435806));
#8279=CARTESIAN_POINT('Ctrl Pts',(1.33829444219799,0.772664656457985,18.8333375769139));
#8280=CARTESIAN_POINT('Ctrl Pts',(0.892196294798659,1.54532931291597,18.8916709102472));
#8281=CARTESIAN_POINT('Ctrl Pts',(0.,1.54532931291597,18.9500042435806));
#8282=CARTESIAN_POINT('Ctrl Pts',(-0.892196294798658,1.54532931291597,19.0083375769139));
#8283=CARTESIAN_POINT('Ctrl Pts',(-1.33829444219799,0.772664656457987,19.0666709102472));
#8284=CARTESIAN_POINT('Ctrl Pts',(-1.78439258959732,-1.50727124121088E-15,
19.1250042435805));
#8285=CARTESIAN_POINT('Ctrl Pts',(-1.33829444219799,-0.77266465645799,19.1833375769139));
#8286=CARTESIAN_POINT('Ctrl Pts',(-0.892196294798659,-1.54532931291598,
19.2416709102472));
#8287=CARTESIAN_POINT('Ctrl Pts',(-1.89248259669113E-16,-1.54532931291598,
19.3000042435805));
#8288=CARTESIAN_POINT('Ctrl Pts',(0.892196294798657,-1.54532931291598,19.3583375769139));
#8289=CARTESIAN_POINT('Ctrl Pts',(1.33829444219799,-0.77266465645799,19.4166709102472));
#8290=CARTESIAN_POINT('Ctrl Pts',(1.78439258959732,-1.9443213758654E-15,
19.4750042435805));
#8291=CARTESIAN_POINT('Ctrl Pts',(1.33829444219799,0.772664656457985,19.5333375769139));
#8292=CARTESIAN_POINT('Ctrl Pts',(0.892196294798659,1.54532931291597,19.5916709102472));
#8293=CARTESIAN_POINT('Ctrl Pts',(0.,1.54532931291597,19.6500042435806));
#8294=CARTESIAN_POINT('Ctrl Pts',(-0.892196294798658,1.54532931291597,19.7083375769139));
#8295=CARTESIAN_POINT('Ctrl Pts',(-1.33829444219799,0.772664656457987,19.7666709102472));
#8296=CARTESIAN_POINT('Ctrl Pts',(-1.78439258959732,-1.50727124121088E-15,
19.8250042435806));
#8297=CARTESIAN_POINT('Ctrl Pts',(-1.33829444219799,-0.77266465645799,19.8833375769139));
#8298=CARTESIAN_POINT('Ctrl Pts',(-0.892196294798659,-1.54532931291598,
19.9416709102472));
#8299=CARTESIAN_POINT('Ctrl Pts',(-1.89248259669113E-16,-1.54532931291598,
20.0000042435805));
#8300=CARTESIAN_POINT('Ctrl Pts',(0.892196294798657,-1.54532931291598,20.0583375769139));
#8301=CARTESIAN_POINT('Ctrl Pts',(1.33829444219799,-0.77266465645799,20.1166709102472));
#8302=CARTESIAN_POINT('Ctrl Pts',(1.78439258959732,-1.9443213758654E-15,
20.1750042435805));
#8303=CARTESIAN_POINT('Ctrl Pts',(1.33829444219799,0.772664656457985,20.2333375769139));
#8304=CARTESIAN_POINT('Ctrl Pts',(0.892196294798659,1.54532931291597,20.2916709102472));
#8305=CARTESIAN_POINT('Ctrl Pts',(0.,1.54532931291597,20.3500042435805));
#8306=CARTESIAN_POINT('Ctrl Pts',(-0.892196294798658,1.54532931291597,20.4083375769139));
#8307=CARTESIAN_POINT('Ctrl Pts',(-1.33829444219799,0.772664656457987,20.4666709102472));
#8308=CARTESIAN_POINT('Ctrl Pts',(-1.78439258959732,-1.50727124121088E-15,
20.5250042435806));
#8309=CARTESIAN_POINT('Ctrl Pts',(-1.33829444219799,-0.77266465645799,20.5833375769139));
#8310=CARTESIAN_POINT('Ctrl Pts',(-0.892196294798659,-1.54532931291598,
20.6416709102472));
#8311=CARTESIAN_POINT('Ctrl Pts',(-1.89248259669113E-16,-1.54532931291598,
20.7000042435806));
#8312=CARTESIAN_POINT('Ctrl Pts',(0.892196294798657,-1.54532931291598,20.7583375769139));
#8313=CARTESIAN_POINT('Ctrl Pts',(1.33829444219799,-0.77266465645799,20.8166709102472));
#8314=CARTESIAN_POINT('Ctrl Pts',(1.78439258959732,-1.9443213758654E-15,
20.8750042435805));
#8315=CARTESIAN_POINT('Ctrl Pts',(1.33829444219799,0.772664656457985,20.9333375769139));
#8316=CARTESIAN_POINT('Ctrl Pts',(0.892196294798659,1.54532931291597,20.9916709102472));
#8317=CARTESIAN_POINT('Ctrl Pts',(0.,1.54532931291597,21.0500042435806));
#8318=CARTESIAN_POINT('Ctrl Pts',(-0.892196294798658,1.54532931291597,21.1083375769139));
#8319=CARTESIAN_POINT('Ctrl Pts',(-1.33829444219799,0.772664656457987,21.1666709102472));
#8320=CARTESIAN_POINT('Ctrl Pts',(-1.78439258959732,-1.50727124121088E-15,
21.2250042435806));
#8321=CARTESIAN_POINT('Ctrl Pts',(-1.33829444219799,-0.77266465645799,21.2833375769139));
#8322=CARTESIAN_POINT('Ctrl Pts',(-0.892196294798659,-1.54532931291598,
21.3416709102472));
#8323=CARTESIAN_POINT('Ctrl Pts',(-1.89248259669113E-16,-1.54532931291598,
21.4000042435806));
#8324=CARTESIAN_POINT('Ctrl Pts',(0.892196294798657,-1.54532931291598,21.4583375769139));
#8325=CARTESIAN_POINT('Ctrl Pts',(1.33829444219799,-0.77266465645799,21.5166709102472));
#8326=CARTESIAN_POINT('Ctrl Pts',(1.78439258959732,-1.9443213758654E-15,
21.5750042435806));
#8327=CARTESIAN_POINT('Ctrl Pts',(1.33829444219799,0.772664656457985,21.6333375769139));
#8328=CARTESIAN_POINT('Ctrl Pts',(0.892196294798659,1.54532931291597,21.6916709102472));
#8329=CARTESIAN_POINT('Ctrl Pts',(0.,1.54532931291597,21.7500042435806));
#8330=CARTESIAN_POINT('Ctrl Pts',(0.,2.03788861141555,8.16562499999997));
#8331=CARTESIAN_POINT('Ctrl Pts',(-1.17657553837924,2.03788861141555,8.2239583333333));
#8332=CARTESIAN_POINT('Ctrl Pts',(-1.76486330756886,1.01894430570777,8.28229166666663));
#8333=CARTESIAN_POINT('Ctrl Pts',(-2.35315107675848,-1.47244482817139E-15,
8.34062499999997));
#8334=CARTESIAN_POINT('Ctrl Pts',(-1.76486330756886,-1.01894430570778,8.3989583333333));
#8335=CARTESIAN_POINT('Ctrl Pts',(-1.17657553837924,-2.03788861141555,8.45729166666663));
#8336=CARTESIAN_POINT('Ctrl Pts',(-2.4956937649889E-16,-2.03788861141555,
8.51562499999997));
#8337=CARTESIAN_POINT('Ctrl Pts',(1.17657553837924,-2.03788861141555,8.5739583333333));
#8338=CARTESIAN_POINT('Ctrl Pts',(1.76486330756886,-1.01894430570778,8.63229166666664));
#8339=CARTESIAN_POINT('Ctrl Pts',(2.35315107675848,-2.04880061498387E-15,
8.69062499999997));
#8340=CARTESIAN_POINT('Ctrl Pts',(1.76486330756886,1.01894430570777,8.7489583333333));
#8341=CARTESIAN_POINT('Ctrl Pts',(1.17657553837924,2.03788861141555,8.80729166666664));
#8342=CARTESIAN_POINT('Ctrl Pts',(0.,2.03788861141555,8.86562499999997));
#8343=CARTESIAN_POINT('Ctrl Pts',(-1.17657553837924,2.03788861141555,8.9239583333333));
#8344=CARTESIAN_POINT('Ctrl Pts',(-1.76486330756886,1.01894430570777,8.98229166666663));
#8345=CARTESIAN_POINT('Ctrl Pts',(-2.35315107675848,-1.47244482817139E-15,
9.04062499999997));
#8346=CARTESIAN_POINT('Ctrl Pts',(-1.76486330756886,-1.01894430570778,9.0989583333333));
#8347=CARTESIAN_POINT('Ctrl Pts',(-1.17657553837924,-2.03788861141555,9.15729166666663));
#8348=CARTESIAN_POINT('Ctrl Pts',(-2.4956937649889E-16,-2.03788861141555,
9.21562499999997));
#8349=CARTESIAN_POINT('Ctrl Pts',(1.17657553837924,-2.03788861141555,9.2739583333333));
#8350=CARTESIAN_POINT('Ctrl Pts',(1.76486330756886,-1.01894430570778,9.33229166666663));
#8351=CARTESIAN_POINT('Ctrl Pts',(2.35315107675848,-2.04880061498387E-15,
9.39062499999997));
#8352=CARTESIAN_POINT('Ctrl Pts',(1.76486330756886,1.01894430570777,9.4489583333333));
#8353=CARTESIAN_POINT('Ctrl Pts',(1.17657553837924,2.03788861141555,9.50729166666664));
#8354=CARTESIAN_POINT('Ctrl Pts',(0.,2.03788861141555,9.56562499999997));
#8355=CARTESIAN_POINT('Ctrl Pts',(-1.17657553837924,2.03788861141555,9.6239583333333));
#8356=CARTESIAN_POINT('Ctrl Pts',(-1.76486330756886,1.01894430570777,9.68229166666663));
#8357=CARTESIAN_POINT('Ctrl Pts',(-2.35315107675848,-1.47244482817139E-15,
9.74062499999997));
#8358=CARTESIAN_POINT('Ctrl Pts',(-1.76486330756886,-1.01894430570778,9.7989583333333));
#8359=CARTESIAN_POINT('Ctrl Pts',(-1.17657553837924,-2.03788861141555,9.85729166666663));
#8360=CARTESIAN_POINT('Ctrl Pts',(-2.4956937649889E-16,-2.03788861141555,
9.91562499999997));
#8361=CARTESIAN_POINT('Ctrl Pts',(1.17657553837924,-2.03788861141555,9.9739583333333));
#8362=CARTESIAN_POINT('Ctrl Pts',(1.76486330756886,-1.01894430570778,10.0322916666666));
#8363=CARTESIAN_POINT('Ctrl Pts',(2.35315107675848,-2.04880061498387E-15,
10.090625));
#8364=CARTESIAN_POINT('Ctrl Pts',(1.76486330756886,1.01894430570777,10.1489583333333));
#8365=CARTESIAN_POINT('Ctrl Pts',(1.17657553837924,2.03788861141555,10.2072916666666));
#8366=CARTESIAN_POINT('Ctrl Pts',(0.,2.03788861141555,10.265625));
#8367=CARTESIAN_POINT('Ctrl Pts',(-1.17657553837924,2.03788861141555,10.3239583333333));
#8368=CARTESIAN_POINT('Ctrl Pts',(-1.76486330756886,1.01894430570777,10.3822916666666));
#8369=CARTESIAN_POINT('Ctrl Pts',(-2.35315107675848,-1.47244482817139E-15,
10.440625));
#8370=CARTESIAN_POINT('Ctrl Pts',(-1.76486330756886,-1.01894430570778,10.4989583333333));
#8371=CARTESIAN_POINT('Ctrl Pts',(-1.17657553837924,-2.03788861141555,10.5572916666666));
#8372=CARTESIAN_POINT('Ctrl Pts',(-2.4956937649889E-16,-2.03788861141555,
10.615625));
#8373=CARTESIAN_POINT('Ctrl Pts',(1.17657553837924,-2.03788861141555,10.6739583333333));
#8374=CARTESIAN_POINT('Ctrl Pts',(1.76486330756886,-1.01894430570778,10.7322916666666));
#8375=CARTESIAN_POINT('Ctrl Pts',(2.35315107675848,-2.04880061498387E-15,
10.790625));
#8376=CARTESIAN_POINT('Ctrl Pts',(1.76486330756886,1.01894430570777,10.8489583333333));
#8377=CARTESIAN_POINT('Ctrl Pts',(1.17657553837924,2.03788861141555,10.9072916666666));
#8378=CARTESIAN_POINT('Ctrl Pts',(0.,2.03788861141555,10.965625));
#8379=CARTESIAN_POINT('Ctrl Pts',(-1.17657553837924,2.03788861141555,11.0239583333333));
#8380=CARTESIAN_POINT('Ctrl Pts',(-1.76486330756886,1.01894430570777,11.0822916666666));
#8381=CARTESIAN_POINT('Ctrl Pts',(-2.35315107675848,-1.47244482817139E-15,
11.140625));
#8382=CARTESIAN_POINT('Ctrl Pts',(-1.76486330756886,-1.01894430570778,11.1989583333333));
#8383=CARTESIAN_POINT('Ctrl Pts',(-1.17657553837924,-2.03788861141555,11.2572916666666));
#8384=CARTESIAN_POINT('Ctrl Pts',(-2.4956937649889E-16,-2.03788861141555,
11.315625));
#8385=CARTESIAN_POINT('Ctrl Pts',(1.17657553837924,-2.03788861141555,11.3739583333333));
#8386=CARTESIAN_POINT('Ctrl Pts',(1.76486330756886,-1.01894430570778,11.4322916666666));
#8387=CARTESIAN_POINT('Ctrl Pts',(2.35315107675848,-2.04880061498387E-15,
11.490625));
#8388=CARTESIAN_POINT('Ctrl Pts',(1.76486330756886,1.01894430570777,11.5489583333333));
#8389=CARTESIAN_POINT('Ctrl Pts',(1.17657553837924,2.03788861141555,11.6072916666666));
#8390=CARTESIAN_POINT('Ctrl Pts',(0.,2.03788861141555,11.665625));
#8391=CARTESIAN_POINT('Ctrl Pts',(-1.17657553837924,2.03788861141555,11.7239583333333));
#8392=CARTESIAN_POINT('Ctrl Pts',(-1.76486330756886,1.01894430570777,11.7822916666666));
#8393=CARTESIAN_POINT('Ctrl Pts',(-2.35315107675848,-1.47244482817139E-15,
11.840625));
#8394=CARTESIAN_POINT('Ctrl Pts',(-1.76486330756886,-1.01894430570778,11.8989583333333));
#8395=CARTESIAN_POINT('Ctrl Pts',(-1.17657553837924,-2.03788861141555,11.9572916666666));
#8396=CARTESIAN_POINT('Ctrl Pts',(-2.4956937649889E-16,-2.03788861141555,
12.015625));
#8397=CARTESIAN_POINT('Ctrl Pts',(1.17657553837924,-2.03788861141555,12.0739583333333));
#8398=CARTESIAN_POINT('Ctrl Pts',(1.76486330756886,-1.01894430570778,12.1322916666666));
#8399=CARTESIAN_POINT('Ctrl Pts',(2.35315107675848,-2.04880061498387E-15,
12.190625));
#8400=CARTESIAN_POINT('Ctrl Pts',(1.76486330756886,1.01894430570777,12.2489583333333));
#8401=CARTESIAN_POINT('Ctrl Pts',(1.17657553837924,2.03788861141555,12.3072916666666));
#8402=CARTESIAN_POINT('Ctrl Pts',(0.,2.03788861141555,12.365625));
#8403=CARTESIAN_POINT('Ctrl Pts',(-1.17657553837924,2.03788861141555,12.4239583333333));
#8404=CARTESIAN_POINT('Ctrl Pts',(-1.76486330756886,1.01894430570777,12.4822916666666));
#8405=CARTESIAN_POINT('Ctrl Pts',(-2.35315107675848,-1.47244482817139E-15,
12.540625));
#8406=CARTESIAN_POINT('Ctrl Pts',(-1.76486330756886,-1.01894430570778,12.5989583333333));
#8407=CARTESIAN_POINT('Ctrl Pts',(-1.17657553837924,-2.03788861141555,12.6572916666666));
#8408=CARTESIAN_POINT('Ctrl Pts',(-2.4956937649889E-16,-2.03788861141555,
12.715625));
#8409=CARTESIAN_POINT('Ctrl Pts',(1.17657553837924,-2.03788861141555,12.7739583333333));
#8410=CARTESIAN_POINT('Ctrl Pts',(1.76486330756886,-1.01894430570778,12.8322916666666));
#8411=CARTESIAN_POINT('Ctrl Pts',(2.35315107675848,-2.04880061498387E-15,
12.890625));
#8412=CARTESIAN_POINT('Ctrl Pts',(1.76486330756886,1.01894430570777,12.9489583333333));
#8413=CARTESIAN_POINT('Ctrl Pts',(1.17657553837924,2.03788861141555,13.0072916666666));
#8414=CARTESIAN_POINT('Ctrl Pts',(0.,2.03788861141555,13.065625));
#8415=CARTESIAN_POINT('Ctrl Pts',(-1.17657553837924,2.03788861141555,13.1239583333333));
#8416=CARTESIAN_POINT('Ctrl Pts',(-1.76486330756886,1.01894430570777,13.1822916666666));
#8417=CARTESIAN_POINT('Ctrl Pts',(-2.35315107675848,-1.47244482817139E-15,
13.240625));
#8418=CARTESIAN_POINT('Ctrl Pts',(-1.76486330756886,-1.01894430570778,13.2989583333333));
#8419=CARTESIAN_POINT('Ctrl Pts',(-1.17657553837924,-2.03788861141555,13.3572916666666));
#8420=CARTESIAN_POINT('Ctrl Pts',(-2.4956937649889E-16,-2.03788861141555,
13.415625));
#8421=CARTESIAN_POINT('Ctrl Pts',(1.17657553837924,-2.03788861141555,13.4739583333333));
#8422=CARTESIAN_POINT('Ctrl Pts',(1.76486330756886,-1.01894430570778,13.5322916666666));
#8423=CARTESIAN_POINT('Ctrl Pts',(2.35315107675848,-2.04880061498387E-15,
13.590625));
#8424=CARTESIAN_POINT('Ctrl Pts',(1.76486330756886,1.01894430570777,13.6489583333333));
#8425=CARTESIAN_POINT('Ctrl Pts',(1.17657553837924,2.03788861141555,13.7072916666666));
#8426=CARTESIAN_POINT('Ctrl Pts',(0.,2.03788861141555,13.765625));
#8427=CARTESIAN_POINT('Ctrl Pts',(-1.17657553837924,2.03788861141555,13.8239583333333));
#8428=CARTESIAN_POINT('Ctrl Pts',(-1.76486330756886,1.01894430570777,13.8822916666666));
#8429=CARTESIAN_POINT('Ctrl Pts',(-2.35315107675848,-1.47244482817139E-15,
13.940625));
#8430=CARTESIAN_POINT('Ctrl Pts',(-1.76486330756886,-1.01894430570778,13.9989583333333));
#8431=CARTESIAN_POINT('Ctrl Pts',(-1.17657553837924,-2.03788861141555,14.0572916666666));
#8432=CARTESIAN_POINT('Ctrl Pts',(-2.4956937649889E-16,-2.03788861141555,
14.115625));
#8433=CARTESIAN_POINT('Ctrl Pts',(1.17657553837924,-2.03788861141555,14.1739583333333));
#8434=CARTESIAN_POINT('Ctrl Pts',(1.76486330756886,-1.01894430570778,14.2322916666666));
#8435=CARTESIAN_POINT('Ctrl Pts',(2.35315107675848,-2.04880061498387E-15,
14.290625));
#8436=CARTESIAN_POINT('Ctrl Pts',(1.76486330756886,1.01894430570777,14.3489583333333));
#8437=CARTESIAN_POINT('Ctrl Pts',(1.17657553837924,2.03788861141555,14.4072916666666));
#8438=CARTESIAN_POINT('Ctrl Pts',(0.,2.03788861141555,14.465625));
#8439=CARTESIAN_POINT('Ctrl Pts',(-1.17657553837924,2.03788861141555,14.5239583333333));
#8440=CARTESIAN_POINT('Ctrl Pts',(-1.76486330756886,1.01894430570777,14.5822916666666));
#8441=CARTESIAN_POINT('Ctrl Pts',(-2.35315107675848,-1.47244482817139E-15,
14.640625));
#8442=CARTESIAN_POINT('Ctrl Pts',(-1.76486330756886,-1.01894430570778,14.6989583333333));
#8443=CARTESIAN_POINT('Ctrl Pts',(-1.17657553837924,-2.03788861141555,14.7572916666666));
#8444=CARTESIAN_POINT('Ctrl Pts',(-2.4956937649889E-16,-2.03788861141555,
14.815625));
#8445=CARTESIAN_POINT('Ctrl Pts',(1.17657553837924,-2.03788861141555,14.8739583333333));
#8446=CARTESIAN_POINT('Ctrl Pts',(1.76486330756886,-1.01894430570778,14.9322916666666));
#8447=CARTESIAN_POINT('Ctrl Pts',(2.35315107675848,-2.04880061498387E-15,
14.990625));
#8448=CARTESIAN_POINT('Ctrl Pts',(1.76486330756886,1.01894430570777,15.0489583333333));
#8449=CARTESIAN_POINT('Ctrl Pts',(1.17657553837924,2.03788861141555,15.1072916666666));
#8450=CARTESIAN_POINT('Ctrl Pts',(0.,2.03788861141555,15.165625));
#8451=CARTESIAN_POINT('Ctrl Pts',(-1.17657553837924,2.03788861141555,15.2239583333333));
#8452=CARTESIAN_POINT('Ctrl Pts',(-1.76486330756886,1.01894430570777,15.2822916666666));
#8453=CARTESIAN_POINT('Ctrl Pts',(-2.35315107675848,-1.47244482817139E-15,
15.340625));
#8454=CARTESIAN_POINT('Ctrl Pts',(-1.76486330756886,-1.01894430570778,15.3989583333333));
#8455=CARTESIAN_POINT('Ctrl Pts',(-1.17657553837924,-2.03788861141555,15.4572916666666));
#8456=CARTESIAN_POINT('Ctrl Pts',(-2.4956937649889E-16,-2.03788861141555,
15.515625));
#8457=CARTESIAN_POINT('Ctrl Pts',(1.17657553837924,-2.03788861141555,15.5739583333333));
#8458=CARTESIAN_POINT('Ctrl Pts',(1.76486330756886,-1.01894430570778,15.6322916666666));
#8459=CARTESIAN_POINT('Ctrl Pts',(2.35315107675848,-2.04880061498387E-15,
15.690625));
#8460=CARTESIAN_POINT('Ctrl Pts',(1.76486330756886,1.01894430570777,15.7489583333333));
#8461=CARTESIAN_POINT('Ctrl Pts',(1.17657553837924,2.03788861141555,15.8072916666666));
#8462=CARTESIAN_POINT('Ctrl Pts',(0.,2.03788861141555,15.865625));
#8463=CARTESIAN_POINT('Ctrl Pts',(-1.17657553837924,2.03788861141555,15.9239583333333));
#8464=CARTESIAN_POINT('Ctrl Pts',(-1.76486330756886,1.01894430570777,15.9822916666666));
#8465=CARTESIAN_POINT('Ctrl Pts',(-2.35315107675848,-1.47244482817139E-15,
16.040625));
#8466=CARTESIAN_POINT('Ctrl Pts',(-1.76486330756886,-1.01894430570778,16.0989583333333));
#8467=CARTESIAN_POINT('Ctrl Pts',(-1.17657553837924,-2.03788861141555,16.1572916666666));
#8468=CARTESIAN_POINT('Ctrl Pts',(-2.4956937649889E-16,-2.03788861141555,
16.215625));
#8469=CARTESIAN_POINT('Ctrl Pts',(1.17657553837924,-2.03788861141555,16.2739583333333));
#8470=CARTESIAN_POINT('Ctrl Pts',(1.76486330756886,-1.01894430570778,16.3322916666666));
#8471=CARTESIAN_POINT('Ctrl Pts',(2.35315107675848,-2.04880061498387E-15,
16.390625));
#8472=CARTESIAN_POINT('Ctrl Pts',(1.76486330756886,1.01894430570777,16.4489583333333));
#8473=CARTESIAN_POINT('Ctrl Pts',(1.17657553837924,2.03788861141555,16.5072916666666));
#8474=CARTESIAN_POINT('Ctrl Pts',(0.,2.03788861141555,16.565625));
#8475=CARTESIAN_POINT('Ctrl Pts',(-1.17657553837924,2.03788861141555,16.6239583333333));
#8476=CARTESIAN_POINT('Ctrl Pts',(-1.76486330756886,1.01894430570777,16.6822916666666));
#8477=CARTESIAN_POINT('Ctrl Pts',(-2.35315107675848,-1.47244482817139E-15,
16.740625));
#8478=CARTESIAN_POINT('Ctrl Pts',(-1.76486330756886,-1.01894430570778,16.7989583333333));
#8479=CARTESIAN_POINT('Ctrl Pts',(-1.17657553837924,-2.03788861141555,16.8572916666666));
#8480=CARTESIAN_POINT('Ctrl Pts',(-2.4956937649889E-16,-2.03788861141555,
16.915625));
#8481=CARTESIAN_POINT('Ctrl Pts',(1.17657553837924,-2.03788861141555,16.9739583333333));
#8482=CARTESIAN_POINT('Ctrl Pts',(1.76486330756886,-1.01894430570778,17.0322916666666));
#8483=CARTESIAN_POINT('Ctrl Pts',(2.35315107675848,-2.04880061498387E-15,
17.090625));
#8484=CARTESIAN_POINT('Ctrl Pts',(1.76486330756886,1.01894430570777,17.1489583333333));
#8485=CARTESIAN_POINT('Ctrl Pts',(1.17657553837924,2.03788861141555,17.2072916666666));
#8486=CARTESIAN_POINT('Ctrl Pts',(0.,2.03788861141555,17.265625));
#8487=CARTESIAN_POINT('Ctrl Pts',(-1.17657553837924,2.03788861141555,17.3239583333333));
#8488=CARTESIAN_POINT('Ctrl Pts',(-1.76486330756886,1.01894430570777,17.3822916666666));
#8489=CARTESIAN_POINT('Ctrl Pts',(-2.35315107675848,-1.47244482817139E-15,
17.440625));
#8490=CARTESIAN_POINT('Ctrl Pts',(-1.76486330756886,-1.01894430570778,17.4989583333333));
#8491=CARTESIAN_POINT('Ctrl Pts',(-1.17657553837924,-2.03788861141555,17.5572916666666));
#8492=CARTESIAN_POINT('Ctrl Pts',(-2.4956937649889E-16,-2.03788861141555,
17.615625));
#8493=CARTESIAN_POINT('Ctrl Pts',(1.17657553837924,-2.03788861141555,17.6739583333333));
#8494=CARTESIAN_POINT('Ctrl Pts',(1.76486330756886,-1.01894430570778,17.7322916666666));
#8495=CARTESIAN_POINT('Ctrl Pts',(2.35315107675848,-2.04880061498387E-15,
17.790625));
#8496=CARTESIAN_POINT('Ctrl Pts',(1.76486330756886,1.01894430570777,17.8489583333333));
#8497=CARTESIAN_POINT('Ctrl Pts',(1.17657553837924,2.03788861141555,17.9072916666666));
#8498=CARTESIAN_POINT('Ctrl Pts',(0.,2.03788861141555,17.965625));
#8499=CARTESIAN_POINT('Ctrl Pts',(-1.17657553837924,2.03788861141555,18.0239583333333));
#8500=CARTESIAN_POINT('Ctrl Pts',(-1.76486330756886,1.01894430570777,18.0822916666666));
#8501=CARTESIAN_POINT('Ctrl Pts',(-2.35315107675848,-1.47244482817139E-15,
18.140625));
#8502=CARTESIAN_POINT('Ctrl Pts',(-1.76486330756886,-1.01894430570778,18.1989583333333));
#8503=CARTESIAN_POINT('Ctrl Pts',(-1.17657553837924,-2.03788861141555,18.2572916666666));
#8504=CARTESIAN_POINT('Ctrl Pts',(-2.4956937649889E-16,-2.03788861141555,
18.315625));
#8505=CARTESIAN_POINT('Ctrl Pts',(1.17657553837924,-2.03788861141555,18.3739583333333));
#8506=CARTESIAN_POINT('Ctrl Pts',(1.76486330756886,-1.01894430570778,18.4322916666666));
#8507=CARTESIAN_POINT('Ctrl Pts',(2.35315107675848,-2.04880061498387E-15,
18.490625));
#8508=CARTESIAN_POINT('Ctrl Pts',(1.76486330756886,1.01894430570777,18.5489583333333));
#8509=CARTESIAN_POINT('Ctrl Pts',(1.17657553837924,2.03788861141555,18.6072916666666));
#8510=CARTESIAN_POINT('Ctrl Pts',(0.,2.03788861141555,18.665625));
#8511=CARTESIAN_POINT('Ctrl Pts',(-1.17657553837924,2.03788861141555,18.7239583333333));
#8512=CARTESIAN_POINT('Ctrl Pts',(-1.76486330756886,1.01894430570777,18.7822916666666));
#8513=CARTESIAN_POINT('Ctrl Pts',(-2.35315107675848,-1.47244482817139E-15,
18.840625));
#8514=CARTESIAN_POINT('Ctrl Pts',(-1.76486330756886,-1.01894430570778,18.8989583333333));
#8515=CARTESIAN_POINT('Ctrl Pts',(-1.17657553837924,-2.03788861141555,18.9572916666666));
#8516=CARTESIAN_POINT('Ctrl Pts',(-2.4956937649889E-16,-2.03788861141555,
19.015625));
#8517=CARTESIAN_POINT('Ctrl Pts',(1.17657553837924,-2.03788861141555,19.0739583333333));
#8518=CARTESIAN_POINT('Ctrl Pts',(1.76486330756886,-1.01894430570778,19.1322916666666));
#8519=CARTESIAN_POINT('Ctrl Pts',(2.35315107675848,-2.04880061498387E-15,
19.190625));
#8520=CARTESIAN_POINT('Ctrl Pts',(1.76486330756886,1.01894430570777,19.2489583333333));
#8521=CARTESIAN_POINT('Ctrl Pts',(1.17657553837924,2.03788861141555,19.3072916666666));
#8522=CARTESIAN_POINT('Ctrl Pts',(0.,2.03788861141555,19.365625));
#8523=CARTESIAN_POINT('Ctrl Pts',(-1.17657553837924,2.03788861141555,19.4239583333333));
#8524=CARTESIAN_POINT('Ctrl Pts',(-1.76486330756886,1.01894430570777,19.4822916666666));
#8525=CARTESIAN_POINT('Ctrl Pts',(-2.35315107675848,-1.47244482817139E-15,
19.540625));
#8526=CARTESIAN_POINT('Ctrl Pts',(-1.76486330756886,-1.01894430570778,19.5989583333333));
#8527=CARTESIAN_POINT('Ctrl Pts',(-1.17657553837924,-2.03788861141555,19.6572916666666));
#8528=CARTESIAN_POINT('Ctrl Pts',(-2.4956937649889E-16,-2.03788861141555,
19.715625));
#8529=CARTESIAN_POINT('Ctrl Pts',(1.17657553837924,-2.03788861141555,19.7739583333333));
#8530=CARTESIAN_POINT('Ctrl Pts',(1.76486330756886,-1.01894430570778,19.8322916666666));
#8531=CARTESIAN_POINT('Ctrl Pts',(2.35315107675848,-2.04880061498387E-15,
19.890625));
#8532=CARTESIAN_POINT('Ctrl Pts',(1.76486330756886,1.01894430570777,19.9489583333333));
#8533=CARTESIAN_POINT('Ctrl Pts',(1.17657553837924,2.03788861141555,20.0072916666666));
#8534=CARTESIAN_POINT('Ctrl Pts',(0.,2.03788861141555,20.065625));
#8535=CARTESIAN_POINT('Ctrl Pts',(-1.17657553837924,2.03788861141555,20.1239583333333));
#8536=CARTESIAN_POINT('Ctrl Pts',(-1.76486330756886,1.01894430570777,20.1822916666666));
#8537=CARTESIAN_POINT('Ctrl Pts',(-2.35315107675848,-1.47244482817139E-15,
20.240625));
#8538=CARTESIAN_POINT('Ctrl Pts',(-1.76486330756886,-1.01894430570778,20.2989583333333));
#8539=CARTESIAN_POINT('Ctrl Pts',(-1.17657553837924,-2.03788861141555,20.3572916666666));
#8540=CARTESIAN_POINT('Ctrl Pts',(-2.4956937649889E-16,-2.03788861141555,
20.415625));
#8541=CARTESIAN_POINT('Ctrl Pts',(1.17657553837924,-2.03788861141555,20.4739583333333));
#8542=CARTESIAN_POINT('Ctrl Pts',(1.76486330756886,-1.01894430570778,20.5322916666666));
#8543=CARTESIAN_POINT('Ctrl Pts',(2.35315107675848,-2.04880061498387E-15,
20.590625));
#8544=CARTESIAN_POINT('Ctrl Pts',(1.76486330756886,1.01894430570777,20.6489583333333));
#8545=CARTESIAN_POINT('Ctrl Pts',(1.17657553837924,2.03788861141555,20.7072916666666));
#8546=CARTESIAN_POINT('Ctrl Pts',(0.,2.03788861141555,20.765625));
#8547=CARTESIAN_POINT('Ctrl Pts',(-1.17657553837924,2.03788861141555,20.8239583333333));
#8548=CARTESIAN_POINT('Ctrl Pts',(-1.76486330756886,1.01894430570777,20.8822916666666));
#8549=CARTESIAN_POINT('Ctrl Pts',(-2.35315107675848,-1.47244482817139E-15,
20.940625));
#8550=CARTESIAN_POINT('Ctrl Pts',(-1.76486330756886,-1.01894430570778,20.9989583333333));
#8551=CARTESIAN_POINT('Ctrl Pts',(-1.17657553837924,-2.03788861141555,21.0572916666666));
#8552=CARTESIAN_POINT('Ctrl Pts',(-2.4956937649889E-16,-2.03788861141555,
21.115625));
#8553=CARTESIAN_POINT('Ctrl Pts',(1.17657553837924,-2.03788861141555,21.1739583333333));
#8554=CARTESIAN_POINT('Ctrl Pts',(1.76486330756886,-1.01894430570778,21.2322916666666));
#8555=CARTESIAN_POINT('Ctrl Pts',(2.35315107675848,-2.04880061498387E-15,
21.290625));
#8556=CARTESIAN_POINT('Ctrl Pts',(1.76486330756886,1.01894430570777,21.3489583333333));
#8557=CARTESIAN_POINT('Ctrl Pts',(1.17657553837924,2.03788861141555,21.4072916666666));
#8558=CARTESIAN_POINT('Ctrl Pts',(0.,2.03788861141555,21.465625));
#8559=CARTESIAN_POINT('Ctrl Pts',(-1.89249159796408E-16,-1.54533666301313,
14.4));
#8560=CARTESIAN_POINT('Ctrl Pts',(0.892200538379229,-1.54533666301313,14.4583333333333));
#8561=CARTESIAN_POINT('Ctrl Pts',(1.33830080756884,-0.772668331506568,14.5166666666666));
#8562=CARTESIAN_POINT('Ctrl Pts',(1.44188013890838,-0.593263667012475,14.5302109930856));
#8563=CARTESIAN_POINT('Ctrl Pts',(1.4945517150866,-0.392912933083481,14.5453366630131));
#8564=CARTESIAN_POINT('',(0.,1.79161263721434,9.70781249999997));
#8565=CARTESIAN_POINT('Ctrl Pts',(0.,2.03788861141555,8.82187499999999));
#8566=CARTESIAN_POINT('Ctrl Pts',(-1.17657553837924,2.03788861141555,8.88020833333333));
#8567=CARTESIAN_POINT('Ctrl Pts',(-1.76486330756886,1.01894430570777,8.93854166666666));
#8568=CARTESIAN_POINT('Ctrl Pts',(-2.35315107675848,-1.47244482817139E-15,
8.99687499999999));
#8569=CARTESIAN_POINT('Ctrl Pts',(-1.76486330756886,-1.01894430570778,9.05520833333333));
#8570=CARTESIAN_POINT('Ctrl Pts',(-1.17657553837924,-2.03788861141555,9.11354166666666));
#8571=CARTESIAN_POINT('Ctrl Pts',(-2.4956937649889E-16,-2.03788861141555,
9.17187499999999));
#8572=CARTESIAN_POINT('Ctrl Pts',(1.17657553837924,-2.03788861141555,9.23020833333333));
#8573=CARTESIAN_POINT('Ctrl Pts',(1.76486330756886,-1.01894430570778,9.28854166666666));
#8574=CARTESIAN_POINT('Ctrl Pts',(2.35315107675848,-2.04880061498387E-15,
9.34687499999999));
#8575=CARTESIAN_POINT('Ctrl Pts',(1.76486330756886,1.01894430570777,9.40520833333333));
#8576=CARTESIAN_POINT('Ctrl Pts',(1.17657553837924,2.03788861141555,9.46354166666666));
#8577=CARTESIAN_POINT('Ctrl Pts',(0.,2.03788861141555,9.52187499999999));
#8578=CARTESIAN_POINT('Ctrl Pts',(-1.17657553837924,2.03788861141555,9.58020833333333));
#8579=CARTESIAN_POINT('Ctrl Pts',(-1.76486330756886,1.01894430570777,9.63854166666666));
#8580=CARTESIAN_POINT('Ctrl Pts',(-2.35315107675848,-1.47244482817139E-15,
9.69687499999999));
#8581=CARTESIAN_POINT('Ctrl Pts',(-1.76486330756886,-1.01894430570778,9.75520833333333));
#8582=CARTESIAN_POINT('Ctrl Pts',(-1.17657553837924,-2.03788861141555,9.81354166666666));
#8583=CARTESIAN_POINT('Ctrl Pts',(-2.4956937649889E-16,-2.03788861141555,
9.87187499999999));
#8584=CARTESIAN_POINT('Ctrl Pts',(1.17657553837924,-2.03788861141555,9.93020833333333));
#8585=CARTESIAN_POINT('Ctrl Pts',(1.76486330756886,-1.01894430570778,9.98854166666666));
#8586=CARTESIAN_POINT('Ctrl Pts',(2.35315107675848,-2.04880061498387E-15,
10.046875));
#8587=CARTESIAN_POINT('Ctrl Pts',(1.76486330756886,1.01894430570777,10.1052083333333));
#8588=CARTESIAN_POINT('Ctrl Pts',(1.17657553837924,2.03788861141555,10.1635416666667));
#8589=CARTESIAN_POINT('Ctrl Pts',(0.,2.03788861141555,10.221875));
#8590=CARTESIAN_POINT('Ctrl Pts',(-1.17657553837924,2.03788861141555,10.2802083333333));
#8591=CARTESIAN_POINT('Ctrl Pts',(-1.76486330756886,1.01894430570777,10.3385416666667));
#8592=CARTESIAN_POINT('Ctrl Pts',(-2.35315107675848,-1.47244482817139E-15,
10.396875));
#8593=CARTESIAN_POINT('Ctrl Pts',(-1.76486330756886,-1.01894430570778,10.4552083333333));
#8594=CARTESIAN_POINT('Ctrl Pts',(-1.17657553837924,-2.03788861141555,10.5135416666667));
#8595=CARTESIAN_POINT('Ctrl Pts',(-2.4956937649889E-16,-2.03788861141555,
10.571875));
#8596=CARTESIAN_POINT('Ctrl Pts',(1.17657553837924,-2.03788861141555,10.6302083333333));
#8597=CARTESIAN_POINT('Ctrl Pts',(1.76486330756886,-1.01894430570778,10.6885416666667));
#8598=CARTESIAN_POINT('Ctrl Pts',(2.35315107675848,-2.04880061498387E-15,
10.746875));
#8599=CARTESIAN_POINT('Ctrl Pts',(1.76486330756886,1.01894430570777,10.8052083333333));
#8600=CARTESIAN_POINT('Ctrl Pts',(1.17657553837924,2.03788861141555,10.8635416666667));
#8601=CARTESIAN_POINT('Ctrl Pts',(0.,2.03788861141555,10.921875));
#8602=CARTESIAN_POINT('Ctrl Pts',(-1.17657553837924,2.03788861141555,10.9802083333333));
#8603=CARTESIAN_POINT('Ctrl Pts',(-1.76486330756886,1.01894430570777,11.0385416666667));
#8604=CARTESIAN_POINT('Ctrl Pts',(-2.35315107675848,-1.47244482817139E-15,
11.096875));
#8605=CARTESIAN_POINT('Ctrl Pts',(-1.76486330756886,-1.01894430570778,11.1552083333333));
#8606=CARTESIAN_POINT('Ctrl Pts',(-1.17657553837924,-2.03788861141555,11.2135416666667));
#8607=CARTESIAN_POINT('Ctrl Pts',(-2.4956937649889E-16,-2.03788861141555,
11.271875));
#8608=CARTESIAN_POINT('Ctrl Pts',(1.17657553837924,-2.03788861141555,11.3302083333333));
#8609=CARTESIAN_POINT('Ctrl Pts',(1.76486330756886,-1.01894430570778,11.3885416666667));
#8610=CARTESIAN_POINT('Ctrl Pts',(2.35315107675848,-2.04880061498387E-15,
11.446875));
#8611=CARTESIAN_POINT('Ctrl Pts',(1.76486330756886,1.01894430570777,11.5052083333333));
#8612=CARTESIAN_POINT('Ctrl Pts',(1.17657553837924,2.03788861141555,11.5635416666667));
#8613=CARTESIAN_POINT('Ctrl Pts',(0.,2.03788861141555,11.621875));
#8614=CARTESIAN_POINT('Ctrl Pts',(-1.17657553837924,2.03788861141555,11.6802083333333));
#8615=CARTESIAN_POINT('Ctrl Pts',(-1.76486330756886,1.01894430570777,11.7385416666667));
#8616=CARTESIAN_POINT('Ctrl Pts',(-2.35315107675848,-1.47244482817139E-15,
11.796875));
#8617=CARTESIAN_POINT('Ctrl Pts',(-1.76486330756886,-1.01894430570778,11.8552083333333));
#8618=CARTESIAN_POINT('Ctrl Pts',(-1.17657553837924,-2.03788861141555,11.9135416666667));
#8619=CARTESIAN_POINT('Ctrl Pts',(-2.4956937649889E-16,-2.03788861141555,
11.971875));
#8620=CARTESIAN_POINT('Ctrl Pts',(1.17657553837924,-2.03788861141555,12.0302083333333));
#8621=CARTESIAN_POINT('Ctrl Pts',(1.76486330756886,-1.01894430570778,12.0885416666667));
#8622=CARTESIAN_POINT('Ctrl Pts',(2.35315107675848,-2.04880061498387E-15,
12.146875));
#8623=CARTESIAN_POINT('Ctrl Pts',(1.76486330756886,1.01894430570777,12.2052083333333));
#8624=CARTESIAN_POINT('Ctrl Pts',(1.17657553837924,2.03788861141555,12.2635416666667));
#8625=CARTESIAN_POINT('Ctrl Pts',(0.,2.03788861141555,12.321875));
#8626=CARTESIAN_POINT('Ctrl Pts',(-1.17657553837924,2.03788861141555,12.3802083333333));
#8627=CARTESIAN_POINT('Ctrl Pts',(-1.76486330756886,1.01894430570777,12.4385416666667));
#8628=CARTESIAN_POINT('Ctrl Pts',(-2.35315107675848,-1.47244482817139E-15,
12.496875));
#8629=CARTESIAN_POINT('Ctrl Pts',(-1.76486330756886,-1.01894430570778,12.5552083333333));
#8630=CARTESIAN_POINT('Ctrl Pts',(-1.17657553837924,-2.03788861141555,12.6135416666667));
#8631=CARTESIAN_POINT('Ctrl Pts',(-2.4956937649889E-16,-2.03788861141555,
12.671875));
#8632=CARTESIAN_POINT('Ctrl Pts',(1.17657553837924,-2.03788861141555,12.7302083333333));
#8633=CARTESIAN_POINT('Ctrl Pts',(1.76486330756886,-1.01894430570778,12.7885416666667));
#8634=CARTESIAN_POINT('Ctrl Pts',(2.35315107675848,-2.04880061498387E-15,
12.846875));
#8635=CARTESIAN_POINT('Ctrl Pts',(1.76486330756886,1.01894430570777,12.9052083333333));
#8636=CARTESIAN_POINT('Ctrl Pts',(1.17657553837924,2.03788861141555,12.9635416666667));
#8637=CARTESIAN_POINT('Ctrl Pts',(0.,2.03788861141555,13.021875));
#8638=CARTESIAN_POINT('Ctrl Pts',(-1.17657553837924,2.03788861141555,13.0802083333333));
#8639=CARTESIAN_POINT('Ctrl Pts',(-1.76486330756886,1.01894430570777,13.1385416666667));
#8640=CARTESIAN_POINT('Ctrl Pts',(-2.35315107675848,-1.47244482817139E-15,
13.196875));
#8641=CARTESIAN_POINT('Ctrl Pts',(-1.76486330756886,-1.01894430570778,13.2552083333333));
#8642=CARTESIAN_POINT('Ctrl Pts',(-1.17657553837924,-2.03788861141555,13.3135416666667));
#8643=CARTESIAN_POINT('Ctrl Pts',(-2.4956937649889E-16,-2.03788861141555,
13.371875));
#8644=CARTESIAN_POINT('Ctrl Pts',(1.17657553837924,-2.03788861141555,13.4302083333333));
#8645=CARTESIAN_POINT('Ctrl Pts',(1.76486330756886,-1.01894430570778,13.4885416666667));
#8646=CARTESIAN_POINT('Ctrl Pts',(2.35315107675848,-2.04880061498387E-15,
13.546875));
#8647=CARTESIAN_POINT('Ctrl Pts',(1.76486330756886,1.01894430570777,13.6052083333333));
#8648=CARTESIAN_POINT('Ctrl Pts',(1.17657553837924,2.03788861141555,13.6635416666667));
#8649=CARTESIAN_POINT('Ctrl Pts',(0.,2.03788861141555,13.721875));
#8650=CARTESIAN_POINT('Ctrl Pts',(-1.17657553837924,2.03788861141555,13.7802083333333));
#8651=CARTESIAN_POINT('Ctrl Pts',(-1.76486330756886,1.01894430570777,13.8385416666667));
#8652=CARTESIAN_POINT('Ctrl Pts',(-2.35315107675848,-1.47244482817139E-15,
13.896875));
#8653=CARTESIAN_POINT('Ctrl Pts',(-1.76486330756886,-1.01894430570778,13.9552083333333));
#8654=CARTESIAN_POINT('Ctrl Pts',(-1.17657553837924,-2.03788861141555,14.0135416666667));
#8655=CARTESIAN_POINT('Ctrl Pts',(-2.4956937649889E-16,-2.03788861141555,
14.071875));
#8656=CARTESIAN_POINT('Ctrl Pts',(1.17657553837924,-2.03788861141555,14.1302083333333));
#8657=CARTESIAN_POINT('Ctrl Pts',(1.76486330756886,-1.01894430570778,14.1885416666667));
#8658=CARTESIAN_POINT('Ctrl Pts',(2.35315107675848,-2.04880061498387E-15,
14.246875));
#8659=CARTESIAN_POINT('Ctrl Pts',(1.76486330756886,1.01894430570777,14.3052083333333));
#8660=CARTESIAN_POINT('Ctrl Pts',(1.17657553837924,2.03788861141555,14.3635416666667));
#8661=CARTESIAN_POINT('Ctrl Pts',(0.,2.03788861141555,14.421875));
#8662=CARTESIAN_POINT('Ctrl Pts',(-1.17657553837924,2.03788861141555,14.4802083333333));
#8663=CARTESIAN_POINT('Ctrl Pts',(-1.76486330756886,1.01894430570777,14.5385416666667));
#8664=CARTESIAN_POINT('Ctrl Pts',(-2.35315107675848,-1.47244482817139E-15,
14.596875));
#8665=CARTESIAN_POINT('Ctrl Pts',(-1.76486330756886,-1.01894430570778,14.6552083333333));
#8666=CARTESIAN_POINT('Ctrl Pts',(-1.17657553837924,-2.03788861141555,14.7135416666667));
#8667=CARTESIAN_POINT('Ctrl Pts',(-2.4956937649889E-16,-2.03788861141555,
14.771875));
#8668=CARTESIAN_POINT('Ctrl Pts',(1.17657553837924,-2.03788861141555,14.8302083333333));
#8669=CARTESIAN_POINT('Ctrl Pts',(1.76486330756886,-1.01894430570778,14.8885416666667));
#8670=CARTESIAN_POINT('Ctrl Pts',(2.35315107675848,-2.04880061498387E-15,
14.946875));
#8671=CARTESIAN_POINT('Ctrl Pts',(1.76486330756886,1.01894430570777,15.0052083333333));
#8672=CARTESIAN_POINT('Ctrl Pts',(1.17657553837924,2.03788861141555,15.0635416666667));
#8673=CARTESIAN_POINT('Ctrl Pts',(0.,2.03788861141555,15.121875));
#8674=CARTESIAN_POINT('Ctrl Pts',(-1.17657553837924,2.03788861141555,15.1802083333333));
#8675=CARTESIAN_POINT('Ctrl Pts',(-1.76486330756886,1.01894430570777,15.2385416666667));
#8676=CARTESIAN_POINT('Ctrl Pts',(-2.35315107675848,-1.47244482817139E-15,
15.296875));
#8677=CARTESIAN_POINT('Ctrl Pts',(-1.76486330756886,-1.01894430570778,15.3552083333333));
#8678=CARTESIAN_POINT('Ctrl Pts',(-1.17657553837924,-2.03788861141555,15.4135416666667));
#8679=CARTESIAN_POINT('Ctrl Pts',(-2.4956937649889E-16,-2.03788861141555,
15.471875));
#8680=CARTESIAN_POINT('Ctrl Pts',(1.17657553837924,-2.03788861141555,15.5302083333333));
#8681=CARTESIAN_POINT('Ctrl Pts',(1.76486330756886,-1.01894430570778,15.5885416666667));
#8682=CARTESIAN_POINT('Ctrl Pts',(2.35315107675848,-2.04880061498387E-15,
15.646875));
#8683=CARTESIAN_POINT('Ctrl Pts',(1.76486330756886,1.01894430570777,15.7052083333333));
#8684=CARTESIAN_POINT('Ctrl Pts',(1.17657553837924,2.03788861141555,15.7635416666667));
#8685=CARTESIAN_POINT('Ctrl Pts',(0.,2.03788861141555,15.821875));
#8686=CARTESIAN_POINT('Ctrl Pts',(-1.17657553837924,2.03788861141555,15.8802083333333));
#8687=CARTESIAN_POINT('Ctrl Pts',(-1.76486330756886,1.01894430570777,15.9385416666667));
#8688=CARTESIAN_POINT('Ctrl Pts',(-2.35315107675848,-1.47244482817139E-15,
15.996875));
#8689=CARTESIAN_POINT('Ctrl Pts',(-1.76486330756886,-1.01894430570778,16.0552083333333));
#8690=CARTESIAN_POINT('Ctrl Pts',(-1.17657553837924,-2.03788861141555,16.1135416666667));
#8691=CARTESIAN_POINT('Ctrl Pts',(-2.4956937649889E-16,-2.03788861141555,
16.171875));
#8692=CARTESIAN_POINT('Ctrl Pts',(1.17657553837924,-2.03788861141555,16.2302083333333));
#8693=CARTESIAN_POINT('Ctrl Pts',(1.76486330756886,-1.01894430570778,16.2885416666667));
#8694=CARTESIAN_POINT('Ctrl Pts',(2.35315107675848,-2.04880061498387E-15,
16.346875));
#8695=CARTESIAN_POINT('Ctrl Pts',(1.76486330756886,1.01894430570777,16.4052083333333));
#8696=CARTESIAN_POINT('Ctrl Pts',(1.17657553837924,2.03788861141555,16.4635416666667));
#8697=CARTESIAN_POINT('Ctrl Pts',(0.,2.03788861141555,16.521875));
#8698=CARTESIAN_POINT('Ctrl Pts',(-1.17657553837924,2.03788861141555,16.5802083333333));
#8699=CARTESIAN_POINT('Ctrl Pts',(-1.76486330756886,1.01894430570777,16.6385416666667));
#8700=CARTESIAN_POINT('Ctrl Pts',(-2.35315107675848,-1.47244482817139E-15,
16.696875));
#8701=CARTESIAN_POINT('Ctrl Pts',(-1.76486330756886,-1.01894430570778,16.7552083333333));
#8702=CARTESIAN_POINT('Ctrl Pts',(-1.17657553837924,-2.03788861141555,16.8135416666667));
#8703=CARTESIAN_POINT('Ctrl Pts',(-2.4956937649889E-16,-2.03788861141555,
16.871875));
#8704=CARTESIAN_POINT('Ctrl Pts',(1.17657553837924,-2.03788861141555,16.9302083333333));
#8705=CARTESIAN_POINT('Ctrl Pts',(1.76486330756886,-1.01894430570778,16.9885416666667));
#8706=CARTESIAN_POINT('Ctrl Pts',(2.35315107675848,-2.04880061498387E-15,
17.046875));
#8707=CARTESIAN_POINT('Ctrl Pts',(1.76486330756886,1.01894430570777,17.1052083333333));
#8708=CARTESIAN_POINT('Ctrl Pts',(1.17657553837924,2.03788861141555,17.1635416666667));
#8709=CARTESIAN_POINT('Ctrl Pts',(0.,2.03788861141555,17.221875));
#8710=CARTESIAN_POINT('Ctrl Pts',(-1.17657553837924,2.03788861141555,17.2802083333333));
#8711=CARTESIAN_POINT('Ctrl Pts',(-1.76486330756886,1.01894430570777,17.3385416666667));
#8712=CARTESIAN_POINT('Ctrl Pts',(-2.35315107675848,-1.47244482817139E-15,
17.396875));
#8713=CARTESIAN_POINT('Ctrl Pts',(-1.76486330756886,-1.01894430570778,17.4552083333333));
#8714=CARTESIAN_POINT('Ctrl Pts',(-1.17657553837924,-2.03788861141555,17.5135416666667));
#8715=CARTESIAN_POINT('Ctrl Pts',(-2.4956937649889E-16,-2.03788861141555,
17.571875));
#8716=CARTESIAN_POINT('Ctrl Pts',(1.17657553837924,-2.03788861141555,17.6302083333333));
#8717=CARTESIAN_POINT('Ctrl Pts',(1.76486330756886,-1.01894430570778,17.6885416666667));
#8718=CARTESIAN_POINT('Ctrl Pts',(2.35315107675848,-2.04880061498387E-15,
17.746875));
#8719=CARTESIAN_POINT('Ctrl Pts',(1.76486330756886,1.01894430570777,17.8052083333333));
#8720=CARTESIAN_POINT('Ctrl Pts',(1.17657553837924,2.03788861141555,17.8635416666667));
#8721=CARTESIAN_POINT('Ctrl Pts',(0.,2.03788861141555,17.921875));
#8722=CARTESIAN_POINT('Ctrl Pts',(-1.17657553837924,2.03788861141555,17.9802083333333));
#8723=CARTESIAN_POINT('Ctrl Pts',(-1.76486330756886,1.01894430570777,18.0385416666667));
#8724=CARTESIAN_POINT('Ctrl Pts',(-2.35315107675848,-1.47244482817139E-15,
18.096875));
#8725=CARTESIAN_POINT('Ctrl Pts',(-1.76486330756886,-1.01894430570778,18.1552083333333));
#8726=CARTESIAN_POINT('Ctrl Pts',(-1.17657553837924,-2.03788861141555,18.2135416666667));
#8727=CARTESIAN_POINT('Ctrl Pts',(-2.4956937649889E-16,-2.03788861141555,
18.271875));
#8728=CARTESIAN_POINT('Ctrl Pts',(1.17657553837924,-2.03788861141555,18.3302083333333));
#8729=CARTESIAN_POINT('Ctrl Pts',(1.76486330756886,-1.01894430570778,18.3885416666667));
#8730=CARTESIAN_POINT('Ctrl Pts',(2.35315107675848,-2.04880061498387E-15,
18.446875));
#8731=CARTESIAN_POINT('Ctrl Pts',(1.76486330756886,1.01894430570777,18.5052083333333));
#8732=CARTESIAN_POINT('Ctrl Pts',(1.17657553837924,2.03788861141555,18.5635416666667));
#8733=CARTESIAN_POINT('Ctrl Pts',(0.,2.03788861141555,18.621875));
#8734=CARTESIAN_POINT('Ctrl Pts',(-1.17657553837924,2.03788861141555,18.6802083333333));
#8735=CARTESIAN_POINT('Ctrl Pts',(-1.76486330756886,1.01894430570777,18.7385416666667));
#8736=CARTESIAN_POINT('Ctrl Pts',(-2.35315107675848,-1.47244482817139E-15,
18.796875));
#8737=CARTESIAN_POINT('Ctrl Pts',(-1.76486330756886,-1.01894430570778,18.8552083333333));
#8738=CARTESIAN_POINT('Ctrl Pts',(-1.17657553837924,-2.03788861141555,18.9135416666667));
#8739=CARTESIAN_POINT('Ctrl Pts',(-2.4956937649889E-16,-2.03788861141555,
18.971875));
#8740=CARTESIAN_POINT('Ctrl Pts',(1.17657553837924,-2.03788861141555,19.0302083333333));
#8741=CARTESIAN_POINT('Ctrl Pts',(1.76486330756886,-1.01894430570778,19.0885416666667));
#8742=CARTESIAN_POINT('Ctrl Pts',(2.35315107675848,-2.04880061498387E-15,
19.146875));
#8743=CARTESIAN_POINT('Ctrl Pts',(1.76486330756886,1.01894430570777,19.2052083333333));
#8744=CARTESIAN_POINT('Ctrl Pts',(1.17657553837924,2.03788861141555,19.2635416666667));
#8745=CARTESIAN_POINT('Ctrl Pts',(0.,2.03788861141555,19.321875));
#8746=CARTESIAN_POINT('Ctrl Pts',(-1.17657553837924,2.03788861141555,19.3802083333333));
#8747=CARTESIAN_POINT('Ctrl Pts',(-1.76486330756886,1.01894430570777,19.4385416666667));
#8748=CARTESIAN_POINT('Ctrl Pts',(-2.35315107675848,-1.47244482817139E-15,
19.496875));
#8749=CARTESIAN_POINT('Ctrl Pts',(-1.76486330756886,-1.01894430570778,19.5552083333333));
#8750=CARTESIAN_POINT('Ctrl Pts',(-1.17657553837924,-2.03788861141555,19.6135416666667));
#8751=CARTESIAN_POINT('Ctrl Pts',(-2.4956937649889E-16,-2.03788861141555,
19.671875));
#8752=CARTESIAN_POINT('Ctrl Pts',(1.17657553837924,-2.03788861141555,19.7302083333333));
#8753=CARTESIAN_POINT('Ctrl Pts',(1.76486330756886,-1.01894430570778,19.7885416666667));
#8754=CARTESIAN_POINT('Ctrl Pts',(2.35315107675848,-2.04880061498387E-15,
19.846875));
#8755=CARTESIAN_POINT('Ctrl Pts',(1.76486330756886,1.01894430570777,19.9052083333333));
#8756=CARTESIAN_POINT('Ctrl Pts',(1.17657553837924,2.03788861141555,19.9635416666667));
#8757=CARTESIAN_POINT('Ctrl Pts',(0.,2.03788861141555,20.021875));
#8758=CARTESIAN_POINT('Ctrl Pts',(-1.17657553837924,2.03788861141555,20.0802083333333));
#8759=CARTESIAN_POINT('Ctrl Pts',(-1.76486330756886,1.01894430570777,20.1385416666667));
#8760=CARTESIAN_POINT('Ctrl Pts',(-2.35315107675848,-1.47244482817139E-15,
20.196875));
#8761=CARTESIAN_POINT('Ctrl Pts',(-1.76486330756886,-1.01894430570778,20.2552083333333));
#8762=CARTESIAN_POINT('Ctrl Pts',(-1.17657553837924,-2.03788861141555,20.3135416666667));
#8763=CARTESIAN_POINT('Ctrl Pts',(-2.4956937649889E-16,-2.03788861141555,
20.371875));
#8764=CARTESIAN_POINT('Ctrl Pts',(1.17657553837924,-2.03788861141555,20.4302083333333));
#8765=CARTESIAN_POINT('Ctrl Pts',(1.76486330756886,-1.01894430570778,20.4885416666667));
#8766=CARTESIAN_POINT('Ctrl Pts',(2.35315107675848,-2.04880061498387E-15,
20.546875));
#8767=CARTESIAN_POINT('Ctrl Pts',(1.76486330756886,1.01894430570777,20.6052083333333));
#8768=CARTESIAN_POINT('Ctrl Pts',(1.17657553837924,2.03788861141555,20.6635416666667));
#8769=CARTESIAN_POINT('Ctrl Pts',(0.,2.03788861141555,20.721875));
#8770=CARTESIAN_POINT('Ctrl Pts',(-1.17657553837924,2.03788861141555,20.7802083333333));
#8771=CARTESIAN_POINT('Ctrl Pts',(-1.76486330756886,1.01894430570777,20.8385416666667));
#8772=CARTESIAN_POINT('Ctrl Pts',(-2.35315107675848,-1.47244482817139E-15,
20.896875));
#8773=CARTESIAN_POINT('Ctrl Pts',(-1.76486330756886,-1.01894430570778,20.9552083333333));
#8774=CARTESIAN_POINT('Ctrl Pts',(-1.17657553837924,-2.03788861141555,21.0135416666667));
#8775=CARTESIAN_POINT('Ctrl Pts',(-2.4956937649889E-16,-2.03788861141555,
21.071875));
#8776=CARTESIAN_POINT('Ctrl Pts',(1.17657553837924,-2.03788861141555,21.1302083333333));
#8777=CARTESIAN_POINT('Ctrl Pts',(1.76486330756886,-1.01894430570778,21.1885416666667));
#8778=CARTESIAN_POINT('Ctrl Pts',(2.35315107675848,-2.04880061498387E-15,
21.246875));
#8779=CARTESIAN_POINT('Ctrl Pts',(1.76486330756886,1.01894430570777,21.3052083333333));
#8780=CARTESIAN_POINT('Ctrl Pts',(1.17657553837924,2.03788861141555,21.3635416666667));
#8781=CARTESIAN_POINT('Ctrl Pts',(0.,2.03788861141555,21.421875));
#8782=CARTESIAN_POINT('Ctrl Pts',(-1.17657553837924,2.03788861141555,21.4802083333333));
#8783=CARTESIAN_POINT('Ctrl Pts',(-1.76486330756886,1.01894430570777,21.5385416666667));
#8784=CARTESIAN_POINT('Ctrl Pts',(-2.35315107675848,-1.47244482817139E-15,
21.596875));
#8785=CARTESIAN_POINT('Ctrl Pts',(-1.76486330756886,-1.01894430570778,21.6552083333333));
#8786=CARTESIAN_POINT('Ctrl Pts',(-1.17657553837924,-2.03788861141555,21.7135416666667));
#8787=CARTESIAN_POINT('Ctrl Pts',(-2.4956937649889E-16,-2.03788861141555,
21.771875));
#8788=CARTESIAN_POINT('Ctrl Pts',(1.17657553837924,-2.03788861141555,21.8302083333333));
#8789=CARTESIAN_POINT('Ctrl Pts',(1.76486330756886,-1.01894430570778,21.8885416666667));
#8790=CARTESIAN_POINT('Ctrl Pts',(2.35315107675848,-2.04880061498387E-15,
21.946875));
#8791=CARTESIAN_POINT('Ctrl Pts',(1.76486330756886,1.01894430570777,22.0052083333333));
#8792=CARTESIAN_POINT('Ctrl Pts',(1.17657553837924,2.03788861141555,22.0635416666667));
#8793=CARTESIAN_POINT('Ctrl Pts',(0.,2.03788861141555,22.121875));
#8794=CARTESIAN_POINT('Ctrl Pts',(0.,1.54533666301313,8.53749999999998));
#8795=CARTESIAN_POINT('Ctrl Pts',(-0.89220053837923,1.54533666301313,8.59583333333332));
#8796=CARTESIAN_POINT('Ctrl Pts',(-1.33830080756884,0.772668331506565,8.65416666666665));
#8797=CARTESIAN_POINT('Ctrl Pts',(-1.78440107675846,-1.50727072152214E-15,
8.71249999999998));
#8798=CARTESIAN_POINT('Ctrl Pts',(-1.33830080756884,-0.772668331506567,
8.77083333333332));
#8799=CARTESIAN_POINT('Ctrl Pts',(-0.89220053837923,-1.54533666301313,8.82916666666665));
#8800=CARTESIAN_POINT('Ctrl Pts',(-1.89249159796408E-16,-1.54533666301313,
8.88749999999998));
#8801=CARTESIAN_POINT('Ctrl Pts',(0.892200538379229,-1.54533666301313,8.94583333333332));
#8802=CARTESIAN_POINT('Ctrl Pts',(1.33830080756884,-0.772668331506568,9.00416666666665));
#8803=CARTESIAN_POINT('Ctrl Pts',(1.78440107675846,-1.94432293493161E-15,
9.06249999999998));
#8804=CARTESIAN_POINT('Ctrl Pts',(1.33830080756885,0.772668331506563,9.12083333333332));
#8805=CARTESIAN_POINT('Ctrl Pts',(0.892200538379231,1.54533666301313,9.17916666666665));
#8806=CARTESIAN_POINT('Ctrl Pts',(0.,1.54533666301313,9.23749999999998));
#8807=CARTESIAN_POINT('Ctrl Pts',(-0.89220053837923,1.54533666301313,9.29583333333332));
#8808=CARTESIAN_POINT('Ctrl Pts',(-1.33830080756884,0.772668331506565,9.35416666666665));
#8809=CARTESIAN_POINT('Ctrl Pts',(-1.78440107675846,-1.50727072152214E-15,
9.41249999999998));
#8810=CARTESIAN_POINT('Ctrl Pts',(-1.33830080756884,-0.772668331506567,
9.47083333333332));
#8811=CARTESIAN_POINT('Ctrl Pts',(-0.89220053837923,-1.54533666301313,9.52916666666665));
#8812=CARTESIAN_POINT('Ctrl Pts',(-1.89249159796408E-16,-1.54533666301313,
9.58749999999998));
#8813=CARTESIAN_POINT('Ctrl Pts',(0.892200538379229,-1.54533666301313,9.64583333333332));
#8814=CARTESIAN_POINT('Ctrl Pts',(1.33830080756884,-0.772668331506568,9.70416666666665));
#8815=CARTESIAN_POINT('Ctrl Pts',(1.78440107675846,-1.94432293493161E-15,
9.76249999999998));
#8816=CARTESIAN_POINT('Ctrl Pts',(1.33830080756885,0.772668331506563,9.82083333333332));
#8817=CARTESIAN_POINT('Ctrl Pts',(0.892200538379231,1.54533666301313,9.87916666666665));
#8818=CARTESIAN_POINT('Ctrl Pts',(0.,1.54533666301313,9.93749999999998));
#8819=CARTESIAN_POINT('Ctrl Pts',(-0.89220053837923,1.54533666301313,9.99583333333332));
#8820=CARTESIAN_POINT('Ctrl Pts',(-1.33830080756884,0.772668331506565,10.0541666666667));
#8821=CARTESIAN_POINT('Ctrl Pts',(-1.78440107675846,-1.50727072152214E-15,
10.1125));
#8822=CARTESIAN_POINT('Ctrl Pts',(-1.33830080756884,-0.772668331506567,
10.1708333333333));
#8823=CARTESIAN_POINT('Ctrl Pts',(-0.89220053837923,-1.54533666301313,10.2291666666667));
#8824=CARTESIAN_POINT('Ctrl Pts',(-1.89249159796408E-16,-1.54533666301313,
10.2875));
#8825=CARTESIAN_POINT('Ctrl Pts',(0.892200538379229,-1.54533666301313,10.3458333333333));
#8826=CARTESIAN_POINT('Ctrl Pts',(1.33830080756884,-0.772668331506568,10.4041666666667));
#8827=CARTESIAN_POINT('Ctrl Pts',(1.78440107675846,-1.94432293493161E-15,
10.4625));
#8828=CARTESIAN_POINT('Ctrl Pts',(1.33830080756885,0.772668331506563,10.5208333333333));
#8829=CARTESIAN_POINT('Ctrl Pts',(0.892200538379231,1.54533666301313,10.5791666666667));
#8830=CARTESIAN_POINT('Ctrl Pts',(0.,1.54533666301313,10.6375));
#8831=CARTESIAN_POINT('Ctrl Pts',(-0.89220053837923,1.54533666301313,10.6958333333333));
#8832=CARTESIAN_POINT('Ctrl Pts',(-1.33830080756884,0.772668331506565,10.7541666666667));
#8833=CARTESIAN_POINT('Ctrl Pts',(-1.78440107675846,-1.50727072152214E-15,
10.8125));
#8834=CARTESIAN_POINT('Ctrl Pts',(-1.33830080756884,-0.772668331506567,
10.8708333333333));
#8835=CARTESIAN_POINT('Ctrl Pts',(-0.89220053837923,-1.54533666301313,10.9291666666666));
#8836=CARTESIAN_POINT('Ctrl Pts',(-1.89249159796408E-16,-1.54533666301313,
10.9875));
#8837=CARTESIAN_POINT('Ctrl Pts',(0.892200538379229,-1.54533666301313,11.0458333333333));
#8838=CARTESIAN_POINT('Ctrl Pts',(1.33830080756884,-0.772668331506568,11.1041666666667));
#8839=CARTESIAN_POINT('Ctrl Pts',(1.78440107675846,-1.94432293493161E-15,
11.1625));
#8840=CARTESIAN_POINT('Ctrl Pts',(1.33830080756885,0.772668331506563,11.2208333333333));
#8841=CARTESIAN_POINT('Ctrl Pts',(0.892200538379231,1.54533666301313,11.2791666666667));
#8842=CARTESIAN_POINT('Ctrl Pts',(0.,1.54533666301313,11.3375));
#8843=CARTESIAN_POINT('Ctrl Pts',(-0.89220053837923,1.54533666301313,11.3958333333333));
#8844=CARTESIAN_POINT('Ctrl Pts',(-1.33830080756884,0.772668331506565,11.4541666666666));
#8845=CARTESIAN_POINT('Ctrl Pts',(-1.78440107675846,-1.50727072152214E-15,
11.5125));
#8846=CARTESIAN_POINT('Ctrl Pts',(-1.33830080756884,-0.772668331506567,
11.5708333333333));
#8847=CARTESIAN_POINT('Ctrl Pts',(-0.89220053837923,-1.54533666301313,11.6291666666666));
#8848=CARTESIAN_POINT('Ctrl Pts',(-1.89249159796408E-16,-1.54533666301313,
11.6875));
#8849=CARTESIAN_POINT('Ctrl Pts',(0.892200538379229,-1.54533666301313,11.7458333333333));
#8850=CARTESIAN_POINT('Ctrl Pts',(1.33830080756884,-0.772668331506568,11.8041666666667));
#8851=CARTESIAN_POINT('Ctrl Pts',(1.78440107675846,-1.94432293493161E-15,
11.8625));
#8852=CARTESIAN_POINT('Ctrl Pts',(1.33830080756885,0.772668331506563,11.9208333333333));
#8853=CARTESIAN_POINT('Ctrl Pts',(0.892200538379231,1.54533666301313,11.9791666666667));
#8854=CARTESIAN_POINT('Ctrl Pts',(0.,1.54533666301313,12.0375));
#8855=CARTESIAN_POINT('Ctrl Pts',(-0.89220053837923,1.54533666301313,12.0958333333333));
#8856=CARTESIAN_POINT('Ctrl Pts',(-1.33830080756884,0.772668331506565,12.1541666666667));
#8857=CARTESIAN_POINT('Ctrl Pts',(-1.78440107675846,-1.50727072152214E-15,
12.2125));
#8858=CARTESIAN_POINT('Ctrl Pts',(-1.33830080756884,-0.772668331506567,
12.2708333333333));
#8859=CARTESIAN_POINT('Ctrl Pts',(-0.89220053837923,-1.54533666301313,12.3291666666667));
#8860=CARTESIAN_POINT('Ctrl Pts',(-1.89249159796408E-16,-1.54533666301313,
12.3875));
#8861=CARTESIAN_POINT('Ctrl Pts',(0.892200538379229,-1.54533666301313,12.4458333333333));
#8862=CARTESIAN_POINT('Ctrl Pts',(1.33830080756884,-0.772668331506568,12.5041666666666));
#8863=CARTESIAN_POINT('Ctrl Pts',(1.78440107675846,-1.94432293493161E-15,
12.5625));
#8864=CARTESIAN_POINT('Ctrl Pts',(1.33830080756885,0.772668331506563,12.6208333333333));
#8865=CARTESIAN_POINT('Ctrl Pts',(0.892200538379231,1.54533666301313,12.6791666666666));
#8866=CARTESIAN_POINT('Ctrl Pts',(0.,1.54533666301313,12.7375));
#8867=CARTESIAN_POINT('Ctrl Pts',(-0.89220053837923,1.54533666301313,12.7958333333333));
#8868=CARTESIAN_POINT('Ctrl Pts',(-1.33830080756884,0.772668331506565,12.8541666666666));
#8869=CARTESIAN_POINT('Ctrl Pts',(-1.78440107675846,-1.50727072152214E-15,
12.9125));
#8870=CARTESIAN_POINT('Ctrl Pts',(-1.33830080756884,-0.772668331506567,
12.9708333333333));
#8871=CARTESIAN_POINT('Ctrl Pts',(-0.89220053837923,-1.54533666301313,13.0291666666666));
#8872=CARTESIAN_POINT('Ctrl Pts',(-1.89249159796408E-16,-1.54533666301313,
13.0875));
#8873=CARTESIAN_POINT('Ctrl Pts',(0.892200538379229,-1.54533666301313,13.1458333333333));
#8874=CARTESIAN_POINT('Ctrl Pts',(1.33830080756884,-0.772668331506568,13.2041666666666));
#8875=CARTESIAN_POINT('Ctrl Pts',(1.78440107675846,-1.94432293493161E-15,
13.2625));
#8876=CARTESIAN_POINT('Ctrl Pts',(1.33830080756885,0.772668331506563,13.3208333333333));
#8877=CARTESIAN_POINT('Ctrl Pts',(0.892200538379231,1.54533666301313,13.3791666666667));
#8878=CARTESIAN_POINT('Ctrl Pts',(0.,1.54533666301313,13.4375));
#8879=CARTESIAN_POINT('Ctrl Pts',(-0.89220053837923,1.54533666301313,13.4958333333333));
#8880=CARTESIAN_POINT('Ctrl Pts',(-1.33830080756884,0.772668331506565,13.5541666666666));
#8881=CARTESIAN_POINT('Ctrl Pts',(-1.78440107675846,-1.50727072152214E-15,
13.6125));
#8882=CARTESIAN_POINT('Ctrl Pts',(-1.33830080756884,-0.772668331506567,
13.6708333333333));
#8883=CARTESIAN_POINT('Ctrl Pts',(-0.89220053837923,-1.54533666301313,13.7291666666667));
#8884=CARTESIAN_POINT('Ctrl Pts',(-1.89249159796408E-16,-1.54533666301313,
13.7875));
#8885=CARTESIAN_POINT('Ctrl Pts',(0.892200538379229,-1.54533666301313,13.8458333333333));
#8886=CARTESIAN_POINT('Ctrl Pts',(1.33830080756884,-0.772668331506568,13.9041666666666));
#8887=CARTESIAN_POINT('Ctrl Pts',(1.78440107675846,-1.94432293493161E-15,
13.9625));
#8888=CARTESIAN_POINT('Ctrl Pts',(1.33830080756885,0.772668331506563,14.0208333333333));
#8889=CARTESIAN_POINT('Ctrl Pts',(0.892200538379231,1.54533666301313,14.0791666666667));
#8890=CARTESIAN_POINT('Ctrl Pts',(0.,1.54533666301313,14.1375));
#8891=CARTESIAN_POINT('Ctrl Pts',(-0.89220053837923,1.54533666301313,14.1958333333333));
#8892=CARTESIAN_POINT('Ctrl Pts',(-1.33830080756884,0.772668331506565,14.2541666666667));
#8893=CARTESIAN_POINT('Ctrl Pts',(-1.78440107675846,-1.50727072152214E-15,
14.3125));
#8894=CARTESIAN_POINT('Ctrl Pts',(-1.33830080756884,-0.772668331506567,
14.3708333333333));
#8895=CARTESIAN_POINT('Ctrl Pts',(-0.89220053837923,-1.54533666301313,14.4291666666667));
#8896=CARTESIAN_POINT('Ctrl Pts',(-1.89249159796408E-16,-1.54533666301313,
14.4875));
#8897=CARTESIAN_POINT('Ctrl Pts',(0.892200538379229,-1.54533666301313,14.5458333333333));
#8898=CARTESIAN_POINT('Ctrl Pts',(1.33830080756884,-0.772668331506568,14.6041666666667));
#8899=CARTESIAN_POINT('Ctrl Pts',(1.78440107675846,-1.94432293493161E-15,
14.6625));
#8900=CARTESIAN_POINT('Ctrl Pts',(1.33830080756885,0.772668331506563,14.7208333333333));
#8901=CARTESIAN_POINT('Ctrl Pts',(0.892200538379231,1.54533666301313,14.7791666666666));
#8902=CARTESIAN_POINT('Ctrl Pts',(0.,1.54533666301313,14.8375));
#8903=CARTESIAN_POINT('Ctrl Pts',(-0.89220053837923,1.54533666301313,14.8958333333333));
#8904=CARTESIAN_POINT('Ctrl Pts',(-1.33830080756884,0.772668331506565,14.9541666666667));
#8905=CARTESIAN_POINT('Ctrl Pts',(-1.78440107675846,-1.50727072152214E-15,
15.0125));
#8906=CARTESIAN_POINT('Ctrl Pts',(-1.33830080756884,-0.772668331506567,
15.0708333333333));
#8907=CARTESIAN_POINT('Ctrl Pts',(-0.89220053837923,-1.54533666301313,15.1291666666666));
#8908=CARTESIAN_POINT('Ctrl Pts',(-1.89249159796408E-16,-1.54533666301313,
15.1875));
#8909=CARTESIAN_POINT('Ctrl Pts',(0.892200538379229,-1.54533666301313,15.2458333333333));
#8910=CARTESIAN_POINT('Ctrl Pts',(1.33830080756884,-0.772668331506568,15.3041666666666));
#8911=CARTESIAN_POINT('Ctrl Pts',(1.78440107675846,-1.94432293493161E-15,
15.3625));
#8912=CARTESIAN_POINT('Ctrl Pts',(1.33830080756885,0.772668331506563,15.4208333333333));
#8913=CARTESIAN_POINT('Ctrl Pts',(0.892200538379231,1.54533666301313,15.4791666666666));
#8914=CARTESIAN_POINT('Ctrl Pts',(0.,1.54533666301313,15.5375));
#8915=CARTESIAN_POINT('Ctrl Pts',(-0.89220053837923,1.54533666301313,15.5958333333333));
#8916=CARTESIAN_POINT('Ctrl Pts',(-1.33830080756884,0.772668331506565,15.6541666666666));
#8917=CARTESIAN_POINT('Ctrl Pts',(-1.78440107675846,-1.50727072152214E-15,
15.7125));
#8918=CARTESIAN_POINT('Ctrl Pts',(-1.33830080756884,-0.772668331506567,
15.7708333333333));
#8919=CARTESIAN_POINT('Ctrl Pts',(-0.89220053837923,-1.54533666301313,15.8291666666667));
#8920=CARTESIAN_POINT('Ctrl Pts',(-1.89249159796408E-16,-1.54533666301313,
15.8875));
#8921=CARTESIAN_POINT('Ctrl Pts',(0.892200538379229,-1.54533666301313,15.9458333333333));
#8922=CARTESIAN_POINT('Ctrl Pts',(1.33830080756884,-0.772668331506568,16.0041666666666));
#8923=CARTESIAN_POINT('Ctrl Pts',(1.78440107675846,-1.94432293493161E-15,
16.0625));
#8924=CARTESIAN_POINT('Ctrl Pts',(1.33830080756885,0.772668331506563,16.1208333333333));
#8925=CARTESIAN_POINT('Ctrl Pts',(0.892200538379231,1.54533666301313,16.1791666666667));
#8926=CARTESIAN_POINT('Ctrl Pts',(0.,1.54533666301313,16.2375));
#8927=CARTESIAN_POINT('Ctrl Pts',(-0.89220053837923,1.54533666301313,16.2958333333333));
#8928=CARTESIAN_POINT('Ctrl Pts',(-1.33830080756884,0.772668331506565,16.3541666666667));
#8929=CARTESIAN_POINT('Ctrl Pts',(-1.78440107675846,-1.50727072152214E-15,
16.4125));
#8930=CARTESIAN_POINT('Ctrl Pts',(-1.33830080756884,-0.772668331506567,
16.4708333333333));
#8931=CARTESIAN_POINT('Ctrl Pts',(-0.89220053837923,-1.54533666301313,16.5291666666667));
#8932=CARTESIAN_POINT('Ctrl Pts',(-1.89249159796408E-16,-1.54533666301313,
16.5875));
#8933=CARTESIAN_POINT('Ctrl Pts',(0.892200538379229,-1.54533666301313,16.6458333333333));
#8934=CARTESIAN_POINT('Ctrl Pts',(1.33830080756884,-0.772668331506568,16.7041666666666));
#8935=CARTESIAN_POINT('Ctrl Pts',(1.78440107675846,-1.94432293493161E-15,
16.7625));
#8936=CARTESIAN_POINT('Ctrl Pts',(1.33830080756885,0.772668331506563,16.8208333333333));
#8937=CARTESIAN_POINT('Ctrl Pts',(0.892200538379231,1.54533666301313,16.8791666666666));
#8938=CARTESIAN_POINT('Ctrl Pts',(0.,1.54533666301313,16.9375));
#8939=CARTESIAN_POINT('Ctrl Pts',(-0.89220053837923,1.54533666301313,16.9958333333333));
#8940=CARTESIAN_POINT('Ctrl Pts',(-1.33830080756884,0.772668331506565,17.0541666666666));
#8941=CARTESIAN_POINT('Ctrl Pts',(-1.78440107675846,-1.50727072152214E-15,
17.1125));
#8942=CARTESIAN_POINT('Ctrl Pts',(-1.33830080756884,-0.772668331506567,
17.1708333333333));
#8943=CARTESIAN_POINT('Ctrl Pts',(-0.89220053837923,-1.54533666301313,17.2291666666667));
#8944=CARTESIAN_POINT('Ctrl Pts',(-1.89249159796408E-16,-1.54533666301313,
17.2875));
#8945=CARTESIAN_POINT('Ctrl Pts',(0.892200538379229,-1.54533666301313,17.3458333333333));
#8946=CARTESIAN_POINT('Ctrl Pts',(1.33830080756884,-0.772668331506568,17.4041666666667));
#8947=CARTESIAN_POINT('Ctrl Pts',(1.78440107675846,-1.94432293493161E-15,
17.4625));
#8948=CARTESIAN_POINT('Ctrl Pts',(1.33830080756885,0.772668331506563,17.5208333333333));
#8949=CARTESIAN_POINT('Ctrl Pts',(0.892200538379231,1.54533666301313,17.5791666666667));
#8950=CARTESIAN_POINT('Ctrl Pts',(0.,1.54533666301313,17.6375));
#8951=CARTESIAN_POINT('Ctrl Pts',(-0.89220053837923,1.54533666301313,17.6958333333333));
#8952=CARTESIAN_POINT('Ctrl Pts',(-1.33830080756884,0.772668331506565,17.7541666666666));
#8953=CARTESIAN_POINT('Ctrl Pts',(-1.78440107675846,-1.50727072152214E-15,
17.8125));
#8954=CARTESIAN_POINT('Ctrl Pts',(-1.33830080756884,-0.772668331506567,
17.8708333333333));
#8955=CARTESIAN_POINT('Ctrl Pts',(-0.89220053837923,-1.54533666301313,17.9291666666666));
#8956=CARTESIAN_POINT('Ctrl Pts',(-1.89249159796408E-16,-1.54533666301313,
17.9875));
#8957=CARTESIAN_POINT('Ctrl Pts',(0.892200538379229,-1.54533666301313,18.0458333333333));
#8958=CARTESIAN_POINT('Ctrl Pts',(1.33830080756884,-0.772668331506568,18.1041666666667));
#8959=CARTESIAN_POINT('Ctrl Pts',(1.78440107675846,-1.94432293493161E-15,
18.1625));
#8960=CARTESIAN_POINT('Ctrl Pts',(1.33830080756885,0.772668331506563,18.2208333333333));
#8961=CARTESIAN_POINT('Ctrl Pts',(0.892200538379231,1.54533666301313,18.2791666666666));
#8962=CARTESIAN_POINT('Ctrl Pts',(0.,1.54533666301313,18.3375));
#8963=CARTESIAN_POINT('Ctrl Pts',(-0.89220053837923,1.54533666301313,18.3958333333333));
#8964=CARTESIAN_POINT('Ctrl Pts',(-1.33830080756884,0.772668331506565,18.4541666666667));
#8965=CARTESIAN_POINT('Ctrl Pts',(-1.78440107675846,-1.50727072152214E-15,
18.5125));
#8966=CARTESIAN_POINT('Ctrl Pts',(-1.33830080756884,-0.772668331506567,
18.5708333333333));
#8967=CARTESIAN_POINT('Ctrl Pts',(-0.89220053837923,-1.54533666301313,18.6291666666666));
#8968=CARTESIAN_POINT('Ctrl Pts',(-1.89249159796408E-16,-1.54533666301313,
18.6875));
#8969=CARTESIAN_POINT('Ctrl Pts',(0.892200538379229,-1.54533666301313,18.7458333333333));
#8970=CARTESIAN_POINT('Ctrl Pts',(1.33830080756884,-0.772668331506568,18.8041666666666));
#8971=CARTESIAN_POINT('Ctrl Pts',(1.78440107675846,-1.94432293493161E-15,
18.8625));
#8972=CARTESIAN_POINT('Ctrl Pts',(1.33830080756885,0.772668331506563,18.9208333333333));
#8973=CARTESIAN_POINT('Ctrl Pts',(0.892200538379231,1.54533666301313,18.9791666666667));
#8974=CARTESIAN_POINT('Ctrl Pts',(0.,1.54533666301313,19.0375));
#8975=CARTESIAN_POINT('Ctrl Pts',(-0.89220053837923,1.54533666301313,19.0958333333333));
#8976=CARTESIAN_POINT('Ctrl Pts',(-1.33830080756884,0.772668331506565,19.1541666666667));
#8977=CARTESIAN_POINT('Ctrl Pts',(-1.78440107675846,-1.50727072152214E-15,
19.2125));
#8978=CARTESIAN_POINT('Ctrl Pts',(-1.33830080756884,-0.772668331506567,
19.2708333333333));
#8979=CARTESIAN_POINT('Ctrl Pts',(-0.89220053837923,-1.54533666301313,19.3291666666666));
#8980=CARTESIAN_POINT('Ctrl Pts',(-1.89249159796408E-16,-1.54533666301313,
19.3875));
#8981=CARTESIAN_POINT('Ctrl Pts',(0.892200538379229,-1.54533666301313,19.4458333333333));
#8982=CARTESIAN_POINT('Ctrl Pts',(1.33830080756884,-0.772668331506568,19.5041666666666));
#8983=CARTESIAN_POINT('Ctrl Pts',(1.78440107675846,-1.94432293493161E-15,
19.5625));
#8984=CARTESIAN_POINT('Ctrl Pts',(1.33830080756885,0.772668331506563,19.6208333333333));
#8985=CARTESIAN_POINT('Ctrl Pts',(0.892200538379231,1.54533666301313,19.6791666666667));
#8986=CARTESIAN_POINT('Ctrl Pts',(0.,1.54533666301313,19.7375));
#8987=CARTESIAN_POINT('Ctrl Pts',(-0.89220053837923,1.54533666301313,19.7958333333333));
#8988=CARTESIAN_POINT('Ctrl Pts',(-1.33830080756884,0.772668331506565,19.8541666666667));
#8989=CARTESIAN_POINT('Ctrl Pts',(-1.78440107675846,-1.50727072152214E-15,
19.9125));
#8990=CARTESIAN_POINT('Ctrl Pts',(-1.33830080756884,-0.772668331506567,
19.9708333333333));
#8991=CARTESIAN_POINT('Ctrl Pts',(-0.89220053837923,-1.54533666301313,20.0291666666667));
#8992=CARTESIAN_POINT('Ctrl Pts',(-1.89249159796408E-16,-1.54533666301313,
20.0875));
#8993=CARTESIAN_POINT('Ctrl Pts',(0.892200538379229,-1.54533666301313,20.1458333333333));
#8994=CARTESIAN_POINT('Ctrl Pts',(1.33830080756884,-0.772668331506568,20.2041666666667));
#8995=CARTESIAN_POINT('Ctrl Pts',(1.78440107675846,-1.94432293493161E-15,
20.2625));
#8996=CARTESIAN_POINT('Ctrl Pts',(1.33830080756885,0.772668331506563,20.3208333333333));
#8997=CARTESIAN_POINT('Ctrl Pts',(0.892200538379231,1.54533666301313,20.3791666666666));
#8998=CARTESIAN_POINT('Ctrl Pts',(0.,1.54533666301313,20.4375));
#8999=CARTESIAN_POINT('Ctrl Pts',(-0.89220053837923,1.54533666301313,20.4958333333333));
#9000=CARTESIAN_POINT('Ctrl Pts',(-1.33830080756884,0.772668331506565,20.5541666666667));
#9001=CARTESIAN_POINT('Ctrl Pts',(-1.78440107675846,-1.50727072152214E-15,
20.6125));
#9002=CARTESIAN_POINT('Ctrl Pts',(-1.33830080756884,-0.772668331506567,
20.6708333333333));
#9003=CARTESIAN_POINT('Ctrl Pts',(-0.89220053837923,-1.54533666301313,20.7291666666667));
#9004=CARTESIAN_POINT('Ctrl Pts',(-1.89249159796408E-16,-1.54533666301313,
20.7875));
#9005=CARTESIAN_POINT('Ctrl Pts',(0.892200538379229,-1.54533666301313,20.8458333333333));
#9006=CARTESIAN_POINT('Ctrl Pts',(1.33830080756884,-0.772668331506568,20.9041666666666));
#9007=CARTESIAN_POINT('Ctrl Pts',(1.78440107675846,-1.94432293493161E-15,
20.9625));
#9008=CARTESIAN_POINT('Ctrl Pts',(1.33830080756885,0.772668331506563,21.0208333333333));
#9009=CARTESIAN_POINT('Ctrl Pts',(0.892200538379231,1.54533666301313,21.0791666666666));
#9010=CARTESIAN_POINT('Ctrl Pts',(0.,1.54533666301313,21.1375));
#9011=CARTESIAN_POINT('Ctrl Pts',(-0.89220053837923,1.54533666301313,21.1958333333333));
#9012=CARTESIAN_POINT('Ctrl Pts',(-1.33830080756884,0.772668331506565,21.2541666666666));
#9013=CARTESIAN_POINT('Ctrl Pts',(-1.78440107675846,-1.50727072152214E-15,
21.3125));
#9014=CARTESIAN_POINT('Ctrl Pts',(-1.33830080756884,-0.772668331506567,
21.3708333333333));
#9015=CARTESIAN_POINT('Ctrl Pts',(-0.89220053837923,-1.54533666301313,21.4291666666666));
#9016=CARTESIAN_POINT('Ctrl Pts',(-1.89249159796408E-16,-1.54533666301313,
21.4875));
#9017=CARTESIAN_POINT('Ctrl Pts',(0.892200538379229,-1.54533666301313,21.5458333333333));
#9018=CARTESIAN_POINT('Ctrl Pts',(1.33830080756884,-0.772668331506568,21.6041666666667));
#9019=CARTESIAN_POINT('Ctrl Pts',(1.78440107675846,-1.94432293493161E-15,
21.6625));
#9020=CARTESIAN_POINT('Ctrl Pts',(1.33830080756885,0.772668331506563,21.7208333333333));
#9021=CARTESIAN_POINT('Ctrl Pts',(0.892200538379231,1.54533666301313,21.7791666666666));
#9022=CARTESIAN_POINT('Ctrl Pts',(0.,1.54533666301313,21.8375));
#9023=CARTESIAN_POINT('',(0.,1.79161263721434,10.0796875));
#9024=CARTESIAN_POINT('Ctrl Pts',(-1.89249159796408E-16,-1.54533666301313,
14.4875));
#9025=CARTESIAN_POINT('Ctrl Pts',(0.410548153809019,-1.54533666301313,14.51434221907));
#9026=CARTESIAN_POINT('Ctrl Pts',(0.766963950101639,-1.34157806381032,14.5453366630131));
#9027=CARTESIAN_POINT('Origin',(0.,9.18485099360515E-15,-15.));
#9028=CARTESIAN_POINT('Ctrl Pts',(0.,1.54533666301313,-15.35));
#9029=CARTESIAN_POINT('Ctrl Pts',(-0.89220053837923,1.54533666301313,-15.2916666666667));
#9030=CARTESIAN_POINT('Ctrl Pts',(-1.33830080756884,0.772668331506569,-15.2333333333334));
#9031=CARTESIAN_POINT('Ctrl Pts',(-1.78440107675846,2.86471835143391E-15,
-15.175));
#9032=CARTESIAN_POINT('Ctrl Pts',(-1.33830080756884,-0.772668331506563,
-15.1166666666667));
#9033=CARTESIAN_POINT('Ctrl Pts',(-0.89220053837923,-1.54533666301313,-15.0583333333334));
#9034=CARTESIAN_POINT('Ctrl Pts',(-1.89249159796408E-16,-1.54533666301313,
-15.));
#9035=CARTESIAN_POINT('Ctrl Pts',(0.892200538379229,-1.54533666301313,-14.9416666666667));
#9036=CARTESIAN_POINT('Ctrl Pts',(1.33830080756884,-0.772668331506564,-14.8833333333334));
#9037=CARTESIAN_POINT('Ctrl Pts',(1.78440107675846,2.42766613802444E-15,
-14.825));
#9038=CARTESIAN_POINT('Ctrl Pts',(1.33830080756885,0.772668331506568,-14.7666666666667));
#9039=CARTESIAN_POINT('Ctrl Pts',(0.892200538379231,1.54533666301313,-14.7083333333334));
#9040=CARTESIAN_POINT('Ctrl Pts',(0.,1.54533666301313,-14.65));
#9041=CARTESIAN_POINT('Ctrl Pts',(-0.89220053837923,1.54533666301313,-14.5916666666667));
#9042=CARTESIAN_POINT('Ctrl Pts',(-1.33830080756884,0.772668331506569,-14.5333333333334));
#9043=CARTESIAN_POINT('Ctrl Pts',(-1.78440107675846,2.86471835143391E-15,
-14.475));
#9044=CARTESIAN_POINT('Ctrl Pts',(-1.33830080756884,-0.772668331506563,
-14.4166666666667));
#9045=CARTESIAN_POINT('Ctrl Pts',(-0.89220053837923,-1.54533666301313,-14.3583333333334));
#9046=CARTESIAN_POINT('Ctrl Pts',(-1.89249159796408E-16,-1.54533666301313,
-14.3));
#9047=CARTESIAN_POINT('Ctrl Pts',(0.892200538379229,-1.54533666301313,-14.2416666666667));
#9048=CARTESIAN_POINT('Ctrl Pts',(1.33830080756884,-0.772668331506564,-14.1833333333334));
#9049=CARTESIAN_POINT('Ctrl Pts',(1.78440107675846,2.42766613802444E-15,
-14.125));
#9050=CARTESIAN_POINT('Ctrl Pts',(1.33830080756885,0.772668331506568,-14.0666666666667));
#9051=CARTESIAN_POINT('Ctrl Pts',(0.892200538379231,1.54533666301313,-14.0083333333334));
#9052=CARTESIAN_POINT('Ctrl Pts',(0.,1.54533666301313,-13.95));
#9053=CARTESIAN_POINT('Ctrl Pts',(-0.89220053837923,1.54533666301313,-13.8916666666667));
#9054=CARTESIAN_POINT('Ctrl Pts',(-1.33830080756884,0.772668331506569,-13.8333333333334));
#9055=CARTESIAN_POINT('Ctrl Pts',(-1.78440107675846,2.86471835143391E-15,
-13.775));
#9056=CARTESIAN_POINT('Ctrl Pts',(-1.33830080756884,-0.772668331506563,
-13.7166666666667));
#9057=CARTESIAN_POINT('Ctrl Pts',(-0.89220053837923,-1.54533666301313,-13.6583333333334));
#9058=CARTESIAN_POINT('Ctrl Pts',(-1.89249159796408E-16,-1.54533666301313,
-13.6));
#9059=CARTESIAN_POINT('Ctrl Pts',(0.892200538379229,-1.54533666301313,-13.5416666666667));
#9060=CARTESIAN_POINT('Ctrl Pts',(1.33830080756884,-0.772668331506564,-13.4833333333334));
#9061=CARTESIAN_POINT('Ctrl Pts',(1.78440107675846,2.42766613802444E-15,
-13.425));
#9062=CARTESIAN_POINT('Ctrl Pts',(1.33830080756885,0.772668331506568,-13.3666666666667));
#9063=CARTESIAN_POINT('Ctrl Pts',(0.892200538379231,1.54533666301313,-13.3083333333334));
#9064=CARTESIAN_POINT('Ctrl Pts',(0.,1.54533666301313,-13.25));
#9065=CARTESIAN_POINT('Ctrl Pts',(-0.89220053837923,1.54533666301313,-13.1916666666667));
#9066=CARTESIAN_POINT('Ctrl Pts',(-1.33830080756884,0.772668331506569,-13.1333333333334));
#9067=CARTESIAN_POINT('Ctrl Pts',(-1.78440107675846,2.86471835143391E-15,
-13.075));
#9068=CARTESIAN_POINT('Ctrl Pts',(-1.33830080756884,-0.772668331506563,
-13.0166666666667));
#9069=CARTESIAN_POINT('Ctrl Pts',(-0.89220053837923,-1.54533666301313,-12.9583333333334));
#9070=CARTESIAN_POINT('Ctrl Pts',(-1.89249159796408E-16,-1.54533666301313,
-12.9));
#9071=CARTESIAN_POINT('Ctrl Pts',(0.892200538379229,-1.54533666301313,-12.8416666666667));
#9072=CARTESIAN_POINT('Ctrl Pts',(1.33830080756884,-0.772668331506564,-12.7833333333334));
#9073=CARTESIAN_POINT('Ctrl Pts',(1.78440107675846,2.42766613802444E-15,
-12.725));
#9074=CARTESIAN_POINT('Ctrl Pts',(1.33830080756885,0.772668331506568,-12.6666666666667));
#9075=CARTESIAN_POINT('Ctrl Pts',(0.892200538379231,1.54533666301313,-12.6083333333334));
#9076=CARTESIAN_POINT('Ctrl Pts',(0.,1.54533666301313,-12.55));
#9077=CARTESIAN_POINT('Ctrl Pts',(-0.89220053837923,1.54533666301313,-12.4916666666667));
#9078=CARTESIAN_POINT('Ctrl Pts',(-1.33830080756884,0.772668331506569,-12.4333333333334));
#9079=CARTESIAN_POINT('Ctrl Pts',(-1.78440107675846,2.86471835143391E-15,
-12.375));
#9080=CARTESIAN_POINT('Ctrl Pts',(-1.33830080756884,-0.772668331506563,
-12.3166666666667));
#9081=CARTESIAN_POINT('Ctrl Pts',(-0.89220053837923,-1.54533666301313,-12.2583333333334));
#9082=CARTESIAN_POINT('Ctrl Pts',(-1.89249159796408E-16,-1.54533666301313,
-12.2));
#9083=CARTESIAN_POINT('Ctrl Pts',(0.892200538379229,-1.54533666301313,-12.1416666666667));
#9084=CARTESIAN_POINT('Ctrl Pts',(1.33830080756884,-0.772668331506564,-12.0833333333334));
#9085=CARTESIAN_POINT('Ctrl Pts',(1.78440107675846,2.42766613802444E-15,
-12.025));
#9086=CARTESIAN_POINT('Ctrl Pts',(1.33830080756885,0.772668331506568,-11.9666666666667));
#9087=CARTESIAN_POINT('Ctrl Pts',(0.892200538379231,1.54533666301313,-11.9083333333334));
#9088=CARTESIAN_POINT('Ctrl Pts',(0.,1.54533666301313,-11.85));
#9089=CARTESIAN_POINT('Ctrl Pts',(-0.89220053837923,1.54533666301313,-11.7916666666667));
#9090=CARTESIAN_POINT('Ctrl Pts',(-1.33830080756884,0.772668331506569,-11.7333333333334));
#9091=CARTESIAN_POINT('Ctrl Pts',(-1.78440107675846,2.86471835143391E-15,
-11.675));
#9092=CARTESIAN_POINT('Ctrl Pts',(-1.33830080756884,-0.772668331506563,
-11.6166666666667));
#9093=CARTESIAN_POINT('Ctrl Pts',(-0.89220053837923,-1.54533666301313,-11.5583333333334));
#9094=CARTESIAN_POINT('Ctrl Pts',(-1.89249159796408E-16,-1.54533666301313,
-11.5));
#9095=CARTESIAN_POINT('Ctrl Pts',(0.892200538379229,-1.54533666301313,-11.4416666666667));
#9096=CARTESIAN_POINT('Ctrl Pts',(1.33830080756884,-0.772668331506564,-11.3833333333334));
#9097=CARTESIAN_POINT('Ctrl Pts',(1.78440107675846,2.42766613802444E-15,
-11.325));
#9098=CARTESIAN_POINT('Ctrl Pts',(1.33830080756885,0.772668331506568,-11.2666666666667));
#9099=CARTESIAN_POINT('Ctrl Pts',(0.892200538379231,1.54533666301313,-11.2083333333334));
#9100=CARTESIAN_POINT('Ctrl Pts',(0.,1.54533666301313,-11.15));
#9101=CARTESIAN_POINT('Ctrl Pts',(-0.89220053837923,1.54533666301313,-11.0916666666667));
#9102=CARTESIAN_POINT('Ctrl Pts',(-1.33830080756884,0.772668331506569,-11.0333333333334));
#9103=CARTESIAN_POINT('Ctrl Pts',(-1.78440107675846,2.86471835143391E-15,
-10.975));
#9104=CARTESIAN_POINT('Ctrl Pts',(-1.33830080756884,-0.772668331506563,
-10.9166666666667));
#9105=CARTESIAN_POINT('Ctrl Pts',(-0.89220053837923,-1.54533666301313,-10.8583333333334));
#9106=CARTESIAN_POINT('Ctrl Pts',(-1.89249159796408E-16,-1.54533666301313,
-10.8));
#9107=CARTESIAN_POINT('Ctrl Pts',(0.892200538379229,-1.54533666301313,-10.7416666666667));
#9108=CARTESIAN_POINT('Ctrl Pts',(1.33830080756884,-0.772668331506564,-10.6833333333334));
#9109=CARTESIAN_POINT('Ctrl Pts',(1.78440107675846,2.42766613802444E-15,
-10.625));
#9110=CARTESIAN_POINT('Ctrl Pts',(1.33830080756885,0.772668331506568,-10.5666666666667));
#9111=CARTESIAN_POINT('Ctrl Pts',(0.892200538379231,1.54533666301313,-10.5083333333334));
#9112=CARTESIAN_POINT('Ctrl Pts',(0.,1.54533666301313,-10.45));
#9113=CARTESIAN_POINT('Ctrl Pts',(-0.89220053837923,1.54533666301313,-10.3916666666667));
#9114=CARTESIAN_POINT('Ctrl Pts',(-1.33830080756884,0.772668331506569,-10.3333333333334));
#9115=CARTESIAN_POINT('Ctrl Pts',(-1.78440107675846,2.86471835143391E-15,
-10.275));
#9116=CARTESIAN_POINT('Ctrl Pts',(-1.33830080756884,-0.772668331506563,
-10.2166666666667));
#9117=CARTESIAN_POINT('Ctrl Pts',(-0.89220053837923,-1.54533666301313,-10.1583333333334));
#9118=CARTESIAN_POINT('Ctrl Pts',(-1.89249159796408E-16,-1.54533666301313,
-10.1));
#9119=CARTESIAN_POINT('Ctrl Pts',(0.892200538379229,-1.54533666301313,-10.0416666666667));
#9120=CARTESIAN_POINT('Ctrl Pts',(1.33830080756884,-0.772668331506564,-9.98333333333336));
#9121=CARTESIAN_POINT('Ctrl Pts',(1.78440107675846,2.42766613802444E-15,
-9.92500000000002));
#9122=CARTESIAN_POINT('Ctrl Pts',(1.33830080756885,0.772668331506568,-9.86666666666669));
#9123=CARTESIAN_POINT('Ctrl Pts',(0.892200538379231,1.54533666301313,-9.80833333333336));
#9124=CARTESIAN_POINT('Ctrl Pts',(0.,1.54533666301313,-9.75000000000002));
#9125=CARTESIAN_POINT('Ctrl Pts',(-0.89220053837923,1.54533666301313,-9.69166666666669));
#9126=CARTESIAN_POINT('Ctrl Pts',(-1.33830080756884,0.772668331506569,-9.63333333333336));
#9127=CARTESIAN_POINT('Ctrl Pts',(-1.78440107675846,2.86471835143391E-15,
-9.57500000000003));
#9128=CARTESIAN_POINT('Ctrl Pts',(-1.33830080756884,-0.772668331506563,
-9.51666666666669));
#9129=CARTESIAN_POINT('Ctrl Pts',(-0.89220053837923,-1.54533666301313,-9.45833333333336));
#9130=CARTESIAN_POINT('Ctrl Pts',(-1.89249159796408E-16,-1.54533666301313,
-9.40000000000002));
#9131=CARTESIAN_POINT('Ctrl Pts',(0.892200538379229,-1.54533666301313,-9.34166666666669));
#9132=CARTESIAN_POINT('Ctrl Pts',(1.33830080756884,-0.772668331506564,-9.28333333333336));
#9133=CARTESIAN_POINT('Ctrl Pts',(1.78440107675846,2.42766613802444E-15,
-9.22500000000002));
#9134=CARTESIAN_POINT('Ctrl Pts',(1.33830080756885,0.772668331506568,-9.16666666666669));
#9135=CARTESIAN_POINT('Ctrl Pts',(0.892200538379231,1.54533666301313,-9.10833333333336));
#9136=CARTESIAN_POINT('Ctrl Pts',(0.,1.54533666301313,-9.05000000000003));
#9137=CARTESIAN_POINT('Ctrl Pts',(-0.89220053837923,1.54533666301313,-8.99166666666669));
#9138=CARTESIAN_POINT('Ctrl Pts',(-1.33830080756884,0.772668331506569,-8.93333333333335));
#9139=CARTESIAN_POINT('Ctrl Pts',(-1.78440107675846,2.86471835143391E-15,
-8.87500000000002));
#9140=CARTESIAN_POINT('Ctrl Pts',(-1.33830080756884,-0.772668331506563,
-8.81666666666669));
#9141=CARTESIAN_POINT('Ctrl Pts',(-0.89220053837923,-1.54533666301313,-8.75833333333336));
#9142=CARTESIAN_POINT('Ctrl Pts',(-1.89249159796408E-16,-1.54533666301313,
-8.70000000000002));
#9143=CARTESIAN_POINT('Ctrl Pts',(0.892200538379229,-1.54533666301313,-8.64166666666669));
#9144=CARTESIAN_POINT('Ctrl Pts',(1.33830080756884,-0.772668331506564,-8.58333333333336));
#9145=CARTESIAN_POINT('Ctrl Pts',(1.78440107675846,2.42766613802444E-15,
-8.52500000000002));
#9146=CARTESIAN_POINT('Ctrl Pts',(1.33830080756885,0.772668331506568,-8.46666666666669));
#9147=CARTESIAN_POINT('Ctrl Pts',(0.892200538379231,1.54533666301313,-8.40833333333336));
#9148=CARTESIAN_POINT('Ctrl Pts',(0.,1.54533666301313,-8.35000000000002));
#9149=CARTESIAN_POINT('Ctrl Pts',(-0.89220053837923,1.54533666301313,-8.29166666666669));
#9150=CARTESIAN_POINT('Ctrl Pts',(-1.33830080756884,0.772668331506569,-8.23333333333336));
#9151=CARTESIAN_POINT('Ctrl Pts',(-1.78440107675846,2.86471835143391E-15,
-8.17500000000002));
#9152=CARTESIAN_POINT('Ctrl Pts',(-1.33830080756884,-0.772668331506563,
-8.11666666666669));
#9153=CARTESIAN_POINT('Ctrl Pts',(-0.89220053837923,-1.54533666301313,-8.05833333333336));
#9154=CARTESIAN_POINT('Ctrl Pts',(-1.89249159796408E-16,-1.54533666301313,
-8.00000000000002));
#9155=CARTESIAN_POINT('Ctrl Pts',(0.892200538379229,-1.54533666301313,-7.94166666666669));
#9156=CARTESIAN_POINT('Ctrl Pts',(1.33830080756884,-0.772668331506564,-7.88333333333336));
#9157=CARTESIAN_POINT('Ctrl Pts',(1.78440107675846,2.42766613802444E-15,
-7.82500000000002));
#9158=CARTESIAN_POINT('Ctrl Pts',(1.33830080756885,0.772668331506568,-7.76666666666669));
#9159=CARTESIAN_POINT('Ctrl Pts',(0.892200538379231,1.54533666301313,-7.70833333333336));
#9160=CARTESIAN_POINT('Ctrl Pts',(0.,1.54533666301313,-7.65000000000002));
#9161=CARTESIAN_POINT('Ctrl Pts',(-0.89220053837923,1.54533666301313,-7.59166666666669));
#9162=CARTESIAN_POINT('Ctrl Pts',(-1.33830080756884,0.772668331506569,-7.53333333333336));
#9163=CARTESIAN_POINT('Ctrl Pts',(-1.78440107675846,2.86471835143391E-15,
-7.47500000000002));
#9164=CARTESIAN_POINT('Ctrl Pts',(-1.33830080756884,-0.772668331506563,
-7.41666666666669));
#9165=CARTESIAN_POINT('Ctrl Pts',(-0.89220053837923,-1.54533666301313,-7.35833333333336));
#9166=CARTESIAN_POINT('Ctrl Pts',(-1.89249159796408E-16,-1.54533666301313,
-7.30000000000002));
#9167=CARTESIAN_POINT('Ctrl Pts',(0.892200538379229,-1.54533666301313,-7.24166666666669));
#9168=CARTESIAN_POINT('Ctrl Pts',(1.33830080756884,-0.772668331506564,-7.18333333333336));
#9169=CARTESIAN_POINT('Ctrl Pts',(1.78440107675846,2.42766613802444E-15,
-7.12500000000002));
#9170=CARTESIAN_POINT('Ctrl Pts',(1.33830080756885,0.772668331506568,-7.06666666666669));
#9171=CARTESIAN_POINT('Ctrl Pts',(0.892200538379231,1.54533666301313,-7.00833333333336));
#9172=CARTESIAN_POINT('Ctrl Pts',(0.,1.54533666301313,-6.95000000000003));
#9173=CARTESIAN_POINT('Ctrl Pts',(-0.89220053837923,1.54533666301313,-6.89166666666669));
#9174=CARTESIAN_POINT('Ctrl Pts',(-1.33830080756884,0.772668331506569,-6.83333333333336));
#9175=CARTESIAN_POINT('Ctrl Pts',(-1.78440107675846,2.86471835143391E-15,
-6.77500000000002));
#9176=CARTESIAN_POINT('Ctrl Pts',(-1.33830080756884,-0.772668331506563,
-6.71666666666669));
#9177=CARTESIAN_POINT('Ctrl Pts',(-0.89220053837923,-1.54533666301313,-6.65833333333336));
#9178=CARTESIAN_POINT('Ctrl Pts',(-1.89249159796408E-16,-1.54533666301313,
-6.60000000000002));
#9179=CARTESIAN_POINT('Ctrl Pts',(0.892200538379229,-1.54533666301313,-6.54166666666669));
#9180=CARTESIAN_POINT('Ctrl Pts',(1.33830080756884,-0.772668331506564,-6.48333333333336));
#9181=CARTESIAN_POINT('Ctrl Pts',(1.78440107675846,2.42766613802444E-15,
-6.42500000000002));
#9182=CARTESIAN_POINT('Ctrl Pts',(1.33830080756885,0.772668331506568,-6.36666666666669));
#9183=CARTESIAN_POINT('Ctrl Pts',(0.892200538379231,1.54533666301313,-6.30833333333336));
#9184=CARTESIAN_POINT('Ctrl Pts',(0.,1.54533666301313,-6.25000000000002));
#9185=CARTESIAN_POINT('Ctrl Pts',(-0.89220053837923,1.54533666301313,-6.19166666666669));
#9186=CARTESIAN_POINT('Ctrl Pts',(-1.33830080756884,0.772668331506569,-6.13333333333336));
#9187=CARTESIAN_POINT('Ctrl Pts',(-1.78440107675846,2.86471835143391E-15,
-6.07500000000002));
#9188=CARTESIAN_POINT('Ctrl Pts',(-1.33830080756884,-0.772668331506563,
-6.01666666666669));
#9189=CARTESIAN_POINT('Ctrl Pts',(-0.89220053837923,-1.54533666301313,-5.95833333333336));
#9190=CARTESIAN_POINT('Ctrl Pts',(-1.89249159796408E-16,-1.54533666301313,
-5.90000000000002));
#9191=CARTESIAN_POINT('Ctrl Pts',(0.892200538379229,-1.54533666301313,-5.84166666666669));
#9192=CARTESIAN_POINT('Ctrl Pts',(1.33830080756884,-0.772668331506564,-5.78333333333336));
#9193=CARTESIAN_POINT('Ctrl Pts',(1.78440107675846,2.42766613802444E-15,
-5.72500000000002));
#9194=CARTESIAN_POINT('Ctrl Pts',(1.33830080756885,0.772668331506568,-5.66666666666669));
#9195=CARTESIAN_POINT('Ctrl Pts',(0.892200538379231,1.54533666301313,-5.60833333333336));
#9196=CARTESIAN_POINT('Ctrl Pts',(0.,1.54533666301313,-5.55000000000002));
#9197=CARTESIAN_POINT('Ctrl Pts',(-0.89220053837923,1.54533666301313,-5.49166666666669));
#9198=CARTESIAN_POINT('Ctrl Pts',(-1.33830080756884,0.772668331506569,-5.43333333333336));
#9199=CARTESIAN_POINT('Ctrl Pts',(-1.78440107675846,2.86471835143391E-15,
-5.37500000000002));
#9200=CARTESIAN_POINT('Ctrl Pts',(-1.33830080756884,-0.772668331506563,
-5.31666666666669));
#9201=CARTESIAN_POINT('Ctrl Pts',(-0.89220053837923,-1.54533666301313,-5.25833333333336));
#9202=CARTESIAN_POINT('Ctrl Pts',(-1.89249159796408E-16,-1.54533666301313,
-5.20000000000002));
#9203=CARTESIAN_POINT('Ctrl Pts',(0.892200538379229,-1.54533666301313,-5.14166666666669));
#9204=CARTESIAN_POINT('Ctrl Pts',(1.33830080756884,-0.772668331506564,-5.08333333333336));
#9205=CARTESIAN_POINT('Ctrl Pts',(1.78440107675846,2.42766613802444E-15,
-5.02500000000002));
#9206=CARTESIAN_POINT('Ctrl Pts',(1.33830080756885,0.772668331506568,-4.96666666666669));
#9207=CARTESIAN_POINT('Ctrl Pts',(0.892200538379231,1.54533666301313,-4.90833333333336));
#9208=CARTESIAN_POINT('Ctrl Pts',(0.,1.54533666301313,-4.85000000000002));
#9209=CARTESIAN_POINT('Ctrl Pts',(-0.89220053837923,1.54533666301313,-4.79166666666669));
#9210=CARTESIAN_POINT('Ctrl Pts',(-1.33830080756884,0.772668331506569,-4.73333333333336));
#9211=CARTESIAN_POINT('Ctrl Pts',(-1.78440107675846,2.86471835143391E-15,
-4.67500000000002));
#9212=CARTESIAN_POINT('Ctrl Pts',(-1.33830080756884,-0.772668331506563,
-4.61666666666669));
#9213=CARTESIAN_POINT('Ctrl Pts',(-0.89220053837923,-1.54533666301313,-4.55833333333336));
#9214=CARTESIAN_POINT('Ctrl Pts',(-1.89249159796408E-16,-1.54533666301313,
-4.50000000000002));
#9215=CARTESIAN_POINT('Ctrl Pts',(0.892200538379229,-1.54533666301313,-4.44166666666669));
#9216=CARTESIAN_POINT('Ctrl Pts',(1.33830080756884,-0.772668331506564,-4.38333333333336));
#9217=CARTESIAN_POINT('Ctrl Pts',(1.78440107675846,2.42766613802444E-15,
-4.32500000000002));
#9218=CARTESIAN_POINT('Ctrl Pts',(1.33830080756885,0.772668331506568,-4.26666666666669));
#9219=CARTESIAN_POINT('Ctrl Pts',(0.892200538379231,1.54533666301313,-4.20833333333336));
#9220=CARTESIAN_POINT('Ctrl Pts',(0.,1.54533666301313,-4.15000000000002));
#9221=CARTESIAN_POINT('Ctrl Pts',(-0.89220053837923,1.54533666301313,-4.09166666666669));
#9222=CARTESIAN_POINT('Ctrl Pts',(-1.33830080756884,0.772668331506569,-4.03333333333336));
#9223=CARTESIAN_POINT('Ctrl Pts',(-1.78440107675846,2.86471835143391E-15,
-3.97500000000002));
#9224=CARTESIAN_POINT('Ctrl Pts',(-1.33830080756884,-0.772668331506563,
-3.91666666666669));
#9225=CARTESIAN_POINT('Ctrl Pts',(-0.89220053837923,-1.54533666301313,-3.85833333333336));
#9226=CARTESIAN_POINT('Ctrl Pts',(-1.89249159796408E-16,-1.54533666301313,
-3.80000000000002));
#9227=CARTESIAN_POINT('Ctrl Pts',(0.892200538379229,-1.54533666301313,-3.74166666666669));
#9228=CARTESIAN_POINT('Ctrl Pts',(1.33830080756884,-0.772668331506564,-3.68333333333336));
#9229=CARTESIAN_POINT('Ctrl Pts',(1.78440107675846,2.42766613802444E-15,
-3.62500000000002));
#9230=CARTESIAN_POINT('Ctrl Pts',(1.33830080756885,0.772668331506568,-3.56666666666669));
#9231=CARTESIAN_POINT('Ctrl Pts',(0.892200538379231,1.54533666301313,-3.50833333333336));
#9232=CARTESIAN_POINT('Ctrl Pts',(0.,1.54533666301313,-3.45000000000002));
#9233=CARTESIAN_POINT('Ctrl Pts',(-0.89220053837923,1.54533666301313,-3.39166666666669));
#9234=CARTESIAN_POINT('Ctrl Pts',(-1.33830080756884,0.772668331506569,-3.33333333333336));
#9235=CARTESIAN_POINT('Ctrl Pts',(-1.78440107675846,2.86471835143391E-15,
-3.27500000000002));
#9236=CARTESIAN_POINT('Ctrl Pts',(-1.33830080756884,-0.772668331506563,
-3.21666666666669));
#9237=CARTESIAN_POINT('Ctrl Pts',(-0.89220053837923,-1.54533666301313,-3.15833333333336));
#9238=CARTESIAN_POINT('Ctrl Pts',(-1.89249159796408E-16,-1.54533666301313,
-3.10000000000002));
#9239=CARTESIAN_POINT('Ctrl Pts',(0.892200538379229,-1.54533666301313,-3.04166666666669));
#9240=CARTESIAN_POINT('Ctrl Pts',(1.33830080756884,-0.772668331506564,-2.98333333333336));
#9241=CARTESIAN_POINT('Ctrl Pts',(1.78440107675846,2.42766613802444E-15,
-2.92500000000002));
#9242=CARTESIAN_POINT('Ctrl Pts',(1.33830080756885,0.772668331506568,-2.86666666666669));
#9243=CARTESIAN_POINT('Ctrl Pts',(0.892200538379231,1.54533666301313,-2.80833333333336));
#9244=CARTESIAN_POINT('Ctrl Pts',(0.,1.54533666301313,-2.75000000000002));
#9245=CARTESIAN_POINT('Ctrl Pts',(-0.89220053837923,1.54533666301313,-2.69166666666669));
#9246=CARTESIAN_POINT('Ctrl Pts',(-1.33830080756884,0.772668331506569,-2.63333333333336));
#9247=CARTESIAN_POINT('Ctrl Pts',(-1.78440107675846,2.86471835143391E-15,
-2.57500000000002));
#9248=CARTESIAN_POINT('Ctrl Pts',(-1.33830080756884,-0.772668331506563,
-2.51666666666669));
#9249=CARTESIAN_POINT('Ctrl Pts',(-0.89220053837923,-1.54533666301313,-2.45833333333336));
#9250=CARTESIAN_POINT('Ctrl Pts',(-1.89249159796408E-16,-1.54533666301313,
-2.40000000000002));
#9251=CARTESIAN_POINT('Ctrl Pts',(0.892200538379229,-1.54533666301313,-2.34166666666669));
#9252=CARTESIAN_POINT('Ctrl Pts',(1.33830080756884,-0.772668331506564,-2.28333333333336));
#9253=CARTESIAN_POINT('Ctrl Pts',(1.78440107675846,2.42766613802444E-15,
-2.22500000000002));
#9254=CARTESIAN_POINT('Ctrl Pts',(1.33830080756885,0.772668331506568,-2.16666666666669));
#9255=CARTESIAN_POINT('Ctrl Pts',(0.892200538379231,1.54533666301313,-2.10833333333336));
#9256=CARTESIAN_POINT('Ctrl Pts',(0.,1.54533666301313,-2.05000000000002));
#9257=CARTESIAN_POINT('Ctrl Pts',(0.,2.03788861141555,-15.634375));
#9258=CARTESIAN_POINT('Ctrl Pts',(-1.17657553837924,2.03788861141555,-15.5760416666667));
#9259=CARTESIAN_POINT('Ctrl Pts',(-1.76486330756886,1.01894430570778,-15.5177083333334));
#9260=CARTESIAN_POINT('Ctrl Pts',(-2.35315107675848,2.89954424478467E-15,
-15.459375));
#9261=CARTESIAN_POINT('Ctrl Pts',(-1.76486330756886,-1.01894430570777,-15.4010416666667));
#9262=CARTESIAN_POINT('Ctrl Pts',(-1.17657553837924,-2.03788861141555,-15.3427083333334));
#9263=CARTESIAN_POINT('Ctrl Pts',(-2.4956937649889E-16,-2.03788861141555,
-15.284375));
#9264=CARTESIAN_POINT('Ctrl Pts',(1.17657553837924,-2.03788861141555,-15.2260416666667));
#9265=CARTESIAN_POINT('Ctrl Pts',(1.76486330756886,-1.01894430570777,-15.1677083333334));
#9266=CARTESIAN_POINT('Ctrl Pts',(2.35315107675848,2.32318845797218E-15,
-15.109375));
#9267=CARTESIAN_POINT('Ctrl Pts',(1.76486330756886,1.01894430570778,-15.0510416666667));
#9268=CARTESIAN_POINT('Ctrl Pts',(1.17657553837924,2.03788861141555,-14.9927083333334));
#9269=CARTESIAN_POINT('Ctrl Pts',(0.,2.03788861141555,-14.934375));
#9270=CARTESIAN_POINT('Ctrl Pts',(-1.17657553837924,2.03788861141555,-14.8760416666667));
#9271=CARTESIAN_POINT('Ctrl Pts',(-1.76486330756886,1.01894430570778,-14.8177083333334));
#9272=CARTESIAN_POINT('Ctrl Pts',(-2.35315107675848,2.89954424478467E-15,
-14.759375));
#9273=CARTESIAN_POINT('Ctrl Pts',(-1.76486330756886,-1.01894430570777,-14.7010416666667));
#9274=CARTESIAN_POINT('Ctrl Pts',(-1.17657553837924,-2.03788861141555,-14.6427083333334));
#9275=CARTESIAN_POINT('Ctrl Pts',(-2.4956937649889E-16,-2.03788861141555,
-14.584375));
#9276=CARTESIAN_POINT('Ctrl Pts',(1.17657553837924,-2.03788861141555,-14.5260416666667));
#9277=CARTESIAN_POINT('Ctrl Pts',(1.76486330756886,-1.01894430570777,-14.4677083333334));
#9278=CARTESIAN_POINT('Ctrl Pts',(2.35315107675848,2.32318845797218E-15,
-14.409375));
#9279=CARTESIAN_POINT('Ctrl Pts',(1.76486330756886,1.01894430570778,-14.3510416666667));
#9280=CARTESIAN_POINT('Ctrl Pts',(1.17657553837924,2.03788861141555,-14.2927083333334));
#9281=CARTESIAN_POINT('Ctrl Pts',(0.,2.03788861141555,-14.234375));
#9282=CARTESIAN_POINT('Ctrl Pts',(-1.17657553837924,2.03788861141555,-14.1760416666667));
#9283=CARTESIAN_POINT('Ctrl Pts',(-1.76486330756886,1.01894430570778,-14.1177083333334));
#9284=CARTESIAN_POINT('Ctrl Pts',(-2.35315107675848,2.89954424478467E-15,
-14.059375));
#9285=CARTESIAN_POINT('Ctrl Pts',(-1.76486330756886,-1.01894430570777,-14.0010416666667));
#9286=CARTESIAN_POINT('Ctrl Pts',(-1.17657553837924,-2.03788861141555,-13.9427083333334));
#9287=CARTESIAN_POINT('Ctrl Pts',(-2.4956937649889E-16,-2.03788861141555,
-13.884375));
#9288=CARTESIAN_POINT('Ctrl Pts',(1.17657553837924,-2.03788861141555,-13.8260416666667));
#9289=CARTESIAN_POINT('Ctrl Pts',(1.76486330756886,-1.01894430570777,-13.7677083333334));
#9290=CARTESIAN_POINT('Ctrl Pts',(2.35315107675848,2.32318845797218E-15,
-13.709375));
#9291=CARTESIAN_POINT('Ctrl Pts',(1.76486330756886,1.01894430570778,-13.6510416666667));
#9292=CARTESIAN_POINT('Ctrl Pts',(1.17657553837924,2.03788861141555,-13.5927083333334));
#9293=CARTESIAN_POINT('Ctrl Pts',(0.,2.03788861141555,-13.534375));
#9294=CARTESIAN_POINT('Ctrl Pts',(-1.17657553837924,2.03788861141555,-13.4760416666667));
#9295=CARTESIAN_POINT('Ctrl Pts',(-1.76486330756886,1.01894430570778,-13.4177083333334));
#9296=CARTESIAN_POINT('Ctrl Pts',(-2.35315107675848,2.89954424478467E-15,
-13.359375));
#9297=CARTESIAN_POINT('Ctrl Pts',(-1.76486330756886,-1.01894430570777,-13.3010416666667));
#9298=CARTESIAN_POINT('Ctrl Pts',(-1.17657553837924,-2.03788861141555,-13.2427083333334));
#9299=CARTESIAN_POINT('Ctrl Pts',(-2.4956937649889E-16,-2.03788861141555,
-13.184375));
#9300=CARTESIAN_POINT('Ctrl Pts',(1.17657553837924,-2.03788861141555,-13.1260416666667));
#9301=CARTESIAN_POINT('Ctrl Pts',(1.76486330756886,-1.01894430570777,-13.0677083333334));
#9302=CARTESIAN_POINT('Ctrl Pts',(2.35315107675848,2.32318845797218E-15,
-13.009375));
#9303=CARTESIAN_POINT('Ctrl Pts',(1.76486330756886,1.01894430570778,-12.9510416666667));
#9304=CARTESIAN_POINT('Ctrl Pts',(1.17657553837924,2.03788861141555,-12.8927083333334));
#9305=CARTESIAN_POINT('Ctrl Pts',(0.,2.03788861141555,-12.834375));
#9306=CARTESIAN_POINT('Ctrl Pts',(-1.17657553837924,2.03788861141555,-12.7760416666667));
#9307=CARTESIAN_POINT('Ctrl Pts',(-1.76486330756886,1.01894430570778,-12.7177083333334));
#9308=CARTESIAN_POINT('Ctrl Pts',(-2.35315107675848,2.89954424478467E-15,
-12.659375));
#9309=CARTESIAN_POINT('Ctrl Pts',(-1.76486330756886,-1.01894430570777,-12.6010416666667));
#9310=CARTESIAN_POINT('Ctrl Pts',(-1.17657553837924,-2.03788861141555,-12.5427083333334));
#9311=CARTESIAN_POINT('Ctrl Pts',(-2.4956937649889E-16,-2.03788861141555,
-12.484375));
#9312=CARTESIAN_POINT('Ctrl Pts',(1.17657553837924,-2.03788861141555,-12.4260416666667));
#9313=CARTESIAN_POINT('Ctrl Pts',(1.76486330756886,-1.01894430570777,-12.3677083333334));
#9314=CARTESIAN_POINT('Ctrl Pts',(2.35315107675848,2.32318845797218E-15,
-12.309375));
#9315=CARTESIAN_POINT('Ctrl Pts',(1.76486330756886,1.01894430570778,-12.2510416666667));
#9316=CARTESIAN_POINT('Ctrl Pts',(1.17657553837924,2.03788861141555,-12.1927083333334));
#9317=CARTESIAN_POINT('Ctrl Pts',(0.,2.03788861141555,-12.134375));
#9318=CARTESIAN_POINT('Ctrl Pts',(-1.17657553837924,2.03788861141555,-12.0760416666667));
#9319=CARTESIAN_POINT('Ctrl Pts',(-1.76486330756886,1.01894430570778,-12.0177083333334));
#9320=CARTESIAN_POINT('Ctrl Pts',(-2.35315107675848,2.89954424478467E-15,
-11.959375));
#9321=CARTESIAN_POINT('Ctrl Pts',(-1.76486330756886,-1.01894430570777,-11.9010416666667));
#9322=CARTESIAN_POINT('Ctrl Pts',(-1.17657553837924,-2.03788861141555,-11.8427083333334));
#9323=CARTESIAN_POINT('Ctrl Pts',(-2.4956937649889E-16,-2.03788861141555,
-11.784375));
#9324=CARTESIAN_POINT('Ctrl Pts',(1.17657553837924,-2.03788861141555,-11.7260416666667));
#9325=CARTESIAN_POINT('Ctrl Pts',(1.76486330756886,-1.01894430570777,-11.6677083333334));
#9326=CARTESIAN_POINT('Ctrl Pts',(2.35315107675848,2.32318845797218E-15,
-11.609375));
#9327=CARTESIAN_POINT('Ctrl Pts',(1.76486330756886,1.01894430570778,-11.5510416666667));
#9328=CARTESIAN_POINT('Ctrl Pts',(1.17657553837924,2.03788861141555,-11.4927083333334));
#9329=CARTESIAN_POINT('Ctrl Pts',(0.,2.03788861141555,-11.434375));
#9330=CARTESIAN_POINT('Ctrl Pts',(-1.17657553837924,2.03788861141555,-11.3760416666667));
#9331=CARTESIAN_POINT('Ctrl Pts',(-1.76486330756886,1.01894430570778,-11.3177083333334));
#9332=CARTESIAN_POINT('Ctrl Pts',(-2.35315107675848,2.89954424478467E-15,
-11.259375));
#9333=CARTESIAN_POINT('Ctrl Pts',(-1.76486330756886,-1.01894430570777,-11.2010416666667));
#9334=CARTESIAN_POINT('Ctrl Pts',(-1.17657553837924,-2.03788861141555,-11.1427083333334));
#9335=CARTESIAN_POINT('Ctrl Pts',(-2.4956937649889E-16,-2.03788861141555,
-11.084375));
#9336=CARTESIAN_POINT('Ctrl Pts',(1.17657553837924,-2.03788861141555,-11.0260416666667));
#9337=CARTESIAN_POINT('Ctrl Pts',(1.76486330756886,-1.01894430570777,-10.9677083333334));
#9338=CARTESIAN_POINT('Ctrl Pts',(2.35315107675848,2.32318845797218E-15,
-10.909375));
#9339=CARTESIAN_POINT('Ctrl Pts',(1.76486330756886,1.01894430570778,-10.8510416666667));
#9340=CARTESIAN_POINT('Ctrl Pts',(1.17657553837924,2.03788861141555,-10.7927083333334));
#9341=CARTESIAN_POINT('Ctrl Pts',(0.,2.03788861141555,-10.734375));
#9342=CARTESIAN_POINT('Ctrl Pts',(-1.17657553837924,2.03788861141555,-10.6760416666667));
#9343=CARTESIAN_POINT('Ctrl Pts',(-1.76486330756886,1.01894430570778,-10.6177083333334));
#9344=CARTESIAN_POINT('Ctrl Pts',(-2.35315107675848,2.89954424478467E-15,
-10.559375));
#9345=CARTESIAN_POINT('Ctrl Pts',(-1.76486330756886,-1.01894430570777,-10.5010416666667));
#9346=CARTESIAN_POINT('Ctrl Pts',(-1.17657553837924,-2.03788861141555,-10.4427083333334));
#9347=CARTESIAN_POINT('Ctrl Pts',(-2.4956937649889E-16,-2.03788861141555,
-10.384375));
#9348=CARTESIAN_POINT('Ctrl Pts',(1.17657553837924,-2.03788861141555,-10.3260416666667));
#9349=CARTESIAN_POINT('Ctrl Pts',(1.76486330756886,-1.01894430570777,-10.2677083333334));
#9350=CARTESIAN_POINT('Ctrl Pts',(2.35315107675848,2.32318845797218E-15,
-10.209375));
#9351=CARTESIAN_POINT('Ctrl Pts',(1.76486330756886,1.01894430570778,-10.1510416666667));
#9352=CARTESIAN_POINT('Ctrl Pts',(1.17657553837924,2.03788861141555,-10.0927083333334));
#9353=CARTESIAN_POINT('Ctrl Pts',(0.,2.03788861141555,-10.034375));
#9354=CARTESIAN_POINT('Ctrl Pts',(-1.17657553837924,2.03788861141555,-9.9760416666667));
#9355=CARTESIAN_POINT('Ctrl Pts',(-1.76486330756886,1.01894430570778,-9.91770833333337));
#9356=CARTESIAN_POINT('Ctrl Pts',(-2.35315107675848,2.89954424478467E-15,
-9.85937500000004));
#9357=CARTESIAN_POINT('Ctrl Pts',(-1.76486330756886,-1.01894430570777,-9.8010416666667));
#9358=CARTESIAN_POINT('Ctrl Pts',(-1.17657553837924,-2.03788861141555,-9.74270833333337));
#9359=CARTESIAN_POINT('Ctrl Pts',(-2.4956937649889E-16,-2.03788861141555,
-9.68437500000003));
#9360=CARTESIAN_POINT('Ctrl Pts',(1.17657553837924,-2.03788861141555,-9.6260416666667));
#9361=CARTESIAN_POINT('Ctrl Pts',(1.76486330756886,-1.01894430570777,-9.56770833333337));
#9362=CARTESIAN_POINT('Ctrl Pts',(2.35315107675848,2.32318845797218E-15,
-9.50937500000003));
#9363=CARTESIAN_POINT('Ctrl Pts',(1.76486330756886,1.01894430570778,-9.4510416666667));
#9364=CARTESIAN_POINT('Ctrl Pts',(1.17657553837924,2.03788861141555,-9.39270833333337));
#9365=CARTESIAN_POINT('Ctrl Pts',(0.,2.03788861141555,-9.33437500000003));
#9366=CARTESIAN_POINT('Ctrl Pts',(-1.17657553837924,2.03788861141555,-9.2760416666667));
#9367=CARTESIAN_POINT('Ctrl Pts',(-1.76486330756886,1.01894430570778,-9.21770833333337));
#9368=CARTESIAN_POINT('Ctrl Pts',(-2.35315107675848,2.89954424478467E-15,
-9.15937500000003));
#9369=CARTESIAN_POINT('Ctrl Pts',(-1.76486330756886,-1.01894430570777,-9.1010416666667));
#9370=CARTESIAN_POINT('Ctrl Pts',(-1.17657553837924,-2.03788861141555,-9.04270833333337));
#9371=CARTESIAN_POINT('Ctrl Pts',(-2.4956937649889E-16,-2.03788861141555,
-8.98437500000003));
#9372=CARTESIAN_POINT('Ctrl Pts',(1.17657553837924,-2.03788861141555,-8.9260416666667));
#9373=CARTESIAN_POINT('Ctrl Pts',(1.76486330756886,-1.01894430570777,-8.86770833333337));
#9374=CARTESIAN_POINT('Ctrl Pts',(2.35315107675848,2.32318845797218E-15,
-8.80937500000003));
#9375=CARTESIAN_POINT('Ctrl Pts',(1.76486330756886,1.01894430570778,-8.7510416666667));
#9376=CARTESIAN_POINT('Ctrl Pts',(1.17657553837924,2.03788861141555,-8.69270833333337));
#9377=CARTESIAN_POINT('Ctrl Pts',(0.,2.03788861141555,-8.63437500000003));
#9378=CARTESIAN_POINT('Ctrl Pts',(-1.17657553837924,2.03788861141555,-8.5760416666667));
#9379=CARTESIAN_POINT('Ctrl Pts',(-1.76486330756886,1.01894430570778,-8.51770833333337));
#9380=CARTESIAN_POINT('Ctrl Pts',(-2.35315107675848,2.89954424478467E-15,
-8.45937500000003));
#9381=CARTESIAN_POINT('Ctrl Pts',(-1.76486330756886,-1.01894430570777,-8.4010416666667));
#9382=CARTESIAN_POINT('Ctrl Pts',(-1.17657553837924,-2.03788861141555,-8.34270833333337));
#9383=CARTESIAN_POINT('Ctrl Pts',(-2.4956937649889E-16,-2.03788861141555,
-8.28437500000003));
#9384=CARTESIAN_POINT('Ctrl Pts',(1.17657553837924,-2.03788861141555,-8.2260416666667));
#9385=CARTESIAN_POINT('Ctrl Pts',(1.76486330756886,-1.01894430570777,-8.16770833333337));
#9386=CARTESIAN_POINT('Ctrl Pts',(2.35315107675848,2.32318845797218E-15,
-8.10937500000003));
#9387=CARTESIAN_POINT('Ctrl Pts',(1.76486330756886,1.01894430570778,-8.0510416666667));
#9388=CARTESIAN_POINT('Ctrl Pts',(1.17657553837924,2.03788861141555,-7.99270833333337));
#9389=CARTESIAN_POINT('Ctrl Pts',(0.,2.03788861141555,-7.93437500000003));
#9390=CARTESIAN_POINT('Ctrl Pts',(-1.17657553837924,2.03788861141555,-7.8760416666667));
#9391=CARTESIAN_POINT('Ctrl Pts',(-1.76486330756886,1.01894430570778,-7.81770833333337));
#9392=CARTESIAN_POINT('Ctrl Pts',(-2.35315107675848,2.89954424478467E-15,
-7.75937500000003));
#9393=CARTESIAN_POINT('Ctrl Pts',(-1.76486330756886,-1.01894430570777,-7.7010416666667));
#9394=CARTESIAN_POINT('Ctrl Pts',(-1.17657553837924,-2.03788861141555,-7.64270833333337));
#9395=CARTESIAN_POINT('Ctrl Pts',(-2.4956937649889E-16,-2.03788861141555,
-7.58437500000003));
#9396=CARTESIAN_POINT('Ctrl Pts',(1.17657553837924,-2.03788861141555,-7.5260416666667));
#9397=CARTESIAN_POINT('Ctrl Pts',(1.76486330756886,-1.01894430570777,-7.46770833333337));
#9398=CARTESIAN_POINT('Ctrl Pts',(2.35315107675848,2.32318845797218E-15,
-7.40937500000003));
#9399=CARTESIAN_POINT('Ctrl Pts',(1.76486330756886,1.01894430570778,-7.3510416666667));
#9400=CARTESIAN_POINT('Ctrl Pts',(1.17657553837924,2.03788861141555,-7.29270833333337));
#9401=CARTESIAN_POINT('Ctrl Pts',(0.,2.03788861141555,-7.23437500000003));
#9402=CARTESIAN_POINT('Ctrl Pts',(-1.17657553837924,2.03788861141555,-7.1760416666667));
#9403=CARTESIAN_POINT('Ctrl Pts',(-1.76486330756886,1.01894430570778,-7.11770833333337));
#9404=CARTESIAN_POINT('Ctrl Pts',(-2.35315107675848,2.89954424478467E-15,
-7.05937500000003));
#9405=CARTESIAN_POINT('Ctrl Pts',(-1.76486330756886,-1.01894430570777,-7.0010416666667));
#9406=CARTESIAN_POINT('Ctrl Pts',(-1.17657553837924,-2.03788861141555,-6.94270833333337));
#9407=CARTESIAN_POINT('Ctrl Pts',(-2.4956937649889E-16,-2.03788861141555,
-6.88437500000004));
#9408=CARTESIAN_POINT('Ctrl Pts',(1.17657553837924,-2.03788861141555,-6.8260416666667));
#9409=CARTESIAN_POINT('Ctrl Pts',(1.76486330756886,-1.01894430570777,-6.76770833333337));
#9410=CARTESIAN_POINT('Ctrl Pts',(2.35315107675848,2.32318845797218E-15,
-6.70937500000003));
#9411=CARTESIAN_POINT('Ctrl Pts',(1.76486330756886,1.01894430570778,-6.6510416666667));
#9412=CARTESIAN_POINT('Ctrl Pts',(1.17657553837924,2.03788861141555,-6.59270833333337));
#9413=CARTESIAN_POINT('Ctrl Pts',(0.,2.03788861141555,-6.53437500000003));
#9414=CARTESIAN_POINT('Ctrl Pts',(-1.17657553837924,2.03788861141555,-6.4760416666667));
#9415=CARTESIAN_POINT('Ctrl Pts',(-1.76486330756886,1.01894430570778,-6.41770833333337));
#9416=CARTESIAN_POINT('Ctrl Pts',(-2.35315107675848,2.89954424478467E-15,
-6.35937500000003));
#9417=CARTESIAN_POINT('Ctrl Pts',(-1.76486330756886,-1.01894430570777,-6.3010416666667));
#9418=CARTESIAN_POINT('Ctrl Pts',(-1.17657553837924,-2.03788861141555,-6.24270833333337));
#9419=CARTESIAN_POINT('Ctrl Pts',(-2.4956937649889E-16,-2.03788861141555,
-6.18437500000003));
#9420=CARTESIAN_POINT('Ctrl Pts',(1.17657553837924,-2.03788861141555,-6.1260416666667));
#9421=CARTESIAN_POINT('Ctrl Pts',(1.76486330756886,-1.01894430570777,-6.06770833333337));
#9422=CARTESIAN_POINT('Ctrl Pts',(2.35315107675848,2.32318845797218E-15,
-6.00937500000003));
#9423=CARTESIAN_POINT('Ctrl Pts',(1.76486330756886,1.01894430570778,-5.9510416666667));
#9424=CARTESIAN_POINT('Ctrl Pts',(1.17657553837924,2.03788861141555,-5.89270833333337));
#9425=CARTESIAN_POINT('Ctrl Pts',(0.,2.03788861141555,-5.83437500000004));
#9426=CARTESIAN_POINT('Ctrl Pts',(-1.17657553837924,2.03788861141555,-5.7760416666667));
#9427=CARTESIAN_POINT('Ctrl Pts',(-1.76486330756886,1.01894430570778,-5.71770833333337));
#9428=CARTESIAN_POINT('Ctrl Pts',(-2.35315107675848,2.89954424478467E-15,
-5.65937500000003));
#9429=CARTESIAN_POINT('Ctrl Pts',(-1.76486330756886,-1.01894430570777,-5.6010416666667));
#9430=CARTESIAN_POINT('Ctrl Pts',(-1.17657553837924,-2.03788861141555,-5.54270833333337));
#9431=CARTESIAN_POINT('Ctrl Pts',(-2.4956937649889E-16,-2.03788861141555,
-5.48437500000003));
#9432=CARTESIAN_POINT('Ctrl Pts',(1.17657553837924,-2.03788861141555,-5.4260416666667));
#9433=CARTESIAN_POINT('Ctrl Pts',(1.76486330756886,-1.01894430570777,-5.36770833333337));
#9434=CARTESIAN_POINT('Ctrl Pts',(2.35315107675848,2.32318845797218E-15,
-5.30937500000003));
#9435=CARTESIAN_POINT('Ctrl Pts',(1.76486330756886,1.01894430570778,-5.2510416666667));
#9436=CARTESIAN_POINT('Ctrl Pts',(1.17657553837924,2.03788861141555,-5.19270833333337));
#9437=CARTESIAN_POINT('Ctrl Pts',(0.,2.03788861141555,-5.13437500000003));
#9438=CARTESIAN_POINT('Ctrl Pts',(-1.17657553837924,2.03788861141555,-5.0760416666667));
#9439=CARTESIAN_POINT('Ctrl Pts',(-1.76486330756886,1.01894430570778,-5.01770833333337));
#9440=CARTESIAN_POINT('Ctrl Pts',(-2.35315107675848,2.89954424478467E-15,
-4.95937500000003));
#9441=CARTESIAN_POINT('Ctrl Pts',(-1.76486330756886,-1.01894430570777,-4.9010416666667));
#9442=CARTESIAN_POINT('Ctrl Pts',(-1.17657553837924,-2.03788861141555,-4.84270833333337));
#9443=CARTESIAN_POINT('Ctrl Pts',(-2.4956937649889E-16,-2.03788861141555,
-4.78437500000003));
#9444=CARTESIAN_POINT('Ctrl Pts',(1.17657553837924,-2.03788861141555,-4.7260416666667));
#9445=CARTESIAN_POINT('Ctrl Pts',(1.76486330756886,-1.01894430570777,-4.66770833333337));
#9446=CARTESIAN_POINT('Ctrl Pts',(2.35315107675848,2.32318845797218E-15,
-4.60937500000003));
#9447=CARTESIAN_POINT('Ctrl Pts',(1.76486330756886,1.01894430570778,-4.5510416666667));
#9448=CARTESIAN_POINT('Ctrl Pts',(1.17657553837924,2.03788861141555,-4.49270833333337));
#9449=CARTESIAN_POINT('Ctrl Pts',(0.,2.03788861141555,-4.43437500000003));
#9450=CARTESIAN_POINT('Ctrl Pts',(-1.17657553837924,2.03788861141555,-4.3760416666667));
#9451=CARTESIAN_POINT('Ctrl Pts',(-1.76486330756886,1.01894430570778,-4.31770833333337));
#9452=CARTESIAN_POINT('Ctrl Pts',(-2.35315107675848,2.89954424478467E-15,
-4.25937500000003));
#9453=CARTESIAN_POINT('Ctrl Pts',(-1.76486330756886,-1.01894430570777,-4.2010416666667));
#9454=CARTESIAN_POINT('Ctrl Pts',(-1.17657553837924,-2.03788861141555,-4.14270833333337));
#9455=CARTESIAN_POINT('Ctrl Pts',(-2.4956937649889E-16,-2.03788861141555,
-4.08437500000003));
#9456=CARTESIAN_POINT('Ctrl Pts',(1.17657553837924,-2.03788861141555,-4.0260416666667));
#9457=CARTESIAN_POINT('Ctrl Pts',(1.76486330756886,-1.01894430570777,-3.96770833333337));
#9458=CARTESIAN_POINT('Ctrl Pts',(2.35315107675848,2.32318845797218E-15,
-3.90937500000003));
#9459=CARTESIAN_POINT('Ctrl Pts',(1.76486330756886,1.01894430570778,-3.8510416666667));
#9460=CARTESIAN_POINT('Ctrl Pts',(1.17657553837924,2.03788861141555,-3.79270833333337));
#9461=CARTESIAN_POINT('Ctrl Pts',(0.,2.03788861141555,-3.73437500000003));
#9462=CARTESIAN_POINT('Ctrl Pts',(-1.17657553837924,2.03788861141555,-3.6760416666667));
#9463=CARTESIAN_POINT('Ctrl Pts',(-1.76486330756886,1.01894430570778,-3.61770833333337));
#9464=CARTESIAN_POINT('Ctrl Pts',(-2.35315107675848,2.89954424478467E-15,
-3.55937500000003));
#9465=CARTESIAN_POINT('Ctrl Pts',(-1.76486330756886,-1.01894430570777,-3.5010416666667));
#9466=CARTESIAN_POINT('Ctrl Pts',(-1.17657553837924,-2.03788861141555,-3.44270833333337));
#9467=CARTESIAN_POINT('Ctrl Pts',(-2.4956937649889E-16,-2.03788861141555,
-3.38437500000003));
#9468=CARTESIAN_POINT('Ctrl Pts',(1.17657553837924,-2.03788861141555,-3.3260416666667));
#9469=CARTESIAN_POINT('Ctrl Pts',(1.76486330756886,-1.01894430570777,-3.26770833333337));
#9470=CARTESIAN_POINT('Ctrl Pts',(2.35315107675848,2.32318845797218E-15,
-3.20937500000003));
#9471=CARTESIAN_POINT('Ctrl Pts',(1.76486330756886,1.01894430570778,-3.1510416666667));
#9472=CARTESIAN_POINT('Ctrl Pts',(1.17657553837924,2.03788861141555,-3.09270833333337));
#9473=CARTESIAN_POINT('Ctrl Pts',(0.,2.03788861141555,-3.03437500000003));
#9474=CARTESIAN_POINT('Ctrl Pts',(-1.17657553837924,2.03788861141555,-2.9760416666667));
#9475=CARTESIAN_POINT('Ctrl Pts',(-1.76486330756886,1.01894430570778,-2.91770833333337));
#9476=CARTESIAN_POINT('Ctrl Pts',(-2.35315107675848,2.89954424478467E-15,
-2.85937500000003));
#9477=CARTESIAN_POINT('Ctrl Pts',(-1.76486330756886,-1.01894430570777,-2.8010416666667));
#9478=CARTESIAN_POINT('Ctrl Pts',(-1.17657553837924,-2.03788861141555,-2.74270833333337));
#9479=CARTESIAN_POINT('Ctrl Pts',(-2.4956937649889E-16,-2.03788861141555,
-2.68437500000003));
#9480=CARTESIAN_POINT('Ctrl Pts',(1.17657553837924,-2.03788861141555,-2.6260416666667));
#9481=CARTESIAN_POINT('Ctrl Pts',(1.76486330756886,-1.01894430570777,-2.56770833333337));
#9482=CARTESIAN_POINT('Ctrl Pts',(2.35315107675848,2.32318845797218E-15,
-2.50937500000003));
#9483=CARTESIAN_POINT('Ctrl Pts',(1.76486330756886,1.01894430570778,-2.4510416666667));
#9484=CARTESIAN_POINT('Ctrl Pts',(1.17657553837924,2.03788861141555,-2.39270833333337));
#9485=CARTESIAN_POINT('Ctrl Pts',(0.,2.03788861141555,-2.33437500000003));
#9486=CARTESIAN_POINT('',(0.,1.79161263721434,-2.19218750000003));
#9487=CARTESIAN_POINT('Origin',(2.08166817117217E-16,1.66533453693773E-15,
-15.30625));
#9488=CARTESIAN_POINT('Ctrl Pts',(0.,2.03788861141555,-14.978125));
#9489=CARTESIAN_POINT('Ctrl Pts',(-1.17657553837924,2.03788861141555,-14.9197916666667));
#9490=CARTESIAN_POINT('Ctrl Pts',(-1.76486330756886,1.01894430570778,-14.8614583333333));
#9491=CARTESIAN_POINT('Ctrl Pts',(-2.35315107675848,2.89954424478467E-15,
-14.803125));
#9492=CARTESIAN_POINT('Ctrl Pts',(-1.76486330756886,-1.01894430570777,-14.7447916666667));
#9493=CARTESIAN_POINT('Ctrl Pts',(-1.17657553837924,-2.03788861141555,-14.6864583333333));
#9494=CARTESIAN_POINT('Ctrl Pts',(-2.4956937649889E-16,-2.03788861141555,
-14.628125));
#9495=CARTESIAN_POINT('Ctrl Pts',(1.17657553837924,-2.03788861141555,-14.5697916666667));
#9496=CARTESIAN_POINT('Ctrl Pts',(1.76486330756886,-1.01894430570777,-14.5114583333333));
#9497=CARTESIAN_POINT('Ctrl Pts',(2.35315107675848,2.32318845797218E-15,
-14.453125));
#9498=CARTESIAN_POINT('Ctrl Pts',(1.76486330756886,1.01894430570778,-14.3947916666667));
#9499=CARTESIAN_POINT('Ctrl Pts',(1.17657553837924,2.03788861141555,-14.3364583333333));
#9500=CARTESIAN_POINT('Ctrl Pts',(0.,2.03788861141555,-14.278125));
#9501=CARTESIAN_POINT('Ctrl Pts',(-1.17657553837924,2.03788861141555,-14.2197916666667));
#9502=CARTESIAN_POINT('Ctrl Pts',(-1.76486330756886,1.01894430570778,-14.1614583333333));
#9503=CARTESIAN_POINT('Ctrl Pts',(-2.35315107675848,2.89954424478467E-15,
-14.103125));
#9504=CARTESIAN_POINT('Ctrl Pts',(-1.76486330756886,-1.01894430570777,-14.0447916666667));
#9505=CARTESIAN_POINT('Ctrl Pts',(-1.17657553837924,-2.03788861141555,-13.9864583333333));
#9506=CARTESIAN_POINT('Ctrl Pts',(-2.4956937649889E-16,-2.03788861141555,
-13.928125));
#9507=CARTESIAN_POINT('Ctrl Pts',(1.17657553837924,-2.03788861141555,-13.8697916666667));
#9508=CARTESIAN_POINT('Ctrl Pts',(1.76486330756886,-1.01894430570777,-13.8114583333333));
#9509=CARTESIAN_POINT('Ctrl Pts',(2.35315107675848,2.32318845797218E-15,
-13.753125));
#9510=CARTESIAN_POINT('Ctrl Pts',(1.76486330756886,1.01894430570778,-13.6947916666667));
#9511=CARTESIAN_POINT('Ctrl Pts',(1.17657553837924,2.03788861141555,-13.6364583333333));
#9512=CARTESIAN_POINT('Ctrl Pts',(0.,2.03788861141555,-13.578125));
#9513=CARTESIAN_POINT('Ctrl Pts',(-1.17657553837924,2.03788861141555,-13.5197916666667));
#9514=CARTESIAN_POINT('Ctrl Pts',(-1.76486330756886,1.01894430570778,-13.4614583333333));
#9515=CARTESIAN_POINT('Ctrl Pts',(-2.35315107675848,2.89954424478467E-15,
-13.403125));
#9516=CARTESIAN_POINT('Ctrl Pts',(-1.76486330756886,-1.01894430570777,-13.3447916666667));
#9517=CARTESIAN_POINT('Ctrl Pts',(-1.17657553837924,-2.03788861141555,-13.2864583333333));
#9518=CARTESIAN_POINT('Ctrl Pts',(-2.4956937649889E-16,-2.03788861141555,
-13.228125));
#9519=CARTESIAN_POINT('Ctrl Pts',(1.17657553837924,-2.03788861141555,-13.1697916666667));
#9520=CARTESIAN_POINT('Ctrl Pts',(1.76486330756886,-1.01894430570777,-13.1114583333333));
#9521=CARTESIAN_POINT('Ctrl Pts',(2.35315107675848,2.32318845797218E-15,
-13.053125));
#9522=CARTESIAN_POINT('Ctrl Pts',(1.76486330756886,1.01894430570778,-12.9947916666667));
#9523=CARTESIAN_POINT('Ctrl Pts',(1.17657553837924,2.03788861141555,-12.9364583333333));
#9524=CARTESIAN_POINT('Ctrl Pts',(0.,2.03788861141555,-12.878125));
#9525=CARTESIAN_POINT('Ctrl Pts',(-1.17657553837924,2.03788861141555,-12.8197916666667));
#9526=CARTESIAN_POINT('Ctrl Pts',(-1.76486330756886,1.01894430570778,-12.7614583333333));
#9527=CARTESIAN_POINT('Ctrl Pts',(-2.35315107675848,2.89954424478467E-15,
-12.703125));
#9528=CARTESIAN_POINT('Ctrl Pts',(-1.76486330756886,-1.01894430570777,-12.6447916666667));
#9529=CARTESIAN_POINT('Ctrl Pts',(-1.17657553837924,-2.03788861141555,-12.5864583333333));
#9530=CARTESIAN_POINT('Ctrl Pts',(-2.4956937649889E-16,-2.03788861141555,
-12.528125));
#9531=CARTESIAN_POINT('Ctrl Pts',(1.17657553837924,-2.03788861141555,-12.4697916666667));
#9532=CARTESIAN_POINT('Ctrl Pts',(1.76486330756886,-1.01894430570777,-12.4114583333333));
#9533=CARTESIAN_POINT('Ctrl Pts',(2.35315107675848,2.32318845797218E-15,
-12.353125));
#9534=CARTESIAN_POINT('Ctrl Pts',(1.76486330756886,1.01894430570778,-12.2947916666667));
#9535=CARTESIAN_POINT('Ctrl Pts',(1.17657553837924,2.03788861141555,-12.2364583333333));
#9536=CARTESIAN_POINT('Ctrl Pts',(0.,2.03788861141555,-12.178125));
#9537=CARTESIAN_POINT('Ctrl Pts',(-1.17657553837924,2.03788861141555,-12.1197916666667));
#9538=CARTESIAN_POINT('Ctrl Pts',(-1.76486330756886,1.01894430570778,-12.0614583333333));
#9539=CARTESIAN_POINT('Ctrl Pts',(-2.35315107675848,2.89954424478467E-15,
-12.003125));
#9540=CARTESIAN_POINT('Ctrl Pts',(-1.76486330756886,-1.01894430570777,-11.9447916666667));
#9541=CARTESIAN_POINT('Ctrl Pts',(-1.17657553837924,-2.03788861141555,-11.8864583333333));
#9542=CARTESIAN_POINT('Ctrl Pts',(-2.4956937649889E-16,-2.03788861141555,
-11.828125));
#9543=CARTESIAN_POINT('Ctrl Pts',(1.17657553837924,-2.03788861141555,-11.7697916666667));
#9544=CARTESIAN_POINT('Ctrl Pts',(1.76486330756886,-1.01894430570777,-11.7114583333333));
#9545=CARTESIAN_POINT('Ctrl Pts',(2.35315107675848,2.32318845797218E-15,
-11.653125));
#9546=CARTESIAN_POINT('Ctrl Pts',(1.76486330756886,1.01894430570778,-11.5947916666667));
#9547=CARTESIAN_POINT('Ctrl Pts',(1.17657553837924,2.03788861141555,-11.5364583333333));
#9548=CARTESIAN_POINT('Ctrl Pts',(0.,2.03788861141555,-11.478125));
#9549=CARTESIAN_POINT('Ctrl Pts',(-1.17657553837924,2.03788861141555,-11.4197916666667));
#9550=CARTESIAN_POINT('Ctrl Pts',(-1.76486330756886,1.01894430570778,-11.3614583333333));
#9551=CARTESIAN_POINT('Ctrl Pts',(-2.35315107675848,2.89954424478467E-15,
-11.303125));
#9552=CARTESIAN_POINT('Ctrl Pts',(-1.76486330756886,-1.01894430570777,-11.2447916666667));
#9553=CARTESIAN_POINT('Ctrl Pts',(-1.17657553837924,-2.03788861141555,-11.1864583333333));
#9554=CARTESIAN_POINT('Ctrl Pts',(-2.4956937649889E-16,-2.03788861141555,
-11.128125));
#9555=CARTESIAN_POINT('Ctrl Pts',(1.17657553837924,-2.03788861141555,-11.0697916666667));
#9556=CARTESIAN_POINT('Ctrl Pts',(1.76486330756886,-1.01894430570777,-11.0114583333333));
#9557=CARTESIAN_POINT('Ctrl Pts',(2.35315107675848,2.32318845797218E-15,
-10.953125));
#9558=CARTESIAN_POINT('Ctrl Pts',(1.76486330756886,1.01894430570778,-10.8947916666667));
#9559=CARTESIAN_POINT('Ctrl Pts',(1.17657553837924,2.03788861141555,-10.8364583333333));
#9560=CARTESIAN_POINT('Ctrl Pts',(0.,2.03788861141555,-10.778125));
#9561=CARTESIAN_POINT('Ctrl Pts',(-1.17657553837924,2.03788861141555,-10.7197916666667));
#9562=CARTESIAN_POINT('Ctrl Pts',(-1.76486330756886,1.01894430570778,-10.6614583333333));
#9563=CARTESIAN_POINT('Ctrl Pts',(-2.35315107675848,2.89954424478467E-15,
-10.603125));
#9564=CARTESIAN_POINT('Ctrl Pts',(-1.76486330756886,-1.01894430570777,-10.5447916666667));
#9565=CARTESIAN_POINT('Ctrl Pts',(-1.17657553837924,-2.03788861141555,-10.4864583333333));
#9566=CARTESIAN_POINT('Ctrl Pts',(-2.4956937649889E-16,-2.03788861141555,
-10.428125));
#9567=CARTESIAN_POINT('Ctrl Pts',(1.17657553837924,-2.03788861141555,-10.3697916666667));
#9568=CARTESIAN_POINT('Ctrl Pts',(1.76486330756886,-1.01894430570777,-10.3114583333333));
#9569=CARTESIAN_POINT('Ctrl Pts',(2.35315107675848,2.32318845797218E-15,
-10.253125));
#9570=CARTESIAN_POINT('Ctrl Pts',(1.76486330756886,1.01894430570778,-10.1947916666667));
#9571=CARTESIAN_POINT('Ctrl Pts',(1.17657553837924,2.03788861141555,-10.1364583333333));
#9572=CARTESIAN_POINT('Ctrl Pts',(0.,2.03788861141555,-10.078125));
#9573=CARTESIAN_POINT('Ctrl Pts',(-1.17657553837924,2.03788861141555,-10.0197916666667));
#9574=CARTESIAN_POINT('Ctrl Pts',(-1.76486330756886,1.01894430570778,-9.96145833333334));
#9575=CARTESIAN_POINT('Ctrl Pts',(-2.35315107675848,2.89954424478467E-15,
-9.90312500000001));
#9576=CARTESIAN_POINT('Ctrl Pts',(-1.76486330756886,-1.01894430570777,-9.84479166666667));
#9577=CARTESIAN_POINT('Ctrl Pts',(-1.17657553837924,-2.03788861141555,-9.78645833333334));
#9578=CARTESIAN_POINT('Ctrl Pts',(-2.4956937649889E-16,-2.03788861141555,
-9.72812500000001));
#9579=CARTESIAN_POINT('Ctrl Pts',(1.17657553837924,-2.03788861141555,-9.66979166666668));
#9580=CARTESIAN_POINT('Ctrl Pts',(1.76486330756886,-1.01894430570777,-9.61145833333335));
#9581=CARTESIAN_POINT('Ctrl Pts',(2.35315107675848,2.32318845797218E-15,
-9.55312500000001));
#9582=CARTESIAN_POINT('Ctrl Pts',(1.76486330756886,1.01894430570778,-9.49479166666667));
#9583=CARTESIAN_POINT('Ctrl Pts',(1.17657553837924,2.03788861141555,-9.43645833333334));
#9584=CARTESIAN_POINT('Ctrl Pts',(0.,2.03788861141555,-9.37812500000001));
#9585=CARTESIAN_POINT('Ctrl Pts',(-1.17657553837924,2.03788861141555,-9.31979166666668));
#9586=CARTESIAN_POINT('Ctrl Pts',(-1.76486330756886,1.01894430570778,-9.26145833333334));
#9587=CARTESIAN_POINT('Ctrl Pts',(-2.35315107675848,2.89954424478467E-15,
-9.20312500000001));
#9588=CARTESIAN_POINT('Ctrl Pts',(-1.76486330756886,-1.01894430570777,-9.14479166666668));
#9589=CARTESIAN_POINT('Ctrl Pts',(-1.17657553837924,-2.03788861141555,-9.08645833333334));
#9590=CARTESIAN_POINT('Ctrl Pts',(-2.4956937649889E-16,-2.03788861141555,
-9.02812500000001));
#9591=CARTESIAN_POINT('Ctrl Pts',(1.17657553837924,-2.03788861141555,-8.96979166666668));
#9592=CARTESIAN_POINT('Ctrl Pts',(1.76486330756886,-1.01894430570777,-8.91145833333334));
#9593=CARTESIAN_POINT('Ctrl Pts',(2.35315107675848,2.32318845797218E-15,
-8.85312500000001));
#9594=CARTESIAN_POINT('Ctrl Pts',(1.76486330756886,1.01894430570778,-8.79479166666668));
#9595=CARTESIAN_POINT('Ctrl Pts',(1.17657553837924,2.03788861141555,-8.73645833333334));
#9596=CARTESIAN_POINT('Ctrl Pts',(0.,2.03788861141555,-8.67812500000001));
#9597=CARTESIAN_POINT('Ctrl Pts',(-1.17657553837924,2.03788861141555,-8.61979166666667));
#9598=CARTESIAN_POINT('Ctrl Pts',(-1.76486330756886,1.01894430570778,-8.56145833333334));
#9599=CARTESIAN_POINT('Ctrl Pts',(-2.35315107675848,2.89954424478467E-15,
-8.50312500000001));
#9600=CARTESIAN_POINT('Ctrl Pts',(-1.76486330756886,-1.01894430570777,-8.44479166666667));
#9601=CARTESIAN_POINT('Ctrl Pts',(-1.17657553837924,-2.03788861141555,-8.38645833333334));
#9602=CARTESIAN_POINT('Ctrl Pts',(-2.4956937649889E-16,-2.03788861141555,
-8.32812500000001));
#9603=CARTESIAN_POINT('Ctrl Pts',(1.17657553837924,-2.03788861141555,-8.26979166666668));
#9604=CARTESIAN_POINT('Ctrl Pts',(1.76486330756886,-1.01894430570777,-8.21145833333334));
#9605=CARTESIAN_POINT('Ctrl Pts',(2.35315107675848,2.32318845797218E-15,
-8.15312500000001));
#9606=CARTESIAN_POINT('Ctrl Pts',(1.76486330756886,1.01894430570778,-8.09479166666667));
#9607=CARTESIAN_POINT('Ctrl Pts',(1.17657553837924,2.03788861141555,-8.03645833333334));
#9608=CARTESIAN_POINT('Ctrl Pts',(0.,2.03788861141555,-7.97812500000001));
#9609=CARTESIAN_POINT('Ctrl Pts',(-1.17657553837924,2.03788861141555,-7.91979166666668));
#9610=CARTESIAN_POINT('Ctrl Pts',(-1.76486330756886,1.01894430570778,-7.86145833333334));
#9611=CARTESIAN_POINT('Ctrl Pts',(-2.35315107675848,2.89954424478467E-15,
-7.80312500000001));
#9612=CARTESIAN_POINT('Ctrl Pts',(-1.76486330756886,-1.01894430570777,-7.74479166666668));
#9613=CARTESIAN_POINT('Ctrl Pts',(-1.17657553837924,-2.03788861141555,-7.68645833333334));
#9614=CARTESIAN_POINT('Ctrl Pts',(-2.4956937649889E-16,-2.03788861141555,
-7.62812500000001));
#9615=CARTESIAN_POINT('Ctrl Pts',(1.17657553837924,-2.03788861141555,-7.56979166666668));
#9616=CARTESIAN_POINT('Ctrl Pts',(1.76486330756886,-1.01894430570777,-7.51145833333334));
#9617=CARTESIAN_POINT('Ctrl Pts',(2.35315107675848,2.32318845797218E-15,
-7.45312500000001));
#9618=CARTESIAN_POINT('Ctrl Pts',(1.76486330756886,1.01894430570778,-7.39479166666668));
#9619=CARTESIAN_POINT('Ctrl Pts',(1.17657553837924,2.03788861141555,-7.33645833333334));
#9620=CARTESIAN_POINT('Ctrl Pts',(0.,2.03788861141555,-7.27812500000001));
#9621=CARTESIAN_POINT('Ctrl Pts',(-1.17657553837924,2.03788861141555,-7.21979166666668));
#9622=CARTESIAN_POINT('Ctrl Pts',(-1.76486330756886,1.01894430570778,-7.16145833333334));
#9623=CARTESIAN_POINT('Ctrl Pts',(-2.35315107675848,2.89954424478467E-15,
-7.10312500000001));
#9624=CARTESIAN_POINT('Ctrl Pts',(-1.76486330756886,-1.01894430570777,-7.04479166666668));
#9625=CARTESIAN_POINT('Ctrl Pts',(-1.17657553837924,-2.03788861141555,-6.98645833333334));
#9626=CARTESIAN_POINT('Ctrl Pts',(-2.4956937649889E-16,-2.03788861141555,
-6.92812500000001));
#9627=CARTESIAN_POINT('Ctrl Pts',(1.17657553837924,-2.03788861141555,-6.86979166666668));
#9628=CARTESIAN_POINT('Ctrl Pts',(1.76486330756886,-1.01894430570777,-6.81145833333334));
#9629=CARTESIAN_POINT('Ctrl Pts',(2.35315107675848,2.32318845797218E-15,
-6.75312500000001));
#9630=CARTESIAN_POINT('Ctrl Pts',(1.76486330756886,1.01894430570778,-6.69479166666668));
#9631=CARTESIAN_POINT('Ctrl Pts',(1.17657553837924,2.03788861141555,-6.63645833333334));
#9632=CARTESIAN_POINT('Ctrl Pts',(0.,2.03788861141555,-6.57812500000001));
#9633=CARTESIAN_POINT('Ctrl Pts',(-1.17657553837924,2.03788861141555,-6.51979166666668));
#9634=CARTESIAN_POINT('Ctrl Pts',(-1.76486330756886,1.01894430570778,-6.46145833333334));
#9635=CARTESIAN_POINT('Ctrl Pts',(-2.35315107675848,2.89954424478467E-15,
-6.40312500000001));
#9636=CARTESIAN_POINT('Ctrl Pts',(-1.76486330756886,-1.01894430570777,-6.34479166666668));
#9637=CARTESIAN_POINT('Ctrl Pts',(-1.17657553837924,-2.03788861141555,-6.28645833333334));
#9638=CARTESIAN_POINT('Ctrl Pts',(-2.4956937649889E-16,-2.03788861141555,
-6.22812500000001));
#9639=CARTESIAN_POINT('Ctrl Pts',(1.17657553837924,-2.03788861141555,-6.16979166666668));
#9640=CARTESIAN_POINT('Ctrl Pts',(1.76486330756886,-1.01894430570777,-6.11145833333334));
#9641=CARTESIAN_POINT('Ctrl Pts',(2.35315107675848,2.32318845797218E-15,
-6.05312500000001));
#9642=CARTESIAN_POINT('Ctrl Pts',(1.76486330756886,1.01894430570778,-5.99479166666668));
#9643=CARTESIAN_POINT('Ctrl Pts',(1.17657553837924,2.03788861141555,-5.93645833333334));
#9644=CARTESIAN_POINT('Ctrl Pts',(0.,2.03788861141555,-5.87812500000001));
#9645=CARTESIAN_POINT('Ctrl Pts',(-1.17657553837924,2.03788861141555,-5.81979166666668));
#9646=CARTESIAN_POINT('Ctrl Pts',(-1.76486330756886,1.01894430570778,-5.76145833333334));
#9647=CARTESIAN_POINT('Ctrl Pts',(-2.35315107675848,2.89954424478467E-15,
-5.70312500000001));
#9648=CARTESIAN_POINT('Ctrl Pts',(-1.76486330756886,-1.01894430570777,-5.64479166666668));
#9649=CARTESIAN_POINT('Ctrl Pts',(-1.17657553837924,-2.03788861141555,-5.58645833333334));
#9650=CARTESIAN_POINT('Ctrl Pts',(-2.4956937649889E-16,-2.03788861141555,
-5.52812500000001));
#9651=CARTESIAN_POINT('Ctrl Pts',(1.17657553837924,-2.03788861141555,-5.46979166666667));
#9652=CARTESIAN_POINT('Ctrl Pts',(1.76486330756886,-1.01894430570777,-5.41145833333334));
#9653=CARTESIAN_POINT('Ctrl Pts',(2.35315107675848,2.32318845797218E-15,
-5.35312500000001));
#9654=CARTESIAN_POINT('Ctrl Pts',(1.76486330756886,1.01894430570778,-5.29479166666667));
#9655=CARTESIAN_POINT('Ctrl Pts',(1.17657553837924,2.03788861141555,-5.23645833333334));
#9656=CARTESIAN_POINT('Ctrl Pts',(0.,2.03788861141555,-5.17812500000001));
#9657=CARTESIAN_POINT('Ctrl Pts',(-1.17657553837924,2.03788861141555,-5.11979166666667));
#9658=CARTESIAN_POINT('Ctrl Pts',(-1.76486330756886,1.01894430570778,-5.06145833333334));
#9659=CARTESIAN_POINT('Ctrl Pts',(-2.35315107675848,2.89954424478467E-15,
-5.00312500000001));
#9660=CARTESIAN_POINT('Ctrl Pts',(-1.76486330756886,-1.01894430570777,-4.94479166666668));
#9661=CARTESIAN_POINT('Ctrl Pts',(-1.17657553837924,-2.03788861141555,-4.88645833333334));
#9662=CARTESIAN_POINT('Ctrl Pts',(-2.4956937649889E-16,-2.03788861141555,
-4.82812500000001));
#9663=CARTESIAN_POINT('Ctrl Pts',(1.17657553837924,-2.03788861141555,-4.76979166666668));
#9664=CARTESIAN_POINT('Ctrl Pts',(1.76486330756886,-1.01894430570777,-4.71145833333334));
#9665=CARTESIAN_POINT('Ctrl Pts',(2.35315107675848,2.32318845797218E-15,
-4.65312500000001));
#9666=CARTESIAN_POINT('Ctrl Pts',(1.76486330756886,1.01894430570778,-4.59479166666668));
#9667=CARTESIAN_POINT('Ctrl Pts',(1.17657553837924,2.03788861141555,-4.53645833333334));
#9668=CARTESIAN_POINT('Ctrl Pts',(0.,2.03788861141555,-4.47812500000001));
#9669=CARTESIAN_POINT('Ctrl Pts',(-1.17657553837924,2.03788861141555,-4.41979166666668));
#9670=CARTESIAN_POINT('Ctrl Pts',(-1.76486330756886,1.01894430570778,-4.36145833333334));
#9671=CARTESIAN_POINT('Ctrl Pts',(-2.35315107675848,2.89954424478467E-15,
-4.30312500000001));
#9672=CARTESIAN_POINT('Ctrl Pts',(-1.76486330756886,-1.01894430570777,-4.24479166666668));
#9673=CARTESIAN_POINT('Ctrl Pts',(-1.17657553837924,-2.03788861141555,-4.18645833333334));
#9674=CARTESIAN_POINT('Ctrl Pts',(-2.4956937649889E-16,-2.03788861141555,
-4.12812500000001));
#9675=CARTESIAN_POINT('Ctrl Pts',(1.17657553837924,-2.03788861141555,-4.06979166666668));
#9676=CARTESIAN_POINT('Ctrl Pts',(1.76486330756886,-1.01894430570777,-4.01145833333334));
#9677=CARTESIAN_POINT('Ctrl Pts',(2.35315107675848,2.32318845797218E-15,
-3.95312500000001));
#9678=CARTESIAN_POINT('Ctrl Pts',(1.76486330756886,1.01894430570778,-3.89479166666667));
#9679=CARTESIAN_POINT('Ctrl Pts',(1.17657553837924,2.03788861141555,-3.83645833333334));
#9680=CARTESIAN_POINT('Ctrl Pts',(0.,2.03788861141555,-3.77812500000001));
#9681=CARTESIAN_POINT('Ctrl Pts',(-1.17657553837924,2.03788861141555,-3.71979166666668));
#9682=CARTESIAN_POINT('Ctrl Pts',(-1.76486330756886,1.01894430570778,-3.66145833333334));
#9683=CARTESIAN_POINT('Ctrl Pts',(-2.35315107675848,2.89954424478467E-15,
-3.60312500000001));
#9684=CARTESIAN_POINT('Ctrl Pts',(-1.76486330756886,-1.01894430570777,-3.54479166666668));
#9685=CARTESIAN_POINT('Ctrl Pts',(-1.17657553837924,-2.03788861141555,-3.48645833333334));
#9686=CARTESIAN_POINT('Ctrl Pts',(-2.4956937649889E-16,-2.03788861141555,
-3.42812500000001));
#9687=CARTESIAN_POINT('Ctrl Pts',(1.17657553837924,-2.03788861141555,-3.36979166666668));
#9688=CARTESIAN_POINT('Ctrl Pts',(1.76486330756886,-1.01894430570777,-3.31145833333334));
#9689=CARTESIAN_POINT('Ctrl Pts',(2.35315107675848,2.32318845797218E-15,
-3.25312500000001));
#9690=CARTESIAN_POINT('Ctrl Pts',(1.76486330756886,1.01894430570778,-3.19479166666668));
#9691=CARTESIAN_POINT('Ctrl Pts',(1.17657553837924,2.03788861141555,-3.13645833333334));
#9692=CARTESIAN_POINT('Ctrl Pts',(0.,2.03788861141555,-3.07812500000001));
#9693=CARTESIAN_POINT('Ctrl Pts',(-1.17657553837924,2.03788861141555,-3.01979166666668));
#9694=CARTESIAN_POINT('Ctrl Pts',(-1.76486330756886,1.01894430570778,-2.96145833333334));
#9695=CARTESIAN_POINT('Ctrl Pts',(-2.35315107675848,2.89954424478467E-15,
-2.90312500000001));
#9696=CARTESIAN_POINT('Ctrl Pts',(-1.76486330756886,-1.01894430570777,-2.84479166666668));
#9697=CARTESIAN_POINT('Ctrl Pts',(-1.17657553837924,-2.03788861141555,-2.78645833333334));
#9698=CARTESIAN_POINT('Ctrl Pts',(-2.4956937649889E-16,-2.03788861141555,
-2.72812500000001));
#9699=CARTESIAN_POINT('Ctrl Pts',(1.17657553837924,-2.03788861141555,-2.66979166666668));
#9700=CARTESIAN_POINT('Ctrl Pts',(1.76486330756886,-1.01894430570777,-2.61145833333334));
#9701=CARTESIAN_POINT('Ctrl Pts',(2.35315107675848,2.32318845797218E-15,
-2.55312500000001));
#9702=CARTESIAN_POINT('Ctrl Pts',(1.76486330756886,1.01894430570778,-2.49479166666668));
#9703=CARTESIAN_POINT('Ctrl Pts',(1.17657553837924,2.03788861141555,-2.43645833333334));
#9704=CARTESIAN_POINT('Ctrl Pts',(0.,2.03788861141555,-2.37812500000001));
#9705=CARTESIAN_POINT('Ctrl Pts',(-1.17657553837924,2.03788861141555,-2.31979166666668));
#9706=CARTESIAN_POINT('Ctrl Pts',(-1.76486330756886,1.01894430570778,-2.26145833333334));
#9707=CARTESIAN_POINT('Ctrl Pts',(-2.35315107675848,2.89954424478467E-15,
-2.20312500000001));
#9708=CARTESIAN_POINT('Ctrl Pts',(-1.76486330756886,-1.01894430570777,-2.14479166666667));
#9709=CARTESIAN_POINT('Ctrl Pts',(-1.17657553837924,-2.03788861141555,-2.08645833333334));
#9710=CARTESIAN_POINT('Ctrl Pts',(-2.4956937649889E-16,-2.03788861141555,
-2.02812500000001));
#9711=CARTESIAN_POINT('Ctrl Pts',(1.17657553837924,-2.03788861141555,-1.96979166666668));
#9712=CARTESIAN_POINT('Ctrl Pts',(1.76486330756886,-1.01894430570777,-1.91145833333334));
#9713=CARTESIAN_POINT('Ctrl Pts',(2.35315107675848,2.32318845797218E-15,
-1.85312500000001));
#9714=CARTESIAN_POINT('Ctrl Pts',(1.76486330756886,1.01894430570778,-1.79479166666668));
#9715=CARTESIAN_POINT('Ctrl Pts',(1.17657553837924,2.03788861141555,-1.73645833333334));
#9716=CARTESIAN_POINT('Ctrl Pts',(0.,2.03788861141555,-1.67812500000001));
#9717=CARTESIAN_POINT('Ctrl Pts',(0.,1.54533666301313,-15.2625));
#9718=CARTESIAN_POINT('Ctrl Pts',(-0.89220053837923,1.54533666301313,-15.2041666666667));
#9719=CARTESIAN_POINT('Ctrl Pts',(-1.33830080756884,0.772668331506569,-15.1458333333334));
#9720=CARTESIAN_POINT('Ctrl Pts',(-1.78440107675846,2.86471835143391E-15,
-15.0875));
#9721=CARTESIAN_POINT('Ctrl Pts',(-1.33830080756884,-0.772668331506563,
-15.0291666666667));
#9722=CARTESIAN_POINT('Ctrl Pts',(-0.89220053837923,-1.54533666301313,-14.9708333333334));
#9723=CARTESIAN_POINT('Ctrl Pts',(-1.89249159796408E-16,-1.54533666301313,
-14.9125));
#9724=CARTESIAN_POINT('Ctrl Pts',(0.892200538379229,-1.54533666301313,-14.8541666666667));
#9725=CARTESIAN_POINT('Ctrl Pts',(1.33830080756884,-0.772668331506564,-14.7958333333334));
#9726=CARTESIAN_POINT('Ctrl Pts',(1.78440107675846,2.42766613802444E-15,
-14.7375));
#9727=CARTESIAN_POINT('Ctrl Pts',(1.33830080756885,0.772668331506568,-14.6791666666667));
#9728=CARTESIAN_POINT('Ctrl Pts',(0.892200538379231,1.54533666301313,-14.6208333333334));
#9729=CARTESIAN_POINT('Ctrl Pts',(0.,1.54533666301313,-14.5625));
#9730=CARTESIAN_POINT('Ctrl Pts',(-0.89220053837923,1.54533666301313,-14.5041666666667));
#9731=CARTESIAN_POINT('Ctrl Pts',(-1.33830080756884,0.772668331506569,-14.4458333333334));
#9732=CARTESIAN_POINT('Ctrl Pts',(-1.78440107675846,2.86471835143391E-15,
-14.3875));
#9733=CARTESIAN_POINT('Ctrl Pts',(-1.33830080756884,-0.772668331506563,
-14.3291666666667));
#9734=CARTESIAN_POINT('Ctrl Pts',(-0.89220053837923,-1.54533666301313,-14.2708333333334));
#9735=CARTESIAN_POINT('Ctrl Pts',(-1.89249159796408E-16,-1.54533666301313,
-14.2125));
#9736=CARTESIAN_POINT('Ctrl Pts',(0.892200538379229,-1.54533666301313,-14.1541666666667));
#9737=CARTESIAN_POINT('Ctrl Pts',(1.33830080756884,-0.772668331506564,-14.0958333333334));
#9738=CARTESIAN_POINT('Ctrl Pts',(1.78440107675846,2.42766613802444E-15,
-14.0375));
#9739=CARTESIAN_POINT('Ctrl Pts',(1.33830080756885,0.772668331506568,-13.9791666666667));
#9740=CARTESIAN_POINT('Ctrl Pts',(0.892200538379231,1.54533666301313,-13.9208333333334));
#9741=CARTESIAN_POINT('Ctrl Pts',(0.,1.54533666301313,-13.8625));
#9742=CARTESIAN_POINT('Ctrl Pts',(-0.89220053837923,1.54533666301313,-13.8041666666667));
#9743=CARTESIAN_POINT('Ctrl Pts',(-1.33830080756884,0.772668331506569,-13.7458333333334));
#9744=CARTESIAN_POINT('Ctrl Pts',(-1.78440107675846,2.86471835143391E-15,
-13.6875));
#9745=CARTESIAN_POINT('Ctrl Pts',(-1.33830080756884,-0.772668331506563,
-13.6291666666667));
#9746=CARTESIAN_POINT('Ctrl Pts',(-0.89220053837923,-1.54533666301313,-13.5708333333334));
#9747=CARTESIAN_POINT('Ctrl Pts',(-1.89249159796408E-16,-1.54533666301313,
-13.5125));
#9748=CARTESIAN_POINT('Ctrl Pts',(0.892200538379229,-1.54533666301313,-13.4541666666667));
#9749=CARTESIAN_POINT('Ctrl Pts',(1.33830080756884,-0.772668331506564,-13.3958333333334));
#9750=CARTESIAN_POINT('Ctrl Pts',(1.78440107675846,2.42766613802444E-15,
-13.3375));
#9751=CARTESIAN_POINT('Ctrl Pts',(1.33830080756885,0.772668331506568,-13.2791666666667));
#9752=CARTESIAN_POINT('Ctrl Pts',(0.892200538379231,1.54533666301313,-13.2208333333334));
#9753=CARTESIAN_POINT('Ctrl Pts',(0.,1.54533666301313,-13.1625));
#9754=CARTESIAN_POINT('Ctrl Pts',(-0.89220053837923,1.54533666301313,-13.1041666666667));
#9755=CARTESIAN_POINT('Ctrl Pts',(-1.33830080756884,0.772668331506569,-13.0458333333334));
#9756=CARTESIAN_POINT('Ctrl Pts',(-1.78440107675846,2.86471835143391E-15,
-12.9875));
#9757=CARTESIAN_POINT('Ctrl Pts',(-1.33830080756884,-0.772668331506563,
-12.9291666666667));
#9758=CARTESIAN_POINT('Ctrl Pts',(-0.89220053837923,-1.54533666301313,-12.8708333333334));
#9759=CARTESIAN_POINT('Ctrl Pts',(-1.89249159796408E-16,-1.54533666301313,
-12.8125));
#9760=CARTESIAN_POINT('Ctrl Pts',(0.892200538379229,-1.54533666301313,-12.7541666666667));
#9761=CARTESIAN_POINT('Ctrl Pts',(1.33830080756884,-0.772668331506564,-12.6958333333334));
#9762=CARTESIAN_POINT('Ctrl Pts',(1.78440107675846,2.42766613802444E-15,
-12.6375));
#9763=CARTESIAN_POINT('Ctrl Pts',(1.33830080756885,0.772668331506568,-12.5791666666667));
#9764=CARTESIAN_POINT('Ctrl Pts',(0.892200538379231,1.54533666301313,-12.5208333333334));
#9765=CARTESIAN_POINT('Ctrl Pts',(0.,1.54533666301313,-12.4625));
#9766=CARTESIAN_POINT('Ctrl Pts',(-0.89220053837923,1.54533666301313,-12.4041666666667));
#9767=CARTESIAN_POINT('Ctrl Pts',(-1.33830080756884,0.772668331506569,-12.3458333333334));
#9768=CARTESIAN_POINT('Ctrl Pts',(-1.78440107675846,2.86471835143391E-15,
-12.2875));
#9769=CARTESIAN_POINT('Ctrl Pts',(-1.33830080756884,-0.772668331506563,
-12.2291666666667));
#9770=CARTESIAN_POINT('Ctrl Pts',(-0.89220053837923,-1.54533666301313,-12.1708333333334));
#9771=CARTESIAN_POINT('Ctrl Pts',(-1.89249159796408E-16,-1.54533666301313,
-12.1125));
#9772=CARTESIAN_POINT('Ctrl Pts',(0.892200538379229,-1.54533666301313,-12.0541666666667));
#9773=CARTESIAN_POINT('Ctrl Pts',(1.33830080756884,-0.772668331506564,-11.9958333333334));
#9774=CARTESIAN_POINT('Ctrl Pts',(1.78440107675846,2.42766613802444E-15,
-11.9375));
#9775=CARTESIAN_POINT('Ctrl Pts',(1.33830080756885,0.772668331506568,-11.8791666666667));
#9776=CARTESIAN_POINT('Ctrl Pts',(0.892200538379231,1.54533666301313,-11.8208333333334));
#9777=CARTESIAN_POINT('Ctrl Pts',(0.,1.54533666301313,-11.7625));
#9778=CARTESIAN_POINT('Ctrl Pts',(-0.89220053837923,1.54533666301313,-11.7041666666667));
#9779=CARTESIAN_POINT('Ctrl Pts',(-1.33830080756884,0.772668331506569,-11.6458333333334));
#9780=CARTESIAN_POINT('Ctrl Pts',(-1.78440107675846,2.86471835143391E-15,
-11.5875));
#9781=CARTESIAN_POINT('Ctrl Pts',(-1.33830080756884,-0.772668331506563,
-11.5291666666667));
#9782=CARTESIAN_POINT('Ctrl Pts',(-0.89220053837923,-1.54533666301313,-11.4708333333334));
#9783=CARTESIAN_POINT('Ctrl Pts',(-1.89249159796408E-16,-1.54533666301313,
-11.4125));
#9784=CARTESIAN_POINT('Ctrl Pts',(0.892200538379229,-1.54533666301313,-11.3541666666667));
#9785=CARTESIAN_POINT('Ctrl Pts',(1.33830080756884,-0.772668331506564,-11.2958333333334));
#9786=CARTESIAN_POINT('Ctrl Pts',(1.78440107675846,2.42766613802444E-15,
-11.2375));
#9787=CARTESIAN_POINT('Ctrl Pts',(1.33830080756885,0.772668331506568,-11.1791666666667));
#9788=CARTESIAN_POINT('Ctrl Pts',(0.892200538379231,1.54533666301313,-11.1208333333334));
#9789=CARTESIAN_POINT('Ctrl Pts',(0.,1.54533666301313,-11.0625));
#9790=CARTESIAN_POINT('Ctrl Pts',(-0.89220053837923,1.54533666301313,-11.0041666666667));
#9791=CARTESIAN_POINT('Ctrl Pts',(-1.33830080756884,0.772668331506569,-10.9458333333334));
#9792=CARTESIAN_POINT('Ctrl Pts',(-1.78440107675846,2.86471835143391E-15,
-10.8875));
#9793=CARTESIAN_POINT('Ctrl Pts',(-1.33830080756884,-0.772668331506563,
-10.8291666666667));
#9794=CARTESIAN_POINT('Ctrl Pts',(-0.89220053837923,-1.54533666301313,-10.7708333333334));
#9795=CARTESIAN_POINT('Ctrl Pts',(-1.89249159796408E-16,-1.54533666301313,
-10.7125));
#9796=CARTESIAN_POINT('Ctrl Pts',(0.892200538379229,-1.54533666301313,-10.6541666666667));
#9797=CARTESIAN_POINT('Ctrl Pts',(1.33830080756884,-0.772668331506564,-10.5958333333334));
#9798=CARTESIAN_POINT('Ctrl Pts',(1.78440107675846,2.42766613802444E-15,
-10.5375));
#9799=CARTESIAN_POINT('Ctrl Pts',(1.33830080756885,0.772668331506568,-10.4791666666667));
#9800=CARTESIAN_POINT('Ctrl Pts',(0.892200538379231,1.54533666301313,-10.4208333333334));
#9801=CARTESIAN_POINT('Ctrl Pts',(0.,1.54533666301313,-10.3625));
#9802=CARTESIAN_POINT('Ctrl Pts',(-0.89220053837923,1.54533666301313,-10.3041666666667));
#9803=CARTESIAN_POINT('Ctrl Pts',(-1.33830080756884,0.772668331506569,-10.2458333333334));
#9804=CARTESIAN_POINT('Ctrl Pts',(-1.78440107675846,2.86471835143391E-15,
-10.1875));
#9805=CARTESIAN_POINT('Ctrl Pts',(-1.33830080756884,-0.772668331506563,
-10.1291666666667));
#9806=CARTESIAN_POINT('Ctrl Pts',(-0.89220053837923,-1.54533666301313,-10.0708333333334));
#9807=CARTESIAN_POINT('Ctrl Pts',(-1.89249159796408E-16,-1.54533666301313,
-10.0125));
#9808=CARTESIAN_POINT('Ctrl Pts',(0.892200538379229,-1.54533666301313,-9.95416666666669));
#9809=CARTESIAN_POINT('Ctrl Pts',(1.33830080756884,-0.772668331506564,-9.89583333333335));
#9810=CARTESIAN_POINT('Ctrl Pts',(1.78440107675846,2.42766613802444E-15,
-9.83750000000002));
#9811=CARTESIAN_POINT('Ctrl Pts',(1.33830080756885,0.772668331506568,-9.77916666666669));
#9812=CARTESIAN_POINT('Ctrl Pts',(0.892200538379231,1.54533666301313,-9.72083333333335));
#9813=CARTESIAN_POINT('Ctrl Pts',(0.,1.54533666301313,-9.66250000000002));
#9814=CARTESIAN_POINT('Ctrl Pts',(-0.89220053837923,1.54533666301313,-9.60416666666669));
#9815=CARTESIAN_POINT('Ctrl Pts',(-1.33830080756884,0.772668331506569,-9.54583333333335));
#9816=CARTESIAN_POINT('Ctrl Pts',(-1.78440107675846,2.86471835143391E-15,
-9.48750000000002));
#9817=CARTESIAN_POINT('Ctrl Pts',(-1.33830080756884,-0.772668331506563,
-9.42916666666669));
#9818=CARTESIAN_POINT('Ctrl Pts',(-0.89220053837923,-1.54533666301313,-9.37083333333335));
#9819=CARTESIAN_POINT('Ctrl Pts',(-1.89249159796408E-16,-1.54533666301313,
-9.31250000000002));
#9820=CARTESIAN_POINT('Ctrl Pts',(0.892200538379229,-1.54533666301313,-9.25416666666668));
#9821=CARTESIAN_POINT('Ctrl Pts',(1.33830080756884,-0.772668331506564,-9.19583333333335));
#9822=CARTESIAN_POINT('Ctrl Pts',(1.78440107675846,2.42766613802444E-15,
-9.13750000000002));
#9823=CARTESIAN_POINT('Ctrl Pts',(1.33830080756885,0.772668331506568,-9.07916666666669));
#9824=CARTESIAN_POINT('Ctrl Pts',(0.892200538379231,1.54533666301313,-9.02083333333335));
#9825=CARTESIAN_POINT('Ctrl Pts',(0.,1.54533666301313,-8.96250000000002));
#9826=CARTESIAN_POINT('Ctrl Pts',(-0.89220053837923,1.54533666301313,-8.90416666666668));
#9827=CARTESIAN_POINT('Ctrl Pts',(-1.33830080756884,0.772668331506569,-8.84583333333335));
#9828=CARTESIAN_POINT('Ctrl Pts',(-1.78440107675846,2.86471835143391E-15,
-8.78750000000002));
#9829=CARTESIAN_POINT('Ctrl Pts',(-1.33830080756884,-0.772668331506563,
-8.72916666666669));
#9830=CARTESIAN_POINT('Ctrl Pts',(-0.89220053837923,-1.54533666301313,-8.67083333333335));
#9831=CARTESIAN_POINT('Ctrl Pts',(-1.89249159796408E-16,-1.54533666301313,
-8.61250000000002));
#9832=CARTESIAN_POINT('Ctrl Pts',(0.892200538379229,-1.54533666301313,-8.55416666666668));
#9833=CARTESIAN_POINT('Ctrl Pts',(1.33830080756884,-0.772668331506564,-8.49583333333335));
#9834=CARTESIAN_POINT('Ctrl Pts',(1.78440107675846,2.42766613802444E-15,
-8.43750000000002));
#9835=CARTESIAN_POINT('Ctrl Pts',(1.33830080756885,0.772668331506568,-8.37916666666669));
#9836=CARTESIAN_POINT('Ctrl Pts',(0.892200538379231,1.54533666301313,-8.32083333333335));
#9837=CARTESIAN_POINT('Ctrl Pts',(0.,1.54533666301313,-8.26250000000002));
#9838=CARTESIAN_POINT('Ctrl Pts',(-0.89220053837923,1.54533666301313,-8.20416666666669));
#9839=CARTESIAN_POINT('Ctrl Pts',(-1.33830080756884,0.772668331506569,-8.14583333333335));
#9840=CARTESIAN_POINT('Ctrl Pts',(-1.78440107675846,2.86471835143391E-15,
-8.08750000000002));
#9841=CARTESIAN_POINT('Ctrl Pts',(-1.33830080756884,-0.772668331506563,
-8.02916666666669));
#9842=CARTESIAN_POINT('Ctrl Pts',(-0.89220053837923,-1.54533666301313,-7.97083333333335));
#9843=CARTESIAN_POINT('Ctrl Pts',(-1.89249159796408E-16,-1.54533666301313,
-7.91250000000002));
#9844=CARTESIAN_POINT('Ctrl Pts',(0.892200538379229,-1.54533666301313,-7.85416666666669));
#9845=CARTESIAN_POINT('Ctrl Pts',(1.33830080756884,-0.772668331506564,-7.79583333333335));
#9846=CARTESIAN_POINT('Ctrl Pts',(1.78440107675846,2.42766613802444E-15,
-7.73750000000002));
#9847=CARTESIAN_POINT('Ctrl Pts',(1.33830080756885,0.772668331506568,-7.67916666666669));
#9848=CARTESIAN_POINT('Ctrl Pts',(0.892200538379231,1.54533666301313,-7.62083333333335));
#9849=CARTESIAN_POINT('Ctrl Pts',(0.,1.54533666301313,-7.56250000000002));
#9850=CARTESIAN_POINT('Ctrl Pts',(-0.89220053837923,1.54533666301313,-7.50416666666669));
#9851=CARTESIAN_POINT('Ctrl Pts',(-1.33830080756884,0.772668331506569,-7.44583333333335));
#9852=CARTESIAN_POINT('Ctrl Pts',(-1.78440107675846,2.86471835143391E-15,
-7.38750000000002));
#9853=CARTESIAN_POINT('Ctrl Pts',(-1.33830080756884,-0.772668331506563,
-7.32916666666669));
#9854=CARTESIAN_POINT('Ctrl Pts',(-0.89220053837923,-1.54533666301313,-7.27083333333335));
#9855=CARTESIAN_POINT('Ctrl Pts',(-1.89249159796408E-16,-1.54533666301313,
-7.21250000000002));
#9856=CARTESIAN_POINT('Ctrl Pts',(0.892200538379229,-1.54533666301313,-7.15416666666669));
#9857=CARTESIAN_POINT('Ctrl Pts',(1.33830080756884,-0.772668331506564,-7.09583333333335));
#9858=CARTESIAN_POINT('Ctrl Pts',(1.78440107675846,2.42766613802444E-15,
-7.03750000000002));
#9859=CARTESIAN_POINT('Ctrl Pts',(1.33830080756885,0.772668331506568,-6.97916666666669));
#9860=CARTESIAN_POINT('Ctrl Pts',(0.892200538379231,1.54533666301313,-6.92083333333335));
#9861=CARTESIAN_POINT('Ctrl Pts',(0.,1.54533666301313,-6.86250000000002));
#9862=CARTESIAN_POINT('Ctrl Pts',(-0.89220053837923,1.54533666301313,-6.80416666666669));
#9863=CARTESIAN_POINT('Ctrl Pts',(-1.33830080756884,0.772668331506569,-6.74583333333335));
#9864=CARTESIAN_POINT('Ctrl Pts',(-1.78440107675846,2.86471835143391E-15,
-6.68750000000002));
#9865=CARTESIAN_POINT('Ctrl Pts',(-1.33830080756884,-0.772668331506563,
-6.62916666666669));
#9866=CARTESIAN_POINT('Ctrl Pts',(-0.89220053837923,-1.54533666301313,-6.57083333333335));
#9867=CARTESIAN_POINT('Ctrl Pts',(-1.89249159796408E-16,-1.54533666301313,
-6.51250000000002));
#9868=CARTESIAN_POINT('Ctrl Pts',(0.892200538379229,-1.54533666301313,-6.45416666666669));
#9869=CARTESIAN_POINT('Ctrl Pts',(1.33830080756884,-0.772668331506564,-6.39583333333335));
#9870=CARTESIAN_POINT('Ctrl Pts',(1.78440107675846,2.42766613802444E-15,
-6.33750000000002));
#9871=CARTESIAN_POINT('Ctrl Pts',(1.33830080756885,0.772668331506568,-6.27916666666669));
#9872=CARTESIAN_POINT('Ctrl Pts',(0.892200538379231,1.54533666301313,-6.22083333333335));
#9873=CARTESIAN_POINT('Ctrl Pts',(0.,1.54533666301313,-6.16250000000002));
#9874=CARTESIAN_POINT('Ctrl Pts',(-0.89220053837923,1.54533666301313,-6.10416666666669));
#9875=CARTESIAN_POINT('Ctrl Pts',(-1.33830080756884,0.772668331506569,-6.04583333333335));
#9876=CARTESIAN_POINT('Ctrl Pts',(-1.78440107675846,2.86471835143391E-15,
-5.98750000000002));
#9877=CARTESIAN_POINT('Ctrl Pts',(-1.33830080756884,-0.772668331506563,
-5.92916666666669));
#9878=CARTESIAN_POINT('Ctrl Pts',(-0.89220053837923,-1.54533666301313,-5.87083333333335));
#9879=CARTESIAN_POINT('Ctrl Pts',(-1.89249159796408E-16,-1.54533666301313,
-5.81250000000002));
#9880=CARTESIAN_POINT('Ctrl Pts',(0.892200538379229,-1.54533666301313,-5.75416666666669));
#9881=CARTESIAN_POINT('Ctrl Pts',(1.33830080756884,-0.772668331506564,-5.69583333333335));
#9882=CARTESIAN_POINT('Ctrl Pts',(1.78440107675846,2.42766613802444E-15,
-5.63750000000002));
#9883=CARTESIAN_POINT('Ctrl Pts',(1.33830080756885,0.772668331506568,-5.57916666666669));
#9884=CARTESIAN_POINT('Ctrl Pts',(0.892200538379231,1.54533666301313,-5.52083333333335));
#9885=CARTESIAN_POINT('Ctrl Pts',(0.,1.54533666301313,-5.46250000000002));
#9886=CARTESIAN_POINT('Ctrl Pts',(-0.89220053837923,1.54533666301313,-5.40416666666669));
#9887=CARTESIAN_POINT('Ctrl Pts',(-1.33830080756884,0.772668331506569,-5.34583333333335));
#9888=CARTESIAN_POINT('Ctrl Pts',(-1.78440107675846,2.86471835143391E-15,
-5.28750000000002));
#9889=CARTESIAN_POINT('Ctrl Pts',(-1.33830080756884,-0.772668331506563,
-5.22916666666669));
#9890=CARTESIAN_POINT('Ctrl Pts',(-0.89220053837923,-1.54533666301313,-5.17083333333335));
#9891=CARTESIAN_POINT('Ctrl Pts',(-1.89249159796408E-16,-1.54533666301313,
-5.11250000000002));
#9892=CARTESIAN_POINT('Ctrl Pts',(0.892200538379229,-1.54533666301313,-5.05416666666669));
#9893=CARTESIAN_POINT('Ctrl Pts',(1.33830080756884,-0.772668331506564,-4.99583333333335));
#9894=CARTESIAN_POINT('Ctrl Pts',(1.78440107675846,2.42766613802444E-15,
-4.93750000000002));
#9895=CARTESIAN_POINT('Ctrl Pts',(1.33830080756885,0.772668331506568,-4.87916666666669));
#9896=CARTESIAN_POINT('Ctrl Pts',(0.892200538379231,1.54533666301313,-4.82083333333335));
#9897=CARTESIAN_POINT('Ctrl Pts',(0.,1.54533666301313,-4.76250000000002));
#9898=CARTESIAN_POINT('Ctrl Pts',(-0.89220053837923,1.54533666301313,-4.70416666666669));
#9899=CARTESIAN_POINT('Ctrl Pts',(-1.33830080756884,0.772668331506569,-4.64583333333335));
#9900=CARTESIAN_POINT('Ctrl Pts',(-1.78440107675846,2.86471835143391E-15,
-4.58750000000002));
#9901=CARTESIAN_POINT('Ctrl Pts',(-1.33830080756884,-0.772668331506563,
-4.52916666666669));
#9902=CARTESIAN_POINT('Ctrl Pts',(-0.89220053837923,-1.54533666301313,-4.47083333333335));
#9903=CARTESIAN_POINT('Ctrl Pts',(-1.89249159796408E-16,-1.54533666301313,
-4.41250000000002));
#9904=CARTESIAN_POINT('Ctrl Pts',(0.892200538379229,-1.54533666301313,-4.35416666666669));
#9905=CARTESIAN_POINT('Ctrl Pts',(1.33830080756884,-0.772668331506564,-4.29583333333335));
#9906=CARTESIAN_POINT('Ctrl Pts',(1.78440107675846,2.42766613802444E-15,
-4.23750000000002));
#9907=CARTESIAN_POINT('Ctrl Pts',(1.33830080756885,0.772668331506568,-4.17916666666668));
#9908=CARTESIAN_POINT('Ctrl Pts',(0.892200538379231,1.54533666301313,-4.12083333333335));
#9909=CARTESIAN_POINT('Ctrl Pts',(0.,1.54533666301313,-4.06250000000002));
#9910=CARTESIAN_POINT('Ctrl Pts',(-0.89220053837923,1.54533666301313,-4.00416666666669));
#9911=CARTESIAN_POINT('Ctrl Pts',(-1.33830080756884,0.772668331506569,-3.94583333333335));
#9912=CARTESIAN_POINT('Ctrl Pts',(-1.78440107675846,2.86471835143391E-15,
-3.88750000000002));
#9913=CARTESIAN_POINT('Ctrl Pts',(-1.33830080756884,-0.772668331506563,
-3.82916666666669));
#9914=CARTESIAN_POINT('Ctrl Pts',(-0.89220053837923,-1.54533666301313,-3.77083333333335));
#9915=CARTESIAN_POINT('Ctrl Pts',(-1.89249159796408E-16,-1.54533666301313,
-3.71250000000002));
#9916=CARTESIAN_POINT('Ctrl Pts',(0.892200538379229,-1.54533666301313,-3.65416666666669));
#9917=CARTESIAN_POINT('Ctrl Pts',(1.33830080756884,-0.772668331506564,-3.59583333333335));
#9918=CARTESIAN_POINT('Ctrl Pts',(1.78440107675846,2.42766613802444E-15,
-3.53750000000002));
#9919=CARTESIAN_POINT('Ctrl Pts',(1.33830080756885,0.772668331506568,-3.47916666666669));
#9920=CARTESIAN_POINT('Ctrl Pts',(0.892200538379231,1.54533666301313,-3.42083333333335));
#9921=CARTESIAN_POINT('Ctrl Pts',(0.,1.54533666301313,-3.36250000000002));
#9922=CARTESIAN_POINT('Ctrl Pts',(-0.89220053837923,1.54533666301313,-3.30416666666669));
#9923=CARTESIAN_POINT('Ctrl Pts',(-1.33830080756884,0.772668331506569,-3.24583333333335));
#9924=CARTESIAN_POINT('Ctrl Pts',(-1.78440107675846,2.86471835143391E-15,
-3.18750000000002));
#9925=CARTESIAN_POINT('Ctrl Pts',(-1.33830080756884,-0.772668331506563,
-3.12916666666669));
#9926=CARTESIAN_POINT('Ctrl Pts',(-0.89220053837923,-1.54533666301313,-3.07083333333335));
#9927=CARTESIAN_POINT('Ctrl Pts',(-1.89249159796408E-16,-1.54533666301313,
-3.01250000000002));
#9928=CARTESIAN_POINT('Ctrl Pts',(0.892200538379229,-1.54533666301313,-2.95416666666669));
#9929=CARTESIAN_POINT('Ctrl Pts',(1.33830080756884,-0.772668331506564,-2.89583333333335));
#9930=CARTESIAN_POINT('Ctrl Pts',(1.78440107675846,2.42766613802444E-15,
-2.83750000000002));
#9931=CARTESIAN_POINT('Ctrl Pts',(1.33830080756885,0.772668331506568,-2.77916666666669));
#9932=CARTESIAN_POINT('Ctrl Pts',(0.892200538379231,1.54533666301313,-2.72083333333335));
#9933=CARTESIAN_POINT('Ctrl Pts',(0.,1.54533666301313,-2.66250000000002));
#9934=CARTESIAN_POINT('Ctrl Pts',(-0.89220053837923,1.54533666301313,-2.60416666666669));
#9935=CARTESIAN_POINT('Ctrl Pts',(-1.33830080756884,0.772668331506569,-2.54583333333335));
#9936=CARTESIAN_POINT('Ctrl Pts',(-1.78440107675846,2.86471835143391E-15,
-2.48750000000002));
#9937=CARTESIAN_POINT('Ctrl Pts',(-1.33830080756884,-0.772668331506563,
-2.42916666666669));
#9938=CARTESIAN_POINT('Ctrl Pts',(-0.89220053837923,-1.54533666301313,-2.37083333333335));
#9939=CARTESIAN_POINT('Ctrl Pts',(-1.89249159796408E-16,-1.54533666301313,
-2.31250000000002));
#9940=CARTESIAN_POINT('Ctrl Pts',(0.892200538379229,-1.54533666301313,-2.25416666666669));
#9941=CARTESIAN_POINT('Ctrl Pts',(1.33830080756884,-0.772668331506564,-2.19583333333335));
#9942=CARTESIAN_POINT('Ctrl Pts',(1.78440107675846,2.42766613802444E-15,
-2.13750000000002));
#9943=CARTESIAN_POINT('Ctrl Pts',(1.33830080756885,0.772668331506568,-2.07916666666669));
#9944=CARTESIAN_POINT('Ctrl Pts',(0.892200538379231,1.54533666301313,-2.02083333333335));
#9945=CARTESIAN_POINT('Ctrl Pts',(0.,1.54533666301313,-1.96250000000002));
#9946=CARTESIAN_POINT('',(0.,1.79161263721434,-1.82031250000001));
#9947=CARTESIAN_POINT('Ctrl Pts',(0.,1.54533666301313,-3.45000000000002));
#9948=CARTESIAN_POINT('Ctrl Pts',(-0.89220053837923,1.54533666301313,-3.39166666666669));
#9949=CARTESIAN_POINT('Ctrl Pts',(-1.33830080756884,0.772668331506567,-3.33333333333336));
#9950=CARTESIAN_POINT('Ctrl Pts',(-1.78440107675846,6.78723814955886E-16,
-3.27500000000002));
#9951=CARTESIAN_POINT('Ctrl Pts',(-1.33830080756884,-0.772668331506565,
-3.21666666666669));
#9952=CARTESIAN_POINT('Ctrl Pts',(-0.89220053837923,-1.54533666301313,-3.15833333333336));
#9953=CARTESIAN_POINT('Ctrl Pts',(-1.89249159796408E-16,-1.54533666301313,
-3.10000000000002));
#9954=CARTESIAN_POINT('Ctrl Pts',(0.892200538379229,-1.54533666301313,-3.04166666666669));
#9955=CARTESIAN_POINT('Ctrl Pts',(1.33830080756884,-0.772668331506566,-2.98333333333336));
#9956=CARTESIAN_POINT('Ctrl Pts',(1.78440107675846,2.41671601546418E-16,
-2.92500000000002));
#9957=CARTESIAN_POINT('Ctrl Pts',(1.33830080756885,0.772668331506565,-2.86666666666669));
#9958=CARTESIAN_POINT('Ctrl Pts',(0.892200538379231,1.54533666301313,-2.80833333333336));
#9959=CARTESIAN_POINT('Ctrl Pts',(0.,1.54533666301313,-2.75000000000002));
#9960=CARTESIAN_POINT('Ctrl Pts',(-0.89220053837923,1.54533666301313,-2.69166666666669));
#9961=CARTESIAN_POINT('Ctrl Pts',(-1.33830080756884,0.772668331506567,-2.63333333333336));
#9962=CARTESIAN_POINT('Ctrl Pts',(-1.78440107675846,6.78723814955886E-16,
-2.57500000000002));
#9963=CARTESIAN_POINT('Ctrl Pts',(-1.33830080756884,-0.772668331506565,
-2.51666666666669));
#9964=CARTESIAN_POINT('Ctrl Pts',(-0.89220053837923,-1.54533666301313,-2.45833333333336));
#9965=CARTESIAN_POINT('Ctrl Pts',(-1.89249159796408E-16,-1.54533666301313,
-2.40000000000002));
#9966=CARTESIAN_POINT('Ctrl Pts',(0.892200538379229,-1.54533666301313,-2.34166666666669));
#9967=CARTESIAN_POINT('Ctrl Pts',(1.33830080756884,-0.772668331506566,-2.28333333333336));
#9968=CARTESIAN_POINT('Ctrl Pts',(1.78440107675846,2.41671601546418E-16,
-2.22500000000002));
#9969=CARTESIAN_POINT('Ctrl Pts',(1.33830080756885,0.772668331506565,-2.16666666666669));
#9970=CARTESIAN_POINT('Ctrl Pts',(0.892200538379231,1.54533666301313,-2.10833333333336));
#9971=CARTESIAN_POINT('Ctrl Pts',(0.,1.54533666301313,-2.05000000000002));
#9972=CARTESIAN_POINT('Ctrl Pts',(-0.89220053837923,1.54533666301313,-1.99166666666669));
#9973=CARTESIAN_POINT('Ctrl Pts',(-1.33830080756884,0.772668331506567,-1.93333333333336));
#9974=CARTESIAN_POINT('Ctrl Pts',(-1.78440107675846,6.78723814955886E-16,
-1.87500000000002));
#9975=CARTESIAN_POINT('Ctrl Pts',(-1.33830080756884,-0.772668331506565,
-1.81666666666669));
#9976=CARTESIAN_POINT('Ctrl Pts',(-0.89220053837923,-1.54533666301313,-1.75833333333336));
#9977=CARTESIAN_POINT('Ctrl Pts',(-1.89249159796408E-16,-1.54533666301313,
-1.70000000000002));
#9978=CARTESIAN_POINT('Ctrl Pts',(0.892200538379229,-1.54533666301313,-1.64166666666669));
#9979=CARTESIAN_POINT('Ctrl Pts',(1.33830080756884,-0.772668331506566,-1.58333333333336));
#9980=CARTESIAN_POINT('Ctrl Pts',(1.78440107675846,2.41671601546418E-16,
-1.52500000000002));
#9981=CARTESIAN_POINT('Ctrl Pts',(1.33830080756885,0.772668331506565,-1.46666666666669));
#9982=CARTESIAN_POINT('Ctrl Pts',(0.892200538379231,1.54533666301313,-1.40833333333336));
#9983=CARTESIAN_POINT('Ctrl Pts',(0.,1.54533666301313,-1.35000000000002));
#9984=CARTESIAN_POINT('Ctrl Pts',(-0.89220053837923,1.54533666301313,-1.29166666666669));
#9985=CARTESIAN_POINT('Ctrl Pts',(-1.33830080756884,0.772668331506567,-1.23333333333336));
#9986=CARTESIAN_POINT('Ctrl Pts',(-1.78440107675846,6.78723814955886E-16,
-1.17500000000002));
#9987=CARTESIAN_POINT('Ctrl Pts',(-1.33830080756884,-0.772668331506565,
-1.11666666666669));
#9988=CARTESIAN_POINT('Ctrl Pts',(-0.89220053837923,-1.54533666301313,-1.05833333333336));
#9989=CARTESIAN_POINT('Ctrl Pts',(-1.89249159796408E-16,-1.54533666301313,
-1.00000000000002));
#9990=CARTESIAN_POINT('Ctrl Pts',(0.892200538379229,-1.54533666301313,-0.941666666666689));
#9991=CARTESIAN_POINT('Ctrl Pts',(1.33830080756884,-0.772668331506566,-0.883333333333356));
#9992=CARTESIAN_POINT('Ctrl Pts',(1.78440107675846,2.41671601546418E-16,
-0.825000000000022));
#9993=CARTESIAN_POINT('Ctrl Pts',(1.33830080756885,0.772668331506565,-0.766666666666689));
#9994=CARTESIAN_POINT('Ctrl Pts',(0.892200538379231,1.54533666301313,-0.708333333333356));
#9995=CARTESIAN_POINT('Ctrl Pts',(0.,1.54533666301313,-0.650000000000023));
#9996=CARTESIAN_POINT('Ctrl Pts',(-0.89220053837923,1.54533666301313,-0.591666666666689));
#9997=CARTESIAN_POINT('Ctrl Pts',(-1.33830080756884,0.772668331506567,-0.533333333333356));
#9998=CARTESIAN_POINT('Ctrl Pts',(-1.78440107675846,6.78723814955886E-16,
-0.475000000000023));
#9999=CARTESIAN_POINT('Ctrl Pts',(-1.33830080756884,-0.772668331506565,
-0.416666666666689));
#10000=CARTESIAN_POINT('Ctrl Pts',(-0.89220053837923,-1.54533666301313,
-0.358333333333356));
#10001=CARTESIAN_POINT('Ctrl Pts',(-1.89249159796408E-16,-1.54533666301313,
-0.300000000000022));
#10002=CARTESIAN_POINT('Ctrl Pts',(0.892200538379229,-1.54533666301313,
-0.241666666666689));
#10003=CARTESIAN_POINT('Ctrl Pts',(1.33830080756884,-0.772668331506566,
-0.183333333333356));
#10004=CARTESIAN_POINT('Ctrl Pts',(1.78440107675846,2.41671601546418E-16,
-0.125000000000023));
#10005=CARTESIAN_POINT('Ctrl Pts',(1.33830080756885,0.772668331506565,-0.0666666666666892));
#10006=CARTESIAN_POINT('Ctrl Pts',(0.892200538379231,1.54533666301313,-0.00833333333335583));
#10007=CARTESIAN_POINT('Ctrl Pts',(0.,1.54533666301313,0.0499999999999776));
#10008=CARTESIAN_POINT('Ctrl Pts',(-0.89220053837923,1.54533666301313,0.108333333333311));
#10009=CARTESIAN_POINT('Ctrl Pts',(-1.33830080756884,0.772668331506567,
0.166666666666644));
#10010=CARTESIAN_POINT('Ctrl Pts',(-1.78440107675846,6.78723814955886E-16,
0.224999999999977));
#10011=CARTESIAN_POINT('Ctrl Pts',(-1.33830080756884,-0.772668331506565,
0.283333333333311));
#10012=CARTESIAN_POINT('Ctrl Pts',(-0.89220053837923,-1.54533666301313,
0.341666666666644));
#10013=CARTESIAN_POINT('Ctrl Pts',(-1.89249159796408E-16,-1.54533666301313,
0.399999999999978));
#10014=CARTESIAN_POINT('Ctrl Pts',(0.892200538379229,-1.54533666301313,
0.458333333333311));
#10015=CARTESIAN_POINT('Ctrl Pts',(1.33830080756884,-0.772668331506566,
0.516666666666644));
#10016=CARTESIAN_POINT('Ctrl Pts',(1.78440107675846,2.41671601546418E-16,
0.574999999999978));
#10017=CARTESIAN_POINT('Ctrl Pts',(1.33830080756885,0.772668331506565,0.63333333333331));
#10018=CARTESIAN_POINT('Ctrl Pts',(0.892200538379231,1.54533666301313,0.691666666666644));
#10019=CARTESIAN_POINT('Ctrl Pts',(0.,1.54533666301313,0.749999999999977));
#10020=CARTESIAN_POINT('Ctrl Pts',(-0.89220053837923,1.54533666301313,0.808333333333311));
#10021=CARTESIAN_POINT('Ctrl Pts',(-1.33830080756884,0.772668331506567,
0.866666666666644));
#10022=CARTESIAN_POINT('Ctrl Pts',(-1.78440107675846,6.78723814955886E-16,
0.924999999999977));
#10023=CARTESIAN_POINT('Ctrl Pts',(-1.33830080756884,-0.772668331506565,
0.983333333333311));
#10024=CARTESIAN_POINT('Ctrl Pts',(-0.89220053837923,-1.54533666301313,
1.04166666666664));
#10025=CARTESIAN_POINT('Ctrl Pts',(-1.89249159796408E-16,-1.54533666301313,
1.09999999999998));
#10026=CARTESIAN_POINT('Ctrl Pts',(0.892200538379229,-1.54533666301313,
1.15833333333331));
#10027=CARTESIAN_POINT('Ctrl Pts',(1.33830080756884,-0.772668331506566,
1.21666666666664));
#10028=CARTESIAN_POINT('Ctrl Pts',(1.78440107675846,2.41671601546418E-16,
1.27499999999998));
#10029=CARTESIAN_POINT('Ctrl Pts',(1.33830080756885,0.772668331506565,1.33333333333331));
#10030=CARTESIAN_POINT('Ctrl Pts',(0.892200538379231,1.54533666301313,1.39166666666664));
#10031=CARTESIAN_POINT('Ctrl Pts',(0.,1.54533666301313,1.44999999999998));
#10032=CARTESIAN_POINT('Ctrl Pts',(-0.89220053837923,1.54533666301313,1.50833333333331));
#10033=CARTESIAN_POINT('Ctrl Pts',(-1.33830080756884,0.772668331506567,
1.56666666666664));
#10034=CARTESIAN_POINT('Ctrl Pts',(-1.78440107675846,6.78723814955886E-16,
1.62499999999998));
#10035=CARTESIAN_POINT('Ctrl Pts',(-1.33830080756884,-0.772668331506565,
1.68333333333331));
#10036=CARTESIAN_POINT('Ctrl Pts',(-0.89220053837923,-1.54533666301313,
1.74166666666664));
#10037=CARTESIAN_POINT('Ctrl Pts',(-1.89249159796408E-16,-1.54533666301313,
1.79999999999998));
#10038=CARTESIAN_POINT('Ctrl Pts',(0.892200538379229,-1.54533666301313,
1.85833333333331));
#10039=CARTESIAN_POINT('Ctrl Pts',(1.33830080756884,-0.772668331506566,
1.91666666666664));
#10040=CARTESIAN_POINT('Ctrl Pts',(1.78440107675846,2.41671601546418E-16,
1.97499999999998));
#10041=CARTESIAN_POINT('Ctrl Pts',(1.33830080756885,0.772668331506565,2.03333333333331));
#10042=CARTESIAN_POINT('Ctrl Pts',(0.892200538379231,1.54533666301313,2.09166666666664));
#10043=CARTESIAN_POINT('Ctrl Pts',(0.,1.54533666301313,2.14999999999998));
#10044=CARTESIAN_POINT('Ctrl Pts',(-0.89220053837923,1.54533666301313,2.20833333333331));
#10045=CARTESIAN_POINT('Ctrl Pts',(-1.33830080756884,0.772668331506567,
2.26666666666664));
#10046=CARTESIAN_POINT('Ctrl Pts',(-1.78440107675846,6.78723814955886E-16,
2.32499999999998));
#10047=CARTESIAN_POINT('Ctrl Pts',(-1.33830080756884,-0.772668331506565,
2.38333333333331));
#10048=CARTESIAN_POINT('Ctrl Pts',(-0.89220053837923,-1.54533666301313,
2.44166666666664));
#10049=CARTESIAN_POINT('Ctrl Pts',(-1.89249159796408E-16,-1.54533666301313,
2.49999999999998));
#10050=CARTESIAN_POINT('Ctrl Pts',(0.892200538379229,-1.54533666301313,
2.55833333333331));
#10051=CARTESIAN_POINT('Ctrl Pts',(1.33830080756884,-0.772668331506566,
2.61666666666664));
#10052=CARTESIAN_POINT('Ctrl Pts',(1.78440107675846,2.41671601546418E-16,
2.67499999999998));
#10053=CARTESIAN_POINT('Ctrl Pts',(1.33830080756885,0.772668331506565,2.73333333333331));
#10054=CARTESIAN_POINT('Ctrl Pts',(0.892200538379231,1.54533666301313,2.79166666666664));
#10055=CARTESIAN_POINT('Ctrl Pts',(0.,1.54533666301313,2.84999999999998));
#10056=CARTESIAN_POINT('Ctrl Pts',(-0.89220053837923,1.54533666301313,2.90833333333331));
#10057=CARTESIAN_POINT('Ctrl Pts',(-1.33830080756884,0.772668331506567,
2.96666666666664));
#10058=CARTESIAN_POINT('Ctrl Pts',(-1.78440107675846,6.78723814955886E-16,
3.02499999999998));
#10059=CARTESIAN_POINT('Ctrl Pts',(-1.33830080756884,-0.772668331506565,
3.08333333333331));
#10060=CARTESIAN_POINT('Ctrl Pts',(-0.89220053837923,-1.54533666301313,
3.14166666666664));
#10061=CARTESIAN_POINT('Ctrl Pts',(-1.89249159796408E-16,-1.54533666301313,
3.19999999999998));
#10062=CARTESIAN_POINT('Ctrl Pts',(0.892200538379229,-1.54533666301313,
3.25833333333331));
#10063=CARTESIAN_POINT('Ctrl Pts',(1.33830080756884,-0.772668331506566,
3.31666666666664));
#10064=CARTESIAN_POINT('Ctrl Pts',(1.78440107675846,2.41671601546418E-16,
3.37499999999998));
#10065=CARTESIAN_POINT('Ctrl Pts',(1.33830080756885,0.772668331506565,3.43333333333331));
#10066=CARTESIAN_POINT('Ctrl Pts',(0.892200538379231,1.54533666301313,3.49166666666664));
#10067=CARTESIAN_POINT('Ctrl Pts',(0.,1.54533666301313,3.54999999999998));
#10068=CARTESIAN_POINT('Ctrl Pts',(-0.89220053837923,1.54533666301313,3.60833333333331));
#10069=CARTESIAN_POINT('Ctrl Pts',(-1.33830080756884,0.772668331506567,
3.66666666666664));
#10070=CARTESIAN_POINT('Ctrl Pts',(-1.78440107675846,6.78723814955886E-16,
3.72499999999998));
#10071=CARTESIAN_POINT('Ctrl Pts',(-1.33830080756884,-0.772668331506565,
3.78333333333331));
#10072=CARTESIAN_POINT('Ctrl Pts',(-0.89220053837923,-1.54533666301313,
3.84166666666664));
#10073=CARTESIAN_POINT('Ctrl Pts',(-1.89249159796408E-16,-1.54533666301313,
3.89999999999998));
#10074=CARTESIAN_POINT('Ctrl Pts',(0.892200538379229,-1.54533666301313,
3.95833333333331));
#10075=CARTESIAN_POINT('Ctrl Pts',(1.33830080756884,-0.772668331506566,
4.01666666666664));
#10076=CARTESIAN_POINT('Ctrl Pts',(1.78440107675846,2.41671601546418E-16,
4.07499999999998));
#10077=CARTESIAN_POINT('Ctrl Pts',(1.33830080756885,0.772668331506565,4.13333333333331));
#10078=CARTESIAN_POINT('Ctrl Pts',(0.892200538379231,1.54533666301313,4.19166666666665));
#10079=CARTESIAN_POINT('Ctrl Pts',(0.,1.54533666301313,4.24999999999998));
#10080=CARTESIAN_POINT('Ctrl Pts',(-0.89220053837923,1.54533666301313,4.30833333333331));
#10081=CARTESIAN_POINT('Ctrl Pts',(-1.33830080756884,0.772668331506567,
4.36666666666664));
#10082=CARTESIAN_POINT('Ctrl Pts',(-1.78440107675846,6.78723814955886E-16,
4.42499999999998));
#10083=CARTESIAN_POINT('Ctrl Pts',(-1.33830080756884,-0.772668331506565,
4.48333333333331));
#10084=CARTESIAN_POINT('Ctrl Pts',(-0.89220053837923,-1.54533666301313,
4.54166666666664));
#10085=CARTESIAN_POINT('Ctrl Pts',(-1.89249159796408E-16,-1.54533666301313,
4.59999999999998));
#10086=CARTESIAN_POINT('Ctrl Pts',(0.892200538379229,-1.54533666301313,
4.65833333333331));
#10087=CARTESIAN_POINT('Ctrl Pts',(1.33830080756884,-0.772668331506566,
4.71666666666664));
#10088=CARTESIAN_POINT('Ctrl Pts',(1.78440107675846,2.41671601546418E-16,
4.77499999999998));
#10089=CARTESIAN_POINT('Ctrl Pts',(1.33830080756885,0.772668331506565,4.83333333333331));
#10090=CARTESIAN_POINT('Ctrl Pts',(0.892200538379231,1.54533666301313,4.89166666666664));
#10091=CARTESIAN_POINT('Ctrl Pts',(0.,1.54533666301313,4.94999999999998));
#10092=CARTESIAN_POINT('Ctrl Pts',(-0.89220053837923,1.54533666301313,5.00833333333331));
#10093=CARTESIAN_POINT('Ctrl Pts',(-1.33830080756884,0.772668331506567,
5.06666666666665));
#10094=CARTESIAN_POINT('Ctrl Pts',(-1.78440107675846,6.78723814955886E-16,
5.12499999999998));
#10095=CARTESIAN_POINT('Ctrl Pts',(-1.33830080756884,-0.772668331506565,
5.18333333333331));
#10096=CARTESIAN_POINT('Ctrl Pts',(-0.89220053837923,-1.54533666301313,
5.24166666666664));
#10097=CARTESIAN_POINT('Ctrl Pts',(-1.89249159796408E-16,-1.54533666301313,
5.29999999999998));
#10098=CARTESIAN_POINT('Ctrl Pts',(0.892200538379229,-1.54533666301313,
5.35833333333331));
#10099=CARTESIAN_POINT('Ctrl Pts',(1.33830080756884,-0.772668331506566,
5.41666666666664));
#10100=CARTESIAN_POINT('Ctrl Pts',(1.78440107675846,2.41671601546418E-16,
5.47499999999998));
#10101=CARTESIAN_POINT('Ctrl Pts',(1.33830080756885,0.772668331506565,5.53333333333331));
#10102=CARTESIAN_POINT('Ctrl Pts',(0.892200538379231,1.54533666301313,5.59166666666664));
#10103=CARTESIAN_POINT('Ctrl Pts',(0.,1.54533666301313,5.64999999999998));
#10104=CARTESIAN_POINT('Ctrl Pts',(-0.89220053837923,1.54533666301313,5.70833333333331));
#10105=CARTESIAN_POINT('Ctrl Pts',(-1.33830080756884,0.772668331506567,
5.76666666666664));
#10106=CARTESIAN_POINT('Ctrl Pts',(-1.78440107675846,6.78723814955886E-16,
5.82499999999998));
#10107=CARTESIAN_POINT('Ctrl Pts',(-1.33830080756884,-0.772668331506565,
5.88333333333331));
#10108=CARTESIAN_POINT('Ctrl Pts',(-0.89220053837923,-1.54533666301313,
5.94166666666664));
#10109=CARTESIAN_POINT('Ctrl Pts',(-1.89249159796408E-16,-1.54533666301313,
5.99999999999998));
#10110=CARTESIAN_POINT('Ctrl Pts',(0.892200538379229,-1.54533666301313,
6.05833333333331));
#10111=CARTESIAN_POINT('Ctrl Pts',(1.33830080756884,-0.772668331506566,
6.11666666666664));
#10112=CARTESIAN_POINT('Ctrl Pts',(1.78440107675846,2.41671601546418E-16,
6.17499999999998));
#10113=CARTESIAN_POINT('Ctrl Pts',(1.33830080756885,0.772668331506565,6.23333333333331));
#10114=CARTESIAN_POINT('Ctrl Pts',(0.892200538379231,1.54533666301313,6.29166666666664));
#10115=CARTESIAN_POINT('Ctrl Pts',(0.,1.54533666301313,6.34999999999998));
#10116=CARTESIAN_POINT('Ctrl Pts',(-0.89220053837923,1.54533666301313,6.40833333333331));
#10117=CARTESIAN_POINT('Ctrl Pts',(-1.33830080756884,0.772668331506567,
6.46666666666665));
#10118=CARTESIAN_POINT('Ctrl Pts',(-1.78440107675846,6.78723814955886E-16,
6.52499999999998));
#10119=CARTESIAN_POINT('Ctrl Pts',(-1.33830080756884,-0.772668331506565,
6.58333333333331));
#10120=CARTESIAN_POINT('Ctrl Pts',(-0.89220053837923,-1.54533666301313,
6.64166666666664));
#10121=CARTESIAN_POINT('Ctrl Pts',(-1.89249159796408E-16,-1.54533666301313,
6.69999999999998));
#10122=CARTESIAN_POINT('Ctrl Pts',(0.892200538379229,-1.54533666301313,
6.75833333333331));
#10123=CARTESIAN_POINT('Ctrl Pts',(1.33830080756884,-0.772668331506566,
6.81666666666664));
#10124=CARTESIAN_POINT('Ctrl Pts',(1.78440107675846,2.41671601546418E-16,
6.87499999999998));
#10125=CARTESIAN_POINT('Ctrl Pts',(1.33830080756885,0.772668331506565,6.93333333333331));
#10126=CARTESIAN_POINT('Ctrl Pts',(0.892200538379231,1.54533666301313,6.99166666666664));
#10127=CARTESIAN_POINT('Ctrl Pts',(0.,1.54533666301313,7.04999999999998));
#10128=CARTESIAN_POINT('Ctrl Pts',(-0.89220053837923,1.54533666301313,7.10833333333331));
#10129=CARTESIAN_POINT('Ctrl Pts',(-1.33830080756884,0.772668331506567,
7.16666666666664));
#10130=CARTESIAN_POINT('Ctrl Pts',(-1.78440107675846,6.78723814955886E-16,
7.22499999999998));
#10131=CARTESIAN_POINT('Ctrl Pts',(-1.33830080756884,-0.772668331506565,
7.28333333333331));
#10132=CARTESIAN_POINT('Ctrl Pts',(-0.89220053837923,-1.54533666301313,
7.34166666666664));
#10133=CARTESIAN_POINT('Ctrl Pts',(-1.89249159796408E-16,-1.54533666301313,
7.39999999999998));
#10134=CARTESIAN_POINT('Ctrl Pts',(0.892200538379229,-1.54533666301313,
7.45833333333331));
#10135=CARTESIAN_POINT('Ctrl Pts',(1.33830080756884,-0.772668331506566,
7.51666666666664));
#10136=CARTESIAN_POINT('Ctrl Pts',(1.78440107675846,2.41671601546418E-16,
7.57499999999998));
#10137=CARTESIAN_POINT('Ctrl Pts',(1.33830080756885,0.772668331506565,7.63333333333331));
#10138=CARTESIAN_POINT('Ctrl Pts',(0.892200538379231,1.54533666301313,7.69166666666664));
#10139=CARTESIAN_POINT('Ctrl Pts',(0.,1.54533666301313,7.74999999999998));
#10140=CARTESIAN_POINT('Ctrl Pts',(-0.89220053837923,1.54533666301313,7.80833333333331));
#10141=CARTESIAN_POINT('Ctrl Pts',(-1.33830080756884,0.772668331506567,
7.86666666666664));
#10142=CARTESIAN_POINT('Ctrl Pts',(-1.78440107675846,6.78723814955886E-16,
7.92499999999998));
#10143=CARTESIAN_POINT('Ctrl Pts',(-1.33830080756884,-0.772668331506565,
7.98333333333331));
#10144=CARTESIAN_POINT('Ctrl Pts',(-0.89220053837923,-1.54533666301313,
8.04166666666664));
#10145=CARTESIAN_POINT('Ctrl Pts',(-1.89249159796408E-16,-1.54533666301313,
8.09999999999998));
#10146=CARTESIAN_POINT('Ctrl Pts',(0.892200538379229,-1.54533666301313,
8.15833333333331));
#10147=CARTESIAN_POINT('Ctrl Pts',(1.33830080756884,-0.772668331506566,
8.21666666666665));
#10148=CARTESIAN_POINT('Ctrl Pts',(1.78440107675846,2.41671601546418E-16,
8.27499999999998));
#10149=CARTESIAN_POINT('Ctrl Pts',(1.33830080756885,0.772668331506565,8.33333333333331));
#10150=CARTESIAN_POINT('Ctrl Pts',(0.892200538379231,1.54533666301313,8.39166666666664));
#10151=CARTESIAN_POINT('Ctrl Pts',(0.,1.54533666301313,8.44999999999998));
#10152=CARTESIAN_POINT('Ctrl Pts',(-0.89220053837923,1.54533666301313,8.50833333333331));
#10153=CARTESIAN_POINT('Ctrl Pts',(-1.33830080756884,0.772668331506567,
8.56666666666665));
#10154=CARTESIAN_POINT('Ctrl Pts',(-1.78440107675846,6.78723814955886E-16,
8.62499999999998));
#10155=CARTESIAN_POINT('Ctrl Pts',(-1.33830080756884,-0.772668331506565,
8.68333333333331));
#10156=CARTESIAN_POINT('Ctrl Pts',(-0.89220053837923,-1.54533666301313,
8.74166666666664));
#10157=CARTESIAN_POINT('Ctrl Pts',(-1.89249159796408E-16,-1.54533666301313,
8.79999999999998));
#10158=CARTESIAN_POINT('Ctrl Pts',(0.892200538379229,-1.54533666301313,
8.85833333333331));
#10159=CARTESIAN_POINT('Ctrl Pts',(1.33830080756884,-0.772668331506566,
8.91666666666664));
#10160=CARTESIAN_POINT('Ctrl Pts',(1.78440107675846,2.41671601546418E-16,
8.97499999999998));
#10161=CARTESIAN_POINT('Ctrl Pts',(1.33830080756885,0.772668331506565,9.03333333333331));
#10162=CARTESIAN_POINT('Ctrl Pts',(0.892200538379231,1.54533666301313,9.09166666666664));
#10163=CARTESIAN_POINT('Ctrl Pts',(0.,1.54533666301313,9.14999999999998));
#10164=CARTESIAN_POINT('Ctrl Pts',(-0.89220053837923,1.54533666301313,9.20833333333331));
#10165=CARTESIAN_POINT('Ctrl Pts',(-1.33830080756884,0.772668331506567,
9.26666666666664));
#10166=CARTESIAN_POINT('Ctrl Pts',(-1.78440107675846,6.78723814955886E-16,
9.32499999999998));
#10167=CARTESIAN_POINT('Ctrl Pts',(-1.33830080756884,-0.772668331506565,
9.38333333333331));
#10168=CARTESIAN_POINT('Ctrl Pts',(-0.89220053837923,-1.54533666301313,
9.44166666666664));
#10169=CARTESIAN_POINT('Ctrl Pts',(-1.89249159796408E-16,-1.54533666301313,
9.49999999999998));
#10170=CARTESIAN_POINT('Ctrl Pts',(0.892200538379229,-1.54533666301313,
9.55833333333331));
#10171=CARTESIAN_POINT('Ctrl Pts',(1.33830080756884,-0.772668331506566,
9.61666666666664));
#10172=CARTESIAN_POINT('Ctrl Pts',(1.78440107675846,2.41671601546418E-16,
9.67499999999998));
#10173=CARTESIAN_POINT('Ctrl Pts',(1.33830080756885,0.772668331506565,9.73333333333331));
#10174=CARTESIAN_POINT('Ctrl Pts',(0.892200538379231,1.54533666301313,9.79166666666664));
#10175=CARTESIAN_POINT('Ctrl Pts',(0.,1.54533666301313,9.84999999999998));
#10176=CARTESIAN_POINT('Ctrl Pts',(0.,2.03788861141555,-3.73437500000003));
#10177=CARTESIAN_POINT('Ctrl Pts',(-1.17657553837924,2.03788861141555,-3.6760416666667));
#10178=CARTESIAN_POINT('Ctrl Pts',(-1.76486330756886,1.01894430570778,-3.61770833333337));
#10179=CARTESIAN_POINT('Ctrl Pts',(-2.35315107675848,7.1354970830664E-16,
-3.55937500000003));
#10180=CARTESIAN_POINT('Ctrl Pts',(-1.76486330756886,-1.01894430570777,
-3.5010416666667));
#10181=CARTESIAN_POINT('Ctrl Pts',(-1.17657553837924,-2.03788861141555,
-3.44270833333337));
#10182=CARTESIAN_POINT('Ctrl Pts',(-2.4956937649889E-16,-2.03788861141555,
-3.38437500000003));
#10183=CARTESIAN_POINT('Ctrl Pts',(1.17657553837924,-2.03788861141555,-3.3260416666667));
#10184=CARTESIAN_POINT('Ctrl Pts',(1.76486330756886,-1.01894430570778,-3.26770833333337));
#10185=CARTESIAN_POINT('Ctrl Pts',(2.35315107675848,1.37193921494155E-16,
-3.20937500000003));
#10186=CARTESIAN_POINT('Ctrl Pts',(1.76486330756886,1.01894430570777,-3.1510416666667));
#10187=CARTESIAN_POINT('Ctrl Pts',(1.17657553837924,2.03788861141555,-3.09270833333337));
#10188=CARTESIAN_POINT('Ctrl Pts',(0.,2.03788861141555,-3.03437500000003));
#10189=CARTESIAN_POINT('Ctrl Pts',(-1.17657553837924,2.03788861141555,-2.9760416666667));
#10190=CARTESIAN_POINT('Ctrl Pts',(-1.76486330756886,1.01894430570778,-2.91770833333337));
#10191=CARTESIAN_POINT('Ctrl Pts',(-2.35315107675848,7.1354970830664E-16,
-2.85937500000003));
#10192=CARTESIAN_POINT('Ctrl Pts',(-1.76486330756886,-1.01894430570777,
-2.8010416666667));
#10193=CARTESIAN_POINT('Ctrl Pts',(-1.17657553837924,-2.03788861141555,
-2.74270833333337));
#10194=CARTESIAN_POINT('Ctrl Pts',(-2.4956937649889E-16,-2.03788861141555,
-2.68437500000003));
#10195=CARTESIAN_POINT('Ctrl Pts',(1.17657553837924,-2.03788861141555,-2.6260416666667));
#10196=CARTESIAN_POINT('Ctrl Pts',(1.76486330756886,-1.01894430570778,-2.56770833333337));
#10197=CARTESIAN_POINT('Ctrl Pts',(2.35315107675848,1.37193921494155E-16,
-2.50937500000003));
#10198=CARTESIAN_POINT('Ctrl Pts',(1.76486330756886,1.01894430570777,-2.4510416666667));
#10199=CARTESIAN_POINT('Ctrl Pts',(1.17657553837924,2.03788861141555,-2.39270833333337));
#10200=CARTESIAN_POINT('Ctrl Pts',(0.,2.03788861141555,-2.33437500000003));
#10201=CARTESIAN_POINT('Ctrl Pts',(-1.17657553837924,2.03788861141555,-2.2760416666667));
#10202=CARTESIAN_POINT('Ctrl Pts',(-1.76486330756886,1.01894430570778,-2.21770833333337));
#10203=CARTESIAN_POINT('Ctrl Pts',(-2.35315107675848,7.1354970830664E-16,
-2.15937500000003));
#10204=CARTESIAN_POINT('Ctrl Pts',(-1.76486330756886,-1.01894430570777,
-2.1010416666667));
#10205=CARTESIAN_POINT('Ctrl Pts',(-1.17657553837924,-2.03788861141555,
-2.04270833333337));
#10206=CARTESIAN_POINT('Ctrl Pts',(-2.4956937649889E-16,-2.03788861141555,
-1.98437500000003));
#10207=CARTESIAN_POINT('Ctrl Pts',(1.17657553837924,-2.03788861141555,-1.9260416666667));
#10208=CARTESIAN_POINT('Ctrl Pts',(1.76486330756886,-1.01894430570778,-1.86770833333337));
#10209=CARTESIAN_POINT('Ctrl Pts',(2.35315107675848,1.37193921494155E-16,
-1.80937500000003));
#10210=CARTESIAN_POINT('Ctrl Pts',(1.76486330756886,1.01894430570777,-1.7510416666667));
#10211=CARTESIAN_POINT('Ctrl Pts',(1.17657553837924,2.03788861141555,-1.69270833333337));
#10212=CARTESIAN_POINT('Ctrl Pts',(0.,2.03788861141555,-1.63437500000003));
#10213=CARTESIAN_POINT('Ctrl Pts',(-1.17657553837924,2.03788861141555,-1.5760416666667));
#10214=CARTESIAN_POINT('Ctrl Pts',(-1.76486330756886,1.01894430570778,-1.51770833333337));
#10215=CARTESIAN_POINT('Ctrl Pts',(-2.35315107675848,7.1354970830664E-16,
-1.45937500000003));
#10216=CARTESIAN_POINT('Ctrl Pts',(-1.76486330756886,-1.01894430570777,
-1.4010416666667));
#10217=CARTESIAN_POINT('Ctrl Pts',(-1.17657553837924,-2.03788861141555,
-1.34270833333337));
#10218=CARTESIAN_POINT('Ctrl Pts',(-2.4956937649889E-16,-2.03788861141555,
-1.28437500000003));
#10219=CARTESIAN_POINT('Ctrl Pts',(1.17657553837924,-2.03788861141555,-1.2260416666667));
#10220=CARTESIAN_POINT('Ctrl Pts',(1.76486330756886,-1.01894430570778,-1.16770833333337));
#10221=CARTESIAN_POINT('Ctrl Pts',(2.35315107675848,1.37193921494155E-16,
-1.10937500000003));
#10222=CARTESIAN_POINT('Ctrl Pts',(1.76486330756886,1.01894430570777,-1.0510416666667));
#10223=CARTESIAN_POINT('Ctrl Pts',(1.17657553837924,2.03788861141555,-0.992708333333366));
#10224=CARTESIAN_POINT('Ctrl Pts',(0.,2.03788861141555,-0.934375000000033));
#10225=CARTESIAN_POINT('Ctrl Pts',(-1.17657553837924,2.03788861141555,-0.876041666666699));
#10226=CARTESIAN_POINT('Ctrl Pts',(-1.76486330756886,1.01894430570778,-0.817708333333366));
#10227=CARTESIAN_POINT('Ctrl Pts',(-2.35315107675848,7.1354970830664E-16,
-0.759375000000033));
#10228=CARTESIAN_POINT('Ctrl Pts',(-1.76486330756886,-1.01894430570777,
-0.7010416666667));
#10229=CARTESIAN_POINT('Ctrl Pts',(-1.17657553837924,-2.03788861141555,
-0.642708333333366));
#10230=CARTESIAN_POINT('Ctrl Pts',(-2.4956937649889E-16,-2.03788861141555,
-0.584375000000033));
#10231=CARTESIAN_POINT('Ctrl Pts',(1.17657553837924,-2.03788861141555,-0.526041666666699));
#10232=CARTESIAN_POINT('Ctrl Pts',(1.76486330756886,-1.01894430570778,-0.467708333333366));
#10233=CARTESIAN_POINT('Ctrl Pts',(2.35315107675848,1.37193921494155E-16,
-0.409375000000033));
#10234=CARTESIAN_POINT('Ctrl Pts',(1.76486330756886,1.01894430570777,-0.3510416666667));
#10235=CARTESIAN_POINT('Ctrl Pts',(1.17657553837924,2.03788861141555,-0.292708333333366));
#10236=CARTESIAN_POINT('Ctrl Pts',(0.,2.03788861141555,-0.234375000000033));
#10237=CARTESIAN_POINT('Ctrl Pts',(-1.17657553837924,2.03788861141555,-0.176041666666699));
#10238=CARTESIAN_POINT('Ctrl Pts',(-1.76486330756886,1.01894430570778,-0.117708333333366));
#10239=CARTESIAN_POINT('Ctrl Pts',(-2.35315107675848,7.1354970830664E-16,
-0.0593750000000329));
#10240=CARTESIAN_POINT('Ctrl Pts',(-1.76486330756886,-1.01894430570777,
-0.00104166666669951));
#10241=CARTESIAN_POINT('Ctrl Pts',(-1.17657553837924,-2.03788861141555,
0.0572916666666339));
#10242=CARTESIAN_POINT('Ctrl Pts',(-2.4956937649889E-16,-2.03788861141555,
0.115624999999967));
#10243=CARTESIAN_POINT('Ctrl Pts',(1.17657553837924,-2.03788861141555,0.1739583333333));
#10244=CARTESIAN_POINT('Ctrl Pts',(1.76486330756886,-1.01894430570778,0.232291666666634));
#10245=CARTESIAN_POINT('Ctrl Pts',(2.35315107675848,1.37193921494155E-16,
0.290624999999967));
#10246=CARTESIAN_POINT('Ctrl Pts',(1.76486330756886,1.01894430570777,0.3489583333333));
#10247=CARTESIAN_POINT('Ctrl Pts',(1.17657553837924,2.03788861141555,0.407291666666634));
#10248=CARTESIAN_POINT('Ctrl Pts',(0.,2.03788861141555,0.465624999999967));
#10249=CARTESIAN_POINT('Ctrl Pts',(-1.17657553837924,2.03788861141555,0.523958333333301));
#10250=CARTESIAN_POINT('Ctrl Pts',(-1.76486330756886,1.01894430570778,0.582291666666634));
#10251=CARTESIAN_POINT('Ctrl Pts',(-2.35315107675848,7.1354970830664E-16,
0.640624999999967));
#10252=CARTESIAN_POINT('Ctrl Pts',(-1.76486330756886,-1.01894430570777,
0.698958333333301));
#10253=CARTESIAN_POINT('Ctrl Pts',(-1.17657553837924,-2.03788861141555,
0.757291666666634));
#10254=CARTESIAN_POINT('Ctrl Pts',(-2.4956937649889E-16,-2.03788861141555,
0.815624999999968));
#10255=CARTESIAN_POINT('Ctrl Pts',(1.17657553837924,-2.03788861141555,0.873958333333301));
#10256=CARTESIAN_POINT('Ctrl Pts',(1.76486330756886,-1.01894430570778,0.932291666666634));
#10257=CARTESIAN_POINT('Ctrl Pts',(2.35315107675848,1.37193921494155E-16,
0.990624999999967));
#10258=CARTESIAN_POINT('Ctrl Pts',(1.76486330756886,1.01894430570777,1.0489583333333));
#10259=CARTESIAN_POINT('Ctrl Pts',(1.17657553837924,2.03788861141555,1.10729166666663));
#10260=CARTESIAN_POINT('Ctrl Pts',(0.,2.03788861141555,1.16562499999997));
#10261=CARTESIAN_POINT('Ctrl Pts',(-1.17657553837924,2.03788861141555,1.2239583333333));
#10262=CARTESIAN_POINT('Ctrl Pts',(-1.76486330756886,1.01894430570778,1.28229166666663));
#10263=CARTESIAN_POINT('Ctrl Pts',(-2.35315107675848,7.1354970830664E-16,
1.34062499999997));
#10264=CARTESIAN_POINT('Ctrl Pts',(-1.76486330756886,-1.01894430570777,
1.3989583333333));
#10265=CARTESIAN_POINT('Ctrl Pts',(-1.17657553837924,-2.03788861141555,
1.45729166666663));
#10266=CARTESIAN_POINT('Ctrl Pts',(-2.4956937649889E-16,-2.03788861141555,
1.51562499999997));
#10267=CARTESIAN_POINT('Ctrl Pts',(1.17657553837924,-2.03788861141555,1.5739583333333));
#10268=CARTESIAN_POINT('Ctrl Pts',(1.76486330756886,-1.01894430570778,1.63229166666663));
#10269=CARTESIAN_POINT('Ctrl Pts',(2.35315107675848,1.37193921494155E-16,
1.69062499999997));
#10270=CARTESIAN_POINT('Ctrl Pts',(1.76486330756886,1.01894430570777,1.7489583333333));
#10271=CARTESIAN_POINT('Ctrl Pts',(1.17657553837924,2.03788861141555,1.80729166666663));
#10272=CARTESIAN_POINT('Ctrl Pts',(0.,2.03788861141555,1.86562499999997));
#10273=CARTESIAN_POINT('Ctrl Pts',(-1.17657553837924,2.03788861141555,1.9239583333333));
#10274=CARTESIAN_POINT('Ctrl Pts',(-1.76486330756886,1.01894430570778,1.98229166666663));
#10275=CARTESIAN_POINT('Ctrl Pts',(-2.35315107675848,7.1354970830664E-16,
2.04062499999997));
#10276=CARTESIAN_POINT('Ctrl Pts',(-1.76486330756886,-1.01894430570777,
2.0989583333333));
#10277=CARTESIAN_POINT('Ctrl Pts',(-1.17657553837924,-2.03788861141555,
2.15729166666663));
#10278=CARTESIAN_POINT('Ctrl Pts',(-2.4956937649889E-16,-2.03788861141555,
2.21562499999997));
#10279=CARTESIAN_POINT('Ctrl Pts',(1.17657553837924,-2.03788861141555,2.2739583333333));
#10280=CARTESIAN_POINT('Ctrl Pts',(1.76486330756886,-1.01894430570778,2.33229166666663));
#10281=CARTESIAN_POINT('Ctrl Pts',(2.35315107675848,1.37193921494155E-16,
2.39062499999997));
#10282=CARTESIAN_POINT('Ctrl Pts',(1.76486330756886,1.01894430570777,2.4489583333333));
#10283=CARTESIAN_POINT('Ctrl Pts',(1.17657553837924,2.03788861141555,2.50729166666663));
#10284=CARTESIAN_POINT('Ctrl Pts',(0.,2.03788861141555,2.56562499999997));
#10285=CARTESIAN_POINT('Ctrl Pts',(-1.17657553837924,2.03788861141555,2.6239583333333));
#10286=CARTESIAN_POINT('Ctrl Pts',(-1.76486330756886,1.01894430570778,2.68229166666663));
#10287=CARTESIAN_POINT('Ctrl Pts',(-2.35315107675848,7.1354970830664E-16,
2.74062499999997));
#10288=CARTESIAN_POINT('Ctrl Pts',(-1.76486330756886,-1.01894430570777,
2.7989583333333));
#10289=CARTESIAN_POINT('Ctrl Pts',(-1.17657553837924,-2.03788861141555,
2.85729166666663));
#10290=CARTESIAN_POINT('Ctrl Pts',(-2.4956937649889E-16,-2.03788861141555,
2.91562499999997));
#10291=CARTESIAN_POINT('Ctrl Pts',(1.17657553837924,-2.03788861141555,2.9739583333333));
#10292=CARTESIAN_POINT('Ctrl Pts',(1.76486330756886,-1.01894430570778,3.03229166666663));
#10293=CARTESIAN_POINT('Ctrl Pts',(2.35315107675848,1.37193921494155E-16,
3.09062499999997));
#10294=CARTESIAN_POINT('Ctrl Pts',(1.76486330756886,1.01894430570777,3.1489583333333));
#10295=CARTESIAN_POINT('Ctrl Pts',(1.17657553837924,2.03788861141555,3.20729166666663));
#10296=CARTESIAN_POINT('Ctrl Pts',(0.,2.03788861141555,3.26562499999997));
#10297=CARTESIAN_POINT('Ctrl Pts',(-1.17657553837924,2.03788861141555,3.3239583333333));
#10298=CARTESIAN_POINT('Ctrl Pts',(-1.76486330756886,1.01894430570778,3.38229166666663));
#10299=CARTESIAN_POINT('Ctrl Pts',(-2.35315107675848,7.1354970830664E-16,
3.44062499999997));
#10300=CARTESIAN_POINT('Ctrl Pts',(-1.76486330756886,-1.01894430570777,
3.4989583333333));
#10301=CARTESIAN_POINT('Ctrl Pts',(-1.17657553837924,-2.03788861141555,
3.55729166666663));
#10302=CARTESIAN_POINT('Ctrl Pts',(-2.4956937649889E-16,-2.03788861141555,
3.61562499999997));
#10303=CARTESIAN_POINT('Ctrl Pts',(1.17657553837924,-2.03788861141555,3.6739583333333));
#10304=CARTESIAN_POINT('Ctrl Pts',(1.76486330756886,-1.01894430570778,3.73229166666663));
#10305=CARTESIAN_POINT('Ctrl Pts',(2.35315107675848,1.37193921494155E-16,
3.79062499999997));
#10306=CARTESIAN_POINT('Ctrl Pts',(1.76486330756886,1.01894430570777,3.8489583333333));
#10307=CARTESIAN_POINT('Ctrl Pts',(1.17657553837924,2.03788861141555,3.90729166666663));
#10308=CARTESIAN_POINT('Ctrl Pts',(0.,2.03788861141555,3.96562499999997));
#10309=CARTESIAN_POINT('Ctrl Pts',(-1.17657553837924,2.03788861141555,4.0239583333333));
#10310=CARTESIAN_POINT('Ctrl Pts',(-1.76486330756886,1.01894430570778,4.08229166666663));
#10311=CARTESIAN_POINT('Ctrl Pts',(-2.35315107675848,7.1354970830664E-16,
4.14062499999997));
#10312=CARTESIAN_POINT('Ctrl Pts',(-1.76486330756886,-1.01894430570777,
4.1989583333333));
#10313=CARTESIAN_POINT('Ctrl Pts',(-1.17657553837924,-2.03788861141555,
4.25729166666663));
#10314=CARTESIAN_POINT('Ctrl Pts',(-2.4956937649889E-16,-2.03788861141555,
4.31562499999997));
#10315=CARTESIAN_POINT('Ctrl Pts',(1.17657553837924,-2.03788861141555,4.3739583333333));
#10316=CARTESIAN_POINT('Ctrl Pts',(1.76486330756886,-1.01894430570778,4.43229166666663));
#10317=CARTESIAN_POINT('Ctrl Pts',(2.35315107675848,1.37193921494155E-16,
4.49062499999997));
#10318=CARTESIAN_POINT('Ctrl Pts',(1.76486330756886,1.01894430570777,4.5489583333333));
#10319=CARTESIAN_POINT('Ctrl Pts',(1.17657553837924,2.03788861141555,4.60729166666663));
#10320=CARTESIAN_POINT('Ctrl Pts',(0.,2.03788861141555,4.66562499999997));
#10321=CARTESIAN_POINT('Ctrl Pts',(-1.17657553837924,2.03788861141555,4.7239583333333));
#10322=CARTESIAN_POINT('Ctrl Pts',(-1.76486330756886,1.01894430570778,4.78229166666663));
#10323=CARTESIAN_POINT('Ctrl Pts',(-2.35315107675848,7.1354970830664E-16,
4.84062499999997));
#10324=CARTESIAN_POINT('Ctrl Pts',(-1.76486330756886,-1.01894430570777,
4.8989583333333));
#10325=CARTESIAN_POINT('Ctrl Pts',(-1.17657553837924,-2.03788861141555,
4.95729166666664));
#10326=CARTESIAN_POINT('Ctrl Pts',(-2.4956937649889E-16,-2.03788861141555,
5.01562499999997));
#10327=CARTESIAN_POINT('Ctrl Pts',(1.17657553837924,-2.03788861141555,5.0739583333333));
#10328=CARTESIAN_POINT('Ctrl Pts',(1.76486330756886,-1.01894430570778,5.13229166666663));
#10329=CARTESIAN_POINT('Ctrl Pts',(2.35315107675848,1.37193921494155E-16,
5.19062499999997));
#10330=CARTESIAN_POINT('Ctrl Pts',(1.76486330756886,1.01894430570777,5.2489583333333));
#10331=CARTESIAN_POINT('Ctrl Pts',(1.17657553837924,2.03788861141555,5.30729166666663));
#10332=CARTESIAN_POINT('Ctrl Pts',(0.,2.03788861141555,5.36562499999997));
#10333=CARTESIAN_POINT('Ctrl Pts',(-1.17657553837924,2.03788861141555,5.4239583333333));
#10334=CARTESIAN_POINT('Ctrl Pts',(-1.76486330756886,1.01894430570778,5.48229166666663));
#10335=CARTESIAN_POINT('Ctrl Pts',(-2.35315107675848,7.1354970830664E-16,
5.54062499999997));
#10336=CARTESIAN_POINT('Ctrl Pts',(-1.76486330756886,-1.01894430570777,
5.5989583333333));
#10337=CARTESIAN_POINT('Ctrl Pts',(-1.17657553837924,-2.03788861141555,
5.65729166666663));
#10338=CARTESIAN_POINT('Ctrl Pts',(-2.4956937649889E-16,-2.03788861141555,
5.71562499999997));
#10339=CARTESIAN_POINT('Ctrl Pts',(1.17657553837924,-2.03788861141555,5.7739583333333));
#10340=CARTESIAN_POINT('Ctrl Pts',(1.76486330756886,-1.01894430570778,5.83229166666663));
#10341=CARTESIAN_POINT('Ctrl Pts',(2.35315107675848,1.37193921494155E-16,
5.89062499999997));
#10342=CARTESIAN_POINT('Ctrl Pts',(1.76486330756886,1.01894430570777,5.9489583333333));
#10343=CARTESIAN_POINT('Ctrl Pts',(1.17657553837924,2.03788861141555,6.00729166666663));
#10344=CARTESIAN_POINT('Ctrl Pts',(0.,2.03788861141555,6.06562499999997));
#10345=CARTESIAN_POINT('Ctrl Pts',(-1.17657553837924,2.03788861141555,6.1239583333333));
#10346=CARTESIAN_POINT('Ctrl Pts',(-1.76486330756886,1.01894430570778,6.18229166666663));
#10347=CARTESIAN_POINT('Ctrl Pts',(-2.35315107675848,7.1354970830664E-16,
6.24062499999997));
#10348=CARTESIAN_POINT('Ctrl Pts',(-1.76486330756886,-1.01894430570777,
6.2989583333333));
#10349=CARTESIAN_POINT('Ctrl Pts',(-1.17657553837924,-2.03788861141555,
6.35729166666664));
#10350=CARTESIAN_POINT('Ctrl Pts',(-2.4956937649889E-16,-2.03788861141555,
6.41562499999997));
#10351=CARTESIAN_POINT('Ctrl Pts',(1.17657553837924,-2.03788861141555,6.4739583333333));
#10352=CARTESIAN_POINT('Ctrl Pts',(1.76486330756886,-1.01894430570778,6.53229166666663));
#10353=CARTESIAN_POINT('Ctrl Pts',(2.35315107675848,1.37193921494155E-16,
6.59062499999997));
#10354=CARTESIAN_POINT('Ctrl Pts',(1.76486330756886,1.01894430570777,6.6489583333333));
#10355=CARTESIAN_POINT('Ctrl Pts',(1.17657553837924,2.03788861141555,6.70729166666663));
#10356=CARTESIAN_POINT('Ctrl Pts',(0.,2.03788861141555,6.76562499999997));
#10357=CARTESIAN_POINT('Ctrl Pts',(-1.17657553837924,2.03788861141555,6.8239583333333));
#10358=CARTESIAN_POINT('Ctrl Pts',(-1.76486330756886,1.01894430570778,6.88229166666663));
#10359=CARTESIAN_POINT('Ctrl Pts',(-2.35315107675848,7.1354970830664E-16,
6.94062499999997));
#10360=CARTESIAN_POINT('Ctrl Pts',(-1.76486330756886,-1.01894430570777,
6.9989583333333));
#10361=CARTESIAN_POINT('Ctrl Pts',(-1.17657553837924,-2.03788861141555,
7.05729166666663));
#10362=CARTESIAN_POINT('Ctrl Pts',(-2.4956937649889E-16,-2.03788861141555,
7.11562499999997));
#10363=CARTESIAN_POINT('Ctrl Pts',(1.17657553837924,-2.03788861141555,7.1739583333333));
#10364=CARTESIAN_POINT('Ctrl Pts',(1.76486330756886,-1.01894430570778,7.23229166666663));
#10365=CARTESIAN_POINT('Ctrl Pts',(2.35315107675848,1.37193921494155E-16,
7.29062499999997));
#10366=CARTESIAN_POINT('Ctrl Pts',(1.76486330756886,1.01894430570777,7.3489583333333));
#10367=CARTESIAN_POINT('Ctrl Pts',(1.17657553837924,2.03788861141555,7.40729166666663));
#10368=CARTESIAN_POINT('Ctrl Pts',(0.,2.03788861141555,7.46562499999997));
#10369=CARTESIAN_POINT('Ctrl Pts',(-1.17657553837924,2.03788861141555,7.5239583333333));
#10370=CARTESIAN_POINT('Ctrl Pts',(-1.76486330756886,1.01894430570778,7.58229166666663));
#10371=CARTESIAN_POINT('Ctrl Pts',(-2.35315107675848,7.1354970830664E-16,
7.64062499999997));
#10372=CARTESIAN_POINT('Ctrl Pts',(-1.76486330756886,-1.01894430570777,
7.6989583333333));
#10373=CARTESIAN_POINT('Ctrl Pts',(-1.17657553837924,-2.03788861141555,
7.75729166666664));
#10374=CARTESIAN_POINT('Ctrl Pts',(-2.4956937649889E-16,-2.03788861141555,
7.81562499999997));
#10375=CARTESIAN_POINT('Ctrl Pts',(1.17657553837924,-2.03788861141555,7.8739583333333));
#10376=CARTESIAN_POINT('Ctrl Pts',(1.76486330756886,-1.01894430570778,7.93229166666663));
#10377=CARTESIAN_POINT('Ctrl Pts',(2.35315107675848,1.37193921494155E-16,
7.99062499999997));
#10378=CARTESIAN_POINT('Ctrl Pts',(1.76486330756886,1.01894430570777,8.0489583333333));
#10379=CARTESIAN_POINT('Ctrl Pts',(1.17657553837924,2.03788861141555,8.10729166666663));
#10380=CARTESIAN_POINT('Ctrl Pts',(0.,2.03788861141555,8.16562499999997));
#10381=CARTESIAN_POINT('Ctrl Pts',(-1.17657553837924,2.03788861141555,8.2239583333333));
#10382=CARTESIAN_POINT('Ctrl Pts',(-1.76486330756886,1.01894430570778,8.28229166666663));
#10383=CARTESIAN_POINT('Ctrl Pts',(-2.35315107675848,7.1354970830664E-16,
8.34062499999997));
#10384=CARTESIAN_POINT('Ctrl Pts',(-1.76486330756886,-1.01894430570777,
8.3989583333333));
#10385=CARTESIAN_POINT('Ctrl Pts',(-1.17657553837924,-2.03788861141555,
8.45729166666663));
#10386=CARTESIAN_POINT('Ctrl Pts',(-2.4956937649889E-16,-2.03788861141555,
8.51562499999997));
#10387=CARTESIAN_POINT('Ctrl Pts',(1.17657553837924,-2.03788861141555,8.5739583333333));
#10388=CARTESIAN_POINT('Ctrl Pts',(1.76486330756886,-1.01894430570778,8.63229166666663));
#10389=CARTESIAN_POINT('Ctrl Pts',(2.35315107675848,1.37193921494155E-16,
8.69062499999997));
#10390=CARTESIAN_POINT('Ctrl Pts',(1.76486330756886,1.01894430570777,8.7489583333333));
#10391=CARTESIAN_POINT('Ctrl Pts',(1.17657553837924,2.03788861141555,8.80729166666663));
#10392=CARTESIAN_POINT('Ctrl Pts',(0.,2.03788861141555,8.86562499999997));
#10393=CARTESIAN_POINT('Ctrl Pts',(-1.17657553837924,2.03788861141555,8.9239583333333));
#10394=CARTESIAN_POINT('Ctrl Pts',(-1.76486330756886,1.01894430570778,8.98229166666663));
#10395=CARTESIAN_POINT('Ctrl Pts',(-2.35315107675848,7.1354970830664E-16,
9.04062499999997));
#10396=CARTESIAN_POINT('Ctrl Pts',(-1.76486330756886,-1.01894430570777,
9.0989583333333));
#10397=CARTESIAN_POINT('Ctrl Pts',(-1.17657553837924,-2.03788861141555,
9.15729166666663));
#10398=CARTESIAN_POINT('Ctrl Pts',(-2.4956937649889E-16,-2.03788861141555,
9.21562499999997));
#10399=CARTESIAN_POINT('Ctrl Pts',(1.17657553837924,-2.03788861141555,9.2739583333333));
#10400=CARTESIAN_POINT('Ctrl Pts',(1.76486330756886,-1.01894430570778,9.33229166666663));
#10401=CARTESIAN_POINT('Ctrl Pts',(2.35315107675848,1.37193921494155E-16,
9.39062499999997));
#10402=CARTESIAN_POINT('Ctrl Pts',(1.76486330756886,1.01894430570777,9.4489583333333));
#10403=CARTESIAN_POINT('Ctrl Pts',(1.17657553837924,2.03788861141555,9.50729166666664));
#10404=CARTESIAN_POINT('Ctrl Pts',(0.,2.03788861141555,9.56562499999997));
#10405=CARTESIAN_POINT('Ctrl Pts',(0.,2.03788861141555,-3.07812500000001));
#10406=CARTESIAN_POINT('Ctrl Pts',(-1.17657553837924,2.03788861141555,-3.01979166666667));
#10407=CARTESIAN_POINT('Ctrl Pts',(-1.76486330756886,1.01894430570778,-2.96145833333334));
#10408=CARTESIAN_POINT('Ctrl Pts',(-2.35315107675848,7.1354970830664E-16,
-2.90312500000001));
#10409=CARTESIAN_POINT('Ctrl Pts',(-1.76486330756886,-1.01894430570777,
-2.84479166666667));
#10410=CARTESIAN_POINT('Ctrl Pts',(-1.17657553837924,-2.03788861141555,
-2.78645833333334));
#10411=CARTESIAN_POINT('Ctrl Pts',(-2.4956937649889E-16,-2.03788861141555,
-2.72812500000001));
#10412=CARTESIAN_POINT('Ctrl Pts',(1.17657553837924,-2.03788861141555,-2.66979166666667));
#10413=CARTESIAN_POINT('Ctrl Pts',(1.76486330756886,-1.01894430570778,-2.61145833333334));
#10414=CARTESIAN_POINT('Ctrl Pts',(2.35315107675848,1.37193921494155E-16,
-2.55312500000001));
#10415=CARTESIAN_POINT('Ctrl Pts',(1.76486330756886,1.01894430570777,-2.49479166666667));
#10416=CARTESIAN_POINT('Ctrl Pts',(1.17657553837924,2.03788861141555,-2.43645833333334));
#10417=CARTESIAN_POINT('Ctrl Pts',(0.,2.03788861141555,-2.37812500000001));
#10418=CARTESIAN_POINT('Ctrl Pts',(-1.17657553837924,2.03788861141555,-2.31979166666668));
#10419=CARTESIAN_POINT('Ctrl Pts',(-1.76486330756886,1.01894430570778,-2.26145833333334));
#10420=CARTESIAN_POINT('Ctrl Pts',(-2.35315107675848,7.1354970830664E-16,
-2.20312500000001));
#10421=CARTESIAN_POINT('Ctrl Pts',(-1.76486330756886,-1.01894430570777,
-2.14479166666667));
#10422=CARTESIAN_POINT('Ctrl Pts',(-1.17657553837924,-2.03788861141555,
-2.08645833333334));
#10423=CARTESIAN_POINT('Ctrl Pts',(-2.4956937649889E-16,-2.03788861141555,
-2.02812500000001));
#10424=CARTESIAN_POINT('Ctrl Pts',(1.17657553837924,-2.03788861141555,-1.96979166666667));
#10425=CARTESIAN_POINT('Ctrl Pts',(1.76486330756886,-1.01894430570778,-1.91145833333334));
#10426=CARTESIAN_POINT('Ctrl Pts',(2.35315107675848,1.37193921494155E-16,
-1.85312500000001));
#10427=CARTESIAN_POINT('Ctrl Pts',(1.76486330756886,1.01894430570777,-1.79479166666667));
#10428=CARTESIAN_POINT('Ctrl Pts',(1.17657553837924,2.03788861141555,-1.73645833333334));
#10429=CARTESIAN_POINT('Ctrl Pts',(0.,2.03788861141555,-1.67812500000001));
#10430=CARTESIAN_POINT('Ctrl Pts',(-1.17657553837924,2.03788861141555,-1.61979166666667));
#10431=CARTESIAN_POINT('Ctrl Pts',(-1.76486330756886,1.01894430570778,-1.56145833333334));
#10432=CARTESIAN_POINT('Ctrl Pts',(-2.35315107675848,7.1354970830664E-16,
-1.50312500000001));
#10433=CARTESIAN_POINT('Ctrl Pts',(-1.76486330756886,-1.01894430570777,
-1.44479166666667));
#10434=CARTESIAN_POINT('Ctrl Pts',(-1.17657553837924,-2.03788861141555,
-1.38645833333334));
#10435=CARTESIAN_POINT('Ctrl Pts',(-2.4956937649889E-16,-2.03788861141555,
-1.32812500000001));
#10436=CARTESIAN_POINT('Ctrl Pts',(1.17657553837924,-2.03788861141555,-1.26979166666668));
#10437=CARTESIAN_POINT('Ctrl Pts',(1.76486330756886,-1.01894430570778,-1.21145833333334));
#10438=CARTESIAN_POINT('Ctrl Pts',(2.35315107675848,1.37193921494155E-16,
-1.15312500000001));
#10439=CARTESIAN_POINT('Ctrl Pts',(1.76486330756886,1.01894430570777,-1.09479166666667));
#10440=CARTESIAN_POINT('Ctrl Pts',(1.17657553837924,2.03788861141555,-1.03645833333334));
#10441=CARTESIAN_POINT('Ctrl Pts',(0.,2.03788861141555,-0.978125000000008));
#10442=CARTESIAN_POINT('Ctrl Pts',(-1.17657553837924,2.03788861141555,-0.919791666666675));
#10443=CARTESIAN_POINT('Ctrl Pts',(-1.76486330756886,1.01894430570778,-0.861458333333341));
#10444=CARTESIAN_POINT('Ctrl Pts',(-2.35315107675848,7.1354970830664E-16,
-0.803125000000008));
#10445=CARTESIAN_POINT('Ctrl Pts',(-1.76486330756886,-1.01894430570777,
-0.744791666666675));
#10446=CARTESIAN_POINT('Ctrl Pts',(-1.17657553837924,-2.03788861141555,
-0.686458333333342));
#10447=CARTESIAN_POINT('Ctrl Pts',(-2.4956937649889E-16,-2.03788861141555,
-0.628125000000008));
#10448=CARTESIAN_POINT('Ctrl Pts',(1.17657553837924,-2.03788861141555,-0.569791666666675));
#10449=CARTESIAN_POINT('Ctrl Pts',(1.76486330756886,-1.01894430570778,-0.511458333333341));
#10450=CARTESIAN_POINT('Ctrl Pts',(2.35315107675848,1.37193921494155E-16,
-0.453125000000008));
#10451=CARTESIAN_POINT('Ctrl Pts',(1.76486330756886,1.01894430570777,-0.394791666666675));
#10452=CARTESIAN_POINT('Ctrl Pts',(1.17657553837924,2.03788861141555,-0.336458333333341));
#10453=CARTESIAN_POINT('Ctrl Pts',(0.,2.03788861141555,-0.278125000000008));
#10454=CARTESIAN_POINT('Ctrl Pts',(-1.17657553837924,2.03788861141555,-0.219791666666675));
#10455=CARTESIAN_POINT('Ctrl Pts',(-1.76486330756886,1.01894430570778,-0.161458333333341));
#10456=CARTESIAN_POINT('Ctrl Pts',(-2.35315107675848,7.1354970830664E-16,
-0.103125000000008));
#10457=CARTESIAN_POINT('Ctrl Pts',(-1.76486330756886,-1.01894430570777,
-0.0447916666666747));
#10458=CARTESIAN_POINT('Ctrl Pts',(-1.17657553837924,-2.03788861141555,
0.0135416666666587));
#10459=CARTESIAN_POINT('Ctrl Pts',(-2.4956937649889E-16,-2.03788861141555,
0.0718749999999921));
#10460=CARTESIAN_POINT('Ctrl Pts',(1.17657553837924,-2.03788861141555,0.130208333333325));
#10461=CARTESIAN_POINT('Ctrl Pts',(1.76486330756886,-1.01894430570778,0.188541666666659));
#10462=CARTESIAN_POINT('Ctrl Pts',(2.35315107675848,1.37193921494155E-16,
0.246874999999992));
#10463=CARTESIAN_POINT('Ctrl Pts',(1.76486330756886,1.01894430570777,0.305208333333325));
#10464=CARTESIAN_POINT('Ctrl Pts',(1.17657553837924,2.03788861141555,0.363541666666659));
#10465=CARTESIAN_POINT('Ctrl Pts',(0.,2.03788861141555,0.421874999999992));
#10466=CARTESIAN_POINT('Ctrl Pts',(-1.17657553837924,2.03788861141555,0.480208333333326));
#10467=CARTESIAN_POINT('Ctrl Pts',(-1.76486330756886,1.01894430570778,0.538541666666658));
#10468=CARTESIAN_POINT('Ctrl Pts',(-2.35315107675848,7.1354970830664E-16,
0.596874999999992));
#10469=CARTESIAN_POINT('Ctrl Pts',(-1.76486330756886,-1.01894430570777,
0.655208333333325));
#10470=CARTESIAN_POINT('Ctrl Pts',(-1.17657553837924,-2.03788861141555,
0.713541666666659));
#10471=CARTESIAN_POINT('Ctrl Pts',(-2.4956937649889E-16,-2.03788861141555,
0.771874999999992));
#10472=CARTESIAN_POINT('Ctrl Pts',(1.17657553837924,-2.03788861141555,0.830208333333325));
#10473=CARTESIAN_POINT('Ctrl Pts',(1.76486330756886,-1.01894430570778,0.888541666666659));
#10474=CARTESIAN_POINT('Ctrl Pts',(2.35315107675848,1.37193921494155E-16,
0.946874999999992));
#10475=CARTESIAN_POINT('Ctrl Pts',(1.76486330756886,1.01894430570777,1.00520833333333));
#10476=CARTESIAN_POINT('Ctrl Pts',(1.17657553837924,2.03788861141555,1.06354166666666));
#10477=CARTESIAN_POINT('Ctrl Pts',(0.,2.03788861141555,1.12187499999999));
#10478=CARTESIAN_POINT('Ctrl Pts',(-1.17657553837924,2.03788861141555,1.18020833333333));
#10479=CARTESIAN_POINT('Ctrl Pts',(-1.76486330756886,1.01894430570778,1.23854166666666));
#10480=CARTESIAN_POINT('Ctrl Pts',(-2.35315107675848,7.1354970830664E-16,
1.29687499999999));
#10481=CARTESIAN_POINT('Ctrl Pts',(-1.76486330756886,-1.01894430570777,
1.35520833333333));
#10482=CARTESIAN_POINT('Ctrl Pts',(-1.17657553837924,-2.03788861141555,
1.41354166666666));
#10483=CARTESIAN_POINT('Ctrl Pts',(-2.4956937649889E-16,-2.03788861141555,
1.47187499999999));
#10484=CARTESIAN_POINT('Ctrl Pts',(1.17657553837924,-2.03788861141555,1.53020833333333));
#10485=CARTESIAN_POINT('Ctrl Pts',(1.76486330756886,-1.01894430570778,1.58854166666666));
#10486=CARTESIAN_POINT('Ctrl Pts',(2.35315107675848,1.37193921494155E-16,
1.64687499999999));
#10487=CARTESIAN_POINT('Ctrl Pts',(1.76486330756886,1.01894430570777,1.70520833333333));
#10488=CARTESIAN_POINT('Ctrl Pts',(1.17657553837924,2.03788861141555,1.76354166666666));
#10489=CARTESIAN_POINT('Ctrl Pts',(0.,2.03788861141555,1.82187499999999));
#10490=CARTESIAN_POINT('Ctrl Pts',(-1.17657553837924,2.03788861141555,1.88020833333333));
#10491=CARTESIAN_POINT('Ctrl Pts',(-1.76486330756886,1.01894430570778,1.93854166666666));
#10492=CARTESIAN_POINT('Ctrl Pts',(-2.35315107675848,7.1354970830664E-16,
1.99687499999999));
#10493=CARTESIAN_POINT('Ctrl Pts',(-1.76486330756886,-1.01894430570777,
2.05520833333333));
#10494=CARTESIAN_POINT('Ctrl Pts',(-1.17657553837924,-2.03788861141555,
2.11354166666666));
#10495=CARTESIAN_POINT('Ctrl Pts',(-2.4956937649889E-16,-2.03788861141555,
2.17187499999999));
#10496=CARTESIAN_POINT('Ctrl Pts',(1.17657553837924,-2.03788861141555,2.23020833333333));
#10497=CARTESIAN_POINT('Ctrl Pts',(1.76486330756886,-1.01894430570778,2.28854166666666));
#10498=CARTESIAN_POINT('Ctrl Pts',(2.35315107675848,1.37193921494155E-16,
2.34687499999999));
#10499=CARTESIAN_POINT('Ctrl Pts',(1.76486330756886,1.01894430570777,2.40520833333333));
#10500=CARTESIAN_POINT('Ctrl Pts',(1.17657553837924,2.03788861141555,2.46354166666666));
#10501=CARTESIAN_POINT('Ctrl Pts',(0.,2.03788861141555,2.52187499999999));
#10502=CARTESIAN_POINT('Ctrl Pts',(-1.17657553837924,2.03788861141555,2.58020833333333));
#10503=CARTESIAN_POINT('Ctrl Pts',(-1.76486330756886,1.01894430570778,2.63854166666666));
#10504=CARTESIAN_POINT('Ctrl Pts',(-2.35315107675848,7.1354970830664E-16,
2.69687499999999));
#10505=CARTESIAN_POINT('Ctrl Pts',(-1.76486330756886,-1.01894430570777,
2.75520833333333));
#10506=CARTESIAN_POINT('Ctrl Pts',(-1.17657553837924,-2.03788861141555,
2.81354166666666));
#10507=CARTESIAN_POINT('Ctrl Pts',(-2.4956937649889E-16,-2.03788861141555,
2.87187499999999));
#10508=CARTESIAN_POINT('Ctrl Pts',(1.17657553837924,-2.03788861141555,2.93020833333333));
#10509=CARTESIAN_POINT('Ctrl Pts',(1.76486330756886,-1.01894430570778,2.98854166666666));
#10510=CARTESIAN_POINT('Ctrl Pts',(2.35315107675848,1.37193921494155E-16,
3.04687499999999));
#10511=CARTESIAN_POINT('Ctrl Pts',(1.76486330756886,1.01894430570777,3.10520833333333));
#10512=CARTESIAN_POINT('Ctrl Pts',(1.17657553837924,2.03788861141555,3.16354166666666));
#10513=CARTESIAN_POINT('Ctrl Pts',(0.,2.03788861141555,3.22187499999999));
#10514=CARTESIAN_POINT('Ctrl Pts',(-1.17657553837924,2.03788861141555,3.28020833333333));
#10515=CARTESIAN_POINT('Ctrl Pts',(-1.76486330756886,1.01894430570778,3.33854166666666));
#10516=CARTESIAN_POINT('Ctrl Pts',(-2.35315107675848,7.1354970830664E-16,
3.39687499999999));
#10517=CARTESIAN_POINT('Ctrl Pts',(-1.76486330756886,-1.01894430570777,
3.45520833333333));
#10518=CARTESIAN_POINT('Ctrl Pts',(-1.17657553837924,-2.03788861141555,
3.51354166666666));
#10519=CARTESIAN_POINT('Ctrl Pts',(-2.4956937649889E-16,-2.03788861141555,
3.57187499999999));
#10520=CARTESIAN_POINT('Ctrl Pts',(1.17657553837924,-2.03788861141555,3.63020833333333));
#10521=CARTESIAN_POINT('Ctrl Pts',(1.76486330756886,-1.01894430570778,3.68854166666666));
#10522=CARTESIAN_POINT('Ctrl Pts',(2.35315107675848,1.37193921494155E-16,
3.74687499999999));
#10523=CARTESIAN_POINT('Ctrl Pts',(1.76486330756886,1.01894430570777,3.80520833333333));
#10524=CARTESIAN_POINT('Ctrl Pts',(1.17657553837924,2.03788861141555,3.86354166666666));
#10525=CARTESIAN_POINT('Ctrl Pts',(0.,2.03788861141555,3.92187499999999));
#10526=CARTESIAN_POINT('Ctrl Pts',(-1.17657553837924,2.03788861141555,3.98020833333333));
#10527=CARTESIAN_POINT('Ctrl Pts',(-1.76486330756886,1.01894430570778,4.03854166666666));
#10528=CARTESIAN_POINT('Ctrl Pts',(-2.35315107675848,7.1354970830664E-16,
4.09687499999999));
#10529=CARTESIAN_POINT('Ctrl Pts',(-1.76486330756886,-1.01894430570777,
4.15520833333333));
#10530=CARTESIAN_POINT('Ctrl Pts',(-1.17657553837924,-2.03788861141555,
4.21354166666666));
#10531=CARTESIAN_POINT('Ctrl Pts',(-2.4956937649889E-16,-2.03788861141555,
4.27187499999999));
#10532=CARTESIAN_POINT('Ctrl Pts',(1.17657553837924,-2.03788861141555,4.33020833333333));
#10533=CARTESIAN_POINT('Ctrl Pts',(1.76486330756886,-1.01894430570778,4.38854166666666));
#10534=CARTESIAN_POINT('Ctrl Pts',(2.35315107675848,1.37193921494155E-16,
4.44687499999999));
#10535=CARTESIAN_POINT('Ctrl Pts',(1.76486330756886,1.01894430570777,4.50520833333333));
#10536=CARTESIAN_POINT('Ctrl Pts',(1.17657553837924,2.03788861141555,4.56354166666666));
#10537=CARTESIAN_POINT('Ctrl Pts',(0.,2.03788861141555,4.62187499999999));
#10538=CARTESIAN_POINT('Ctrl Pts',(-1.17657553837924,2.03788861141555,4.68020833333332));
#10539=CARTESIAN_POINT('Ctrl Pts',(-1.76486330756886,1.01894430570778,4.73854166666666));
#10540=CARTESIAN_POINT('Ctrl Pts',(-2.35315107675848,7.1354970830664E-16,
4.79687499999999));
#10541=CARTESIAN_POINT('Ctrl Pts',(-1.76486330756886,-1.01894430570777,
4.85520833333333));
#10542=CARTESIAN_POINT('Ctrl Pts',(-1.17657553837924,-2.03788861141555,
4.91354166666666));
#10543=CARTESIAN_POINT('Ctrl Pts',(-2.4956937649889E-16,-2.03788861141555,
4.97187499999999));
#10544=CARTESIAN_POINT('Ctrl Pts',(1.17657553837924,-2.03788861141555,5.03020833333333));
#10545=CARTESIAN_POINT('Ctrl Pts',(1.76486330756886,-1.01894430570778,5.08854166666666));
#10546=CARTESIAN_POINT('Ctrl Pts',(2.35315107675848,1.37193921494155E-16,
5.14687499999999));
#10547=CARTESIAN_POINT('Ctrl Pts',(1.76486330756886,1.01894430570777,5.20520833333333));
#10548=CARTESIAN_POINT('Ctrl Pts',(1.17657553837924,2.03788861141555,5.26354166666666));
#10549=CARTESIAN_POINT('Ctrl Pts',(0.,2.03788861141555,5.32187499999999));
#10550=CARTESIAN_POINT('Ctrl Pts',(-1.17657553837924,2.03788861141555,5.38020833333333));
#10551=CARTESIAN_POINT('Ctrl Pts',(-1.76486330756886,1.01894430570778,5.43854166666666));
#10552=CARTESIAN_POINT('Ctrl Pts',(-2.35315107675848,7.1354970830664E-16,
5.49687499999999));
#10553=CARTESIAN_POINT('Ctrl Pts',(-1.76486330756886,-1.01894430570777,
5.55520833333332));
#10554=CARTESIAN_POINT('Ctrl Pts',(-1.17657553837924,-2.03788861141555,
5.61354166666666));
#10555=CARTESIAN_POINT('Ctrl Pts',(-2.4956937649889E-16,-2.03788861141555,
5.67187499999999));
#10556=CARTESIAN_POINT('Ctrl Pts',(1.17657553837924,-2.03788861141555,5.73020833333333));
#10557=CARTESIAN_POINT('Ctrl Pts',(1.76486330756886,-1.01894430570778,5.78854166666666));
#10558=CARTESIAN_POINT('Ctrl Pts',(2.35315107675848,1.37193921494155E-16,
5.84687499999999));
#10559=CARTESIAN_POINT('Ctrl Pts',(1.76486330756886,1.01894430570777,5.90520833333333));
#10560=CARTESIAN_POINT('Ctrl Pts',(1.17657553837924,2.03788861141555,5.96354166666666));
#10561=CARTESIAN_POINT('Ctrl Pts',(0.,2.03788861141555,6.02187499999999));
#10562=CARTESIAN_POINT('Ctrl Pts',(-1.17657553837924,2.03788861141555,6.08020833333332));
#10563=CARTESIAN_POINT('Ctrl Pts',(-1.76486330756886,1.01894430570778,6.13854166666666));
#10564=CARTESIAN_POINT('Ctrl Pts',(-2.35315107675848,7.1354970830664E-16,
6.19687499999999));
#10565=CARTESIAN_POINT('Ctrl Pts',(-1.76486330756886,-1.01894430570777,
6.25520833333332));
#10566=CARTESIAN_POINT('Ctrl Pts',(-1.17657553837924,-2.03788861141555,
6.31354166666666));
#10567=CARTESIAN_POINT('Ctrl Pts',(-2.4956937649889E-16,-2.03788861141555,
6.37187499999999));
#10568=CARTESIAN_POINT('Ctrl Pts',(1.17657553837924,-2.03788861141555,6.43020833333333));
#10569=CARTESIAN_POINT('Ctrl Pts',(1.76486330756886,-1.01894430570778,6.48854166666666));
#10570=CARTESIAN_POINT('Ctrl Pts',(2.35315107675848,1.37193921494155E-16,
6.54687499999999));
#10571=CARTESIAN_POINT('Ctrl Pts',(1.76486330756886,1.01894430570777,6.60520833333333));
#10572=CARTESIAN_POINT('Ctrl Pts',(1.17657553837924,2.03788861141555,6.66354166666666));
#10573=CARTESIAN_POINT('Ctrl Pts',(0.,2.03788861141555,6.72187499999999));
#10574=CARTESIAN_POINT('Ctrl Pts',(-1.17657553837924,2.03788861141555,6.78020833333333));
#10575=CARTESIAN_POINT('Ctrl Pts',(-1.76486330756886,1.01894430570778,6.83854166666666));
#10576=CARTESIAN_POINT('Ctrl Pts',(-2.35315107675848,7.1354970830664E-16,
6.89687499999999));
#10577=CARTESIAN_POINT('Ctrl Pts',(-1.76486330756886,-1.01894430570777,
6.95520833333333));
#10578=CARTESIAN_POINT('Ctrl Pts',(-1.17657553837924,-2.03788861141555,
7.01354166666666));
#10579=CARTESIAN_POINT('Ctrl Pts',(-2.4956937649889E-16,-2.03788861141555,
7.07187499999999));
#10580=CARTESIAN_POINT('Ctrl Pts',(1.17657553837924,-2.03788861141555,7.13020833333333));
#10581=CARTESIAN_POINT('Ctrl Pts',(1.76486330756886,-1.01894430570778,7.18854166666666));
#10582=CARTESIAN_POINT('Ctrl Pts',(2.35315107675848,1.37193921494155E-16,
7.24687499999999));
#10583=CARTESIAN_POINT('Ctrl Pts',(1.76486330756886,1.01894430570777,7.30520833333332));
#10584=CARTESIAN_POINT('Ctrl Pts',(1.17657553837924,2.03788861141555,7.36354166666666));
#10585=CARTESIAN_POINT('Ctrl Pts',(0.,2.03788861141555,7.42187499999999));
#10586=CARTESIAN_POINT('Ctrl Pts',(-1.17657553837924,2.03788861141555,7.48020833333333));
#10587=CARTESIAN_POINT('Ctrl Pts',(-1.76486330756886,1.01894430570778,7.53854166666666));
#10588=CARTESIAN_POINT('Ctrl Pts',(-2.35315107675848,7.1354970830664E-16,
7.59687499999999));
#10589=CARTESIAN_POINT('Ctrl Pts',(-1.76486330756886,-1.01894430570777,
7.65520833333333));
#10590=CARTESIAN_POINT('Ctrl Pts',(-1.17657553837924,-2.03788861141555,
7.71354166666666));
#10591=CARTESIAN_POINT('Ctrl Pts',(-2.4956937649889E-16,-2.03788861141555,
7.77187499999999));
#10592=CARTESIAN_POINT('Ctrl Pts',(1.17657553837924,-2.03788861141555,7.83020833333333));
#10593=CARTESIAN_POINT('Ctrl Pts',(1.76486330756886,-1.01894430570778,7.88854166666666));
#10594=CARTESIAN_POINT('Ctrl Pts',(2.35315107675848,1.37193921494155E-16,
7.94687499999999));
#10595=CARTESIAN_POINT('Ctrl Pts',(1.76486330756886,1.01894430570777,8.00520833333333));
#10596=CARTESIAN_POINT('Ctrl Pts',(1.17657553837924,2.03788861141555,8.06354166666666));
#10597=CARTESIAN_POINT('Ctrl Pts',(0.,2.03788861141555,8.12187499999999));
#10598=CARTESIAN_POINT('Ctrl Pts',(-1.17657553837924,2.03788861141555,8.18020833333333));
#10599=CARTESIAN_POINT('Ctrl Pts',(-1.76486330756886,1.01894430570778,8.23854166666666));
#10600=CARTESIAN_POINT('Ctrl Pts',(-2.35315107675848,7.1354970830664E-16,
8.29687499999999));
#10601=CARTESIAN_POINT('Ctrl Pts',(-1.76486330756886,-1.01894430570777,
8.35520833333333));
#10602=CARTESIAN_POINT('Ctrl Pts',(-1.17657553837924,-2.03788861141555,
8.41354166666666));
#10603=CARTESIAN_POINT('Ctrl Pts',(-2.4956937649889E-16,-2.03788861141555,
8.47187499999999));
#10604=CARTESIAN_POINT('Ctrl Pts',(1.17657553837924,-2.03788861141555,8.53020833333333));
#10605=CARTESIAN_POINT('Ctrl Pts',(1.76486330756886,-1.01894430570778,8.58854166666666));
#10606=CARTESIAN_POINT('Ctrl Pts',(2.35315107675848,1.37193921494155E-16,
8.64687499999999));
#10607=CARTESIAN_POINT('Ctrl Pts',(1.76486330756886,1.01894430570777,8.70520833333332));
#10608=CARTESIAN_POINT('Ctrl Pts',(1.17657553837924,2.03788861141555,8.76354166666666));
#10609=CARTESIAN_POINT('Ctrl Pts',(0.,2.03788861141555,8.82187499999999));
#10610=CARTESIAN_POINT('Ctrl Pts',(-1.17657553837924,2.03788861141555,8.88020833333333));
#10611=CARTESIAN_POINT('Ctrl Pts',(-1.76486330756886,1.01894430570778,8.93854166666666));
#10612=CARTESIAN_POINT('Ctrl Pts',(-2.35315107675848,7.1354970830664E-16,
8.99687499999999));
#10613=CARTESIAN_POINT('Ctrl Pts',(-1.76486330756886,-1.01894430570777,
9.05520833333332));
#10614=CARTESIAN_POINT('Ctrl Pts',(-1.17657553837924,-2.03788861141555,
9.11354166666666));
#10615=CARTESIAN_POINT('Ctrl Pts',(-2.4956937649889E-16,-2.03788861141555,
9.17187499999999));
#10616=CARTESIAN_POINT('Ctrl Pts',(1.17657553837924,-2.03788861141555,9.23020833333332));
#10617=CARTESIAN_POINT('Ctrl Pts',(1.76486330756886,-1.01894430570778,9.28854166666666));
#10618=CARTESIAN_POINT('Ctrl Pts',(2.35315107675848,1.37193921494155E-16,
9.34687499999999));
#10619=CARTESIAN_POINT('Ctrl Pts',(1.76486330756886,1.01894430570777,9.40520833333332));
#10620=CARTESIAN_POINT('Ctrl Pts',(1.17657553837924,2.03788861141555,9.46354166666666));
#10621=CARTESIAN_POINT('Ctrl Pts',(0.,2.03788861141555,9.52187499999999));
#10622=CARTESIAN_POINT('Ctrl Pts',(-1.17657553837924,2.03788861141555,9.58020833333333));
#10623=CARTESIAN_POINT('Ctrl Pts',(-1.76486330756886,1.01894430570778,9.63854166666666));
#10624=CARTESIAN_POINT('Ctrl Pts',(-2.35315107675848,7.1354970830664E-16,
9.69687499999999));
#10625=CARTESIAN_POINT('Ctrl Pts',(-1.76486330756886,-1.01894430570777,
9.75520833333333));
#10626=CARTESIAN_POINT('Ctrl Pts',(-1.17657553837924,-2.03788861141555,
9.81354166666666));
#10627=CARTESIAN_POINT('Ctrl Pts',(-2.4956937649889E-16,-2.03788861141555,
9.87187499999999));
#10628=CARTESIAN_POINT('Ctrl Pts',(1.17657553837924,-2.03788861141555,9.93020833333333));
#10629=CARTESIAN_POINT('Ctrl Pts',(1.76486330756886,-1.01894430570778,9.98854166666666));
#10630=CARTESIAN_POINT('Ctrl Pts',(2.35315107675848,1.37193921494155E-16,
10.046875));
#10631=CARTESIAN_POINT('Ctrl Pts',(1.76486330756886,1.01894430570777,10.1052083333333));
#10632=CARTESIAN_POINT('Ctrl Pts',(1.17657553837924,2.03788861141555,10.1635416666667));
#10633=CARTESIAN_POINT('Ctrl Pts',(0.,2.03788861141555,10.221875));
#10634=CARTESIAN_POINT('Ctrl Pts',(0.,1.54533666301313,-3.36250000000002));
#10635=CARTESIAN_POINT('Ctrl Pts',(-0.89220053837923,1.54533666301313,-3.30416666666669));
#10636=CARTESIAN_POINT('Ctrl Pts',(-1.33830080756884,0.772668331506567,
-3.24583333333335));
#10637=CARTESIAN_POINT('Ctrl Pts',(-1.78440107675846,6.78723814955886E-16,
-3.18750000000002));
#10638=CARTESIAN_POINT('Ctrl Pts',(-1.33830080756884,-0.772668331506565,
-3.12916666666669));
#10639=CARTESIAN_POINT('Ctrl Pts',(-0.89220053837923,-1.54533666301313,
-3.07083333333335));
#10640=CARTESIAN_POINT('Ctrl Pts',(-1.89249159796408E-16,-1.54533666301313,
-3.01250000000002));
#10641=CARTESIAN_POINT('Ctrl Pts',(0.892200538379229,-1.54533666301313,
-2.95416666666668));
#10642=CARTESIAN_POINT('Ctrl Pts',(1.33830080756884,-0.772668331506566,
-2.89583333333335));
#10643=CARTESIAN_POINT('Ctrl Pts',(1.78440107675846,2.41671601546418E-16,
-2.83750000000002));
#10644=CARTESIAN_POINT('Ctrl Pts',(1.33830080756885,0.772668331506565,-2.77916666666669));
#10645=CARTESIAN_POINT('Ctrl Pts',(0.892200538379231,1.54533666301313,-2.72083333333335));
#10646=CARTESIAN_POINT('Ctrl Pts',(0.,1.54533666301313,-2.66250000000002));
#10647=CARTESIAN_POINT('Ctrl Pts',(-0.89220053837923,1.54533666301313,-2.60416666666669));
#10648=CARTESIAN_POINT('Ctrl Pts',(-1.33830080756884,0.772668331506567,
-2.54583333333335));
#10649=CARTESIAN_POINT('Ctrl Pts',(-1.78440107675846,6.78723814955886E-16,
-2.48750000000002));
#10650=CARTESIAN_POINT('Ctrl Pts',(-1.33830080756884,-0.772668331506565,
-2.42916666666668));
#10651=CARTESIAN_POINT('Ctrl Pts',(-0.89220053837923,-1.54533666301313,
-2.37083333333335));
#10652=CARTESIAN_POINT('Ctrl Pts',(-1.89249159796408E-16,-1.54533666301313,
-2.31250000000002));
#10653=CARTESIAN_POINT('Ctrl Pts',(0.892200538379229,-1.54533666301313,
-2.25416666666669));
#10654=CARTESIAN_POINT('Ctrl Pts',(1.33830080756884,-0.772668331506566,
-2.19583333333335));
#10655=CARTESIAN_POINT('Ctrl Pts',(1.78440107675846,2.41671601546418E-16,
-2.13750000000002));
#10656=CARTESIAN_POINT('Ctrl Pts',(1.33830080756885,0.772668331506565,-2.07916666666668));
#10657=CARTESIAN_POINT('Ctrl Pts',(0.892200538379231,1.54533666301313,-2.02083333333335));
#10658=CARTESIAN_POINT('Ctrl Pts',(0.,1.54533666301313,-1.96250000000002));
#10659=CARTESIAN_POINT('Ctrl Pts',(-0.89220053837923,1.54533666301313,-1.90416666666668));
#10660=CARTESIAN_POINT('Ctrl Pts',(-1.33830080756884,0.772668331506567,
-1.84583333333335));
#10661=CARTESIAN_POINT('Ctrl Pts',(-1.78440107675846,6.78723814955886E-16,
-1.78750000000002));
#10662=CARTESIAN_POINT('Ctrl Pts',(-1.33830080756884,-0.772668331506565,
-1.72916666666668));
#10663=CARTESIAN_POINT('Ctrl Pts',(-0.89220053837923,-1.54533666301313,
-1.67083333333335));
#10664=CARTESIAN_POINT('Ctrl Pts',(-1.89249159796408E-16,-1.54533666301313,
-1.61250000000002));
#10665=CARTESIAN_POINT('Ctrl Pts',(0.892200538379229,-1.54533666301313,
-1.55416666666669));
#10666=CARTESIAN_POINT('Ctrl Pts',(1.33830080756884,-0.772668331506566,
-1.49583333333335));
#10667=CARTESIAN_POINT('Ctrl Pts',(1.78440107675846,2.41671601546418E-16,
-1.43750000000002));
#10668=CARTESIAN_POINT('Ctrl Pts',(1.33830080756885,0.772668331506565,-1.37916666666668));
#10669=CARTESIAN_POINT('Ctrl Pts',(0.892200538379231,1.54533666301313,-1.32083333333335));
#10670=CARTESIAN_POINT('Ctrl Pts',(0.,1.54533666301313,-1.26250000000002));
#10671=CARTESIAN_POINT('Ctrl Pts',(-0.89220053837923,1.54533666301313,-1.20416666666669));
#10672=CARTESIAN_POINT('Ctrl Pts',(-1.33830080756884,0.772668331506567,
-1.14583333333335));
#10673=CARTESIAN_POINT('Ctrl Pts',(-1.78440107675846,6.78723814955886E-16,
-1.08750000000002));
#10674=CARTESIAN_POINT('Ctrl Pts',(-1.33830080756884,-0.772668331506565,
-1.02916666666669));
#10675=CARTESIAN_POINT('Ctrl Pts',(-0.89220053837923,-1.54533666301313,
-0.970833333333352));
#10676=CARTESIAN_POINT('Ctrl Pts',(-1.89249159796408E-16,-1.54533666301313,
-0.912500000000018));
#10677=CARTESIAN_POINT('Ctrl Pts',(0.892200538379229,-1.54533666301313,
-0.854166666666685));
#10678=CARTESIAN_POINT('Ctrl Pts',(1.33830080756884,-0.772668331506566,
-0.795833333333352));
#10679=CARTESIAN_POINT('Ctrl Pts',(1.78440107675846,2.41671601546418E-16,
-0.737500000000018));
#10680=CARTESIAN_POINT('Ctrl Pts',(1.33830080756885,0.772668331506565,-0.679166666666685));
#10681=CARTESIAN_POINT('Ctrl Pts',(0.892200538379231,1.54533666301313,-0.620833333333352));
#10682=CARTESIAN_POINT('Ctrl Pts',(0.,1.54533666301313,-0.562500000000018));
#10683=CARTESIAN_POINT('Ctrl Pts',(-0.89220053837923,1.54533666301313,-0.504166666666685));
#10684=CARTESIAN_POINT('Ctrl Pts',(-1.33830080756884,0.772668331506567,
-0.445833333333351));
#10685=CARTESIAN_POINT('Ctrl Pts',(-1.78440107675846,6.78723814955886E-16,
-0.387500000000018));
#10686=CARTESIAN_POINT('Ctrl Pts',(-1.33830080756884,-0.772668331506565,
-0.329166666666685));
#10687=CARTESIAN_POINT('Ctrl Pts',(-0.89220053837923,-1.54533666301313,
-0.270833333333352));
#10688=CARTESIAN_POINT('Ctrl Pts',(-1.89249159796408E-16,-1.54533666301313,
-0.212500000000018));
#10689=CARTESIAN_POINT('Ctrl Pts',(0.892200538379229,-1.54533666301313,
-0.154166666666685));
#10690=CARTESIAN_POINT('Ctrl Pts',(1.33830080756884,-0.772668331506566,
-0.0958333333333514));
#10691=CARTESIAN_POINT('Ctrl Pts',(1.78440107675846,2.41671601546418E-16,
-0.0375000000000184));
#10692=CARTESIAN_POINT('Ctrl Pts',(1.33830080756885,0.772668331506565,0.020833333333315));
#10693=CARTESIAN_POINT('Ctrl Pts',(0.892200538379231,1.54533666301313,0.0791666666666484));
#10694=CARTESIAN_POINT('Ctrl Pts',(0.,1.54533666301313,0.137499999999982));
#10695=CARTESIAN_POINT('Ctrl Pts',(-0.89220053837923,1.54533666301313,0.195833333333315));
#10696=CARTESIAN_POINT('Ctrl Pts',(-1.33830080756884,0.772668331506567,
0.254166666666648));
#10697=CARTESIAN_POINT('Ctrl Pts',(-1.78440107675846,6.78723814955886E-16,
0.312499999999982));
#10698=CARTESIAN_POINT('Ctrl Pts',(-1.33830080756884,-0.772668331506565,
0.370833333333315));
#10699=CARTESIAN_POINT('Ctrl Pts',(-0.89220053837923,-1.54533666301313,
0.429166666666649));
#10700=CARTESIAN_POINT('Ctrl Pts',(-1.89249159796408E-16,-1.54533666301313,
0.487499999999982));
#10701=CARTESIAN_POINT('Ctrl Pts',(0.892200538379229,-1.54533666301313,
0.545833333333315));
#10702=CARTESIAN_POINT('Ctrl Pts',(1.33830080756884,-0.772668331506566,
0.604166666666649));
#10703=CARTESIAN_POINT('Ctrl Pts',(1.78440107675846,2.41671601546418E-16,
0.662499999999982));
#10704=CARTESIAN_POINT('Ctrl Pts',(1.33830080756885,0.772668331506565,0.720833333333315));
#10705=CARTESIAN_POINT('Ctrl Pts',(0.892200538379231,1.54533666301313,0.779166666666649));
#10706=CARTESIAN_POINT('Ctrl Pts',(0.,1.54533666301313,0.837499999999982));
#10707=CARTESIAN_POINT('Ctrl Pts',(-0.89220053837923,1.54533666301313,0.895833333333315));
#10708=CARTESIAN_POINT('Ctrl Pts',(-1.33830080756884,0.772668331506567,
0.954166666666648));
#10709=CARTESIAN_POINT('Ctrl Pts',(-1.78440107675846,6.78723814955886E-16,
1.01249999999998));
#10710=CARTESIAN_POINT('Ctrl Pts',(-1.33830080756884,-0.772668331506565,
1.07083333333332));
#10711=CARTESIAN_POINT('Ctrl Pts',(-0.89220053837923,-1.54533666301313,
1.12916666666665));
#10712=CARTESIAN_POINT('Ctrl Pts',(-1.89249159796408E-16,-1.54533666301313,
1.18749999999998));
#10713=CARTESIAN_POINT('Ctrl Pts',(0.892200538379229,-1.54533666301313,
1.24583333333331));
#10714=CARTESIAN_POINT('Ctrl Pts',(1.33830080756884,-0.772668331506566,
1.30416666666665));
#10715=CARTESIAN_POINT('Ctrl Pts',(1.78440107675846,2.41671601546418E-16,
1.36249999999998));
#10716=CARTESIAN_POINT('Ctrl Pts',(1.33830080756885,0.772668331506565,1.42083333333331));
#10717=CARTESIAN_POINT('Ctrl Pts',(0.892200538379231,1.54533666301313,1.47916666666665));
#10718=CARTESIAN_POINT('Ctrl Pts',(0.,1.54533666301313,1.53749999999998));
#10719=CARTESIAN_POINT('Ctrl Pts',(-0.89220053837923,1.54533666301313,1.59583333333332));
#10720=CARTESIAN_POINT('Ctrl Pts',(-1.33830080756884,0.772668331506567,
1.65416666666665));
#10721=CARTESIAN_POINT('Ctrl Pts',(-1.78440107675846,6.78723814955886E-16,
1.71249999999998));
#10722=CARTESIAN_POINT('Ctrl Pts',(-1.33830080756884,-0.772668331506565,
1.77083333333332));
#10723=CARTESIAN_POINT('Ctrl Pts',(-0.89220053837923,-1.54533666301313,
1.82916666666665));
#10724=CARTESIAN_POINT('Ctrl Pts',(-1.89249159796408E-16,-1.54533666301313,
1.88749999999998));
#10725=CARTESIAN_POINT('Ctrl Pts',(0.892200538379229,-1.54533666301313,
1.94583333333332));
#10726=CARTESIAN_POINT('Ctrl Pts',(1.33830080756884,-0.772668331506566,
2.00416666666665));
#10727=CARTESIAN_POINT('Ctrl Pts',(1.78440107675846,2.41671601546418E-16,
2.06249999999998));
#10728=CARTESIAN_POINT('Ctrl Pts',(1.33830080756885,0.772668331506565,2.12083333333331));
#10729=CARTESIAN_POINT('Ctrl Pts',(0.892200538379231,1.54533666301313,2.17916666666665));
#10730=CARTESIAN_POINT('Ctrl Pts',(0.,1.54533666301313,2.23749999999998));
#10731=CARTESIAN_POINT('Ctrl Pts',(-0.89220053837923,1.54533666301313,2.29583333333331));
#10732=CARTESIAN_POINT('Ctrl Pts',(-1.33830080756884,0.772668331506567,
2.35416666666665));
#10733=CARTESIAN_POINT('Ctrl Pts',(-1.78440107675846,6.78723814955886E-16,
2.41249999999998));
#10734=CARTESIAN_POINT('Ctrl Pts',(-1.33830080756884,-0.772668331506565,
2.47083333333332));
#10735=CARTESIAN_POINT('Ctrl Pts',(-0.89220053837923,-1.54533666301313,
2.52916666666665));
#10736=CARTESIAN_POINT('Ctrl Pts',(-1.89249159796408E-16,-1.54533666301313,
2.58749999999998));
#10737=CARTESIAN_POINT('Ctrl Pts',(0.892200538379229,-1.54533666301313,
2.64583333333332));
#10738=CARTESIAN_POINT('Ctrl Pts',(1.33830080756884,-0.772668331506566,
2.70416666666665));
#10739=CARTESIAN_POINT('Ctrl Pts',(1.78440107675846,2.41671601546418E-16,
2.76249999999998));
#10740=CARTESIAN_POINT('Ctrl Pts',(1.33830080756885,0.772668331506565,2.82083333333332));
#10741=CARTESIAN_POINT('Ctrl Pts',(0.892200538379231,1.54533666301313,2.87916666666665));
#10742=CARTESIAN_POINT('Ctrl Pts',(0.,1.54533666301313,2.93749999999998));
#10743=CARTESIAN_POINT('Ctrl Pts',(-0.89220053837923,1.54533666301313,2.99583333333331));
#10744=CARTESIAN_POINT('Ctrl Pts',(-1.33830080756884,0.772668331506567,
3.05416666666665));
#10745=CARTESIAN_POINT('Ctrl Pts',(-1.78440107675846,6.78723814955886E-16,
3.11249999999998));
#10746=CARTESIAN_POINT('Ctrl Pts',(-1.33830080756884,-0.772668331506565,
3.17083333333332));
#10747=CARTESIAN_POINT('Ctrl Pts',(-0.89220053837923,-1.54533666301313,
3.22916666666665));
#10748=CARTESIAN_POINT('Ctrl Pts',(-1.89249159796408E-16,-1.54533666301313,
3.28749999999998));
#10749=CARTESIAN_POINT('Ctrl Pts',(0.892200538379229,-1.54533666301313,
3.34583333333332));
#10750=CARTESIAN_POINT('Ctrl Pts',(1.33830080756884,-0.772668331506566,
3.40416666666665));
#10751=CARTESIAN_POINT('Ctrl Pts',(1.78440107675846,2.41671601546418E-16,
3.46249999999998));
#10752=CARTESIAN_POINT('Ctrl Pts',(1.33830080756885,0.772668331506565,3.52083333333332));
#10753=CARTESIAN_POINT('Ctrl Pts',(0.892200538379231,1.54533666301313,3.57916666666665));
#10754=CARTESIAN_POINT('Ctrl Pts',(0.,1.54533666301313,3.63749999999998));
#10755=CARTESIAN_POINT('Ctrl Pts',(-0.89220053837923,1.54533666301313,3.69583333333332));
#10756=CARTESIAN_POINT('Ctrl Pts',(-1.33830080756884,0.772668331506567,
3.75416666666665));
#10757=CARTESIAN_POINT('Ctrl Pts',(-1.78440107675846,6.78723814955886E-16,
3.81249999999998));
#10758=CARTESIAN_POINT('Ctrl Pts',(-1.33830080756884,-0.772668331506565,
3.87083333333331));
#10759=CARTESIAN_POINT('Ctrl Pts',(-0.89220053837923,-1.54533666301313,
3.92916666666665));
#10760=CARTESIAN_POINT('Ctrl Pts',(-1.89249159796408E-16,-1.54533666301313,
3.98749999999998));
#10761=CARTESIAN_POINT('Ctrl Pts',(0.892200538379229,-1.54533666301313,
4.04583333333331));
#10762=CARTESIAN_POINT('Ctrl Pts',(1.33830080756884,-0.772668331506566,
4.10416666666665));
#10763=CARTESIAN_POINT('Ctrl Pts',(1.78440107675846,2.41671601546418E-16,
4.16249999999998));
#10764=CARTESIAN_POINT('Ctrl Pts',(1.33830080756885,0.772668331506565,4.22083333333332));
#10765=CARTESIAN_POINT('Ctrl Pts',(0.892200538379231,1.54533666301313,4.27916666666665));
#10766=CARTESIAN_POINT('Ctrl Pts',(0.,1.54533666301313,4.33749999999998));
#10767=CARTESIAN_POINT('Ctrl Pts',(-0.89220053837923,1.54533666301313,4.39583333333331));
#10768=CARTESIAN_POINT('Ctrl Pts',(-1.33830080756884,0.772668331506567,
4.45416666666665));
#10769=CARTESIAN_POINT('Ctrl Pts',(-1.78440107675846,6.78723814955886E-16,
4.51249999999998));
#10770=CARTESIAN_POINT('Ctrl Pts',(-1.33830080756884,-0.772668331506565,
4.57083333333332));
#10771=CARTESIAN_POINT('Ctrl Pts',(-0.89220053837923,-1.54533666301313,
4.62916666666665));
#10772=CARTESIAN_POINT('Ctrl Pts',(-1.89249159796408E-16,-1.54533666301313,
4.68749999999998));
#10773=CARTESIAN_POINT('Ctrl Pts',(0.892200538379229,-1.54533666301313,
4.74583333333332));
#10774=CARTESIAN_POINT('Ctrl Pts',(1.33830080756884,-0.772668331506566,
4.80416666666665));
#10775=CARTESIAN_POINT('Ctrl Pts',(1.78440107675846,2.41671601546418E-16,
4.86249999999998));
#10776=CARTESIAN_POINT('Ctrl Pts',(1.33830080756885,0.772668331506565,4.92083333333332));
#10777=CARTESIAN_POINT('Ctrl Pts',(0.892200538379231,1.54533666301313,4.97916666666665));
#10778=CARTESIAN_POINT('Ctrl Pts',(0.,1.54533666301313,5.03749999999998));
#10779=CARTESIAN_POINT('Ctrl Pts',(-0.89220053837923,1.54533666301313,5.09583333333332));
#10780=CARTESIAN_POINT('Ctrl Pts',(-1.33830080756884,0.772668331506567,
5.15416666666665));
#10781=CARTESIAN_POINT('Ctrl Pts',(-1.78440107675846,6.78723814955886E-16,
5.21249999999998));
#10782=CARTESIAN_POINT('Ctrl Pts',(-1.33830080756884,-0.772668331506565,
5.27083333333332));
#10783=CARTESIAN_POINT('Ctrl Pts',(-0.89220053837923,-1.54533666301313,
5.32916666666665));
#10784=CARTESIAN_POINT('Ctrl Pts',(-1.89249159796408E-16,-1.54533666301313,
5.38749999999998));
#10785=CARTESIAN_POINT('Ctrl Pts',(0.892200538379229,-1.54533666301313,
5.44583333333332));
#10786=CARTESIAN_POINT('Ctrl Pts',(1.33830080756884,-0.772668331506566,
5.50416666666665));
#10787=CARTESIAN_POINT('Ctrl Pts',(1.78440107675846,2.41671601546418E-16,
5.56249999999998));
#10788=CARTESIAN_POINT('Ctrl Pts',(1.33830080756885,0.772668331506565,5.62083333333331));
#10789=CARTESIAN_POINT('Ctrl Pts',(0.892200538379231,1.54533666301313,5.67916666666665));
#10790=CARTESIAN_POINT('Ctrl Pts',(0.,1.54533666301313,5.73749999999998));
#10791=CARTESIAN_POINT('Ctrl Pts',(-0.89220053837923,1.54533666301313,5.79583333333331));
#10792=CARTESIAN_POINT('Ctrl Pts',(-1.33830080756884,0.772668331506567,
5.85416666666665));
#10793=CARTESIAN_POINT('Ctrl Pts',(-1.78440107675846,6.78723814955886E-16,
5.91249999999998));
#10794=CARTESIAN_POINT('Ctrl Pts',(-1.33830080756884,-0.772668331506565,
5.97083333333331));
#10795=CARTESIAN_POINT('Ctrl Pts',(-0.89220053837923,-1.54533666301313,
6.02916666666665));
#10796=CARTESIAN_POINT('Ctrl Pts',(-1.89249159796408E-16,-1.54533666301313,
6.08749999999998));
#10797=CARTESIAN_POINT('Ctrl Pts',(0.892200538379229,-1.54533666301313,
6.14583333333332));
#10798=CARTESIAN_POINT('Ctrl Pts',(1.33830080756884,-0.772668331506566,
6.20416666666665));
#10799=CARTESIAN_POINT('Ctrl Pts',(1.78440107675846,2.41671601546418E-16,
6.26249999999998));
#10800=CARTESIAN_POINT('Ctrl Pts',(1.33830080756885,0.772668331506565,6.32083333333332));
#10801=CARTESIAN_POINT('Ctrl Pts',(0.892200538379231,1.54533666301313,6.37916666666665));
#10802=CARTESIAN_POINT('Ctrl Pts',(0.,1.54533666301313,6.43749999999998));
#10803=CARTESIAN_POINT('Ctrl Pts',(-0.89220053837923,1.54533666301313,6.49583333333332));
#10804=CARTESIAN_POINT('Ctrl Pts',(-1.33830080756884,0.772668331506567,
6.55416666666665));
#10805=CARTESIAN_POINT('Ctrl Pts',(-1.78440107675846,6.78723814955886E-16,
6.61249999999998));
#10806=CARTESIAN_POINT('Ctrl Pts',(-1.33830080756884,-0.772668331506565,
6.67083333333331));
#10807=CARTESIAN_POINT('Ctrl Pts',(-0.89220053837923,-1.54533666301313,
6.72916666666665));
#10808=CARTESIAN_POINT('Ctrl Pts',(-1.89249159796408E-16,-1.54533666301313,
6.78749999999998));
#10809=CARTESIAN_POINT('Ctrl Pts',(0.892200538379229,-1.54533666301313,
6.84583333333332));
#10810=CARTESIAN_POINT('Ctrl Pts',(1.33830080756884,-0.772668331506566,
6.90416666666665));
#10811=CARTESIAN_POINT('Ctrl Pts',(1.78440107675846,2.41671601546418E-16,
6.96249999999998));
#10812=CARTESIAN_POINT('Ctrl Pts',(1.33830080756885,0.772668331506565,7.02083333333332));
#10813=CARTESIAN_POINT('Ctrl Pts',(0.892200538379231,1.54533666301313,7.07916666666665));
#10814=CARTESIAN_POINT('Ctrl Pts',(0.,1.54533666301313,7.13749999999998));
#10815=CARTESIAN_POINT('Ctrl Pts',(-0.89220053837923,1.54533666301313,7.19583333333332));
#10816=CARTESIAN_POINT('Ctrl Pts',(-1.33830080756884,0.772668331506567,
7.25416666666665));
#10817=CARTESIAN_POINT('Ctrl Pts',(-1.78440107675846,6.78723814955886E-16,
7.31249999999998));
#10818=CARTESIAN_POINT('Ctrl Pts',(-1.33830080756884,-0.772668331506565,
7.37083333333331));
#10819=CARTESIAN_POINT('Ctrl Pts',(-0.89220053837923,-1.54533666301313,
7.42916666666665));
#10820=CARTESIAN_POINT('Ctrl Pts',(-1.89249159796408E-16,-1.54533666301313,
7.48749999999998));
#10821=CARTESIAN_POINT('Ctrl Pts',(0.892200538379229,-1.54533666301313,
7.54583333333331));
#10822=CARTESIAN_POINT('Ctrl Pts',(1.33830080756884,-0.772668331506566,
7.60416666666665));
#10823=CARTESIAN_POINT('Ctrl Pts',(1.78440107675846,2.41671601546418E-16,
7.66249999999998));
#10824=CARTESIAN_POINT('Ctrl Pts',(1.33830080756885,0.772668331506565,7.72083333333332));
#10825=CARTESIAN_POINT('Ctrl Pts',(0.892200538379231,1.54533666301313,7.77916666666665));
#10826=CARTESIAN_POINT('Ctrl Pts',(0.,1.54533666301313,7.83749999999998));
#10827=CARTESIAN_POINT('Ctrl Pts',(-0.89220053837923,1.54533666301313,7.89583333333332));
#10828=CARTESIAN_POINT('Ctrl Pts',(-1.33830080756884,0.772668331506567,
7.95416666666665));
#10829=CARTESIAN_POINT('Ctrl Pts',(-1.78440107675846,6.78723814955886E-16,
8.01249999999998));
#10830=CARTESIAN_POINT('Ctrl Pts',(-1.33830080756884,-0.772668331506565,
8.07083333333332));
#10831=CARTESIAN_POINT('Ctrl Pts',(-0.89220053837923,-1.54533666301313,
8.12916666666665));
#10832=CARTESIAN_POINT('Ctrl Pts',(-1.89249159796408E-16,-1.54533666301313,
8.18749999999998));
#10833=CARTESIAN_POINT('Ctrl Pts',(0.892200538379229,-1.54533666301313,
8.24583333333331));
#10834=CARTESIAN_POINT('Ctrl Pts',(1.33830080756884,-0.772668331506566,
8.30416666666665));
#10835=CARTESIAN_POINT('Ctrl Pts',(1.78440107675846,2.41671601546418E-16,
8.36249999999998));
#10836=CARTESIAN_POINT('Ctrl Pts',(1.33830080756885,0.772668331506565,8.42083333333331));
#10837=CARTESIAN_POINT('Ctrl Pts',(0.892200538379231,1.54533666301313,8.47916666666665));
#10838=CARTESIAN_POINT('Ctrl Pts',(0.,1.54533666301313,8.53749999999998));
#10839=CARTESIAN_POINT('Ctrl Pts',(-0.89220053837923,1.54533666301313,8.59583333333332));
#10840=CARTESIAN_POINT('Ctrl Pts',(-1.33830080756884,0.772668331506567,
8.65416666666665));
#10841=CARTESIAN_POINT('Ctrl Pts',(-1.78440107675846,6.78723814955886E-16,
8.71249999999998));
#10842=CARTESIAN_POINT('Ctrl Pts',(-1.33830080756884,-0.772668331506565,
8.77083333333331));
#10843=CARTESIAN_POINT('Ctrl Pts',(-0.89220053837923,-1.54533666301313,
8.82916666666665));
#10844=CARTESIAN_POINT('Ctrl Pts',(-1.89249159796408E-16,-1.54533666301313,
8.88749999999998));
#10845=CARTESIAN_POINT('Ctrl Pts',(0.892200538379229,-1.54533666301313,
8.94583333333332));
#10846=CARTESIAN_POINT('Ctrl Pts',(1.33830080756884,-0.772668331506566,
9.00416666666665));
#10847=CARTESIAN_POINT('Ctrl Pts',(1.78440107675846,2.41671601546418E-16,
9.06249999999998));
#10848=CARTESIAN_POINT('Ctrl Pts',(1.33830080756885,0.772668331506565,9.12083333333331));
#10849=CARTESIAN_POINT('Ctrl Pts',(0.892200538379231,1.54533666301313,9.17916666666665));
#10850=CARTESIAN_POINT('Ctrl Pts',(0.,1.54533666301313,9.23749999999998));
#10851=CARTESIAN_POINT('Ctrl Pts',(-0.89220053837923,1.54533666301313,9.29583333333332));
#10852=CARTESIAN_POINT('Ctrl Pts',(-1.33830080756884,0.772668331506567,
9.35416666666665));
#10853=CARTESIAN_POINT('Ctrl Pts',(-1.78440107675846,6.78723814955886E-16,
9.41249999999998));
#10854=CARTESIAN_POINT('Ctrl Pts',(-1.33830080756884,-0.772668331506565,
9.47083333333332));
#10855=CARTESIAN_POINT('Ctrl Pts',(-0.89220053837923,-1.54533666301313,
9.52916666666665));
#10856=CARTESIAN_POINT('Ctrl Pts',(-1.89249159796408E-16,-1.54533666301313,
9.58749999999998));
#10857=CARTESIAN_POINT('Ctrl Pts',(0.892200538379229,-1.54533666301313,
9.64583333333332));
#10858=CARTESIAN_POINT('Ctrl Pts',(1.33830080756884,-0.772668331506566,
9.70416666666665));
#10859=CARTESIAN_POINT('Ctrl Pts',(1.78440107675846,2.41671601546418E-16,
9.76249999999998));
#10860=CARTESIAN_POINT('Ctrl Pts',(1.33830080756885,0.772668331506565,9.82083333333332));
#10861=CARTESIAN_POINT('Ctrl Pts',(0.892200538379231,1.54533666301313,9.87916666666665));
#10862=CARTESIAN_POINT('Ctrl Pts',(0.,1.54533666301313,9.93749999999998));
#10863=CARTESIAN_POINT('',(0.,0.,0.));
#10864=UNCERTAINTY_MEASURE_WITH_UNIT(LENGTH_MEASURE(0.01),#10870,
'DISTANCE_ACCURACY_VALUE',
'Maximum model space distance between geometric entities at asserted c
onnectivities');
#10865=UNCERTAINTY_MEASURE_WITH_UNIT(LENGTH_MEASURE(0.01),#10870,
'DISTANCE_ACCURACY_VALUE',
'Maximum model space distance between geometric entities at asserted c
onnectivities');
#10866=UNCERTAINTY_MEASURE_WITH_UNIT(LENGTH_MEASURE(0.01),#10870,
'DISTANCE_ACCURACY_VALUE',
'Maximum model space distance between geometric entities at asserted c
onnectivities');
#10867=(
GEOMETRIC_REPRESENTATION_CONTEXT(3)
GLOBAL_UNCERTAINTY_ASSIGNED_CONTEXT((#10864))
GLOBAL_UNIT_ASSIGNED_CONTEXT((#10870,#10872,#10873))
REPRESENTATION_CONTEXT('','3D')
);
#10868=(
GEOMETRIC_REPRESENTATION_CONTEXT(3)
GLOBAL_UNCERTAINTY_ASSIGNED_CONTEXT((#10865))
GLOBAL_UNIT_ASSIGNED_CONTEXT((#10870,#10872,#10873))
REPRESENTATION_CONTEXT('','3D')
);
#10869=(
GEOMETRIC_REPRESENTATION_CONTEXT(3)
GLOBAL_UNCERTAINTY_ASSIGNED_CONTEXT((#10866))
GLOBAL_UNIT_ASSIGNED_CONTEXT((#10870,#10872,#10873))
REPRESENTATION_CONTEXT('','3D')
);
#10870=(
LENGTH_UNIT()
NAMED_UNIT(*)
SI_UNIT(.MILLI.,.METRE.)
);
#10871=(
LENGTH_UNIT()
NAMED_UNIT(*)
SI_UNIT($,.METRE.)
);
#10872=(
NAMED_UNIT(*)
PLANE_ANGLE_UNIT()
SI_UNIT($,.RADIAN.)
);
#10873=(
NAMED_UNIT(*)
SI_UNIT($,.STERADIAN.)
SOLID_ANGLE_UNIT()
);
#10874=SHAPE_DEFINITION_REPRESENTATION(#10876,#10879);
#10875=SHAPE_DEFINITION_REPRESENTATION(#10877,#10880);
#10876=PRODUCT_DEFINITION_SHAPE('',$,#10882);
#10877=PRODUCT_DEFINITION_SHAPE('',$,#10883);
#10878=PRODUCT_DEFINITION_SHAPE($,$,#14);
#10879=SHAPE_REPRESENTATION('',(#2507,#2701),#10867);
#10880=SHAPE_REPRESENTATION('',(#2508),#10868);
#10881=PRODUCT_DEFINITION_CONTEXT('part definition',#10889,'design');
#10882=PRODUCT_DEFINITION('39780',
'Pan Head Screw, M4 x 30 mm, Zinc-Plated Steel v1',#10884,#10881);
#10883=PRODUCT_DEFINITION('92005A232_Steel Pan Head Phillips Screw',
'92005A232_Steel Pan Head Phillips Screw',#10885,#10881);
#10884=PRODUCT_DEFINITION_FORMATION('',$,#10891);
#10885=PRODUCT_DEFINITION_FORMATION('',$,#10892);
#10886=PRODUCT_RELATED_PRODUCT_CATEGORY(
'Pan Head Screw, M4 x 30 mm, Zinc-Plated Steel v1',
'Pan Head Screw, M4 x 30 mm, Zinc-Plated Steel v1',(#10891));
#10887=PRODUCT_RELATED_PRODUCT_CATEGORY(
'92005A232_Steel Pan Head Phillips Screw',
'92005A232_Steel Pan Head Phillips Screw',(#10892));
#10888=APPLICATION_PROTOCOL_DEFINITION('international standard',
'automotive_design',2009,#10889);
#10889=APPLICATION_CONTEXT(
'Core Data for Automotive Mechanical Design Process');
#10890=PRODUCT_CONTEXT('part definition',#10889,'mechanical');
#10891=PRODUCT('39780',
'Pan Head Screw, M4 x 30 mm, Zinc-Plated Steel v1',$,(#10890));
#10892=PRODUCT('92005A232_Steel Pan Head Phillips Screw',
'92005A232_Steel Pan Head Phillips Screw',$,(#10890));
#10893=PRESENTATION_STYLE_ASSIGNMENT((#10894));
#10894=SURFACE_STYLE_USAGE(.BOTH.,#10895);
#10895=SURFACE_SIDE_STYLE('',(#10896));
#10896=SURFACE_STYLE_FILL_AREA(#10897);
#10897=FILL_AREA_STYLE('Steel - Satin',(#10898));
#10898=FILL_AREA_STYLE_COLOUR('Steel - Satin',#10899);
#10899=COLOUR_RGB('Steel - Satin',0.627450980392157,0.627450980392157,0.627450980392157);
ENDSEC;
END-ISO-10303-21;
