ISO-10303-21;
HEADER;
/* Generated by software containing ST-Developer
 * from STEP Tools, Inc. (www.steptools.com) 
 */
/* OPTION: using custom renumber hook */

FILE_DESCRIPTION(
/* description */ ('STEP AP242',
'CAx-IF Rec.Pracs.---Representation and Presentation of Product Manufa
cturing Information (PMI)---4.0---2014-10-13',
'CAx-IF Rec.Pracs.---3D Tessellated Geometry---0.4---2014-09-14','2;1'),

/* implementation_level */ '2;1');

FILE_NAME(
/* name */ '68342506fe473b6e1abc2269',
/* time_stamp */ '2025-05-26T08:23:35Z',
/* author */ (''),
/* organization */ (''),
/* preprocessor_version */ 'ST-DEVELOPER v20',
/* originating_system */ 'ONSHAPE BY PTC INC, 1.198',
/* authorisation */ '  ');

FILE_SCHEMA (('AP242_MANAGED_MODEL_BASED_3D_ENGINEERING_MIM_LF { 1 0 10303 442 1 1 4 }'));
ENDSEC;

DATA;
#10=SHAPE_REPRESENTATION_RELATIONSHIP('','',#1737,#11);
#11=ADVANCED_BREP_SHAPE_REPRESENTATION('',(#1735),#2719);
#12=CYLINDRICAL_SURFACE('',#1767,0.002);
#13=CYLINDRICAL_SURFACE('',#1770,0.002);
#14=CYLINDRICAL_SURFACE('',#1773,0.002);
#15=CYLINDRICAL_SURFACE('',#1793,0.0015);
#16=CYLINDRICAL_SURFACE('',#1795,0.0015);
#17=CYLINDRICAL_SURFACE('',#1797,0.002);
#18=CIRCLE('',#1740,0.002);
#19=CIRCLE('',#1741,0.002);
#20=CIRCLE('',#1742,0.002);
#21=CIRCLE('',#1743,0.002);
#22=CIRCLE('',#1744,0.0015);
#23=CIRCLE('',#1745,0.0015);
#24=CIRCLE('',#1768,0.002);
#25=CIRCLE('',#1771,0.002);
#26=CIRCLE('',#1774,0.002);
#27=CIRCLE('',#1794,0.0015);
#28=CIRCLE('',#1796,0.0015);
#29=CIRCLE('',#1798,0.002);
#30=ORIENTED_EDGE('',*,*,#518,.F.);
#31=ORIENTED_EDGE('',*,*,#519,.F.);
#32=ORIENTED_EDGE('',*,*,#520,.F.);
#33=ORIENTED_EDGE('',*,*,#521,.T.);
#34=ORIENTED_EDGE('',*,*,#522,.T.);
#35=ORIENTED_EDGE('',*,*,#523,.T.);
#36=ORIENTED_EDGE('',*,*,#524,.F.);
#37=ORIENTED_EDGE('',*,*,#525,.T.);
#38=ORIENTED_EDGE('',*,*,#526,.T.);
#39=ORIENTED_EDGE('',*,*,#527,.F.);
#40=ORIENTED_EDGE('',*,*,#528,.T.);
#41=ORIENTED_EDGE('',*,*,#529,.T.);
#42=ORIENTED_EDGE('',*,*,#530,.F.);
#43=ORIENTED_EDGE('',*,*,#531,.F.);
#44=ORIENTED_EDGE('',*,*,#532,.T.);
#45=ORIENTED_EDGE('',*,*,#533,.F.);
#46=ORIENTED_EDGE('',*,*,#534,.F.);
#47=ORIENTED_EDGE('',*,*,#535,.F.);
#48=ORIENTED_EDGE('',*,*,#536,.T.);
#49=ORIENTED_EDGE('',*,*,#537,.T.);
#50=ORIENTED_EDGE('',*,*,#538,.F.);
#51=ORIENTED_EDGE('',*,*,#539,.F.);
#52=ORIENTED_EDGE('',*,*,#540,.F.);
#53=ORIENTED_EDGE('',*,*,#541,.T.);
#54=ORIENTED_EDGE('',*,*,#542,.T.);
#55=ORIENTED_EDGE('',*,*,#543,.T.);
#56=ORIENTED_EDGE('',*,*,#544,.F.);
#57=ORIENTED_EDGE('',*,*,#545,.T.);
#58=ORIENTED_EDGE('',*,*,#546,.T.);
#59=ORIENTED_EDGE('',*,*,#547,.F.);
#60=ORIENTED_EDGE('',*,*,#548,.T.);
#61=ORIENTED_EDGE('',*,*,#549,.T.);
#62=ORIENTED_EDGE('',*,*,#550,.F.);
#63=ORIENTED_EDGE('',*,*,#551,.F.);
#64=ORIENTED_EDGE('',*,*,#552,.T.);
#65=ORIENTED_EDGE('',*,*,#553,.F.);
#66=ORIENTED_EDGE('',*,*,#554,.F.);
#67=ORIENTED_EDGE('',*,*,#555,.F.);
#68=ORIENTED_EDGE('',*,*,#556,.T.);
#69=ORIENTED_EDGE('',*,*,#557,.T.);
#70=ORIENTED_EDGE('',*,*,#558,.T.);
#71=ORIENTED_EDGE('',*,*,#559,.T.);
#72=ORIENTED_EDGE('',*,*,#560,.F.);
#73=ORIENTED_EDGE('',*,*,#561,.T.);
#74=ORIENTED_EDGE('',*,*,#562,.F.);
#75=ORIENTED_EDGE('',*,*,#563,.T.);
#76=ORIENTED_EDGE('',*,*,#564,.T.);
#77=ORIENTED_EDGE('',*,*,#565,.T.);
#78=ORIENTED_EDGE('',*,*,#566,.F.);
#79=ORIENTED_EDGE('',*,*,#567,.F.);
#80=ORIENTED_EDGE('',*,*,#568,.T.);
#81=ORIENTED_EDGE('',*,*,#569,.T.);
#82=ORIENTED_EDGE('',*,*,#570,.F.);
#83=ORIENTED_EDGE('',*,*,#571,.T.);
#84=ORIENTED_EDGE('',*,*,#572,.T.);
#85=ORIENTED_EDGE('',*,*,#573,.F.);
#86=ORIENTED_EDGE('',*,*,#574,.T.);
#87=ORIENTED_EDGE('',*,*,#575,.T.);
#88=ORIENTED_EDGE('',*,*,#576,.F.);
#89=ORIENTED_EDGE('',*,*,#577,.F.);
#90=ORIENTED_EDGE('',*,*,#578,.T.);
#91=ORIENTED_EDGE('',*,*,#579,.F.);
#92=ORIENTED_EDGE('',*,*,#580,.F.);
#93=ORIENTED_EDGE('',*,*,#581,.F.);
#94=ORIENTED_EDGE('',*,*,#582,.T.);
#95=ORIENTED_EDGE('',*,*,#583,.T.);
#96=ORIENTED_EDGE('',*,*,#584,.F.);
#97=ORIENTED_EDGE('',*,*,#585,.F.);
#98=ORIENTED_EDGE('',*,*,#586,.F.);
#99=ORIENTED_EDGE('',*,*,#587,.T.);
#100=ORIENTED_EDGE('',*,*,#588,.F.);
#101=ORIENTED_EDGE('',*,*,#589,.T.);
#102=ORIENTED_EDGE('',*,*,#522,.F.);
#103=ORIENTED_EDGE('',*,*,#590,.F.);
#104=ORIENTED_EDGE('',*,*,#591,.T.);
#105=ORIENTED_EDGE('',*,*,#592,.T.);
#106=ORIENTED_EDGE('',*,*,#593,.F.);
#107=ORIENTED_EDGE('',*,*,#594,.T.);
#108=ORIENTED_EDGE('',*,*,#592,.F.);
#109=ORIENTED_EDGE('',*,*,#595,.F.);
#110=ORIENTED_EDGE('',*,*,#596,.T.);
#111=ORIENTED_EDGE('',*,*,#519,.T.);
#112=ORIENTED_EDGE('',*,*,#597,.F.);
#113=ORIENTED_EDGE('',*,*,#598,.T.);
#114=ORIENTED_EDGE('',*,*,#542,.F.);
#115=ORIENTED_EDGE('',*,*,#599,.F.);
#116=ORIENTED_EDGE('',*,*,#600,.T.);
#117=ORIENTED_EDGE('',*,*,#601,.T.);
#118=ORIENTED_EDGE('',*,*,#602,.F.);
#119=ORIENTED_EDGE('',*,*,#603,.T.);
#120=ORIENTED_EDGE('',*,*,#601,.F.);
#121=ORIENTED_EDGE('',*,*,#604,.F.);
#122=ORIENTED_EDGE('',*,*,#605,.T.);
#123=ORIENTED_EDGE('',*,*,#539,.T.);
#124=ORIENTED_EDGE('',*,*,#606,.F.);
#125=ORIENTED_EDGE('',*,*,#607,.T.);
#126=ORIENTED_EDGE('',*,*,#568,.F.);
#127=ORIENTED_EDGE('',*,*,#608,.F.);
#128=ORIENTED_EDGE('',*,*,#609,.T.);
#129=ORIENTED_EDGE('',*,*,#610,.T.);
#130=ORIENTED_EDGE('',*,*,#611,.F.);
#131=ORIENTED_EDGE('',*,*,#612,.T.);
#132=ORIENTED_EDGE('',*,*,#610,.F.);
#133=ORIENTED_EDGE('',*,*,#613,.F.);
#134=ORIENTED_EDGE('',*,*,#614,.T.);
#135=ORIENTED_EDGE('',*,*,#585,.T.);
#136=ORIENTED_EDGE('',*,*,#615,.F.);
#137=ORIENTED_EDGE('',*,*,#616,.T.);
#138=ORIENTED_EDGE('',*,*,#532,.F.);
#139=ORIENTED_EDGE('',*,*,#617,.F.);
#140=ORIENTED_EDGE('',*,*,#618,.T.);
#141=ORIENTED_EDGE('',*,*,#619,.T.);
#142=ORIENTED_EDGE('',*,*,#620,.F.);
#143=ORIENTED_EDGE('',*,*,#621,.T.);
#144=ORIENTED_EDGE('',*,*,#622,.F.);
#145=ORIENTED_EDGE('',*,*,#623,.F.);
#146=ORIENTED_EDGE('',*,*,#624,.T.);
#147=ORIENTED_EDGE('',*,*,#524,.T.);
#148=ORIENTED_EDGE('',*,*,#625,.F.);
#149=ORIENTED_EDGE('',*,*,#626,.T.);
#150=ORIENTED_EDGE('',*,*,#537,.F.);
#151=ORIENTED_EDGE('',*,*,#627,.F.);
#152=ORIENTED_EDGE('',*,*,#628,.T.);
#153=ORIENTED_EDGE('',*,*,#629,.T.);
#154=ORIENTED_EDGE('',*,*,#630,.F.);
#155=ORIENTED_EDGE('',*,*,#631,.T.);
#156=ORIENTED_EDGE('',*,*,#629,.F.);
#157=ORIENTED_EDGE('',*,*,#632,.F.);
#158=ORIENTED_EDGE('',*,*,#633,.T.);
#159=ORIENTED_EDGE('',*,*,#534,.T.);
#160=ORIENTED_EDGE('',*,*,#634,.F.);
#161=ORIENTED_EDGE('',*,*,#635,.T.);
#162=ORIENTED_EDGE('',*,*,#552,.F.);
#163=ORIENTED_EDGE('',*,*,#636,.F.);
#164=ORIENTED_EDGE('',*,*,#637,.T.);
#165=ORIENTED_EDGE('',*,*,#638,.T.);
#166=ORIENTED_EDGE('',*,*,#639,.F.);
#167=ORIENTED_EDGE('',*,*,#640,.T.);
#168=ORIENTED_EDGE('',*,*,#641,.F.);
#169=ORIENTED_EDGE('',*,*,#642,.F.);
#170=ORIENTED_EDGE('',*,*,#643,.T.);
#171=ORIENTED_EDGE('',*,*,#544,.T.);
#172=ORIENTED_EDGE('',*,*,#644,.F.);
#173=ORIENTED_EDGE('',*,*,#645,.T.);
#174=ORIENTED_EDGE('',*,*,#557,.F.);
#175=ORIENTED_EDGE('',*,*,#646,.F.);
#176=ORIENTED_EDGE('',*,*,#647,.T.);
#177=ORIENTED_EDGE('',*,*,#648,.T.);
#178=ORIENTED_EDGE('',*,*,#649,.F.);
#179=ORIENTED_EDGE('',*,*,#650,.T.);
#180=ORIENTED_EDGE('',*,*,#648,.F.);
#181=ORIENTED_EDGE('',*,*,#651,.F.);
#182=ORIENTED_EDGE('',*,*,#652,.T.);
#183=ORIENTED_EDGE('',*,*,#554,.T.);
#184=ORIENTED_EDGE('',*,*,#653,.F.);
#185=ORIENTED_EDGE('',*,*,#654,.T.);
#186=ORIENTED_EDGE('',*,*,#583,.F.);
#187=ORIENTED_EDGE('',*,*,#655,.F.);
#188=ORIENTED_EDGE('',*,*,#656,.T.);
#189=ORIENTED_EDGE('',*,*,#657,.T.);
#190=ORIENTED_EDGE('',*,*,#658,.F.);
#191=ORIENTED_EDGE('',*,*,#659,.T.);
#192=ORIENTED_EDGE('',*,*,#657,.F.);
#193=ORIENTED_EDGE('',*,*,#660,.F.);
#194=ORIENTED_EDGE('',*,*,#661,.T.);
#195=ORIENTED_EDGE('',*,*,#580,.T.);
#196=ORIENTED_EDGE('',*,*,#662,.F.);
#197=ORIENTED_EDGE('',*,*,#663,.T.);
#198=ORIENTED_EDGE('',*,*,#664,.F.);
#199=ORIENTED_EDGE('',*,*,#665,.F.);
#200=ORIENTED_EDGE('',*,*,#666,.T.);
#201=ORIENTED_EDGE('',*,*,#570,.T.);
#202=ORIENTED_EDGE('',*,*,#667,.F.);
#203=ORIENTED_EDGE('',*,*,#668,.T.);
#204=ORIENTED_EDGE('',*,*,#578,.F.);
#205=ORIENTED_EDGE('',*,*,#669,.F.);
#206=ORIENTED_EDGE('',*,*,#670,.T.);
#207=ORIENTED_EDGE('',*,*,#671,.T.);
#208=ORIENTED_EDGE('',*,*,#520,.T.);
#209=ORIENTED_EDGE('',*,*,#596,.F.);
#210=ORIENTED_EDGE('',*,*,#672,.F.);
#211=ORIENTED_EDGE('',*,*,#673,.T.);
#212=ORIENTED_EDGE('',*,*,#540,.T.);
#213=ORIENTED_EDGE('',*,*,#605,.F.);
#214=ORIENTED_EDGE('',*,*,#674,.F.);
#215=ORIENTED_EDGE('',*,*,#675,.T.);
#216=ORIENTED_EDGE('',*,*,#558,.F.);
#217=ORIENTED_EDGE('',*,*,#676,.F.);
#218=ORIENTED_EDGE('',*,*,#677,.T.);
#219=ORIENTED_EDGE('',*,*,#678,.T.);
#220=ORIENTED_EDGE('',*,*,#559,.F.);
#221=ORIENTED_EDGE('',*,*,#678,.F.);
#222=ORIENTED_EDGE('',*,*,#679,.T.);
#223=ORIENTED_EDGE('',*,*,#680,.T.);
#224=ORIENTED_EDGE('',*,*,#560,.T.);
#225=ORIENTED_EDGE('',*,*,#680,.F.);
#226=ORIENTED_EDGE('',*,*,#681,.F.);
#227=ORIENTED_EDGE('',*,*,#682,.T.);
#228=ORIENTED_EDGE('',*,*,#561,.F.);
#229=ORIENTED_EDGE('',*,*,#682,.F.);
#230=ORIENTED_EDGE('',*,*,#683,.T.);
#231=ORIENTED_EDGE('',*,*,#684,.T.);
#232=ORIENTED_EDGE('',*,*,#562,.T.);
#233=ORIENTED_EDGE('',*,*,#684,.F.);
#234=ORIENTED_EDGE('',*,*,#685,.F.);
#235=ORIENTED_EDGE('',*,*,#686,.T.);
#236=ORIENTED_EDGE('',*,*,#563,.F.);
#237=ORIENTED_EDGE('',*,*,#686,.F.);
#238=ORIENTED_EDGE('',*,*,#687,.T.);
#239=ORIENTED_EDGE('',*,*,#688,.T.);
#240=ORIENTED_EDGE('',*,*,#564,.F.);
#241=ORIENTED_EDGE('',*,*,#688,.F.);
#242=ORIENTED_EDGE('',*,*,#689,.T.);
#243=ORIENTED_EDGE('',*,*,#690,.T.);
#244=ORIENTED_EDGE('',*,*,#586,.T.);
#245=ORIENTED_EDGE('',*,*,#614,.F.);
#246=ORIENTED_EDGE('',*,*,#691,.F.);
#247=ORIENTED_EDGE('',*,*,#692,.T.);
#248=ORIENTED_EDGE('',*,*,#693,.F.);
#249=ORIENTED_EDGE('',*,*,#694,.F.);
#250=ORIENTED_EDGE('',*,*,#619,.F.);
#251=ORIENTED_EDGE('',*,*,#695,.T.);
#252=ORIENTED_EDGE('',*,*,#696,.T.);
#253=ORIENTED_EDGE('',*,*,#529,.F.);
#254=ORIENTED_EDGE('',*,*,#530,.T.);
#255=ORIENTED_EDGE('',*,*,#696,.F.);
#256=ORIENTED_EDGE('',*,*,#697,.F.);
#257=ORIENTED_EDGE('',*,*,#698,.T.);
#258=ORIENTED_EDGE('',*,*,#699,.T.);
#259=ORIENTED_EDGE('',*,*,#700,.T.);
#260=ORIENTED_EDGE('',*,*,#527,.T.);
#261=ORIENTED_EDGE('',*,*,#701,.F.);
#262=ORIENTED_EDGE('',*,*,#702,.F.);
#263=ORIENTED_EDGE('',*,*,#622,.T.);
#264=ORIENTED_EDGE('',*,*,#525,.F.);
#265=ORIENTED_EDGE('',*,*,#624,.F.);
#266=ORIENTED_EDGE('',*,*,#703,.T.);
#267=ORIENTED_EDGE('',*,*,#704,.T.);
#268=ORIENTED_EDGE('',*,*,#535,.T.);
#269=ORIENTED_EDGE('',*,*,#633,.F.);
#270=ORIENTED_EDGE('',*,*,#705,.F.);
#271=ORIENTED_EDGE('',*,*,#706,.T.);
#272=ORIENTED_EDGE('',*,*,#707,.F.);
#273=ORIENTED_EDGE('',*,*,#708,.F.);
#274=ORIENTED_EDGE('',*,*,#638,.F.);
#275=ORIENTED_EDGE('',*,*,#709,.T.);
#276=ORIENTED_EDGE('',*,*,#710,.T.);
#277=ORIENTED_EDGE('',*,*,#549,.F.);
#278=ORIENTED_EDGE('',*,*,#550,.T.);
#279=ORIENTED_EDGE('',*,*,#710,.F.);
#280=ORIENTED_EDGE('',*,*,#711,.F.);
#281=ORIENTED_EDGE('',*,*,#712,.T.);
#282=ORIENTED_EDGE('',*,*,#713,.T.);
#283=ORIENTED_EDGE('',*,*,#714,.T.);
#284=ORIENTED_EDGE('',*,*,#547,.T.);
#285=ORIENTED_EDGE('',*,*,#715,.F.);
#286=ORIENTED_EDGE('',*,*,#716,.F.);
#287=ORIENTED_EDGE('',*,*,#641,.T.);
#288=ORIENTED_EDGE('',*,*,#545,.F.);
#289=ORIENTED_EDGE('',*,*,#643,.F.);
#290=ORIENTED_EDGE('',*,*,#717,.T.);
#291=ORIENTED_EDGE('',*,*,#718,.T.);
#292=ORIENTED_EDGE('',*,*,#555,.T.);
#293=ORIENTED_EDGE('',*,*,#652,.F.);
#294=ORIENTED_EDGE('',*,*,#719,.F.);
#295=ORIENTED_EDGE('',*,*,#720,.T.);
#296=ORIENTED_EDGE('',*,*,#581,.T.);
#297=ORIENTED_EDGE('',*,*,#661,.F.);
#298=ORIENTED_EDGE('',*,*,#721,.F.);
#299=ORIENTED_EDGE('',*,*,#722,.T.);
#300=ORIENTED_EDGE('',*,*,#723,.T.);
#301=ORIENTED_EDGE('',*,*,#724,.T.);
#302=ORIENTED_EDGE('',*,*,#573,.T.);
#303=ORIENTED_EDGE('',*,*,#725,.F.);
#304=ORIENTED_EDGE('',*,*,#726,.F.);
#305=ORIENTED_EDGE('',*,*,#664,.T.);
#306=ORIENTED_EDGE('',*,*,#571,.F.);
#307=ORIENTED_EDGE('',*,*,#666,.F.);
#308=ORIENTED_EDGE('',*,*,#727,.T.);
#309=ORIENTED_EDGE('',*,*,#728,.T.);
#310=ORIENTED_EDGE('',*,*,#729,.F.);
#311=ORIENTED_EDGE('',*,*,#730,.F.);
#312=ORIENTED_EDGE('',*,*,#671,.F.);
#313=ORIENTED_EDGE('',*,*,#731,.T.);
#314=ORIENTED_EDGE('',*,*,#732,.T.);
#315=ORIENTED_EDGE('',*,*,#575,.F.);
#316=ORIENTED_EDGE('',*,*,#576,.T.);
#317=ORIENTED_EDGE('',*,*,#732,.F.);
#318=ORIENTED_EDGE('',*,*,#733,.F.);
#319=ORIENTED_EDGE('',*,*,#734,.T.);
#320=ORIENTED_EDGE('',*,*,#541,.F.);
#321=ORIENTED_EDGE('',*,*,#675,.F.);
#322=ORIENTED_EDGE('',*,*,#735,.T.);
#323=ORIENTED_EDGE('',*,*,#599,.T.);
#324=ORIENTED_EDGE('',*,*,#736,.F.);
#325=ORIENTED_EDGE('',*,*,#567,.T.);
#326=ORIENTED_EDGE('',*,*,#737,.F.);
#327=ORIENTED_EDGE('',*,*,#566,.T.);
#328=ORIENTED_EDGE('',*,*,#565,.F.);
#329=ORIENTED_EDGE('',*,*,#690,.F.);
#330=ORIENTED_EDGE('',*,*,#738,.T.);
#331=ORIENTED_EDGE('',*,*,#676,.T.);
#332=ORIENTED_EDGE('',*,*,#587,.F.);
#333=ORIENTED_EDGE('',*,*,#692,.F.);
#334=ORIENTED_EDGE('',*,*,#739,.T.);
#335=ORIENTED_EDGE('',*,*,#608,.T.);
#336=ORIENTED_EDGE('',*,*,#531,.T.);
#337=ORIENTED_EDGE('',*,*,#698,.F.);
#338=ORIENTED_EDGE('',*,*,#740,.F.);
#339=ORIENTED_EDGE('',*,*,#617,.T.);
#340=ORIENTED_EDGE('',*,*,#526,.F.);
#341=ORIENTED_EDGE('',*,*,#704,.F.);
#342=ORIENTED_EDGE('',*,*,#741,.T.);
#343=ORIENTED_EDGE('',*,*,#701,.T.);
#344=ORIENTED_EDGE('',*,*,#536,.F.);
#345=ORIENTED_EDGE('',*,*,#706,.F.);
#346=ORIENTED_EDGE('',*,*,#742,.T.);
#347=ORIENTED_EDGE('',*,*,#627,.T.);
#348=ORIENTED_EDGE('',*,*,#551,.T.);
#349=ORIENTED_EDGE('',*,*,#712,.F.);
#350=ORIENTED_EDGE('',*,*,#743,.F.);
#351=ORIENTED_EDGE('',*,*,#636,.T.);
#352=ORIENTED_EDGE('',*,*,#546,.F.);
#353=ORIENTED_EDGE('',*,*,#718,.F.);
#354=ORIENTED_EDGE('',*,*,#744,.T.);
#355=ORIENTED_EDGE('',*,*,#715,.T.);
#356=ORIENTED_EDGE('',*,*,#556,.F.);
#357=ORIENTED_EDGE('',*,*,#720,.F.);
#358=ORIENTED_EDGE('',*,*,#745,.T.);
#359=ORIENTED_EDGE('',*,*,#646,.T.);
#360=ORIENTED_EDGE('',*,*,#582,.F.);
#361=ORIENTED_EDGE('',*,*,#722,.F.);
#362=ORIENTED_EDGE('',*,*,#746,.T.);
#363=ORIENTED_EDGE('',*,*,#655,.T.);
#364=ORIENTED_EDGE('',*,*,#572,.F.);
#365=ORIENTED_EDGE('',*,*,#728,.F.);
#366=ORIENTED_EDGE('',*,*,#747,.T.);
#367=ORIENTED_EDGE('',*,*,#725,.T.);
#368=ORIENTED_EDGE('',*,*,#577,.T.);
#369=ORIENTED_EDGE('',*,*,#734,.F.);
#370=ORIENTED_EDGE('',*,*,#748,.F.);
#371=ORIENTED_EDGE('',*,*,#669,.T.);
#372=ORIENTED_EDGE('',*,*,#521,.F.);
#373=ORIENTED_EDGE('',*,*,#673,.F.);
#374=ORIENTED_EDGE('',*,*,#749,.T.);
#375=ORIENTED_EDGE('',*,*,#590,.T.);
#376=ORIENTED_EDGE('',*,*,#670,.F.);
#377=ORIENTED_EDGE('',*,*,#748,.T.);
#378=ORIENTED_EDGE('',*,*,#733,.T.);
#379=ORIENTED_EDGE('',*,*,#731,.F.);
#380=ORIENTED_EDGE('',*,*,#726,.T.);
#381=ORIENTED_EDGE('',*,*,#747,.F.);
#382=ORIENTED_EDGE('',*,*,#727,.F.);
#383=ORIENTED_EDGE('',*,*,#665,.T.);
#384=ORIENTED_EDGE('',*,*,#656,.F.);
#385=ORIENTED_EDGE('',*,*,#746,.F.);
#386=ORIENTED_EDGE('',*,*,#721,.T.);
#387=ORIENTED_EDGE('',*,*,#660,.T.);
#388=ORIENTED_EDGE('',*,*,#647,.F.);
#389=ORIENTED_EDGE('',*,*,#745,.F.);
#390=ORIENTED_EDGE('',*,*,#719,.T.);
#391=ORIENTED_EDGE('',*,*,#651,.T.);
#392=ORIENTED_EDGE('',*,*,#716,.T.);
#393=ORIENTED_EDGE('',*,*,#744,.F.);
#394=ORIENTED_EDGE('',*,*,#717,.F.);
#395=ORIENTED_EDGE('',*,*,#642,.T.);
#396=ORIENTED_EDGE('',*,*,#637,.F.);
#397=ORIENTED_EDGE('',*,*,#743,.T.);
#398=ORIENTED_EDGE('',*,*,#711,.T.);
#399=ORIENTED_EDGE('',*,*,#709,.F.);
#400=ORIENTED_EDGE('',*,*,#628,.F.);
#401=ORIENTED_EDGE('',*,*,#742,.F.);
#402=ORIENTED_EDGE('',*,*,#705,.T.);
#403=ORIENTED_EDGE('',*,*,#632,.T.);
#404=ORIENTED_EDGE('',*,*,#702,.T.);
#405=ORIENTED_EDGE('',*,*,#741,.F.);
#406=ORIENTED_EDGE('',*,*,#703,.F.);
#407=ORIENTED_EDGE('',*,*,#623,.T.);
#408=ORIENTED_EDGE('',*,*,#618,.F.);
#409=ORIENTED_EDGE('',*,*,#740,.T.);
#410=ORIENTED_EDGE('',*,*,#697,.T.);
#411=ORIENTED_EDGE('',*,*,#695,.F.);
#412=ORIENTED_EDGE('',*,*,#609,.F.);
#413=ORIENTED_EDGE('',*,*,#739,.F.);
#414=ORIENTED_EDGE('',*,*,#691,.T.);
#415=ORIENTED_EDGE('',*,*,#613,.T.);
#416=ORIENTED_EDGE('',*,*,#677,.F.);
#417=ORIENTED_EDGE('',*,*,#738,.F.);
#418=ORIENTED_EDGE('',*,*,#689,.F.);
#419=ORIENTED_EDGE('',*,*,#687,.F.);
#420=ORIENTED_EDGE('',*,*,#685,.T.);
#421=ORIENTED_EDGE('',*,*,#683,.F.);
#422=ORIENTED_EDGE('',*,*,#681,.T.);
#423=ORIENTED_EDGE('',*,*,#679,.F.);
#424=ORIENTED_EDGE('',*,*,#737,.T.);
#425=ORIENTED_EDGE('',*,*,#736,.T.);
#426=ORIENTED_EDGE('',*,*,#600,.F.);
#427=ORIENTED_EDGE('',*,*,#735,.F.);
#428=ORIENTED_EDGE('',*,*,#674,.T.);
#429=ORIENTED_EDGE('',*,*,#604,.T.);
#430=ORIENTED_EDGE('',*,*,#591,.F.);
#431=ORIENTED_EDGE('',*,*,#749,.F.);
#432=ORIENTED_EDGE('',*,*,#672,.T.);
#433=ORIENTED_EDGE('',*,*,#595,.T.);
#434=ORIENTED_EDGE('',*,*,#569,.F.);
#435=ORIENTED_EDGE('',*,*,#607,.F.);
#436=ORIENTED_EDGE('',*,*,#750,.T.);
#437=ORIENTED_EDGE('',*,*,#662,.T.);
#438=ORIENTED_EDGE('',*,*,#584,.T.);
#439=ORIENTED_EDGE('',*,*,#654,.F.);
#440=ORIENTED_EDGE('',*,*,#751,.F.);
#441=ORIENTED_EDGE('',*,*,#611,.T.);
#442=ORIENTED_EDGE('',*,*,#579,.T.);
#443=ORIENTED_EDGE('',*,*,#668,.F.);
#444=ORIENTED_EDGE('',*,*,#752,.F.);
#445=ORIENTED_EDGE('',*,*,#658,.T.);
#446=ORIENTED_EDGE('',*,*,#574,.F.);
#447=ORIENTED_EDGE('',*,*,#724,.F.);
#448=ORIENTED_EDGE('',*,*,#753,.T.);
#449=ORIENTED_EDGE('',*,*,#729,.T.);
#450=ORIENTED_EDGE('',*,*,#723,.F.);
#451=ORIENTED_EDGE('',*,*,#663,.F.);
#452=ORIENTED_EDGE('',*,*,#750,.F.);
#453=ORIENTED_EDGE('',*,*,#606,.T.);
#454=ORIENTED_EDGE('',*,*,#612,.F.);
#455=ORIENTED_EDGE('',*,*,#751,.T.);
#456=ORIENTED_EDGE('',*,*,#653,.T.);
#457=ORIENTED_EDGE('',*,*,#659,.F.);
#458=ORIENTED_EDGE('',*,*,#752,.T.);
#459=ORIENTED_EDGE('',*,*,#667,.T.);
#460=ORIENTED_EDGE('',*,*,#730,.T.);
#461=ORIENTED_EDGE('',*,*,#753,.F.);
#462=ORIENTED_EDGE('',*,*,#538,.T.);
#463=ORIENTED_EDGE('',*,*,#645,.F.);
#464=ORIENTED_EDGE('',*,*,#754,.F.);
#465=ORIENTED_EDGE('',*,*,#602,.T.);
#466=ORIENTED_EDGE('',*,*,#553,.T.);
#467=ORIENTED_EDGE('',*,*,#635,.F.);
#468=ORIENTED_EDGE('',*,*,#755,.F.);
#469=ORIENTED_EDGE('',*,*,#649,.T.);
#470=ORIENTED_EDGE('',*,*,#548,.F.);
#471=ORIENTED_EDGE('',*,*,#714,.F.);
#472=ORIENTED_EDGE('',*,*,#756,.T.);
#473=ORIENTED_EDGE('',*,*,#707,.T.);
#474=ORIENTED_EDGE('',*,*,#543,.F.);
#475=ORIENTED_EDGE('',*,*,#598,.F.);
#476=ORIENTED_EDGE('',*,*,#757,.T.);
#477=ORIENTED_EDGE('',*,*,#639,.T.);
#478=ORIENTED_EDGE('',*,*,#603,.F.);
#479=ORIENTED_EDGE('',*,*,#754,.T.);
#480=ORIENTED_EDGE('',*,*,#644,.T.);
#481=ORIENTED_EDGE('',*,*,#650,.F.);
#482=ORIENTED_EDGE('',*,*,#755,.T.);
#483=ORIENTED_EDGE('',*,*,#634,.T.);
#484=ORIENTED_EDGE('',*,*,#708,.T.);
#485=ORIENTED_EDGE('',*,*,#756,.F.);
#486=ORIENTED_EDGE('',*,*,#713,.F.);
#487=ORIENTED_EDGE('',*,*,#640,.F.);
#488=ORIENTED_EDGE('',*,*,#757,.F.);
#489=ORIENTED_EDGE('',*,*,#597,.T.);
#490=ORIENTED_EDGE('',*,*,#518,.T.);
#491=ORIENTED_EDGE('',*,*,#626,.F.);
#492=ORIENTED_EDGE('',*,*,#758,.F.);
#493=ORIENTED_EDGE('',*,*,#593,.T.);
#494=ORIENTED_EDGE('',*,*,#533,.T.);
#495=ORIENTED_EDGE('',*,*,#616,.F.);
#496=ORIENTED_EDGE('',*,*,#759,.F.);
#497=ORIENTED_EDGE('',*,*,#630,.T.);
#498=ORIENTED_EDGE('',*,*,#528,.F.);
#499=ORIENTED_EDGE('',*,*,#700,.F.);
#500=ORIENTED_EDGE('',*,*,#760,.T.);
#501=ORIENTED_EDGE('',*,*,#693,.T.);
#502=ORIENTED_EDGE('',*,*,#523,.F.);
#503=ORIENTED_EDGE('',*,*,#589,.F.);
#504=ORIENTED_EDGE('',*,*,#761,.T.);
#505=ORIENTED_EDGE('',*,*,#620,.T.);
#506=ORIENTED_EDGE('',*,*,#594,.F.);
#507=ORIENTED_EDGE('',*,*,#758,.T.);
#508=ORIENTED_EDGE('',*,*,#625,.T.);
#509=ORIENTED_EDGE('',*,*,#631,.F.);
#510=ORIENTED_EDGE('',*,*,#759,.T.);
#511=ORIENTED_EDGE('',*,*,#615,.T.);
#512=ORIENTED_EDGE('',*,*,#694,.T.);
#513=ORIENTED_EDGE('',*,*,#760,.F.);
#514=ORIENTED_EDGE('',*,*,#699,.F.);
#515=ORIENTED_EDGE('',*,*,#621,.F.);
#516=ORIENTED_EDGE('',*,*,#761,.F.);
#517=ORIENTED_EDGE('',*,*,#588,.T.);
#518=EDGE_CURVE('',#762,#763,#926,.T.);
#519=EDGE_CURVE('',#764,#762,#927,.T.);
#520=EDGE_CURVE('',#765,#764,#928,.T.);
#521=EDGE_CURVE('',#765,#766,#929,.T.);
#522=EDGE_CURVE('',#766,#767,#930,.T.);
#523=EDGE_CURVE('',#767,#768,#931,.T.);
#524=EDGE_CURVE('',#769,#768,#932,.T.);
#525=EDGE_CURVE('',#769,#770,#933,.T.);
#526=EDGE_CURVE('',#770,#771,#934,.T.);
#527=EDGE_CURVE('',#772,#771,#935,.T.);
#528=EDGE_CURVE('',#772,#773,#936,.T.);
#529=EDGE_CURVE('',#773,#774,#937,.T.);
#530=EDGE_CURVE('',#775,#774,#938,.T.);
#531=EDGE_CURVE('',#776,#775,#939,.T.);
#532=EDGE_CURVE('',#776,#777,#940,.T.);
#533=EDGE_CURVE('',#778,#777,#941,.T.);
#534=EDGE_CURVE('',#779,#778,#942,.T.);
#535=EDGE_CURVE('',#780,#779,#943,.T.);
#536=EDGE_CURVE('',#780,#781,#944,.T.);
#537=EDGE_CURVE('',#781,#763,#945,.T.);
#538=EDGE_CURVE('',#782,#783,#946,.T.);
#539=EDGE_CURVE('',#784,#782,#947,.T.);
#540=EDGE_CURVE('',#785,#784,#948,.T.);
#541=EDGE_CURVE('',#785,#786,#949,.T.);
#542=EDGE_CURVE('',#786,#787,#950,.T.);
#543=EDGE_CURVE('',#787,#788,#951,.T.);
#544=EDGE_CURVE('',#789,#788,#952,.T.);
#545=EDGE_CURVE('',#789,#790,#953,.T.);
#546=EDGE_CURVE('',#790,#791,#954,.T.);
#547=EDGE_CURVE('',#792,#791,#955,.T.);
#548=EDGE_CURVE('',#792,#793,#956,.T.);
#549=EDGE_CURVE('',#793,#794,#957,.T.);
#550=EDGE_CURVE('',#795,#794,#958,.T.);
#551=EDGE_CURVE('',#796,#795,#959,.T.);
#552=EDGE_CURVE('',#796,#797,#960,.T.);
#553=EDGE_CURVE('',#798,#797,#961,.T.);
#554=EDGE_CURVE('',#799,#798,#962,.T.);
#555=EDGE_CURVE('',#800,#799,#963,.T.);
#556=EDGE_CURVE('',#800,#801,#964,.T.);
#557=EDGE_CURVE('',#801,#783,#965,.T.);
#558=EDGE_CURVE('',#802,#803,#966,.T.);
#559=EDGE_CURVE('',#803,#804,#18,.T.);
#560=EDGE_CURVE('',#805,#804,#967,.T.);
#561=EDGE_CURVE('',#805,#806,#19,.T.);
#562=EDGE_CURVE('',#807,#806,#968,.T.);
#563=EDGE_CURVE('',#807,#808,#20,.T.);
#564=EDGE_CURVE('',#808,#809,#969,.T.);
#565=EDGE_CURVE('',#809,#802,#21,.T.);
#566=EDGE_CURVE('',#810,#810,#22,.T.);
#567=EDGE_CURVE('',#811,#811,#23,.T.);
#568=EDGE_CURVE('',#812,#813,#970,.T.);
#569=EDGE_CURVE('',#813,#814,#971,.T.);
#570=EDGE_CURVE('',#815,#814,#972,.T.);
#571=EDGE_CURVE('',#815,#816,#973,.T.);
#572=EDGE_CURVE('',#816,#817,#974,.T.);
#573=EDGE_CURVE('',#818,#817,#975,.T.);
#574=EDGE_CURVE('',#818,#819,#976,.T.);
#575=EDGE_CURVE('',#819,#820,#977,.T.);
#576=EDGE_CURVE('',#821,#820,#978,.T.);
#577=EDGE_CURVE('',#822,#821,#979,.T.);
#578=EDGE_CURVE('',#822,#823,#980,.T.);
#579=EDGE_CURVE('',#824,#823,#981,.T.);
#580=EDGE_CURVE('',#825,#824,#982,.T.);
#581=EDGE_CURVE('',#826,#825,#983,.T.);
#582=EDGE_CURVE('',#826,#827,#984,.T.);
#583=EDGE_CURVE('',#827,#828,#985,.T.);
#584=EDGE_CURVE('',#829,#828,#986,.T.);
#585=EDGE_CURVE('',#830,#829,#987,.T.);
#586=EDGE_CURVE('',#831,#830,#988,.T.);
#587=EDGE_CURVE('',#831,#812,#989,.T.);
#588=EDGE_CURVE('',#832,#833,#990,.T.);
#589=EDGE_CURVE('',#832,#767,#991,.T.);
#590=EDGE_CURVE('',#834,#766,#992,.T.);
#591=EDGE_CURVE('',#834,#835,#993,.T.);
#592=EDGE_CURVE('',#835,#833,#994,.T.);
#593=EDGE_CURVE('',#836,#762,#995,.T.);
#594=EDGE_CURVE('',#836,#833,#996,.T.);
#595=EDGE_CURVE('',#837,#835,#997,.T.);
#596=EDGE_CURVE('',#837,#764,#998,.T.);
#597=EDGE_CURVE('',#838,#839,#999,.T.);
#598=EDGE_CURVE('',#838,#787,#1000,.T.);
#599=EDGE_CURVE('',#840,#786,#1001,.T.);
#600=EDGE_CURVE('',#840,#841,#1002,.T.);
#601=EDGE_CURVE('',#841,#839,#1003,.T.);
#602=EDGE_CURVE('',#842,#782,#1004,.T.);
#603=EDGE_CURVE('',#842,#839,#1005,.T.);
#604=EDGE_CURVE('',#843,#841,#1006,.T.);
#605=EDGE_CURVE('',#843,#784,#1007,.T.);
#606=EDGE_CURVE('',#844,#845,#1008,.T.);
#607=EDGE_CURVE('',#844,#813,#1009,.T.);
#608=EDGE_CURVE('',#846,#812,#1010,.T.);
#609=EDGE_CURVE('',#846,#847,#1011,.T.);
#610=EDGE_CURVE('',#847,#845,#1012,.T.);
#611=EDGE_CURVE('',#848,#829,#1013,.T.);
#612=EDGE_CURVE('',#848,#845,#1014,.T.);
#613=EDGE_CURVE('',#849,#847,#1015,.T.);
#614=EDGE_CURVE('',#849,#830,#1016,.T.);
#615=EDGE_CURVE('',#850,#851,#1017,.T.);
#616=EDGE_CURVE('',#850,#777,#1018,.T.);
#617=EDGE_CURVE('',#852,#776,#1019,.T.);
#618=EDGE_CURVE('',#852,#853,#1020,.T.);
#619=EDGE_CURVE('',#853,#851,#1021,.T.);
#620=EDGE_CURVE('',#854,#768,#1022,.T.);
#621=EDGE_CURVE('',#854,#855,#1023,.T.);
#622=EDGE_CURVE('',#856,#855,#1024,.T.);
#623=EDGE_CURVE('',#857,#856,#1025,.T.);
#624=EDGE_CURVE('',#857,#769,#1026,.T.);
#625=EDGE_CURVE('',#858,#859,#1027,.T.);
#626=EDGE_CURVE('',#858,#763,#1028,.T.);
#627=EDGE_CURVE('',#860,#781,#1029,.T.);
#628=EDGE_CURVE('',#860,#861,#1030,.T.);
#629=EDGE_CURVE('',#861,#859,#1031,.T.);
#630=EDGE_CURVE('',#862,#778,#1032,.T.);
#631=EDGE_CURVE('',#862,#859,#1033,.T.);
#632=EDGE_CURVE('',#863,#861,#1034,.T.);
#633=EDGE_CURVE('',#863,#779,#1035,.T.);
#634=EDGE_CURVE('',#864,#865,#1036,.T.);
#635=EDGE_CURVE('',#864,#797,#1037,.T.);
#636=EDGE_CURVE('',#866,#796,#1038,.T.);
#637=EDGE_CURVE('',#866,#867,#1039,.T.);
#638=EDGE_CURVE('',#867,#865,#1040,.T.);
#639=EDGE_CURVE('',#868,#788,#1041,.T.);
#640=EDGE_CURVE('',#868,#869,#1042,.T.);
#641=EDGE_CURVE('',#870,#869,#1043,.T.);
#642=EDGE_CURVE('',#871,#870,#1044,.T.);
#643=EDGE_CURVE('',#871,#789,#1045,.T.);
#644=EDGE_CURVE('',#872,#873,#1046,.T.);
#645=EDGE_CURVE('',#872,#783,#1047,.T.);
#646=EDGE_CURVE('',#874,#801,#1048,.T.);
#647=EDGE_CURVE('',#874,#875,#1049,.T.);
#648=EDGE_CURVE('',#875,#873,#1050,.T.);
#649=EDGE_CURVE('',#876,#798,#1051,.T.);
#650=EDGE_CURVE('',#876,#873,#1052,.T.);
#651=EDGE_CURVE('',#877,#875,#1053,.T.);
#652=EDGE_CURVE('',#877,#799,#1054,.T.);
#653=EDGE_CURVE('',#878,#879,#1055,.T.);
#654=EDGE_CURVE('',#878,#828,#1056,.T.);
#655=EDGE_CURVE('',#880,#827,#1057,.T.);
#656=EDGE_CURVE('',#880,#881,#1058,.T.);
#657=EDGE_CURVE('',#881,#879,#1059,.T.);
#658=EDGE_CURVE('',#882,#824,#1060,.T.);
#659=EDGE_CURVE('',#882,#879,#1061,.T.);
#660=EDGE_CURVE('',#883,#881,#1062,.T.);
#661=EDGE_CURVE('',#883,#825,#1063,.T.);
#662=EDGE_CURVE('',#884,#814,#1064,.T.);
#663=EDGE_CURVE('',#884,#885,#1065,.T.);
#664=EDGE_CURVE('',#886,#885,#1066,.T.);
#665=EDGE_CURVE('',#887,#886,#1067,.T.);
#666=EDGE_CURVE('',#887,#815,#1068,.T.);
#667=EDGE_CURVE('',#888,#889,#1069,.T.);
#668=EDGE_CURVE('',#888,#823,#1070,.T.);
#669=EDGE_CURVE('',#890,#822,#1071,.T.);
#670=EDGE_CURVE('',#890,#891,#1072,.T.);
#671=EDGE_CURVE('',#891,#889,#1073,.T.);
#672=EDGE_CURVE('',#892,#837,#1074,.T.);
#673=EDGE_CURVE('',#892,#765,#1075,.T.);
#674=EDGE_CURVE('',#893,#843,#1076,.T.);
#675=EDGE_CURVE('',#893,#785,#1077,.T.);
#676=EDGE_CURVE('',#894,#802,#1078,.T.);
#677=EDGE_CURVE('',#894,#895,#1079,.T.);
#678=EDGE_CURVE('',#895,#803,#1080,.T.);
#679=EDGE_CURVE('',#895,#896,#24,.T.);
#680=EDGE_CURVE('',#896,#804,#1081,.T.);
#681=EDGE_CURVE('',#897,#896,#1082,.T.);
#682=EDGE_CURVE('',#897,#805,#1083,.T.);
#683=EDGE_CURVE('',#897,#898,#25,.T.);
#684=EDGE_CURVE('',#898,#806,#1084,.T.);
#685=EDGE_CURVE('',#899,#898,#1085,.T.);
#686=EDGE_CURVE('',#899,#807,#1086,.T.);
#687=EDGE_CURVE('',#899,#900,#26,.T.);
#688=EDGE_CURVE('',#900,#808,#1087,.T.);
#689=EDGE_CURVE('',#900,#901,#1088,.T.);
#690=EDGE_CURVE('',#901,#809,#1089,.T.);
#691=EDGE_CURVE('',#902,#849,#1090,.T.);
#692=EDGE_CURVE('',#902,#831,#1091,.T.);
#693=EDGE_CURVE('',#903,#773,#1092,.T.);
#694=EDGE_CURVE('',#851,#903,#1093,.T.);
#695=EDGE_CURVE('',#853,#904,#1094,.T.);
#696=EDGE_CURVE('',#904,#774,#1095,.T.);
#697=EDGE_CURVE('',#905,#904,#1096,.T.);
#698=EDGE_CURVE('',#905,#775,#1097,.T.);
#699=EDGE_CURVE('',#855,#906,#1098,.T.);
#700=EDGE_CURVE('',#906,#772,#1099,.T.);
#701=EDGE_CURVE('',#907,#771,#1100,.T.);
#702=EDGE_CURVE('',#856,#907,#1101,.T.);
#703=EDGE_CURVE('',#857,#908,#1102,.T.);
#704=EDGE_CURVE('',#908,#770,#1103,.T.);
#705=EDGE_CURVE('',#909,#863,#1104,.T.);
#706=EDGE_CURVE('',#909,#780,#1105,.T.);
#707=EDGE_CURVE('',#910,#793,#1106,.T.);
#708=EDGE_CURVE('',#865,#910,#1107,.T.);
#709=EDGE_CURVE('',#867,#911,#1108,.T.);
#710=EDGE_CURVE('',#911,#794,#1109,.T.);
#711=EDGE_CURVE('',#912,#911,#1110,.T.);
#712=EDGE_CURVE('',#912,#795,#1111,.T.);
#713=EDGE_CURVE('',#869,#913,#1112,.T.);
#714=EDGE_CURVE('',#913,#792,#1113,.T.);
#715=EDGE_CURVE('',#914,#791,#1114,.T.);
#716=EDGE_CURVE('',#870,#914,#1115,.T.);
#717=EDGE_CURVE('',#871,#915,#1116,.T.);
#718=EDGE_CURVE('',#915,#790,#1117,.T.);
#719=EDGE_CURVE('',#916,#877,#1118,.T.);
#720=EDGE_CURVE('',#916,#800,#1119,.T.);
#721=EDGE_CURVE('',#917,#883,#1120,.T.);
#722=EDGE_CURVE('',#917,#826,#1121,.T.);
#723=EDGE_CURVE('',#885,#918,#1122,.T.);
#724=EDGE_CURVE('',#918,#818,#1123,.T.);
#725=EDGE_CURVE('',#919,#817,#1124,.T.);
#726=EDGE_CURVE('',#886,#919,#1125,.T.);
#727=EDGE_CURVE('',#887,#920,#1126,.T.);
#728=EDGE_CURVE('',#920,#816,#1127,.T.);
#729=EDGE_CURVE('',#921,#819,#1128,.T.);
#730=EDGE_CURVE('',#889,#921,#1129,.T.);
#731=EDGE_CURVE('',#891,#922,#1130,.T.);
#732=EDGE_CURVE('',#922,#820,#1131,.T.);
#733=EDGE_CURVE('',#923,#922,#1132,.T.);
#734=EDGE_CURVE('',#923,#821,#1133,.T.);
#735=EDGE_CURVE('',#893,#840,#1134,.T.);
#736=EDGE_CURVE('',#924,#924,#27,.T.);
#737=EDGE_CURVE('',#925,#925,#28,.T.);
#738=EDGE_CURVE('',#901,#894,#29,.T.);
#739=EDGE_CURVE('',#902,#846,#1135,.T.);
#740=EDGE_CURVE('',#852,#905,#1136,.T.);
#741=EDGE_CURVE('',#908,#907,#1137,.T.);
#742=EDGE_CURVE('',#909,#860,#1138,.T.);
#743=EDGE_CURVE('',#866,#912,#1139,.T.);
#744=EDGE_CURVE('',#915,#914,#1140,.T.);
#745=EDGE_CURVE('',#916,#874,#1141,.T.);
#746=EDGE_CURVE('',#917,#880,#1142,.T.);
#747=EDGE_CURVE('',#920,#919,#1143,.T.);
#748=EDGE_CURVE('',#890,#923,#1144,.T.);
#749=EDGE_CURVE('',#892,#834,#1145,.T.);
#750=EDGE_CURVE('',#844,#884,#1146,.T.);
#751=EDGE_CURVE('',#848,#878,#1147,.T.);
#752=EDGE_CURVE('',#882,#888,#1148,.T.);
#753=EDGE_CURVE('',#918,#921,#1149,.T.);
#754=EDGE_CURVE('',#842,#872,#1150,.T.);
#755=EDGE_CURVE('',#876,#864,#1151,.T.);
#756=EDGE_CURVE('',#913,#910,#1152,.T.);
#757=EDGE_CURVE('',#838,#868,#1153,.T.);
#758=EDGE_CURVE('',#836,#858,#1154,.T.);
#759=EDGE_CURVE('',#862,#850,#1155,.T.);
#760=EDGE_CURVE('',#906,#903,#1156,.T.);
#761=EDGE_CURVE('',#832,#854,#1157,.T.);
#762=VERTEX_POINT('',#2237);
#763=VERTEX_POINT('',#2238);
#764=VERTEX_POINT('',#2240);
#765=VERTEX_POINT('',#2242);
#766=VERTEX_POINT('',#2244);
#767=VERTEX_POINT('',#2246);
#768=VERTEX_POINT('',#2248);
#769=VERTEX_POINT('',#2250);
#770=VERTEX_POINT('',#2252);
#771=VERTEX_POINT('',#2254);
#772=VERTEX_POINT('',#2256);
#773=VERTEX_POINT('',#2258);
#774=VERTEX_POINT('',#2260);
#775=VERTEX_POINT('',#2262);
#776=VERTEX_POINT('',#2264);
#777=VERTEX_POINT('',#2266);
#778=VERTEX_POINT('',#2268);
#779=VERTEX_POINT('',#2270);
#780=VERTEX_POINT('',#2272);
#781=VERTEX_POINT('',#2274);
#782=VERTEX_POINT('',#2277);
#783=VERTEX_POINT('',#2278);
#784=VERTEX_POINT('',#2280);
#785=VERTEX_POINT('',#2282);
#786=VERTEX_POINT('',#2284);
#787=VERTEX_POINT('',#2286);
#788=VERTEX_POINT('',#2288);
#789=VERTEX_POINT('',#2290);
#790=VERTEX_POINT('',#2292);
#791=VERTEX_POINT('',#2294);
#792=VERTEX_POINT('',#2296);
#793=VERTEX_POINT('',#2298);
#794=VERTEX_POINT('',#2300);
#795=VERTEX_POINT('',#2302);
#796=VERTEX_POINT('',#2304);
#797=VERTEX_POINT('',#2306);
#798=VERTEX_POINT('',#2308);
#799=VERTEX_POINT('',#2310);
#800=VERTEX_POINT('',#2312);
#801=VERTEX_POINT('',#2314);
#802=VERTEX_POINT('',#2317);
#803=VERTEX_POINT('',#2318);
#804=VERTEX_POINT('',#2320);
#805=VERTEX_POINT('',#2322);
#806=VERTEX_POINT('',#2324);
#807=VERTEX_POINT('',#2326);
#808=VERTEX_POINT('',#2328);
#809=VERTEX_POINT('',#2330);
#810=VERTEX_POINT('',#2333);
#811=VERTEX_POINT('',#2335);
#812=VERTEX_POINT('',#2337);
#813=VERTEX_POINT('',#2338);
#814=VERTEX_POINT('',#2340);
#815=VERTEX_POINT('',#2342);
#816=VERTEX_POINT('',#2344);
#817=VERTEX_POINT('',#2346);
#818=VERTEX_POINT('',#2348);
#819=VERTEX_POINT('',#2350);
#820=VERTEX_POINT('',#2352);
#821=VERTEX_POINT('',#2354);
#822=VERTEX_POINT('',#2356);
#823=VERTEX_POINT('',#2358);
#824=VERTEX_POINT('',#2360);
#825=VERTEX_POINT('',#2362);
#826=VERTEX_POINT('',#2364);
#827=VERTEX_POINT('',#2366);
#828=VERTEX_POINT('',#2368);
#829=VERTEX_POINT('',#2370);
#830=VERTEX_POINT('',#2372);
#831=VERTEX_POINT('',#2374);
#832=VERTEX_POINT('',#2378);
#833=VERTEX_POINT('',#2379);
#834=VERTEX_POINT('',#2382);
#835=VERTEX_POINT('',#2384);
#836=VERTEX_POINT('',#2388);
#837=VERTEX_POINT('',#2391);
#838=VERTEX_POINT('',#2395);
#839=VERTEX_POINT('',#2396);
#840=VERTEX_POINT('',#2399);
#841=VERTEX_POINT('',#2401);
#842=VERTEX_POINT('',#2405);
#843=VERTEX_POINT('',#2408);
#844=VERTEX_POINT('',#2412);
#845=VERTEX_POINT('',#2413);
#846=VERTEX_POINT('',#2416);
#847=VERTEX_POINT('',#2418);
#848=VERTEX_POINT('',#2422);
#849=VERTEX_POINT('',#2425);
#850=VERTEX_POINT('',#2429);
#851=VERTEX_POINT('',#2430);
#852=VERTEX_POINT('',#2433);
#853=VERTEX_POINT('',#2435);
#854=VERTEX_POINT('',#2439);
#855=VERTEX_POINT('',#2441);
#856=VERTEX_POINT('',#2443);
#857=VERTEX_POINT('',#2445);
#858=VERTEX_POINT('',#2449);
#859=VERTEX_POINT('',#2450);
#860=VERTEX_POINT('',#2453);
#861=VERTEX_POINT('',#2455);
#862=VERTEX_POINT('',#2459);
#863=VERTEX_POINT('',#2462);
#864=VERTEX_POINT('',#2466);
#865=VERTEX_POINT('',#2467);
#866=VERTEX_POINT('',#2470);
#867=VERTEX_POINT('',#2472);
#868=VERTEX_POINT('',#2476);
#869=VERTEX_POINT('',#2478);
#870=VERTEX_POINT('',#2480);
#871=VERTEX_POINT('',#2482);
#872=VERTEX_POINT('',#2486);
#873=VERTEX_POINT('',#2487);
#874=VERTEX_POINT('',#2490);
#875=VERTEX_POINT('',#2492);
#876=VERTEX_POINT('',#2496);
#877=VERTEX_POINT('',#2499);
#878=VERTEX_POINT('',#2503);
#879=VERTEX_POINT('',#2504);
#880=VERTEX_POINT('',#2507);
#881=VERTEX_POINT('',#2509);
#882=VERTEX_POINT('',#2513);
#883=VERTEX_POINT('',#2516);
#884=VERTEX_POINT('',#2520);
#885=VERTEX_POINT('',#2522);
#886=VERTEX_POINT('',#2524);
#887=VERTEX_POINT('',#2526);
#888=VERTEX_POINT('',#2530);
#889=VERTEX_POINT('',#2531);
#890=VERTEX_POINT('',#2534);
#891=VERTEX_POINT('',#2536);
#892=VERTEX_POINT('',#2540);
#893=VERTEX_POINT('',#2544);
#894=VERTEX_POINT('',#2548);
#895=VERTEX_POINT('',#2550);
#896=VERTEX_POINT('',#2554);
#897=VERTEX_POINT('',#2558);
#898=VERTEX_POINT('',#2562);
#899=VERTEX_POINT('',#2566);
#900=VERTEX_POINT('',#2570);
#901=VERTEX_POINT('',#2574);
#902=VERTEX_POINT('',#2578);
#903=VERTEX_POINT('',#2582);
#904=VERTEX_POINT('',#2585);
#905=VERTEX_POINT('',#2589);
#906=VERTEX_POINT('',#2593);
#907=VERTEX_POINT('',#2596);
#908=VERTEX_POINT('',#2600);
#909=VERTEX_POINT('',#2604);
#910=VERTEX_POINT('',#2608);
#911=VERTEX_POINT('',#2611);
#912=VERTEX_POINT('',#2615);
#913=VERTEX_POINT('',#2619);
#914=VERTEX_POINT('',#2622);
#915=VERTEX_POINT('',#2626);
#916=VERTEX_POINT('',#2630);
#917=VERTEX_POINT('',#2634);
#918=VERTEX_POINT('',#2638);
#919=VERTEX_POINT('',#2641);
#920=VERTEX_POINT('',#2645);
#921=VERTEX_POINT('',#2649);
#922=VERTEX_POINT('',#2652);
#923=VERTEX_POINT('',#2656);
#924=VERTEX_POINT('',#2662);
#925=VERTEX_POINT('',#2665);
#926=LINE('',#2236,#1158);
#927=LINE('',#2239,#1159);
#928=LINE('',#2241,#1160);
#929=LINE('',#2243,#1161);
#930=LINE('',#2245,#1162);
#931=LINE('',#2247,#1163);
#932=LINE('',#2249,#1164);
#933=LINE('',#2251,#1165);
#934=LINE('',#2253,#1166);
#935=LINE('',#2255,#1167);
#936=LINE('',#2257,#1168);
#937=LINE('',#2259,#1169);
#938=LINE('',#2261,#1170);
#939=LINE('',#2263,#1171);
#940=LINE('',#2265,#1172);
#941=LINE('',#2267,#1173);
#942=LINE('',#2269,#1174);
#943=LINE('',#2271,#1175);
#944=LINE('',#2273,#1176);
#945=LINE('',#2275,#1177);
#946=LINE('',#2276,#1178);
#947=LINE('',#2279,#1179);
#948=LINE('',#2281,#1180);
#949=LINE('',#2283,#1181);
#950=LINE('',#2285,#1182);
#951=LINE('',#2287,#1183);
#952=LINE('',#2289,#1184);
#953=LINE('',#2291,#1185);
#954=LINE('',#2293,#1186);
#955=LINE('',#2295,#1187);
#956=LINE('',#2297,#1188);
#957=LINE('',#2299,#1189);
#958=LINE('',#2301,#1190);
#959=LINE('',#2303,#1191);
#960=LINE('',#2305,#1192);
#961=LINE('',#2307,#1193);
#962=LINE('',#2309,#1194);
#963=LINE('',#2311,#1195);
#964=LINE('',#2313,#1196);
#965=LINE('',#2315,#1197);
#966=LINE('',#2316,#1198);
#967=LINE('',#2321,#1199);
#968=LINE('',#2325,#1200);
#969=LINE('',#2329,#1201);
#970=LINE('',#2336,#1202);
#971=LINE('',#2339,#1203);
#972=LINE('',#2341,#1204);
#973=LINE('',#2343,#1205);
#974=LINE('',#2345,#1206);
#975=LINE('',#2347,#1207);
#976=LINE('',#2349,#1208);
#977=LINE('',#2351,#1209);
#978=LINE('',#2353,#1210);
#979=LINE('',#2355,#1211);
#980=LINE('',#2357,#1212);
#981=LINE('',#2359,#1213);
#982=LINE('',#2361,#1214);
#983=LINE('',#2363,#1215);
#984=LINE('',#2365,#1216);
#985=LINE('',#2367,#1217);
#986=LINE('',#2369,#1218);
#987=LINE('',#2371,#1219);
#988=LINE('',#2373,#1220);
#989=LINE('',#2375,#1221);
#990=LINE('',#2377,#1222);
#991=LINE('',#2380,#1223);
#992=LINE('',#2381,#1224);
#993=LINE('',#2383,#1225);
#994=LINE('',#2385,#1226);
#995=LINE('',#2387,#1227);
#996=LINE('',#2389,#1228);
#997=LINE('',#2390,#1229);
#998=LINE('',#2392,#1230);
#999=LINE('',#2394,#1231);
#1000=LINE('',#2397,#1232);
#1001=LINE('',#2398,#1233);
#1002=LINE('',#2400,#1234);
#1003=LINE('',#2402,#1235);
#1004=LINE('',#2404,#1236);
#1005=LINE('',#2406,#1237);
#1006=LINE('',#2407,#1238);
#1007=LINE('',#2409,#1239);
#1008=LINE('',#2411,#1240);
#1009=LINE('',#2414,#1241);
#1010=LINE('',#2415,#1242);
#1011=LINE('',#2417,#1243);
#1012=LINE('',#2419,#1244);
#1013=LINE('',#2421,#1245);
#1014=LINE('',#2423,#1246);
#1015=LINE('',#2424,#1247);
#1016=LINE('',#2426,#1248);
#1017=LINE('',#2428,#1249);
#1018=LINE('',#2431,#1250);
#1019=LINE('',#2432,#1251);
#1020=LINE('',#2434,#1252);
#1021=LINE('',#2436,#1253);
#1022=LINE('',#2438,#1254);
#1023=LINE('',#2440,#1255);
#1024=LINE('',#2442,#1256);
#1025=LINE('',#2444,#1257);
#1026=LINE('',#2446,#1258);
#1027=LINE('',#2448,#1259);
#1028=LINE('',#2451,#1260);
#1029=LINE('',#2452,#1261);
#1030=LINE('',#2454,#1262);
#1031=LINE('',#2456,#1263);
#1032=LINE('',#2458,#1264);
#1033=LINE('',#2460,#1265);
#1034=LINE('',#2461,#1266);
#1035=LINE('',#2463,#1267);
#1036=LINE('',#2465,#1268);
#1037=LINE('',#2468,#1269);
#1038=LINE('',#2469,#1270);
#1039=LINE('',#2471,#1271);
#1040=LINE('',#2473,#1272);
#1041=LINE('',#2475,#1273);
#1042=LINE('',#2477,#1274);
#1043=LINE('',#2479,#1275);
#1044=LINE('',#2481,#1276);
#1045=LINE('',#2483,#1277);
#1046=LINE('',#2485,#1278);
#1047=LINE('',#2488,#1279);
#1048=LINE('',#2489,#1280);
#1049=LINE('',#2491,#1281);
#1050=LINE('',#2493,#1282);
#1051=LINE('',#2495,#1283);
#1052=LINE('',#2497,#1284);
#1053=LINE('',#2498,#1285);
#1054=LINE('',#2500,#1286);
#1055=LINE('',#2502,#1287);
#1056=LINE('',#2505,#1288);
#1057=LINE('',#2506,#1289);
#1058=LINE('',#2508,#1290);
#1059=LINE('',#2510,#1291);
#1060=LINE('',#2512,#1292);
#1061=LINE('',#2514,#1293);
#1062=LINE('',#2515,#1294);
#1063=LINE('',#2517,#1295);
#1064=LINE('',#2519,#1296);
#1065=LINE('',#2521,#1297);
#1066=LINE('',#2523,#1298);
#1067=LINE('',#2525,#1299);
#1068=LINE('',#2527,#1300);
#1069=LINE('',#2529,#1301);
#1070=LINE('',#2532,#1302);
#1071=LINE('',#2533,#1303);
#1072=LINE('',#2535,#1304);
#1073=LINE('',#2537,#1305);
#1074=LINE('',#2539,#1306);
#1075=LINE('',#2541,#1307);
#1076=LINE('',#2543,#1308);
#1077=LINE('',#2545,#1309);
#1078=LINE('',#2547,#1310);
#1079=LINE('',#2549,#1311);
#1080=LINE('',#2551,#1312);
#1081=LINE('',#2555,#1313);
#1082=LINE('',#2557,#1314);
#1083=LINE('',#2559,#1315);
#1084=LINE('',#2563,#1316);
#1085=LINE('',#2565,#1317);
#1086=LINE('',#2567,#1318);
#1087=LINE('',#2571,#1319);
#1088=LINE('',#2573,#1320);
#1089=LINE('',#2575,#1321);
#1090=LINE('',#2577,#1322);
#1091=LINE('',#2579,#1323);
#1092=LINE('',#2581,#1324);
#1093=LINE('',#2583,#1325);
#1094=LINE('',#2584,#1326);
#1095=LINE('',#2586,#1327);
#1096=LINE('',#2588,#1328);
#1097=LINE('',#2590,#1329);
#1098=LINE('',#2592,#1330);
#1099=LINE('',#2594,#1331);
#1100=LINE('',#2595,#1332);
#1101=LINE('',#2597,#1333);
#1102=LINE('',#2599,#1334);
#1103=LINE('',#2601,#1335);
#1104=LINE('',#2603,#1336);
#1105=LINE('',#2605,#1337);
#1106=LINE('',#2607,#1338);
#1107=LINE('',#2609,#1339);
#1108=LINE('',#2610,#1340);
#1109=LINE('',#2612,#1341);
#1110=LINE('',#2614,#1342);
#1111=LINE('',#2616,#1343);
#1112=LINE('',#2618,#1344);
#1113=LINE('',#2620,#1345);
#1114=LINE('',#2621,#1346);
#1115=LINE('',#2623,#1347);
#1116=LINE('',#2625,#1348);
#1117=LINE('',#2627,#1349);
#1118=LINE('',#2629,#1350);
#1119=LINE('',#2631,#1351);
#1120=LINE('',#2633,#1352);
#1121=LINE('',#2635,#1353);
#1122=LINE('',#2637,#1354);
#1123=LINE('',#2639,#1355);
#1124=LINE('',#2640,#1356);
#1125=LINE('',#2642,#1357);
#1126=LINE('',#2644,#1358);
#1127=LINE('',#2646,#1359);
#1128=LINE('',#2648,#1360);
#1129=LINE('',#2650,#1361);
#1130=LINE('',#2651,#1362);
#1131=LINE('',#2653,#1363);
#1132=LINE('',#2655,#1364);
#1133=LINE('',#2657,#1365);
#1134=LINE('',#2659,#1366);
#1135=LINE('',#2669,#1367);
#1136=LINE('',#2671,#1368);
#1137=LINE('',#2673,#1369);
#1138=LINE('',#2675,#1370);
#1139=LINE('',#2677,#1371);
#1140=LINE('',#2679,#1372);
#1141=LINE('',#2681,#1373);
#1142=LINE('',#2683,#1374);
#1143=LINE('',#2685,#1375);
#1144=LINE('',#2687,#1376);
#1145=LINE('',#2689,#1377);
#1146=LINE('',#2692,#1378);
#1147=LINE('',#2694,#1379);
#1148=LINE('',#2696,#1380);
#1149=LINE('',#2698,#1381);
#1150=LINE('',#2701,#1382);
#1151=LINE('',#2703,#1383);
#1152=LINE('',#2705,#1384);
#1153=LINE('',#2707,#1385);
#1154=LINE('',#2710,#1386);
#1155=LINE('',#2712,#1387);
#1156=LINE('',#2714,#1388);
#1157=LINE('',#2716,#1389);
#1158=VECTOR('',#1830,1.);
#1159=VECTOR('',#1831,1.);
#1160=VECTOR('',#1832,1.);
#1161=VECTOR('',#1833,1.);
#1162=VECTOR('',#1834,1.);
#1163=VECTOR('',#1835,1.);
#1164=VECTOR('',#1836,1.);
#1165=VECTOR('',#1837,1.);
#1166=VECTOR('',#1838,1.);
#1167=VECTOR('',#1839,1.);
#1168=VECTOR('',#1840,1.);
#1169=VECTOR('',#1841,1.);
#1170=VECTOR('',#1842,1.);
#1171=VECTOR('',#1843,1.);
#1172=VECTOR('',#1844,1.);
#1173=VECTOR('',#1845,1.);
#1174=VECTOR('',#1846,1.);
#1175=VECTOR('',#1847,1.);
#1176=VECTOR('',#1848,1.);
#1177=VECTOR('',#1849,1.);
#1178=VECTOR('',#1850,1.);
#1179=VECTOR('',#1851,1.);
#1180=VECTOR('',#1852,1.);
#1181=VECTOR('',#1853,1.);
#1182=VECTOR('',#1854,1.);
#1183=VECTOR('',#1855,1.);
#1184=VECTOR('',#1856,1.);
#1185=VECTOR('',#1857,1.);
#1186=VECTOR('',#1858,1.);
#1187=VECTOR('',#1859,1.);
#1188=VECTOR('',#1860,1.);
#1189=VECTOR('',#1861,1.);
#1190=VECTOR('',#1862,1.);
#1191=VECTOR('',#1863,1.);
#1192=VECTOR('',#1864,1.);
#1193=VECTOR('',#1865,1.);
#1194=VECTOR('',#1866,1.);
#1195=VECTOR('',#1867,1.);
#1196=VECTOR('',#1868,1.);
#1197=VECTOR('',#1869,1.);
#1198=VECTOR('',#1870,1.);
#1199=VECTOR('',#1873,1.);
#1200=VECTOR('',#1876,1.);
#1201=VECTOR('',#1879,1.);
#1202=VECTOR('',#1886,1.);
#1203=VECTOR('',#1887,1.);
#1204=VECTOR('',#1888,1.);
#1205=VECTOR('',#1889,1.);
#1206=VECTOR('',#1890,1.);
#1207=VECTOR('',#1891,1.);
#1208=VECTOR('',#1892,1.);
#1209=VECTOR('',#1893,1.);
#1210=VECTOR('',#1894,1.);
#1211=VECTOR('',#1895,1.);
#1212=VECTOR('',#1896,1.);
#1213=VECTOR('',#1897,1.);
#1214=VECTOR('',#1898,1.);
#1215=VECTOR('',#1899,1.);
#1216=VECTOR('',#1900,1.);
#1217=VECTOR('',#1901,1.);
#1218=VECTOR('',#1902,1.);
#1219=VECTOR('',#1903,1.);
#1220=VECTOR('',#1904,1.);
#1221=VECTOR('',#1905,1.);
#1222=VECTOR('',#1908,1.);
#1223=VECTOR('',#1909,1.);
#1224=VECTOR('',#1910,1.);
#1225=VECTOR('',#1911,1.);
#1226=VECTOR('',#1912,1.);
#1227=VECTOR('',#1915,1.);
#1228=VECTOR('',#1916,1.);
#1229=VECTOR('',#1917,1.);
#1230=VECTOR('',#1918,1.);
#1231=VECTOR('',#1921,1.);
#1232=VECTOR('',#1922,1.);
#1233=VECTOR('',#1923,1.);
#1234=VECTOR('',#1924,1.);
#1235=VECTOR('',#1925,1.);
#1236=VECTOR('',#1928,1.);
#1237=VECTOR('',#1929,1.);
#1238=VECTOR('',#1930,1.);
#1239=VECTOR('',#1931,1.);
#1240=VECTOR('',#1934,1.);
#1241=VECTOR('',#1935,1.);
#1242=VECTOR('',#1936,1.);
#1243=VECTOR('',#1937,1.);
#1244=VECTOR('',#1938,1.);
#1245=VECTOR('',#1941,1.);
#1246=VECTOR('',#1942,1.);
#1247=VECTOR('',#1943,1.);
#1248=VECTOR('',#1944,1.);
#1249=VECTOR('',#1947,1.);
#1250=VECTOR('',#1948,1.);
#1251=VECTOR('',#1949,1.);
#1252=VECTOR('',#1950,1.);
#1253=VECTOR('',#1951,1.);
#1254=VECTOR('',#1954,1.);
#1255=VECTOR('',#1955,1.);
#1256=VECTOR('',#1956,1.);
#1257=VECTOR('',#1957,1.);
#1258=VECTOR('',#1958,1.);
#1259=VECTOR('',#1961,1.);
#1260=VECTOR('',#1962,1.);
#1261=VECTOR('',#1963,1.);
#1262=VECTOR('',#1964,1.);
#1263=VECTOR('',#1965,1.);
#1264=VECTOR('',#1968,1.);
#1265=VECTOR('',#1969,1.);
#1266=VECTOR('',#1970,1.);
#1267=VECTOR('',#1971,1.);
#1268=VECTOR('',#1974,1.);
#1269=VECTOR('',#1975,1.);
#1270=VECTOR('',#1976,1.);
#1271=VECTOR('',#1977,1.);
#1272=VECTOR('',#1978,1.);
#1273=VECTOR('',#1981,1.);
#1274=VECTOR('',#1982,1.);
#1275=VECTOR('',#1983,1.);
#1276=VECTOR('',#1984,1.);
#1277=VECTOR('',#1985,1.);
#1278=VECTOR('',#1988,1.);
#1279=VECTOR('',#1989,1.);
#1280=VECTOR('',#1990,1.);
#1281=VECTOR('',#1991,1.);
#1282=VECTOR('',#1992,1.);
#1283=VECTOR('',#1995,1.);
#1284=VECTOR('',#1996,1.);
#1285=VECTOR('',#1997,1.);
#1286=VECTOR('',#1998,1.);
#1287=VECTOR('',#2001,1.);
#1288=VECTOR('',#2002,1.);
#1289=VECTOR('',#2003,1.);
#1290=VECTOR('',#2004,1.);
#1291=VECTOR('',#2005,1.);
#1292=VECTOR('',#2008,1.);
#1293=VECTOR('',#2009,1.);
#1294=VECTOR('',#2010,1.);
#1295=VECTOR('',#2011,1.);
#1296=VECTOR('',#2014,1.);
#1297=VECTOR('',#2015,1.);
#1298=VECTOR('',#2016,1.);
#1299=VECTOR('',#2017,1.);
#1300=VECTOR('',#2018,1.);
#1301=VECTOR('',#2021,1.);
#1302=VECTOR('',#2022,1.);
#1303=VECTOR('',#2023,1.);
#1304=VECTOR('',#2024,1.);
#1305=VECTOR('',#2025,1.);
#1306=VECTOR('',#2028,1.);
#1307=VECTOR('',#2029,1.);
#1308=VECTOR('',#2032,1.);
#1309=VECTOR('',#2033,1.);
#1310=VECTOR('',#2036,1.);
#1311=VECTOR('',#2037,1.);
#1312=VECTOR('',#2038,1.);
#1313=VECTOR('',#2043,1.);
#1314=VECTOR('',#2046,1.);
#1315=VECTOR('',#2047,1.);
#1316=VECTOR('',#2052,1.);
#1317=VECTOR('',#2055,1.);
#1318=VECTOR('',#2056,1.);
#1319=VECTOR('',#2061,1.);
#1320=VECTOR('',#2064,1.);
#1321=VECTOR('',#2065,1.);
#1322=VECTOR('',#2068,1.);
#1323=VECTOR('',#2069,1.);
#1324=VECTOR('',#2072,1.);
#1325=VECTOR('',#2073,1.);
#1326=VECTOR('',#2074,1.);
#1327=VECTOR('',#2075,1.);
#1328=VECTOR('',#2078,1.);
#1329=VECTOR('',#2079,1.);
#1330=VECTOR('',#2082,1.);
#1331=VECTOR('',#2083,1.);
#1332=VECTOR('',#2084,1.);
#1333=VECTOR('',#2085,1.);
#1334=VECTOR('',#2088,1.);
#1335=VECTOR('',#2089,1.);
#1336=VECTOR('',#2092,1.);
#1337=VECTOR('',#2093,1.);
#1338=VECTOR('',#2096,1.);
#1339=VECTOR('',#2097,1.);
#1340=VECTOR('',#2098,1.);
#1341=VECTOR('',#2099,1.);
#1342=VECTOR('',#2102,1.);
#1343=VECTOR('',#2103,1.);
#1344=VECTOR('',#2106,1.);
#1345=VECTOR('',#2107,1.);
#1346=VECTOR('',#2108,1.);
#1347=VECTOR('',#2109,1.);
#1348=VECTOR('',#2112,1.);
#1349=VECTOR('',#2113,1.);
#1350=VECTOR('',#2116,1.);
#1351=VECTOR('',#2117,1.);
#1352=VECTOR('',#2120,1.);
#1353=VECTOR('',#2121,1.);
#1354=VECTOR('',#2124,1.);
#1355=VECTOR('',#2125,1.);
#1356=VECTOR('',#2126,1.);
#1357=VECTOR('',#2127,1.);
#1358=VECTOR('',#2130,1.);
#1359=VECTOR('',#2131,1.);
#1360=VECTOR('',#2134,1.);
#1361=VECTOR('',#2135,1.);
#1362=VECTOR('',#2136,1.);
#1363=VECTOR('',#2137,1.);
#1364=VECTOR('',#2140,1.);
#1365=VECTOR('',#2141,1.);
#1366=VECTOR('',#2144,1.);
#1367=VECTOR('',#2159,1.);
#1368=VECTOR('',#2162,1.);
#1369=VECTOR('',#2165,1.);
#1370=VECTOR('',#2168,1.);
#1371=VECTOR('',#2171,1.);
#1372=VECTOR('',#2174,1.);
#1373=VECTOR('',#2177,1.);
#1374=VECTOR('',#2180,1.);
#1375=VECTOR('',#2183,1.);
#1376=VECTOR('',#2186,1.);
#1377=VECTOR('',#2189,1.);
#1378=VECTOR('',#2194,1.);
#1379=VECTOR('',#2197,1.);
#1380=VECTOR('',#2200,1.);
#1381=VECTOR('',#2203,1.);
#1382=VECTOR('',#2208,1.);
#1383=VECTOR('',#2211,1.);
#1384=VECTOR('',#2214,1.);
#1385=VECTOR('',#2217,1.);
#1386=VECTOR('',#2222,1.);
#1387=VECTOR('',#2225,1.);
#1388=VECTOR('',#2228,1.);
#1389=VECTOR('',#2231,1.);
#1390=EDGE_LOOP('',(#30,#31,#32,#33,#34,#35,#36,#37,#38,#39,#40,#41,#42,
#43,#44,#45,#46,#47,#48,#49));
#1391=EDGE_LOOP('',(#50,#51,#52,#53,#54,#55,#56,#57,#58,#59,#60,#61,#62,
#63,#64,#65,#66,#67,#68,#69));
#1392=EDGE_LOOP('',(#70,#71,#72,#73,#74,#75,#76,#77));
#1393=EDGE_LOOP('',(#78));
#1394=EDGE_LOOP('',(#79));
#1395=EDGE_LOOP('',(#80,#81,#82,#83,#84,#85,#86,#87,#88,#89,#90,#91,#92,
#93,#94,#95,#96,#97,#98,#99));
#1396=EDGE_LOOP('',(#100,#101,#102,#103,#104,#105));
#1397=EDGE_LOOP('',(#106,#107,#108,#109,#110,#111));
#1398=EDGE_LOOP('',(#112,#113,#114,#115,#116,#117));
#1399=EDGE_LOOP('',(#118,#119,#120,#121,#122,#123));
#1400=EDGE_LOOP('',(#124,#125,#126,#127,#128,#129));
#1401=EDGE_LOOP('',(#130,#131,#132,#133,#134,#135));
#1402=EDGE_LOOP('',(#136,#137,#138,#139,#140,#141));
#1403=EDGE_LOOP('',(#142,#143,#144,#145,#146,#147));
#1404=EDGE_LOOP('',(#148,#149,#150,#151,#152,#153));
#1405=EDGE_LOOP('',(#154,#155,#156,#157,#158,#159));
#1406=EDGE_LOOP('',(#160,#161,#162,#163,#164,#165));
#1407=EDGE_LOOP('',(#166,#167,#168,#169,#170,#171));
#1408=EDGE_LOOP('',(#172,#173,#174,#175,#176,#177));
#1409=EDGE_LOOP('',(#178,#179,#180,#181,#182,#183));
#1410=EDGE_LOOP('',(#184,#185,#186,#187,#188,#189));
#1411=EDGE_LOOP('',(#190,#191,#192,#193,#194,#195));
#1412=EDGE_LOOP('',(#196,#197,#198,#199,#200,#201));
#1413=EDGE_LOOP('',(#202,#203,#204,#205,#206,#207));
#1414=EDGE_LOOP('',(#208,#209,#210,#211));
#1415=EDGE_LOOP('',(#212,#213,#214,#215));
#1416=EDGE_LOOP('',(#216,#217,#218,#219));
#1417=EDGE_LOOP('',(#220,#221,#222,#223));
#1418=EDGE_LOOP('',(#224,#225,#226,#227));
#1419=EDGE_LOOP('',(#228,#229,#230,#231));
#1420=EDGE_LOOP('',(#232,#233,#234,#235));
#1421=EDGE_LOOP('',(#236,#237,#238,#239));
#1422=EDGE_LOOP('',(#240,#241,#242,#243));
#1423=EDGE_LOOP('',(#244,#245,#246,#247));
#1424=EDGE_LOOP('',(#248,#249,#250,#251,#252,#253));
#1425=EDGE_LOOP('',(#254,#255,#256,#257));
#1426=EDGE_LOOP('',(#258,#259,#260,#261,#262,#263));
#1427=EDGE_LOOP('',(#264,#265,#266,#267));
#1428=EDGE_LOOP('',(#268,#269,#270,#271));
#1429=EDGE_LOOP('',(#272,#273,#274,#275,#276,#277));
#1430=EDGE_LOOP('',(#278,#279,#280,#281));
#1431=EDGE_LOOP('',(#282,#283,#284,#285,#286,#287));
#1432=EDGE_LOOP('',(#288,#289,#290,#291));
#1433=EDGE_LOOP('',(#292,#293,#294,#295));
#1434=EDGE_LOOP('',(#296,#297,#298,#299));
#1435=EDGE_LOOP('',(#300,#301,#302,#303,#304,#305));
#1436=EDGE_LOOP('',(#306,#307,#308,#309));
#1437=EDGE_LOOP('',(#310,#311,#312,#313,#314,#315));
#1438=EDGE_LOOP('',(#316,#317,#318,#319));
#1439=EDGE_LOOP('',(#320,#321,#322,#323));
#1440=EDGE_LOOP('',(#324));
#1441=EDGE_LOOP('',(#325));
#1442=EDGE_LOOP('',(#326));
#1443=EDGE_LOOP('',(#327));
#1444=EDGE_LOOP('',(#328,#329,#330,#331));
#1445=EDGE_LOOP('',(#332,#333,#334,#335));
#1446=EDGE_LOOP('',(#336,#337,#338,#339));
#1447=EDGE_LOOP('',(#340,#341,#342,#343));
#1448=EDGE_LOOP('',(#344,#345,#346,#347));
#1449=EDGE_LOOP('',(#348,#349,#350,#351));
#1450=EDGE_LOOP('',(#352,#353,#354,#355));
#1451=EDGE_LOOP('',(#356,#357,#358,#359));
#1452=EDGE_LOOP('',(#360,#361,#362,#363));
#1453=EDGE_LOOP('',(#364,#365,#366,#367));
#1454=EDGE_LOOP('',(#368,#369,#370,#371));
#1455=EDGE_LOOP('',(#372,#373,#374,#375));
#1456=EDGE_LOOP('',(#376,#377,#378,#379));
#1457=EDGE_LOOP('',(#380,#381,#382,#383));
#1458=EDGE_LOOP('',(#384,#385,#386,#387));
#1459=EDGE_LOOP('',(#388,#389,#390,#391));
#1460=EDGE_LOOP('',(#392,#393,#394,#395));
#1461=EDGE_LOOP('',(#396,#397,#398,#399));
#1462=EDGE_LOOP('',(#400,#401,#402,#403));
#1463=EDGE_LOOP('',(#404,#405,#406,#407));
#1464=EDGE_LOOP('',(#408,#409,#410,#411));
#1465=EDGE_LOOP('',(#412,#413,#414,#415));
#1466=EDGE_LOOP('',(#416,#417,#418,#419,#420,#421,#422,#423));
#1467=EDGE_LOOP('',(#424));
#1468=EDGE_LOOP('',(#425));
#1469=EDGE_LOOP('',(#426,#427,#428,#429));
#1470=EDGE_LOOP('',(#430,#431,#432,#433));
#1471=EDGE_LOOP('',(#434,#435,#436,#437));
#1472=EDGE_LOOP('',(#438,#439,#440,#441));
#1473=EDGE_LOOP('',(#442,#443,#444,#445));
#1474=EDGE_LOOP('',(#446,#447,#448,#449));
#1475=EDGE_LOOP('',(#450,#451,#452,#453,#454,#455,#456,#457,#458,#459,#460,
#461));
#1476=EDGE_LOOP('',(#462,#463,#464,#465));
#1477=EDGE_LOOP('',(#466,#467,#468,#469));
#1478=EDGE_LOOP('',(#470,#471,#472,#473));
#1479=EDGE_LOOP('',(#474,#475,#476,#477));
#1480=EDGE_LOOP('',(#478,#479,#480,#481,#482,#483,#484,#485,#486,#487,#488,
#489));
#1481=EDGE_LOOP('',(#490,#491,#492,#493));
#1482=EDGE_LOOP('',(#494,#495,#496,#497));
#1483=EDGE_LOOP('',(#498,#499,#500,#501));
#1484=EDGE_LOOP('',(#502,#503,#504,#505));
#1485=EDGE_LOOP('',(#506,#507,#508,#509,#510,#511,#512,#513,#514,#515,#516,
#517));
#1486=FACE_BOUND('',#1390,.T.);
#1487=FACE_BOUND('',#1391,.T.);
#1488=FACE_BOUND('',#1392,.T.);
#1489=FACE_BOUND('',#1393,.T.);
#1490=FACE_BOUND('',#1394,.T.);
#1491=FACE_BOUND('',#1395,.T.);
#1492=FACE_BOUND('',#1396,.T.);
#1493=FACE_BOUND('',#1397,.T.);
#1494=FACE_BOUND('',#1398,.T.);
#1495=FACE_BOUND('',#1399,.T.);
#1496=FACE_BOUND('',#1400,.T.);
#1497=FACE_BOUND('',#1401,.T.);
#1498=FACE_BOUND('',#1402,.T.);
#1499=FACE_BOUND('',#1403,.T.);
#1500=FACE_BOUND('',#1404,.T.);
#1501=FACE_BOUND('',#1405,.T.);
#1502=FACE_BOUND('',#1406,.T.);
#1503=FACE_BOUND('',#1407,.T.);
#1504=FACE_BOUND('',#1408,.T.);
#1505=FACE_BOUND('',#1409,.T.);
#1506=FACE_BOUND('',#1410,.T.);
#1507=FACE_BOUND('',#1411,.T.);
#1508=FACE_BOUND('',#1412,.T.);
#1509=FACE_BOUND('',#1413,.T.);
#1510=FACE_BOUND('',#1414,.T.);
#1511=FACE_BOUND('',#1415,.T.);
#1512=FACE_BOUND('',#1416,.T.);
#1513=FACE_BOUND('',#1417,.T.);
#1514=FACE_BOUND('',#1418,.T.);
#1515=FACE_BOUND('',#1419,.T.);
#1516=FACE_BOUND('',#1420,.T.);
#1517=FACE_BOUND('',#1421,.T.);
#1518=FACE_BOUND('',#1422,.T.);
#1519=FACE_BOUND('',#1423,.T.);
#1520=FACE_BOUND('',#1424,.T.);
#1521=FACE_BOUND('',#1425,.T.);
#1522=FACE_BOUND('',#1426,.T.);
#1523=FACE_BOUND('',#1427,.T.);
#1524=FACE_BOUND('',#1428,.T.);
#1525=FACE_BOUND('',#1429,.T.);
#1526=FACE_BOUND('',#1430,.T.);
#1527=FACE_BOUND('',#1431,.T.);
#1528=FACE_BOUND('',#1432,.T.);
#1529=FACE_BOUND('',#1433,.T.);
#1530=FACE_BOUND('',#1434,.T.);
#1531=FACE_BOUND('',#1435,.T.);
#1532=FACE_BOUND('',#1436,.T.);
#1533=FACE_BOUND('',#1437,.T.);
#1534=FACE_BOUND('',#1438,.T.);
#1535=FACE_BOUND('',#1439,.T.);
#1536=FACE_BOUND('',#1440,.T.);
#1537=FACE_BOUND('',#1441,.T.);
#1538=FACE_BOUND('',#1442,.T.);
#1539=FACE_BOUND('',#1443,.T.);
#1540=FACE_BOUND('',#1444,.T.);
#1541=FACE_BOUND('',#1445,.T.);
#1542=FACE_BOUND('',#1446,.T.);
#1543=FACE_BOUND('',#1447,.T.);
#1544=FACE_BOUND('',#1448,.T.);
#1545=FACE_BOUND('',#1449,.T.);
#1546=FACE_BOUND('',#1450,.T.);
#1547=FACE_BOUND('',#1451,.T.);
#1548=FACE_BOUND('',#1452,.T.);
#1549=FACE_BOUND('',#1453,.T.);
#1550=FACE_BOUND('',#1454,.T.);
#1551=FACE_BOUND('',#1455,.T.);
#1552=FACE_BOUND('',#1456,.T.);
#1553=FACE_BOUND('',#1457,.T.);
#1554=FACE_BOUND('',#1458,.T.);
#1555=FACE_BOUND('',#1459,.T.);
#1556=FACE_BOUND('',#1460,.T.);
#1557=FACE_BOUND('',#1461,.T.);
#1558=FACE_BOUND('',#1462,.T.);
#1559=FACE_BOUND('',#1463,.T.);
#1560=FACE_BOUND('',#1464,.T.);
#1561=FACE_BOUND('',#1465,.T.);
#1562=FACE_BOUND('',#1466,.T.);
#1563=FACE_BOUND('',#1467,.T.);
#1564=FACE_BOUND('',#1468,.T.);
#1565=FACE_BOUND('',#1469,.T.);
#1566=FACE_BOUND('',#1470,.T.);
#1567=FACE_BOUND('',#1471,.T.);
#1568=FACE_BOUND('',#1472,.T.);
#1569=FACE_BOUND('',#1473,.T.);
#1570=FACE_BOUND('',#1474,.T.);
#1571=FACE_BOUND('',#1475,.T.);
#1572=FACE_BOUND('',#1476,.T.);
#1573=FACE_BOUND('',#1477,.T.);
#1574=FACE_BOUND('',#1478,.T.);
#1575=FACE_BOUND('',#1479,.T.);
#1576=FACE_BOUND('',#1480,.T.);
#1577=FACE_BOUND('',#1481,.T.);
#1578=FACE_BOUND('',#1482,.T.);
#1579=FACE_BOUND('',#1483,.T.);
#1580=FACE_BOUND('',#1484,.T.);
#1581=FACE_BOUND('',#1485,.T.);
#1582=PLANE('',#1739);
#1583=PLANE('',#1746);
#1584=PLANE('',#1747);
#1585=PLANE('',#1748);
#1586=PLANE('',#1749);
#1587=PLANE('',#1750);
#1588=PLANE('',#1751);
#1589=PLANE('',#1752);
#1590=PLANE('',#1753);
#1591=PLANE('',#1754);
#1592=PLANE('',#1755);
#1593=PLANE('',#1756);
#1594=PLANE('',#1757);
#1595=PLANE('',#1758);
#1596=PLANE('',#1759);
#1597=PLANE('',#1760);
#1598=PLANE('',#1761);
#1599=PLANE('',#1762);
#1600=PLANE('',#1763);
#1601=PLANE('',#1764);
#1602=PLANE('',#1765);
#1603=PLANE('',#1766);
#1604=PLANE('',#1769);
#1605=PLANE('',#1772);
#1606=PLANE('',#1775);
#1607=PLANE('',#1776);
#1608=PLANE('',#1777);
#1609=PLANE('',#1778);
#1610=PLANE('',#1779);
#1611=PLANE('',#1780);
#1612=PLANE('',#1781);
#1613=PLANE('',#1782);
#1614=PLANE('',#1783);
#1615=PLANE('',#1784);
#1616=PLANE('',#1785);
#1617=PLANE('',#1786);
#1618=PLANE('',#1787);
#1619=PLANE('',#1788);
#1620=PLANE('',#1789);
#1621=PLANE('',#1790);
#1622=PLANE('',#1791);
#1623=PLANE('',#1792);
#1624=PLANE('',#1799);
#1625=PLANE('',#1800);
#1626=PLANE('',#1801);
#1627=PLANE('',#1802);
#1628=PLANE('',#1803);
#1629=PLANE('',#1804);
#1630=PLANE('',#1805);
#1631=PLANE('',#1806);
#1632=PLANE('',#1807);
#1633=PLANE('',#1808);
#1634=PLANE('',#1809);
#1635=PLANE('',#1810);
#1636=PLANE('',#1811);
#1637=PLANE('',#1812);
#1638=PLANE('',#1813);
#1639=PLANE('',#1814);
#1640=PLANE('',#1815);
#1641=PLANE('',#1816);
#1642=PLANE('',#1817);
#1643=PLANE('',#1818);
#1644=PLANE('',#1819);
#1645=PLANE('',#1820);
#1646=PLANE('',#1821);
#1647=PLANE('',#1822);
#1648=PLANE('',#1823);
#1649=PLANE('',#1824);
#1650=PLANE('',#1825);
#1651=ADVANCED_FACE('',(#1486,#1487,#1488,#1489,#1490,#1491),#1582,.T.);
#1652=ADVANCED_FACE('',(#1492),#1583,.T.);
#1653=ADVANCED_FACE('',(#1493),#1584,.F.);
#1654=ADVANCED_FACE('',(#1494),#1585,.T.);
#1655=ADVANCED_FACE('',(#1495),#1586,.F.);
#1656=ADVANCED_FACE('',(#1496),#1587,.T.);
#1657=ADVANCED_FACE('',(#1497),#1588,.F.);
#1658=ADVANCED_FACE('',(#1498),#1589,.T.);
#1659=ADVANCED_FACE('',(#1499),#1590,.F.);
#1660=ADVANCED_FACE('',(#1500),#1591,.T.);
#1661=ADVANCED_FACE('',(#1501),#1592,.F.);
#1662=ADVANCED_FACE('',(#1502),#1593,.T.);
#1663=ADVANCED_FACE('',(#1503),#1594,.F.);
#1664=ADVANCED_FACE('',(#1504),#1595,.T.);
#1665=ADVANCED_FACE('',(#1505),#1596,.F.);
#1666=ADVANCED_FACE('',(#1506),#1597,.T.);
#1667=ADVANCED_FACE('',(#1507),#1598,.F.);
#1668=ADVANCED_FACE('',(#1508),#1599,.F.);
#1669=ADVANCED_FACE('',(#1509),#1600,.T.);
#1670=ADVANCED_FACE('',(#1510),#1601,.F.);
#1671=ADVANCED_FACE('',(#1511),#1602,.F.);
#1672=ADVANCED_FACE('',(#1512),#1603,.T.);
#1673=ADVANCED_FACE('',(#1513),#12,.T.);
#1674=ADVANCED_FACE('',(#1514),#1604,.F.);
#1675=ADVANCED_FACE('',(#1515),#13,.T.);
#1676=ADVANCED_FACE('',(#1516),#1605,.F.);
#1677=ADVANCED_FACE('',(#1517),#14,.T.);
#1678=ADVANCED_FACE('',(#1518),#1606,.T.);
#1679=ADVANCED_FACE('',(#1519),#1607,.F.);
#1680=ADVANCED_FACE('',(#1520),#1608,.T.);
#1681=ADVANCED_FACE('',(#1521),#1609,.F.);
#1682=ADVANCED_FACE('',(#1522),#1610,.F.);
#1683=ADVANCED_FACE('',(#1523),#1611,.T.);
#1684=ADVANCED_FACE('',(#1524),#1612,.F.);
#1685=ADVANCED_FACE('',(#1525),#1613,.T.);
#1686=ADVANCED_FACE('',(#1526),#1614,.F.);
#1687=ADVANCED_FACE('',(#1527),#1615,.F.);
#1688=ADVANCED_FACE('',(#1528),#1616,.T.);
#1689=ADVANCED_FACE('',(#1529),#1617,.F.);
#1690=ADVANCED_FACE('',(#1530),#1618,.F.);
#1691=ADVANCED_FACE('',(#1531),#1619,.F.);
#1692=ADVANCED_FACE('',(#1532),#1620,.T.);
#1693=ADVANCED_FACE('',(#1533),#1621,.T.);
#1694=ADVANCED_FACE('',(#1534),#1622,.F.);
#1695=ADVANCED_FACE('',(#1535),#1623,.T.);
#1696=ADVANCED_FACE('',(#1536,#1537),#15,.F.);
#1697=ADVANCED_FACE('',(#1538,#1539),#16,.F.);
#1698=ADVANCED_FACE('',(#1540),#17,.T.);
#1699=ADVANCED_FACE('',(#1541),#1624,.T.);
#1700=ADVANCED_FACE('',(#1542),#1625,.F.);
#1701=ADVANCED_FACE('',(#1543),#1626,.T.);
#1702=ADVANCED_FACE('',(#1544),#1627,.T.);
#1703=ADVANCED_FACE('',(#1545),#1628,.F.);
#1704=ADVANCED_FACE('',(#1546),#1629,.T.);
#1705=ADVANCED_FACE('',(#1547),#1630,.T.);
#1706=ADVANCED_FACE('',(#1548),#1631,.T.);
#1707=ADVANCED_FACE('',(#1549),#1632,.T.);
#1708=ADVANCED_FACE('',(#1550),#1633,.F.);
#1709=ADVANCED_FACE('',(#1551),#1634,.T.);
#1710=ADVANCED_FACE('',(#1552,#1553,#1554,#1555,#1556,#1557,#1558,#1559,
#1560,#1561,#1562,#1563,#1564,#1565,#1566),#1635,.F.);
#1711=ADVANCED_FACE('',(#1567),#1636,.T.);
#1712=ADVANCED_FACE('',(#1568),#1637,.F.);
#1713=ADVANCED_FACE('',(#1569),#1638,.F.);
#1714=ADVANCED_FACE('',(#1570),#1639,.T.);
#1715=ADVANCED_FACE('',(#1571),#1640,.T.);
#1716=ADVANCED_FACE('',(#1572),#1641,.F.);
#1717=ADVANCED_FACE('',(#1573),#1642,.F.);
#1718=ADVANCED_FACE('',(#1574),#1643,.T.);
#1719=ADVANCED_FACE('',(#1575),#1644,.T.);
#1720=ADVANCED_FACE('',(#1576),#1645,.T.);
#1721=ADVANCED_FACE('',(#1577),#1646,.F.);
#1722=ADVANCED_FACE('',(#1578),#1647,.F.);
#1723=ADVANCED_FACE('',(#1579),#1648,.T.);
#1724=ADVANCED_FACE('',(#1580),#1649,.T.);
#1725=ADVANCED_FACE('',(#1581),#1650,.T.);
#1726=CLOSED_SHELL('',(#1651,#1652,#1653,#1654,#1655,#1656,#1657,#1658,
#1659,#1660,#1661,#1662,#1663,#1664,#1665,#1666,#1667,#1668,#1669,#1670,
#1671,#1672,#1673,#1674,#1675,#1676,#1677,#1678,#1679,#1680,#1681,#1682,
#1683,#1684,#1685,#1686,#1687,#1688,#1689,#1690,#1691,#1692,#1693,#1694,
#1695,#1696,#1697,#1698,#1699,#1700,#1701,#1702,#1703,#1704,#1705,#1706,
#1707,#1708,#1709,#1710,#1711,#1712,#1713,#1714,#1715,#1716,#1717,#1718,
#1719,#1720,#1721,#1722,#1723,#1724,#1725));
#1727=STYLED_ITEM('',(#1728),#1735);
#1728=PRESENTATION_STYLE_ASSIGNMENT((#1729));
#1729=SURFACE_STYLE_USAGE(.BOTH.,#1730);
#1730=SURFACE_SIDE_STYLE('',(#1731));
#1731=SURFACE_STYLE_FILL_AREA(#1732);
#1732=FILL_AREA_STYLE('',(#1733));
#1733=FILL_AREA_STYLE_COLOUR('',#1734);
#1734=COLOUR_RGB('',0.980392156862745,0.713725490196078,0.00392156862745098);
#1735=MANIFOLD_SOLID_BREP('Part 15',#1726);
#1736=SHAPE_DEFINITION_REPRESENTATION(#2724,#1737);
#1737=SHAPE_REPRESENTATION('Part 15',(#1738),#2719);
#1738=AXIS2_PLACEMENT_3D('',#2234,#1826,#1827);
#1739=AXIS2_PLACEMENT_3D('',#2235,#1828,#1829);
#1740=AXIS2_PLACEMENT_3D('',#2319,#1871,#1872);
#1741=AXIS2_PLACEMENT_3D('',#2323,#1874,#1875);
#1742=AXIS2_PLACEMENT_3D('',#2327,#1877,#1878);
#1743=AXIS2_PLACEMENT_3D('',#2331,#1880,#1881);
#1744=AXIS2_PLACEMENT_3D('',#2332,#1882,#1883);
#1745=AXIS2_PLACEMENT_3D('',#2334,#1884,#1885);
#1746=AXIS2_PLACEMENT_3D('',#2376,#1906,#1907);
#1747=AXIS2_PLACEMENT_3D('',#2386,#1913,#1914);
#1748=AXIS2_PLACEMENT_3D('',#2393,#1919,#1920);
#1749=AXIS2_PLACEMENT_3D('',#2403,#1926,#1927);
#1750=AXIS2_PLACEMENT_3D('',#2410,#1932,#1933);
#1751=AXIS2_PLACEMENT_3D('',#2420,#1939,#1940);
#1752=AXIS2_PLACEMENT_3D('',#2427,#1945,#1946);
#1753=AXIS2_PLACEMENT_3D('',#2437,#1952,#1953);
#1754=AXIS2_PLACEMENT_3D('',#2447,#1959,#1960);
#1755=AXIS2_PLACEMENT_3D('',#2457,#1966,#1967);
#1756=AXIS2_PLACEMENT_3D('',#2464,#1972,#1973);
#1757=AXIS2_PLACEMENT_3D('',#2474,#1979,#1980);
#1758=AXIS2_PLACEMENT_3D('',#2484,#1986,#1987);
#1759=AXIS2_PLACEMENT_3D('',#2494,#1993,#1994);
#1760=AXIS2_PLACEMENT_3D('',#2501,#1999,#2000);
#1761=AXIS2_PLACEMENT_3D('',#2511,#2006,#2007);
#1762=AXIS2_PLACEMENT_3D('',#2518,#2012,#2013);
#1763=AXIS2_PLACEMENT_3D('',#2528,#2019,#2020);
#1764=AXIS2_PLACEMENT_3D('',#2538,#2026,#2027);
#1765=AXIS2_PLACEMENT_3D('',#2542,#2030,#2031);
#1766=AXIS2_PLACEMENT_3D('',#2546,#2034,#2035);
#1767=AXIS2_PLACEMENT_3D('',#2552,#2039,#2040);
#1768=AXIS2_PLACEMENT_3D('',#2553,#2041,#2042);
#1769=AXIS2_PLACEMENT_3D('',#2556,#2044,#2045);
#1770=AXIS2_PLACEMENT_3D('',#2560,#2048,#2049);
#1771=AXIS2_PLACEMENT_3D('',#2561,#2050,#2051);
#1772=AXIS2_PLACEMENT_3D('',#2564,#2053,#2054);
#1773=AXIS2_PLACEMENT_3D('',#2568,#2057,#2058);
#1774=AXIS2_PLACEMENT_3D('',#2569,#2059,#2060);
#1775=AXIS2_PLACEMENT_3D('',#2572,#2062,#2063);
#1776=AXIS2_PLACEMENT_3D('',#2576,#2066,#2067);
#1777=AXIS2_PLACEMENT_3D('',#2580,#2070,#2071);
#1778=AXIS2_PLACEMENT_3D('',#2587,#2076,#2077);
#1779=AXIS2_PLACEMENT_3D('',#2591,#2080,#2081);
#1780=AXIS2_PLACEMENT_3D('',#2598,#2086,#2087);
#1781=AXIS2_PLACEMENT_3D('',#2602,#2090,#2091);
#1782=AXIS2_PLACEMENT_3D('',#2606,#2094,#2095);
#1783=AXIS2_PLACEMENT_3D('',#2613,#2100,#2101);
#1784=AXIS2_PLACEMENT_3D('',#2617,#2104,#2105);
#1785=AXIS2_PLACEMENT_3D('',#2624,#2110,#2111);
#1786=AXIS2_PLACEMENT_3D('',#2628,#2114,#2115);
#1787=AXIS2_PLACEMENT_3D('',#2632,#2118,#2119);
#1788=AXIS2_PLACEMENT_3D('',#2636,#2122,#2123);
#1789=AXIS2_PLACEMENT_3D('',#2643,#2128,#2129);
#1790=AXIS2_PLACEMENT_3D('',#2647,#2132,#2133);
#1791=AXIS2_PLACEMENT_3D('',#2654,#2138,#2139);
#1792=AXIS2_PLACEMENT_3D('',#2658,#2142,#2143);
#1793=AXIS2_PLACEMENT_3D('',#2660,#2145,#2146);
#1794=AXIS2_PLACEMENT_3D('',#2661,#2147,#2148);
#1795=AXIS2_PLACEMENT_3D('',#2663,#2149,#2150);
#1796=AXIS2_PLACEMENT_3D('',#2664,#2151,#2152);
#1797=AXIS2_PLACEMENT_3D('',#2666,#2153,#2154);
#1798=AXIS2_PLACEMENT_3D('',#2667,#2155,#2156);
#1799=AXIS2_PLACEMENT_3D('',#2668,#2157,#2158);
#1800=AXIS2_PLACEMENT_3D('',#2670,#2160,#2161);
#1801=AXIS2_PLACEMENT_3D('',#2672,#2163,#2164);
#1802=AXIS2_PLACEMENT_3D('',#2674,#2166,#2167);
#1803=AXIS2_PLACEMENT_3D('',#2676,#2169,#2170);
#1804=AXIS2_PLACEMENT_3D('',#2678,#2172,#2173);
#1805=AXIS2_PLACEMENT_3D('',#2680,#2175,#2176);
#1806=AXIS2_PLACEMENT_3D('',#2682,#2178,#2179);
#1807=AXIS2_PLACEMENT_3D('',#2684,#2181,#2182);
#1808=AXIS2_PLACEMENT_3D('',#2686,#2184,#2185);
#1809=AXIS2_PLACEMENT_3D('',#2688,#2187,#2188);
#1810=AXIS2_PLACEMENT_3D('',#2690,#2190,#2191);
#1811=AXIS2_PLACEMENT_3D('',#2691,#2192,#2193);
#1812=AXIS2_PLACEMENT_3D('',#2693,#2195,#2196);
#1813=AXIS2_PLACEMENT_3D('',#2695,#2198,#2199);
#1814=AXIS2_PLACEMENT_3D('',#2697,#2201,#2202);
#1815=AXIS2_PLACEMENT_3D('',#2699,#2204,#2205);
#1816=AXIS2_PLACEMENT_3D('',#2700,#2206,#2207);
#1817=AXIS2_PLACEMENT_3D('',#2702,#2209,#2210);
#1818=AXIS2_PLACEMENT_3D('',#2704,#2212,#2213);
#1819=AXIS2_PLACEMENT_3D('',#2706,#2215,#2216);
#1820=AXIS2_PLACEMENT_3D('',#2708,#2218,#2219);
#1821=AXIS2_PLACEMENT_3D('',#2709,#2220,#2221);
#1822=AXIS2_PLACEMENT_3D('',#2711,#2223,#2224);
#1823=AXIS2_PLACEMENT_3D('',#2713,#2226,#2227);
#1824=AXIS2_PLACEMENT_3D('',#2715,#2229,#2230);
#1825=AXIS2_PLACEMENT_3D('',#2717,#2232,#2233);
#1826=DIRECTION('',(0.,0.,1.));
#1827=DIRECTION('',(1.,0.,0.));
#1828=DIRECTION('',(0.,0.224951054343865,-0.974370064785235));
#1829=DIRECTION('',(1.,0.,0.));
#1830=DIRECTION('',(0.,-0.974370064785235,-0.224951054343865));
#1831=DIRECTION('',(-1.,0.,0.));
#1832=DIRECTION('',(0.,-0.974370064785235,-0.224951054343865));
#1833=DIRECTION('',(-1.,0.,0.));
#1834=DIRECTION('',(0.,-0.974370064785235,-0.224951054343865));
#1835=DIRECTION('',(-1.,0.,0.));
#1836=DIRECTION('',(0.,-0.974370064785235,-0.224951054343865));
#1837=DIRECTION('',(-1.,0.,0.));
#1838=DIRECTION('',(0.,-0.974370064785235,-0.224951054343865));
#1839=DIRECTION('',(-1.,0.,0.));
#1840=DIRECTION('',(0.,-0.974370064785235,-0.224951054343865));
#1841=DIRECTION('',(-1.,0.,0.));
#1842=DIRECTION('',(0.,0.974370064785235,0.224951054343865));
#1843=DIRECTION('',(-1.,1.02933831505005E-16,2.37641474851839E-17));
#1844=DIRECTION('',(0.,0.974370064785235,0.224951054343865));
#1845=DIRECTION('',(-1.,1.1437092389445E-16,2.64046083168711E-17));
#1846=DIRECTION('',(0.,0.974370064785235,0.224951054343865));
#1847=DIRECTION('',(-1.,1.3724510867334E-16,3.16855299802453E-17));
#1848=DIRECTION('',(0.,0.974370064785235,0.224951054343865));
#1849=DIRECTION('',(-1.,0.,0.));
#1850=DIRECTION('',(0.,-0.974370064785235,-0.224951054343865));
#1851=DIRECTION('',(-1.,0.,0.));
#1852=DIRECTION('',(0.,-0.974370064785235,-0.224951054343865));
#1853=DIRECTION('',(-1.,0.,0.));
#1854=DIRECTION('',(0.,-0.974370064785235,-0.224951054343865));
#1855=DIRECTION('',(-1.,0.,0.));
#1856=DIRECTION('',(0.,-0.974370064785235,-0.224951054343865));
#1857=DIRECTION('',(-1.,0.,0.));
#1858=DIRECTION('',(0.,-0.974370064785235,-0.224951054343865));
#1859=DIRECTION('',(-1.,0.,0.));
#1860=DIRECTION('',(0.,-0.974370064785235,-0.224951054343865));
#1861=DIRECTION('',(-1.,0.,0.));
#1862=DIRECTION('',(0.,0.974370064785235,0.224951054343865));
#1863=DIRECTION('',(-1.,1.02933831505005E-16,2.3764147485184E-17));
#1864=DIRECTION('',(0.,0.974370064785235,0.224951054343865));
#1865=DIRECTION('',(-1.,1.1437092389445E-16,2.6404608316871E-17));
#1866=DIRECTION('',(0.,0.974370064785235,0.224951054343865));
#1867=DIRECTION('',(-1.,1.3724510867334E-16,3.16855299802453E-17));
#1868=DIRECTION('',(0.,0.974370064785235,0.224951054343865));
#1869=DIRECTION('',(-1.,0.,0.));
#1870=DIRECTION('',(-1.,1.07409215483483E-16,2.47973712888876E-17));
#1871=DIRECTION('',(0.,0.224951054343865,-0.974370064785235));
#1872=DIRECTION('',(0.,0.974370064785235,0.224951054343865));
#1873=DIRECTION('',(0.,-0.974370064785235,-0.224951054343865));
#1874=DIRECTION('',(0.,0.224951054343865,-0.974370064785235));
#1875=DIRECTION('',(0.,0.974370064785235,0.224951054343865));
#1876=DIRECTION('',(-1.,1.43212287311311E-16,3.30631617185168E-17));
#1877=DIRECTION('',(0.,0.224951054343865,-0.974370064785235));
#1878=DIRECTION('',(0.,0.974370064785235,0.224951054343865));
#1879=DIRECTION('',(0.,-0.974370064785235,-0.224951054343865));
#1880=DIRECTION('',(0.,0.224951054343865,-0.974370064785235));
#1881=DIRECTION('',(0.,0.974370064785235,0.224951054343865));
#1882=DIRECTION('',(0.,0.224951054343865,-0.974370064785235));
#1883=DIRECTION('',(0.,0.974370064785235,0.224951054343865));
#1884=DIRECTION('',(0.,0.224951054343865,-0.974370064785235));
#1885=DIRECTION('',(0.,0.974370064785235,0.224951054343865));
#1886=DIRECTION('',(0.,-0.974370064785235,-0.224951054343865));
#1887=DIRECTION('',(-1.,0.,0.));
#1888=DIRECTION('',(0.,-0.974370064785235,-0.224951054343865));
#1889=DIRECTION('',(-1.,0.,0.));
#1890=DIRECTION('',(0.,-0.974370064785235,-0.224951054343865));
#1891=DIRECTION('',(-1.,0.,0.));
#1892=DIRECTION('',(0.,-0.974370064785235,-0.224951054343865));
#1893=DIRECTION('',(-1.,0.,0.));
#1894=DIRECTION('',(0.,0.974370064785235,0.224951054343865));
#1895=DIRECTION('',(-1.,1.02933831505005E-16,2.37641474851839E-17));
#1896=DIRECTION('',(0.,0.974370064785235,0.224951054343865));
#1897=DIRECTION('',(-1.,1.1437092389445E-16,2.64046083168711E-17));
#1898=DIRECTION('',(0.,0.974370064785235,0.224951054343865));
#1899=DIRECTION('',(-1.,1.3724510867334E-16,3.16855299802453E-17));
#1900=DIRECTION('',(0.,0.974370064785235,0.224951054343865));
#1901=DIRECTION('',(-1.,0.,0.));
#1902=DIRECTION('',(0.,-0.974370064785235,-0.224951054343865));
#1903=DIRECTION('',(-1.,0.,0.));
#1904=DIRECTION('',(0.,-0.974370064785235,-0.224951054343865));
#1905=DIRECTION('',(-1.,0.,0.));
#1906=DIRECTION('',(1.,0.,0.));
#1907=DIRECTION('',(0.,0.,-1.));
#1908=DIRECTION('',(0.,-0.974370064785235,-0.224951054343865));
#1909=DIRECTION('',(0.,0.224951054343865,-0.974370064785235));
#1910=DIRECTION('',(0.,0.224951054343865,-0.974370064785235));
#1911=DIRECTION('',(0.,-0.974370064785235,-0.224951054343865));
#1912=DIRECTION('',(0.,0.224951054343865,-0.974370064785235));
#1913=DIRECTION('',(0.,-0.974370064785235,-0.224951054343865));
#1914=DIRECTION('',(0.,0.224951054343865,-0.974370064785235));
#1915=DIRECTION('',(0.,0.224951054343865,-0.974370064785235));
#1916=DIRECTION('',(-1.,0.,0.));
#1917=DIRECTION('',(-1.,0.,0.));
#1918=DIRECTION('',(0.,0.224951054343865,-0.974370064785235));
#1919=DIRECTION('',(1.,0.,0.));
#1920=DIRECTION('',(0.,0.,-1.));
#1921=DIRECTION('',(0.,-0.974370064785235,-0.224951054343865));
#1922=DIRECTION('',(0.,0.224951054343865,-0.974370064785235));
#1923=DIRECTION('',(0.,0.224951054343865,-0.974370064785235));
#1924=DIRECTION('',(0.,-0.974370064785235,-0.224951054343865));
#1925=DIRECTION('',(0.,0.224951054343865,-0.974370064785235));
#1926=DIRECTION('',(0.,-0.974370064785235,-0.224951054343865));
#1927=DIRECTION('',(0.,0.224951054343865,-0.974370064785235));
#1928=DIRECTION('',(0.,0.224951054343865,-0.974370064785235));
#1929=DIRECTION('',(-1.,0.,0.));
#1930=DIRECTION('',(-1.,0.,0.));
#1931=DIRECTION('',(0.,0.224951054343865,-0.974370064785235));
#1932=DIRECTION('',(1.,0.,0.));
#1933=DIRECTION('',(0.,0.,-1.));
#1934=DIRECTION('',(0.,-0.974370064785235,-0.224951054343865));
#1935=DIRECTION('',(0.,0.224951054343865,-0.974370064785235));
#1936=DIRECTION('',(0.,0.224951054343865,-0.974370064785235));
#1937=DIRECTION('',(0.,-0.974370064785235,-0.224951054343865));
#1938=DIRECTION('',(0.,0.224951054343865,-0.974370064785235));
#1939=DIRECTION('',(0.,-0.974370064785235,-0.224951054343865));
#1940=DIRECTION('',(0.,0.224951054343865,-0.974370064785235));
#1941=DIRECTION('',(0.,0.224951054343865,-0.974370064785235));
#1942=DIRECTION('',(-1.,0.,0.));
#1943=DIRECTION('',(-1.,0.,0.));
#1944=DIRECTION('',(0.,0.224951054343865,-0.974370064785235));
#1945=DIRECTION('',(-1.,0.,0.));
#1946=DIRECTION('',(0.,0.,1.));
#1947=DIRECTION('',(0.,0.974370064785235,0.224951054343865));
#1948=DIRECTION('',(0.,0.224951054343865,-0.974370064785235));
#1949=DIRECTION('',(0.,0.224951054343865,-0.974370064785235));
#1950=DIRECTION('',(0.,0.974370064785235,0.224951054343865));
#1951=DIRECTION('',(0.,0.224951054343865,-0.974370064785235));
#1952=DIRECTION('',(1.,0.,0.));
#1953=DIRECTION('',(0.,0.,-1.));
#1954=DIRECTION('',(0.,0.224951054343865,-0.974370064785235));
#1955=DIRECTION('',(0.,-0.974370064785235,-0.224951054343865));
#1956=DIRECTION('',(0.,0.224951054343865,-0.974370064785235));
#1957=DIRECTION('',(0.,-0.974370064785235,-0.224951054343865));
#1958=DIRECTION('',(0.,0.224951054343865,-0.974370064785235));
#1959=DIRECTION('',(0.,-0.974370064785235,-0.224951054343865));
#1960=DIRECTION('',(0.,0.224951054343865,-0.974370064785235));
#1961=DIRECTION('',(-1.,0.,0.));
#1962=DIRECTION('',(0.,0.224951054343865,-0.974370064785235));
#1963=DIRECTION('',(0.,0.224951054343865,-0.974370064785235));
#1964=DIRECTION('',(-1.,0.,0.));
#1965=DIRECTION('',(0.,0.224951054343865,-0.974370064785235));
#1966=DIRECTION('',(-1.,0.,0.));
#1967=DIRECTION('',(0.,0.,1.));
#1968=DIRECTION('',(0.,0.224951054343865,-0.974370064785235));
#1969=DIRECTION('',(0.,0.974370064785235,0.224951054343865));
#1970=DIRECTION('',(0.,0.974370064785235,0.224951054343865));
#1971=DIRECTION('',(0.,0.224951054343865,-0.974370064785235));
#1972=DIRECTION('',(-1.,0.,0.));
#1973=DIRECTION('',(0.,0.,1.));
#1974=DIRECTION('',(0.,0.974370064785235,0.224951054343865));
#1975=DIRECTION('',(0.,0.224951054343865,-0.974370064785235));
#1976=DIRECTION('',(0.,0.224951054343865,-0.974370064785235));
#1977=DIRECTION('',(0.,0.974370064785235,0.224951054343865));
#1978=DIRECTION('',(0.,0.224951054343865,-0.974370064785235));
#1979=DIRECTION('',(1.,0.,0.));
#1980=DIRECTION('',(0.,0.,-1.));
#1981=DIRECTION('',(0.,0.224951054343865,-0.974370064785235));
#1982=DIRECTION('',(0.,-0.974370064785235,-0.224951054343865));
#1983=DIRECTION('',(0.,0.224951054343865,-0.974370064785235));
#1984=DIRECTION('',(0.,-0.974370064785235,-0.224951054343865));
#1985=DIRECTION('',(0.,0.224951054343865,-0.974370064785235));
#1986=DIRECTION('',(0.,-0.974370064785235,-0.224951054343865));
#1987=DIRECTION('',(0.,0.224951054343865,-0.974370064785235));
#1988=DIRECTION('',(-1.,0.,0.));
#1989=DIRECTION('',(0.,0.224951054343865,-0.974370064785235));
#1990=DIRECTION('',(0.,0.224951054343865,-0.974370064785235));
#1991=DIRECTION('',(-1.,0.,0.));
#1992=DIRECTION('',(0.,0.224951054343865,-0.974370064785235));
#1993=DIRECTION('',(-1.,0.,0.));
#1994=DIRECTION('',(0.,0.,1.));
#1995=DIRECTION('',(0.,0.224951054343865,-0.974370064785235));
#1996=DIRECTION('',(0.,0.974370064785235,0.224951054343865));
#1997=DIRECTION('',(0.,0.974370064785235,0.224951054343865));
#1998=DIRECTION('',(0.,0.224951054343865,-0.974370064785235));
#1999=DIRECTION('',(0.,-0.974370064785235,-0.224951054343865));
#2000=DIRECTION('',(0.,0.224951054343865,-0.974370064785235));
#2001=DIRECTION('',(-1.,0.,0.));
#2002=DIRECTION('',(0.,0.224951054343865,-0.974370064785235));
#2003=DIRECTION('',(0.,0.224951054343865,-0.974370064785235));
#2004=DIRECTION('',(-1.,0.,0.));
#2005=DIRECTION('',(0.,0.224951054343865,-0.974370064785235));
#2006=DIRECTION('',(-1.,0.,0.));
#2007=DIRECTION('',(0.,0.,1.));
#2008=DIRECTION('',(0.,0.224951054343865,-0.974370064785235));
#2009=DIRECTION('',(0.,0.974370064785235,0.224951054343865));
#2010=DIRECTION('',(0.,0.974370064785235,0.224951054343865));
#2011=DIRECTION('',(0.,0.224951054343865,-0.974370064785235));
#2012=DIRECTION('',(1.,0.,0.));
#2013=DIRECTION('',(0.,0.,-1.));
#2014=DIRECTION('',(0.,0.224951054343865,-0.974370064785235));
#2015=DIRECTION('',(0.,-0.974370064785235,-0.224951054343865));
#2016=DIRECTION('',(0.,0.224951054343865,-0.974370064785235));
#2017=DIRECTION('',(0.,-0.974370064785235,-0.224951054343865));
#2018=DIRECTION('',(0.,0.224951054343865,-0.974370064785235));
#2019=DIRECTION('',(-1.,0.,0.));
#2020=DIRECTION('',(0.,0.,1.));
#2021=DIRECTION('',(0.,0.974370064785235,0.224951054343865));
#2022=DIRECTION('',(0.,0.224951054343865,-0.974370064785235));
#2023=DIRECTION('',(0.,0.224951054343865,-0.974370064785235));
#2024=DIRECTION('',(0.,0.974370064785235,0.224951054343865));
#2025=DIRECTION('',(0.,0.224951054343865,-0.974370064785235));
#2026=DIRECTION('',(1.,0.,0.));
#2027=DIRECTION('',(0.,0.,-1.));
#2028=DIRECTION('',(0.,-0.974370064785235,-0.224951054343865));
#2029=DIRECTION('',(0.,0.224951054343865,-0.974370064785235));
#2030=DIRECTION('',(1.,0.,0.));
#2031=DIRECTION('',(0.,0.,-1.));
#2032=DIRECTION('',(0.,-0.974370064785235,-0.224951054343865));
#2033=DIRECTION('',(0.,0.224951054343865,-0.974370064785235));
#2034=DIRECTION('',(-1.10234519065565E-16,-0.974370064785235,-0.224951054343865));
#2035=DIRECTION('',(0.,0.224951054343865,-0.974370064785235));
#2036=DIRECTION('',(0.,0.224951054343865,-0.974370064785235));
#2037=DIRECTION('',(-1.,1.07409215483483E-16,2.47973712888876E-17));
#2038=DIRECTION('',(0.,0.224951054343865,-0.974370064785235));
#2039=DIRECTION('',(0.,0.224951054343865,-0.974370064785235));
#2040=DIRECTION('',(0.,0.974370064785235,0.224951054343865));
#2041=DIRECTION('',(0.,0.224951054343865,-0.974370064785235));
#2042=DIRECTION('',(0.,0.974370064785235,0.224951054343865));
#2043=DIRECTION('',(0.,0.224951054343865,-0.974370064785235));
#2044=DIRECTION('',(1.,0.,0.));
#2045=DIRECTION('',(0.,0.,-1.));
#2046=DIRECTION('',(0.,-0.974370064785235,-0.224951054343865));
#2047=DIRECTION('',(0.,0.224951054343865,-0.974370064785235));
#2048=DIRECTION('',(0.,0.224951054343865,-0.974370064785235));
#2049=DIRECTION('',(0.,0.974370064785235,0.224951054343865));
#2050=DIRECTION('',(0.,0.224951054343865,-0.974370064785235));
#2051=DIRECTION('',(0.,0.974370064785235,0.224951054343865));
#2052=DIRECTION('',(0.,0.224951054343865,-0.974370064785235));
#2053=DIRECTION('',(-1.46979358754086E-16,-0.974370064785235,-0.224951054343865));
#2054=DIRECTION('',(0.,0.224951054343865,-0.974370064785235));
#2055=DIRECTION('',(-1.,1.43212287311311E-16,3.30631617185168E-17));
#2056=DIRECTION('',(0.,0.224951054343865,-0.974370064785235));
#2057=DIRECTION('',(0.,0.224951054343865,-0.974370064785235));
#2058=DIRECTION('',(0.,0.974370064785235,0.224951054343865));
#2059=DIRECTION('',(0.,0.224951054343865,-0.974370064785235));
#2060=DIRECTION('',(0.,0.974370064785235,0.224951054343865));
#2061=DIRECTION('',(0.,0.224951054343865,-0.974370064785235));
#2062=DIRECTION('',(1.,0.,0.));
#2063=DIRECTION('',(0.,0.,-1.));
#2064=DIRECTION('',(0.,-0.974370064785235,-0.224951054343865));
#2065=DIRECTION('',(0.,0.224951054343865,-0.974370064785235));
#2066=DIRECTION('',(1.,0.,0.));
#2067=DIRECTION('',(0.,0.,-1.));
#2068=DIRECTION('',(0.,-0.974370064785235,-0.224951054343865));
#2069=DIRECTION('',(0.,0.224951054343865,-0.974370064785235));
#2070=DIRECTION('',(0.,-0.974370064785235,-0.224951054343865));
#2071=DIRECTION('',(0.,0.224951054343865,-0.974370064785235));
#2072=DIRECTION('',(0.,0.224951054343865,-0.974370064785235));
#2073=DIRECTION('',(-1.,0.,0.));
#2074=DIRECTION('',(-1.,0.,0.));
#2075=DIRECTION('',(0.,0.224951054343865,-0.974370064785235));
#2076=DIRECTION('',(-1.,0.,0.));
#2077=DIRECTION('',(0.,0.,1.));
#2078=DIRECTION('',(0.,0.974370064785235,0.224951054343865));
#2079=DIRECTION('',(0.,0.224951054343865,-0.974370064785235));
#2080=DIRECTION('',(0.,-0.974370064785235,-0.224951054343865));
#2081=DIRECTION('',(0.,0.224951054343865,-0.974370064785235));
#2082=DIRECTION('',(-1.,0.,0.));
#2083=DIRECTION('',(0.,0.224951054343865,-0.974370064785235));
#2084=DIRECTION('',(0.,0.224951054343865,-0.974370064785235));
#2085=DIRECTION('',(-1.,0.,0.));
#2086=DIRECTION('',(0.,-0.974370064785235,-0.224951054343865));
#2087=DIRECTION('',(0.,0.224951054343865,-0.974370064785235));
#2088=DIRECTION('',(-1.,0.,0.));
#2089=DIRECTION('',(0.,0.224951054343865,-0.974370064785235));
#2090=DIRECTION('',(-1.40855218805999E-16,-0.974370064785235,-0.224951054343865));
#2091=DIRECTION('',(0.,0.224951054343865,-0.974370064785235));
#2092=DIRECTION('',(-1.,1.3724510867334E-16,3.16855299802453E-17));
#2093=DIRECTION('',(0.,0.224951054343865,-0.974370064785235));
#2094=DIRECTION('',(0.,-0.974370064785235,-0.224951054343865));
#2095=DIRECTION('',(0.,0.224951054343865,-0.974370064785235));
#2096=DIRECTION('',(0.,0.224951054343865,-0.974370064785235));
#2097=DIRECTION('',(-1.,0.,0.));
#2098=DIRECTION('',(-1.,0.,0.));
#2099=DIRECTION('',(0.,0.224951054343865,-0.974370064785235));
#2100=DIRECTION('',(-1.,0.,0.));
#2101=DIRECTION('',(0.,0.,1.));
#2102=DIRECTION('',(0.,0.974370064785235,0.224951054343865));
#2103=DIRECTION('',(0.,0.224951054343865,-0.974370064785235));
#2104=DIRECTION('',(0.,-0.974370064785235,-0.224951054343865));
#2105=DIRECTION('',(0.,0.224951054343865,-0.974370064785235));
#2106=DIRECTION('',(-1.,0.,0.));
#2107=DIRECTION('',(0.,0.224951054343865,-0.974370064785235));
#2108=DIRECTION('',(0.,0.224951054343865,-0.974370064785235));
#2109=DIRECTION('',(-1.,0.,0.));
#2110=DIRECTION('',(0.,-0.974370064785235,-0.224951054343865));
#2111=DIRECTION('',(0.,0.224951054343865,-0.974370064785235));
#2112=DIRECTION('',(-1.,0.,0.));
#2113=DIRECTION('',(0.,0.224951054343865,-0.974370064785235));
#2114=DIRECTION('',(-1.40855218805999E-16,-0.974370064785235,-0.224951054343865));
#2115=DIRECTION('',(0.,0.224951054343865,-0.974370064785235));
#2116=DIRECTION('',(-1.,1.3724510867334E-16,3.16855299802453E-17));
#2117=DIRECTION('',(0.,0.224951054343865,-0.974370064785235));
#2118=DIRECTION('',(-1.40855218805999E-16,-0.974370064785235,-0.224951054343865));
#2119=DIRECTION('',(0.,0.224951054343865,-0.974370064785235));
#2120=DIRECTION('',(-1.,1.3724510867334E-16,3.16855299802453E-17));
#2121=DIRECTION('',(0.,0.224951054343865,-0.974370064785235));
#2122=DIRECTION('',(0.,-0.974370064785235,-0.224951054343865));
#2123=DIRECTION('',(0.,0.224951054343865,-0.974370064785235));
#2124=DIRECTION('',(-1.,0.,0.));
#2125=DIRECTION('',(0.,0.224951054343865,-0.974370064785235));
#2126=DIRECTION('',(0.,0.224951054343865,-0.974370064785235));
#2127=DIRECTION('',(-1.,0.,0.));
#2128=DIRECTION('',(0.,-0.974370064785235,-0.224951054343865));
#2129=DIRECTION('',(0.,0.224951054343865,-0.974370064785235));
#2130=DIRECTION('',(-1.,0.,0.));
#2131=DIRECTION('',(0.,0.224951054343865,-0.974370064785235));
#2132=DIRECTION('',(0.,-0.974370064785235,-0.224951054343865));
#2133=DIRECTION('',(0.,0.224951054343865,-0.974370064785235));
#2134=DIRECTION('',(0.,0.224951054343865,-0.974370064785235));
#2135=DIRECTION('',(-1.,0.,0.));
#2136=DIRECTION('',(-1.,0.,0.));
#2137=DIRECTION('',(0.,0.224951054343865,-0.974370064785235));
#2138=DIRECTION('',(-1.,0.,0.));
#2139=DIRECTION('',(0.,0.,1.));
#2140=DIRECTION('',(0.,0.974370064785235,0.224951054343865));
#2141=DIRECTION('',(0.,0.224951054343865,-0.974370064785235));
#2142=DIRECTION('',(0.,-0.974370064785235,-0.224951054343865));
#2143=DIRECTION('',(0.,0.224951054343865,-0.974370064785235));
#2144=DIRECTION('',(-1.,0.,0.));
#2145=DIRECTION('',(0.,0.224951054343865,-0.974370064785235));
#2146=DIRECTION('',(0.,0.974370064785235,0.224951054343865));
#2147=DIRECTION('',(0.,0.224951054343865,-0.974370064785235));
#2148=DIRECTION('',(0.,0.974370064785235,0.224951054343865));
#2149=DIRECTION('',(0.,0.224951054343865,-0.974370064785235));
#2150=DIRECTION('',(0.,0.974370064785235,0.224951054343865));
#2151=DIRECTION('',(0.,0.224951054343865,-0.974370064785235));
#2152=DIRECTION('',(0.,0.974370064785235,0.224951054343865));
#2153=DIRECTION('',(0.,0.224951054343865,-0.974370064785235));
#2154=DIRECTION('',(0.,0.974370064785235,0.224951054343865));
#2155=DIRECTION('',(0.,0.224951054343865,-0.974370064785235));
#2156=DIRECTION('',(0.,0.974370064785235,0.224951054343865));
#2157=DIRECTION('',(0.,-0.974370064785235,-0.224951054343865));
#2158=DIRECTION('',(0.,0.224951054343865,-0.974370064785235));
#2159=DIRECTION('',(-1.,0.,0.));
#2160=DIRECTION('',(-1.05641414104499E-16,-0.974370064785235,-0.224951054343865));
#2161=DIRECTION('',(0.,0.224951054343865,-0.974370064785235));
#2162=DIRECTION('',(-1.,1.02933831505005E-16,2.37641474851839E-17));
#2163=DIRECTION('',(1.,0.,0.));
#2164=DIRECTION('',(0.,0.,-1.));
#2165=DIRECTION('',(0.,-0.974370064785235,-0.224951054343865));
#2166=DIRECTION('',(-1.,0.,0.));
#2167=DIRECTION('',(0.,0.,1.));
#2168=DIRECTION('',(0.,0.974370064785235,0.224951054343865));
#2169=DIRECTION('',(-1.056414141045E-16,-0.974370064785235,-0.224951054343865));
#2170=DIRECTION('',(0.,0.224951054343865,-0.974370064785235));
#2171=DIRECTION('',(-1.,1.02933831505005E-16,2.3764147485184E-17));
#2172=DIRECTION('',(1.,0.,0.));
#2173=DIRECTION('',(0.,0.,-1.));
#2174=DIRECTION('',(0.,-0.974370064785235,-0.224951054343865));
#2175=DIRECTION('',(-1.,0.,0.));
#2176=DIRECTION('',(0.,0.,1.));
#2177=DIRECTION('',(0.,0.974370064785235,0.224951054343865));
#2178=DIRECTION('',(-1.,0.,0.));
#2179=DIRECTION('',(0.,0.,1.));
#2180=DIRECTION('',(0.,0.974370064785235,0.224951054343865));
#2181=DIRECTION('',(1.,0.,0.));
#2182=DIRECTION('',(0.,0.,-1.));
#2183=DIRECTION('',(0.,-0.974370064785235,-0.224951054343865));
#2184=DIRECTION('',(-1.05641414104499E-16,-0.974370064785235,-0.224951054343865));
#2185=DIRECTION('',(0.,0.224951054343865,-0.974370064785235));
#2186=DIRECTION('',(-1.,1.02933831505005E-16,2.37641474851839E-17));
#2187=DIRECTION('',(0.,-0.974370064785235,-0.224951054343865));
#2188=DIRECTION('',(0.,0.224951054343865,-0.974370064785235));
#2189=DIRECTION('',(-1.,0.,0.));
#2190=DIRECTION('',(0.,0.224951054343865,-0.974370064785235));
#2191=DIRECTION('',(1.,0.,0.));
#2192=DIRECTION('',(0.,-0.974370064785235,-0.224951054343865));
#2193=DIRECTION('',(0.,0.224951054343865,-0.974370064785235));
#2194=DIRECTION('',(-1.,0.,0.));
#2195=DIRECTION('',(1.,0.,0.));
#2196=DIRECTION('',(0.,0.,-1.));
#2197=DIRECTION('',(0.,-0.974370064785235,-0.224951054343865));
#2198=DIRECTION('',(-1.17379349004999E-16,-0.974370064785235,-0.224951054343865));
#2199=DIRECTION('',(0.,0.224951054343865,-0.974370064785235));
#2200=DIRECTION('',(-1.,1.1437092389445E-16,2.64046083168711E-17));
#2201=DIRECTION('',(1.,0.,0.));
#2202=DIRECTION('',(0.,0.,-1.));
#2203=DIRECTION('',(0.,-0.974370064785235,-0.224951054343865));
#2204=DIRECTION('',(0.,0.224951054343865,-0.974370064785235));
#2205=DIRECTION('',(1.,0.,0.));
#2206=DIRECTION('',(1.,0.,0.));
#2207=DIRECTION('',(0.,0.,-1.));
#2208=DIRECTION('',(0.,-0.974370064785235,-0.224951054343865));
#2209=DIRECTION('',(-1.17379349004999E-16,-0.974370064785235,-0.224951054343865));
#2210=DIRECTION('',(0.,0.224951054343865,-0.974370064785235));
#2211=DIRECTION('',(-1.,1.1437092389445E-16,2.6404608316871E-17));
#2212=DIRECTION('',(1.,0.,0.));
#2213=DIRECTION('',(0.,0.,-1.));
#2214=DIRECTION('',(0.,-0.974370064785235,-0.224951054343865));
#2215=DIRECTION('',(0.,-0.974370064785235,-0.224951054343865));
#2216=DIRECTION('',(0.,0.224951054343865,-0.974370064785235));
#2217=DIRECTION('',(-1.,0.,0.));
#2218=DIRECTION('',(0.,0.224951054343865,-0.974370064785235));
#2219=DIRECTION('',(1.,0.,0.));
#2220=DIRECTION('',(1.,0.,0.));
#2221=DIRECTION('',(0.,0.,-1.));
#2222=DIRECTION('',(0.,-0.974370064785235,-0.224951054343865));
#2223=DIRECTION('',(-1.17379349004999E-16,-0.974370064785235,-0.224951054343865));
#2224=DIRECTION('',(0.,0.224951054343865,-0.974370064785235));
#2225=DIRECTION('',(-1.,1.1437092389445E-16,2.64046083168711E-17));
#2226=DIRECTION('',(1.,0.,0.));
#2227=DIRECTION('',(0.,0.,-1.));
#2228=DIRECTION('',(0.,-0.974370064785235,-0.224951054343865));
#2229=DIRECTION('',(0.,-0.974370064785235,-0.224951054343865));
#2230=DIRECTION('',(0.,0.224951054343865,-0.974370064785235));
#2231=DIRECTION('',(-1.,0.,0.));
#2232=DIRECTION('',(0.,0.224951054343865,-0.974370064785235));
#2233=DIRECTION('',(1.,0.,0.));
#2234=CARTESIAN_POINT('',(0.,0.,0.));
#2235=CARTESIAN_POINT('',(0.03625,0.00337426581515797,-0.0146155509717785));
#2236=CARTESIAN_POINT('',(0.0505,0.00337426581515798,-0.0146155509717785));
#2237=CARTESIAN_POINT('',(0.0505,0.00556659846092476,-0.0141094110995048));
#2238=CARTESIAN_POINT('',(0.0505,0.0011819331693912,-0.0151216908440522));
#2239=CARTESIAN_POINT('',(0.050875,0.00556659846092476,-0.0141094110995048));
#2240=CARTESIAN_POINT('',(0.05125,0.00556659846092476,-0.0141094110995048));
#2241=CARTESIAN_POINT('',(0.05125,0.00629737600951368,-0.0139406978087469));
#2242=CARTESIAN_POINT('',(0.05125,0.00702815355810261,-0.013771984517989));
#2243=CARTESIAN_POINT('',(0.0505,0.00702815355810261,-0.013771984517989));
#2244=CARTESIAN_POINT('',(0.04975,0.00702815355810261,-0.013771984517989));
#2245=CARTESIAN_POINT('',(0.04975,0.00666276478380815,-0.013856341163368));
#2246=CARTESIAN_POINT('',(0.04975,0.00629737600951368,-0.0139406978087469));
#2247=CARTESIAN_POINT('',(0.0475,0.00629737600951368,-0.0139406978087469));
#2248=CARTESIAN_POINT('',(0.04525,0.00629737600951368,-0.0139406978087469));
#2249=CARTESIAN_POINT('',(0.04525,0.00666276478380815,-0.013856341163368));
#2250=CARTESIAN_POINT('',(0.04525,0.00702815355810261,-0.013771984517989));
#2251=CARTESIAN_POINT('',(0.0445,0.00702815355810261,-0.013771984517989));
#2252=CARTESIAN_POINT('',(0.04375,0.00702815355810261,-0.013771984517989));
#2253=CARTESIAN_POINT('',(0.04375,0.00629737600951368,-0.0139406978087469));
#2254=CARTESIAN_POINT('',(0.04375,0.00556659846092476,-0.0141094110995048));
#2255=CARTESIAN_POINT('',(0.044125,0.00556659846092475,-0.0141094110995048));
#2256=CARTESIAN_POINT('',(0.0445,0.00556659846092475,-0.0141094110995048));
#2257=CARTESIAN_POINT('',(0.0445,0.00337426581515797,-0.0146155509717785));
#2258=CARTESIAN_POINT('',(0.0445,0.0011819331693912,-0.0151216908440522));
#2259=CARTESIAN_POINT('',(0.044125,0.0011819331693912,-0.0151216908440522));
#2260=CARTESIAN_POINT('',(0.04375,0.0011819331693912,-0.0151216908440522));
#2261=CARTESIAN_POINT('',(0.04375,0.000451155620802274,-0.0152904041348101));
#2262=CARTESIAN_POINT('',(0.04375,-0.000279621927786654,-0.015459117425568));
#2263=CARTESIAN_POINT('',(0.0445,-0.000279621927786654,-0.015459117425568));
#2264=CARTESIAN_POINT('',(0.04525,-0.000279621927786654,-0.015459117425568));
#2265=CARTESIAN_POINT('',(0.04525,8.57668465078085E-5,-0.015374760780189));
#2266=CARTESIAN_POINT('',(0.04525,0.00045115562080227,-0.0152904041348101));
#2267=CARTESIAN_POINT('',(0.0475,0.00045115562080227,-0.0152904041348101));
#2268=CARTESIAN_POINT('',(0.04975,0.00045115562080227,-0.0152904041348101));
#2269=CARTESIAN_POINT('',(0.04975,8.57668465078077E-5,-0.015374760780189));
#2270=CARTESIAN_POINT('',(0.04975,-0.000279621927786654,-0.015459117425568));
#2271=CARTESIAN_POINT('',(0.0505,-0.000279621927786654,-0.015459117425568));
#2272=CARTESIAN_POINT('',(0.05125,-0.000279621927786654,-0.015459117425568));
#2273=CARTESIAN_POINT('',(0.05125,0.000451155620802273,-0.0152904041348101));
#2274=CARTESIAN_POINT('',(0.05125,0.0011819331693912,-0.0151216908440523));
#2275=CARTESIAN_POINT('',(0.050875,0.0011819331693912,-0.0151216908440522));
#2276=CARTESIAN_POINT('',(0.068,0.00337426581515798,-0.0146155509717785));
#2277=CARTESIAN_POINT('',(0.068,0.00556659846092476,-0.0141094110995048));
#2278=CARTESIAN_POINT('',(0.068,0.0011819331693912,-0.0151216908440522));
#2279=CARTESIAN_POINT('',(0.068375,0.00556659846092476,-0.0141094110995048));
#2280=CARTESIAN_POINT('',(0.06875,0.00556659846092476,-0.0141094110995048));
#2281=CARTESIAN_POINT('',(0.06875,0.00629737600951368,-0.0139406978087469));
#2282=CARTESIAN_POINT('',(0.06875,0.00702815355810261,-0.013771984517989));
#2283=CARTESIAN_POINT('',(0.068,0.00702815355810261,-0.013771984517989));
#2284=CARTESIAN_POINT('',(0.06725,0.00702815355810261,-0.013771984517989));
#2285=CARTESIAN_POINT('',(0.06725,0.00666276478380815,-0.013856341163368));
#2286=CARTESIAN_POINT('',(0.06725,0.00629737600951368,-0.0139406978087469));
#2287=CARTESIAN_POINT('',(0.065,0.00629737600951368,-0.0139406978087469));
#2288=CARTESIAN_POINT('',(0.06275,0.00629737600951368,-0.0139406978087469));
#2289=CARTESIAN_POINT('',(0.06275,0.00666276478380815,-0.013856341163368));
#2290=CARTESIAN_POINT('',(0.06275,0.00702815355810261,-0.013771984517989));
#2291=CARTESIAN_POINT('',(0.062,0.00702815355810261,-0.013771984517989));
#2292=CARTESIAN_POINT('',(0.06125,0.00702815355810261,-0.013771984517989));
#2293=CARTESIAN_POINT('',(0.06125,0.00629737600951368,-0.0139406978087469));
#2294=CARTESIAN_POINT('',(0.06125,0.00556659846092476,-0.0141094110995048));
#2295=CARTESIAN_POINT('',(0.061625,0.00556659846092475,-0.0141094110995048));
#2296=CARTESIAN_POINT('',(0.062,0.00556659846092475,-0.0141094110995048));
#2297=CARTESIAN_POINT('',(0.062,0.00337426581515797,-0.0146155509717785));
#2298=CARTESIAN_POINT('',(0.062,0.0011819331693912,-0.0151216908440522));
#2299=CARTESIAN_POINT('',(0.061625,0.0011819331693912,-0.0151216908440522));
#2300=CARTESIAN_POINT('',(0.06125,0.0011819331693912,-0.0151216908440522));
#2301=CARTESIAN_POINT('',(0.06125,0.000451155620802274,-0.0152904041348101));
#2302=CARTESIAN_POINT('',(0.06125,-0.000279621927786654,-0.015459117425568));
#2303=CARTESIAN_POINT('',(0.062,-0.000279621927786654,-0.015459117425568));
#2304=CARTESIAN_POINT('',(0.06275,-0.000279621927786654,-0.015459117425568));
#2305=CARTESIAN_POINT('',(0.06275,8.57668465078085E-5,-0.015374760780189));
#2306=CARTESIAN_POINT('',(0.06275,0.00045115562080227,-0.0152904041348101));
#2307=CARTESIAN_POINT('',(0.065,0.00045115562080227,-0.0152904041348101));
#2308=CARTESIAN_POINT('',(0.06725,0.00045115562080227,-0.0152904041348101));
#2309=CARTESIAN_POINT('',(0.06725,8.57668465078077E-5,-0.015374760780189));
#2310=CARTESIAN_POINT('',(0.06725,-0.000279621927786654,-0.015459117425568));
#2311=CARTESIAN_POINT('',(0.068,-0.000279621927786654,-0.015459117425568));
#2312=CARTESIAN_POINT('',(0.06875,-0.000279621927786654,-0.015459117425568));
#2313=CARTESIAN_POINT('',(0.06875,0.000451155620802273,-0.0152904041348101));
#2314=CARTESIAN_POINT('',(0.06875,0.0011819331693912,-0.0151216908440523));
#2315=CARTESIAN_POINT('',(0.068375,0.0011819331693912,-0.0151216908440522));
#2316=CARTESIAN_POINT('',(0.0475,-0.00247195457355343,-0.0159652572978417));
#2317=CARTESIAN_POINT('',(0.0705,-0.00247195457355345,-0.0159652572978417));
#2318=CARTESIAN_POINT('',(0.0245,-0.00247195457355343,-0.0159652572978417));
#2319=CARTESIAN_POINT('',(0.0245,-0.00052321444398296,-0.015515355189154));
#2320=CARTESIAN_POINT('',(0.0225,-0.00052321444398296,-0.015515355189154));
#2321=CARTESIAN_POINT('',(0.0225,0.00337426581515798,-0.0146155509717785));
#2322=CARTESIAN_POINT('',(0.0225,0.00727174607429892,-0.0137157467544031));
#2323=CARTESIAN_POINT('',(0.0245,0.00727174607429892,-0.0137157467544031));
#2324=CARTESIAN_POINT('',(0.0245,0.00922048620386939,-0.0132658446457153));
#2325=CARTESIAN_POINT('',(0.0475,0.00922048620386939,-0.0132658446457153));
#2326=CARTESIAN_POINT('',(0.0705,0.0092204862038694,-0.0132658446457153));
#2327=CARTESIAN_POINT('',(0.0705,0.00727174607429894,-0.0137157467544031));
#2328=CARTESIAN_POINT('',(0.0725,0.00727174607429892,-0.0137157467544031));
#2329=CARTESIAN_POINT('',(0.0725,0.00337426581515797,-0.0146155509717785));
#2330=CARTESIAN_POINT('',(0.0725,-0.000523214443982966,-0.015515355189154));
#2331=CARTESIAN_POINT('',(0.0705,-0.000523214443982988,-0.015515355189154));
#2332=CARTESIAN_POINT('',(0.025,0.00337426581515797,-0.0146155509717785));
#2333=CARTESIAN_POINT('',(0.025,0.00483582091233583,-0.0142781243902627));
#2334=CARTESIAN_POINT('',(0.07,0.00337426581515797,-0.0146155509717785));
#2335=CARTESIAN_POINT('',(0.07,0.00483582091233583,-0.0142781243902627));
#2336=CARTESIAN_POINT('',(0.03225,0.00666276478380815,-0.013856341163368));
#2337=CARTESIAN_POINT('',(0.03225,0.00702815355810261,-0.013771984517989));
#2338=CARTESIAN_POINT('',(0.03225,0.00629737600951368,-0.0139406978087469));
#2339=CARTESIAN_POINT('',(0.03,0.00629737600951368,-0.0139406978087469));
#2340=CARTESIAN_POINT('',(0.02775,0.00629737600951368,-0.0139406978087469));
#2341=CARTESIAN_POINT('',(0.02775,0.00666276478380815,-0.013856341163368));
#2342=CARTESIAN_POINT('',(0.02775,0.00702815355810261,-0.013771984517989));
#2343=CARTESIAN_POINT('',(0.027,0.00702815355810261,-0.013771984517989));
#2344=CARTESIAN_POINT('',(0.02625,0.00702815355810261,-0.013771984517989));
#2345=CARTESIAN_POINT('',(0.02625,0.00629737600951368,-0.0139406978087469));
#2346=CARTESIAN_POINT('',(0.02625,0.00556659846092476,-0.0141094110995048));
#2347=CARTESIAN_POINT('',(0.026625,0.00556659846092475,-0.0141094110995048));
#2348=CARTESIAN_POINT('',(0.027,0.00556659846092475,-0.0141094110995048));
#2349=CARTESIAN_POINT('',(0.027,0.00337426581515797,-0.0146155509717785));
#2350=CARTESIAN_POINT('',(0.027,0.0011819331693912,-0.0151216908440522));
#2351=CARTESIAN_POINT('',(0.026625,0.0011819331693912,-0.0151216908440522));
#2352=CARTESIAN_POINT('',(0.02625,0.0011819331693912,-0.0151216908440522));
#2353=CARTESIAN_POINT('',(0.02625,0.000451155620802274,-0.0152904041348101));
#2354=CARTESIAN_POINT('',(0.02625,-0.000279621927786654,-0.015459117425568));
#2355=CARTESIAN_POINT('',(0.027,-0.000279621927786654,-0.015459117425568));
#2356=CARTESIAN_POINT('',(0.02775,-0.000279621927786654,-0.015459117425568));
#2357=CARTESIAN_POINT('',(0.02775,8.57668465078085E-5,-0.015374760780189));
#2358=CARTESIAN_POINT('',(0.02775,0.00045115562080227,-0.0152904041348101));
#2359=CARTESIAN_POINT('',(0.03,0.00045115562080227,-0.0152904041348101));
#2360=CARTESIAN_POINT('',(0.03225,0.00045115562080227,-0.0152904041348101));
#2361=CARTESIAN_POINT('',(0.03225,8.57668465078077E-5,-0.015374760780189));
#2362=CARTESIAN_POINT('',(0.03225,-0.000279621927786654,-0.015459117425568));
#2363=CARTESIAN_POINT('',(0.033,-0.000279621927786654,-0.015459117425568));
#2364=CARTESIAN_POINT('',(0.03375,-0.000279621927786654,-0.015459117425568));
#2365=CARTESIAN_POINT('',(0.03375,0.000451155620802273,-0.0152904041348101));
#2366=CARTESIAN_POINT('',(0.03375,0.0011819331693912,-0.0151216908440523));
#2367=CARTESIAN_POINT('',(0.033375,0.0011819331693912,-0.0151216908440522));
#2368=CARTESIAN_POINT('',(0.033,0.0011819331693912,-0.0151216908440522));
#2369=CARTESIAN_POINT('',(0.033,0.00337426581515798,-0.0146155509717785));
#2370=CARTESIAN_POINT('',(0.033,0.00556659846092476,-0.0141094110995048));
#2371=CARTESIAN_POINT('',(0.033375,0.00556659846092476,-0.0141094110995048));
#2372=CARTESIAN_POINT('',(0.03375,0.00556659846092476,-0.0141094110995048));
#2373=CARTESIAN_POINT('',(0.03375,0.00629737600951368,-0.0139406978087469));
#2374=CARTESIAN_POINT('',(0.03375,0.00702815355810261,-0.013771984517989));
#2375=CARTESIAN_POINT('',(0.033,0.00702815355810261,-0.013771984517989));
#2376=CARTESIAN_POINT('',(0.04975,0.00621286267512042,-0.0119076010337975));
#2377=CARTESIAN_POINT('',(0.04975,0.00570703618087535,-0.0130506843893406));
#2378=CARTESIAN_POINT('',(0.04975,0.00607242495516982,-0.0129663277439617));
#2379=CARTESIAN_POINT('',(0.04975,0.00534164740658089,-0.0131350410347196));
#2380=CARTESIAN_POINT('',(0.04975,0.00607242495516982,-0.0129663277439617));
#2381=CARTESIAN_POINT('',(0.04975,0.00657825144941488,-0.0118232443884186));
#2382=CARTESIAN_POINT('',(0.04975,0.00657825144941488,-0.0118232443884186));
#2383=CARTESIAN_POINT('',(0.04975,0.00621286267512042,-0.0119076010337975));
#2384=CARTESIAN_POINT('',(0.04975,0.00511669635223703,-0.0121606709699344));
#2385=CARTESIAN_POINT('',(0.04975,0.00511669635223703,-0.0121606709699344));
#2386=CARTESIAN_POINT('',(0.050875,0.00511669635223703,-0.0121606709699344));
#2387=CARTESIAN_POINT('',(0.0505,0.00534164740658089,-0.0131350410347196));
#2388=CARTESIAN_POINT('',(0.0505,0.00534164740658089,-0.0131350410347196));
#2389=CARTESIAN_POINT('',(0.050125,0.00534164740658089,-0.0131350410347196));
#2390=CARTESIAN_POINT('',(0.050875,0.00511669635223703,-0.0121606709699344));
#2391=CARTESIAN_POINT('',(0.05125,0.00511669635223703,-0.0121606709699344));
#2392=CARTESIAN_POINT('',(0.05125,0.00511669635223703,-0.0121606709699344));
#2393=CARTESIAN_POINT('',(0.06725,0.00621286267512042,-0.0119076010337975));
#2394=CARTESIAN_POINT('',(0.06725,0.00570703618087535,-0.0130506843893406));
#2395=CARTESIAN_POINT('',(0.06725,0.00607242495516982,-0.0129663277439617));
#2396=CARTESIAN_POINT('',(0.06725,0.00534164740658089,-0.0131350410347196));
#2397=CARTESIAN_POINT('',(0.06725,0.00607242495516982,-0.0129663277439617));
#2398=CARTESIAN_POINT('',(0.06725,0.00657825144941488,-0.0118232443884186));
#2399=CARTESIAN_POINT('',(0.06725,0.00657825144941488,-0.0118232443884186));
#2400=CARTESIAN_POINT('',(0.06725,0.00621286267512042,-0.0119076010337975));
#2401=CARTESIAN_POINT('',(0.06725,0.00511669635223703,-0.0121606709699344));
#2402=CARTESIAN_POINT('',(0.06725,0.00511669635223703,-0.0121606709699344));
#2403=CARTESIAN_POINT('',(0.068375,0.00511669635223703,-0.0121606709699344));
#2404=CARTESIAN_POINT('',(0.068,0.00534164740658089,-0.0131350410347196));
#2405=CARTESIAN_POINT('',(0.068,0.00534164740658089,-0.0131350410347196));
#2406=CARTESIAN_POINT('',(0.067625,0.00534164740658089,-0.0131350410347196));
#2407=CARTESIAN_POINT('',(0.068375,0.00511669635223703,-0.0121606709699344));
#2408=CARTESIAN_POINT('',(0.06875,0.00511669635223703,-0.0121606709699344));
#2409=CARTESIAN_POINT('',(0.06875,0.00511669635223703,-0.0121606709699344));
#2410=CARTESIAN_POINT('',(0.03225,0.00621286267512042,-0.0119076010337975));
#2411=CARTESIAN_POINT('',(0.03225,0.00570703618087535,-0.0130506843893406));
#2412=CARTESIAN_POINT('',(0.03225,0.00607242495516982,-0.0129663277439617));
#2413=CARTESIAN_POINT('',(0.03225,0.00534164740658089,-0.0131350410347196));
#2414=CARTESIAN_POINT('',(0.03225,0.00607242495516982,-0.0129663277439617));
#2415=CARTESIAN_POINT('',(0.03225,0.00657825144941488,-0.0118232443884186));
#2416=CARTESIAN_POINT('',(0.03225,0.00657825144941488,-0.0118232443884186));
#2417=CARTESIAN_POINT('',(0.03225,0.00621286267512042,-0.0119076010337975));
#2418=CARTESIAN_POINT('',(0.03225,0.00511669635223703,-0.0121606709699344));
#2419=CARTESIAN_POINT('',(0.03225,0.00511669635223703,-0.0121606709699344));
#2420=CARTESIAN_POINT('',(0.033375,0.00511669635223703,-0.0121606709699344));
#2421=CARTESIAN_POINT('',(0.033,0.00534164740658089,-0.0131350410347196));
#2422=CARTESIAN_POINT('',(0.033,0.00534164740658089,-0.0131350410347196));
#2423=CARTESIAN_POINT('',(0.032625,0.00534164740658089,-0.0131350410347196));
#2424=CARTESIAN_POINT('',(0.033375,0.00511669635223703,-0.0121606709699344));
#2425=CARTESIAN_POINT('',(0.03375,0.00511669635223703,-0.0121606709699344));
#2426=CARTESIAN_POINT('',(0.03375,0.00511669635223703,-0.0121606709699344));
#2427=CARTESIAN_POINT('',(0.04525,-0.000364135262179922,-0.0134260206506186));
#2428=CARTESIAN_POINT('',(0.04525,0.000591593340752871,-0.0142316774246459));
#2429=CARTESIAN_POINT('',(0.04525,0.000226204566458405,-0.0143160340700249));
#2430=CARTESIAN_POINT('',(0.04525,0.000956982115047336,-0.014147320779267));
#2431=CARTESIAN_POINT('',(0.04525,0.000226204566458405,-0.0143160340700249));
#2432=CARTESIAN_POINT('',(0.04525,-0.000729524036474383,-0.0135103772959975));
#2433=CARTESIAN_POINT('',(0.04525,-0.000729524036474383,-0.0135103772959975));
#2434=CARTESIAN_POINT('',(0.04525,-0.000364135262179922,-0.0134260206506186));
#2435=CARTESIAN_POINT('',(0.04525,0.000732031060703471,-0.0131729507144817));
#2436=CARTESIAN_POINT('',(0.04525,0.000732031060703471,-0.0131729507144817));
#2437=CARTESIAN_POINT('',(0.04525,0.00621286267512042,-0.0119076010337975));
#2438=CARTESIAN_POINT('',(0.04525,0.00607242495516982,-0.0129663277439617));
#2439=CARTESIAN_POINT('',(0.04525,0.00607242495516982,-0.0129663277439617));
#2440=CARTESIAN_POINT('',(0.04525,0.00570703618087535,-0.0130506843893406));
#2441=CARTESIAN_POINT('',(0.04525,0.00534164740658089,-0.0131350410347196));
#2442=CARTESIAN_POINT('',(0.04525,0.00511669635223702,-0.0121606709699344));
#2443=CARTESIAN_POINT('',(0.04525,0.00511669635223702,-0.0121606709699344));
#2444=CARTESIAN_POINT('',(0.04525,0.00621286267512042,-0.0119076010337975));
#2445=CARTESIAN_POINT('',(0.04525,0.00657825144941488,-0.0118232443884186));
#2446=CARTESIAN_POINT('',(0.04525,0.00657825144941488,-0.0118232443884186));
#2447=CARTESIAN_POINT('',(0.050875,0.000732031060703471,-0.0131729507144817));
#2448=CARTESIAN_POINT('',(0.050125,0.000956982115047336,-0.014147320779267));
#2449=CARTESIAN_POINT('',(0.0505,0.000956982115047336,-0.014147320779267));
#2450=CARTESIAN_POINT('',(0.04975,0.000956982115047336,-0.014147320779267));
#2451=CARTESIAN_POINT('',(0.0505,0.000956982115047336,-0.014147320779267));
#2452=CARTESIAN_POINT('',(0.05125,0.00073203106070347,-0.0131729507144818));
#2453=CARTESIAN_POINT('',(0.05125,0.00073203106070347,-0.0131729507144818));
#2454=CARTESIAN_POINT('',(0.050875,0.000732031060703471,-0.0131729507144817));
#2455=CARTESIAN_POINT('',(0.04975,0.000732031060703471,-0.0131729507144817));
#2456=CARTESIAN_POINT('',(0.04975,0.000732031060703471,-0.0131729507144817));
#2457=CARTESIAN_POINT('',(0.04975,-0.000364135262179922,-0.0134260206506186));
#2458=CARTESIAN_POINT('',(0.04975,0.000226204566458405,-0.0143160340700249));
#2459=CARTESIAN_POINT('',(0.04975,0.000226204566458405,-0.0143160340700249));
#2460=CARTESIAN_POINT('',(0.04975,0.00059159334075287,-0.0142316774246459));
#2461=CARTESIAN_POINT('',(0.04975,-0.000364135262179922,-0.0134260206506186));
#2462=CARTESIAN_POINT('',(0.04975,-0.000729524036474384,-0.0135103772959975));
#2463=CARTESIAN_POINT('',(0.04975,-0.000729524036474384,-0.0135103772959975));
#2464=CARTESIAN_POINT('',(0.06275,-0.000364135262179922,-0.0134260206506186));
#2465=CARTESIAN_POINT('',(0.06275,0.000591593340752871,-0.0142316774246459));
#2466=CARTESIAN_POINT('',(0.06275,0.000226204566458405,-0.0143160340700249));
#2467=CARTESIAN_POINT('',(0.06275,0.000956982115047336,-0.014147320779267));
#2468=CARTESIAN_POINT('',(0.06275,0.000226204566458405,-0.0143160340700249));
#2469=CARTESIAN_POINT('',(0.06275,-0.000729524036474383,-0.0135103772959975));
#2470=CARTESIAN_POINT('',(0.06275,-0.000729524036474383,-0.0135103772959975));
#2471=CARTESIAN_POINT('',(0.06275,-0.000364135262179922,-0.0134260206506186));
#2472=CARTESIAN_POINT('',(0.06275,0.000732031060703471,-0.0131729507144817));
#2473=CARTESIAN_POINT('',(0.06275,0.000732031060703471,-0.0131729507144817));
#2474=CARTESIAN_POINT('',(0.06275,0.00621286267512042,-0.0119076010337975));
#2475=CARTESIAN_POINT('',(0.06275,0.00607242495516982,-0.0129663277439617));
#2476=CARTESIAN_POINT('',(0.06275,0.00607242495516982,-0.0129663277439617));
#2477=CARTESIAN_POINT('',(0.06275,0.00570703618087535,-0.0130506843893406));
#2478=CARTESIAN_POINT('',(0.06275,0.00534164740658089,-0.0131350410347196));
#2479=CARTESIAN_POINT('',(0.06275,0.00511669635223702,-0.0121606709699344));
#2480=CARTESIAN_POINT('',(0.06275,0.00511669635223702,-0.0121606709699344));
#2481=CARTESIAN_POINT('',(0.06275,0.00621286267512042,-0.0119076010337975));
#2482=CARTESIAN_POINT('',(0.06275,0.00657825144941488,-0.0118232443884186));
#2483=CARTESIAN_POINT('',(0.06275,0.00657825144941488,-0.0118232443884186));
#2484=CARTESIAN_POINT('',(0.068375,0.000732031060703471,-0.0131729507144817));
#2485=CARTESIAN_POINT('',(0.067625,0.000956982115047336,-0.014147320779267));
#2486=CARTESIAN_POINT('',(0.068,0.000956982115047336,-0.014147320779267));
#2487=CARTESIAN_POINT('',(0.06725,0.000956982115047336,-0.014147320779267));
#2488=CARTESIAN_POINT('',(0.068,0.000956982115047336,-0.014147320779267));
#2489=CARTESIAN_POINT('',(0.06875,0.00073203106070347,-0.0131729507144818));
#2490=CARTESIAN_POINT('',(0.06875,0.00073203106070347,-0.0131729507144818));
#2491=CARTESIAN_POINT('',(0.068375,0.000732031060703471,-0.0131729507144817));
#2492=CARTESIAN_POINT('',(0.06725,0.000732031060703471,-0.0131729507144817));
#2493=CARTESIAN_POINT('',(0.06725,0.000732031060703471,-0.0131729507144817));
#2494=CARTESIAN_POINT('',(0.06725,-0.000364135262179922,-0.0134260206506186));
#2495=CARTESIAN_POINT('',(0.06725,0.000226204566458405,-0.0143160340700249));
#2496=CARTESIAN_POINT('',(0.06725,0.000226204566458405,-0.0143160340700249));
#2497=CARTESIAN_POINT('',(0.06725,0.00059159334075287,-0.0142316774246459));
#2498=CARTESIAN_POINT('',(0.06725,-0.000364135262179922,-0.0134260206506186));
#2499=CARTESIAN_POINT('',(0.06725,-0.000729524036474384,-0.0135103772959975));
#2500=CARTESIAN_POINT('',(0.06725,-0.000729524036474384,-0.0135103772959975));
#2501=CARTESIAN_POINT('',(0.033375,0.000732031060703471,-0.0131729507144817));
#2502=CARTESIAN_POINT('',(0.032625,0.000956982115047336,-0.014147320779267));
#2503=CARTESIAN_POINT('',(0.033,0.000956982115047336,-0.014147320779267));
#2504=CARTESIAN_POINT('',(0.03225,0.000956982115047336,-0.014147320779267));
#2505=CARTESIAN_POINT('',(0.033,0.000956982115047336,-0.014147320779267));
#2506=CARTESIAN_POINT('',(0.03375,0.00073203106070347,-0.0131729507144818));
#2507=CARTESIAN_POINT('',(0.03375,0.00073203106070347,-0.0131729507144818));
#2508=CARTESIAN_POINT('',(0.033375,0.000732031060703471,-0.0131729507144817));
#2509=CARTESIAN_POINT('',(0.03225,0.000732031060703471,-0.0131729507144817));
#2510=CARTESIAN_POINT('',(0.03225,0.000732031060703471,-0.0131729507144817));
#2511=CARTESIAN_POINT('',(0.03225,-0.000364135262179922,-0.0134260206506186));
#2512=CARTESIAN_POINT('',(0.03225,0.000226204566458405,-0.0143160340700249));
#2513=CARTESIAN_POINT('',(0.03225,0.000226204566458405,-0.0143160340700249));
#2514=CARTESIAN_POINT('',(0.03225,0.00059159334075287,-0.0142316774246459));
#2515=CARTESIAN_POINT('',(0.03225,-0.000364135262179922,-0.0134260206506186));
#2516=CARTESIAN_POINT('',(0.03225,-0.000729524036474384,-0.0135103772959975));
#2517=CARTESIAN_POINT('',(0.03225,-0.000729524036474384,-0.0135103772959975));
#2518=CARTESIAN_POINT('',(0.02775,0.00621286267512042,-0.0119076010337975));
#2519=CARTESIAN_POINT('',(0.02775,0.00607242495516982,-0.0129663277439617));
#2520=CARTESIAN_POINT('',(0.02775,0.00607242495516982,-0.0129663277439617));
#2521=CARTESIAN_POINT('',(0.02775,0.00570703618087535,-0.0130506843893406));
#2522=CARTESIAN_POINT('',(0.02775,0.00534164740658089,-0.0131350410347196));
#2523=CARTESIAN_POINT('',(0.02775,0.00511669635223702,-0.0121606709699344));
#2524=CARTESIAN_POINT('',(0.02775,0.00511669635223702,-0.0121606709699344));
#2525=CARTESIAN_POINT('',(0.02775,0.00621286267512042,-0.0119076010337975));
#2526=CARTESIAN_POINT('',(0.02775,0.00657825144941488,-0.0118232443884186));
#2527=CARTESIAN_POINT('',(0.02775,0.00657825144941488,-0.0118232443884186));
#2528=CARTESIAN_POINT('',(0.02775,-0.000364135262179922,-0.0134260206506186));
#2529=CARTESIAN_POINT('',(0.02775,0.000591593340752871,-0.0142316774246459));
#2530=CARTESIAN_POINT('',(0.02775,0.000226204566458405,-0.0143160340700249));
#2531=CARTESIAN_POINT('',(0.02775,0.000956982115047336,-0.014147320779267));
#2532=CARTESIAN_POINT('',(0.02775,0.000226204566458405,-0.0143160340700249));
#2533=CARTESIAN_POINT('',(0.02775,-0.000729524036474383,-0.0135103772959975));
#2534=CARTESIAN_POINT('',(0.02775,-0.000729524036474383,-0.0135103772959975));
#2535=CARTESIAN_POINT('',(0.02775,-0.000364135262179922,-0.0134260206506186));
#2536=CARTESIAN_POINT('',(0.02775,0.000732031060703471,-0.0131729507144817));
#2537=CARTESIAN_POINT('',(0.02775,0.000732031060703471,-0.0131729507144817));
#2538=CARTESIAN_POINT('',(0.05125,0.00584747390082595,-0.0119919576791765));
#2539=CARTESIAN_POINT('',(0.05125,0.00584747390082595,-0.0119919576791765));
#2540=CARTESIAN_POINT('',(0.05125,0.00657825144941488,-0.0118232443884186));
#2541=CARTESIAN_POINT('',(0.05125,0.00657825144941488,-0.0118232443884186));
#2542=CARTESIAN_POINT('',(0.06875,0.00584747390082595,-0.0119919576791765));
#2543=CARTESIAN_POINT('',(0.06875,0.00584747390082595,-0.0119919576791765));
#2544=CARTESIAN_POINT('',(0.06875,0.00657825144941488,-0.0118232443884186));
#2545=CARTESIAN_POINT('',(0.06875,0.00657825144941488,-0.0118232443884186));
#2546=CARTESIAN_POINT('',(0.0475,-0.00292185668224117,-0.0140165171682712));
#2547=CARTESIAN_POINT('',(0.0705,-0.00292185668224118,-0.0140165171682712));
#2548=CARTESIAN_POINT('',(0.0705,-0.00292185668224118,-0.0140165171682712));
#2549=CARTESIAN_POINT('',(0.0475,-0.00292185668224117,-0.0140165171682712));
#2550=CARTESIAN_POINT('',(0.0245,-0.00292185668224116,-0.0140165171682712));
#2551=CARTESIAN_POINT('',(0.0245,-0.00292185668224116,-0.0140165171682712));
#2552=CARTESIAN_POINT('',(0.0245,-0.00097311655267069,-0.0135666150595835));
#2553=CARTESIAN_POINT('',(0.0245,-0.00097311655267069,-0.0135666150595835));
#2554=CARTESIAN_POINT('',(0.0225,-0.00097311655267069,-0.0135666150595835));
#2555=CARTESIAN_POINT('',(0.0225,-0.00097311655267069,-0.0135666150595835));
#2556=CARTESIAN_POINT('',(0.0225,0.00292436370647025,-0.0126668108422081));
#2557=CARTESIAN_POINT('',(0.0225,0.00292436370647025,-0.0126668108422081));
#2558=CARTESIAN_POINT('',(0.0225,0.00682184396561119,-0.0117670066248326));
#2559=CARTESIAN_POINT('',(0.0225,0.00682184396561119,-0.0117670066248326));
#2560=CARTESIAN_POINT('',(0.0245,0.00682184396561119,-0.0117670066248326));
#2561=CARTESIAN_POINT('',(0.0245,0.00682184396561119,-0.0117670066248326));
#2562=CARTESIAN_POINT('',(0.0245,0.00877058409518166,-0.0113171045161449));
#2563=CARTESIAN_POINT('',(0.0245,0.00877058409518166,-0.0113171045161449));
#2564=CARTESIAN_POINT('',(0.0475,0.00877058409518166,-0.0113171045161449));
#2565=CARTESIAN_POINT('',(0.0475,0.00877058409518166,-0.0113171045161449));
#2566=CARTESIAN_POINT('',(0.0705,0.00877058409518167,-0.0113171045161449));
#2567=CARTESIAN_POINT('',(0.0705,0.00877058409518167,-0.0113171045161449));
#2568=CARTESIAN_POINT('',(0.0705,0.00682184396561121,-0.0117670066248326));
#2569=CARTESIAN_POINT('',(0.0705,0.00682184396561121,-0.0117670066248326));
#2570=CARTESIAN_POINT('',(0.0725,0.00682184396561119,-0.0117670066248326));
#2571=CARTESIAN_POINT('',(0.0725,0.00682184396561119,-0.0117670066248326));
#2572=CARTESIAN_POINT('',(0.0725,0.00292436370647024,-0.0126668108422081));
#2573=CARTESIAN_POINT('',(0.0725,0.00292436370647024,-0.0126668108422081));
#2574=CARTESIAN_POINT('',(0.0725,-0.000973116552670696,-0.0135666150595835));
#2575=CARTESIAN_POINT('',(0.0725,-0.000973116552670696,-0.0135666150595835));
#2576=CARTESIAN_POINT('',(0.03375,0.00584747390082595,-0.0119919576791765));
#2577=CARTESIAN_POINT('',(0.03375,0.00584747390082595,-0.0119919576791765));
#2578=CARTESIAN_POINT('',(0.03375,0.00657825144941488,-0.0118232443884186));
#2579=CARTESIAN_POINT('',(0.03375,0.00657825144941488,-0.0118232443884186));
#2580=CARTESIAN_POINT('',(0.044125,0.000732031060703471,-0.0131729507144817));
#2581=CARTESIAN_POINT('',(0.0445,0.000956982115047336,-0.014147320779267));
#2582=CARTESIAN_POINT('',(0.0445,0.000956982115047336,-0.014147320779267));
#2583=CARTESIAN_POINT('',(0.044875,0.000956982115047336,-0.014147320779267));
#2584=CARTESIAN_POINT('',(0.044125,0.000732031060703471,-0.0131729507144817));
#2585=CARTESIAN_POINT('',(0.04375,0.000732031060703472,-0.0131729507144817));
#2586=CARTESIAN_POINT('',(0.04375,0.000732031060703472,-0.0131729507144817));
#2587=CARTESIAN_POINT('',(0.04375,1.25351211454429E-6,-0.0133416640052396));
#2588=CARTESIAN_POINT('',(0.04375,1.25351211454429E-6,-0.0133416640052396));
#2589=CARTESIAN_POINT('',(0.04375,-0.000729524036474384,-0.0135103772959975));
#2590=CARTESIAN_POINT('',(0.04375,-0.000729524036474384,-0.0135103772959975));
#2591=CARTESIAN_POINT('',(0.044125,0.00511669635223702,-0.0121606709699344));
#2592=CARTESIAN_POINT('',(0.044875,0.00534164740658089,-0.0131350410347196));
#2593=CARTESIAN_POINT('',(0.0445,0.00534164740658089,-0.0131350410347196));
#2594=CARTESIAN_POINT('',(0.0445,0.00534164740658089,-0.0131350410347196));
#2595=CARTESIAN_POINT('',(0.04375,0.00511669635223703,-0.0121606709699344));
#2596=CARTESIAN_POINT('',(0.04375,0.00511669635223703,-0.0121606709699344));
#2597=CARTESIAN_POINT('',(0.044125,0.00511669635223702,-0.0121606709699344));
#2598=CARTESIAN_POINT('',(0.0445,0.00657825144941488,-0.0118232443884186));
#2599=CARTESIAN_POINT('',(0.0445,0.00657825144941488,-0.0118232443884186));
#2600=CARTESIAN_POINT('',(0.04375,0.00657825144941488,-0.0118232443884186));
#2601=CARTESIAN_POINT('',(0.04375,0.00657825144941488,-0.0118232443884186));
#2602=CARTESIAN_POINT('',(0.0505,-0.000729524036474384,-0.0135103772959975));
#2603=CARTESIAN_POINT('',(0.0505,-0.000729524036474384,-0.0135103772959975));
#2604=CARTESIAN_POINT('',(0.05125,-0.000729524036474384,-0.0135103772959975));
#2605=CARTESIAN_POINT('',(0.05125,-0.000729524036474384,-0.0135103772959975));
#2606=CARTESIAN_POINT('',(0.061625,0.000732031060703471,-0.0131729507144817));
#2607=CARTESIAN_POINT('',(0.062,0.000956982115047336,-0.014147320779267));
#2608=CARTESIAN_POINT('',(0.062,0.000956982115047336,-0.014147320779267));
#2609=CARTESIAN_POINT('',(0.062375,0.000956982115047336,-0.014147320779267));
#2610=CARTESIAN_POINT('',(0.061625,0.000732031060703471,-0.0131729507144817));
#2611=CARTESIAN_POINT('',(0.06125,0.000732031060703472,-0.0131729507144817));
#2612=CARTESIAN_POINT('',(0.06125,0.000732031060703472,-0.0131729507144817));
#2613=CARTESIAN_POINT('',(0.06125,1.25351211454429E-6,-0.0133416640052396));
#2614=CARTESIAN_POINT('',(0.06125,1.25351211454429E-6,-0.0133416640052396));
#2615=CARTESIAN_POINT('',(0.06125,-0.000729524036474384,-0.0135103772959975));
#2616=CARTESIAN_POINT('',(0.06125,-0.000729524036474384,-0.0135103772959975));
#2617=CARTESIAN_POINT('',(0.061625,0.00511669635223702,-0.0121606709699344));
#2618=CARTESIAN_POINT('',(0.062375,0.00534164740658089,-0.0131350410347196));
#2619=CARTESIAN_POINT('',(0.062,0.00534164740658089,-0.0131350410347196));
#2620=CARTESIAN_POINT('',(0.062,0.00534164740658089,-0.0131350410347196));
#2621=CARTESIAN_POINT('',(0.06125,0.00511669635223703,-0.0121606709699344));
#2622=CARTESIAN_POINT('',(0.06125,0.00511669635223703,-0.0121606709699344));
#2623=CARTESIAN_POINT('',(0.061625,0.00511669635223702,-0.0121606709699344));
#2624=CARTESIAN_POINT('',(0.062,0.00657825144941488,-0.0118232443884186));
#2625=CARTESIAN_POINT('',(0.062,0.00657825144941488,-0.0118232443884186));
#2626=CARTESIAN_POINT('',(0.06125,0.00657825144941488,-0.0118232443884186));
#2627=CARTESIAN_POINT('',(0.06125,0.00657825144941488,-0.0118232443884186));
#2628=CARTESIAN_POINT('',(0.068,-0.000729524036474384,-0.0135103772959975));
#2629=CARTESIAN_POINT('',(0.068,-0.000729524036474384,-0.0135103772959975));
#2630=CARTESIAN_POINT('',(0.06875,-0.000729524036474384,-0.0135103772959975));
#2631=CARTESIAN_POINT('',(0.06875,-0.000729524036474384,-0.0135103772959975));
#2632=CARTESIAN_POINT('',(0.033,-0.000729524036474384,-0.0135103772959975));
#2633=CARTESIAN_POINT('',(0.033,-0.000729524036474384,-0.0135103772959975));
#2634=CARTESIAN_POINT('',(0.03375,-0.000729524036474384,-0.0135103772959975));
#2635=CARTESIAN_POINT('',(0.03375,-0.000729524036474384,-0.0135103772959975));
#2636=CARTESIAN_POINT('',(0.026625,0.00511669635223702,-0.0121606709699344));
#2637=CARTESIAN_POINT('',(0.027375,0.00534164740658089,-0.0131350410347196));
#2638=CARTESIAN_POINT('',(0.027,0.00534164740658089,-0.0131350410347196));
#2639=CARTESIAN_POINT('',(0.027,0.00534164740658089,-0.0131350410347196));
#2640=CARTESIAN_POINT('',(0.02625,0.00511669635223703,-0.0121606709699344));
#2641=CARTESIAN_POINT('',(0.02625,0.00511669635223703,-0.0121606709699344));
#2642=CARTESIAN_POINT('',(0.026625,0.00511669635223702,-0.0121606709699344));
#2643=CARTESIAN_POINT('',(0.027,0.00657825144941488,-0.0118232443884186));
#2644=CARTESIAN_POINT('',(0.027,0.00657825144941488,-0.0118232443884186));
#2645=CARTESIAN_POINT('',(0.02625,0.00657825144941488,-0.0118232443884186));
#2646=CARTESIAN_POINT('',(0.02625,0.00657825144941488,-0.0118232443884186));
#2647=CARTESIAN_POINT('',(0.026625,0.000732031060703471,-0.0131729507144817));
#2648=CARTESIAN_POINT('',(0.027,0.000956982115047336,-0.014147320779267));
#2649=CARTESIAN_POINT('',(0.027,0.000956982115047336,-0.014147320779267));
#2650=CARTESIAN_POINT('',(0.027375,0.000956982115047336,-0.014147320779267));
#2651=CARTESIAN_POINT('',(0.026625,0.000732031060703471,-0.0131729507144817));
#2652=CARTESIAN_POINT('',(0.02625,0.000732031060703471,-0.0131729507144817));
#2653=CARTESIAN_POINT('',(0.02625,0.000732031060703471,-0.0131729507144817));
#2654=CARTESIAN_POINT('',(0.02625,1.25351211454429E-6,-0.0133416640052396));
#2655=CARTESIAN_POINT('',(0.02625,1.25351211454429E-6,-0.0133416640052396));
#2656=CARTESIAN_POINT('',(0.02625,-0.000729524036474384,-0.0135103772959975));
#2657=CARTESIAN_POINT('',(0.02625,-0.000729524036474384,-0.0135103772959975));
#2658=CARTESIAN_POINT('',(0.068,0.00657825144941488,-0.0118232443884186));
#2659=CARTESIAN_POINT('',(0.068,0.00657825144941488,-0.0118232443884186));
#2660=CARTESIAN_POINT('',(0.07,0.00292436370647024,-0.0126668108422081));
#2661=CARTESIAN_POINT('',(0.07,0.00292436370647024,-0.0126668108422081));
#2662=CARTESIAN_POINT('',(0.07,0.0043859188036481,-0.0123293842606923));
#2663=CARTESIAN_POINT('',(0.025,0.00292436370647024,-0.0126668108422081));
#2664=CARTESIAN_POINT('',(0.025,0.00292436370647024,-0.0126668108422081));
#2665=CARTESIAN_POINT('',(0.025,0.0043859188036481,-0.0123293842606923));
#2666=CARTESIAN_POINT('',(0.0705,-0.000973116552670717,-0.0135666150595835));
#2667=CARTESIAN_POINT('',(0.0705,-0.000973116552670717,-0.0135666150595835));
#2668=CARTESIAN_POINT('',(0.033,0.00657825144941488,-0.0118232443884186));
#2669=CARTESIAN_POINT('',(0.033,0.00657825144941488,-0.0118232443884186));
#2670=CARTESIAN_POINT('',(0.0445,-0.000729524036474384,-0.0135103772959975));
#2671=CARTESIAN_POINT('',(0.0445,-0.000729524036474384,-0.0135103772959975));
#2672=CARTESIAN_POINT('',(0.04375,0.00584747390082595,-0.0119919576791765));
#2673=CARTESIAN_POINT('',(0.04375,0.00584747390082595,-0.0119919576791765));
#2674=CARTESIAN_POINT('',(0.05125,1.2535121145431E-6,-0.0133416640052396));
#2675=CARTESIAN_POINT('',(0.05125,1.2535121145431E-6,-0.0133416640052396));
#2676=CARTESIAN_POINT('',(0.062,-0.000729524036474384,-0.0135103772959975));
#2677=CARTESIAN_POINT('',(0.062,-0.000729524036474384,-0.0135103772959975));
#2678=CARTESIAN_POINT('',(0.06125,0.00584747390082595,-0.0119919576791765));
#2679=CARTESIAN_POINT('',(0.06125,0.00584747390082595,-0.0119919576791765));
#2680=CARTESIAN_POINT('',(0.06875,1.2535121145431E-6,-0.0133416640052396));
#2681=CARTESIAN_POINT('',(0.06875,1.2535121145431E-6,-0.0133416640052396));
#2682=CARTESIAN_POINT('',(0.03375,1.2535121145431E-6,-0.0133416640052396));
#2683=CARTESIAN_POINT('',(0.03375,1.2535121145431E-6,-0.0133416640052396));
#2684=CARTESIAN_POINT('',(0.02625,0.00584747390082595,-0.0119919576791765));
#2685=CARTESIAN_POINT('',(0.02625,0.00584747390082595,-0.0119919576791765));
#2686=CARTESIAN_POINT('',(0.027,-0.000729524036474384,-0.0135103772959975));
#2687=CARTESIAN_POINT('',(0.027,-0.000729524036474384,-0.0135103772959975));
#2688=CARTESIAN_POINT('',(0.0505,0.00657825144941488,-0.0118232443884186));
#2689=CARTESIAN_POINT('',(0.0505,0.00657825144941488,-0.0118232443884186));
#2690=CARTESIAN_POINT('',(0.03625,0.00292436370647024,-0.0126668108422081));
#2691=CARTESIAN_POINT('',(0.03,0.00607242495516982,-0.0129663277439617));
#2692=CARTESIAN_POINT('',(0.03,0.00607242495516982,-0.0129663277439617));
#2693=CARTESIAN_POINT('',(0.033,0.00314931476081411,-0.0136411809069933));
#2694=CARTESIAN_POINT('',(0.033,0.00314931476081411,-0.0136411809069933));
#2695=CARTESIAN_POINT('',(0.03,0.000226204566458405,-0.0143160340700249));
#2696=CARTESIAN_POINT('',(0.03,0.000226204566458405,-0.0143160340700249));
#2697=CARTESIAN_POINT('',(0.027,0.00314931476081411,-0.0136411809069933));
#2698=CARTESIAN_POINT('',(0.027,0.00314931476081411,-0.0136411809069933));
#2699=CARTESIAN_POINT('',(0.03625,0.0031493147608141,-0.0136411809069933));
#2700=CARTESIAN_POINT('',(0.068,0.00314931476081411,-0.0136411809069933));
#2701=CARTESIAN_POINT('',(0.068,0.00314931476081411,-0.0136411809069933));
#2702=CARTESIAN_POINT('',(0.065,0.000226204566458405,-0.0143160340700249));
#2703=CARTESIAN_POINT('',(0.065,0.000226204566458405,-0.0143160340700249));
#2704=CARTESIAN_POINT('',(0.062,0.00314931476081411,-0.0136411809069933));
#2705=CARTESIAN_POINT('',(0.062,0.00314931476081411,-0.0136411809069933));
#2706=CARTESIAN_POINT('',(0.065,0.00607242495516982,-0.0129663277439617));
#2707=CARTESIAN_POINT('',(0.065,0.00607242495516982,-0.0129663277439617));
#2708=CARTESIAN_POINT('',(0.03625,0.0031493147608141,-0.0136411809069933));
#2709=CARTESIAN_POINT('',(0.0505,0.00314931476081411,-0.0136411809069933));
#2710=CARTESIAN_POINT('',(0.0505,0.00314931476081411,-0.0136411809069933));
#2711=CARTESIAN_POINT('',(0.0475,0.000226204566458405,-0.0143160340700249));
#2712=CARTESIAN_POINT('',(0.0475,0.000226204566458405,-0.0143160340700249));
#2713=CARTESIAN_POINT('',(0.0445,0.00314931476081411,-0.0136411809069933));
#2714=CARTESIAN_POINT('',(0.0445,0.00314931476081411,-0.0136411809069933));
#2715=CARTESIAN_POINT('',(0.0475,0.00607242495516982,-0.0129663277439617));
#2716=CARTESIAN_POINT('',(0.0475,0.00607242495516982,-0.0129663277439617));
#2717=CARTESIAN_POINT('',(0.03625,0.0031493147608141,-0.0136411809069933));
#2718=MECHANICAL_DESIGN_GEOMETRIC_PRESENTATION_REPRESENTATION('',(#1727),
#2719);
#2719=(
GEOMETRIC_REPRESENTATION_CONTEXT(3)
GLOBAL_UNCERTAINTY_ASSIGNED_CONTEXT((#2720))
GLOBAL_UNIT_ASSIGNED_CONTEXT((#2723,#2722,#2721))
REPRESENTATION_CONTEXT('Part 15','TOP_LEVEL_ASSEMBLY_PART')
);
#2720=UNCERTAINTY_MEASURE_WITH_UNIT(LENGTH_MEASURE(1.E-8),#2723,
'DISTANCE_ACCURACY_VALUE','Maximum Tolerance applied to model');
#2721=(
NAMED_UNIT(*)
SI_UNIT($,.STERADIAN.)
SOLID_ANGLE_UNIT()
);
#2722=(
NAMED_UNIT(*)
PLANE_ANGLE_UNIT()
SI_UNIT($,.RADIAN.)
);
#2723=(
LENGTH_UNIT()
NAMED_UNIT(*)
SI_UNIT($,.METRE.)
);
#2724=PRODUCT_DEFINITION_SHAPE('','',#2725);
#2725=PRODUCT_DEFINITION('','',#2727,#2726);
#2726=PRODUCT_DEFINITION_CONTEXT('',#2733,'design');
#2727=PRODUCT_DEFINITION_FORMATION_WITH_SPECIFIED_SOURCE('','',#2729,
 .NOT_KNOWN.);
#2728=PRODUCT_RELATED_PRODUCT_CATEGORY('','',(#2729));
#2729=PRODUCT('Part 15','Part 15','Part 15',(#2731));
#2730=PRODUCT_CATEGORY('','');
#2731=PRODUCT_CONTEXT('',#2733,'mechanical');
#2732=APPLICATION_PROTOCOL_DEFINITION('international standard',
'ap242_managed_model_based_3d_engineering',2011,#2733);
#2733=APPLICATION_CONTEXT('managed model based 3d engineering');
ENDSEC;
END-ISO-10303-21;
