ISO-10303-21;
HEADER;
/* Generated by software containing ST-Developer
 * from STEP Tools, Inc. (www.steptools.com) 
 */

FILE_DESCRIPTION(
/* description */ (''),
/* implementation_level */ '2;1');

FILE_NAME(
/* name */ 
'46668 Ball Bearing, 608, 8 mm ID  22 mm OD  7 mm, Open.step',
/* time_stamp */ '2025-05-26T22:20:44-07:00',
/* author */ (''),
/* organization */ (''),
/* preprocessor_version */ 'ST-DEVELOPER v20.1',
/* originating_system */ 'Autodesk Translation Framework v14.10.0.0',
/* authorisation */ '');

FILE_SCHEMA (('AUTOMOTIVE_DESIGN { 1 0 10303 214 3 1 1 }'));
ENDSEC;

DATA;
#10=MECHANICAL_DESIGN_GEOMETRIC_PRESENTATION_REPRESENTATION('',(#115,#116,
#117,#118,#119,#120,#121,#122,#123,#124),#3992);
#11=ITEM_DEFINED_TRANSFORMATION($,$,#2018,#2353);
#12=(
REPRESENTATION_RELATIONSHIP($,$,#4003,#4002)
REPRESENTATION_RELATIONSHIP_WITH_TRANSFORMATION(#11)
SHAPE_REPRESENTATION_RELATIONSHIP()
);
#13=CONTEXT_DEPENDENT_SHAPE_REPRESENTATION(#12,#4001);
#14=NEXT_ASSEMBLY_USAGE_OCCURRENCE('5972K91_Ball Bearing:1',
'5972K91_Ball Bearing:1','5972K91_Ball Bearing:1',#4005,#4006,
'5972K91_Ball Bearing:1');
#15=SHAPE_REPRESENTATION_RELATIONSHIP('SRR','None',#4003,#16);
#16=ADVANCED_BREP_SHAPE_REPRESENTATION('',(#125,#126,#127,#128,#129,#130,
#131,#132,#133,#134),#3991);
#17=ELLIPSE('',#2111,0.850911130934495,0.831547070772701);
#18=ELLIPSE('',#2112,0.850911130903716,0.831547070757777);
#19=ELLIPSE('',#2127,0.850911130931715,0.831547070771377);
#20=ELLIPSE('',#2128,0.850911130902011,0.831547070756965);
#21=ELLIPSE('',#2143,0.846449578468497,0.829289673447775);
#22=ELLIPSE('',#2144,0.846449578466332,0.829289673446612);
#23=ELLIPSE('',#2145,0.850911130929613,0.831547070770353);
#24=ELLIPSE('',#2146,0.85091113090462,0.831547070758213);
#25=ELLIPSE('',#2161,0.850911130930651,0.831547070770859);
#26=ELLIPSE('',#2162,0.850911130901661,0.831547070756792);
#27=ELLIPSE('',#2177,0.856832965207981,0.834381985267425);
#28=ELLIPSE('',#2178,0.856832965211623,0.834381985269174);
#29=ELLIPSE('',#2179,0.850911130928277,0.831547070769722);
#30=ELLIPSE('',#2180,0.850911130901563,0.83154707075673);
#31=ELLIPSE('',#2195,0.854215458145807,0.83312667504532);
#32=ELLIPSE('',#2196,0.854215456535957,0.833126674225286);
#33=ELLIPSE('',#2197,0.850911130939678,0.831547070775211);
#34=ELLIPSE('',#2198,0.850911130902241,0.831547070757078);
#35=ELLIPSE('',#2223,0.850178443557905,0.831145165417512);
#36=ELLIPSE('',#2224,0.850178443559107,0.831145165418095);
#37=ELLIPSE('',#2225,0.850911130933311,0.831547070772149);
#38=ELLIPSE('',#2226,0.850911130903066,0.831547070757475);
#39=B_SPLINE_CURVE_WITH_KNOTS('',3,(#3204,#3205,#3206,#3207,#3208,#3209),
 .UNSPECIFIED.,.F.,.F.,(4,2,4),(-0.845761223452965,-0.81620391097001,-0.800881623655305),
 .UNSPECIFIED.);
#40=B_SPLINE_CURVE_WITH_KNOTS('',3,(#3211,#3212,#3213,#3214,#3215,#3216),
 .UNSPECIFIED.,.F.,.F.,(4,2,4),(0.649312203666858,0.690573964144748,0.767400686445932),
 .UNSPECIFIED.);
#41=B_SPLINE_CURVE_WITH_KNOTS('',3,(#3218,#3219,#3220,#3221,#3222,#3223),
 .UNSPECIFIED.,.F.,.F.,(4,2,4),(-0.845775361453424,-0.816203183516508,-0.800889645954112),
 .UNSPECIFIED.);
#42=B_SPLINE_CURVE_WITH_KNOTS('',3,(#3224,#3225,#3226,#3227,#3228,#3229),
 .UNSPECIFIED.,.F.,.F.,(4,2,4),(-0.753802952964669,-0.674427034454094,-0.635110547002772),
 .UNSPECIFIED.);
#43=B_SPLINE_CURVE_WITH_KNOTS('',3,(#3234,#3235,#3236,#3237,#3238,#3239,
#3240),.UNSPECIFIED.,.F.,.F.,(4,3,4),(-0.0593569991850613,0.,0.0592669329088176),
 .UNSPECIFIED.);
#44=B_SPLINE_CURVE_WITH_KNOTS('',3,(#3243,#3244,#3245,#3246,#3247,#3248,
#3249),.UNSPECIFIED.,.F.,.F.,(4,3,4),(1.35755594421432,1.41654277958336,
1.47560275828099),.UNSPECIFIED.);
#45=B_SPLINE_CURVE_WITH_KNOTS('',3,(#3255,#3256,#3257,#3258,#3259,#3260),
 .UNSPECIFIED.,.F.,.F.,(4,2,4),(0.502503187732863,0.559497178681531,0.616491169630199),
 .UNSPECIFIED.);
#46=B_SPLINE_CURVE_WITH_KNOTS('',3,(#3268,#3269,#3270,#3271,#3272,#3273),
 .UNSPECIFIED.,.F.,.F.,(4,2,4),(-0.6164911696302,-0.559497178681531,-0.502503187732863),
 .UNSPECIFIED.);
#47=B_SPLINE_CURVE_WITH_KNOTS('',3,(#3277,#3278,#3279,#3280,#3281,#3282),
 .UNSPECIFIED.,.F.,.F.,(4,2,4),(0.511269325666519,0.568143946624444,0.625018567582369),
 .UNSPECIFIED.);
#48=B_SPLINE_CURVE_WITH_KNOTS('',3,(#3286,#3287,#3288,#3289,#3290,#3291),
 .UNSPECIFIED.,.F.,.F.,(4,2,4),(-0.625018567582369,-0.568143946624444,-0.511269325666519),
 .UNSPECIFIED.);
#49=B_SPLINE_CURVE_WITH_KNOTS('',3,(#3304,#3305,#3306,#3307,#3308,#3309),
 .UNSPECIFIED.,.F.,.F.,(4,2,4),(-0.845775361453436,-0.816203183516506,-0.800889645954054),
 .UNSPECIFIED.);
#50=B_SPLINE_CURVE_WITH_KNOTS('',3,(#3311,#3312,#3313,#3314,#3315,#3316),
 .UNSPECIFIED.,.F.,.F.,(4,2,4),(0.649312203666825,0.690573964144751,0.767400686445971),
 .UNSPECIFIED.);
#51=B_SPLINE_CURVE_WITH_KNOTS('',3,(#3318,#3319,#3320,#3321,#3322,#3323),
 .UNSPECIFIED.,.F.,.F.,(4,2,4),(-0.845775361453438,-0.816203183516508,-0.800889645953844),
 .UNSPECIFIED.);
#52=B_SPLINE_CURVE_WITH_KNOTS('',3,(#3324,#3325,#3326,#3327,#3328,#3329),
 .UNSPECIFIED.,.F.,.F.,(4,2,4),(-0.753802952964721,-0.674427034454105,-0.635110547002745),
 .UNSPECIFIED.);
#53=B_SPLINE_CURVE_WITH_KNOTS('',3,(#3334,#3335,#3336,#3337,#3338,#3339,
#3340),.UNSPECIFIED.,.F.,.F.,(4,3,4),(-0.0593569991850612,0.,0.0592669329088171),
 .UNSPECIFIED.);
#54=B_SPLINE_CURVE_WITH_KNOTS('',3,(#3343,#3344,#3345,#3346,#3347,#3348,
#3349),.UNSPECIFIED.,.F.,.F.,(4,3,4),(1.35755594421432,1.41654277958336,
1.47560275828099),.UNSPECIFIED.);
#55=B_SPLINE_CURVE_WITH_KNOTS('',3,(#3355,#3356,#3357,#3358,#3359,#3360),
 .UNSPECIFIED.,.F.,.F.,(4,2,4),(0.502503187732862,0.559497178681531,0.616491169630199),
 .UNSPECIFIED.);
#56=B_SPLINE_CURVE_WITH_KNOTS('',3,(#3368,#3369,#3370,#3371,#3372,#3373),
 .UNSPECIFIED.,.F.,.F.,(4,2,4),(-0.616491169630199,-0.559497178681531,-0.502503187732862),
 .UNSPECIFIED.);
#57=B_SPLINE_CURVE_WITH_KNOTS('',3,(#3377,#3378,#3379,#3380,#3381,#3382),
 .UNSPECIFIED.,.F.,.F.,(4,2,4),(0.511269325666519,0.568143946624444,0.625018567582369),
 .UNSPECIFIED.);
#58=B_SPLINE_CURVE_WITH_KNOTS('',3,(#3386,#3387,#3388,#3389,#3390,#3391),
 .UNSPECIFIED.,.F.,.F.,(4,2,4),(-0.625018567582369,-0.568143946624444,-0.511269325666519),
 .UNSPECIFIED.);
#59=B_SPLINE_CURVE_WITH_KNOTS('',3,(#3406,#3407,#3408,#3409,#3410,#3411,
#3412),.UNSPECIFIED.,.F.,.F.,(4,3,4),(1.35755594421429,1.41654277958335,
1.47560275828101),.UNSPECIFIED.);
#60=B_SPLINE_CURVE_WITH_KNOTS('',3,(#3415,#3416,#3417,#3418,#3419,#3420,
#3421),.UNSPECIFIED.,.F.,.F.,(4,3,4),(-0.0593569991850569,0.,0.0592669329088127),
 .UNSPECIFIED.);
#61=B_SPLINE_CURVE_WITH_KNOTS('',3,(#3426,#3427,#3428,#3429,#3430,#3431),
 .UNSPECIFIED.,.F.,.F.,(4,2,4),(-0.753802952964683,-0.674427034454108,-0.635110547002786),
 .UNSPECIFIED.);
#62=B_SPLINE_CURVE_WITH_KNOTS('',3,(#3434,#3435,#3436,#3437,#3438,#3439),
 .UNSPECIFIED.,.F.,.F.,(4,2,4),(0.64931220366685,0.690573964144748,0.767400686445938),
 .UNSPECIFIED.);
#63=B_SPLINE_CURVE_WITH_KNOTS('',3,(#3445,#3446,#3447,#3448,#3449,#3450),
 .UNSPECIFIED.,.F.,.F.,(4,2,4),(0.502503187732863,0.559497178681531,0.6164911696302),
 .UNSPECIFIED.);
#64=B_SPLINE_CURVE_WITH_KNOTS('',3,(#3458,#3459,#3460,#3461,#3462,#3463),
 .UNSPECIFIED.,.F.,.F.,(4,2,4),(-0.6164911696302,-0.559497178681531,-0.502503187732863),
 .UNSPECIFIED.);
#65=B_SPLINE_CURVE_WITH_KNOTS('',3,(#3467,#3468,#3469,#3470,#3471,#3472),
 .UNSPECIFIED.,.F.,.F.,(4,2,4),(0.511269325666519,0.568143946624444,0.625018567582369),
 .UNSPECIFIED.);
#66=B_SPLINE_CURVE_WITH_KNOTS('',3,(#3476,#3477,#3478,#3479,#3480,#3481),
 .UNSPECIFIED.,.F.,.F.,(4,2,4),(-0.625018567582369,-0.568143946624444,-0.511269325666519),
 .UNSPECIFIED.);
#67=B_SPLINE_CURVE_WITH_KNOTS('',3,(#3494,#3495,#3496,#3497,#3498,#3499),
 .UNSPECIFIED.,.F.,.F.,(4,2,4),(-0.845775361453438,-0.816203183516506,-0.800889645954095),
 .UNSPECIFIED.);
#68=B_SPLINE_CURVE_WITH_KNOTS('',3,(#3501,#3502,#3503,#3504,#3505,#3506,
#3507),.UNSPECIFIED.,.F.,.F.,(4,3,4),(1.35755594421428,1.41654277958334,
1.47560275828101),.UNSPECIFIED.);
#69=B_SPLINE_CURVE_WITH_KNOTS('',3,(#3509,#3510,#3511,#3512,#3513,#3514),
 .UNSPECIFIED.,.F.,.F.,(4,2,4),(-0.845761223452982,-0.816203910970011,-0.800881623655233),
 .UNSPECIFIED.);
#70=B_SPLINE_CURVE_WITH_KNOTS('',3,(#3515,#3516,#3517,#3518,#3519,#3520,
#3521),.UNSPECIFIED.,.F.,.F.,(4,3,4),(-0.0593569991850703,0.,0.0592669329088256),
 .UNSPECIFIED.);
#71=B_SPLINE_CURVE_WITH_KNOTS('',3,(#3526,#3527,#3528,#3529,#3530,#3531),
 .UNSPECIFIED.,.F.,.F.,(4,2,4),(-0.753802952964646,-0.674427034454073,-0.635110547002752),
 .UNSPECIFIED.);
#72=B_SPLINE_CURVE_WITH_KNOTS('',3,(#3534,#3535,#3536,#3537,#3538,#3539),
 .UNSPECIFIED.,.F.,.F.,(4,2,4),(0.649312203666844,0.690573964144741,0.76740068644593),
 .UNSPECIFIED.);
#73=B_SPLINE_CURVE_WITH_KNOTS('',3,(#3545,#3546,#3547,#3548,#3549,#3550),
 .UNSPECIFIED.,.F.,.F.,(4,2,4),(0.502503187732863,0.559497178681531,0.6164911696302),
 .UNSPECIFIED.);
#74=B_SPLINE_CURVE_WITH_KNOTS('',3,(#3558,#3559,#3560,#3561,#3562,#3563),
 .UNSPECIFIED.,.F.,.F.,(4,2,4),(-0.6164911696302,-0.559497178681531,-0.502503187732863),
 .UNSPECIFIED.);
#75=B_SPLINE_CURVE_WITH_KNOTS('',3,(#3567,#3568,#3569,#3570,#3571,#3572),
 .UNSPECIFIED.,.F.,.F.,(4,2,4),(0.511269325666519,0.568143946624444,0.625018567582369),
 .UNSPECIFIED.);
#76=B_SPLINE_CURVE_WITH_KNOTS('',3,(#3576,#3577,#3578,#3579,#3580,#3581),
 .UNSPECIFIED.,.F.,.F.,(4,2,4),(-0.625018567582369,-0.568143946624444,-0.511269325666519),
 .UNSPECIFIED.);
#77=B_SPLINE_CURVE_WITH_KNOTS('',3,(#3596,#3597,#3598,#3599,#3600,#3601,
#3602),.UNSPECIFIED.,.F.,.F.,(4,3,4),(1.35755594421428,1.41654277958335,
1.47560275828102),.UNSPECIFIED.);
#78=B_SPLINE_CURVE_WITH_KNOTS('',3,(#3605,#3606,#3607,#3608,#3609,#3610,
#3611),.UNSPECIFIED.,.F.,.F.,(4,3,4),(-0.0593569991850607,0.,0.0592669329088162),
 .UNSPECIFIED.);
#79=B_SPLINE_CURVE_WITH_KNOTS('',3,(#3616,#3617,#3618,#3619,#3620,#3621),
 .UNSPECIFIED.,.F.,.F.,(4,2,4),(-0.753802952964681,-0.674427034454105,-0.635110547002782),
 .UNSPECIFIED.);
#80=B_SPLINE_CURVE_WITH_KNOTS('',3,(#3624,#3625,#3626,#3627,#3628,#3629),
 .UNSPECIFIED.,.F.,.F.,(4,2,4),(0.649312203666849,0.690573964144747,0.767400686445938),
 .UNSPECIFIED.);
#81=B_SPLINE_CURVE_WITH_KNOTS('',3,(#3635,#3636,#3637,#3638,#3639,#3640),
 .UNSPECIFIED.,.F.,.F.,(4,2,4),(0.502503187732863,0.559497178681531,0.616491169630199),
 .UNSPECIFIED.);
#82=B_SPLINE_CURVE_WITH_KNOTS('',3,(#3648,#3649,#3650,#3651,#3652,#3653),
 .UNSPECIFIED.,.F.,.F.,(4,2,4),(-0.6164911696302,-0.559497178681531,-0.502503187732863),
 .UNSPECIFIED.);
#83=B_SPLINE_CURVE_WITH_KNOTS('',3,(#3657,#3658,#3659,#3660,#3661,#3662),
 .UNSPECIFIED.,.F.,.F.,(4,2,4),(0.511269325666519,0.568143946624444,0.625018567582369),
 .UNSPECIFIED.);
#84=B_SPLINE_CURVE_WITH_KNOTS('',3,(#3666,#3667,#3668,#3669,#3670,#3671),
 .UNSPECIFIED.,.F.,.F.,(4,2,4),(-0.625018567582369,-0.568143946624444,-0.511269325666519),
 .UNSPECIFIED.);
#85=B_SPLINE_CURVE_WITH_KNOTS('',3,(#3684,#3685,#3686,#3687,#3688,#3689,
#3690),.UNSPECIFIED.,.F.,.F.,(4,3,4),(1.3295343568921,1.38880128979931,
1.44815828898437),.UNSPECIFIED.);
#86=B_SPLINE_CURVE_WITH_KNOTS('',3,(#3694,#3695,#3696,#3697,#3698,#3699,
#3700),.UNSPECIFIED.,.F.,.F.,(4,3,4),(-0.0590599786976057,0.,0.0589868353690623),
 .UNSPECIFIED.);
#87=B_SPLINE_CURVE_WITH_KNOTS('',3,(#3706,#3707,#3708,#3709,#3710,#3711),
 .UNSPECIFIED.,.F.,.F.,(4,2,4),(-0.753802952964674,-0.674427034454097,-0.635110547002775),
 .UNSPECIFIED.);
#88=B_SPLINE_CURVE_WITH_KNOTS('',3,(#3714,#3715,#3716,#3717,#3718,#3719),
 .UNSPECIFIED.,.F.,.F.,(4,2,4),(0.649312203666858,0.690573964144756,0.767400686445947),
 .UNSPECIFIED.);
#89=B_SPLINE_CURVE_WITH_KNOTS('',3,(#3723,#3724,#3725,#3726,#3727,#3728),
 .UNSPECIFIED.,.F.,.F.,(4,2,4),(0.511269325666469,0.568143946624444,0.625018567582369),
 .UNSPECIFIED.);
#90=B_SPLINE_CURVE_WITH_KNOTS('',3,(#3732,#3733,#3734,#3735,#3736,#3737),
 .UNSPECIFIED.,.F.,.F.,(4,2,4),(-0.616491169630199,-0.559497178681531,-0.502503187732862),
 .UNSPECIFIED.);
#91=B_SPLINE_CURVE_WITH_KNOTS('',3,(#3745,#3746,#3747,#3748,#3749,#3750,
#3751),.UNSPECIFIED.,.F.,.F.,(4,3,4),(1.06200036641439,1.11899435736306,
1.17598834831173),.UNSPECIFIED.);
#92=B_SPLINE_CURVE_WITH_KNOTS('',3,(#3755,#3756,#3757,#3758,#3759,#3760,
#3761),.UNSPECIFIED.,.F.,.F.,(4,3,4),(-0.0568746209579246,0.,0.0568746209579245),
 .UNSPECIFIED.);
#93=B_SPLINE_CURVE_WITH_KNOTS('',3,(#3773,#3774,#3775,#3776,#3777,#3778),
 .UNSPECIFIED.,.F.,.F.,(4,2,4),(0.502503187732863,0.559497178681531,0.6164911696302),
 .UNSPECIFIED.);
#94=B_SPLINE_CURVE_WITH_KNOTS('',3,(#3786,#3787,#3788,#3789,#3790,#3791,
#3792),.UNSPECIFIED.,.F.,.F.,(4,3,4),(1.06200036641439,1.11899435736306,
1.17598834831173),.UNSPECIFIED.);
#95=B_SPLINE_CURVE_WITH_KNOTS('',3,(#3796,#3797,#3798,#3799,#3800,#3801,
#3802),.UNSPECIFIED.,.F.,.F.,(4,3,4),(-0.0568746209579247,0.,0.0568746209579247),
 .UNSPECIFIED.);
#96=B_SPLINE_CURVE_WITH_KNOTS('',3,(#3806,#3807,#3808,#3809,#3810,#3811),
 .UNSPECIFIED.,.F.,.F.,(4,2,4),(-0.625018567582369,-0.568143946624444,-0.511269325666519),
 .UNSPECIFIED.);
#97=B_SPLINE_CURVE_WITH_KNOTS('',3,(#3826,#3827,#3828,#3829,#3830,#3831),
 .UNSPECIFIED.,.F.,.F.,(4,2,4),(0.649312203666814,0.690573964144746,0.767400686445971),
 .UNSPECIFIED.);
#98=B_SPLINE_CURVE_WITH_KNOTS('',3,(#3834,#3835,#3836,#3837,#3838,#3839),
 .UNSPECIFIED.,.F.,.F.,(4,2,4),(-0.753802952964678,-0.674427034454101,-0.635110547002778),
 .UNSPECIFIED.);
#99=B_SPLINE_CURVE_WITH_KNOTS('',3,(#3844,#3845,#3846,#3847,#3848,#3849,
#3850),.UNSPECIFIED.,.F.,.F.,(4,3,4),(-0.0593569991850606,0.,0.0592669329088162),
 .UNSPECIFIED.);
#100=B_SPLINE_CURVE_WITH_KNOTS('',3,(#3853,#3854,#3855,#3856,#3857,#3858,
#3859),.UNSPECIFIED.,.F.,.F.,(4,3,4),(1.35755594421431,1.41654277958335,
1.47560275828098),.UNSPECIFIED.);
#101=SPHERICAL_SURFACE('',#2045,1.90157231151412);
#102=SPHERICAL_SURFACE('',#2047,1.90157231151412);
#103=SPHERICAL_SURFACE('',#2049,1.90157231151412);
#104=SPHERICAL_SURFACE('',#2051,1.90157231151412);
#105=SPHERICAL_SURFACE('',#2053,1.90157231151412);
#106=SPHERICAL_SURFACE('',#2055,1.90157231151412);
#107=SPHERICAL_SURFACE('',#2057,1.90157231151412);
#108=SPHERICAL_SURFACE('',#2113,1.90157231151411);
#109=SPHERICAL_SURFACE('',#2129,1.90157231151411);
#110=SPHERICAL_SURFACE('',#2147,1.90157231151411);
#111=SPHERICAL_SURFACE('',#2163,1.90157231151411);
#112=SPHERICAL_SURFACE('',#2181,1.90157231151411);
#113=SPHERICAL_SURFACE('',#2199,1.90157231151411);
#114=SPHERICAL_SURFACE('',#2209,1.90157231151411);
#115=STYLED_ITEM('',(#4016),#125);
#116=STYLED_ITEM('',(#4016),#126);
#117=STYLED_ITEM('',(#4016),#127);
#118=STYLED_ITEM('',(#4016),#128);
#119=STYLED_ITEM('',(#4016),#129);
#120=STYLED_ITEM('',(#4016),#130);
#121=STYLED_ITEM('',(#4016),#131);
#122=STYLED_ITEM('',(#4016),#132);
#123=STYLED_ITEM('',(#4016),#133);
#124=STYLED_ITEM('',(#4016),#134);
#125=MANIFOLD_SOLID_BREP('Body1',#1995);
#126=MANIFOLD_SOLID_BREP('Body2',#1996);
#127=MANIFOLD_SOLID_BREP('Body3',#1997);
#128=MANIFOLD_SOLID_BREP('Body4',#1998);
#129=MANIFOLD_SOLID_BREP('Body5',#1999);
#130=MANIFOLD_SOLID_BREP('Body6',#2000);
#131=MANIFOLD_SOLID_BREP('Body7',#2001);
#132=MANIFOLD_SOLID_BREP('Body8',#2002);
#133=MANIFOLD_SOLID_BREP('Body9',#2003);
#134=MANIFOLD_SOLID_BREP('Body10',#2004);
#135=FACE_BOUND('',#435,.T.);
#136=FACE_BOUND('',#437,.T.);
#137=FACE_BOUND('',#460,.T.);
#138=FACE_BOUND('',#462,.T.);
#139=FACE_BOUND('',#464,.T.);
#140=FACE_BOUND('',#466,.T.);
#141=FACE_BOUND('',#468,.T.);
#142=FACE_BOUND('',#470,.T.);
#143=FACE_BOUND('',#472,.T.);
#144=FACE_BOUND('',#473,.T.);
#145=FACE_BOUND('',#475,.T.);
#146=FACE_BOUND('',#476,.T.);
#147=FACE_BOUND('',#478,.T.);
#148=FACE_BOUND('',#479,.T.);
#149=FACE_BOUND('',#481,.T.);
#150=FACE_BOUND('',#482,.T.);
#151=FACE_BOUND('',#484,.T.);
#152=FACE_BOUND('',#485,.T.);
#153=FACE_BOUND('',#487,.T.);
#154=FACE_BOUND('',#488,.T.);
#155=FACE_BOUND('',#490,.T.);
#156=FACE_BOUND('',#491,.T.);
#157=FACE_BOUND('',#493,.T.);
#158=FACE_BOUND('',#494,.T.);
#159=FACE_BOUND('',#496,.T.);
#160=FACE_BOUND('',#497,.T.);
#161=FACE_BOUND('',#499,.T.);
#162=FACE_BOUND('',#500,.T.);
#163=FACE_BOUND('',#502,.T.);
#164=FACE_BOUND('',#503,.T.);
#165=FACE_BOUND('',#505,.T.);
#166=FACE_BOUND('',#506,.T.);
#167=FACE_BOUND('',#508,.T.);
#168=FACE_BOUND('',#509,.T.);
#169=FACE_BOUND('',#511,.T.);
#170=FACE_BOUND('',#512,.T.);
#171=FACE_BOUND('',#518,.T.);
#172=FACE_BOUND('',#520,.T.);
#173=FACE_BOUND('',#526,.T.);
#174=FACE_BOUND('',#528,.T.);
#175=FACE_BOUND('',#538,.T.);
#176=FACE_BOUND('',#540,.T.);
#177=FACE_BOUND('',#550,.T.);
#178=FACE_BOUND('',#552,.T.);
#179=FACE_BOUND('',#562,.T.);
#180=FACE_BOUND('',#564,.T.);
#181=FACE_BOUND('',#574,.T.);
#182=FACE_BOUND('',#576,.T.);
#183=FACE_BOUND('',#586,.T.);
#184=FACE_BOUND('',#588,.T.);
#185=PLANE('',#2043);
#186=PLANE('',#2044);
#187=PLANE('',#2101);
#188=PLANE('',#2102);
#189=PLANE('',#2103);
#190=PLANE('',#2104);
#191=PLANE('',#2105);
#192=PLANE('',#2106);
#193=PLANE('',#2233);
#194=PLANE('',#2234);
#195=PLANE('',#2235);
#196=PLANE('',#2236);
#197=PLANE('',#2237);
#198=PLANE('',#2240);
#199=PLANE('',#2245);
#200=PLANE('',#2246);
#201=PLANE('',#2247);
#202=PLANE('',#2250);
#203=PLANE('',#2261);
#204=PLANE('',#2262);
#205=PLANE('',#2263);
#206=PLANE('',#2264);
#207=PLANE('',#2265);
#208=PLANE('',#2268);
#209=PLANE('',#2279);
#210=PLANE('',#2280);
#211=PLANE('',#2281);
#212=PLANE('',#2282);
#213=PLANE('',#2283);
#214=PLANE('',#2286);
#215=PLANE('',#2297);
#216=PLANE('',#2298);
#217=PLANE('',#2299);
#218=PLANE('',#2300);
#219=PLANE('',#2301);
#220=PLANE('',#2304);
#221=PLANE('',#2315);
#222=PLANE('',#2316);
#223=PLANE('',#2317);
#224=PLANE('',#2318);
#225=PLANE('',#2319);
#226=PLANE('',#2322);
#227=PLANE('',#2333);
#228=PLANE('',#2334);
#229=PLANE('',#2335);
#230=PLANE('',#2336);
#231=PLANE('',#2337);
#232=PLANE('',#2340);
#233=PLANE('',#2345);
#234=PLANE('',#2348);
#235=CYLINDRICAL_SURFACE('',#2036,4.);
#236=CYLINDRICAL_SURFACE('',#2039,6.57692307692307);
#237=CYLINDRICAL_SURFACE('',#2041,6.57692307692308);
#238=CYLINDRICAL_SURFACE('',#2077,9.28205128205128);
#239=CYLINDRICAL_SURFACE('',#2080,8.54907692307691);
#240=CYLINDRICAL_SURFACE('',#2082,8.42307692307691);
#241=CYLINDRICAL_SURFACE('',#2087,8.42307692307692);
#242=CYLINDRICAL_SURFACE('',#2088,8.54907692307691);
#243=CYLINDRICAL_SURFACE('',#2090,9.28205128205128);
#244=CYLINDRICAL_SURFACE('',#2100,11.);
#245=CYLINDRICAL_SURFACE('',#2227,7.5);
#246=CYLINDRICAL_SURFACE('',#2230,7.96153846153845);
#247=CYLINDRICAL_SURFACE('',#2243,7.96153846153845);
#248=CYLINDRICAL_SURFACE('',#2244,7.5);
#249=CYLINDRICAL_SURFACE('',#2253,7.96153846153845);
#250=CYLINDRICAL_SURFACE('',#2254,7.5);
#251=CYLINDRICAL_SURFACE('',#2255,7.5);
#252=CYLINDRICAL_SURFACE('',#2258,7.96153846153845);
#253=CYLINDRICAL_SURFACE('',#2271,7.96153846153845);
#254=CYLINDRICAL_SURFACE('',#2272,7.5);
#255=CYLINDRICAL_SURFACE('',#2273,7.5);
#256=CYLINDRICAL_SURFACE('',#2276,7.96153846153845);
#257=CYLINDRICAL_SURFACE('',#2289,7.96153846153845);
#258=CYLINDRICAL_SURFACE('',#2290,7.5);
#259=CYLINDRICAL_SURFACE('',#2291,7.5);
#260=CYLINDRICAL_SURFACE('',#2294,7.96153846153845);
#261=CYLINDRICAL_SURFACE('',#2307,7.96153846153845);
#262=CYLINDRICAL_SURFACE('',#2308,7.5);
#263=CYLINDRICAL_SURFACE('',#2309,7.5);
#264=CYLINDRICAL_SURFACE('',#2312,7.96153846153846);
#265=CYLINDRICAL_SURFACE('',#2325,7.96153846153846);
#266=CYLINDRICAL_SURFACE('',#2326,7.5);
#267=CYLINDRICAL_SURFACE('',#2327,7.5);
#268=CYLINDRICAL_SURFACE('',#2330,7.96153846153846);
#269=CYLINDRICAL_SURFACE('',#2343,7.96153846153846);
#270=CYLINDRICAL_SURFACE('',#2344,7.5);
#271=CYLINDRICAL_SURFACE('',#2351,7.96153846153845);
#272=CYLINDRICAL_SURFACE('',#2352,7.5);
#273=LINE('',#3070,#287);
#274=LINE('',#3073,#288);
#275=LINE('',#3076,#289);
#276=LINE('',#3080,#290);
#277=LINE('',#3085,#291);
#278=LINE('',#3148,#292);
#279=LINE('',#3153,#293);
#280=LINE('',#3156,#294);
#281=LINE('',#3163,#295);
#282=LINE('',#3166,#296);
#283=LINE('',#3172,#297);
#284=LINE('',#3178,#298);
#285=LINE('',#3185,#299);
#286=LINE('',#3189,#300);
#287=VECTOR('',#2390,4.34999999999999);
#288=VECTOR('',#2395,4.);
#289=VECTOR('',#2398,4.);
#290=VECTOR('',#2403,6.57692307692307);
#291=VECTOR('',#2410,6.57692307692308);
#292=VECTOR('',#2483,9.28205128205128);
#293=VECTOR('',#2490,8.54907692307691);
#294=VECTOR('',#2493,8.42307692307691);
#295=VECTOR('',#2504,8.42307692307692);
#296=VECTOR('',#2507,8.54907692307691);
#297=VECTOR('',#2514,9.28205128205128);
#298=VECTOR('',#2521,10.65);
#299=VECTOR('',#2528,11.);
#300=VECTOR('',#2535,11.);
#301=CONICAL_SURFACE('',#2034,4.34999999999999,0.785398163397434);
#302=CONICAL_SURFACE('',#2037,4.,0.785398163397434);
#303=CONICAL_SURFACE('',#2093,10.65,0.785398163397434);
#304=CONICAL_SURFACE('',#2096,11.,0.785398163397434);
#305=FACE_OUTER_BOUND('',#426,.T.);
#306=FACE_OUTER_BOUND('',#427,.T.);
#307=FACE_OUTER_BOUND('',#428,.T.);
#308=FACE_OUTER_BOUND('',#429,.T.);
#309=FACE_OUTER_BOUND('',#430,.T.);
#310=FACE_OUTER_BOUND('',#431,.T.);
#311=FACE_OUTER_BOUND('',#432,.T.);
#312=FACE_OUTER_BOUND('',#433,.T.);
#313=FACE_OUTER_BOUND('',#434,.T.);
#314=FACE_OUTER_BOUND('',#436,.T.);
#315=FACE_OUTER_BOUND('',#438,.T.);
#316=FACE_OUTER_BOUND('',#439,.T.);
#317=FACE_OUTER_BOUND('',#440,.T.);
#318=FACE_OUTER_BOUND('',#441,.T.);
#319=FACE_OUTER_BOUND('',#442,.T.);
#320=FACE_OUTER_BOUND('',#443,.T.);
#321=FACE_OUTER_BOUND('',#444,.T.);
#322=FACE_OUTER_BOUND('',#445,.T.);
#323=FACE_OUTER_BOUND('',#446,.T.);
#324=FACE_OUTER_BOUND('',#447,.T.);
#325=FACE_OUTER_BOUND('',#448,.T.);
#326=FACE_OUTER_BOUND('',#449,.T.);
#327=FACE_OUTER_BOUND('',#450,.T.);
#328=FACE_OUTER_BOUND('',#451,.T.);
#329=FACE_OUTER_BOUND('',#452,.T.);
#330=FACE_OUTER_BOUND('',#453,.T.);
#331=FACE_OUTER_BOUND('',#454,.T.);
#332=FACE_OUTER_BOUND('',#455,.T.);
#333=FACE_OUTER_BOUND('',#456,.T.);
#334=FACE_OUTER_BOUND('',#457,.T.);
#335=FACE_OUTER_BOUND('',#458,.T.);
#336=FACE_OUTER_BOUND('',#459,.T.);
#337=FACE_OUTER_BOUND('',#461,.T.);
#338=FACE_OUTER_BOUND('',#463,.T.);
#339=FACE_OUTER_BOUND('',#465,.T.);
#340=FACE_OUTER_BOUND('',#467,.T.);
#341=FACE_OUTER_BOUND('',#469,.T.);
#342=FACE_OUTER_BOUND('',#471,.T.);
#343=FACE_OUTER_BOUND('',#474,.T.);
#344=FACE_OUTER_BOUND('',#477,.T.);
#345=FACE_OUTER_BOUND('',#480,.T.);
#346=FACE_OUTER_BOUND('',#483,.T.);
#347=FACE_OUTER_BOUND('',#486,.T.);
#348=FACE_OUTER_BOUND('',#489,.T.);
#349=FACE_OUTER_BOUND('',#492,.T.);
#350=FACE_OUTER_BOUND('',#495,.T.);
#351=FACE_OUTER_BOUND('',#498,.T.);
#352=FACE_OUTER_BOUND('',#501,.T.);
#353=FACE_OUTER_BOUND('',#504,.T.);
#354=FACE_OUTER_BOUND('',#507,.T.);
#355=FACE_OUTER_BOUND('',#510,.T.);
#356=FACE_OUTER_BOUND('',#513,.T.);
#357=FACE_OUTER_BOUND('',#514,.T.);
#358=FACE_OUTER_BOUND('',#515,.T.);
#359=FACE_OUTER_BOUND('',#516,.T.);
#360=FACE_OUTER_BOUND('',#517,.T.);
#361=FACE_OUTER_BOUND('',#519,.T.);
#362=FACE_OUTER_BOUND('',#521,.T.);
#363=FACE_OUTER_BOUND('',#522,.T.);
#364=FACE_OUTER_BOUND('',#523,.T.);
#365=FACE_OUTER_BOUND('',#524,.T.);
#366=FACE_OUTER_BOUND('',#525,.T.);
#367=FACE_OUTER_BOUND('',#527,.T.);
#368=FACE_OUTER_BOUND('',#529,.T.);
#369=FACE_OUTER_BOUND('',#530,.T.);
#370=FACE_OUTER_BOUND('',#531,.T.);
#371=FACE_OUTER_BOUND('',#532,.T.);
#372=FACE_OUTER_BOUND('',#533,.T.);
#373=FACE_OUTER_BOUND('',#534,.T.);
#374=FACE_OUTER_BOUND('',#535,.T.);
#375=FACE_OUTER_BOUND('',#536,.T.);
#376=FACE_OUTER_BOUND('',#537,.T.);
#377=FACE_OUTER_BOUND('',#539,.T.);
#378=FACE_OUTER_BOUND('',#541,.T.);
#379=FACE_OUTER_BOUND('',#542,.T.);
#380=FACE_OUTER_BOUND('',#543,.T.);
#381=FACE_OUTER_BOUND('',#544,.T.);
#382=FACE_OUTER_BOUND('',#545,.T.);
#383=FACE_OUTER_BOUND('',#546,.T.);
#384=FACE_OUTER_BOUND('',#547,.T.);
#385=FACE_OUTER_BOUND('',#548,.T.);
#386=FACE_OUTER_BOUND('',#549,.T.);
#387=FACE_OUTER_BOUND('',#551,.T.);
#388=FACE_OUTER_BOUND('',#553,.T.);
#389=FACE_OUTER_BOUND('',#554,.T.);
#390=FACE_OUTER_BOUND('',#555,.T.);
#391=FACE_OUTER_BOUND('',#556,.T.);
#392=FACE_OUTER_BOUND('',#557,.T.);
#393=FACE_OUTER_BOUND('',#558,.T.);
#394=FACE_OUTER_BOUND('',#559,.T.);
#395=FACE_OUTER_BOUND('',#560,.T.);
#396=FACE_OUTER_BOUND('',#561,.T.);
#397=FACE_OUTER_BOUND('',#563,.T.);
#398=FACE_OUTER_BOUND('',#565,.T.);
#399=FACE_OUTER_BOUND('',#566,.T.);
#400=FACE_OUTER_BOUND('',#567,.T.);
#401=FACE_OUTER_BOUND('',#568,.T.);
#402=FACE_OUTER_BOUND('',#569,.T.);
#403=FACE_OUTER_BOUND('',#570,.T.);
#404=FACE_OUTER_BOUND('',#571,.T.);
#405=FACE_OUTER_BOUND('',#572,.T.);
#406=FACE_OUTER_BOUND('',#573,.T.);
#407=FACE_OUTER_BOUND('',#575,.T.);
#408=FACE_OUTER_BOUND('',#577,.T.);
#409=FACE_OUTER_BOUND('',#578,.T.);
#410=FACE_OUTER_BOUND('',#579,.T.);
#411=FACE_OUTER_BOUND('',#580,.T.);
#412=FACE_OUTER_BOUND('',#581,.T.);
#413=FACE_OUTER_BOUND('',#582,.T.);
#414=FACE_OUTER_BOUND('',#583,.T.);
#415=FACE_OUTER_BOUND('',#584,.T.);
#416=FACE_OUTER_BOUND('',#585,.T.);
#417=FACE_OUTER_BOUND('',#587,.T.);
#418=FACE_OUTER_BOUND('',#589,.T.);
#419=FACE_OUTER_BOUND('',#590,.T.);
#420=FACE_OUTER_BOUND('',#591,.T.);
#421=FACE_OUTER_BOUND('',#592,.T.);
#422=FACE_OUTER_BOUND('',#593,.T.);
#423=FACE_OUTER_BOUND('',#594,.T.);
#424=FACE_OUTER_BOUND('',#595,.T.);
#425=FACE_OUTER_BOUND('',#596,.T.);
#426=EDGE_LOOP('',(#1281,#1282,#1283,#1284));
#427=EDGE_LOOP('',(#1285,#1286,#1287,#1288,#1289,#1290));
#428=EDGE_LOOP('',(#1291,#1292,#1293,#1294,#1295));
#429=EDGE_LOOP('',(#1296,#1297,#1298,#1299,#1300));
#430=EDGE_LOOP('',(#1301,#1302,#1303,#1304,#1305,#1306));
#431=EDGE_LOOP('',(#1307,#1308,#1309,#1310));
#432=EDGE_LOOP('',(#1311,#1312,#1313,#1314));
#433=EDGE_LOOP('',(#1315,#1316,#1317,#1318));
#434=EDGE_LOOP('',(#1319));
#435=EDGE_LOOP('',(#1320));
#436=EDGE_LOOP('',(#1321));
#437=EDGE_LOOP('',(#1322));
#438=EDGE_LOOP('',(#1323,#1324));
#439=EDGE_LOOP('',(#1325,#1326));
#440=EDGE_LOOP('',(#1327,#1328));
#441=EDGE_LOOP('',(#1329,#1330));
#442=EDGE_LOOP('',(#1331,#1332));
#443=EDGE_LOOP('',(#1333,#1334));
#444=EDGE_LOOP('',(#1335,#1336));
#445=EDGE_LOOP('',(#1337,#1338,#1339,#1340,#1341));
#446=EDGE_LOOP('',(#1342,#1343,#1344,#1345));
#447=EDGE_LOOP('',(#1346,#1347,#1348,#1349));
#448=EDGE_LOOP('',(#1350,#1351,#1352,#1353,#1354));
#449=EDGE_LOOP('',(#1355,#1356,#1357,#1358));
#450=EDGE_LOOP('',(#1359,#1360,#1361,#1362,#1363));
#451=EDGE_LOOP('',(#1364,#1365,#1366,#1367,#1368));
#452=EDGE_LOOP('',(#1369,#1370,#1371,#1372));
#453=EDGE_LOOP('',(#1373,#1374,#1375,#1376));
#454=EDGE_LOOP('',(#1377,#1378,#1379,#1380));
#455=EDGE_LOOP('',(#1381,#1382,#1383,#1384));
#456=EDGE_LOOP('',(#1385,#1386,#1387,#1388));
#457=EDGE_LOOP('',(#1389,#1390,#1391,#1392,#1393));
#458=EDGE_LOOP('',(#1394,#1395,#1396,#1397,#1398));
#459=EDGE_LOOP('',(#1399));
#460=EDGE_LOOP('',(#1400));
#461=EDGE_LOOP('',(#1401));
#462=EDGE_LOOP('',(#1402));
#463=EDGE_LOOP('',(#1403));
#464=EDGE_LOOP('',(#1404));
#465=EDGE_LOOP('',(#1405));
#466=EDGE_LOOP('',(#1406));
#467=EDGE_LOOP('',(#1407));
#468=EDGE_LOOP('',(#1408));
#469=EDGE_LOOP('',(#1409));
#470=EDGE_LOOP('',(#1410));
#471=EDGE_LOOP('',(#1411,#1412,#1413,#1414));
#472=EDGE_LOOP('',(#1415,#1416,#1417,#1418));
#473=EDGE_LOOP('',(#1419,#1420,#1421,#1422));
#474=EDGE_LOOP('',(#1423,#1424,#1425,#1426,#1427,#1428,#1429,#1430,#1431,
#1432,#1433,#1434));
#475=EDGE_LOOP('',(#1435));
#476=EDGE_LOOP('',(#1436));
#477=EDGE_LOOP('',(#1437,#1438,#1439,#1440));
#478=EDGE_LOOP('',(#1441,#1442,#1443,#1444));
#479=EDGE_LOOP('',(#1445,#1446,#1447,#1448));
#480=EDGE_LOOP('',(#1449,#1450,#1451,#1452,#1453,#1454,#1455,#1456,#1457,
#1458,#1459,#1460));
#481=EDGE_LOOP('',(#1461));
#482=EDGE_LOOP('',(#1462));
#483=EDGE_LOOP('',(#1463,#1464,#1465,#1466));
#484=EDGE_LOOP('',(#1467,#1468,#1469,#1470));
#485=EDGE_LOOP('',(#1471,#1472,#1473,#1474));
#486=EDGE_LOOP('',(#1475,#1476,#1477,#1478,#1479,#1480,#1481,#1482,#1483,
#1484,#1485,#1486));
#487=EDGE_LOOP('',(#1487));
#488=EDGE_LOOP('',(#1488));
#489=EDGE_LOOP('',(#1489,#1490,#1491,#1492));
#490=EDGE_LOOP('',(#1493,#1494,#1495,#1496));
#491=EDGE_LOOP('',(#1497,#1498,#1499,#1500));
#492=EDGE_LOOP('',(#1501,#1502,#1503,#1504,#1505,#1506,#1507,#1508,#1509,
#1510,#1511,#1512));
#493=EDGE_LOOP('',(#1513));
#494=EDGE_LOOP('',(#1514));
#495=EDGE_LOOP('',(#1515,#1516,#1517,#1518));
#496=EDGE_LOOP('',(#1519,#1520,#1521,#1522));
#497=EDGE_LOOP('',(#1523,#1524,#1525,#1526));
#498=EDGE_LOOP('',(#1527,#1528,#1529,#1530,#1531,#1532,#1533,#1534,#1535,
#1536,#1537,#1538));
#499=EDGE_LOOP('',(#1539));
#500=EDGE_LOOP('',(#1540));
#501=EDGE_LOOP('',(#1541,#1542,#1543,#1544));
#502=EDGE_LOOP('',(#1545,#1546,#1547,#1548));
#503=EDGE_LOOP('',(#1549,#1550,#1551,#1552));
#504=EDGE_LOOP('',(#1553,#1554,#1555,#1556,#1557,#1558,#1559,#1560,#1561,
#1562,#1563,#1564));
#505=EDGE_LOOP('',(#1565));
#506=EDGE_LOOP('',(#1566));
#507=EDGE_LOOP('',(#1567,#1568,#1569,#1570,#1571,#1572,#1573,#1574,#1575,
#1576,#1577,#1578));
#508=EDGE_LOOP('',(#1579));
#509=EDGE_LOOP('',(#1580));
#510=EDGE_LOOP('',(#1581,#1582,#1583,#1584));
#511=EDGE_LOOP('',(#1585,#1586,#1587,#1588));
#512=EDGE_LOOP('',(#1589,#1590,#1591,#1592));
#513=EDGE_LOOP('',(#1593,#1594,#1595,#1596));
#514=EDGE_LOOP('',(#1597,#1598,#1599,#1600));
#515=EDGE_LOOP('',(#1601,#1602,#1603,#1604));
#516=EDGE_LOOP('',(#1605,#1606,#1607,#1608));
#517=EDGE_LOOP('',(#1609));
#518=EDGE_LOOP('',(#1610));
#519=EDGE_LOOP('',(#1611));
#520=EDGE_LOOP('',(#1612));
#521=EDGE_LOOP('',(#1613,#1614,#1615,#1616));
#522=EDGE_LOOP('',(#1617,#1618,#1619,#1620,#1621,#1622));
#523=EDGE_LOOP('',(#1623,#1624,#1625,#1626));
#524=EDGE_LOOP('',(#1627,#1628,#1629,#1630));
#525=EDGE_LOOP('',(#1631));
#526=EDGE_LOOP('',(#1632));
#527=EDGE_LOOP('',(#1633));
#528=EDGE_LOOP('',(#1634));
#529=EDGE_LOOP('',(#1635,#1636,#1637,#1638));
#530=EDGE_LOOP('',(#1639,#1640,#1641,#1642));
#531=EDGE_LOOP('',(#1643,#1644,#1645,#1646));
#532=EDGE_LOOP('',(#1647,#1648,#1649,#1650));
#533=EDGE_LOOP('',(#1651,#1652,#1653,#1654));
#534=EDGE_LOOP('',(#1655,#1656,#1657,#1658));
#535=EDGE_LOOP('',(#1659,#1660,#1661,#1662,#1663,#1664));
#536=EDGE_LOOP('',(#1665,#1666,#1667,#1668));
#537=EDGE_LOOP('',(#1669));
#538=EDGE_LOOP('',(#1670));
#539=EDGE_LOOP('',(#1671));
#540=EDGE_LOOP('',(#1672));
#541=EDGE_LOOP('',(#1673,#1674,#1675,#1676));
#542=EDGE_LOOP('',(#1677,#1678,#1679,#1680));
#543=EDGE_LOOP('',(#1681,#1682,#1683,#1684));
#544=EDGE_LOOP('',(#1685,#1686,#1687,#1688));
#545=EDGE_LOOP('',(#1689,#1690,#1691,#1692));
#546=EDGE_LOOP('',(#1693,#1694,#1695,#1696));
#547=EDGE_LOOP('',(#1697,#1698,#1699,#1700,#1701,#1702));
#548=EDGE_LOOP('',(#1703,#1704,#1705,#1706));
#549=EDGE_LOOP('',(#1707));
#550=EDGE_LOOP('',(#1708));
#551=EDGE_LOOP('',(#1709));
#552=EDGE_LOOP('',(#1710));
#553=EDGE_LOOP('',(#1711,#1712,#1713,#1714));
#554=EDGE_LOOP('',(#1715,#1716,#1717,#1718));
#555=EDGE_LOOP('',(#1719,#1720,#1721,#1722));
#556=EDGE_LOOP('',(#1723,#1724,#1725,#1726));
#557=EDGE_LOOP('',(#1727,#1728,#1729,#1730));
#558=EDGE_LOOP('',(#1731,#1732,#1733,#1734));
#559=EDGE_LOOP('',(#1735,#1736,#1737,#1738,#1739,#1740));
#560=EDGE_LOOP('',(#1741,#1742,#1743,#1744));
#561=EDGE_LOOP('',(#1745));
#562=EDGE_LOOP('',(#1746));
#563=EDGE_LOOP('',(#1747));
#564=EDGE_LOOP('',(#1748));
#565=EDGE_LOOP('',(#1749,#1750,#1751,#1752));
#566=EDGE_LOOP('',(#1753,#1754,#1755,#1756));
#567=EDGE_LOOP('',(#1757,#1758,#1759,#1760));
#568=EDGE_LOOP('',(#1761,#1762,#1763,#1764));
#569=EDGE_LOOP('',(#1765,#1766,#1767,#1768));
#570=EDGE_LOOP('',(#1769,#1770,#1771,#1772));
#571=EDGE_LOOP('',(#1773,#1774,#1775,#1776,#1777,#1778));
#572=EDGE_LOOP('',(#1779,#1780,#1781,#1782));
#573=EDGE_LOOP('',(#1783));
#574=EDGE_LOOP('',(#1784));
#575=EDGE_LOOP('',(#1785));
#576=EDGE_LOOP('',(#1786));
#577=EDGE_LOOP('',(#1787,#1788,#1789,#1790));
#578=EDGE_LOOP('',(#1791,#1792,#1793,#1794));
#579=EDGE_LOOP('',(#1795,#1796,#1797,#1798));
#580=EDGE_LOOP('',(#1799,#1800,#1801,#1802));
#581=EDGE_LOOP('',(#1803,#1804,#1805,#1806));
#582=EDGE_LOOP('',(#1807,#1808,#1809,#1810));
#583=EDGE_LOOP('',(#1811,#1812,#1813,#1814,#1815,#1816));
#584=EDGE_LOOP('',(#1817,#1818,#1819,#1820));
#585=EDGE_LOOP('',(#1821));
#586=EDGE_LOOP('',(#1822));
#587=EDGE_LOOP('',(#1823));
#588=EDGE_LOOP('',(#1824));
#589=EDGE_LOOP('',(#1825,#1826,#1827,#1828));
#590=EDGE_LOOP('',(#1829,#1830,#1831,#1832));
#591=EDGE_LOOP('',(#1833,#1834,#1835,#1836));
#592=EDGE_LOOP('',(#1837,#1838,#1839,#1840));
#593=EDGE_LOOP('',(#1841,#1842,#1843,#1844));
#594=EDGE_LOOP('',(#1845,#1846,#1847,#1848,#1849,#1850));
#595=EDGE_LOOP('',(#1851,#1852,#1853,#1854));
#596=EDGE_LOOP('',(#1855,#1856,#1857,#1858));
#597=CIRCLE('',#2020,6.57692307692307);
#598=CIRCLE('',#2021,1.90157231151412);
#599=CIRCLE('',#2022,6.57692307692307);
#600=CIRCLE('',#2024,4.07688446993853);
#601=CIRCLE('',#2025,4.07688446993853);
#602=CIRCLE('',#2026,0.2625);
#603=CIRCLE('',#2027,4.);
#604=CIRCLE('',#2028,4.);
#605=CIRCLE('',#2030,4.);
#606=CIRCLE('',#2031,4.);
#607=CIRCLE('',#2032,0.2625);
#608=CIRCLE('',#2033,4.07688446993853);
#609=CIRCLE('',#2035,4.34999999999999);
#610=CIRCLE('',#2038,4.34999999999999);
#611=CIRCLE('',#2040,6.57692307692308);
#612=CIRCLE('',#2042,6.57692307692308);
#613=CIRCLE('',#2046,1.90157231151412);
#614=CIRCLE('',#2048,1.90157231151412);
#615=CIRCLE('',#2050,1.90157231151412);
#616=CIRCLE('',#2052,1.90157231151412);
#617=CIRCLE('',#2054,1.90157231151412);
#618=CIRCLE('',#2056,1.90157231151412);
#619=CIRCLE('',#2058,1.90157231151412);
#620=CIRCLE('',#2060,8.58057692307691);
#621=CIRCLE('',#2061,0.0315);
#622=CIRCLE('',#2062,8.54907692307691);
#623=CIRCLE('',#2063,8.54907692307691);
#624=CIRCLE('',#2065,8.42307692307692);
#625=CIRCLE('',#2066,0.0315);
#626=CIRCLE('',#2067,8.45457692307692);
#627=CIRCLE('',#2069,8.58057692307691);
#628=CIRCLE('',#2070,0.0315);
#629=CIRCLE('',#2071,8.54907692307691);
#630=CIRCLE('',#2073,8.42307692307691);
#631=CIRCLE('',#2074,8.42307692307691);
#632=CIRCLE('',#2075,0.0315);
#633=CIRCLE('',#2076,8.45457692307691);
#634=CIRCLE('',#2078,9.28205128205128);
#635=CIRCLE('',#2079,9.28205128205128);
#636=CIRCLE('',#2081,8.54907692307691);
#637=CIRCLE('',#2083,8.42307692307691);
#638=CIRCLE('',#2085,1.90157231151412);
#639=CIRCLE('',#2086,8.42307692307692);
#640=CIRCLE('',#2089,8.54907692307691);
#641=CIRCLE('',#2091,9.28205128205128);
#642=CIRCLE('',#2092,9.28205128205128);
#643=CIRCLE('',#2094,11.);
#644=CIRCLE('',#2095,10.65);
#645=CIRCLE('',#2097,11.);
#646=CIRCLE('',#2098,10.65);
#647=CIRCLE('',#2099,11.);
#648=CIRCLE('',#2108,2.12059268767998);
#649=CIRCLE('',#2109,0.841105432527515);
#650=CIRCLE('',#2110,2.12059268767998);
#651=CIRCLE('',#2114,1.80988935522019);
#652=CIRCLE('',#2115,1.80988935522019);
#653=CIRCLE('',#2116,1.90157231151411);
#654=CIRCLE('',#2117,1.80988935522019);
#655=CIRCLE('',#2118,1.80988935522019);
#656=CIRCLE('',#2119,1.80988935522019);
#657=CIRCLE('',#2120,1.80988935522019);
#658=CIRCLE('',#2121,1.84471122521598);
#659=CIRCLE('',#2122,1.84471122521598);
#660=CIRCLE('',#2124,2.12059268767998);
#661=CIRCLE('',#2125,0.841105432527515);
#662=CIRCLE('',#2126,2.12059268767998);
#663=CIRCLE('',#2130,1.80988935522019);
#664=CIRCLE('',#2131,1.80988935522019);
#665=CIRCLE('',#2132,1.90157231151411);
#666=CIRCLE('',#2133,1.80988935522019);
#667=CIRCLE('',#2134,1.80988935522019);
#668=CIRCLE('',#2135,1.80988935522019);
#669=CIRCLE('',#2136,1.80988935522019);
#670=CIRCLE('',#2137,1.84471122521598);
#671=CIRCLE('',#2138,1.84471122521598);
#672=CIRCLE('',#2140,2.12059268767998);
#673=CIRCLE('',#2141,0.841105432527515);
#674=CIRCLE('',#2142,2.12059268767998);
#675=CIRCLE('',#2148,1.80988935522019);
#676=CIRCLE('',#2149,1.80988935522019);
#677=CIRCLE('',#2150,1.90157231151411);
#678=CIRCLE('',#2151,1.80988935522019);
#679=CIRCLE('',#2152,1.80988935522019);
#680=CIRCLE('',#2153,1.80988935522019);
#681=CIRCLE('',#2154,1.80988935522019);
#682=CIRCLE('',#2155,1.84471122521598);
#683=CIRCLE('',#2156,1.84471122521598);
#684=CIRCLE('',#2158,2.12059268767998);
#685=CIRCLE('',#2159,0.841105432527515);
#686=CIRCLE('',#2160,2.12059268767998);
#687=CIRCLE('',#2164,1.80988935522019);
#688=CIRCLE('',#2165,1.80988935522019);
#689=CIRCLE('',#2166,1.90157231151411);
#690=CIRCLE('',#2167,1.80988935522019);
#691=CIRCLE('',#2168,1.80988935522019);
#692=CIRCLE('',#2169,1.80988935522019);
#693=CIRCLE('',#2170,1.80988935522019);
#694=CIRCLE('',#2171,1.84471122521598);
#695=CIRCLE('',#2172,1.84471122521598);
#696=CIRCLE('',#2174,2.12059268767998);
#697=CIRCLE('',#2175,0.841105432527515);
#698=CIRCLE('',#2176,2.12059268767998);
#699=CIRCLE('',#2182,1.80988935522019);
#700=CIRCLE('',#2183,1.80988935522019);
#701=CIRCLE('',#2184,1.90157231151411);
#702=CIRCLE('',#2185,1.80988935522019);
#703=CIRCLE('',#2186,1.80988935522019);
#704=CIRCLE('',#2187,1.80988935522019);
#705=CIRCLE('',#2188,1.80988935522019);
#706=CIRCLE('',#2189,1.84471122521598);
#707=CIRCLE('',#2190,1.84471122521598);
#708=CIRCLE('',#2192,2.12059268767998);
#709=CIRCLE('',#2193,0.841105432527515);
#710=CIRCLE('',#2194,2.12059268767998);
#711=CIRCLE('',#2200,1.80988935522019);
#712=CIRCLE('',#2201,1.80988935522019);
#713=CIRCLE('',#2202,1.90157231151411);
#714=CIRCLE('',#2203,1.80988935522019);
#715=CIRCLE('',#2204,1.80988935522019);
#716=CIRCLE('',#2205,1.80988935522019);
#717=CIRCLE('',#2206,1.80988935522019);
#718=CIRCLE('',#2207,1.84471122521598);
#719=CIRCLE('',#2208,1.84471122521598);
#720=CIRCLE('',#2210,1.80988935522019);
#721=CIRCLE('',#2211,1.80988935522019);
#722=CIRCLE('',#2212,1.90157231151411);
#723=CIRCLE('',#2213,1.80988935522019);
#724=CIRCLE('',#2214,1.80988935522019);
#725=CIRCLE('',#2215,1.80988935522019);
#726=CIRCLE('',#2216,1.80988935522019);
#727=CIRCLE('',#2217,1.84471122521598);
#728=CIRCLE('',#2218,1.84471122521598);
#729=CIRCLE('',#2220,2.12059268767998);
#730=CIRCLE('',#2221,0.841105432527515);
#731=CIRCLE('',#2222,2.12059268767998);
#732=CIRCLE('',#2228,7.5);
#733=CIRCLE('',#2229,7.5);
#734=CIRCLE('',#2231,7.96153846153845);
#735=CIRCLE('',#2232,7.96153846153845);
#736=CIRCLE('',#2238,7.5);
#737=CIRCLE('',#2239,7.96153846153845);
#738=CIRCLE('',#2241,7.5);
#739=CIRCLE('',#2242,7.96153846153845);
#740=CIRCLE('',#2248,7.5);
#741=CIRCLE('',#2249,7.96153846153845);
#742=CIRCLE('',#2251,7.5);
#743=CIRCLE('',#2252,7.96153846153845);
#744=CIRCLE('',#2256,7.5);
#745=CIRCLE('',#2257,7.5);
#746=CIRCLE('',#2259,7.96153846153845);
#747=CIRCLE('',#2260,7.96153846153845);
#748=CIRCLE('',#2266,7.5);
#749=CIRCLE('',#2267,7.96153846153845);
#750=CIRCLE('',#2269,7.5);
#751=CIRCLE('',#2270,7.96153846153845);
#752=CIRCLE('',#2274,7.5);
#753=CIRCLE('',#2275,7.5);
#754=CIRCLE('',#2277,7.96153846153845);
#755=CIRCLE('',#2278,7.96153846153845);
#756=CIRCLE('',#2284,7.5);
#757=CIRCLE('',#2285,7.96153846153845);
#758=CIRCLE('',#2287,7.5);
#759=CIRCLE('',#2288,7.96153846153845);
#760=CIRCLE('',#2292,7.5);
#761=CIRCLE('',#2293,7.5);
#762=CIRCLE('',#2295,7.96153846153845);
#763=CIRCLE('',#2296,7.96153846153845);
#764=CIRCLE('',#2302,7.5);
#765=CIRCLE('',#2303,7.96153846153845);
#766=CIRCLE('',#2305,7.5);
#767=CIRCLE('',#2306,7.96153846153845);
#768=CIRCLE('',#2310,7.5);
#769=CIRCLE('',#2311,7.5);
#770=CIRCLE('',#2313,7.96153846153846);
#771=CIRCLE('',#2314,7.96153846153846);
#772=CIRCLE('',#2320,7.5);
#773=CIRCLE('',#2321,7.96153846153846);
#774=CIRCLE('',#2323,7.5);
#775=CIRCLE('',#2324,7.96153846153846);
#776=CIRCLE('',#2328,7.5);
#777=CIRCLE('',#2329,7.5);
#778=CIRCLE('',#2331,7.96153846153846);
#779=CIRCLE('',#2332,7.96153846153846);
#780=CIRCLE('',#2338,7.5);
#781=CIRCLE('',#2339,7.96153846153846);
#782=CIRCLE('',#2341,7.5);
#783=CIRCLE('',#2342,7.96153846153846);
#784=CIRCLE('',#2346,7.5);
#785=CIRCLE('',#2347,7.96153846153845);
#786=CIRCLE('',#2349,7.5);
#787=CIRCLE('',#2350,7.96153846153845);
#788=VERTEX_POINT('',#3045);
#789=VERTEX_POINT('',#3047);
#790=VERTEX_POINT('',#3051);
#791=VERTEX_POINT('',#3052);
#792=VERTEX_POINT('',#3055);
#793=VERTEX_POINT('',#3057);
#794=VERTEX_POINT('',#3061);
#795=VERTEX_POINT('',#3062);
#796=VERTEX_POINT('',#3065);
#797=VERTEX_POINT('',#3069);
#798=VERTEX_POINT('',#3075);
#799=VERTEX_POINT('',#3079);
#800=VERTEX_POINT('',#3083);
#801=VERTEX_POINT('',#3089);
#802=VERTEX_POINT('',#3090);
#803=VERTEX_POINT('',#3093);
#804=VERTEX_POINT('',#3094);
#805=VERTEX_POINT('',#3097);
#806=VERTEX_POINT('',#3098);
#807=VERTEX_POINT('',#3101);
#808=VERTEX_POINT('',#3102);
#809=VERTEX_POINT('',#3105);
#810=VERTEX_POINT('',#3106);
#811=VERTEX_POINT('',#3109);
#812=VERTEX_POINT('',#3110);
#813=VERTEX_POINT('',#3113);
#814=VERTEX_POINT('',#3114);
#815=VERTEX_POINT('',#3117);
#816=VERTEX_POINT('',#3119);
#817=VERTEX_POINT('',#3121);
#818=VERTEX_POINT('',#3125);
#819=VERTEX_POINT('',#3127);
#820=VERTEX_POINT('',#3131);
#821=VERTEX_POINT('',#3133);
#822=VERTEX_POINT('',#3137);
#823=VERTEX_POINT('',#3138);
#824=VERTEX_POINT('',#3141);
#825=VERTEX_POINT('',#3145);
#826=VERTEX_POINT('',#3147);
#827=VERTEX_POINT('',#3151);
#828=VERTEX_POINT('',#3155);
#829=VERTEX_POINT('',#3159);
#830=VERTEX_POINT('',#3165);
#831=VERTEX_POINT('',#3169);
#832=VERTEX_POINT('',#3171);
#833=VERTEX_POINT('',#3175);
#834=VERTEX_POINT('',#3177);
#835=VERTEX_POINT('',#3181);
#836=VERTEX_POINT('',#3182);
#837=VERTEX_POINT('',#3184);
#838=VERTEX_POINT('',#3197);
#839=VERTEX_POINT('',#3199);
#840=VERTEX_POINT('',#3202);
#841=VERTEX_POINT('',#3203);
#842=VERTEX_POINT('',#3210);
#843=VERTEX_POINT('',#3217);
#844=VERTEX_POINT('',#3230);
#845=VERTEX_POINT('',#3231);
#846=VERTEX_POINT('',#3233);
#847=VERTEX_POINT('',#3241);
#848=VERTEX_POINT('',#3251);
#849=VERTEX_POINT('',#3252);
#850=VERTEX_POINT('',#3254);
#851=VERTEX_POINT('',#3261);
#852=VERTEX_POINT('',#3263);
#853=VERTEX_POINT('',#3265);
#854=VERTEX_POINT('',#3267);
#855=VERTEX_POINT('',#3274);
#856=VERTEX_POINT('',#3276);
#857=VERTEX_POINT('',#3284);
#858=VERTEX_POINT('',#3292);
#859=VERTEX_POINT('',#3294);
#860=VERTEX_POINT('',#3297);
#861=VERTEX_POINT('',#3299);
#862=VERTEX_POINT('',#3302);
#863=VERTEX_POINT('',#3303);
#864=VERTEX_POINT('',#3310);
#865=VERTEX_POINT('',#3317);
#866=VERTEX_POINT('',#3330);
#867=VERTEX_POINT('',#3331);
#868=VERTEX_POINT('',#3333);
#869=VERTEX_POINT('',#3341);
#870=VERTEX_POINT('',#3351);
#871=VERTEX_POINT('',#3352);
#872=VERTEX_POINT('',#3354);
#873=VERTEX_POINT('',#3361);
#874=VERTEX_POINT('',#3363);
#875=VERTEX_POINT('',#3365);
#876=VERTEX_POINT('',#3367);
#877=VERTEX_POINT('',#3374);
#878=VERTEX_POINT('',#3376);
#879=VERTEX_POINT('',#3384);
#880=VERTEX_POINT('',#3392);
#881=VERTEX_POINT('',#3394);
#882=VERTEX_POINT('',#3397);
#883=VERTEX_POINT('',#3399);
#884=VERTEX_POINT('',#3402);
#885=VERTEX_POINT('',#3403);
#886=VERTEX_POINT('',#3405);
#887=VERTEX_POINT('',#3413);
#888=VERTEX_POINT('',#3422);
#889=VERTEX_POINT('',#3423);
#890=VERTEX_POINT('',#3425);
#891=VERTEX_POINT('',#3432);
#892=VERTEX_POINT('',#3441);
#893=VERTEX_POINT('',#3442);
#894=VERTEX_POINT('',#3444);
#895=VERTEX_POINT('',#3451);
#896=VERTEX_POINT('',#3453);
#897=VERTEX_POINT('',#3455);
#898=VERTEX_POINT('',#3457);
#899=VERTEX_POINT('',#3464);
#900=VERTEX_POINT('',#3466);
#901=VERTEX_POINT('',#3474);
#902=VERTEX_POINT('',#3482);
#903=VERTEX_POINT('',#3484);
#904=VERTEX_POINT('',#3487);
#905=VERTEX_POINT('',#3489);
#906=VERTEX_POINT('',#3492);
#907=VERTEX_POINT('',#3493);
#908=VERTEX_POINT('',#3500);
#909=VERTEX_POINT('',#3508);
#910=VERTEX_POINT('',#3522);
#911=VERTEX_POINT('',#3523);
#912=VERTEX_POINT('',#3525);
#913=VERTEX_POINT('',#3532);
#914=VERTEX_POINT('',#3541);
#915=VERTEX_POINT('',#3542);
#916=VERTEX_POINT('',#3544);
#917=VERTEX_POINT('',#3551);
#918=VERTEX_POINT('',#3553);
#919=VERTEX_POINT('',#3555);
#920=VERTEX_POINT('',#3557);
#921=VERTEX_POINT('',#3564);
#922=VERTEX_POINT('',#3566);
#923=VERTEX_POINT('',#3574);
#924=VERTEX_POINT('',#3582);
#925=VERTEX_POINT('',#3584);
#926=VERTEX_POINT('',#3587);
#927=VERTEX_POINT('',#3589);
#928=VERTEX_POINT('',#3592);
#929=VERTEX_POINT('',#3593);
#930=VERTEX_POINT('',#3595);
#931=VERTEX_POINT('',#3603);
#932=VERTEX_POINT('',#3612);
#933=VERTEX_POINT('',#3613);
#934=VERTEX_POINT('',#3615);
#935=VERTEX_POINT('',#3622);
#936=VERTEX_POINT('',#3631);
#937=VERTEX_POINT('',#3632);
#938=VERTEX_POINT('',#3634);
#939=VERTEX_POINT('',#3641);
#940=VERTEX_POINT('',#3643);
#941=VERTEX_POINT('',#3645);
#942=VERTEX_POINT('',#3647);
#943=VERTEX_POINT('',#3654);
#944=VERTEX_POINT('',#3656);
#945=VERTEX_POINT('',#3664);
#946=VERTEX_POINT('',#3672);
#947=VERTEX_POINT('',#3674);
#948=VERTEX_POINT('',#3677);
#949=VERTEX_POINT('',#3679);
#950=VERTEX_POINT('',#3682);
#951=VERTEX_POINT('',#3683);
#952=VERTEX_POINT('',#3691);
#953=VERTEX_POINT('',#3693);
#954=VERTEX_POINT('',#3702);
#955=VERTEX_POINT('',#3703);
#956=VERTEX_POINT('',#3705);
#957=VERTEX_POINT('',#3712);
#958=VERTEX_POINT('',#3721);
#959=VERTEX_POINT('',#3722);
#960=VERTEX_POINT('',#3729);
#961=VERTEX_POINT('',#3731);
#962=VERTEX_POINT('',#3738);
#963=VERTEX_POINT('',#3740);
#964=VERTEX_POINT('',#3742);
#965=VERTEX_POINT('',#3744);
#966=VERTEX_POINT('',#3752);
#967=VERTEX_POINT('',#3754);
#968=VERTEX_POINT('',#3764);
#969=VERTEX_POINT('',#3766);
#970=VERTEX_POINT('',#3769);
#971=VERTEX_POINT('',#3770);
#972=VERTEX_POINT('',#3772);
#973=VERTEX_POINT('',#3779);
#974=VERTEX_POINT('',#3781);
#975=VERTEX_POINT('',#3783);
#976=VERTEX_POINT('',#3785);
#977=VERTEX_POINT('',#3793);
#978=VERTEX_POINT('',#3795);
#979=VERTEX_POINT('',#3804);
#980=VERTEX_POINT('',#3812);
#981=VERTEX_POINT('',#3814);
#982=VERTEX_POINT('',#3817);
#983=VERTEX_POINT('',#3819);
#984=VERTEX_POINT('',#3822);
#985=VERTEX_POINT('',#3823);
#986=VERTEX_POINT('',#3825);
#987=VERTEX_POINT('',#3832);
#988=VERTEX_POINT('',#3840);
#989=VERTEX_POINT('',#3841);
#990=VERTEX_POINT('',#3843);
#991=VERTEX_POINT('',#3851);
#992=EDGE_CURVE('',#788,#788,#597,.T.);
#993=EDGE_CURVE('',#788,#789,#598,.T.);
#994=EDGE_CURVE('',#789,#789,#599,.T.);
#995=EDGE_CURVE('',#790,#791,#600,.T.);
#996=EDGE_CURVE('',#791,#790,#601,.T.);
#997=EDGE_CURVE('',#791,#792,#602,.T.);
#998=EDGE_CURVE('',#793,#792,#603,.T.);
#999=EDGE_CURVE('',#792,#793,#604,.T.);
#1000=EDGE_CURVE('',#794,#795,#605,.T.);
#1001=EDGE_CURVE('',#795,#794,#606,.T.);
#1002=EDGE_CURVE('',#795,#796,#607,.T.);
#1003=EDGE_CURVE('',#796,#796,#608,.T.);
#1004=EDGE_CURVE('',#790,#797,#273,.T.);
#1005=EDGE_CURVE('',#797,#797,#609,.T.);
#1006=EDGE_CURVE('',#794,#793,#274,.T.);
#1007=EDGE_CURVE('',#796,#798,#275,.T.);
#1008=EDGE_CURVE('',#798,#798,#610,.T.);
#1009=EDGE_CURVE('',#789,#799,#276,.T.);
#1010=EDGE_CURVE('',#799,#799,#611,.T.);
#1011=EDGE_CURVE('',#800,#800,#612,.T.);
#1012=EDGE_CURVE('',#800,#788,#277,.T.);
#1013=EDGE_CURVE('',#801,#802,#613,.T.);
#1014=EDGE_CURVE('',#803,#804,#614,.T.);
#1015=EDGE_CURVE('',#805,#806,#615,.T.);
#1016=EDGE_CURVE('',#807,#808,#616,.T.);
#1017=EDGE_CURVE('',#809,#810,#617,.T.);
#1018=EDGE_CURVE('',#811,#812,#618,.T.);
#1019=EDGE_CURVE('',#813,#814,#619,.T.);
#1020=EDGE_CURVE('',#815,#815,#620,.T.);
#1021=EDGE_CURVE('',#815,#816,#621,.T.);
#1022=EDGE_CURVE('',#817,#816,#622,.T.);
#1023=EDGE_CURVE('',#816,#817,#623,.T.);
#1024=EDGE_CURVE('',#818,#818,#624,.T.);
#1025=EDGE_CURVE('',#818,#819,#625,.T.);
#1026=EDGE_CURVE('',#819,#819,#626,.T.);
#1027=EDGE_CURVE('',#820,#820,#627,.T.);
#1028=EDGE_CURVE('',#820,#821,#628,.T.);
#1029=EDGE_CURVE('',#821,#821,#629,.T.);
#1030=EDGE_CURVE('',#822,#823,#630,.T.);
#1031=EDGE_CURVE('',#823,#822,#631,.T.);
#1032=EDGE_CURVE('',#823,#824,#632,.T.);
#1033=EDGE_CURVE('',#824,#824,#633,.T.);
#1034=EDGE_CURVE('',#825,#825,#634,.T.);
#1035=EDGE_CURVE('',#825,#826,#278,.T.);
#1036=EDGE_CURVE('',#826,#826,#635,.T.);
#1037=EDGE_CURVE('',#827,#827,#636,.T.);
#1038=EDGE_CURVE('',#827,#817,#279,.T.);
#1039=EDGE_CURVE('',#822,#828,#280,.T.);
#1040=EDGE_CURVE('',#828,#828,#637,.T.);
#1041=EDGE_CURVE('',#828,#829,#638,.T.);
#1042=EDGE_CURVE('',#829,#829,#639,.T.);
#1043=EDGE_CURVE('',#829,#818,#281,.T.);
#1044=EDGE_CURVE('',#821,#830,#282,.T.);
#1045=EDGE_CURVE('',#830,#830,#640,.T.);
#1046=EDGE_CURVE('',#831,#831,#641,.T.);
#1047=EDGE_CURVE('',#831,#832,#283,.T.);
#1048=EDGE_CURVE('',#832,#832,#642,.T.);
#1049=EDGE_CURVE('',#833,#833,#643,.T.);
#1050=EDGE_CURVE('',#833,#834,#284,.T.);
#1051=EDGE_CURVE('',#834,#834,#644,.T.);
#1052=EDGE_CURVE('',#835,#836,#645,.T.);
#1053=EDGE_CURVE('',#836,#837,#285,.T.);
#1054=EDGE_CURVE('',#837,#837,#646,.T.);
#1055=EDGE_CURVE('',#836,#835,#647,.T.);
#1056=EDGE_CURVE('',#835,#833,#286,.T.);
#1057=EDGE_CURVE('',#838,#838,#648,.T.);
#1058=EDGE_CURVE('',#838,#839,#649,.T.);
#1059=EDGE_CURVE('',#839,#839,#650,.T.);
#1060=EDGE_CURVE('',#840,#841,#39,.T.);
#1061=EDGE_CURVE('',#840,#842,#40,.T.);
#1062=EDGE_CURVE('',#842,#843,#41,.T.);
#1063=EDGE_CURVE('',#843,#841,#42,.T.);
#1064=EDGE_CURVE('',#844,#845,#17,.T.);
#1065=EDGE_CURVE('',#844,#846,#43,.T.);
#1066=EDGE_CURVE('',#846,#847,#18,.T.);
#1067=EDGE_CURVE('',#847,#845,#44,.T.);
#1068=EDGE_CURVE('',#848,#849,#651,.T.);
#1069=EDGE_CURVE('',#848,#850,#45,.T.);
#1070=EDGE_CURVE('',#850,#851,#652,.T.);
#1071=EDGE_CURVE('',#851,#852,#653,.T.);
#1072=EDGE_CURVE('',#852,#853,#654,.T.);
#1073=EDGE_CURVE('',#853,#854,#46,.T.);
#1074=EDGE_CURVE('',#855,#854,#655,.T.);
#1075=EDGE_CURVE('',#855,#856,#47,.T.);
#1076=EDGE_CURVE('',#856,#852,#656,.T.);
#1077=EDGE_CURVE('',#851,#857,#657,.T.);
#1078=EDGE_CURVE('',#857,#849,#48,.T.);
#1079=EDGE_CURVE('',#858,#858,#658,.T.);
#1080=EDGE_CURVE('',#859,#859,#659,.T.);
#1081=EDGE_CURVE('',#860,#860,#660,.T.);
#1082=EDGE_CURVE('',#860,#861,#661,.T.);
#1083=EDGE_CURVE('',#861,#861,#662,.T.);
#1084=EDGE_CURVE('',#862,#863,#49,.T.);
#1085=EDGE_CURVE('',#862,#864,#50,.T.);
#1086=EDGE_CURVE('',#864,#865,#51,.T.);
#1087=EDGE_CURVE('',#865,#863,#52,.T.);
#1088=EDGE_CURVE('',#866,#867,#19,.T.);
#1089=EDGE_CURVE('',#866,#868,#53,.T.);
#1090=EDGE_CURVE('',#868,#869,#20,.T.);
#1091=EDGE_CURVE('',#869,#867,#54,.T.);
#1092=EDGE_CURVE('',#870,#871,#663,.T.);
#1093=EDGE_CURVE('',#870,#872,#55,.T.);
#1094=EDGE_CURVE('',#872,#873,#664,.T.);
#1095=EDGE_CURVE('',#873,#874,#665,.T.);
#1096=EDGE_CURVE('',#874,#875,#666,.T.);
#1097=EDGE_CURVE('',#875,#876,#56,.T.);
#1098=EDGE_CURVE('',#877,#876,#667,.T.);
#1099=EDGE_CURVE('',#877,#878,#57,.T.);
#1100=EDGE_CURVE('',#878,#874,#668,.T.);
#1101=EDGE_CURVE('',#873,#879,#669,.T.);
#1102=EDGE_CURVE('',#879,#871,#58,.T.);
#1103=EDGE_CURVE('',#880,#880,#670,.T.);
#1104=EDGE_CURVE('',#881,#881,#671,.T.);
#1105=EDGE_CURVE('',#882,#882,#672,.T.);
#1106=EDGE_CURVE('',#882,#883,#673,.T.);
#1107=EDGE_CURVE('',#883,#883,#674,.T.);
#1108=EDGE_CURVE('',#884,#885,#21,.T.);
#1109=EDGE_CURVE('',#884,#886,#59,.T.);
#1110=EDGE_CURVE('',#886,#887,#22,.T.);
#1111=EDGE_CURVE('',#887,#885,#60,.T.);
#1112=EDGE_CURVE('',#888,#889,#23,.T.);
#1113=EDGE_CURVE('',#888,#890,#61,.T.);
#1114=EDGE_CURVE('',#890,#891,#24,.T.);
#1115=EDGE_CURVE('',#891,#889,#62,.T.);
#1116=EDGE_CURVE('',#892,#893,#675,.T.);
#1117=EDGE_CURVE('',#892,#894,#63,.T.);
#1118=EDGE_CURVE('',#894,#895,#676,.T.);
#1119=EDGE_CURVE('',#895,#896,#677,.T.);
#1120=EDGE_CURVE('',#896,#897,#678,.T.);
#1121=EDGE_CURVE('',#897,#898,#64,.T.);
#1122=EDGE_CURVE('',#899,#898,#679,.T.);
#1123=EDGE_CURVE('',#899,#900,#65,.T.);
#1124=EDGE_CURVE('',#900,#896,#680,.T.);
#1125=EDGE_CURVE('',#895,#901,#681,.T.);
#1126=EDGE_CURVE('',#901,#893,#66,.T.);
#1127=EDGE_CURVE('',#902,#902,#682,.T.);
#1128=EDGE_CURVE('',#903,#903,#683,.T.);
#1129=EDGE_CURVE('',#904,#904,#684,.T.);
#1130=EDGE_CURVE('',#904,#905,#685,.T.);
#1131=EDGE_CURVE('',#905,#905,#686,.T.);
#1132=EDGE_CURVE('',#906,#907,#67,.T.);
#1133=EDGE_CURVE('',#906,#908,#68,.T.);
#1134=EDGE_CURVE('',#908,#909,#69,.T.);
#1135=EDGE_CURVE('',#909,#907,#70,.T.);
#1136=EDGE_CURVE('',#910,#911,#25,.T.);
#1137=EDGE_CURVE('',#910,#912,#71,.T.);
#1138=EDGE_CURVE('',#912,#913,#26,.T.);
#1139=EDGE_CURVE('',#913,#911,#72,.T.);
#1140=EDGE_CURVE('',#914,#915,#687,.T.);
#1141=EDGE_CURVE('',#914,#916,#73,.T.);
#1142=EDGE_CURVE('',#916,#917,#688,.T.);
#1143=EDGE_CURVE('',#917,#918,#689,.T.);
#1144=EDGE_CURVE('',#918,#919,#690,.T.);
#1145=EDGE_CURVE('',#919,#920,#74,.T.);
#1146=EDGE_CURVE('',#921,#920,#691,.T.);
#1147=EDGE_CURVE('',#921,#922,#75,.T.);
#1148=EDGE_CURVE('',#922,#918,#692,.T.);
#1149=EDGE_CURVE('',#917,#923,#693,.T.);
#1150=EDGE_CURVE('',#923,#915,#76,.T.);
#1151=EDGE_CURVE('',#924,#924,#694,.T.);
#1152=EDGE_CURVE('',#925,#925,#695,.T.);
#1153=EDGE_CURVE('',#926,#926,#696,.T.);
#1154=EDGE_CURVE('',#926,#927,#697,.T.);
#1155=EDGE_CURVE('',#927,#927,#698,.T.);
#1156=EDGE_CURVE('',#928,#929,#27,.T.);
#1157=EDGE_CURVE('',#928,#930,#77,.T.);
#1158=EDGE_CURVE('',#930,#931,#28,.T.);
#1159=EDGE_CURVE('',#931,#929,#78,.T.);
#1160=EDGE_CURVE('',#932,#933,#29,.T.);
#1161=EDGE_CURVE('',#932,#934,#79,.T.);
#1162=EDGE_CURVE('',#934,#935,#30,.T.);
#1163=EDGE_CURVE('',#935,#933,#80,.T.);
#1164=EDGE_CURVE('',#936,#937,#699,.T.);
#1165=EDGE_CURVE('',#936,#938,#81,.T.);
#1166=EDGE_CURVE('',#938,#939,#700,.T.);
#1167=EDGE_CURVE('',#939,#940,#701,.T.);
#1168=EDGE_CURVE('',#940,#941,#702,.T.);
#1169=EDGE_CURVE('',#941,#942,#82,.T.);
#1170=EDGE_CURVE('',#943,#942,#703,.T.);
#1171=EDGE_CURVE('',#943,#944,#83,.T.);
#1172=EDGE_CURVE('',#944,#940,#704,.T.);
#1173=EDGE_CURVE('',#939,#945,#705,.T.);
#1174=EDGE_CURVE('',#945,#937,#84,.T.);
#1175=EDGE_CURVE('',#946,#946,#706,.T.);
#1176=EDGE_CURVE('',#947,#947,#707,.T.);
#1177=EDGE_CURVE('',#948,#948,#708,.T.);
#1178=EDGE_CURVE('',#948,#949,#709,.T.);
#1179=EDGE_CURVE('',#949,#949,#710,.T.);
#1180=EDGE_CURVE('',#950,#951,#85,.T.);
#1181=EDGE_CURVE('',#950,#952,#31,.T.);
#1182=EDGE_CURVE('',#953,#952,#86,.T.);
#1183=EDGE_CURVE('',#951,#953,#32,.T.);
#1184=EDGE_CURVE('',#954,#955,#33,.T.);
#1185=EDGE_CURVE('',#954,#956,#87,.T.);
#1186=EDGE_CURVE('',#956,#957,#34,.T.);
#1187=EDGE_CURVE('',#957,#955,#88,.T.);
#1188=EDGE_CURVE('',#958,#959,#89,.T.);
#1189=EDGE_CURVE('',#958,#960,#711,.T.);
#1190=EDGE_CURVE('',#961,#960,#90,.T.);
#1191=EDGE_CURVE('',#962,#961,#712,.T.);
#1192=EDGE_CURVE('',#962,#963,#713,.T.);
#1193=EDGE_CURVE('',#963,#964,#714,.T.);
#1194=EDGE_CURVE('',#964,#965,#91,.T.);
#1195=EDGE_CURVE('',#966,#965,#715,.T.);
#1196=EDGE_CURVE('',#966,#967,#92,.T.);
#1197=EDGE_CURVE('',#967,#963,#716,.T.);
#1198=EDGE_CURVE('',#959,#962,#717,.T.);
#1199=EDGE_CURVE('',#968,#968,#718,.T.);
#1200=EDGE_CURVE('',#969,#969,#719,.T.);
#1201=EDGE_CURVE('',#970,#971,#720,.T.);
#1202=EDGE_CURVE('',#970,#972,#93,.T.);
#1203=EDGE_CURVE('',#972,#973,#721,.T.);
#1204=EDGE_CURVE('',#973,#974,#722,.T.);
#1205=EDGE_CURVE('',#974,#975,#723,.T.);
#1206=EDGE_CURVE('',#975,#976,#94,.T.);
#1207=EDGE_CURVE('',#977,#976,#724,.T.);
#1208=EDGE_CURVE('',#977,#978,#95,.T.);
#1209=EDGE_CURVE('',#978,#974,#725,.T.);
#1210=EDGE_CURVE('',#973,#979,#726,.T.);
#1211=EDGE_CURVE('',#979,#971,#96,.T.);
#1212=EDGE_CURVE('',#980,#980,#727,.T.);
#1213=EDGE_CURVE('',#981,#981,#728,.T.);
#1214=EDGE_CURVE('',#982,#982,#729,.T.);
#1215=EDGE_CURVE('',#982,#983,#730,.T.);
#1216=EDGE_CURVE('',#983,#983,#731,.T.);
#1217=EDGE_CURVE('',#984,#985,#35,.T.);
#1218=EDGE_CURVE('',#984,#986,#97,.T.);
#1219=EDGE_CURVE('',#986,#987,#36,.T.);
#1220=EDGE_CURVE('',#987,#985,#98,.T.);
#1221=EDGE_CURVE('',#988,#989,#37,.T.);
#1222=EDGE_CURVE('',#988,#990,#99,.T.);
#1223=EDGE_CURVE('',#990,#991,#38,.T.);
#1224=EDGE_CURVE('',#991,#989,#100,.T.);
#1225=EDGE_CURVE('',#991,#953,#732,.T.);
#1226=EDGE_CURVE('',#989,#952,#733,.T.);
#1227=EDGE_CURVE('',#950,#988,#734,.T.);
#1228=EDGE_CURVE('',#951,#990,#735,.T.);
#1229=EDGE_CURVE('',#971,#977,#736,.T.);
#1230=EDGE_CURVE('',#976,#970,#737,.T.);
#1231=EDGE_CURVE('',#979,#978,#738,.T.);
#1232=EDGE_CURVE('',#975,#972,#739,.T.);
#1233=EDGE_CURVE('',#957,#930,#740,.T.);
#1234=EDGE_CURVE('',#931,#956,#741,.T.);
#1235=EDGE_CURVE('',#955,#928,#742,.T.);
#1236=EDGE_CURVE('',#929,#954,#743,.T.);
#1237=EDGE_CURVE('',#937,#943,#744,.T.);
#1238=EDGE_CURVE('',#945,#944,#745,.T.);
#1239=EDGE_CURVE('',#941,#938,#746,.T.);
#1240=EDGE_CURVE('',#942,#936,#747,.T.);
#1241=EDGE_CURVE('',#935,#908,#748,.T.);
#1242=EDGE_CURVE('',#909,#934,#749,.T.);
#1243=EDGE_CURVE('',#933,#906,#750,.T.);
#1244=EDGE_CURVE('',#907,#932,#751,.T.);
#1245=EDGE_CURVE('',#915,#921,#752,.T.);
#1246=EDGE_CURVE('',#923,#922,#753,.T.);
#1247=EDGE_CURVE('',#919,#916,#754,.T.);
#1248=EDGE_CURVE('',#920,#914,#755,.T.);
#1249=EDGE_CURVE('',#913,#886,#756,.T.);
#1250=EDGE_CURVE('',#887,#912,#757,.T.);
#1251=EDGE_CURVE('',#911,#884,#758,.T.);
#1252=EDGE_CURVE('',#885,#910,#759,.T.);
#1253=EDGE_CURVE('',#893,#899,#760,.T.);
#1254=EDGE_CURVE('',#901,#900,#761,.T.);
#1255=EDGE_CURVE('',#897,#894,#762,.T.);
#1256=EDGE_CURVE('',#898,#892,#763,.T.);
#1257=EDGE_CURVE('',#891,#864,#764,.T.);
#1258=EDGE_CURVE('',#865,#890,#765,.T.);
#1259=EDGE_CURVE('',#889,#862,#766,.T.);
#1260=EDGE_CURVE('',#863,#888,#767,.T.);
#1261=EDGE_CURVE('',#871,#877,#768,.T.);
#1262=EDGE_CURVE('',#879,#878,#769,.T.);
#1263=EDGE_CURVE('',#875,#872,#770,.T.);
#1264=EDGE_CURVE('',#876,#870,#771,.T.);
#1265=EDGE_CURVE('',#869,#842,#772,.T.);
#1266=EDGE_CURVE('',#843,#868,#773,.T.);
#1267=EDGE_CURVE('',#867,#840,#774,.T.);
#1268=EDGE_CURVE('',#841,#866,#775,.T.);
#1269=EDGE_CURVE('',#849,#855,#776,.T.);
#1270=EDGE_CURVE('',#857,#856,#777,.T.);
#1271=EDGE_CURVE('',#853,#850,#778,.T.);
#1272=EDGE_CURVE('',#854,#848,#779,.T.);
#1273=EDGE_CURVE('',#847,#986,#780,.T.);
#1274=EDGE_CURVE('',#987,#846,#781,.T.);
#1275=EDGE_CURVE('',#845,#984,#782,.T.);
#1276=EDGE_CURVE('',#985,#844,#783,.T.);
#1277=EDGE_CURVE('',#958,#966,#784,.T.);
#1278=EDGE_CURVE('',#965,#960,#785,.T.);
#1279=EDGE_CURVE('',#959,#967,#786,.T.);
#1280=EDGE_CURVE('',#964,#961,#787,.T.);
#1281=ORIENTED_EDGE('',*,*,#992,.F.);
#1282=ORIENTED_EDGE('',*,*,#993,.T.);
#1283=ORIENTED_EDGE('',*,*,#994,.T.);
#1284=ORIENTED_EDGE('',*,*,#993,.F.);
#1285=ORIENTED_EDGE('',*,*,#995,.F.);
#1286=ORIENTED_EDGE('',*,*,#996,.F.);
#1287=ORIENTED_EDGE('',*,*,#997,.T.);
#1288=ORIENTED_EDGE('',*,*,#998,.F.);
#1289=ORIENTED_EDGE('',*,*,#999,.F.);
#1290=ORIENTED_EDGE('',*,*,#997,.F.);
#1291=ORIENTED_EDGE('',*,*,#1000,.F.);
#1292=ORIENTED_EDGE('',*,*,#1001,.F.);
#1293=ORIENTED_EDGE('',*,*,#1002,.T.);
#1294=ORIENTED_EDGE('',*,*,#1003,.F.);
#1295=ORIENTED_EDGE('',*,*,#1002,.F.);
#1296=ORIENTED_EDGE('',*,*,#995,.T.);
#1297=ORIENTED_EDGE('',*,*,#996,.T.);
#1298=ORIENTED_EDGE('',*,*,#1004,.T.);
#1299=ORIENTED_EDGE('',*,*,#1005,.T.);
#1300=ORIENTED_EDGE('',*,*,#1004,.F.);
#1301=ORIENTED_EDGE('',*,*,#1000,.T.);
#1302=ORIENTED_EDGE('',*,*,#1001,.T.);
#1303=ORIENTED_EDGE('',*,*,#1006,.T.);
#1304=ORIENTED_EDGE('',*,*,#998,.T.);
#1305=ORIENTED_EDGE('',*,*,#999,.T.);
#1306=ORIENTED_EDGE('',*,*,#1006,.F.);
#1307=ORIENTED_EDGE('',*,*,#1003,.T.);
#1308=ORIENTED_EDGE('',*,*,#1007,.T.);
#1309=ORIENTED_EDGE('',*,*,#1008,.F.);
#1310=ORIENTED_EDGE('',*,*,#1007,.F.);
#1311=ORIENTED_EDGE('',*,*,#994,.F.);
#1312=ORIENTED_EDGE('',*,*,#1009,.T.);
#1313=ORIENTED_EDGE('',*,*,#1010,.T.);
#1314=ORIENTED_EDGE('',*,*,#1009,.F.);
#1315=ORIENTED_EDGE('',*,*,#1011,.F.);
#1316=ORIENTED_EDGE('',*,*,#1012,.T.);
#1317=ORIENTED_EDGE('',*,*,#992,.T.);
#1318=ORIENTED_EDGE('',*,*,#1012,.F.);
#1319=ORIENTED_EDGE('',*,*,#1011,.T.);
#1320=ORIENTED_EDGE('',*,*,#1005,.F.);
#1321=ORIENTED_EDGE('',*,*,#1010,.F.);
#1322=ORIENTED_EDGE('',*,*,#1008,.T.);
#1323=ORIENTED_EDGE('',*,*,#1013,.T.);
#1324=ORIENTED_EDGE('',*,*,#1013,.F.);
#1325=ORIENTED_EDGE('',*,*,#1014,.T.);
#1326=ORIENTED_EDGE('',*,*,#1014,.F.);
#1327=ORIENTED_EDGE('',*,*,#1015,.T.);
#1328=ORIENTED_EDGE('',*,*,#1015,.F.);
#1329=ORIENTED_EDGE('',*,*,#1016,.T.);
#1330=ORIENTED_EDGE('',*,*,#1016,.F.);
#1331=ORIENTED_EDGE('',*,*,#1017,.T.);
#1332=ORIENTED_EDGE('',*,*,#1017,.F.);
#1333=ORIENTED_EDGE('',*,*,#1018,.T.);
#1334=ORIENTED_EDGE('',*,*,#1018,.F.);
#1335=ORIENTED_EDGE('',*,*,#1019,.T.);
#1336=ORIENTED_EDGE('',*,*,#1019,.F.);
#1337=ORIENTED_EDGE('',*,*,#1020,.F.);
#1338=ORIENTED_EDGE('',*,*,#1021,.T.);
#1339=ORIENTED_EDGE('',*,*,#1022,.F.);
#1340=ORIENTED_EDGE('',*,*,#1023,.F.);
#1341=ORIENTED_EDGE('',*,*,#1021,.F.);
#1342=ORIENTED_EDGE('',*,*,#1024,.F.);
#1343=ORIENTED_EDGE('',*,*,#1025,.T.);
#1344=ORIENTED_EDGE('',*,*,#1026,.F.);
#1345=ORIENTED_EDGE('',*,*,#1025,.F.);
#1346=ORIENTED_EDGE('',*,*,#1027,.F.);
#1347=ORIENTED_EDGE('',*,*,#1028,.T.);
#1348=ORIENTED_EDGE('',*,*,#1029,.F.);
#1349=ORIENTED_EDGE('',*,*,#1028,.F.);
#1350=ORIENTED_EDGE('',*,*,#1030,.F.);
#1351=ORIENTED_EDGE('',*,*,#1031,.F.);
#1352=ORIENTED_EDGE('',*,*,#1032,.T.);
#1353=ORIENTED_EDGE('',*,*,#1033,.F.);
#1354=ORIENTED_EDGE('',*,*,#1032,.F.);
#1355=ORIENTED_EDGE('',*,*,#1034,.F.);
#1356=ORIENTED_EDGE('',*,*,#1035,.T.);
#1357=ORIENTED_EDGE('',*,*,#1036,.T.);
#1358=ORIENTED_EDGE('',*,*,#1035,.F.);
#1359=ORIENTED_EDGE('',*,*,#1037,.F.);
#1360=ORIENTED_EDGE('',*,*,#1038,.T.);
#1361=ORIENTED_EDGE('',*,*,#1022,.T.);
#1362=ORIENTED_EDGE('',*,*,#1023,.T.);
#1363=ORIENTED_EDGE('',*,*,#1038,.F.);
#1364=ORIENTED_EDGE('',*,*,#1030,.T.);
#1365=ORIENTED_EDGE('',*,*,#1031,.T.);
#1366=ORIENTED_EDGE('',*,*,#1039,.T.);
#1367=ORIENTED_EDGE('',*,*,#1040,.T.);
#1368=ORIENTED_EDGE('',*,*,#1039,.F.);
#1369=ORIENTED_EDGE('',*,*,#1040,.F.);
#1370=ORIENTED_EDGE('',*,*,#1041,.T.);
#1371=ORIENTED_EDGE('',*,*,#1042,.T.);
#1372=ORIENTED_EDGE('',*,*,#1041,.F.);
#1373=ORIENTED_EDGE('',*,*,#1042,.F.);
#1374=ORIENTED_EDGE('',*,*,#1043,.T.);
#1375=ORIENTED_EDGE('',*,*,#1024,.T.);
#1376=ORIENTED_EDGE('',*,*,#1043,.F.);
#1377=ORIENTED_EDGE('',*,*,#1029,.T.);
#1378=ORIENTED_EDGE('',*,*,#1044,.T.);
#1379=ORIENTED_EDGE('',*,*,#1045,.T.);
#1380=ORIENTED_EDGE('',*,*,#1044,.F.);
#1381=ORIENTED_EDGE('',*,*,#1046,.F.);
#1382=ORIENTED_EDGE('',*,*,#1047,.T.);
#1383=ORIENTED_EDGE('',*,*,#1048,.T.);
#1384=ORIENTED_EDGE('',*,*,#1047,.F.);
#1385=ORIENTED_EDGE('',*,*,#1049,.F.);
#1386=ORIENTED_EDGE('',*,*,#1050,.T.);
#1387=ORIENTED_EDGE('',*,*,#1051,.T.);
#1388=ORIENTED_EDGE('',*,*,#1050,.F.);
#1389=ORIENTED_EDGE('',*,*,#1052,.T.);
#1390=ORIENTED_EDGE('',*,*,#1053,.T.);
#1391=ORIENTED_EDGE('',*,*,#1054,.F.);
#1392=ORIENTED_EDGE('',*,*,#1053,.F.);
#1393=ORIENTED_EDGE('',*,*,#1055,.T.);
#1394=ORIENTED_EDGE('',*,*,#1052,.F.);
#1395=ORIENTED_EDGE('',*,*,#1056,.T.);
#1396=ORIENTED_EDGE('',*,*,#1049,.T.);
#1397=ORIENTED_EDGE('',*,*,#1056,.F.);
#1398=ORIENTED_EDGE('',*,*,#1055,.F.);
#1399=ORIENTED_EDGE('',*,*,#1054,.T.);
#1400=ORIENTED_EDGE('',*,*,#1020,.T.);
#1401=ORIENTED_EDGE('',*,*,#1051,.F.);
#1402=ORIENTED_EDGE('',*,*,#1027,.T.);
#1403=ORIENTED_EDGE('',*,*,#1048,.F.);
#1404=ORIENTED_EDGE('',*,*,#1033,.T.);
#1405=ORIENTED_EDGE('',*,*,#1046,.T.);
#1406=ORIENTED_EDGE('',*,*,#1045,.F.);
#1407=ORIENTED_EDGE('',*,*,#1036,.F.);
#1408=ORIENTED_EDGE('',*,*,#1037,.T.);
#1409=ORIENTED_EDGE('',*,*,#1034,.T.);
#1410=ORIENTED_EDGE('',*,*,#1026,.T.);
#1411=ORIENTED_EDGE('',*,*,#1057,.F.);
#1412=ORIENTED_EDGE('',*,*,#1058,.T.);
#1413=ORIENTED_EDGE('',*,*,#1059,.T.);
#1414=ORIENTED_EDGE('',*,*,#1058,.F.);
#1415=ORIENTED_EDGE('',*,*,#1060,.F.);
#1416=ORIENTED_EDGE('',*,*,#1061,.T.);
#1417=ORIENTED_EDGE('',*,*,#1062,.T.);
#1418=ORIENTED_EDGE('',*,*,#1063,.T.);
#1419=ORIENTED_EDGE('',*,*,#1064,.F.);
#1420=ORIENTED_EDGE('',*,*,#1065,.T.);
#1421=ORIENTED_EDGE('',*,*,#1066,.T.);
#1422=ORIENTED_EDGE('',*,*,#1067,.T.);
#1423=ORIENTED_EDGE('',*,*,#1068,.F.);
#1424=ORIENTED_EDGE('',*,*,#1069,.T.);
#1425=ORIENTED_EDGE('',*,*,#1070,.T.);
#1426=ORIENTED_EDGE('',*,*,#1071,.T.);
#1427=ORIENTED_EDGE('',*,*,#1072,.T.);
#1428=ORIENTED_EDGE('',*,*,#1073,.T.);
#1429=ORIENTED_EDGE('',*,*,#1074,.F.);
#1430=ORIENTED_EDGE('',*,*,#1075,.T.);
#1431=ORIENTED_EDGE('',*,*,#1076,.T.);
#1432=ORIENTED_EDGE('',*,*,#1071,.F.);
#1433=ORIENTED_EDGE('',*,*,#1077,.T.);
#1434=ORIENTED_EDGE('',*,*,#1078,.T.);
#1435=ORIENTED_EDGE('',*,*,#1079,.F.);
#1436=ORIENTED_EDGE('',*,*,#1080,.T.);
#1437=ORIENTED_EDGE('',*,*,#1081,.F.);
#1438=ORIENTED_EDGE('',*,*,#1082,.T.);
#1439=ORIENTED_EDGE('',*,*,#1083,.T.);
#1440=ORIENTED_EDGE('',*,*,#1082,.F.);
#1441=ORIENTED_EDGE('',*,*,#1084,.F.);
#1442=ORIENTED_EDGE('',*,*,#1085,.T.);
#1443=ORIENTED_EDGE('',*,*,#1086,.T.);
#1444=ORIENTED_EDGE('',*,*,#1087,.T.);
#1445=ORIENTED_EDGE('',*,*,#1088,.F.);
#1446=ORIENTED_EDGE('',*,*,#1089,.T.);
#1447=ORIENTED_EDGE('',*,*,#1090,.T.);
#1448=ORIENTED_EDGE('',*,*,#1091,.T.);
#1449=ORIENTED_EDGE('',*,*,#1092,.F.);
#1450=ORIENTED_EDGE('',*,*,#1093,.T.);
#1451=ORIENTED_EDGE('',*,*,#1094,.T.);
#1452=ORIENTED_EDGE('',*,*,#1095,.T.);
#1453=ORIENTED_EDGE('',*,*,#1096,.T.);
#1454=ORIENTED_EDGE('',*,*,#1097,.T.);
#1455=ORIENTED_EDGE('',*,*,#1098,.F.);
#1456=ORIENTED_EDGE('',*,*,#1099,.T.);
#1457=ORIENTED_EDGE('',*,*,#1100,.T.);
#1458=ORIENTED_EDGE('',*,*,#1095,.F.);
#1459=ORIENTED_EDGE('',*,*,#1101,.T.);
#1460=ORIENTED_EDGE('',*,*,#1102,.T.);
#1461=ORIENTED_EDGE('',*,*,#1103,.F.);
#1462=ORIENTED_EDGE('',*,*,#1104,.T.);
#1463=ORIENTED_EDGE('',*,*,#1105,.F.);
#1464=ORIENTED_EDGE('',*,*,#1106,.T.);
#1465=ORIENTED_EDGE('',*,*,#1107,.T.);
#1466=ORIENTED_EDGE('',*,*,#1106,.F.);
#1467=ORIENTED_EDGE('',*,*,#1108,.F.);
#1468=ORIENTED_EDGE('',*,*,#1109,.T.);
#1469=ORIENTED_EDGE('',*,*,#1110,.T.);
#1470=ORIENTED_EDGE('',*,*,#1111,.T.);
#1471=ORIENTED_EDGE('',*,*,#1112,.F.);
#1472=ORIENTED_EDGE('',*,*,#1113,.T.);
#1473=ORIENTED_EDGE('',*,*,#1114,.T.);
#1474=ORIENTED_EDGE('',*,*,#1115,.T.);
#1475=ORIENTED_EDGE('',*,*,#1116,.F.);
#1476=ORIENTED_EDGE('',*,*,#1117,.T.);
#1477=ORIENTED_EDGE('',*,*,#1118,.T.);
#1478=ORIENTED_EDGE('',*,*,#1119,.T.);
#1479=ORIENTED_EDGE('',*,*,#1120,.T.);
#1480=ORIENTED_EDGE('',*,*,#1121,.T.);
#1481=ORIENTED_EDGE('',*,*,#1122,.F.);
#1482=ORIENTED_EDGE('',*,*,#1123,.T.);
#1483=ORIENTED_EDGE('',*,*,#1124,.T.);
#1484=ORIENTED_EDGE('',*,*,#1119,.F.);
#1485=ORIENTED_EDGE('',*,*,#1125,.T.);
#1486=ORIENTED_EDGE('',*,*,#1126,.T.);
#1487=ORIENTED_EDGE('',*,*,#1127,.F.);
#1488=ORIENTED_EDGE('',*,*,#1128,.T.);
#1489=ORIENTED_EDGE('',*,*,#1129,.F.);
#1490=ORIENTED_EDGE('',*,*,#1130,.T.);
#1491=ORIENTED_EDGE('',*,*,#1131,.T.);
#1492=ORIENTED_EDGE('',*,*,#1130,.F.);
#1493=ORIENTED_EDGE('',*,*,#1132,.F.);
#1494=ORIENTED_EDGE('',*,*,#1133,.T.);
#1495=ORIENTED_EDGE('',*,*,#1134,.T.);
#1496=ORIENTED_EDGE('',*,*,#1135,.T.);
#1497=ORIENTED_EDGE('',*,*,#1136,.F.);
#1498=ORIENTED_EDGE('',*,*,#1137,.T.);
#1499=ORIENTED_EDGE('',*,*,#1138,.T.);
#1500=ORIENTED_EDGE('',*,*,#1139,.T.);
#1501=ORIENTED_EDGE('',*,*,#1140,.F.);
#1502=ORIENTED_EDGE('',*,*,#1141,.T.);
#1503=ORIENTED_EDGE('',*,*,#1142,.T.);
#1504=ORIENTED_EDGE('',*,*,#1143,.T.);
#1505=ORIENTED_EDGE('',*,*,#1144,.T.);
#1506=ORIENTED_EDGE('',*,*,#1145,.T.);
#1507=ORIENTED_EDGE('',*,*,#1146,.F.);
#1508=ORIENTED_EDGE('',*,*,#1147,.T.);
#1509=ORIENTED_EDGE('',*,*,#1148,.T.);
#1510=ORIENTED_EDGE('',*,*,#1143,.F.);
#1511=ORIENTED_EDGE('',*,*,#1149,.T.);
#1512=ORIENTED_EDGE('',*,*,#1150,.T.);
#1513=ORIENTED_EDGE('',*,*,#1151,.F.);
#1514=ORIENTED_EDGE('',*,*,#1152,.T.);
#1515=ORIENTED_EDGE('',*,*,#1153,.F.);
#1516=ORIENTED_EDGE('',*,*,#1154,.T.);
#1517=ORIENTED_EDGE('',*,*,#1155,.T.);
#1518=ORIENTED_EDGE('',*,*,#1154,.F.);
#1519=ORIENTED_EDGE('',*,*,#1156,.F.);
#1520=ORIENTED_EDGE('',*,*,#1157,.T.);
#1521=ORIENTED_EDGE('',*,*,#1158,.T.);
#1522=ORIENTED_EDGE('',*,*,#1159,.T.);
#1523=ORIENTED_EDGE('',*,*,#1160,.F.);
#1524=ORIENTED_EDGE('',*,*,#1161,.T.);
#1525=ORIENTED_EDGE('',*,*,#1162,.T.);
#1526=ORIENTED_EDGE('',*,*,#1163,.T.);
#1527=ORIENTED_EDGE('',*,*,#1164,.F.);
#1528=ORIENTED_EDGE('',*,*,#1165,.T.);
#1529=ORIENTED_EDGE('',*,*,#1166,.T.);
#1530=ORIENTED_EDGE('',*,*,#1167,.T.);
#1531=ORIENTED_EDGE('',*,*,#1168,.T.);
#1532=ORIENTED_EDGE('',*,*,#1169,.T.);
#1533=ORIENTED_EDGE('',*,*,#1170,.F.);
#1534=ORIENTED_EDGE('',*,*,#1171,.T.);
#1535=ORIENTED_EDGE('',*,*,#1172,.T.);
#1536=ORIENTED_EDGE('',*,*,#1167,.F.);
#1537=ORIENTED_EDGE('',*,*,#1173,.T.);
#1538=ORIENTED_EDGE('',*,*,#1174,.T.);
#1539=ORIENTED_EDGE('',*,*,#1175,.F.);
#1540=ORIENTED_EDGE('',*,*,#1176,.T.);
#1541=ORIENTED_EDGE('',*,*,#1177,.F.);
#1542=ORIENTED_EDGE('',*,*,#1178,.T.);
#1543=ORIENTED_EDGE('',*,*,#1179,.T.);
#1544=ORIENTED_EDGE('',*,*,#1178,.F.);
#1545=ORIENTED_EDGE('',*,*,#1180,.F.);
#1546=ORIENTED_EDGE('',*,*,#1181,.T.);
#1547=ORIENTED_EDGE('',*,*,#1182,.F.);
#1548=ORIENTED_EDGE('',*,*,#1183,.F.);
#1549=ORIENTED_EDGE('',*,*,#1184,.F.);
#1550=ORIENTED_EDGE('',*,*,#1185,.T.);
#1551=ORIENTED_EDGE('',*,*,#1186,.T.);
#1552=ORIENTED_EDGE('',*,*,#1187,.T.);
#1553=ORIENTED_EDGE('',*,*,#1188,.F.);
#1554=ORIENTED_EDGE('',*,*,#1189,.T.);
#1555=ORIENTED_EDGE('',*,*,#1190,.F.);
#1556=ORIENTED_EDGE('',*,*,#1191,.F.);
#1557=ORIENTED_EDGE('',*,*,#1192,.T.);
#1558=ORIENTED_EDGE('',*,*,#1193,.T.);
#1559=ORIENTED_EDGE('',*,*,#1194,.T.);
#1560=ORIENTED_EDGE('',*,*,#1195,.F.);
#1561=ORIENTED_EDGE('',*,*,#1196,.T.);
#1562=ORIENTED_EDGE('',*,*,#1197,.T.);
#1563=ORIENTED_EDGE('',*,*,#1192,.F.);
#1564=ORIENTED_EDGE('',*,*,#1198,.F.);
#1565=ORIENTED_EDGE('',*,*,#1199,.F.);
#1566=ORIENTED_EDGE('',*,*,#1200,.T.);
#1567=ORIENTED_EDGE('',*,*,#1201,.F.);
#1568=ORIENTED_EDGE('',*,*,#1202,.T.);
#1569=ORIENTED_EDGE('',*,*,#1203,.T.);
#1570=ORIENTED_EDGE('',*,*,#1204,.T.);
#1571=ORIENTED_EDGE('',*,*,#1205,.T.);
#1572=ORIENTED_EDGE('',*,*,#1206,.T.);
#1573=ORIENTED_EDGE('',*,*,#1207,.F.);
#1574=ORIENTED_EDGE('',*,*,#1208,.T.);
#1575=ORIENTED_EDGE('',*,*,#1209,.T.);
#1576=ORIENTED_EDGE('',*,*,#1204,.F.);
#1577=ORIENTED_EDGE('',*,*,#1210,.T.);
#1578=ORIENTED_EDGE('',*,*,#1211,.T.);
#1579=ORIENTED_EDGE('',*,*,#1212,.F.);
#1580=ORIENTED_EDGE('',*,*,#1213,.T.);
#1581=ORIENTED_EDGE('',*,*,#1214,.F.);
#1582=ORIENTED_EDGE('',*,*,#1215,.T.);
#1583=ORIENTED_EDGE('',*,*,#1216,.T.);
#1584=ORIENTED_EDGE('',*,*,#1215,.F.);
#1585=ORIENTED_EDGE('',*,*,#1217,.F.);
#1586=ORIENTED_EDGE('',*,*,#1218,.T.);
#1587=ORIENTED_EDGE('',*,*,#1219,.T.);
#1588=ORIENTED_EDGE('',*,*,#1220,.T.);
#1589=ORIENTED_EDGE('',*,*,#1221,.F.);
#1590=ORIENTED_EDGE('',*,*,#1222,.T.);
#1591=ORIENTED_EDGE('',*,*,#1223,.T.);
#1592=ORIENTED_EDGE('',*,*,#1224,.T.);
#1593=ORIENTED_EDGE('',*,*,#1225,.T.);
#1594=ORIENTED_EDGE('',*,*,#1182,.T.);
#1595=ORIENTED_EDGE('',*,*,#1226,.F.);
#1596=ORIENTED_EDGE('',*,*,#1224,.F.);
#1597=ORIENTED_EDGE('',*,*,#1227,.F.);
#1598=ORIENTED_EDGE('',*,*,#1180,.T.);
#1599=ORIENTED_EDGE('',*,*,#1228,.T.);
#1600=ORIENTED_EDGE('',*,*,#1222,.F.);
#1601=ORIENTED_EDGE('',*,*,#1181,.F.);
#1602=ORIENTED_EDGE('',*,*,#1227,.T.);
#1603=ORIENTED_EDGE('',*,*,#1221,.T.);
#1604=ORIENTED_EDGE('',*,*,#1226,.T.);
#1605=ORIENTED_EDGE('',*,*,#1228,.F.);
#1606=ORIENTED_EDGE('',*,*,#1183,.T.);
#1607=ORIENTED_EDGE('',*,*,#1225,.F.);
#1608=ORIENTED_EDGE('',*,*,#1223,.F.);
#1609=ORIENTED_EDGE('',*,*,#1214,.T.);
#1610=ORIENTED_EDGE('',*,*,#1213,.F.);
#1611=ORIENTED_EDGE('',*,*,#1216,.F.);
#1612=ORIENTED_EDGE('',*,*,#1212,.T.);
#1613=ORIENTED_EDGE('',*,*,#1229,.T.);
#1614=ORIENTED_EDGE('',*,*,#1207,.T.);
#1615=ORIENTED_EDGE('',*,*,#1230,.T.);
#1616=ORIENTED_EDGE('',*,*,#1201,.T.);
#1617=ORIENTED_EDGE('',*,*,#1209,.F.);
#1618=ORIENTED_EDGE('',*,*,#1231,.F.);
#1619=ORIENTED_EDGE('',*,*,#1210,.F.);
#1620=ORIENTED_EDGE('',*,*,#1203,.F.);
#1621=ORIENTED_EDGE('',*,*,#1232,.F.);
#1622=ORIENTED_EDGE('',*,*,#1205,.F.);
#1623=ORIENTED_EDGE('',*,*,#1206,.F.);
#1624=ORIENTED_EDGE('',*,*,#1232,.T.);
#1625=ORIENTED_EDGE('',*,*,#1202,.F.);
#1626=ORIENTED_EDGE('',*,*,#1230,.F.);
#1627=ORIENTED_EDGE('',*,*,#1208,.F.);
#1628=ORIENTED_EDGE('',*,*,#1229,.F.);
#1629=ORIENTED_EDGE('',*,*,#1211,.F.);
#1630=ORIENTED_EDGE('',*,*,#1231,.T.);
#1631=ORIENTED_EDGE('',*,*,#1179,.F.);
#1632=ORIENTED_EDGE('',*,*,#1199,.T.);
#1633=ORIENTED_EDGE('',*,*,#1177,.T.);
#1634=ORIENTED_EDGE('',*,*,#1200,.F.);
#1635=ORIENTED_EDGE('',*,*,#1158,.F.);
#1636=ORIENTED_EDGE('',*,*,#1233,.F.);
#1637=ORIENTED_EDGE('',*,*,#1186,.F.);
#1638=ORIENTED_EDGE('',*,*,#1234,.F.);
#1639=ORIENTED_EDGE('',*,*,#1235,.T.);
#1640=ORIENTED_EDGE('',*,*,#1156,.T.);
#1641=ORIENTED_EDGE('',*,*,#1236,.T.);
#1642=ORIENTED_EDGE('',*,*,#1184,.T.);
#1643=ORIENTED_EDGE('',*,*,#1159,.F.);
#1644=ORIENTED_EDGE('',*,*,#1234,.T.);
#1645=ORIENTED_EDGE('',*,*,#1185,.F.);
#1646=ORIENTED_EDGE('',*,*,#1236,.F.);
#1647=ORIENTED_EDGE('',*,*,#1157,.F.);
#1648=ORIENTED_EDGE('',*,*,#1235,.F.);
#1649=ORIENTED_EDGE('',*,*,#1187,.F.);
#1650=ORIENTED_EDGE('',*,*,#1233,.T.);
#1651=ORIENTED_EDGE('',*,*,#1171,.F.);
#1652=ORIENTED_EDGE('',*,*,#1237,.F.);
#1653=ORIENTED_EDGE('',*,*,#1174,.F.);
#1654=ORIENTED_EDGE('',*,*,#1238,.T.);
#1655=ORIENTED_EDGE('',*,*,#1169,.F.);
#1656=ORIENTED_EDGE('',*,*,#1239,.T.);
#1657=ORIENTED_EDGE('',*,*,#1165,.F.);
#1658=ORIENTED_EDGE('',*,*,#1240,.F.);
#1659=ORIENTED_EDGE('',*,*,#1172,.F.);
#1660=ORIENTED_EDGE('',*,*,#1238,.F.);
#1661=ORIENTED_EDGE('',*,*,#1173,.F.);
#1662=ORIENTED_EDGE('',*,*,#1166,.F.);
#1663=ORIENTED_EDGE('',*,*,#1239,.F.);
#1664=ORIENTED_EDGE('',*,*,#1168,.F.);
#1665=ORIENTED_EDGE('',*,*,#1237,.T.);
#1666=ORIENTED_EDGE('',*,*,#1170,.T.);
#1667=ORIENTED_EDGE('',*,*,#1240,.T.);
#1668=ORIENTED_EDGE('',*,*,#1164,.T.);
#1669=ORIENTED_EDGE('',*,*,#1155,.F.);
#1670=ORIENTED_EDGE('',*,*,#1175,.T.);
#1671=ORIENTED_EDGE('',*,*,#1153,.T.);
#1672=ORIENTED_EDGE('',*,*,#1176,.F.);
#1673=ORIENTED_EDGE('',*,*,#1134,.F.);
#1674=ORIENTED_EDGE('',*,*,#1241,.F.);
#1675=ORIENTED_EDGE('',*,*,#1162,.F.);
#1676=ORIENTED_EDGE('',*,*,#1242,.F.);
#1677=ORIENTED_EDGE('',*,*,#1243,.T.);
#1678=ORIENTED_EDGE('',*,*,#1132,.T.);
#1679=ORIENTED_EDGE('',*,*,#1244,.T.);
#1680=ORIENTED_EDGE('',*,*,#1160,.T.);
#1681=ORIENTED_EDGE('',*,*,#1135,.F.);
#1682=ORIENTED_EDGE('',*,*,#1242,.T.);
#1683=ORIENTED_EDGE('',*,*,#1161,.F.);
#1684=ORIENTED_EDGE('',*,*,#1244,.F.);
#1685=ORIENTED_EDGE('',*,*,#1133,.F.);
#1686=ORIENTED_EDGE('',*,*,#1243,.F.);
#1687=ORIENTED_EDGE('',*,*,#1163,.F.);
#1688=ORIENTED_EDGE('',*,*,#1241,.T.);
#1689=ORIENTED_EDGE('',*,*,#1147,.F.);
#1690=ORIENTED_EDGE('',*,*,#1245,.F.);
#1691=ORIENTED_EDGE('',*,*,#1150,.F.);
#1692=ORIENTED_EDGE('',*,*,#1246,.T.);
#1693=ORIENTED_EDGE('',*,*,#1145,.F.);
#1694=ORIENTED_EDGE('',*,*,#1247,.T.);
#1695=ORIENTED_EDGE('',*,*,#1141,.F.);
#1696=ORIENTED_EDGE('',*,*,#1248,.F.);
#1697=ORIENTED_EDGE('',*,*,#1148,.F.);
#1698=ORIENTED_EDGE('',*,*,#1246,.F.);
#1699=ORIENTED_EDGE('',*,*,#1149,.F.);
#1700=ORIENTED_EDGE('',*,*,#1142,.F.);
#1701=ORIENTED_EDGE('',*,*,#1247,.F.);
#1702=ORIENTED_EDGE('',*,*,#1144,.F.);
#1703=ORIENTED_EDGE('',*,*,#1245,.T.);
#1704=ORIENTED_EDGE('',*,*,#1146,.T.);
#1705=ORIENTED_EDGE('',*,*,#1248,.T.);
#1706=ORIENTED_EDGE('',*,*,#1140,.T.);
#1707=ORIENTED_EDGE('',*,*,#1131,.F.);
#1708=ORIENTED_EDGE('',*,*,#1151,.T.);
#1709=ORIENTED_EDGE('',*,*,#1129,.T.);
#1710=ORIENTED_EDGE('',*,*,#1152,.F.);
#1711=ORIENTED_EDGE('',*,*,#1110,.F.);
#1712=ORIENTED_EDGE('',*,*,#1249,.F.);
#1713=ORIENTED_EDGE('',*,*,#1138,.F.);
#1714=ORIENTED_EDGE('',*,*,#1250,.F.);
#1715=ORIENTED_EDGE('',*,*,#1251,.T.);
#1716=ORIENTED_EDGE('',*,*,#1108,.T.);
#1717=ORIENTED_EDGE('',*,*,#1252,.T.);
#1718=ORIENTED_EDGE('',*,*,#1136,.T.);
#1719=ORIENTED_EDGE('',*,*,#1111,.F.);
#1720=ORIENTED_EDGE('',*,*,#1250,.T.);
#1721=ORIENTED_EDGE('',*,*,#1137,.F.);
#1722=ORIENTED_EDGE('',*,*,#1252,.F.);
#1723=ORIENTED_EDGE('',*,*,#1109,.F.);
#1724=ORIENTED_EDGE('',*,*,#1251,.F.);
#1725=ORIENTED_EDGE('',*,*,#1139,.F.);
#1726=ORIENTED_EDGE('',*,*,#1249,.T.);
#1727=ORIENTED_EDGE('',*,*,#1123,.F.);
#1728=ORIENTED_EDGE('',*,*,#1253,.F.);
#1729=ORIENTED_EDGE('',*,*,#1126,.F.);
#1730=ORIENTED_EDGE('',*,*,#1254,.T.);
#1731=ORIENTED_EDGE('',*,*,#1121,.F.);
#1732=ORIENTED_EDGE('',*,*,#1255,.T.);
#1733=ORIENTED_EDGE('',*,*,#1117,.F.);
#1734=ORIENTED_EDGE('',*,*,#1256,.F.);
#1735=ORIENTED_EDGE('',*,*,#1124,.F.);
#1736=ORIENTED_EDGE('',*,*,#1254,.F.);
#1737=ORIENTED_EDGE('',*,*,#1125,.F.);
#1738=ORIENTED_EDGE('',*,*,#1118,.F.);
#1739=ORIENTED_EDGE('',*,*,#1255,.F.);
#1740=ORIENTED_EDGE('',*,*,#1120,.F.);
#1741=ORIENTED_EDGE('',*,*,#1253,.T.);
#1742=ORIENTED_EDGE('',*,*,#1122,.T.);
#1743=ORIENTED_EDGE('',*,*,#1256,.T.);
#1744=ORIENTED_EDGE('',*,*,#1116,.T.);
#1745=ORIENTED_EDGE('',*,*,#1107,.F.);
#1746=ORIENTED_EDGE('',*,*,#1127,.T.);
#1747=ORIENTED_EDGE('',*,*,#1105,.T.);
#1748=ORIENTED_EDGE('',*,*,#1128,.F.);
#1749=ORIENTED_EDGE('',*,*,#1086,.F.);
#1750=ORIENTED_EDGE('',*,*,#1257,.F.);
#1751=ORIENTED_EDGE('',*,*,#1114,.F.);
#1752=ORIENTED_EDGE('',*,*,#1258,.F.);
#1753=ORIENTED_EDGE('',*,*,#1259,.T.);
#1754=ORIENTED_EDGE('',*,*,#1084,.T.);
#1755=ORIENTED_EDGE('',*,*,#1260,.T.);
#1756=ORIENTED_EDGE('',*,*,#1112,.T.);
#1757=ORIENTED_EDGE('',*,*,#1087,.F.);
#1758=ORIENTED_EDGE('',*,*,#1258,.T.);
#1759=ORIENTED_EDGE('',*,*,#1113,.F.);
#1760=ORIENTED_EDGE('',*,*,#1260,.F.);
#1761=ORIENTED_EDGE('',*,*,#1085,.F.);
#1762=ORIENTED_EDGE('',*,*,#1259,.F.);
#1763=ORIENTED_EDGE('',*,*,#1115,.F.);
#1764=ORIENTED_EDGE('',*,*,#1257,.T.);
#1765=ORIENTED_EDGE('',*,*,#1099,.F.);
#1766=ORIENTED_EDGE('',*,*,#1261,.F.);
#1767=ORIENTED_EDGE('',*,*,#1102,.F.);
#1768=ORIENTED_EDGE('',*,*,#1262,.T.);
#1769=ORIENTED_EDGE('',*,*,#1097,.F.);
#1770=ORIENTED_EDGE('',*,*,#1263,.T.);
#1771=ORIENTED_EDGE('',*,*,#1093,.F.);
#1772=ORIENTED_EDGE('',*,*,#1264,.F.);
#1773=ORIENTED_EDGE('',*,*,#1100,.F.);
#1774=ORIENTED_EDGE('',*,*,#1262,.F.);
#1775=ORIENTED_EDGE('',*,*,#1101,.F.);
#1776=ORIENTED_EDGE('',*,*,#1094,.F.);
#1777=ORIENTED_EDGE('',*,*,#1263,.F.);
#1778=ORIENTED_EDGE('',*,*,#1096,.F.);
#1779=ORIENTED_EDGE('',*,*,#1261,.T.);
#1780=ORIENTED_EDGE('',*,*,#1098,.T.);
#1781=ORIENTED_EDGE('',*,*,#1264,.T.);
#1782=ORIENTED_EDGE('',*,*,#1092,.T.);
#1783=ORIENTED_EDGE('',*,*,#1083,.F.);
#1784=ORIENTED_EDGE('',*,*,#1103,.T.);
#1785=ORIENTED_EDGE('',*,*,#1081,.T.);
#1786=ORIENTED_EDGE('',*,*,#1104,.F.);
#1787=ORIENTED_EDGE('',*,*,#1062,.F.);
#1788=ORIENTED_EDGE('',*,*,#1265,.F.);
#1789=ORIENTED_EDGE('',*,*,#1090,.F.);
#1790=ORIENTED_EDGE('',*,*,#1266,.F.);
#1791=ORIENTED_EDGE('',*,*,#1267,.T.);
#1792=ORIENTED_EDGE('',*,*,#1060,.T.);
#1793=ORIENTED_EDGE('',*,*,#1268,.T.);
#1794=ORIENTED_EDGE('',*,*,#1088,.T.);
#1795=ORIENTED_EDGE('',*,*,#1063,.F.);
#1796=ORIENTED_EDGE('',*,*,#1266,.T.);
#1797=ORIENTED_EDGE('',*,*,#1089,.F.);
#1798=ORIENTED_EDGE('',*,*,#1268,.F.);
#1799=ORIENTED_EDGE('',*,*,#1061,.F.);
#1800=ORIENTED_EDGE('',*,*,#1267,.F.);
#1801=ORIENTED_EDGE('',*,*,#1091,.F.);
#1802=ORIENTED_EDGE('',*,*,#1265,.T.);
#1803=ORIENTED_EDGE('',*,*,#1075,.F.);
#1804=ORIENTED_EDGE('',*,*,#1269,.F.);
#1805=ORIENTED_EDGE('',*,*,#1078,.F.);
#1806=ORIENTED_EDGE('',*,*,#1270,.T.);
#1807=ORIENTED_EDGE('',*,*,#1073,.F.);
#1808=ORIENTED_EDGE('',*,*,#1271,.T.);
#1809=ORIENTED_EDGE('',*,*,#1069,.F.);
#1810=ORIENTED_EDGE('',*,*,#1272,.F.);
#1811=ORIENTED_EDGE('',*,*,#1076,.F.);
#1812=ORIENTED_EDGE('',*,*,#1270,.F.);
#1813=ORIENTED_EDGE('',*,*,#1077,.F.);
#1814=ORIENTED_EDGE('',*,*,#1070,.F.);
#1815=ORIENTED_EDGE('',*,*,#1271,.F.);
#1816=ORIENTED_EDGE('',*,*,#1072,.F.);
#1817=ORIENTED_EDGE('',*,*,#1269,.T.);
#1818=ORIENTED_EDGE('',*,*,#1074,.T.);
#1819=ORIENTED_EDGE('',*,*,#1272,.T.);
#1820=ORIENTED_EDGE('',*,*,#1068,.T.);
#1821=ORIENTED_EDGE('',*,*,#1059,.F.);
#1822=ORIENTED_EDGE('',*,*,#1079,.T.);
#1823=ORIENTED_EDGE('',*,*,#1057,.T.);
#1824=ORIENTED_EDGE('',*,*,#1080,.F.);
#1825=ORIENTED_EDGE('',*,*,#1219,.F.);
#1826=ORIENTED_EDGE('',*,*,#1273,.F.);
#1827=ORIENTED_EDGE('',*,*,#1066,.F.);
#1828=ORIENTED_EDGE('',*,*,#1274,.F.);
#1829=ORIENTED_EDGE('',*,*,#1275,.T.);
#1830=ORIENTED_EDGE('',*,*,#1217,.T.);
#1831=ORIENTED_EDGE('',*,*,#1276,.T.);
#1832=ORIENTED_EDGE('',*,*,#1064,.T.);
#1833=ORIENTED_EDGE('',*,*,#1220,.F.);
#1834=ORIENTED_EDGE('',*,*,#1274,.T.);
#1835=ORIENTED_EDGE('',*,*,#1065,.F.);
#1836=ORIENTED_EDGE('',*,*,#1276,.F.);
#1837=ORIENTED_EDGE('',*,*,#1218,.F.);
#1838=ORIENTED_EDGE('',*,*,#1275,.F.);
#1839=ORIENTED_EDGE('',*,*,#1067,.F.);
#1840=ORIENTED_EDGE('',*,*,#1273,.T.);
#1841=ORIENTED_EDGE('',*,*,#1189,.F.);
#1842=ORIENTED_EDGE('',*,*,#1277,.T.);
#1843=ORIENTED_EDGE('',*,*,#1195,.T.);
#1844=ORIENTED_EDGE('',*,*,#1278,.T.);
#1845=ORIENTED_EDGE('',*,*,#1279,.F.);
#1846=ORIENTED_EDGE('',*,*,#1198,.T.);
#1847=ORIENTED_EDGE('',*,*,#1191,.T.);
#1848=ORIENTED_EDGE('',*,*,#1280,.F.);
#1849=ORIENTED_EDGE('',*,*,#1193,.F.);
#1850=ORIENTED_EDGE('',*,*,#1197,.F.);
#1851=ORIENTED_EDGE('',*,*,#1280,.T.);
#1852=ORIENTED_EDGE('',*,*,#1190,.T.);
#1853=ORIENTED_EDGE('',*,*,#1278,.F.);
#1854=ORIENTED_EDGE('',*,*,#1194,.F.);
#1855=ORIENTED_EDGE('',*,*,#1277,.F.);
#1856=ORIENTED_EDGE('',*,*,#1188,.T.);
#1857=ORIENTED_EDGE('',*,*,#1279,.T.);
#1858=ORIENTED_EDGE('',*,*,#1196,.F.);
#1859=TOROIDAL_SURFACE('',#2019,7.5,1.90157231151412);
#1860=TOROIDAL_SURFACE('',#2023,4.2625,0.2625);
#1861=TOROIDAL_SURFACE('',#2029,4.2625,0.2625);
#1862=TOROIDAL_SURFACE('',#2059,8.58057692307691,0.0315);
#1863=TOROIDAL_SURFACE('',#2064,8.45457692307692,0.0315);
#1864=TOROIDAL_SURFACE('',#2068,8.58057692307691,0.0315);
#1865=TOROIDAL_SURFACE('',#2072,8.45457692307691,0.0315);
#1866=TOROIDAL_SURFACE('',#2084,7.5,1.90157231151412);
#1867=TOROIDAL_SURFACE('',#2107,1.41742798638446,0.841105432527515);
#1868=TOROIDAL_SURFACE('',#2123,1.41742798638446,0.841105432527515);
#1869=TOROIDAL_SURFACE('',#2139,1.41742798638446,0.841105432527515);
#1870=TOROIDAL_SURFACE('',#2157,1.41742798638446,0.841105432527515);
#1871=TOROIDAL_SURFACE('',#2173,1.41742798638446,0.841105432527515);
#1872=TOROIDAL_SURFACE('',#2191,1.41742798638446,0.841105432527515);
#1873=TOROIDAL_SURFACE('',#2219,1.41742798638446,0.841105432527515);
#1874=ADVANCED_FACE('',(#305),#1859,.F.);
#1875=ADVANCED_FACE('',(#306),#1860,.T.);
#1876=ADVANCED_FACE('',(#307),#1861,.T.);
#1877=ADVANCED_FACE('',(#308),#301,.F.);
#1878=ADVANCED_FACE('',(#309),#235,.F.);
#1879=ADVANCED_FACE('',(#310),#302,.F.);
#1880=ADVANCED_FACE('',(#311),#236,.T.);
#1881=ADVANCED_FACE('',(#312),#237,.T.);
#1882=ADVANCED_FACE('',(#313,#135),#185,.F.);
#1883=ADVANCED_FACE('',(#314,#136),#186,.F.);
#1884=ADVANCED_FACE('',(#315),#101,.T.);
#1885=ADVANCED_FACE('',(#316),#102,.T.);
#1886=ADVANCED_FACE('',(#317),#103,.T.);
#1887=ADVANCED_FACE('',(#318),#104,.T.);
#1888=ADVANCED_FACE('',(#319),#105,.T.);
#1889=ADVANCED_FACE('',(#320),#106,.T.);
#1890=ADVANCED_FACE('',(#321),#107,.T.);
#1891=ADVANCED_FACE('',(#322),#1862,.T.);
#1892=ADVANCED_FACE('',(#323),#1863,.T.);
#1893=ADVANCED_FACE('',(#324),#1864,.T.);
#1894=ADVANCED_FACE('',(#325),#1865,.T.);
#1895=ADVANCED_FACE('',(#326),#238,.F.);
#1896=ADVANCED_FACE('',(#327),#239,.F.);
#1897=ADVANCED_FACE('',(#328),#240,.F.);
#1898=ADVANCED_FACE('',(#329),#1866,.F.);
#1899=ADVANCED_FACE('',(#330),#241,.F.);
#1900=ADVANCED_FACE('',(#331),#242,.F.);
#1901=ADVANCED_FACE('',(#332),#243,.F.);
#1902=ADVANCED_FACE('',(#333),#303,.T.);
#1903=ADVANCED_FACE('',(#334),#304,.T.);
#1904=ADVANCED_FACE('',(#335),#244,.T.);
#1905=ADVANCED_FACE('',(#336,#137),#187,.F.);
#1906=ADVANCED_FACE('',(#337,#138),#188,.F.);
#1907=ADVANCED_FACE('',(#338,#139),#189,.T.);
#1908=ADVANCED_FACE('',(#339,#140),#190,.T.);
#1909=ADVANCED_FACE('',(#340,#141),#191,.T.);
#1910=ADVANCED_FACE('',(#341,#142),#192,.T.);
#1911=ADVANCED_FACE('',(#342,#143,#144),#1867,.T.);
#1912=ADVANCED_FACE('',(#343,#145,#146),#108,.F.);
#1913=ADVANCED_FACE('',(#344,#147,#148),#1868,.T.);
#1914=ADVANCED_FACE('',(#345,#149,#150),#109,.F.);
#1915=ADVANCED_FACE('',(#346,#151,#152),#1869,.T.);
#1916=ADVANCED_FACE('',(#347,#153,#154),#110,.F.);
#1917=ADVANCED_FACE('',(#348,#155,#156),#1870,.T.);
#1918=ADVANCED_FACE('',(#349,#157,#158),#111,.F.);
#1919=ADVANCED_FACE('',(#350,#159,#160),#1871,.T.);
#1920=ADVANCED_FACE('',(#351,#161,#162),#112,.F.);
#1921=ADVANCED_FACE('',(#352,#163,#164),#1872,.T.);
#1922=ADVANCED_FACE('',(#353,#165,#166),#113,.F.);
#1923=ADVANCED_FACE('',(#354,#167,#168),#114,.F.);
#1924=ADVANCED_FACE('',(#355,#169,#170),#1873,.T.);
#1925=ADVANCED_FACE('',(#356),#245,.F.);
#1926=ADVANCED_FACE('',(#357),#246,.T.);
#1927=ADVANCED_FACE('',(#358),#193,.T.);
#1928=ADVANCED_FACE('',(#359),#194,.F.);
#1929=ADVANCED_FACE('',(#360,#171),#195,.T.);
#1930=ADVANCED_FACE('',(#361,#172),#196,.T.);
#1931=ADVANCED_FACE('',(#362),#197,.T.);
#1932=ADVANCED_FACE('',(#363),#198,.F.);
#1933=ADVANCED_FACE('',(#364),#247,.T.);
#1934=ADVANCED_FACE('',(#365),#248,.F.);
#1935=ADVANCED_FACE('',(#366,#173),#199,.T.);
#1936=ADVANCED_FACE('',(#367,#174),#200,.T.);
#1937=ADVANCED_FACE('',(#368),#201,.F.);
#1938=ADVANCED_FACE('',(#369),#202,.T.);
#1939=ADVANCED_FACE('',(#370),#249,.T.);
#1940=ADVANCED_FACE('',(#371),#250,.F.);
#1941=ADVANCED_FACE('',(#372),#251,.F.);
#1942=ADVANCED_FACE('',(#373),#252,.T.);
#1943=ADVANCED_FACE('',(#374),#203,.F.);
#1944=ADVANCED_FACE('',(#375),#204,.T.);
#1945=ADVANCED_FACE('',(#376,#175),#205,.T.);
#1946=ADVANCED_FACE('',(#377,#176),#206,.T.);
#1947=ADVANCED_FACE('',(#378),#207,.F.);
#1948=ADVANCED_FACE('',(#379),#208,.T.);
#1949=ADVANCED_FACE('',(#380),#253,.T.);
#1950=ADVANCED_FACE('',(#381),#254,.F.);
#1951=ADVANCED_FACE('',(#382),#255,.F.);
#1952=ADVANCED_FACE('',(#383),#256,.T.);
#1953=ADVANCED_FACE('',(#384),#209,.F.);
#1954=ADVANCED_FACE('',(#385),#210,.T.);
#1955=ADVANCED_FACE('',(#386,#177),#211,.T.);
#1956=ADVANCED_FACE('',(#387,#178),#212,.T.);
#1957=ADVANCED_FACE('',(#388),#213,.F.);
#1958=ADVANCED_FACE('',(#389),#214,.T.);
#1959=ADVANCED_FACE('',(#390),#257,.T.);
#1960=ADVANCED_FACE('',(#391),#258,.F.);
#1961=ADVANCED_FACE('',(#392),#259,.F.);
#1962=ADVANCED_FACE('',(#393),#260,.T.);
#1963=ADVANCED_FACE('',(#394),#215,.F.);
#1964=ADVANCED_FACE('',(#395),#216,.T.);
#1965=ADVANCED_FACE('',(#396,#179),#217,.T.);
#1966=ADVANCED_FACE('',(#397,#180),#218,.T.);
#1967=ADVANCED_FACE('',(#398),#219,.F.);
#1968=ADVANCED_FACE('',(#399),#220,.T.);
#1969=ADVANCED_FACE('',(#400),#261,.T.);
#1970=ADVANCED_FACE('',(#401),#262,.F.);
#1971=ADVANCED_FACE('',(#402),#263,.F.);
#1972=ADVANCED_FACE('',(#403),#264,.T.);
#1973=ADVANCED_FACE('',(#404),#221,.F.);
#1974=ADVANCED_FACE('',(#405),#222,.T.);
#1975=ADVANCED_FACE('',(#406,#181),#223,.T.);
#1976=ADVANCED_FACE('',(#407,#182),#224,.T.);
#1977=ADVANCED_FACE('',(#408),#225,.F.);
#1978=ADVANCED_FACE('',(#409),#226,.T.);
#1979=ADVANCED_FACE('',(#410),#265,.T.);
#1980=ADVANCED_FACE('',(#411),#266,.F.);
#1981=ADVANCED_FACE('',(#412),#267,.F.);
#1982=ADVANCED_FACE('',(#413),#268,.T.);
#1983=ADVANCED_FACE('',(#414),#227,.F.);
#1984=ADVANCED_FACE('',(#415),#228,.T.);
#1985=ADVANCED_FACE('',(#416,#183),#229,.T.);
#1986=ADVANCED_FACE('',(#417,#184),#230,.T.);
#1987=ADVANCED_FACE('',(#418),#231,.F.);
#1988=ADVANCED_FACE('',(#419),#232,.T.);
#1989=ADVANCED_FACE('',(#420),#269,.T.);
#1990=ADVANCED_FACE('',(#421),#270,.F.);
#1991=ADVANCED_FACE('',(#422),#233,.T.);
#1992=ADVANCED_FACE('',(#423),#234,.F.);
#1993=ADVANCED_FACE('',(#424),#271,.T.);
#1994=ADVANCED_FACE('',(#425),#272,.F.);
#1995=CLOSED_SHELL('',(#1874,#1875,#1876,#1877,#1878,#1879,#1880,#1881,
#1882,#1883));
#1996=CLOSED_SHELL('',(#1884));
#1997=CLOSED_SHELL('',(#1885));
#1998=CLOSED_SHELL('',(#1886));
#1999=CLOSED_SHELL('',(#1887));
#2000=CLOSED_SHELL('',(#1888));
#2001=CLOSED_SHELL('',(#1889));
#2002=CLOSED_SHELL('',(#1890));
#2003=CLOSED_SHELL('',(#1891,#1892,#1893,#1894,#1895,#1896,#1897,#1898,
#1899,#1900,#1901,#1902,#1903,#1904,#1905,#1906,#1907,#1908,#1909,#1910));
#2004=CLOSED_SHELL('',(#1911,#1912,#1913,#1914,#1915,#1916,#1917,#1918,
#1919,#1920,#1921,#1922,#1923,#1924,#1925,#1926,#1927,#1928,#1929,#1930,
#1931,#1932,#1933,#1934,#1935,#1936,#1937,#1938,#1939,#1940,#1941,#1942,
#1943,#1944,#1945,#1946,#1947,#1948,#1949,#1950,#1951,#1952,#1953,#1954,
#1955,#1956,#1957,#1958,#1959,#1960,#1961,#1962,#1963,#1964,#1965,#1966,
#1967,#1968,#1969,#1970,#1971,#1972,#1973,#1974,#1975,#1976,#1977,#1978,
#1979,#1980,#1981,#1982,#1983,#1984,#1985,#1986,#1987,#1988,#1989,#1990,
#1991,#1992,#1993,#1994));
#2005=DERIVED_UNIT_ELEMENT(#2007,1.);
#2006=DERIVED_UNIT_ELEMENT(#3994,-3.);
#2007=(
MASS_UNIT()
NAMED_UNIT(*)
SI_UNIT(.KILO.,.GRAM.)
);
#2008=DERIVED_UNIT((#2005,#2006));
#2009=MEASURE_REPRESENTATION_ITEM('density measure',
POSITIVE_RATIO_MEASURE(7850.),#2008);
#2010=PROPERTY_DEFINITION_REPRESENTATION(#2015,#2012);
#2011=PROPERTY_DEFINITION_REPRESENTATION(#2016,#2013);
#2012=REPRESENTATION('material name',(#2014),#3991);
#2013=REPRESENTATION('density',(#2009),#3991);
#2014=DESCRIPTIVE_REPRESENTATION_ITEM('Steel','Steel');
#2015=PROPERTY_DEFINITION('material property','material name',#4006);
#2016=PROPERTY_DEFINITION('material property','density of part',#4006);
#2017=AXIS2_PLACEMENT_3D('',#3042,#2354,#2355);
#2018=AXIS2_PLACEMENT_3D('',#3043,#2356,#2357);
#2019=AXIS2_PLACEMENT_3D('',#3044,#2358,#2359);
#2020=AXIS2_PLACEMENT_3D('',#3046,#2360,#2361);
#2021=AXIS2_PLACEMENT_3D('',#3048,#2362,#2363);
#2022=AXIS2_PLACEMENT_3D('',#3049,#2364,#2365);
#2023=AXIS2_PLACEMENT_3D('',#3050,#2366,#2367);
#2024=AXIS2_PLACEMENT_3D('',#3053,#2368,#2369);
#2025=AXIS2_PLACEMENT_3D('',#3054,#2370,#2371);
#2026=AXIS2_PLACEMENT_3D('',#3056,#2372,#2373);
#2027=AXIS2_PLACEMENT_3D('',#3058,#2374,#2375);
#2028=AXIS2_PLACEMENT_3D('',#3059,#2376,#2377);
#2029=AXIS2_PLACEMENT_3D('',#3060,#2378,#2379);
#2030=AXIS2_PLACEMENT_3D('',#3063,#2380,#2381);
#2031=AXIS2_PLACEMENT_3D('',#3064,#2382,#2383);
#2032=AXIS2_PLACEMENT_3D('',#3066,#2384,#2385);
#2033=AXIS2_PLACEMENT_3D('',#3067,#2386,#2387);
#2034=AXIS2_PLACEMENT_3D('',#3068,#2388,#2389);
#2035=AXIS2_PLACEMENT_3D('',#3071,#2391,#2392);
#2036=AXIS2_PLACEMENT_3D('',#3072,#2393,#2394);
#2037=AXIS2_PLACEMENT_3D('',#3074,#2396,#2397);
#2038=AXIS2_PLACEMENT_3D('',#3077,#2399,#2400);
#2039=AXIS2_PLACEMENT_3D('',#3078,#2401,#2402);
#2040=AXIS2_PLACEMENT_3D('',#3081,#2404,#2405);
#2041=AXIS2_PLACEMENT_3D('',#3082,#2406,#2407);
#2042=AXIS2_PLACEMENT_3D('',#3084,#2408,#2409);
#2043=AXIS2_PLACEMENT_3D('',#3086,#2411,#2412);
#2044=AXIS2_PLACEMENT_3D('',#3087,#2413,#2414);
#2045=AXIS2_PLACEMENT_3D('',#3088,#2415,#2416);
#2046=AXIS2_PLACEMENT_3D('',#3091,#2417,#2418);
#2047=AXIS2_PLACEMENT_3D('',#3092,#2419,#2420);
#2048=AXIS2_PLACEMENT_3D('',#3095,#2421,#2422);
#2049=AXIS2_PLACEMENT_3D('',#3096,#2423,#2424);
#2050=AXIS2_PLACEMENT_3D('',#3099,#2425,#2426);
#2051=AXIS2_PLACEMENT_3D('',#3100,#2427,#2428);
#2052=AXIS2_PLACEMENT_3D('',#3103,#2429,#2430);
#2053=AXIS2_PLACEMENT_3D('',#3104,#2431,#2432);
#2054=AXIS2_PLACEMENT_3D('',#3107,#2433,#2434);
#2055=AXIS2_PLACEMENT_3D('',#3108,#2435,#2436);
#2056=AXIS2_PLACEMENT_3D('',#3111,#2437,#2438);
#2057=AXIS2_PLACEMENT_3D('',#3112,#2439,#2440);
#2058=AXIS2_PLACEMENT_3D('',#3115,#2441,#2442);
#2059=AXIS2_PLACEMENT_3D('',#3116,#2443,#2444);
#2060=AXIS2_PLACEMENT_3D('',#3118,#2445,#2446);
#2061=AXIS2_PLACEMENT_3D('',#3120,#2447,#2448);
#2062=AXIS2_PLACEMENT_3D('',#3122,#2449,#2450);
#2063=AXIS2_PLACEMENT_3D('',#3123,#2451,#2452);
#2064=AXIS2_PLACEMENT_3D('',#3124,#2453,#2454);
#2065=AXIS2_PLACEMENT_3D('',#3126,#2455,#2456);
#2066=AXIS2_PLACEMENT_3D('',#3128,#2457,#2458);
#2067=AXIS2_PLACEMENT_3D('',#3129,#2459,#2460);
#2068=AXIS2_PLACEMENT_3D('',#3130,#2461,#2462);
#2069=AXIS2_PLACEMENT_3D('',#3132,#2463,#2464);
#2070=AXIS2_PLACEMENT_3D('',#3134,#2465,#2466);
#2071=AXIS2_PLACEMENT_3D('',#3135,#2467,#2468);
#2072=AXIS2_PLACEMENT_3D('',#3136,#2469,#2470);
#2073=AXIS2_PLACEMENT_3D('',#3139,#2471,#2472);
#2074=AXIS2_PLACEMENT_3D('',#3140,#2473,#2474);
#2075=AXIS2_PLACEMENT_3D('',#3142,#2475,#2476);
#2076=AXIS2_PLACEMENT_3D('',#3143,#2477,#2478);
#2077=AXIS2_PLACEMENT_3D('',#3144,#2479,#2480);
#2078=AXIS2_PLACEMENT_3D('',#3146,#2481,#2482);
#2079=AXIS2_PLACEMENT_3D('',#3149,#2484,#2485);
#2080=AXIS2_PLACEMENT_3D('',#3150,#2486,#2487);
#2081=AXIS2_PLACEMENT_3D('',#3152,#2488,#2489);
#2082=AXIS2_PLACEMENT_3D('',#3154,#2491,#2492);
#2083=AXIS2_PLACEMENT_3D('',#3157,#2494,#2495);
#2084=AXIS2_PLACEMENT_3D('',#3158,#2496,#2497);
#2085=AXIS2_PLACEMENT_3D('',#3160,#2498,#2499);
#2086=AXIS2_PLACEMENT_3D('',#3161,#2500,#2501);
#2087=AXIS2_PLACEMENT_3D('',#3162,#2502,#2503);
#2088=AXIS2_PLACEMENT_3D('',#3164,#2505,#2506);
#2089=AXIS2_PLACEMENT_3D('',#3167,#2508,#2509);
#2090=AXIS2_PLACEMENT_3D('',#3168,#2510,#2511);
#2091=AXIS2_PLACEMENT_3D('',#3170,#2512,#2513);
#2092=AXIS2_PLACEMENT_3D('',#3173,#2515,#2516);
#2093=AXIS2_PLACEMENT_3D('',#3174,#2517,#2518);
#2094=AXIS2_PLACEMENT_3D('',#3176,#2519,#2520);
#2095=AXIS2_PLACEMENT_3D('',#3179,#2522,#2523);
#2096=AXIS2_PLACEMENT_3D('',#3180,#2524,#2525);
#2097=AXIS2_PLACEMENT_3D('',#3183,#2526,#2527);
#2098=AXIS2_PLACEMENT_3D('',#3186,#2529,#2530);
#2099=AXIS2_PLACEMENT_3D('',#3187,#2531,#2532);
#2100=AXIS2_PLACEMENT_3D('',#3188,#2533,#2534);
#2101=AXIS2_PLACEMENT_3D('',#3190,#2536,#2537);
#2102=AXIS2_PLACEMENT_3D('',#3191,#2538,#2539);
#2103=AXIS2_PLACEMENT_3D('',#3192,#2540,#2541);
#2104=AXIS2_PLACEMENT_3D('',#3193,#2542,#2543);
#2105=AXIS2_PLACEMENT_3D('',#3194,#2544,#2545);
#2106=AXIS2_PLACEMENT_3D('',#3195,#2546,#2547);
#2107=AXIS2_PLACEMENT_3D('',#3196,#2548,#2549);
#2108=AXIS2_PLACEMENT_3D('',#3198,#2550,#2551);
#2109=AXIS2_PLACEMENT_3D('',#3200,#2552,#2553);
#2110=AXIS2_PLACEMENT_3D('',#3201,#2554,#2555);
#2111=AXIS2_PLACEMENT_3D('',#3232,#2556,#2557);
#2112=AXIS2_PLACEMENT_3D('',#3242,#2558,#2559);
#2113=AXIS2_PLACEMENT_3D('',#3250,#2560,#2561);
#2114=AXIS2_PLACEMENT_3D('',#3253,#2562,#2563);
#2115=AXIS2_PLACEMENT_3D('',#3262,#2564,#2565);
#2116=AXIS2_PLACEMENT_3D('',#3264,#2566,#2567);
#2117=AXIS2_PLACEMENT_3D('',#3266,#2568,#2569);
#2118=AXIS2_PLACEMENT_3D('',#3275,#2570,#2571);
#2119=AXIS2_PLACEMENT_3D('',#3283,#2572,#2573);
#2120=AXIS2_PLACEMENT_3D('',#3285,#2574,#2575);
#2121=AXIS2_PLACEMENT_3D('',#3293,#2576,#2577);
#2122=AXIS2_PLACEMENT_3D('',#3295,#2578,#2579);
#2123=AXIS2_PLACEMENT_3D('',#3296,#2580,#2581);
#2124=AXIS2_PLACEMENT_3D('',#3298,#2582,#2583);
#2125=AXIS2_PLACEMENT_3D('',#3300,#2584,#2585);
#2126=AXIS2_PLACEMENT_3D('',#3301,#2586,#2587);
#2127=AXIS2_PLACEMENT_3D('',#3332,#2588,#2589);
#2128=AXIS2_PLACEMENT_3D('',#3342,#2590,#2591);
#2129=AXIS2_PLACEMENT_3D('',#3350,#2592,#2593);
#2130=AXIS2_PLACEMENT_3D('',#3353,#2594,#2595);
#2131=AXIS2_PLACEMENT_3D('',#3362,#2596,#2597);
#2132=AXIS2_PLACEMENT_3D('',#3364,#2598,#2599);
#2133=AXIS2_PLACEMENT_3D('',#3366,#2600,#2601);
#2134=AXIS2_PLACEMENT_3D('',#3375,#2602,#2603);
#2135=AXIS2_PLACEMENT_3D('',#3383,#2604,#2605);
#2136=AXIS2_PLACEMENT_3D('',#3385,#2606,#2607);
#2137=AXIS2_PLACEMENT_3D('',#3393,#2608,#2609);
#2138=AXIS2_PLACEMENT_3D('',#3395,#2610,#2611);
#2139=AXIS2_PLACEMENT_3D('',#3396,#2612,#2613);
#2140=AXIS2_PLACEMENT_3D('',#3398,#2614,#2615);
#2141=AXIS2_PLACEMENT_3D('',#3400,#2616,#2617);
#2142=AXIS2_PLACEMENT_3D('',#3401,#2618,#2619);
#2143=AXIS2_PLACEMENT_3D('',#3404,#2620,#2621);
#2144=AXIS2_PLACEMENT_3D('',#3414,#2622,#2623);
#2145=AXIS2_PLACEMENT_3D('',#3424,#2624,#2625);
#2146=AXIS2_PLACEMENT_3D('',#3433,#2626,#2627);
#2147=AXIS2_PLACEMENT_3D('',#3440,#2628,#2629);
#2148=AXIS2_PLACEMENT_3D('',#3443,#2630,#2631);
#2149=AXIS2_PLACEMENT_3D('',#3452,#2632,#2633);
#2150=AXIS2_PLACEMENT_3D('',#3454,#2634,#2635);
#2151=AXIS2_PLACEMENT_3D('',#3456,#2636,#2637);
#2152=AXIS2_PLACEMENT_3D('',#3465,#2638,#2639);
#2153=AXIS2_PLACEMENT_3D('',#3473,#2640,#2641);
#2154=AXIS2_PLACEMENT_3D('',#3475,#2642,#2643);
#2155=AXIS2_PLACEMENT_3D('',#3483,#2644,#2645);
#2156=AXIS2_PLACEMENT_3D('',#3485,#2646,#2647);
#2157=AXIS2_PLACEMENT_3D('',#3486,#2648,#2649);
#2158=AXIS2_PLACEMENT_3D('',#3488,#2650,#2651);
#2159=AXIS2_PLACEMENT_3D('',#3490,#2652,#2653);
#2160=AXIS2_PLACEMENT_3D('',#3491,#2654,#2655);
#2161=AXIS2_PLACEMENT_3D('',#3524,#2656,#2657);
#2162=AXIS2_PLACEMENT_3D('',#3533,#2658,#2659);
#2163=AXIS2_PLACEMENT_3D('',#3540,#2660,#2661);
#2164=AXIS2_PLACEMENT_3D('',#3543,#2662,#2663);
#2165=AXIS2_PLACEMENT_3D('',#3552,#2664,#2665);
#2166=AXIS2_PLACEMENT_3D('',#3554,#2666,#2667);
#2167=AXIS2_PLACEMENT_3D('',#3556,#2668,#2669);
#2168=AXIS2_PLACEMENT_3D('',#3565,#2670,#2671);
#2169=AXIS2_PLACEMENT_3D('',#3573,#2672,#2673);
#2170=AXIS2_PLACEMENT_3D('',#3575,#2674,#2675);
#2171=AXIS2_PLACEMENT_3D('',#3583,#2676,#2677);
#2172=AXIS2_PLACEMENT_3D('',#3585,#2678,#2679);
#2173=AXIS2_PLACEMENT_3D('',#3586,#2680,#2681);
#2174=AXIS2_PLACEMENT_3D('',#3588,#2682,#2683);
#2175=AXIS2_PLACEMENT_3D('',#3590,#2684,#2685);
#2176=AXIS2_PLACEMENT_3D('',#3591,#2686,#2687);
#2177=AXIS2_PLACEMENT_3D('',#3594,#2688,#2689);
#2178=AXIS2_PLACEMENT_3D('',#3604,#2690,#2691);
#2179=AXIS2_PLACEMENT_3D('',#3614,#2692,#2693);
#2180=AXIS2_PLACEMENT_3D('',#3623,#2694,#2695);
#2181=AXIS2_PLACEMENT_3D('',#3630,#2696,#2697);
#2182=AXIS2_PLACEMENT_3D('',#3633,#2698,#2699);
#2183=AXIS2_PLACEMENT_3D('',#3642,#2700,#2701);
#2184=AXIS2_PLACEMENT_3D('',#3644,#2702,#2703);
#2185=AXIS2_PLACEMENT_3D('',#3646,#2704,#2705);
#2186=AXIS2_PLACEMENT_3D('',#3655,#2706,#2707);
#2187=AXIS2_PLACEMENT_3D('',#3663,#2708,#2709);
#2188=AXIS2_PLACEMENT_3D('',#3665,#2710,#2711);
#2189=AXIS2_PLACEMENT_3D('',#3673,#2712,#2713);
#2190=AXIS2_PLACEMENT_3D('',#3675,#2714,#2715);
#2191=AXIS2_PLACEMENT_3D('',#3676,#2716,#2717);
#2192=AXIS2_PLACEMENT_3D('',#3678,#2718,#2719);
#2193=AXIS2_PLACEMENT_3D('',#3680,#2720,#2721);
#2194=AXIS2_PLACEMENT_3D('',#3681,#2722,#2723);
#2195=AXIS2_PLACEMENT_3D('',#3692,#2724,#2725);
#2196=AXIS2_PLACEMENT_3D('',#3701,#2726,#2727);
#2197=AXIS2_PLACEMENT_3D('',#3704,#2728,#2729);
#2198=AXIS2_PLACEMENT_3D('',#3713,#2730,#2731);
#2199=AXIS2_PLACEMENT_3D('',#3720,#2732,#2733);
#2200=AXIS2_PLACEMENT_3D('',#3730,#2734,#2735);
#2201=AXIS2_PLACEMENT_3D('',#3739,#2736,#2737);
#2202=AXIS2_PLACEMENT_3D('',#3741,#2738,#2739);
#2203=AXIS2_PLACEMENT_3D('',#3743,#2740,#2741);
#2204=AXIS2_PLACEMENT_3D('',#3753,#2742,#2743);
#2205=AXIS2_PLACEMENT_3D('',#3762,#2744,#2745);
#2206=AXIS2_PLACEMENT_3D('',#3763,#2746,#2747);
#2207=AXIS2_PLACEMENT_3D('',#3765,#2748,#2749);
#2208=AXIS2_PLACEMENT_3D('',#3767,#2750,#2751);
#2209=AXIS2_PLACEMENT_3D('',#3768,#2752,#2753);
#2210=AXIS2_PLACEMENT_3D('',#3771,#2754,#2755);
#2211=AXIS2_PLACEMENT_3D('',#3780,#2756,#2757);
#2212=AXIS2_PLACEMENT_3D('',#3782,#2758,#2759);
#2213=AXIS2_PLACEMENT_3D('',#3784,#2760,#2761);
#2214=AXIS2_PLACEMENT_3D('',#3794,#2762,#2763);
#2215=AXIS2_PLACEMENT_3D('',#3803,#2764,#2765);
#2216=AXIS2_PLACEMENT_3D('',#3805,#2766,#2767);
#2217=AXIS2_PLACEMENT_3D('',#3813,#2768,#2769);
#2218=AXIS2_PLACEMENT_3D('',#3815,#2770,#2771);
#2219=AXIS2_PLACEMENT_3D('',#3816,#2772,#2773);
#2220=AXIS2_PLACEMENT_3D('',#3818,#2774,#2775);
#2221=AXIS2_PLACEMENT_3D('',#3820,#2776,#2777);
#2222=AXIS2_PLACEMENT_3D('',#3821,#2778,#2779);
#2223=AXIS2_PLACEMENT_3D('',#3824,#2780,#2781);
#2224=AXIS2_PLACEMENT_3D('',#3833,#2782,#2783);
#2225=AXIS2_PLACEMENT_3D('',#3842,#2784,#2785);
#2226=AXIS2_PLACEMENT_3D('',#3852,#2786,#2787);
#2227=AXIS2_PLACEMENT_3D('',#3860,#2788,#2789);
#2228=AXIS2_PLACEMENT_3D('',#3861,#2790,#2791);
#2229=AXIS2_PLACEMENT_3D('',#3862,#2792,#2793);
#2230=AXIS2_PLACEMENT_3D('',#3863,#2794,#2795);
#2231=AXIS2_PLACEMENT_3D('',#3864,#2796,#2797);
#2232=AXIS2_PLACEMENT_3D('',#3865,#2798,#2799);
#2233=AXIS2_PLACEMENT_3D('',#3866,#2800,#2801);
#2234=AXIS2_PLACEMENT_3D('',#3867,#2802,#2803);
#2235=AXIS2_PLACEMENT_3D('',#3868,#2804,#2805);
#2236=AXIS2_PLACEMENT_3D('',#3869,#2806,#2807);
#2237=AXIS2_PLACEMENT_3D('',#3870,#2808,#2809);
#2238=AXIS2_PLACEMENT_3D('',#3871,#2810,#2811);
#2239=AXIS2_PLACEMENT_3D('',#3872,#2812,#2813);
#2240=AXIS2_PLACEMENT_3D('',#3873,#2814,#2815);
#2241=AXIS2_PLACEMENT_3D('',#3874,#2816,#2817);
#2242=AXIS2_PLACEMENT_3D('',#3875,#2818,#2819);
#2243=AXIS2_PLACEMENT_3D('',#3876,#2820,#2821);
#2244=AXIS2_PLACEMENT_3D('',#3877,#2822,#2823);
#2245=AXIS2_PLACEMENT_3D('',#3878,#2824,#2825);
#2246=AXIS2_PLACEMENT_3D('',#3879,#2826,#2827);
#2247=AXIS2_PLACEMENT_3D('',#3880,#2828,#2829);
#2248=AXIS2_PLACEMENT_3D('',#3881,#2830,#2831);
#2249=AXIS2_PLACEMENT_3D('',#3882,#2832,#2833);
#2250=AXIS2_PLACEMENT_3D('',#3883,#2834,#2835);
#2251=AXIS2_PLACEMENT_3D('',#3884,#2836,#2837);
#2252=AXIS2_PLACEMENT_3D('',#3885,#2838,#2839);
#2253=AXIS2_PLACEMENT_3D('',#3886,#2840,#2841);
#2254=AXIS2_PLACEMENT_3D('',#3887,#2842,#2843);
#2255=AXIS2_PLACEMENT_3D('',#3888,#2844,#2845);
#2256=AXIS2_PLACEMENT_3D('',#3889,#2846,#2847);
#2257=AXIS2_PLACEMENT_3D('',#3890,#2848,#2849);
#2258=AXIS2_PLACEMENT_3D('',#3891,#2850,#2851);
#2259=AXIS2_PLACEMENT_3D('',#3892,#2852,#2853);
#2260=AXIS2_PLACEMENT_3D('',#3893,#2854,#2855);
#2261=AXIS2_PLACEMENT_3D('',#3894,#2856,#2857);
#2262=AXIS2_PLACEMENT_3D('',#3895,#2858,#2859);
#2263=AXIS2_PLACEMENT_3D('',#3896,#2860,#2861);
#2264=AXIS2_PLACEMENT_3D('',#3897,#2862,#2863);
#2265=AXIS2_PLACEMENT_3D('',#3898,#2864,#2865);
#2266=AXIS2_PLACEMENT_3D('',#3899,#2866,#2867);
#2267=AXIS2_PLACEMENT_3D('',#3900,#2868,#2869);
#2268=AXIS2_PLACEMENT_3D('',#3901,#2870,#2871);
#2269=AXIS2_PLACEMENT_3D('',#3902,#2872,#2873);
#2270=AXIS2_PLACEMENT_3D('',#3903,#2874,#2875);
#2271=AXIS2_PLACEMENT_3D('',#3904,#2876,#2877);
#2272=AXIS2_PLACEMENT_3D('',#3905,#2878,#2879);
#2273=AXIS2_PLACEMENT_3D('',#3906,#2880,#2881);
#2274=AXIS2_PLACEMENT_3D('',#3907,#2882,#2883);
#2275=AXIS2_PLACEMENT_3D('',#3908,#2884,#2885);
#2276=AXIS2_PLACEMENT_3D('',#3909,#2886,#2887);
#2277=AXIS2_PLACEMENT_3D('',#3910,#2888,#2889);
#2278=AXIS2_PLACEMENT_3D('',#3911,#2890,#2891);
#2279=AXIS2_PLACEMENT_3D('',#3912,#2892,#2893);
#2280=AXIS2_PLACEMENT_3D('',#3913,#2894,#2895);
#2281=AXIS2_PLACEMENT_3D('',#3914,#2896,#2897);
#2282=AXIS2_PLACEMENT_3D('',#3915,#2898,#2899);
#2283=AXIS2_PLACEMENT_3D('',#3916,#2900,#2901);
#2284=AXIS2_PLACEMENT_3D('',#3917,#2902,#2903);
#2285=AXIS2_PLACEMENT_3D('',#3918,#2904,#2905);
#2286=AXIS2_PLACEMENT_3D('',#3919,#2906,#2907);
#2287=AXIS2_PLACEMENT_3D('',#3920,#2908,#2909);
#2288=AXIS2_PLACEMENT_3D('',#3921,#2910,#2911);
#2289=AXIS2_PLACEMENT_3D('',#3922,#2912,#2913);
#2290=AXIS2_PLACEMENT_3D('',#3923,#2914,#2915);
#2291=AXIS2_PLACEMENT_3D('',#3924,#2916,#2917);
#2292=AXIS2_PLACEMENT_3D('',#3925,#2918,#2919);
#2293=AXIS2_PLACEMENT_3D('',#3926,#2920,#2921);
#2294=AXIS2_PLACEMENT_3D('',#3927,#2922,#2923);
#2295=AXIS2_PLACEMENT_3D('',#3928,#2924,#2925);
#2296=AXIS2_PLACEMENT_3D('',#3929,#2926,#2927);
#2297=AXIS2_PLACEMENT_3D('',#3930,#2928,#2929);
#2298=AXIS2_PLACEMENT_3D('',#3931,#2930,#2931);
#2299=AXIS2_PLACEMENT_3D('',#3932,#2932,#2933);
#2300=AXIS2_PLACEMENT_3D('',#3933,#2934,#2935);
#2301=AXIS2_PLACEMENT_3D('',#3934,#2936,#2937);
#2302=AXIS2_PLACEMENT_3D('',#3935,#2938,#2939);
#2303=AXIS2_PLACEMENT_3D('',#3936,#2940,#2941);
#2304=AXIS2_PLACEMENT_3D('',#3937,#2942,#2943);
#2305=AXIS2_PLACEMENT_3D('',#3938,#2944,#2945);
#2306=AXIS2_PLACEMENT_3D('',#3939,#2946,#2947);
#2307=AXIS2_PLACEMENT_3D('',#3940,#2948,#2949);
#2308=AXIS2_PLACEMENT_3D('',#3941,#2950,#2951);
#2309=AXIS2_PLACEMENT_3D('',#3942,#2952,#2953);
#2310=AXIS2_PLACEMENT_3D('',#3943,#2954,#2955);
#2311=AXIS2_PLACEMENT_3D('',#3944,#2956,#2957);
#2312=AXIS2_PLACEMENT_3D('',#3945,#2958,#2959);
#2313=AXIS2_PLACEMENT_3D('',#3946,#2960,#2961);
#2314=AXIS2_PLACEMENT_3D('',#3947,#2962,#2963);
#2315=AXIS2_PLACEMENT_3D('',#3948,#2964,#2965);
#2316=AXIS2_PLACEMENT_3D('',#3949,#2966,#2967);
#2317=AXIS2_PLACEMENT_3D('',#3950,#2968,#2969);
#2318=AXIS2_PLACEMENT_3D('',#3951,#2970,#2971);
#2319=AXIS2_PLACEMENT_3D('',#3952,#2972,#2973);
#2320=AXIS2_PLACEMENT_3D('',#3953,#2974,#2975);
#2321=AXIS2_PLACEMENT_3D('',#3954,#2976,#2977);
#2322=AXIS2_PLACEMENT_3D('',#3955,#2978,#2979);
#2323=AXIS2_PLACEMENT_3D('',#3956,#2980,#2981);
#2324=AXIS2_PLACEMENT_3D('',#3957,#2982,#2983);
#2325=AXIS2_PLACEMENT_3D('',#3958,#2984,#2985);
#2326=AXIS2_PLACEMENT_3D('',#3959,#2986,#2987);
#2327=AXIS2_PLACEMENT_3D('',#3960,#2988,#2989);
#2328=AXIS2_PLACEMENT_3D('',#3961,#2990,#2991);
#2329=AXIS2_PLACEMENT_3D('',#3962,#2992,#2993);
#2330=AXIS2_PLACEMENT_3D('',#3963,#2994,#2995);
#2331=AXIS2_PLACEMENT_3D('',#3964,#2996,#2997);
#2332=AXIS2_PLACEMENT_3D('',#3965,#2998,#2999);
#2333=AXIS2_PLACEMENT_3D('',#3966,#3000,#3001);
#2334=AXIS2_PLACEMENT_3D('',#3967,#3002,#3003);
#2335=AXIS2_PLACEMENT_3D('',#3968,#3004,#3005);
#2336=AXIS2_PLACEMENT_3D('',#3969,#3006,#3007);
#2337=AXIS2_PLACEMENT_3D('',#3970,#3008,#3009);
#2338=AXIS2_PLACEMENT_3D('',#3971,#3010,#3011);
#2339=AXIS2_PLACEMENT_3D('',#3972,#3012,#3013);
#2340=AXIS2_PLACEMENT_3D('',#3973,#3014,#3015);
#2341=AXIS2_PLACEMENT_3D('',#3974,#3016,#3017);
#2342=AXIS2_PLACEMENT_3D('',#3975,#3018,#3019);
#2343=AXIS2_PLACEMENT_3D('',#3976,#3020,#3021);
#2344=AXIS2_PLACEMENT_3D('',#3977,#3022,#3023);
#2345=AXIS2_PLACEMENT_3D('',#3978,#3024,#3025);
#2346=AXIS2_PLACEMENT_3D('',#3979,#3026,#3027);
#2347=AXIS2_PLACEMENT_3D('',#3980,#3028,#3029);
#2348=AXIS2_PLACEMENT_3D('',#3981,#3030,#3031);
#2349=AXIS2_PLACEMENT_3D('',#3982,#3032,#3033);
#2350=AXIS2_PLACEMENT_3D('',#3983,#3034,#3035);
#2351=AXIS2_PLACEMENT_3D('',#3984,#3036,#3037);
#2352=AXIS2_PLACEMENT_3D('',#3985,#3038,#3039);
#2353=AXIS2_PLACEMENT_3D('',#3986,#3040,#3041);
#2354=DIRECTION('axis',(0.,0.,1.));
#2355=DIRECTION('refdir',(1.,0.,0.));
#2356=DIRECTION('axis',(0.,0.,1.));
#2357=DIRECTION('refdir',(1.,0.,0.));
#2358=DIRECTION('center_axis',(0.,-1.83697019872103E-16,1.));
#2359=DIRECTION('ref_axis',(0.,-1.,-1.83697019872103E-16));
#2360=DIRECTION('center_axis',(0.,-1.83697019872103E-16,1.));
#2361=DIRECTION('ref_axis',(0.,-1.,-1.83697019872103E-16));
#2362=DIRECTION('center_axis',(1.,1.22464679914735E-16,2.24963967399279E-32));
#2363=DIRECTION('ref_axis',(-1.22464679914735E-16,1.,1.83697019872103E-16));
#2364=DIRECTION('center_axis',(0.,-1.83697019872103E-16,1.));
#2365=DIRECTION('ref_axis',(0.,-1.,-1.83697019872103E-16));
#2366=DIRECTION('center_axis',(0.,1.83697019872103E-16,-1.));
#2367=DIRECTION('ref_axis',(0.,1.,1.96282523690635E-16));
#2368=DIRECTION('center_axis',(0.,1.83697019872103E-16,-1.));
#2369=DIRECTION('ref_axis',(0.,1.,1.83697019872103E-16));
#2370=DIRECTION('center_axis',(0.,1.83697019872103E-16,-1.));
#2371=DIRECTION('ref_axis',(0.,1.,1.83697019872103E-16));
#2372=DIRECTION('center_axis',(-1.,1.22464679914735E-16,2.24963967399279E-32));
#2373=DIRECTION('ref_axis',(-1.22464679914735E-16,-1.,-1.22676577306647E-16));
#2374=DIRECTION('center_axis',(0.,-1.83697019872103E-16,1.));
#2375=DIRECTION('ref_axis',(0.,1.,1.83697019872103E-16));
#2376=DIRECTION('center_axis',(0.,-1.83697019872103E-16,1.));
#2377=DIRECTION('ref_axis',(0.,1.,1.83697019872103E-16));
#2378=DIRECTION('center_axis',(0.,1.83697019872103E-16,-1.));
#2379=DIRECTION('ref_axis',(0.,1.,1.96282523690635E-16));
#2380=DIRECTION('center_axis',(0.,1.83697019872103E-16,-1.));
#2381=DIRECTION('ref_axis',(0.,1.,1.83697019872103E-16));
#2382=DIRECTION('center_axis',(0.,1.83697019872103E-16,-1.));
#2383=DIRECTION('ref_axis',(0.,1.,1.83697019872103E-16));
#2384=DIRECTION('center_axis',(-1.,1.22464679914735E-16,2.24963967399279E-32));
#2385=DIRECTION('ref_axis',(-1.22464679914735E-16,-1.,-1.22676577306647E-16));
#2386=DIRECTION('center_axis',(0.,-1.83697019872103E-16,1.));
#2387=DIRECTION('ref_axis',(0.,-1.,-1.83697019872103E-16));
#2388=DIRECTION('center_axis',(0.,-1.83697019872103E-16,1.));
#2389=DIRECTION('ref_axis',(0.,-1.,-1.83697019872103E-16));
#2390=DIRECTION('',(-8.6595605623548E-17,0.707106781186537,0.707106781186558));
#2391=DIRECTION('center_axis',(0.,-1.83697019872103E-16,1.));
#2392=DIRECTION('ref_axis',(0.,-1.,-1.83697019872103E-16));
#2393=DIRECTION('center_axis',(0.,-1.83697019872103E-16,1.));
#2394=DIRECTION('ref_axis',(0.,-1.,-1.83697019872103E-16));
#2395=DIRECTION('',(0.,-1.83697019872103E-16,1.));
#2396=DIRECTION('center_axis',(0.,1.83697019872103E-16,-1.));
#2397=DIRECTION('ref_axis',(0.,1.,1.83697019872103E-16));
#2398=DIRECTION('',(-8.6595605623548E-17,-0.707106781186537,-0.707106781186558));
#2399=DIRECTION('center_axis',(0.,-1.83697019872103E-16,1.));
#2400=DIRECTION('ref_axis',(0.,-1.,-1.83697019872103E-16));
#2401=DIRECTION('center_axis',(0.,-1.83697019872103E-16,1.));
#2402=DIRECTION('ref_axis',(0.,-1.,-1.83697019872103E-16));
#2403=DIRECTION('',(0.,1.83697019872103E-16,-1.));
#2404=DIRECTION('center_axis',(0.,-1.83697019872103E-16,1.));
#2405=DIRECTION('ref_axis',(0.,-1.,-1.83697019872103E-16));
#2406=DIRECTION('center_axis',(0.,-1.83697019872103E-16,1.));
#2407=DIRECTION('ref_axis',(0.,-1.,-1.83697019872103E-16));
#2408=DIRECTION('center_axis',(0.,-1.83697019872103E-16,1.));
#2409=DIRECTION('ref_axis',(0.,-1.,-1.83697019872103E-16));
#2410=DIRECTION('',(0.,1.83697019872103E-16,-1.));
#2411=DIRECTION('center_axis',(0.,1.83697019872103E-16,-1.));
#2412=DIRECTION('ref_axis',(0.,1.,1.83697019872103E-16));
#2413=DIRECTION('center_axis',(0.,-1.83697019872103E-16,1.));
#2414=DIRECTION('ref_axis',(0.,-1.,-1.83697019872103E-16));
#2415=DIRECTION('center_axis',(-1.,0.,0.));
#2416=DIRECTION('ref_axis',(0.,1.,0.));
#2417=DIRECTION('center_axis',(0.,1.22464679914735E-16,1.));
#2418=DIRECTION('ref_axis',(0.,-1.,1.22464679914735E-16));
#2419=DIRECTION('center_axis',(-0.623489801858732,0.781831482468031,1.43620113371566E-16));
#2420=DIRECTION('ref_axis',(0.781831482468031,0.623489801858732,-6.91638013500059E-17));
#2421=DIRECTION('center_axis',(2.39366855619276E-16,7.19167766472544E-18,
1.));
#2422=DIRECTION('ref_axis',(-0.781831482468031,-0.623489801858732,1.91628481264741E-16));
#2423=DIRECTION('center_axis',(0.222520933956318,0.974927912181823,1.79091352057932E-16));
#2424=DIRECTION('ref_axis',(0.974927912181823,-0.222520933956318,-2.24573452299035E-16));
#2425=DIRECTION('center_axis',(2.9848558676322E-16,-2.51824407250324E-16,
1.));
#2426=DIRECTION('ref_axis',(-0.974927912181823,0.222520933956318,3.47038132213771E-16));
#2427=DIRECTION('center_axis',(0.900968867902422,0.433883739117553,7.97031498468593E-17));
#2428=DIRECTION('ref_axis',(0.433883739117553,-0.900968867902422,-3.4920231590332E-16));
#2429=DIRECTION('center_axis',(1.32838583078099E-16,-4.59539179924132E-16,
1.));
#2430=DIRECTION('ref_axis',(-0.433883739117553,0.900968867902422,4.71666995818056E-16));
#2431=DIRECTION('center_axis',(0.900968867902416,-0.433883739117565,-7.97031498468618E-17));
#2432=DIRECTION('ref_axis',(-0.433883739117565,-0.900968867902416,-3.49202315903319E-16));
#2433=DIRECTION('center_axis',(-1.32838583078103E-16,-4.5953917992413E-16,
1.));
#2434=DIRECTION('ref_axis',(0.433883739117565,0.900968867902416,4.71666995818054E-16));
#2435=DIRECTION('center_axis',(0.222520933956305,-0.974927912181826,-1.79091352057933E-16));
#2436=DIRECTION('ref_axis',(-0.974927912181826,-0.222520933956305,-2.24573452299033E-16));
#2437=DIRECTION('center_axis',(-2.98485586763221E-16,-2.5182440725032E-16,
1.));
#2438=DIRECTION('ref_axis',(0.974927912181826,0.222520933956305,3.47038132213768E-16));
#2439=DIRECTION('center_axis',(-0.623489801858743,-0.781831482468022,-1.43620113371564E-16));
#2440=DIRECTION('ref_axis',(-0.781831482468022,0.623489801858743,-6.91638013500039E-17));
#2441=DIRECTION('center_axis',(-2.39366855619273E-16,7.19167766472883E-18,
1.));
#2442=DIRECTION('ref_axis',(0.781831482468022,-0.623489801858743,1.91628481264739E-16));
#2443=DIRECTION('center_axis',(0.,1.83697019872103E-16,-1.));
#2444=DIRECTION('ref_axis',(0.,1.,2.06263466439823E-16));
#2445=DIRECTION('center_axis',(0.,1.83697019872103E-16,-1.));
#2446=DIRECTION('ref_axis',(0.,1.,1.83697019872103E-16));
#2447=DIRECTION('center_axis',(-1.,1.22464679914735E-16,2.24963967399279E-32));
#2448=DIRECTION('ref_axis',(-1.22464679914735E-16,-1.,-1.93371999787334E-16));
#2449=DIRECTION('center_axis',(0.,-1.83697019872103E-16,1.));
#2450=DIRECTION('ref_axis',(0.,1.,1.83697019872103E-16));
#2451=DIRECTION('center_axis',(0.,-1.83697019872103E-16,1.));
#2452=DIRECTION('ref_axis',(0.,1.,1.83697019872103E-16));
#2453=DIRECTION('center_axis',(0.,-1.83697019872103E-16,1.));
#2454=DIRECTION('ref_axis',(0.,-1.,-1.56994526637773E-16));
#2455=DIRECTION('center_axis',(0.,-1.83697019872103E-16,1.));
#2456=DIRECTION('ref_axis',(0.,-1.,-1.83697019872103E-16));
#2457=DIRECTION('center_axis',(-1.,-1.22464679914735E-16,-2.24963967399279E-32));
#2458=DIRECTION('ref_axis',(-1.22464679914735E-16,1.,1.96243158297216E-16));
#2459=DIRECTION('center_axis',(0.,1.83697019872103E-16,-1.));
#2460=DIRECTION('ref_axis',(0.,-1.,-1.83697019872103E-16));
#2461=DIRECTION('center_axis',(0.,-1.83697019872103E-16,1.));
#2462=DIRECTION('ref_axis',(0.,-1.,-2.06263466439823E-16));
#2463=DIRECTION('center_axis',(0.,-1.83697019872103E-16,1.));
#2464=DIRECTION('ref_axis',(0.,-1.,-1.83697019872103E-16));
#2465=DIRECTION('center_axis',(-1.,-1.22464679914735E-16,-2.24963967399279E-32));
#2466=DIRECTION('ref_axis',(-1.22464679914735E-16,1.,1.93371999787334E-16));
#2467=DIRECTION('center_axis',(0.,1.83697019872103E-16,-1.));
#2468=DIRECTION('ref_axis',(0.,-1.,-1.83697019872103E-16));
#2469=DIRECTION('center_axis',(0.,1.83697019872103E-16,-1.));
#2470=DIRECTION('ref_axis',(0.,1.,1.56994526637773E-16));
#2471=DIRECTION('center_axis',(0.,1.83697019872103E-16,-1.));
#2472=DIRECTION('ref_axis',(0.,1.,1.83697019872103E-16));
#2473=DIRECTION('center_axis',(0.,1.83697019872103E-16,-1.));
#2474=DIRECTION('ref_axis',(0.,1.,1.83697019872103E-16));
#2475=DIRECTION('center_axis',(-1.,1.22464679914735E-16,2.24963967399279E-32));
#2476=DIRECTION('ref_axis',(-1.22464679914735E-16,-1.,-1.96243158297216E-16));
#2477=DIRECTION('center_axis',(0.,-1.83697019872103E-16,1.));
#2478=DIRECTION('ref_axis',(0.,1.,1.83697019872103E-16));
#2479=DIRECTION('center_axis',(0.,-1.83697019872103E-16,1.));
#2480=DIRECTION('ref_axis',(0.,-1.,-1.83697019872103E-16));
#2481=DIRECTION('center_axis',(0.,-1.83697019872103E-16,1.));
#2482=DIRECTION('ref_axis',(0.,-1.,-1.83697019872103E-16));
#2483=DIRECTION('',(0.,-1.83697019872103E-16,1.));
#2484=DIRECTION('center_axis',(0.,-1.83697019872103E-16,1.));
#2485=DIRECTION('ref_axis',(0.,-1.,-1.83697019872103E-16));
#2486=DIRECTION('center_axis',(0.,-1.83697019872103E-16,1.));
#2487=DIRECTION('ref_axis',(0.,-1.,-1.83697019872103E-16));
#2488=DIRECTION('center_axis',(0.,-1.83697019872103E-16,1.));
#2489=DIRECTION('ref_axis',(0.,-1.,-1.83697019872103E-16));
#2490=DIRECTION('',(0.,-1.83697019872103E-16,1.));
#2491=DIRECTION('center_axis',(0.,-1.83697019872103E-16,1.));
#2492=DIRECTION('ref_axis',(0.,-1.,-1.83697019872103E-16));
#2493=DIRECTION('',(0.,-1.83697019872103E-16,1.));
#2494=DIRECTION('center_axis',(0.,-1.83697019872103E-16,1.));
#2495=DIRECTION('ref_axis',(0.,-1.,-1.83697019872103E-16));
#2496=DIRECTION('center_axis',(0.,-1.83697019872103E-16,1.));
#2497=DIRECTION('ref_axis',(0.,-1.,-1.83697019872103E-16));
#2498=DIRECTION('center_axis',(1.,1.22464679914735E-16,2.24963967399279E-32));
#2499=DIRECTION('ref_axis',(-1.22464679914735E-16,1.,1.83697019872103E-16));
#2500=DIRECTION('center_axis',(0.,-1.83697019872103E-16,1.));
#2501=DIRECTION('ref_axis',(0.,-1.,-1.83697019872103E-16));
#2502=DIRECTION('center_axis',(0.,-1.83697019872103E-16,1.));
#2503=DIRECTION('ref_axis',(0.,-1.,-1.83697019872103E-16));
#2504=DIRECTION('',(0.,-1.83697019872103E-16,1.));
#2505=DIRECTION('center_axis',(0.,-1.83697019872103E-16,1.));
#2506=DIRECTION('ref_axis',(0.,-1.,-1.83697019872103E-16));
#2507=DIRECTION('',(0.,-1.83697019872103E-16,1.));
#2508=DIRECTION('center_axis',(0.,-1.83697019872103E-16,1.));
#2509=DIRECTION('ref_axis',(0.,-1.,-1.83697019872103E-16));
#2510=DIRECTION('center_axis',(0.,-1.83697019872103E-16,1.));
#2511=DIRECTION('ref_axis',(0.,-1.,-1.83697019872103E-16));
#2512=DIRECTION('center_axis',(0.,-1.83697019872103E-16,1.));
#2513=DIRECTION('ref_axis',(0.,-1.,-1.83697019872103E-16));
#2514=DIRECTION('',(0.,-1.83697019872103E-16,1.));
#2515=DIRECTION('center_axis',(0.,-1.83697019872103E-16,1.));
#2516=DIRECTION('ref_axis',(0.,-1.,-1.83697019872103E-16));
#2517=DIRECTION('center_axis',(0.,-1.83697019872103E-16,1.));
#2518=DIRECTION('ref_axis',(0.,-1.,-1.83697019872103E-16));
#2519=DIRECTION('center_axis',(0.,-1.83697019872103E-16,1.));
#2520=DIRECTION('ref_axis',(0.,-1.,-1.83697019872103E-16));
#2521=DIRECTION('',(8.6595605623548E-17,-0.707106781186537,-0.707106781186558));
#2522=DIRECTION('center_axis',(0.,-1.83697019872103E-16,1.));
#2523=DIRECTION('ref_axis',(0.,-1.,-1.83697019872103E-16));
#2524=DIRECTION('center_axis',(0.,1.83697019872103E-16,-1.));
#2525=DIRECTION('ref_axis',(0.,1.,1.83697019872103E-16));
#2526=DIRECTION('center_axis',(0.,-1.83697019872103E-16,1.));
#2527=DIRECTION('ref_axis',(0.,-1.,-1.83697019872103E-16));
#2528=DIRECTION('',(8.6595605623548E-17,0.707106781186537,0.707106781186558));
#2529=DIRECTION('center_axis',(0.,-1.83697019872103E-16,1.));
#2530=DIRECTION('ref_axis',(0.,-1.,-1.83697019872103E-16));
#2531=DIRECTION('center_axis',(0.,-1.83697019872103E-16,1.));
#2532=DIRECTION('ref_axis',(0.,-1.,-1.83697019872103E-16));
#2533=DIRECTION('center_axis',(0.,-1.83697019872103E-16,1.));
#2534=DIRECTION('ref_axis',(0.,-1.,-1.83697019872103E-16));
#2535=DIRECTION('',(0.,1.83697019872103E-16,-1.));
#2536=DIRECTION('center_axis',(0.,1.83697019872103E-16,-1.));
#2537=DIRECTION('ref_axis',(0.,1.,1.83697019872103E-16));
#2538=DIRECTION('center_axis',(0.,-1.83697019872103E-16,1.));
#2539=DIRECTION('ref_axis',(0.,-1.,-1.83697019872103E-16));
#2540=DIRECTION('center_axis',(0.,1.83697019872103E-16,-1.));
#2541=DIRECTION('ref_axis',(0.,1.,1.83697019872103E-16));
#2542=DIRECTION('center_axis',(0.,-1.83697019872103E-16,1.));
#2543=DIRECTION('ref_axis',(0.,-1.,-1.83697019872103E-16));
#2544=DIRECTION('center_axis',(0.,1.83697019872103E-16,-1.));
#2545=DIRECTION('ref_axis',(0.,1.,1.83697019872103E-16));
#2546=DIRECTION('center_axis',(0.,-1.83697019872103E-16,1.));
#2547=DIRECTION('ref_axis',(0.,-1.,-1.83697019872103E-16));
#2548=DIRECTION('center_axis',(-0.781831482468031,0.623489801858732,-6.91638013500059E-17));
#2549=DIRECTION('ref_axis',(0.,0.,1.));
#2550=DIRECTION('center_axis',(-0.781831482468031,0.623489801858732,-6.91638013500059E-17));
#2551=DIRECTION('ref_axis',(-5.40744373425995E-17,4.31229247995119E-17,
1.));
#2552=DIRECTION('center_axis',(-0.623489801858732,-0.781831482468031,1.9216171563912E-16));
#2553=DIRECTION('ref_axis',(0.,-2.45784059542496E-16,-1.));
#2554=DIRECTION('center_axis',(-0.781831482468031,0.623489801858732,-6.91638013500059E-17));
#2555=DIRECTION('ref_axis',(-5.40744373425995E-17,4.31229247995119E-17,
1.));
#2556=DIRECTION('center_axis',(1.72157309787011E-12,2.60803933843836E-12,
-1.));
#2557=DIRECTION('ref_axis',(0.633065739866036,0.77409803578608,3.10874707607457E-12));
#2558=DIRECTION('center_axis',(5.45603690775588E-13,5.66069634815493E-13,
-1.));
#2559=DIRECTION('ref_axis',(0.633065739881183,0.774098035773693,7.83596396604557E-13));
#2560=DIRECTION('center_axis',(0.623489801858732,0.781831482468031,6.12323399573677E-17));
#2561=DIRECTION('ref_axis',(0.,0.,1.));
#2562=DIRECTION('center_axis',(-1.79091352057932E-16,-2.24573452299036E-16,
1.));
#2563=DIRECTION('ref_axis',(-2.69422979296766E-33,-1.,-2.24573452299036E-16));
#2564=DIRECTION('center_axis',(-1.79091352057932E-16,-2.24573452299036E-16,
1.));
#2565=DIRECTION('ref_axis',(-2.69422979296766E-33,-1.,-2.24573452299036E-16));
#2566=DIRECTION('center_axis',(0.781831482468031,-0.623489801858732,0.));
#2567=DIRECTION('ref_axis',(0.,0.,-1.));
#2568=DIRECTION('center_axis',(-1.43620113371566E-16,-6.91638013500059E-17,
1.));
#2569=DIRECTION('ref_axis',(0.623489801858732,0.781831482468031,1.43620113371566E-16));
#2570=DIRECTION('center_axis',(-1.43620113371566E-16,-6.91638013500059E-17,
1.));
#2571=DIRECTION('ref_axis',(0.623489801858732,0.781831482468031,1.43620113371566E-16));
#2572=DIRECTION('center_axis',(-1.43620113371566E-16,-6.91638013500059E-17,
1.));
#2573=DIRECTION('ref_axis',(0.623489801858732,0.781831482468031,1.43620113371566E-16));
#2574=DIRECTION('center_axis',(-1.79091352057932E-16,-2.24573452299036E-16,
1.));
#2575=DIRECTION('ref_axis',(-2.69422979296766E-33,-1.,-2.24573452299036E-16));
#2576=DIRECTION('center_axis',(-0.781831482468031,0.623489801858732,-6.91638013500059E-17));
#2577=DIRECTION('ref_axis',(-5.40744373425995E-17,4.31229247995119E-17,
1.));
#2578=DIRECTION('center_axis',(-0.781831482468031,0.623489801858732,-6.91638013500059E-17));
#2579=DIRECTION('ref_axis',(-5.40744373425995E-17,4.31229247995119E-17,
1.));
#2580=DIRECTION('center_axis',(-0.974927912181823,-0.222520933956318,-2.24573452299036E-16));
#2581=DIRECTION('ref_axis',(0.,-1.96627247633996E-16,1.));
#2582=DIRECTION('center_axis',(-0.974927912181823,-0.222520933956318,-2.24573452299036E-16));
#2583=DIRECTION('ref_axis',(-1.74576302943622E-16,-2.44355174980806E-16,
1.));
#2584=DIRECTION('center_axis',(0.222520933956318,-0.974927912181823,-1.19810870008669E-16));
#2585=DIRECTION('ref_axis',(0.,1.22892029771248E-16,-1.));
#2586=DIRECTION('center_axis',(-0.974927912181823,-0.222520933956318,-2.24573452299036E-16));
#2587=DIRECTION('ref_axis',(-1.74576302943622E-16,-2.44355174980806E-16,
1.));
#2588=DIRECTION('center_axis',(-9.65568532420099E-13,2.97811775761602E-12,
-1.));
#2589=DIRECTION('ref_axis',(-0.21050418218285,0.977592956850411,3.11464315877515E-12));
#2590=DIRECTION('center_axis',(-1.01670376708279E-13,7.69516597583905E-13,
-1.));
#2591=DIRECTION('ref_axis',(-0.210504182165094,0.977592956854234,7.73676045479853E-13));
#2592=DIRECTION('center_axis',(-0.222520933956318,0.974927912181823,2.83578648641816E-16));
#2593=DIRECTION('ref_axis',(0.,-2.3353790290334E-16,1.));
#2594=DIRECTION('center_axis',(-7.97031498468594E-17,-3.4920231590332E-16,
1.));
#2595=DIRECTION('ref_axis',(-8.14860358484446E-34,-1.,-3.4920231590332E-16));
#2596=DIRECTION('center_axis',(-7.97031498468594E-17,-3.4920231590332E-16,
1.));
#2597=DIRECTION('ref_axis',(-8.14860358484435E-34,-1.,-3.4920231590332E-16));
#2598=DIRECTION('center_axis',(0.974927912181823,0.222520933956318,3.2479420167657E-17));
#2599=DIRECTION('ref_axis',(0.,1.45961189314588E-16,-1.));
#2600=DIRECTION('center_axis',(-1.79091352057932E-16,-2.24573452299036E-16,
1.));
#2601=DIRECTION('ref_axis',(-0.222520933956318,0.974927912181823,1.79091352057932E-16));
#2602=DIRECTION('center_axis',(-1.79091352057932E-16,-2.24573452299036E-16,
1.));
#2603=DIRECTION('ref_axis',(-0.222520933956318,0.974927912181823,1.79091352057932E-16));
#2604=DIRECTION('center_axis',(-1.79091352057932E-16,-2.24573452299036E-16,
1.));
#2605=DIRECTION('ref_axis',(-0.222520933956318,0.974927912181823,1.79091352057932E-16));
#2606=DIRECTION('center_axis',(-7.97031498468594E-17,-3.4920231590332E-16,
1.));
#2607=DIRECTION('ref_axis',(-8.14860358484435E-34,-1.,-3.4920231590332E-16));
#2608=DIRECTION('center_axis',(-0.974927912181823,-0.222520933956318,-2.24573452299036E-16));
#2609=DIRECTION('ref_axis',(-1.67941156500748E-16,-2.73425650974054E-16,
1.));
#2610=DIRECTION('center_axis',(-0.974927912181823,-0.222520933956318,-2.24573452299036E-16));
#2611=DIRECTION('ref_axis',(-1.67941156500748E-16,-2.73425650974054E-16,
1.));
#2612=DIRECTION('center_axis',(-0.433883739117553,-0.900968867902422,-3.4920231590332E-16));
#2613=DIRECTION('ref_axis',(0.,-3.93254495267993E-16,1.));
#2614=DIRECTION('center_axis',(-0.433883739117553,-0.900968867902422,-3.4920231590332E-16));
#2615=DIRECTION('ref_axis',(8.37858159509631E-18,-3.91620242146386E-16,
1.));
#2616=DIRECTION('center_axis',(0.900968867902422,-0.433883739117553,-2.13283413539578E-16));
#2617=DIRECTION('ref_axis',(0.,4.91568119084991E-16,-1.));
#2618=DIRECTION('center_axis',(-0.433883739117553,-0.900968867902422,-3.4920231590332E-16));
#2619=DIRECTION('ref_axis',(8.37858159509631E-18,-3.91620242146386E-16,
1.));
#2620=DIRECTION('center_axis',(-3.59976315938594E-14,8.97809989658106E-14,
-1.));
#2621=DIRECTION('ref_axis',(0.893355682653329,-0.449350224514247,-7.25018007888356E-14));
#2622=DIRECTION('center_axis',(5.12217480141051E-13,-1.91474665876515E-13,
-1.));
#2623=DIRECTION('ref_axis',(0.893355682645847,-0.449350224529122,5.43631580737795E-13));
#2624=DIRECTION('center_axis',(-2.94694819054832E-12,1.11135704284504E-12,
-1.));
#2625=DIRECTION('ref_axis',(0.895560161547021,-0.444940442137905,-3.1336570916147E-12));
#2626=DIRECTION('center_axis',(-6.66897393423653E-13,4.01080721156829E-13,
-1.));
#2627=DIRECTION('ref_axis',(0.895560161534678,-0.444940442162748,-7.75703770796015E-13));
#2628=DIRECTION('center_axis',(-0.900968867902422,0.433883739117552,2.59139173038175E-16));
#2629=DIRECTION('ref_axis',(0.,-4.6707580580668E-16,1.));
#2630=DIRECTION('center_axis',(7.97031498468617E-17,-3.49202315903319E-16,
1.));
#2631=DIRECTION('ref_axis',(8.14860358484572E-34,-1.,-3.49202315903319E-16));
#2632=DIRECTION('center_axis',(7.97031498468617E-17,-3.49202315903319E-16,
1.));
#2633=DIRECTION('ref_axis',(8.14860358484572E-34,-1.,-3.49202315903319E-16));
#2634=DIRECTION('center_axis',(0.433883739117553,0.900968867902422,5.2602594997782E-16));
#2635=DIRECTION('ref_axis',(0.,5.83844757258351E-16,-1.));
#2636=DIRECTION('center_axis',(-7.97031498468594E-17,-3.4920231590332E-16,
1.));
#2637=DIRECTION('ref_axis',(-0.900968867902422,0.433883739117553,7.97031498468595E-17));
#2638=DIRECTION('center_axis',(-7.97031498468594E-17,-3.4920231590332E-16,
1.));
#2639=DIRECTION('ref_axis',(-0.900968867902422,0.433883739117553,7.97031498468595E-17));
#2640=DIRECTION('center_axis',(-7.97031498468594E-17,-3.4920231590332E-16,
1.));
#2641=DIRECTION('ref_axis',(-0.900968867902422,0.433883739117553,7.97031498468595E-17));
#2642=DIRECTION('center_axis',(7.97031498468617E-17,-3.49202315903319E-16,
1.));
#2643=DIRECTION('ref_axis',(8.14860358484572E-34,-1.,-3.49202315903319E-16));
#2644=DIRECTION('center_axis',(-0.433883739117553,-0.900968867902422,-3.4920231590332E-16));
#2645=DIRECTION('ref_axis',(3.22908231111093E-17,-4.03135770739294E-16,
1.));
#2646=DIRECTION('center_axis',(-0.433883739117553,-0.900968867902422,-3.4920231590332E-16));
#2647=DIRECTION('ref_axis',(3.22908231111092E-17,-4.03135770739294E-16,
1.));
#2648=DIRECTION('center_axis',(0.433883739117565,-0.900968867902416,-3.49202315903319E-16));
#2649=DIRECTION('ref_axis',(0.,-3.93254495267993E-16,1.));
#2650=DIRECTION('center_axis',(0.433883739117565,-0.900968867902416,-3.49202315903319E-16));
#2651=DIRECTION('ref_axis',(-8.37858159509594E-18,-3.91620242146388E-16,
1.));
#2652=DIRECTION('center_axis',(0.900968867902416,0.433883739117565,2.13283413539585E-16));
#2653=DIRECTION('ref_axis',(0.,4.91568119084991E-16,-1.));
#2654=DIRECTION('center_axis',(0.433883739117565,-0.900968867902416,-3.49202315903319E-16));
#2655=DIRECTION('ref_axis',(-8.37858159509594E-18,-3.91620242146388E-16,
1.));
#2656=DIRECTION('center_axis',(-2.68878284392664E-12,-1.6034943202332E-12,
-1.));
#2657=DIRECTION('ref_axis',(0.906241073162893,0.4227613006326,-3.11458079436082E-12));
#2658=DIRECTION('center_axis',(-7.41634938871879E-13,-2.75724544370741E-13,
-1.));
#2659=DIRECTION('ref_axis',(0.906241073171618,0.422761300613898,-7.88665709894167E-13));
#2660=DIRECTION('center_axis',(-0.900968867902416,-0.433883739117565,-1.36674493123445E-16));
#2661=DIRECTION('ref_axis',(0.,-4.6707580580668E-16,1.));
#2662=DIRECTION('center_axis',(1.79091352057933E-16,-2.24573452299033E-16,
1.));
#2663=DIRECTION('ref_axis',(2.6942297929681E-33,-1.,-2.24573452299033E-16));
#2664=DIRECTION('center_axis',(1.79091352057933E-16,-2.24573452299033E-16,
1.));
#2665=DIRECTION('ref_axis',(2.6942297929681E-33,-1.,-2.24573452299033E-16));
#2666=DIRECTION('center_axis',(-0.433883739117565,0.900968867902416,5.26025949977817E-16));
#2667=DIRECTION('ref_axis',(0.,5.83844757258351E-16,-1.));
#2668=DIRECTION('center_axis',(7.97031498468617E-17,-3.49202315903319E-16,
1.));
#2669=DIRECTION('ref_axis',(-0.900968867902416,-0.433883739117565,-7.97031498468617E-17));
#2670=DIRECTION('center_axis',(7.97031498468617E-17,-3.49202315903319E-16,
1.));
#2671=DIRECTION('ref_axis',(-0.900968867902416,-0.433883739117565,-7.97031498468617E-17));
#2672=DIRECTION('center_axis',(7.97031498468617E-17,-3.49202315903319E-16,
1.));
#2673=DIRECTION('ref_axis',(-0.900968867902416,-0.433883739117565,-7.97031498468617E-17));
#2674=DIRECTION('center_axis',(1.79091352057933E-16,-2.24573452299033E-16,
1.));
#2675=DIRECTION('ref_axis',(2.6942297929681E-33,-1.,-2.24573452299033E-16));
#2676=DIRECTION('center_axis',(0.433883739117565,-0.900968867902416,-3.49202315903319E-16));
#2677=DIRECTION('ref_axis',(-3.22908231111095E-17,-4.03135770739296E-16,
1.));
#2678=DIRECTION('center_axis',(0.433883739117565,-0.900968867902416,-3.49202315903319E-16));
#2679=DIRECTION('ref_axis',(-3.22908231111094E-17,-4.03135770739296E-16,
1.));
#2680=DIRECTION('center_axis',(0.974927912181826,-0.222520933956305,-2.24573452299033E-16));
#2681=DIRECTION('ref_axis',(0.,-1.96627247633996E-16,1.));
#2682=DIRECTION('center_axis',(0.974927912181826,-0.222520933956305,-2.24573452299033E-16));
#2683=DIRECTION('ref_axis',(1.74576302943623E-16,-2.44355174980804E-16,
1.));
#2684=DIRECTION('center_axis',(0.222520933956305,0.974927912181826,3.59432610026008E-16));
#2685=DIRECTION('ref_axis',(0.,3.68676089313743E-16,-1.));
#2686=DIRECTION('center_axis',(0.974927912181826,-0.222520933956305,-2.24573452299033E-16));
#2687=DIRECTION('ref_axis',(1.74576302943623E-16,-2.44355174980804E-16,
1.));
#2688=DIRECTION('center_axis',(-6.02220279464069E-13,-3.50100659675524E-12,
-1.));
#2689=DIRECTION('ref_axis',(0.203846676347187,0.979002825604812,-3.55025595308209E-12));
#2690=DIRECTION('center_axis',(6.02590563707681E-13,3.49590871509471E-12,
-1.));
#2691=DIRECTION('ref_axis',(0.203846676341956,0.979002825605901,3.54534059374485E-12));
#2692=DIRECTION('center_axis',(-4.24747823875538E-13,-3.10654585693816E-12,
-1.));
#2693=DIRECTION('ref_axis',(0.234503972735736,0.972115161270082,-3.11952537882002E-12));
#2694=DIRECTION('center_axis',(-2.43009187277305E-13,-7.38226243642766E-13,
-1.));
#2695=DIRECTION('ref_axis',(0.234503972757035,0.972115161264944,-7.74627543721788E-13));
#2696=DIRECTION('center_axis',(-0.222520933956305,-0.974927912181826,-1.61113968727081E-16));
#2697=DIRECTION('ref_axis',(0.,-2.3353790290334E-16,1.));
#2698=DIRECTION('center_axis',(1.43620113371564E-16,-6.91638013500039E-17,
1.));
#2699=DIRECTION('ref_axis',(1.,1.64689001559777E-33,-1.43620113371564E-16));
#2700=DIRECTION('center_axis',(1.43620113371564E-16,-6.91638013500039E-17,
1.));
#2701=DIRECTION('ref_axis',(1.,1.64689001559778E-33,-1.43620113371564E-16));
#2702=DIRECTION('center_axis',(-0.974927912181826,0.222520933956305,3.24794201676551E-17));
#2703=DIRECTION('ref_axis',(0.,1.45961189314588E-16,-1.));
#2704=DIRECTION('center_axis',(1.79091352057933E-16,-2.24573452299033E-16,
1.));
#2705=DIRECTION('ref_axis',(-0.222520933956305,-0.974927912181826,-1.79091352057933E-16));
#2706=DIRECTION('center_axis',(1.79091352057933E-16,-2.24573452299033E-16,
1.));
#2707=DIRECTION('ref_axis',(-0.222520933956305,-0.974927912181826,-1.79091352057933E-16));
#2708=DIRECTION('center_axis',(1.79091352057933E-16,-2.24573452299033E-16,
1.));
#2709=DIRECTION('ref_axis',(-0.222520933956305,-0.974927912181826,-1.79091352057933E-16));
#2710=DIRECTION('center_axis',(1.43620113371564E-16,-6.91638013500039E-17,
1.));
#2711=DIRECTION('ref_axis',(1.,1.64689001559778E-33,-1.43620113371564E-16));
#2712=DIRECTION('center_axis',(0.974927912181826,-0.222520933956305,-2.24573452299033E-16));
#2713=DIRECTION('ref_axis',(1.67941156500749E-16,-2.73425650974052E-16,
1.));
#2714=DIRECTION('center_axis',(0.974927912181826,-0.222520933956305,-2.24573452299033E-16));
#2715=DIRECTION('ref_axis',(1.67941156500749E-16,-2.73425650974052E-16,
1.));
#2716=DIRECTION('center_axis',(0.781831482468022,0.623489801858743,-6.91638013500039E-17));
#2717=DIRECTION('ref_axis',(0.,0.,1.));
#2718=DIRECTION('center_axis',(0.781831482468022,0.623489801858743,-6.91638013500039E-17));
#2719=DIRECTION('ref_axis',(5.40744373425973E-17,4.31229247995114E-17,1.));
#2720=DIRECTION('center_axis',(-0.623489801858743,0.781831482468022,0.));
#2721=DIRECTION('ref_axis',(0.,0.,-1.));
#2722=DIRECTION('center_axis',(0.781831482468022,0.623489801858743,-6.91638013500039E-17));
#2723=DIRECTION('ref_axis',(5.40744373425973E-17,4.31229247995114E-17,1.));
#2724=DIRECTION('center_axis',(1.77252407816676E-10,-1.36715033123804E-10,
1.));
#2725=DIRECTION('ref_axis',(0.635580182582122,-0.772034864179641,-2.18206889752295E-10));
#2726=DIRECTION('center_axis',(-3.62336191045696E-12,5.43818988225478E-12,
1.));
#2727=DIRECTION('ref_axis',(0.635580177067574,-0.77203486871951,6.50140921644647E-12));
#2728=DIRECTION('center_axis',(2.17072777504944E-12,-2.28010556873994E-12,
-1.));
#2729=DIRECTION('ref_axis',(-0.613819402152602,0.789446477945796,-3.13245613570324E-12));
#2730=DIRECTION('center_axis',(4.26156984725658E-13,-6.49957276249097E-13,
-1.));
#2731=DIRECTION('ref_axis',(-0.613819402149403,0.789446477948284,-7.74689908137805E-13));
#2732=DIRECTION('center_axis',(0.623489801858743,-0.781831482468022,6.12323399573677E-17));
#2733=DIRECTION('ref_axis',(0.,0.,1.));
#2734=DIRECTION('center_axis',(0.,0.,-1.));
#2735=DIRECTION('ref_axis',(1.,0.,0.));
#2736=DIRECTION('center_axis',(0.,0.,-1.));
#2737=DIRECTION('ref_axis',(1.,6.23005078256702E-15,0.));
#2738=DIRECTION('center_axis',(-0.781831482468022,-0.623489801858743,0.));
#2739=DIRECTION('ref_axis',(0.,0.,-1.));
#2740=DIRECTION('center_axis',(1.43620113371564E-16,-6.91638013500039E-17,
1.));
#2741=DIRECTION('ref_axis',(0.623489801858743,-0.781831482468022,-1.43620113371564E-16));
#2742=DIRECTION('center_axis',(1.43620113371564E-16,-6.91638013500039E-17,
1.));
#2743=DIRECTION('ref_axis',(0.623489801858743,-0.781831482468022,-1.43620113371564E-16));
#2744=DIRECTION('center_axis',(1.43620113371564E-16,-6.91638013500039E-17,
1.));
#2745=DIRECTION('ref_axis',(0.623489801858743,-0.781831482468022,-1.43620113371564E-16));
#2746=DIRECTION('center_axis',(0.,0.,-1.));
#2747=DIRECTION('ref_axis',(1.,6.23005078256702E-15,0.));
#2748=DIRECTION('center_axis',(0.781831482468022,0.623489801858743,-6.91638013500039E-17));
#2749=DIRECTION('ref_axis',(5.40744373425973E-17,4.31229247995114E-17,1.));
#2750=DIRECTION('center_axis',(0.781831482468022,0.623489801858743,-6.91638013500039E-17));
#2751=DIRECTION('ref_axis',(5.40744373425973E-17,4.31229247995114E-17,1.));
#2752=DIRECTION('center_axis',(1.,0.,6.12323399573677E-17));
#2753=DIRECTION('ref_axis',(0.,0.,1.));
#2754=DIRECTION('center_axis',(-1.43620113371566E-16,-6.91638013500059E-17,
1.));
#2755=DIRECTION('ref_axis',(1.,-1.64689001559793E-33,1.43620113371566E-16));
#2756=DIRECTION('center_axis',(-1.43620113371566E-16,-6.91638013500059E-17,
1.));
#2757=DIRECTION('ref_axis',(1.,-1.64689001559794E-33,1.43620113371566E-16));
#2758=DIRECTION('center_axis',(0.,-1.,0.));
#2759=DIRECTION('ref_axis',(0.,0.,-1.));
#2760=DIRECTION('center_axis',(0.,0.,1.));
#2761=DIRECTION('ref_axis',(1.,0.,0.));
#2762=DIRECTION('center_axis',(0.,0.,1.));
#2763=DIRECTION('ref_axis',(1.,0.,0.));
#2764=DIRECTION('center_axis',(0.,0.,1.));
#2765=DIRECTION('ref_axis',(1.,0.,0.));
#2766=DIRECTION('center_axis',(-1.43620113371566E-16,-6.91638013500059E-17,
1.));
#2767=DIRECTION('ref_axis',(1.,-1.64689001559794E-33,1.43620113371566E-16));
#2768=DIRECTION('center_axis',(0.,1.,0.));
#2769=DIRECTION('ref_axis',(0.,0.,1.));
#2770=DIRECTION('center_axis',(0.,1.,0.));
#2771=DIRECTION('ref_axis',(0.,0.,1.));
#2772=DIRECTION('center_axis',(0.,1.,0.));
#2773=DIRECTION('ref_axis',(0.,0.,1.));
#2774=DIRECTION('center_axis',(0.,1.,0.));
#2775=DIRECTION('ref_axis',(0.,0.,1.));
#2776=DIRECTION('center_axis',(-1.,0.,1.22464679914735E-16));
#2777=DIRECTION('ref_axis',(-1.22464679914735E-16,0.,-1.));
#2778=DIRECTION('center_axis',(0.,1.,0.));
#2779=DIRECTION('ref_axis',(0.,0.,1.));
#2780=DIRECTION('center_axis',(1.3144532828525E-12,-2.06944406331364E-14,
-1.));
#2781=DIRECTION('ref_axis',(0.999999613315272,0.000879414183859655,1.31443457558887E-12));
#2782=DIRECTION('center_axis',(-1.31042266704272E-12,2.04779331106115E-14,
-1.));
#2783=DIRECTION('ref_axis',(0.999999613315269,0.000879414187133973,-1.31040415173738E-12));
#2784=DIRECTION('center_axis',(3.1222981372262E-12,2.7829321895551E-13,
-1.));
#2785=DIRECTION('ref_axis',(0.999924247606829,-0.012308494949306,3.11863624499017E-12));
#2786=DIRECTION('center_axis',(7.87822387550333E-13,-7.33641097433416E-14,
-1.));
#2787=DIRECTION('ref_axis',(0.99992424760661,-0.0123084949671036,7.88665709894452E-13));
#2788=DIRECTION('center_axis',(0.,0.,-1.));
#2789=DIRECTION('ref_axis',(-1.,0.,0.));
#2790=DIRECTION('center_axis',(0.,0.,-1.));
#2791=DIRECTION('ref_axis',(1.,0.,0.));
#2792=DIRECTION('center_axis',(0.,0.,-1.));
#2793=DIRECTION('ref_axis',(1.,0.,0.));
#2794=DIRECTION('center_axis',(0.,0.,-1.));
#2795=DIRECTION('ref_axis',(-1.,0.,0.));
#2796=DIRECTION('center_axis',(0.,0.,1.));
#2797=DIRECTION('ref_axis',(1.,0.,0.));
#2798=DIRECTION('center_axis',(0.,0.,1.));
#2799=DIRECTION('ref_axis',(1.,0.,0.));
#2800=DIRECTION('center_axis',(0.,0.,1.));
#2801=DIRECTION('ref_axis',(1.,0.,0.));
#2802=DIRECTION('center_axis',(0.,0.,1.));
#2803=DIRECTION('ref_axis',(1.,0.,0.));
#2804=DIRECTION('center_axis',(0.,1.,0.));
#2805=DIRECTION('ref_axis',(0.,0.,1.));
#2806=DIRECTION('center_axis',(0.,-1.,0.));
#2807=DIRECTION('ref_axis',(0.,0.,-1.));
#2808=DIRECTION('center_axis',(0.,0.,1.));
#2809=DIRECTION('ref_axis',(1.,0.,0.));
#2810=DIRECTION('center_axis',(0.,0.,-1.));
#2811=DIRECTION('ref_axis',(1.,0.,0.));
#2812=DIRECTION('center_axis',(0.,0.,1.));
#2813=DIRECTION('ref_axis',(1.,0.,0.));
#2814=DIRECTION('center_axis',(0.,0.,1.));
#2815=DIRECTION('ref_axis',(1.,0.,0.));
#2816=DIRECTION('center_axis',(0.,0.,-1.));
#2817=DIRECTION('ref_axis',(1.,0.,0.));
#2818=DIRECTION('center_axis',(0.,0.,1.));
#2819=DIRECTION('ref_axis',(1.,0.,0.));
#2820=DIRECTION('center_axis',(0.,0.,-1.));
#2821=DIRECTION('ref_axis',(-1.,0.,0.));
#2822=DIRECTION('center_axis',(0.,0.,-1.));
#2823=DIRECTION('ref_axis',(-1.,0.,0.));
#2824=DIRECTION('center_axis',(-0.781831482468022,-0.623489801858743,6.91638013500039E-17));
#2825=DIRECTION('ref_axis',(-1.43620113371564E-16,6.91638013500039E-17,
-1.));
#2826=DIRECTION('center_axis',(0.781831482468022,0.623489801858743,-6.91638013500039E-17));
#2827=DIRECTION('ref_axis',(1.43620113371564E-16,-6.91638013500039E-17,
1.));
#2828=DIRECTION('center_axis',(1.43620113371564E-16,-6.91638013500039E-17,
1.));
#2829=DIRECTION('ref_axis',(0.623489801858743,-0.781831482468022,-1.43620113371564E-16));
#2830=DIRECTION('center_axis',(-1.43620113371564E-16,6.91638013500039E-17,
-1.));
#2831=DIRECTION('ref_axis',(0.623489801858743,-0.781831482468022,-1.43620113371564E-16));
#2832=DIRECTION('center_axis',(1.43620113371564E-16,-6.91638013500039E-17,
1.));
#2833=DIRECTION('ref_axis',(0.623489801858743,-0.781831482468022,-1.43620113371564E-16));
#2834=DIRECTION('center_axis',(1.43620113371564E-16,-6.91638013500039E-17,
1.));
#2835=DIRECTION('ref_axis',(0.623489801858743,-0.781831482468022,-1.43620113371564E-16));
#2836=DIRECTION('center_axis',(-1.43620113371564E-16,6.91638013500039E-17,
-1.));
#2837=DIRECTION('ref_axis',(0.623489801858743,-0.781831482468022,-1.43620113371564E-16));
#2838=DIRECTION('center_axis',(1.43620113371564E-16,-6.91638013500039E-17,
1.));
#2839=DIRECTION('ref_axis',(0.623489801858743,-0.781831482468022,-1.43620113371564E-16));
#2840=DIRECTION('center_axis',(-1.43620113371564E-16,6.91638013500039E-17,
-1.));
#2841=DIRECTION('ref_axis',(-0.623489801858743,0.781831482468022,1.43620113371564E-16));
#2842=DIRECTION('center_axis',(-1.43620113371564E-16,6.91638013500039E-17,
-1.));
#2843=DIRECTION('ref_axis',(-0.623489801858743,0.781831482468022,1.43620113371564E-16));
#2844=DIRECTION('center_axis',(-1.79091352057933E-16,2.24573452299033E-16,
-1.));
#2845=DIRECTION('ref_axis',(0.222520933956305,0.974927912181826,1.79091352057933E-16));
#2846=DIRECTION('center_axis',(-1.79091352057933E-16,2.24573452299033E-16,
-1.));
#2847=DIRECTION('ref_axis',(-0.222520933956305,-0.974927912181826,-1.79091352057933E-16));
#2848=DIRECTION('center_axis',(-1.79091352057933E-16,2.24573452299033E-16,
-1.));
#2849=DIRECTION('ref_axis',(-0.222520933956305,-0.974927912181826,-1.79091352057933E-16));
#2850=DIRECTION('center_axis',(-1.79091352057933E-16,2.24573452299033E-16,
-1.));
#2851=DIRECTION('ref_axis',(0.222520933956305,0.974927912181826,1.79091352057933E-16));
#2852=DIRECTION('center_axis',(1.79091352057933E-16,-2.24573452299033E-16,
1.));
#2853=DIRECTION('ref_axis',(-0.222520933956305,-0.974927912181826,-1.79091352057933E-16));
#2854=DIRECTION('center_axis',(1.79091352057933E-16,-2.24573452299033E-16,
1.));
#2855=DIRECTION('ref_axis',(-0.222520933956305,-0.974927912181826,-1.79091352057933E-16));
#2856=DIRECTION('center_axis',(1.79091352057933E-16,-2.24573452299033E-16,
1.));
#2857=DIRECTION('ref_axis',(-0.222520933956305,-0.974927912181826,-1.79091352057933E-16));
#2858=DIRECTION('center_axis',(1.79091352057933E-16,-2.24573452299033E-16,
1.));
#2859=DIRECTION('ref_axis',(-0.222520933956305,-0.974927912181826,-1.79091352057933E-16));
#2860=DIRECTION('center_axis',(-0.974927912181826,0.222520933956305,2.24573452299033E-16));
#2861=DIRECTION('ref_axis',(-1.79091352057933E-16,2.24573452299033E-16,
-1.));
#2862=DIRECTION('center_axis',(0.974927912181826,-0.222520933956305,-2.24573452299033E-16));
#2863=DIRECTION('ref_axis',(1.79091352057933E-16,-2.24573452299033E-16,
1.));
#2864=DIRECTION('center_axis',(1.79091352057933E-16,-2.24573452299033E-16,
1.));
#2865=DIRECTION('ref_axis',(-0.222520933956305,-0.974927912181826,-1.79091352057933E-16));
#2866=DIRECTION('center_axis',(-1.79091352057933E-16,2.24573452299033E-16,
-1.));
#2867=DIRECTION('ref_axis',(-0.222520933956305,-0.974927912181826,-1.79091352057933E-16));
#2868=DIRECTION('center_axis',(1.79091352057933E-16,-2.24573452299033E-16,
1.));
#2869=DIRECTION('ref_axis',(-0.222520933956305,-0.974927912181826,-1.79091352057933E-16));
#2870=DIRECTION('center_axis',(1.79091352057933E-16,-2.24573452299033E-16,
1.));
#2871=DIRECTION('ref_axis',(-0.222520933956305,-0.974927912181826,-1.79091352057933E-16));
#2872=DIRECTION('center_axis',(-1.79091352057933E-16,2.24573452299033E-16,
-1.));
#2873=DIRECTION('ref_axis',(-0.222520933956305,-0.974927912181826,-1.79091352057933E-16));
#2874=DIRECTION('center_axis',(1.79091352057933E-16,-2.24573452299033E-16,
1.));
#2875=DIRECTION('ref_axis',(-0.222520933956305,-0.974927912181826,-1.79091352057933E-16));
#2876=DIRECTION('center_axis',(-1.79091352057933E-16,2.24573452299033E-16,
-1.));
#2877=DIRECTION('ref_axis',(0.222520933956305,0.974927912181826,1.79091352057933E-16));
#2878=DIRECTION('center_axis',(-1.79091352057933E-16,2.24573452299033E-16,
-1.));
#2879=DIRECTION('ref_axis',(0.222520933956305,0.974927912181826,1.79091352057933E-16));
#2880=DIRECTION('center_axis',(-7.97031498468617E-17,3.49202315903319E-16,
-1.));
#2881=DIRECTION('ref_axis',(0.900968867902416,0.433883739117565,7.97031498468617E-17));
#2882=DIRECTION('center_axis',(-7.97031498468617E-17,3.49202315903319E-16,
-1.));
#2883=DIRECTION('ref_axis',(-0.900968867902416,-0.433883739117565,-7.97031498468617E-17));
#2884=DIRECTION('center_axis',(-7.97031498468617E-17,3.49202315903319E-16,
-1.));
#2885=DIRECTION('ref_axis',(-0.900968867902416,-0.433883739117565,-7.97031498468617E-17));
#2886=DIRECTION('center_axis',(-7.97031498468617E-17,3.49202315903319E-16,
-1.));
#2887=DIRECTION('ref_axis',(0.900968867902416,0.433883739117565,7.97031498468617E-17));
#2888=DIRECTION('center_axis',(7.97031498468617E-17,-3.49202315903319E-16,
1.));
#2889=DIRECTION('ref_axis',(-0.900968867902416,-0.433883739117565,-7.97031498468617E-17));
#2890=DIRECTION('center_axis',(7.97031498468617E-17,-3.49202315903319E-16,
1.));
#2891=DIRECTION('ref_axis',(-0.900968867902416,-0.433883739117565,-7.97031498468617E-17));
#2892=DIRECTION('center_axis',(7.97031498468617E-17,-3.49202315903319E-16,
1.));
#2893=DIRECTION('ref_axis',(-0.900968867902416,-0.433883739117565,-7.97031498468617E-17));
#2894=DIRECTION('center_axis',(7.97031498468617E-17,-3.49202315903319E-16,
1.));
#2895=DIRECTION('ref_axis',(-0.900968867902416,-0.433883739117565,-7.97031498468617E-17));
#2896=DIRECTION('center_axis',(-0.433883739117565,0.900968867902416,3.49202315903319E-16));
#2897=DIRECTION('ref_axis',(-7.97031498468617E-17,3.49202315903319E-16,
-1.));
#2898=DIRECTION('center_axis',(0.433883739117565,-0.900968867902416,-3.49202315903319E-16));
#2899=DIRECTION('ref_axis',(7.97031498468617E-17,-3.49202315903319E-16,
1.));
#2900=DIRECTION('center_axis',(7.97031498468617E-17,-3.49202315903319E-16,
1.));
#2901=DIRECTION('ref_axis',(-0.900968867902416,-0.433883739117565,-7.97031498468617E-17));
#2902=DIRECTION('center_axis',(-7.97031498468617E-17,3.49202315903319E-16,
-1.));
#2903=DIRECTION('ref_axis',(-0.900968867902416,-0.433883739117565,-7.97031498468617E-17));
#2904=DIRECTION('center_axis',(7.97031498468617E-17,-3.49202315903319E-16,
1.));
#2905=DIRECTION('ref_axis',(-0.900968867902416,-0.433883739117565,-7.97031498468617E-17));
#2906=DIRECTION('center_axis',(7.97031498468617E-17,-3.49202315903319E-16,
1.));
#2907=DIRECTION('ref_axis',(-0.900968867902416,-0.433883739117565,-7.97031498468617E-17));
#2908=DIRECTION('center_axis',(-7.97031498468617E-17,3.49202315903319E-16,
-1.));
#2909=DIRECTION('ref_axis',(-0.900968867902416,-0.433883739117565,-7.97031498468617E-17));
#2910=DIRECTION('center_axis',(7.97031498468617E-17,-3.49202315903319E-16,
1.));
#2911=DIRECTION('ref_axis',(-0.900968867902416,-0.433883739117565,-7.97031498468617E-17));
#2912=DIRECTION('center_axis',(-7.97031498468617E-17,3.49202315903319E-16,
-1.));
#2913=DIRECTION('ref_axis',(0.900968867902416,0.433883739117565,7.97031498468617E-17));
#2914=DIRECTION('center_axis',(-7.97031498468617E-17,3.49202315903319E-16,
-1.));
#2915=DIRECTION('ref_axis',(0.900968867902416,0.433883739117565,7.97031498468617E-17));
#2916=DIRECTION('center_axis',(7.97031498468594E-17,3.4920231590332E-16,
-1.));
#2917=DIRECTION('ref_axis',(0.900968867902422,-0.433883739117553,-7.97031498468594E-17));
#2918=DIRECTION('center_axis',(7.97031498468594E-17,3.4920231590332E-16,
-1.));
#2919=DIRECTION('ref_axis',(-0.900968867902422,0.433883739117553,7.97031498468594E-17));
#2920=DIRECTION('center_axis',(7.97031498468594E-17,3.4920231590332E-16,
-1.));
#2921=DIRECTION('ref_axis',(-0.900968867902422,0.433883739117553,7.97031498468594E-17));
#2922=DIRECTION('center_axis',(7.97031498468594E-17,3.4920231590332E-16,
-1.));
#2923=DIRECTION('ref_axis',(0.900968867902422,-0.433883739117553,-7.97031498468594E-17));
#2924=DIRECTION('center_axis',(-7.97031498468594E-17,-3.4920231590332E-16,
1.));
#2925=DIRECTION('ref_axis',(-0.900968867902422,0.433883739117553,7.97031498468594E-17));
#2926=DIRECTION('center_axis',(-7.97031498468594E-17,-3.4920231590332E-16,
1.));
#2927=DIRECTION('ref_axis',(-0.900968867902422,0.433883739117553,7.97031498468594E-17));
#2928=DIRECTION('center_axis',(-7.97031498468594E-17,-3.4920231590332E-16,
1.));
#2929=DIRECTION('ref_axis',(-0.900968867902422,0.433883739117553,7.97031498468594E-17));
#2930=DIRECTION('center_axis',(-7.97031498468594E-17,-3.4920231590332E-16,
1.));
#2931=DIRECTION('ref_axis',(-0.900968867902422,0.433883739117553,7.97031498468594E-17));
#2932=DIRECTION('center_axis',(0.433883739117553,0.900968867902422,3.4920231590332E-16));
#2933=DIRECTION('ref_axis',(7.97031498468594E-17,3.4920231590332E-16,-1.));
#2934=DIRECTION('center_axis',(-0.433883739117553,-0.900968867902422,-3.4920231590332E-16));
#2935=DIRECTION('ref_axis',(-7.97031498468594E-17,-3.4920231590332E-16,
1.));
#2936=DIRECTION('center_axis',(-7.97031498468594E-17,-3.4920231590332E-16,
1.));
#2937=DIRECTION('ref_axis',(-0.900968867902422,0.433883739117553,7.97031498468594E-17));
#2938=DIRECTION('center_axis',(7.97031498468594E-17,3.4920231590332E-16,
-1.));
#2939=DIRECTION('ref_axis',(-0.900968867902422,0.433883739117553,7.97031498468594E-17));
#2940=DIRECTION('center_axis',(-7.97031498468594E-17,-3.4920231590332E-16,
1.));
#2941=DIRECTION('ref_axis',(-0.900968867902422,0.433883739117553,7.97031498468594E-17));
#2942=DIRECTION('center_axis',(-7.97031498468594E-17,-3.4920231590332E-16,
1.));
#2943=DIRECTION('ref_axis',(-0.900968867902422,0.433883739117553,7.97031498468594E-17));
#2944=DIRECTION('center_axis',(7.97031498468594E-17,3.4920231590332E-16,
-1.));
#2945=DIRECTION('ref_axis',(-0.900968867902422,0.433883739117553,7.97031498468594E-17));
#2946=DIRECTION('center_axis',(-7.97031498468594E-17,-3.4920231590332E-16,
1.));
#2947=DIRECTION('ref_axis',(-0.900968867902422,0.433883739117553,7.97031498468594E-17));
#2948=DIRECTION('center_axis',(7.97031498468594E-17,3.4920231590332E-16,
-1.));
#2949=DIRECTION('ref_axis',(0.900968867902422,-0.433883739117553,-7.97031498468594E-17));
#2950=DIRECTION('center_axis',(7.97031498468594E-17,3.4920231590332E-16,
-1.));
#2951=DIRECTION('ref_axis',(0.900968867902422,-0.433883739117553,-7.97031498468594E-17));
#2952=DIRECTION('center_axis',(1.79091352057932E-16,2.24573452299036E-16,
-1.));
#2953=DIRECTION('ref_axis',(0.222520933956318,-0.974927912181823,-1.79091352057932E-16));
#2954=DIRECTION('center_axis',(1.79091352057932E-16,2.24573452299036E-16,
-1.));
#2955=DIRECTION('ref_axis',(-0.222520933956318,0.974927912181823,1.79091352057932E-16));
#2956=DIRECTION('center_axis',(1.79091352057932E-16,2.24573452299036E-16,
-1.));
#2957=DIRECTION('ref_axis',(-0.222520933956318,0.974927912181823,1.79091352057932E-16));
#2958=DIRECTION('center_axis',(1.79091352057932E-16,2.24573452299036E-16,
-1.));
#2959=DIRECTION('ref_axis',(0.222520933956318,-0.974927912181823,-1.79091352057932E-16));
#2960=DIRECTION('center_axis',(-1.79091352057932E-16,-2.24573452299036E-16,
1.));
#2961=DIRECTION('ref_axis',(-0.222520933956318,0.974927912181823,1.79091352057932E-16));
#2962=DIRECTION('center_axis',(-1.79091352057932E-16,-2.24573452299036E-16,
1.));
#2963=DIRECTION('ref_axis',(-0.222520933956318,0.974927912181823,1.79091352057932E-16));
#2964=DIRECTION('center_axis',(-1.79091352057932E-16,-2.24573452299036E-16,
1.));
#2965=DIRECTION('ref_axis',(-0.222520933956318,0.974927912181823,1.79091352057932E-16));
#2966=DIRECTION('center_axis',(-1.79091352057932E-16,-2.24573452299036E-16,
1.));
#2967=DIRECTION('ref_axis',(-0.222520933956318,0.974927912181823,1.79091352057932E-16));
#2968=DIRECTION('center_axis',(0.974927912181823,0.222520933956318,2.24573452299036E-16));
#2969=DIRECTION('ref_axis',(1.79091352057932E-16,2.24573452299036E-16,-1.));
#2970=DIRECTION('center_axis',(-0.974927912181823,-0.222520933956318,-2.24573452299036E-16));
#2971=DIRECTION('ref_axis',(-1.79091352057932E-16,-2.24573452299036E-16,
1.));
#2972=DIRECTION('center_axis',(-1.79091352057932E-16,-2.24573452299036E-16,
1.));
#2973=DIRECTION('ref_axis',(-0.222520933956318,0.974927912181823,1.79091352057932E-16));
#2974=DIRECTION('center_axis',(1.79091352057932E-16,2.24573452299036E-16,
-1.));
#2975=DIRECTION('ref_axis',(-0.222520933956318,0.974927912181823,1.79091352057932E-16));
#2976=DIRECTION('center_axis',(-1.79091352057932E-16,-2.24573452299036E-16,
1.));
#2977=DIRECTION('ref_axis',(-0.222520933956318,0.974927912181823,1.79091352057932E-16));
#2978=DIRECTION('center_axis',(-1.79091352057932E-16,-2.24573452299036E-16,
1.));
#2979=DIRECTION('ref_axis',(-0.222520933956318,0.974927912181823,1.79091352057932E-16));
#2980=DIRECTION('center_axis',(1.79091352057932E-16,2.24573452299036E-16,
-1.));
#2981=DIRECTION('ref_axis',(-0.222520933956318,0.974927912181823,1.79091352057932E-16));
#2982=DIRECTION('center_axis',(-1.79091352057932E-16,-2.24573452299036E-16,
1.));
#2983=DIRECTION('ref_axis',(-0.222520933956318,0.974927912181823,1.79091352057932E-16));
#2984=DIRECTION('center_axis',(1.79091352057932E-16,2.24573452299036E-16,
-1.));
#2985=DIRECTION('ref_axis',(0.222520933956318,-0.974927912181823,-1.79091352057932E-16));
#2986=DIRECTION('center_axis',(1.79091352057932E-16,2.24573452299036E-16,
-1.));
#2987=DIRECTION('ref_axis',(0.222520933956318,-0.974927912181823,-1.79091352057932E-16));
#2988=DIRECTION('center_axis',(1.43620113371566E-16,6.91638013500059E-17,
-1.));
#2989=DIRECTION('ref_axis',(-0.623489801858732,-0.781831482468031,-1.43620113371566E-16));
#2990=DIRECTION('center_axis',(1.43620113371566E-16,6.91638013500059E-17,
-1.));
#2991=DIRECTION('ref_axis',(0.623489801858732,0.781831482468031,1.43620113371566E-16));
#2992=DIRECTION('center_axis',(1.43620113371566E-16,6.91638013500059E-17,
-1.));
#2993=DIRECTION('ref_axis',(0.623489801858732,0.781831482468031,1.43620113371566E-16));
#2994=DIRECTION('center_axis',(1.43620113371566E-16,6.91638013500059E-17,
-1.));
#2995=DIRECTION('ref_axis',(-0.623489801858732,-0.781831482468031,-1.43620113371566E-16));
#2996=DIRECTION('center_axis',(-1.43620113371566E-16,-6.91638013500059E-17,
1.));
#2997=DIRECTION('ref_axis',(0.623489801858732,0.781831482468031,1.43620113371566E-16));
#2998=DIRECTION('center_axis',(-1.43620113371566E-16,-6.91638013500059E-17,
1.));
#2999=DIRECTION('ref_axis',(0.623489801858732,0.781831482468031,1.43620113371566E-16));
#3000=DIRECTION('center_axis',(-1.43620113371566E-16,-6.91638013500059E-17,
1.));
#3001=DIRECTION('ref_axis',(0.623489801858732,0.781831482468031,1.43620113371566E-16));
#3002=DIRECTION('center_axis',(-1.43620113371566E-16,-6.91638013500059E-17,
1.));
#3003=DIRECTION('ref_axis',(0.623489801858732,0.781831482468031,1.43620113371566E-16));
#3004=DIRECTION('center_axis',(0.781831482468031,-0.623489801858732,6.91638013500059E-17));
#3005=DIRECTION('ref_axis',(1.43620113371566E-16,6.91638013500059E-17,-1.));
#3006=DIRECTION('center_axis',(-0.781831482468031,0.623489801858732,-6.91638013500059E-17));
#3007=DIRECTION('ref_axis',(-1.43620113371566E-16,-6.91638013500059E-17,
1.));
#3008=DIRECTION('center_axis',(-1.43620113371566E-16,-6.91638013500059E-17,
1.));
#3009=DIRECTION('ref_axis',(0.623489801858732,0.781831482468031,1.43620113371566E-16));
#3010=DIRECTION('center_axis',(1.43620113371566E-16,6.91638013500059E-17,
-1.));
#3011=DIRECTION('ref_axis',(0.623489801858732,0.781831482468031,1.43620113371566E-16));
#3012=DIRECTION('center_axis',(-1.43620113371566E-16,-6.91638013500059E-17,
1.));
#3013=DIRECTION('ref_axis',(0.623489801858732,0.781831482468031,1.43620113371566E-16));
#3014=DIRECTION('center_axis',(-1.43620113371566E-16,-6.91638013500059E-17,
1.));
#3015=DIRECTION('ref_axis',(0.623489801858732,0.781831482468031,1.43620113371566E-16));
#3016=DIRECTION('center_axis',(1.43620113371566E-16,6.91638013500059E-17,
-1.));
#3017=DIRECTION('ref_axis',(0.623489801858732,0.781831482468031,1.43620113371566E-16));
#3018=DIRECTION('center_axis',(-1.43620113371566E-16,-6.91638013500059E-17,
1.));
#3019=DIRECTION('ref_axis',(0.623489801858732,0.781831482468031,1.43620113371566E-16));
#3020=DIRECTION('center_axis',(1.43620113371566E-16,6.91638013500059E-17,
-1.));
#3021=DIRECTION('ref_axis',(-0.623489801858732,-0.781831482468031,-1.43620113371566E-16));
#3022=DIRECTION('center_axis',(1.43620113371566E-16,6.91638013500059E-17,
-1.));
#3023=DIRECTION('ref_axis',(-0.623489801858732,-0.781831482468031,-1.43620113371566E-16));
#3024=DIRECTION('center_axis',(0.,0.,1.));
#3025=DIRECTION('ref_axis',(1.,0.,0.));
#3026=DIRECTION('center_axis',(0.,0.,-1.));
#3027=DIRECTION('ref_axis',(1.,0.,0.));
#3028=DIRECTION('center_axis',(0.,0.,1.));
#3029=DIRECTION('ref_axis',(1.,0.,0.));
#3030=DIRECTION('center_axis',(0.,0.,1.));
#3031=DIRECTION('ref_axis',(1.,0.,0.));
#3032=DIRECTION('center_axis',(0.,0.,-1.));
#3033=DIRECTION('ref_axis',(1.,0.,0.));
#3034=DIRECTION('center_axis',(0.,0.,1.));
#3035=DIRECTION('ref_axis',(1.,0.,0.));
#3036=DIRECTION('center_axis',(0.,0.,-1.));
#3037=DIRECTION('ref_axis',(-1.,0.,0.));
#3038=DIRECTION('center_axis',(0.,0.,-1.));
#3039=DIRECTION('ref_axis',(-1.,0.,0.));
#3040=DIRECTION('',(0.,0.,1.));
#3041=DIRECTION('',(1.,0.,0.));
#3042=CARTESIAN_POINT('',(0.,0.,0.));
#3043=CARTESIAN_POINT('',(0.,0.,0.));
#3044=CARTESIAN_POINT('Origin',(0.,8.67361737988404E-16,-6.19962980357202E-15));
#3045=CARTESIAN_POINT('',(8.0544077943922E-16,6.57692307692307,1.66249999999999));
#3046=CARTESIAN_POINT('Origin',(0.,3.37543274014992E-16,1.66249999999999));
#3047=CARTESIAN_POINT('',(-8.0544077943922E-16,6.57692307692307,-1.66249999999999));
#3048=CARTESIAN_POINT('Origin',(-9.18485099360515E-16,7.5,-4.82190215453125E-15));
#3049=CARTESIAN_POINT('Origin',(0.,9.48335865089731E-16,-1.66249999999999));
#3050=CARTESIAN_POINT('Origin',(0.,8.42675286673533E-17,3.04126893987707));
#3051=CARTESIAN_POINT('',(5.15997854644737E-16,4.07688446993853,3.22688446993853));
#3052=CARTESIAN_POINT('',(-4.99274351660377E-16,-4.07688446993853,3.22688446993853));
#3053=CARTESIAN_POINT('Origin',(0.,5.01705089530815E-17,3.22688446993853));
#3054=CARTESIAN_POINT('Origin',(0.,5.01705089530815E-17,3.22688446993853));
#3055=CARTESIAN_POINT('',(-4.89858719658941E-16,-4.,3.04126893987707));
#3056=CARTESIAN_POINT('Origin',(-5.22005698136559E-16,-4.2625,3.04126893987707));
#3057=CARTESIAN_POINT('',(4.89858719658941E-16,4.,3.04126893987707));
#3058=CARTESIAN_POINT('Origin',(0.,8.42675286673534E-17,3.04126893987707));
#3059=CARTESIAN_POINT('Origin',(0.,8.42675286673534E-17,3.04126893987707));
#3060=CARTESIAN_POINT('Origin',(0.,1.20161161043737E-15,-3.04126893987707));
#3061=CARTESIAN_POINT('',(4.89858719658941E-16,4.,-3.04126893987707));
#3062=CARTESIAN_POINT('',(-4.89858719658941E-16,-4.,-3.04126893987707));
#3063=CARTESIAN_POINT('Origin',(0.,1.20161161043737E-15,-3.04126893987707));
#3064=CARTESIAN_POINT('Origin',(0.,1.20161161043737E-15,-3.04126893987707));
#3065=CARTESIAN_POINT('',(-4.99274351660377E-16,-4.07688446993853,-3.22688446993854));
#3066=CARTESIAN_POINT('Origin',(-5.22005698136559E-16,-4.2625,-3.04126893987707));
#3067=CARTESIAN_POINT('Origin',(0.,1.23570863015164E-15,-3.22688446993854));
#3068=CARTESIAN_POINT('Origin',(0.,-1.71874544111086E-31,3.5));
#3069=CARTESIAN_POINT('',(-5.32721357629097E-16,4.34999999999999,3.5));
#3070=CARTESIAN_POINT('',(-5.32721357629097E-16,4.34999999999999,3.5));
#3071=CARTESIAN_POINT('Origin',(0.,-1.71874544111086E-31,3.5));
#3072=CARTESIAN_POINT('Origin',(0.,0.,3.5));
#3073=CARTESIAN_POINT('',(-4.89858719658941E-16,4.,3.5));
#3074=CARTESIAN_POINT('Origin',(0.,1.22158518214949E-15,-3.15));
#3075=CARTESIAN_POINT('',(-5.32721357629097E-16,-4.34999999999999,-3.50000000000001));
#3076=CARTESIAN_POINT('',(-4.89858719658941E-16,-4.,-3.15));
#3077=CARTESIAN_POINT('Origin',(0.,1.28587913910472E-15,-3.5));
#3078=CARTESIAN_POINT('Origin',(0.,0.,3.5));
#3079=CARTESIAN_POINT('',(-8.0544077943922E-16,6.57692307692307,-3.5));
#3080=CARTESIAN_POINT('',(-8.0544077943922E-16,6.57692307692307,3.5));
#3081=CARTESIAN_POINT('Origin',(0.,1.28587913910472E-15,-3.5));
#3082=CARTESIAN_POINT('Origin',(0.,0.,3.5));
#3083=CARTESIAN_POINT('',(-8.05440779439221E-16,6.57692307692308,3.5));
#3084=CARTESIAN_POINT('Origin',(0.,-9.67279265394421E-32,3.5));
#3085=CARTESIAN_POINT('',(-8.05440779439221E-16,6.57692307692308,3.5));
#3086=CARTESIAN_POINT('Origin',(0.,4.34999999999999,3.5));
#3087=CARTESIAN_POINT('Origin',(0.,4.34999999999999,-3.5));
#3088=CARTESIAN_POINT('Origin',(0.,7.5,-4.89858719658941E-15));
#3089=CARTESIAN_POINT('',(-1.90157231151412,7.5,-4.89858719658941E-15));
#3090=CARTESIAN_POINT('',(1.90157231151412,7.5,-4.89858719658941E-15));
#3091=CARTESIAN_POINT('Origin',(0.,7.5,-4.89858719658941E-15));
#3092=CARTESIAN_POINT('Origin',(5.86373611851023,4.67617351394049,-5.41731570671446E-15));
#3093=CARTESIAN_POINT('',(4.67812517478424,6.16288261327173,-5.14421167575057E-15));
#3094=CARTESIAN_POINT('',(7.04934706223622,3.18946441460925,-5.69041973767835E-15));
#3095=CARTESIAN_POINT('Origin',(5.86373611851023,4.67617351394049,-5.41731570671446E-15));
#3096=CARTESIAN_POINT('Origin',(7.31195934136367,-1.66890700467239,-6.58288808883218E-15));
#3097=CARTESIAN_POINT('',(7.73509898810727,0.184988918854835,-6.24233293252719E-15));
#3098=CARTESIAN_POINT('',(6.88881969462007,-3.52280292819961,-6.92344324513717E-15));
#3099=CARTESIAN_POINT('Origin',(7.31195934136367,-1.66890700467239,-6.58288808883218E-15));
#3100=CARTESIAN_POINT('Origin',(3.25412804338165,-6.75726650926816,-7.51760456586431E-15));
#3101=CARTESIAN_POINT('',(4.96738549612111,-5.93220520454601,-7.36604326297507E-15));
#3102=CARTESIAN_POINT('',(1.54087059064218,-7.58232781399032,-7.66916586875356E-15));
#3103=CARTESIAN_POINT('Origin',(3.25412804338165,-6.75726650926816,-7.51760456586431E-15));
#3104=CARTESIAN_POINT('Origin',(-3.25412804338174,-6.75726650926812,-7.51760456586431E-15));
#3105=CARTESIAN_POINT('',(-1.54087059064228,-7.58232781399029,-7.66916586875356E-15));
#3106=CARTESIAN_POINT('',(-4.96738549612119,-5.93220520454594,-7.36604326297505E-15));
#3107=CARTESIAN_POINT('Origin',(-3.25412804338174,-6.75726650926812,-7.51760456586431E-15));
#3108=CARTESIAN_POINT('Origin',(-7.31195934136369,-1.66890700467229,-6.58288808883216E-15));
#3109=CARTESIAN_POINT('',(-6.88881969462012,-3.52280292819951,-6.92344324513715E-15));
#3110=CARTESIAN_POINT('',(-7.73509898810726,0.184988918854939,-6.24233293252717E-15));
#3111=CARTESIAN_POINT('Origin',(-7.31195934136369,-1.66890700467229,-6.58288808883216E-15));
#3112=CARTESIAN_POINT('Origin',(-5.86373611851017,4.67617351394057,-5.41731570671444E-15));
#3113=CARTESIAN_POINT('',(-7.04934706223618,3.18946441460935,-5.69041973767833E-15));
#3114=CARTESIAN_POINT('',(-4.67812517478416,6.1628826132718,-5.14421167575056E-15));
#3115=CARTESIAN_POINT('Origin',(-5.86373611851017,4.67617351394057,-5.41731570671444E-15));
#3116=CARTESIAN_POINT('Origin',(0.,5.78645612597381E-18,3.46849999999999));
#3117=CARTESIAN_POINT('',(-1.05081760636838E-15,-8.58057692307691,3.49999999999999));
#3118=CARTESIAN_POINT('Origin',(0.,2.55185717631309E-30,3.49999999999999));
#3119=CARTESIAN_POINT('',(-1.04695996895106E-15,-8.54907692307691,3.46849999999999));
#3120=CARTESIAN_POINT('Origin',(-1.05081760636838E-15,-8.58057692307691,
3.46849999999999));
#3121=CARTESIAN_POINT('',(1.04695996895106E-15,8.54907692307691,3.46849999999999));
#3122=CARTESIAN_POINT('Origin',(0.,5.78645612597387E-18,3.46849999999999));
#3123=CARTESIAN_POINT('Origin',(0.,5.78645612597387E-18,3.46849999999999));
#3124=CARTESIAN_POINT('Origin',(0.,7.00804130812078E-17,3.1185));
#3125=CARTESIAN_POINT('',(-1.03152941928181E-15,8.42307692307692,3.1185));
#3126=CARTESIAN_POINT('Origin',(0.,7.00804130812078E-17,3.1185));
#3127=CARTESIAN_POINT('',(-1.03538705669912E-15,8.45457692307692,3.15));
#3128=CARTESIAN_POINT('Origin',(-1.03538705669912E-15,8.45457692307692,
3.1185));
#3129=CARTESIAN_POINT('Origin',(0.,6.42939569552365E-17,3.15));
#3130=CARTESIAN_POINT('Origin',(0.,1.28009268297875E-15,-3.46850000000001));
#3131=CARTESIAN_POINT('',(-1.05081760636838E-15,8.58057692307691,-3.5));
#3132=CARTESIAN_POINT('Origin',(0.,1.28587913910472E-15,-3.50000000000001));
#3133=CARTESIAN_POINT('',(-1.04695996895106E-15,8.54907692307691,-3.4685));
#3134=CARTESIAN_POINT('Origin',(-1.05081760636838E-15,8.58057692307691,
-3.4685));
#3135=CARTESIAN_POINT('Origin',(0.,1.28009268297875E-15,-3.46850000000001));
#3136=CARTESIAN_POINT('Origin',(0.,1.21579872602351E-15,-3.1185));
#3137=CARTESIAN_POINT('',(1.03152941928181E-15,8.42307692307692,-3.1185));
#3138=CARTESIAN_POINT('',(-1.03152941928181E-15,-8.42307692307691,-3.1185));
#3139=CARTESIAN_POINT('Origin',(0.,1.21579872602351E-15,-3.1185));
#3140=CARTESIAN_POINT('Origin',(0.,1.21579872602351E-15,-3.1185));
#3141=CARTESIAN_POINT('',(-1.03538705669912E-15,-8.45457692307691,-3.15));
#3142=CARTESIAN_POINT('Origin',(-1.03538705669912E-15,-8.45457692307691,
-3.1185));
#3143=CARTESIAN_POINT('Origin',(0.,1.22158518214949E-15,-3.15));
#3144=CARTESIAN_POINT('Origin',(0.,0.,3.5));
#3145=CARTESIAN_POINT('',(-1.13672343920857E-15,9.28205128205128,3.15));
#3146=CARTESIAN_POINT('Origin',(0.,6.42939569552366E-17,3.15));
#3147=CARTESIAN_POINT('',(-1.13672343920857E-15,9.28205128205128,3.276));
#3148=CARTESIAN_POINT('',(-1.13672343920857E-15,9.28205128205128,3.5));
#3149=CARTESIAN_POINT('Origin',(0.,4.11481324513517E-17,3.276));
#3150=CARTESIAN_POINT('Origin',(0.,0.,3.5));
#3151=CARTESIAN_POINT('',(-1.04695996895106E-15,8.54907692307691,3.276));
#3152=CARTESIAN_POINT('Origin',(0.,4.11481324513517E-17,3.276));
#3153=CARTESIAN_POINT('',(-1.04695996895106E-15,8.54907692307691,3.5));
#3154=CARTESIAN_POINT('Origin',(0.,0.,3.5));
#3155=CARTESIAN_POINT('',(-1.03152941928181E-15,8.42307692307691,-1.66250000000001));
#3156=CARTESIAN_POINT('',(-1.03152941928181E-15,8.42307692307691,3.5));
#3157=CARTESIAN_POINT('Origin',(0.,9.48335865089733E-16,-1.66250000000001));
#3158=CARTESIAN_POINT('Origin',(0.,8.67361737988404E-16,-6.19962980357202E-15));
#3159=CARTESIAN_POINT('',(-1.03152941928181E-15,8.42307692307692,1.6625));
#3160=CARTESIAN_POINT('Origin',(-9.18485099360515E-16,7.5,-4.82190215453125E-15));
#3161=CARTESIAN_POINT('Origin',(0.,3.37543274014991E-16,1.66249999999999));
#3162=CARTESIAN_POINT('Origin',(0.,0.,3.5));
#3163=CARTESIAN_POINT('',(-1.03152941928181E-15,8.42307692307692,3.5));
#3164=CARTESIAN_POINT('Origin',(0.,0.,3.5));
#3165=CARTESIAN_POINT('',(-1.04695996895106E-15,8.54907692307691,-3.276));
#3166=CARTESIAN_POINT('',(-1.04695996895106E-15,8.54907692307691,3.5));
#3167=CARTESIAN_POINT('Origin',(0.,1.24473100665337E-15,-3.276));
#3168=CARTESIAN_POINT('Origin',(0.,0.,3.5));
#3169=CARTESIAN_POINT('',(-1.13672343920857E-15,9.28205128205128,-3.276));
#3170=CARTESIAN_POINT('Origin',(0.,1.24473100665337E-15,-3.276));
#3171=CARTESIAN_POINT('',(-1.13672343920857E-15,9.28205128205128,-3.15));
#3172=CARTESIAN_POINT('',(-1.13672343920857E-15,9.28205128205128,3.5));
#3173=CARTESIAN_POINT('Origin',(0.,1.22158518214949E-15,-3.15));
#3174=CARTESIAN_POINT('Origin',(0.,1.28587913910472E-15,-3.50000000000001));
#3175=CARTESIAN_POINT('',(-1.34711147906209E-15,11.,-3.15));
#3176=CARTESIAN_POINT('Origin',(0.,1.22158518214949E-15,-3.15000000000001));
#3177=CARTESIAN_POINT('',(-1.30424884109193E-15,10.65,-3.5));
#3178=CARTESIAN_POINT('',(-1.30424884109193E-15,10.65,-3.5));
#3179=CARTESIAN_POINT('Origin',(0.,1.28587913910472E-15,-3.50000000000001));
#3180=CARTESIAN_POINT('Origin',(0.,6.42939569552386E-17,3.14999999999999));
#3181=CARTESIAN_POINT('',(1.34711147906209E-15,11.,3.14999999999999));
#3182=CARTESIAN_POINT('',(-1.34711147906209E-15,-11.,3.14999999999999));
#3183=CARTESIAN_POINT('Origin',(0.,6.42939569552386E-17,3.14999999999999));
#3184=CARTESIAN_POINT('',(-1.30424884109193E-15,-10.65,3.49999999999999));
#3185=CARTESIAN_POINT('',(-1.34711147906209E-15,-11.,3.14999999999999));
#3186=CARTESIAN_POINT('Origin',(0.,2.59002466779415E-30,3.49999999999999));
#3187=CARTESIAN_POINT('Origin',(0.,6.42939569552386E-17,3.14999999999999));
#3188=CARTESIAN_POINT('Origin',(0.,0.,3.5));
#3189=CARTESIAN_POINT('',(-1.34711147906209E-15,11.,3.5));
#3190=CARTESIAN_POINT('Origin',(0.,10.65,3.49999999999999));
#3191=CARTESIAN_POINT('Origin',(0.,10.65,-3.5));
#3192=CARTESIAN_POINT('Origin',(0.,8.42307692307692,-3.15));
#3193=CARTESIAN_POINT('Origin',(0.,8.54907692307691,-3.276));
#3194=CARTESIAN_POINT('Origin',(0.,8.54907692307691,3.276));
#3195=CARTESIAN_POINT('Origin',(0.,8.42307692307692,3.15));
#3196=CARTESIAN_POINT('Origin',(-5.86373611851023,4.67617351394049,-5.18728510125044E-16));
#3197=CARTESIAN_POINT('',(-6.22458141811086,4.96393803787529,-2.12059268767998));
#3198=CARTESIAN_POINT('Origin',(-6.22458141811086,4.96393803787529,-5.50650264594278E-16));
#3199=CARTESIAN_POINT('',(-5.5028908189096,4.38840899000569,-2.12059268767998));
#3200=CARTESIAN_POINT('Origin',(-5.86373611851023,4.67617351394049,-1.41742798638447));
#3201=CARTESIAN_POINT('Origin',(-5.5028908189096,4.38840899000569,-4.86806755655811E-16));
#3202=CARTESIAN_POINT('',(-6.94718693348869,2.82605621160727,0.583333333333333));
#3203=CARTESIAN_POINT('',(-7.34016827033924,3.08350846239492,0.583333333333333));
#3204=CARTESIAN_POINT('Ctrl Pts',(-6.94718693348829,2.82605621160862,0.583333333333333));
#3205=CARTESIAN_POINT('Ctrl Pts',(-7.04323334665362,2.85448182665589,0.583333333333333));
#3206=CARTESIAN_POINT('Ctrl Pts',(-7.14710017587719,2.90886505889338,0.583333333333333));
#3207=CARTESIAN_POINT('Ctrl Pts',(-7.26406112268512,3.00213830151118,0.583333333333333));
#3208=CARTESIAN_POINT('Ctrl Pts',(-7.30439956117597,3.04086255338479,0.583333333333333));
#3209=CARTESIAN_POINT('Ctrl Pts',(-7.34016827033925,3.08350846239492,0.583333333333333));
#3210=CARTESIAN_POINT('',(-6.94718693348869,2.82605621160727,-0.583333333333334));
#3211=CARTESIAN_POINT('Ctrl Pts',(-6.94718693348818,2.8260562116085,0.583333333332992));
#3212=CARTESIAN_POINT('Ctrl Pts',(-6.95999700744373,2.79456569205146,0.450520233897233));
#3213=CARTESIAN_POINT('Ctrl Pts',(-6.96819658134755,2.77386785437931,0.314640502813636));
#3214=CARTESIAN_POINT('Ctrl Pts',(-6.97908069960362,2.74641615535727,-0.0778945223290828));
#3215=CARTESIAN_POINT('Ctrl Pts',(-6.97108681315265,2.76730404276103,-0.335542640992363));
#3216=CARTESIAN_POINT('Ctrl Pts',(-6.94718693348818,2.8260562116085,-0.583333333332993));
#3217=CARTESIAN_POINT('',(-7.34016827033925,3.08350846239492,-0.583333333333334));
#3218=CARTESIAN_POINT('Ctrl Pts',(-6.94718693348828,2.82605621160862,-0.583333333333334));
#3219=CARTESIAN_POINT('Ctrl Pts',(-7.04284969042376,2.85436828088212,-0.583333333333334));
#3220=CARTESIAN_POINT('Ctrl Pts',(-7.14706143494417,2.90883416403023,-0.583333333333334));
#3221=CARTESIAN_POINT('Ctrl Pts',(-7.26403831991238,3.00212011690674,-0.583333333333334));
#3222=CARTESIAN_POINT('Ctrl Pts',(-7.3044100389806,3.04087504574231,-0.583333333333334));
#3223=CARTESIAN_POINT('Ctrl Pts',(-7.34016827033925,3.08350846239492,-0.583333333333334));
#3224=CARTESIAN_POINT('Ctrl Pts',(-7.34016827033925,3.08350846239492,-0.583333333333334));
#3225=CARTESIAN_POINT('Ctrl Pts',(-7.36932936108226,3.01409165501114,-0.329723516114919));
#3226=CARTESIAN_POINT('Ctrl Pts',(-7.37864291698778,2.99038221699335,-0.0638482260450974));
#3227=CARTESIAN_POINT('Ctrl Pts',(-7.36407228866812,3.02600339107733,0.32988203164484));
#3228=CARTESIAN_POINT('Ctrl Pts',(-7.35453552761858,3.04930778245528,0.458383360623048));
#3229=CARTESIAN_POINT('Ctrl Pts',(-7.34016827033925,3.08350846239492,0.583333333333333));
#3230=CARTESIAN_POINT('',(-4.63953956635008,6.46998974395077,0.583333333333333));
#3231=CARTESIAN_POINT('',(-4.30109560690003,6.14414978498289,0.583333333333333));
#3232=CARTESIAN_POINT('Origin',(-5.03423526696909,5.71707174455338,0.58333333333069));
#3233=CARTESIAN_POINT('',(-4.63953956635008,6.46998974395077,-0.583333333333334));
#3234=CARTESIAN_POINT('Ctrl Pts',(-4.63953956635008,6.46998974395077,0.583333333333333));
#3235=CARTESIAN_POINT('Ctrl Pts',(-4.59393459057117,6.50269243714229,0.394309712275718));
#3236=CARTESIAN_POINT('Ctrl Pts',(-4.57040644471337,6.51900909683969,0.197856663950204));
#3237=CARTESIAN_POINT('Ctrl Pts',(-4.57040644471337,6.51900909683969,-3.90661740811476E-16));
#3238=CARTESIAN_POINT('Ctrl Pts',(-4.57040644471337,6.51900909683969,-0.197556443029392));
#3239=CARTESIAN_POINT('Ctrl Pts',(-4.59386851892623,6.50273981619899,-0.394035858351621));
#3240=CARTESIAN_POINT('Ctrl Pts',(-4.63953956635008,6.46998974395077,-0.583333333333331));
#3241=CARTESIAN_POINT('',(-4.30109560690652,6.14414978499216,-0.583333333333334));
#3242=CARTESIAN_POINT('Origin',(-5.03423526695018,5.71707174457768,-0.583333333333975));
#3243=CARTESIAN_POINT('Ctrl Pts',(-4.30109560690089,6.14414978498229,-0.583333333333065));
#3244=CARTESIAN_POINT('Ctrl Pts',(-4.2611612729852,6.1721050585645,-0.392894846874719));
#3245=CARTESIAN_POINT('Ctrl Pts',(-4.2408903543246,6.18585879264929,-0.196622784563447));
#3246=CARTESIAN_POINT('Ctrl Pts',(-4.2408903543246,6.18585879264929,-3.61845776804017E-16));
#3247=CARTESIAN_POINT('Ctrl Pts',(-4.2408903543246,6.18585879264929,0.196866595658783));
#3248=CARTESIAN_POINT('Ctrl Pts',(-4.26120643982234,6.17207344037621,0.393110238074711));
#3249=CARTESIAN_POINT('Ctrl Pts',(-4.30109560690089,6.14414978498229,0.583333333333064));
#3250=CARTESIAN_POINT('Origin',(-5.86373611851023,4.67617351394049,-5.18728510125044E-16));
#3251=CARTESIAN_POINT('',(-7.18192881927108,3.43598502754007,0.583333333333333));
#3252=CARTESIAN_POINT('',(-6.81320288033921,3.13532558298775,0.583333333333333));
#3253=CARTESIAN_POINT('Origin',(-5.86373611851023,4.67617351394049,0.583333333333333));
#3254=CARTESIAN_POINT('',(-7.18192881927108,3.43598502754007,-0.583333333333334));
#3255=CARTESIAN_POINT('Ctrl Pts',(-7.18192881927108,3.43598502754007,0.583333333333331));
#3256=CARTESIAN_POINT('Ctrl Pts',(-7.2104778947514,3.37631147648784,0.391951103843218));
#3257=CARTESIAN_POINT('Ctrl Pts',(-7.2237597732134,3.34714645832238,0.189979969828894));
#3258=CARTESIAN_POINT('Ctrl Pts',(-7.2237597732134,3.34714645832238,-0.189979969828896));
#3259=CARTESIAN_POINT('Ctrl Pts',(-7.2104778947514,3.37631147648784,-0.39195110384322));
#3260=CARTESIAN_POINT('Ctrl Pts',(-7.18192881927108,3.43598502754008,-0.583333333333333));
#3261=CARTESIAN_POINT('',(-6.99218367398269,3.26114503624558,-0.583333333333334));
#3262=CARTESIAN_POINT('Origin',(-5.86373611851023,4.67617351394049,-0.583333333333333));
#3263=CARTESIAN_POINT('',(-4.73528856303777,6.0912019916354,-0.583333333333334));
#3264=CARTESIAN_POINT('Origin',(-5.86373611851023,4.67617351394049,-5.18728510125044E-16));
#3265=CARTESIAN_POINT('',(-4.94796721765965,6.23728427182228,-0.583333333333334));
#3266=CARTESIAN_POINT('Origin',(-5.86373611851023,4.67617351394049,-0.583333333333334));
#3267=CARTESIAN_POINT('',(-4.94796721765965,6.23728427182228,0.583333333333333));
#3268=CARTESIAN_POINT('Ctrl Pts',(-4.94796721765965,6.23728427182228,-0.583333333333333));
#3269=CARTESIAN_POINT('Ctrl Pts',(-4.89614257405928,6.27839617668766,-0.39195110384322));
#3270=CARTESIAN_POINT('Ctrl Pts',(-4.87066427979054,6.2978348778075,-0.189979969828895));
#3271=CARTESIAN_POINT('Ctrl Pts',(-4.87066427979054,6.2978348778075,0.189979969828895));
#3272=CARTESIAN_POINT('Ctrl Pts',(-4.89614257405928,6.27839617668766,0.391951103843219));
#3273=CARTESIAN_POINT('Ctrl Pts',(-4.94796721765965,6.23728427182228,0.583333333333333));
#3274=CARTESIAN_POINT('',(-4.57279669279946,5.94470608241672,0.583333333333333));
#3275=CARTESIAN_POINT('Origin',(-5.86373611851023,4.67617351394049,0.583333333333333));
#3276=CARTESIAN_POINT('',(-4.57279669279946,5.94470608241672,-0.583333333333334));
#3277=CARTESIAN_POINT('Ctrl Pts',(-4.57279669279946,5.94470608241672,0.583333333333331));
#3278=CARTESIAN_POINT('Ctrl Pts',(-4.52331015969355,5.9827721956589,0.391038097279877));
#3279=CARTESIAN_POINT('Ctrl Pts',(-4.49921842132054,6.00058610447762,0.189582069859749));
#3280=CARTESIAN_POINT('Ctrl Pts',(-4.49921842132054,6.00058610447762,-0.189582069859749));
#3281=CARTESIAN_POINT('Ctrl Pts',(-4.52331015969355,5.9827721956589,-0.391038097279878));
#3282=CARTESIAN_POINT('Ctrl Pts',(-4.57279669279946,5.94470608241672,-0.583333333333332));
#3283=CARTESIAN_POINT('Origin',(-5.86373611851023,4.67617351394049,-0.583333333333334));
#3284=CARTESIAN_POINT('',(-6.81320288033921,3.13532558298775,-0.583333333333334));
#3285=CARTESIAN_POINT('Origin',(-5.86373611851023,4.67617351394049,-0.583333333333333));
#3286=CARTESIAN_POINT('Ctrl Pts',(-6.81320288033921,3.13532558298775,-0.583333333333334));
#3287=CARTESIAN_POINT('Ctrl Pts',(-6.83930280708231,3.07860927351495,-0.391038097279879));
#3288=CARTESIAN_POINT('Ctrl Pts',(-6.85130916789134,3.05115759769437,-0.18958206985975));
#3289=CARTESIAN_POINT('Ctrl Pts',(-6.85130916789134,3.05115759769437,0.189582069859748));
#3290=CARTESIAN_POINT('Ctrl Pts',(-6.83930280708231,3.07860927351495,0.391038097279877));
#3291=CARTESIAN_POINT('Ctrl Pts',(-6.81320288033921,3.13532558298775,0.583333333333331));
#3292=CARTESIAN_POINT('',(-5.5028908189096,4.38840899000569,1.84471122521598));
#3293=CARTESIAN_POINT('Origin',(-5.5028908189096,4.38840899000569,-4.86806755655811E-16));
#3294=CARTESIAN_POINT('',(-6.22458141811086,4.96393803787529,1.84471122521598));
#3295=CARTESIAN_POINT('Origin',(-6.22458141811086,4.96393803787529,-5.50650264594278E-16));
#3296=CARTESIAN_POINT('Origin',(-7.31195934136366,-1.66890700467239,-1.68430089224277E-15));
#3297=CARTESIAN_POINT('',(-7.76192607006297,-1.77160897419069,-2.12059268767998));
#3298=CARTESIAN_POINT('Origin',(-7.76192607006297,-1.77160897419069,-1.78795017791924E-15));
#3299=CARTESIAN_POINT('',(-6.86199261266436,-1.56620503515408,-2.12059268767998));
#3300=CARTESIAN_POINT('Origin',(-7.31195934136366,-1.66890700467239,-1.41742798638447));
#3301=CARTESIAN_POINT('Origin',(-6.86199261266436,-1.56620503515409,-1.58065160656629E-15));
#3302=CARTESIAN_POINT('',(-6.54099992209603,-3.6695122317741,0.583333333333331));
#3303=CARTESIAN_POINT('',(-6.98730405284115,-3.81623856011464,0.583333333333331));
#3304=CARTESIAN_POINT('Ctrl Pts',(-6.54099992209603,-3.6695122317741,0.583333333333332));
#3305=CARTESIAN_POINT('Ctrl Pts',(-6.62277994255484,-3.72665210038444,0.583333333333332));
#3306=CARTESIAN_POINT('Ctrl Pts',(-6.73033804466289,-3.77416920040136,0.583333333333331));
#3307=CARTESIAN_POINT('Ctrl Pts',(-6.87620583432488,-3.80746257151543,0.583333333333331));
#3308=CARTESIAN_POINT('Ctrl Pts',(-6.9316770129121,-3.81486314958359,0.583333333333331));
#3309=CARTESIAN_POINT('Ctrl Pts',(-6.98730405284112,-3.81623856011582,0.583333333333331));
#3310=CARTESIAN_POINT('',(-6.54099992209603,-3.6695122317741,-0.583333333333335));
#3311=CARTESIAN_POINT('Ctrl Pts',(-6.54099992209603,-3.6695122317741,0.583333333333332));
#3312=CARTESIAN_POINT('Ctrl Pts',(-6.52436659297937,-3.69916156868438,0.450520233897465));
#3313=CARTESIAN_POINT('Ctrl Pts',(-6.51329672257687,-3.71847714441435,0.314640502813752));
#3314=CARTESIAN_POINT('Ctrl Pts',(-6.49862025676908,-3.74410254510981,-0.0778945223292023));
#3315=CARTESIAN_POINT('Ctrl Pts',(-6.5099669580642,-3.72482928823652,-0.335542640992601));
#3316=CARTESIAN_POINT('Ctrl Pts',(-6.54099992209603,-3.6695122317741,-0.583333333333336));
#3317=CARTESIAN_POINT('',(-6.98730405284343,-3.81623856011588,-0.583333333333335));
#3318=CARTESIAN_POINT('Ctrl Pts',(-6.54099992209603,-3.6695122317741,-0.583333333333335));
#3319=CARTESIAN_POINT('Ctrl Pts',(-6.62277994255484,-3.72665210038444,-0.583333333333335));
#3320=CARTESIAN_POINT('Ctrl Pts',(-6.73033804466289,-3.77416920040136,-0.583333333333335));
#3321=CARTESIAN_POINT('Ctrl Pts',(-6.87620583432557,-3.80746257151559,-0.583333333333335));
#3322=CARTESIAN_POINT('Ctrl Pts',(-6.93167701291364,-3.81486314958378,-0.583333333333335));
#3323=CARTESIAN_POINT('Ctrl Pts',(-6.98730405284343,-3.81623856011588,-0.583333333333335));
#3324=CARTESIAN_POINT('Ctrl Pts',(-6.98730405284056,-3.81623856011571,-0.583333333333698));
#3325=CARTESIAN_POINT('Ctrl Pts',(-6.9512134501048,-3.88231829040315,-0.329723516115171));
#3326=CARTESIAN_POINT('Ctrl Pts',(-6.93848357215699,-3.90438251443574,-0.0638482260452168));
#3327=CARTESIAN_POINT('Ctrl Pts',(-6.95724868933435,-3.87078129972448,0.32988203164497));
#3328=CARTESIAN_POINT('Ctrl Pts',(-6.96952272293625,-3.84879510933246,0.458383360623298));
#3329=CARTESIAN_POINT('Ctrl Pts',(-6.98730405284056,-3.81623856011571,0.583333333333695));
#3330=CARTESIAN_POINT('',(-7.95114727800535,0.406634526355324,0.583333333333332));
#3331=CARTESIAN_POINT('',(-7.48537898262037,0.46808277744997,0.583333333333332));
#3332=CARTESIAN_POINT('Origin',(-7.60858102653359,-0.371387692640817,0.583333333330685));
#3333=CARTESIAN_POINT('',(-7.95114727800535,0.406634526355325,-0.583333333333335));
#3334=CARTESIAN_POINT('Ctrl Pts',(-7.95114727800535,0.406634526355324,0.583333333333332));
#3335=CARTESIAN_POINT('Ctrl Pts',(-7.94828103579181,0.4626797278747,0.394309712275717));
#3336=CARTESIAN_POINT('Ctrl Pts',(-7.94636835503297,0.491248043952156,0.197856663950203));
#3337=CARTESIAN_POINT('Ctrl Pts',(-7.94636835503297,0.491248043952156,-1.15697388343772E-15));
#3338=CARTESIAN_POINT('Ctrl Pts',(-7.94636835503297,0.491248043952156,-0.197556443029391));
#3339=CARTESIAN_POINT('Ctrl Pts',(-7.94827688323313,0.462760925125483,-0.394035858351621));
#3340=CARTESIAN_POINT('Ctrl Pts',(-7.95114727800535,0.406634526355325,-0.583333333333331));
#3341=CARTESIAN_POINT('',(-7.48537898263166,0.468082777450677,-0.583333333333335));
#3342=CARTESIAN_POINT('Origin',(-7.60858102654053,-0.371387692611924,-0.583333333333968));
#3343=CARTESIAN_POINT('Ctrl Pts',(-7.48537898262043,0.468082777448922,-0.583333333333066));
#3344=CARTESIAN_POINT('Ctrl Pts',(-7.48233664566756,0.516734524922274,-0.39289484687472));
#3345=CARTESIAN_POINT('Ctrl Pts',(-7.48045103691735,0.541158280249024,-0.196622784563449));
#3346=CARTESIAN_POINT('Ctrl Pts',(-7.48045103691735,0.541158280249024,-1.06613881965866E-15));
#3347=CARTESIAN_POINT('Ctrl Pts',(-7.48045103691735,0.541158280249024,0.196866595658782));
#3348=CARTESIAN_POINT('Ctrl Pts',(-7.48234008663487,0.516679498449081,0.39311023807471));
#3349=CARTESIAN_POINT('Ctrl Pts',(-7.48537898262043,0.468082777448921,0.583333333333063));
#3350=CARTESIAN_POINT('Origin',(-7.31195934136367,-1.66890700467239,-1.68430089224277E-15));
#3351=CARTESIAN_POINT('',(-7.16422064431046,-3.47275643174006,0.583333333333332));
#3352=CARTESIAN_POINT('',(-6.69925876245329,-3.37193298179142,0.583333333333332));
#3353=CARTESIAN_POINT('Origin',(-7.31195934136367,-1.66890700467239,0.583333333333332));
#3354=CARTESIAN_POINT('',(-7.16422064431046,-3.47275643174006,-0.583333333333335));
#3355=CARTESIAN_POINT('Ctrl Pts',(-7.16422064431046,-3.47275643174006,0.58333333333333));
#3356=CARTESIAN_POINT('Ctrl Pts',(-7.13536604084163,-3.53228284826769,0.391951103843217));
#3357=CARTESIAN_POINT('Ctrl Pts',(-7.1208450272237,-3.56085113039279,0.189979969828893));
#3358=CARTESIAN_POINT('Ctrl Pts',(-7.1208450272237,-3.56085113039279,-0.189979969828897));
#3359=CARTESIAN_POINT('Ctrl Pts',(-7.13536604084163,-3.53228284826769,-0.391951103843221));
#3360=CARTESIAN_POINT('Ctrl Pts',(-7.16422064431046,-3.47275643174006,-0.583333333333334));
#3361=CARTESIAN_POINT('',(-6.90922107168248,-3.43341865503731,-0.583333333333335));
#3362=CARTESIAN_POINT('Origin',(-7.31195934136367,-1.66890700467239,-0.583333333333335));
#3363=CARTESIAN_POINT('',(-7.71469761104486,0.0956046456925347,-0.583333333333335));
#3364=CARTESIAN_POINT('Origin',(-7.31195934136367,-1.66890700467239,-1.68430089224277E-15));
#3365=CARTESIAN_POINT('',(-7.96151230895546,0.0204065897889998,-0.583333333333335));
#3366=CARTESIAN_POINT('Origin',(-7.31195934136367,-1.66890700467239,-0.583333333333335));
#3367=CARTESIAN_POINT('',(-7.96151230895546,0.0204065897889996,0.583333333333332));
#3368=CARTESIAN_POINT('Ctrl Pts',(-7.96151230895546,0.0204065897889972,
-0.583333333333333));
#3369=CARTESIAN_POINT('Ctrl Pts',(-7.96134275371366,0.0865575811419954,
-0.39195110384322));
#3370=CARTESIAN_POINT('Ctrl Pts',(-7.96065508558212,0.118597145630485,-0.189979969828896));
#3371=CARTESIAN_POINT('Ctrl Pts',(-7.96065508558212,0.118597145630485,0.189979969828893));
#3372=CARTESIAN_POINT('Ctrl Pts',(-7.96134275371366,0.0865575811419953,
0.391951103843218));
#3373=CARTESIAN_POINT('Ctrl Pts',(-7.96151230895546,0.0204065897889968,
0.583333333333331));
#3374=CARTESIAN_POINT('',(-7.49885047318638,0.131307200078088,0.583333333333332));
#3375=CARTESIAN_POINT('Origin',(-7.31195934136367,-1.66890700467239,0.583333333333332));
#3376=CARTESIAN_POINT('',(-7.49885047318638,0.131307200078089,-0.583333333333335));
#3377=CARTESIAN_POINT('Ctrl Pts',(-7.49885047318638,0.131307200078084,0.583333333333329));
#3378=CARTESIAN_POINT('Ctrl Pts',(-7.49775741021344,0.193731163021385,0.391038097279876));
#3379=CARTESIAN_POINT('Ctrl Pts',(-7.49666393176911,0.223673633028496,0.189582069859747));
#3380=CARTESIAN_POINT('Ctrl Pts',(-7.49666393176911,0.223673633028496,-0.18958206985975));
#3381=CARTESIAN_POINT('Ctrl Pts',(-7.49775741021344,0.193731163021385,-0.391038097279879));
#3382=CARTESIAN_POINT('Ctrl Pts',(-7.49885047318638,0.131307200078084,-0.583333333333333));
#3383=CARTESIAN_POINT('Origin',(-7.31195934136367,-1.66890700467239,-0.583333333333335));
#3384=CARTESIAN_POINT('',(-6.69925876245329,-3.37193298179141,-0.583333333333335));
#3385=CARTESIAN_POINT('Origin',(-7.31195934136367,-1.66890700467239,-0.583333333333335));
#3386=CARTESIAN_POINT('Ctrl Pts',(-6.69925876245329,-3.37193298179142,-0.583333333333335));
#3387=CARTESIAN_POINT('Ctrl Pts',(-6.67118920429164,-3.42770076676464,-0.391038097279881));
#3388=CARTESIAN_POINT('Ctrl Pts',(-6.65721246341047,-3.45420355755307,-0.189582069859751));
#3389=CARTESIAN_POINT('Ctrl Pts',(-6.65721246341047,-3.45420355755307,0.189582069859747));
#3390=CARTESIAN_POINT('Ctrl Pts',(-6.67118920429164,-3.42770076676464,0.391038097279875));
#3391=CARTESIAN_POINT('Ctrl Pts',(-6.69925876245329,-3.37193298179142,0.583333333333329));
#3392=CARTESIAN_POINT('',(-6.86199261266437,-1.56620503515409,1.84471122521597));
#3393=CARTESIAN_POINT('Origin',(-6.86199261266437,-1.56620503515409,-1.58065160656629E-15));
#3394=CARTESIAN_POINT('',(-7.76192607006297,-1.77160897419069,1.84471122521598));
#3395=CARTESIAN_POINT('Origin',(-7.76192607006297,-1.77160897419069,-1.78795017791924E-15));
#3396=CARTESIAN_POINT('Origin',(-3.25412804338164,-6.75726650926816,-2.6190173692749E-15));
#3397=CARTESIAN_POINT('',(-3.45438207682051,-7.17309829445389,-2.12059268767998));
#3398=CARTESIAN_POINT('Origin',(-3.45438207682051,-7.17309829445389,-2.78018766892259E-15));
#3399=CARTESIAN_POINT('',(-3.05387400994277,-6.34143472408243,-2.12059268767998));
#3400=CARTESIAN_POINT('Origin',(-3.25412804338164,-6.75726650926816,-1.41742798638447));
#3401=CARTESIAN_POINT('Origin',(-3.05387400994277,-6.34143472408243,-2.45784706962721E-15));
#3402=CARTESIAN_POINT('',(-1.20930655728312,-7.40186312022264,0.583333333333331));
#3403=CARTESIAN_POINT('',(-1.37285736852509,-7.84228010977946,0.583333333333331));
#3404=CARTESIAN_POINT('Origin',(-2.05067320252719,-7.33618493685493,0.583333333333368));
#3405=CARTESIAN_POINT('',(-1.20930655728312,-7.40186312022264,-0.583333333333336));
#3406=CARTESIAN_POINT('Ctrl Pts',(-1.20930655728311,-7.40186312022264,0.583333333333331));
#3407=CARTESIAN_POINT('Ctrl Pts',(-1.16119762703471,-7.40972309329541,0.392894846874902));
#3408=CARTESIAN_POINT('Ctrl Pts',(-1.13696663882617,-7.41331955753941,0.196622784563539));
#3409=CARTESIAN_POINT('Ctrl Pts',(-1.13696663882617,-7.41331955753941,-2.24893474290902E-15));
#3410=CARTESIAN_POINT('Ctrl Pts',(-1.13696663882617,-7.41331955753941,-0.196866595658878));
#3411=CARTESIAN_POINT('Ctrl Pts',(-1.1612520395666,-7.40971420344828,-0.393110238074899));
#3412=CARTESIAN_POINT('Ctrl Pts',(-1.20930655728311,-7.40186312022264,-0.583333333333337));
#3413=CARTESIAN_POINT('',(-1.37285736852504,-7.84228010977917,-0.583333333333336));
#3414=CARTESIAN_POINT('Origin',(-2.050673202525,-7.33618493685539,-0.58333333333378));
#3415=CARTESIAN_POINT('Ctrl Pts',(-1.37285736852523,-7.84228010977943,-0.583333333333296));
#3416=CARTESIAN_POINT('Ctrl Pts',(-1.31757953832584,-7.85195696082823,-0.394309712275693));
#3417=CARTESIAN_POINT('Ctrl Pts',(-1.28930187806908,-7.85644928334446,-0.197856663950192));
#3418=CARTESIAN_POINT('Ctrl Pts',(-1.28930187806908,-7.85644928334446,-2.40501545314946E-15));
#3419=CARTESIAN_POINT('Ctrl Pts',(-1.28930187806908,-7.85644928334446,0.197556443029373));
#3420=CARTESIAN_POINT('Ctrl Pts',(-1.31749945282842,-7.85197098047095,0.394035858351589));
#3421=CARTESIAN_POINT('Ctrl Pts',(-1.37285736852522,-7.84228010977943,0.583333333333288));
#3422=CARTESIAN_POINT('',(-5.27537891547622,-5.96292478341837,0.583333333333331));
#3423=CARTESIAN_POINT('',(-5.03301931052295,-5.56046010865136,0.583333333333331));
#3424=CARTESIAN_POINT('Origin',(-4.45351008635356,-6.18018462234915,0.583333333330667));
#3425=CARTESIAN_POINT('',(-5.27537891547622,-5.96292478341837,-0.583333333333336));
#3426=CARTESIAN_POINT('Ctrl Pts',(-5.27537891547622,-5.96292478341837,0.583333333333331));
#3427=CARTESIAN_POINT('Ctrl Pts',(-5.33177097433503,-5.91303492414473,0.32972351611491));
#3428=CARTESIAN_POINT('Ctrl Pts',(-5.35044933787491,-5.89571445907601,0.0638482260450813));
#3429=CARTESIAN_POINT('Ctrl Pts',(-5.3218662071698,-5.92148606926718,-0.329882031644848));
#3430=CARTESIAN_POINT('Ctrl Pts',(-5.30316248589461,-5.93834475484088,-0.458383360623054));
#3431=CARTESIAN_POINT('Ctrl Pts',(-5.27537891547622,-5.96292478341837,-0.583333333333336));
#3432=CARTESIAN_POINT('',(-5.03301931053055,-5.56046010865975,-0.583333333333336));
#3433=CARTESIAN_POINT('Origin',(-4.45351008637642,-6.18018462233897,-0.583333333333971));
#3434=CARTESIAN_POINT('Ctrl Pts',(-5.03301931052217,-5.56046010865206,-0.583333333333067));
#3435=CARTESIAN_POINT('Ctrl Pts',(-5.05822401272382,-5.53764621368329,-0.450520233897288));
#3436=CARTESIAN_POINT('Ctrl Pts',(-5.07459202874207,-5.52255576809234,-0.314640502813667));
#3437=CARTESIAN_POINT('Ctrl Pts',(-5.09630912626218,-5.50254508382839,0.0778945223290976));
#3438=CARTESIAN_POINT('Ctrl Pts',(-5.08004396874728,-5.51789600275201,0.335542640992405));
#3439=CARTESIAN_POINT('Ctrl Pts',(-5.03301931052217,-5.56046010865206,0.583333333333062));
#3440=CARTESIAN_POINT('Origin',(-3.25412804338165,-6.75726650926816,-2.6190173692749E-15));
#3441=CARTESIAN_POINT('',(-1.75170820071565,-7.76644146659856,0.583333333333331));
#3442=CARTESIAN_POINT('',(-1.54063615646554,-7.34005723638386,0.583333333333331));
#3443=CARTESIAN_POINT('Origin',(-3.25412804338165,-6.75726650926816,0.583333333333331));
#3444=CARTESIAN_POINT('',(-1.75170820071565,-7.76644146659856,-0.583333333333336));
#3445=CARTESIAN_POINT('Ctrl Pts',(-1.75170820071565,-7.76644146659856,0.583333333333331));
#3446=CARTESIAN_POINT('Ctrl Pts',(-1.68717802323634,-7.78099614283868,0.391951103843217));
#3447=CARTESIAN_POINT('Ctrl Pts',(-1.65578873696748,-7.78745518979646,0.189979969828893));
#3448=CARTESIAN_POINT('Ctrl Pts',(-1.65578873696748,-7.78745518979646,-0.189979969828898));
#3449=CARTESIAN_POINT('Ctrl Pts',(-1.68717802323634,-7.78099614283868,-0.391951103843223));
#3450=CARTESIAN_POINT('Ctrl Pts',(-1.75170820071565,-7.76644146659856,-0.583333333333337));
#3451=CARTESIAN_POINT('',(-1.62347407998027,-7.54254807010016,-0.583333333333336));
#3452=CARTESIAN_POINT('Origin',(-3.25412804338165,-6.75726650926816,-0.583333333333335));
#3453=CARTESIAN_POINT('',(-4.88478200678302,-5.97198494843617,-0.583333333333336));
#3454=CARTESIAN_POINT('Origin',(-3.25412804338165,-6.75726650926816,-2.6190173692749E-15));
#3455=CARTESIAN_POINT('',(-4.97987624635334,-6.21183767057397,-0.583333333333336));
#3456=CARTESIAN_POINT('Origin',(-3.25412804338165,-6.75726650926816,-0.583333333333336));
#3457=CARTESIAN_POINT('',(-4.97987624635334,-6.21183767057397,0.583333333333331));
#3458=CARTESIAN_POINT('Ctrl Pts',(-4.97987624635334,-6.21183767057397,-0.583333333333336));
#3459=CARTESIAN_POINT('Ctrl Pts',(-5.03148945802547,-6.17046063845647,-0.391951103843222));
#3460=CARTESIAN_POINT('Ctrl Pts',(-5.05611024416006,-6.14994665614717,-0.189979969828898));
#3461=CARTESIAN_POINT('Ctrl Pts',(-5.05611024416006,-6.14994665614717,0.189979969828892));
#3462=CARTESIAN_POINT('Ctrl Pts',(-5.03148945802547,-6.17046063845647,0.391951103843216));
#3463=CARTESIAN_POINT('Ctrl Pts',(-4.97987624635334,-6.21183767057397,0.583333333333329));
#3464=CARTESIAN_POINT('',(-4.77811689859101,-5.78096868209809,0.583333333333331));
#3465=CARTESIAN_POINT('Origin',(-3.25412804338165,-6.75726650926816,0.583333333333331));
#3466=CARTESIAN_POINT('',(-4.77811689859101,-5.78096868209809,-0.583333333333336));
#3467=CARTESIAN_POINT('Ctrl Pts',(-4.77811689859101,-5.7809686820981,0.583333333333329));
#3468=CARTESIAN_POINT('Ctrl Pts',(-4.82624040446408,-5.74119338676678,0.391038097279874));
#3469=CARTESIAN_POINT('Ctrl Pts',(-4.8489685975199,-5.7216696462017,0.189582069859746));
#3470=CARTESIAN_POINT('Ctrl Pts',(-4.8489685975199,-5.7216696462017,-0.189582069859751));
#3471=CARTESIAN_POINT('Ctrl Pts',(-4.82624040446408,-5.74119338676678,-0.391038097279879));
#3472=CARTESIAN_POINT('Ctrl Pts',(-4.77811689859101,-5.7809686820981,-0.583333333333333));
#3473=CARTESIAN_POINT('Origin',(-3.25412804338165,-6.75726650926816,-0.583333333333336));
#3474=CARTESIAN_POINT('',(-1.54063615646555,-7.34005723638386,-0.583333333333336));
#3475=CARTESIAN_POINT('Origin',(-3.25412804338165,-6.75726650926816,-0.583333333333335));
#3476=CARTESIAN_POINT('Ctrl Pts',(-1.54063615646554,-7.34005723638386,-0.583333333333335));
#3477=CARTESIAN_POINT('Ctrl Pts',(-1.4795340632095,-7.35288221731716,-0.391038097279881));
#3478=CARTESIAN_POINT('Ctrl Pts',(-1.45009899159521,-7.35847898105135,-0.189582069859752));
#3479=CARTESIAN_POINT('Ctrl Pts',(-1.45009899159521,-7.35847898105135,0.189582069859746));
#3480=CARTESIAN_POINT('Ctrl Pts',(-1.4795340632095,-7.35288221731716,0.391038097279875));
#3481=CARTESIAN_POINT('Ctrl Pts',(-1.54063615646554,-7.34005723638386,0.583333333333329));
#3482=CARTESIAN_POINT('',(-3.05387400994277,-6.34143472408243,1.84471122521597));
#3483=CARTESIAN_POINT('Origin',(-3.05387400994277,-6.34143472408243,-2.45784706962721E-15));
#3484=CARTESIAN_POINT('',(-3.45438207682051,-7.17309829445389,1.84471122521597));
#3485=CARTESIAN_POINT('Origin',(-3.45438207682051,-7.17309829445389,-2.78018766892259E-15));
#3486=CARTESIAN_POINT('Origin',(3.25412804338174,-6.75726650926811,-2.61901736927489E-15));
#3487=CARTESIAN_POINT('',(3.45438207682061,-7.17309829445384,-2.12059268767998));
#3488=CARTESIAN_POINT('Origin',(3.45438207682061,-7.17309829445384,-2.78018766892258E-15));
#3489=CARTESIAN_POINT('',(3.05387400994286,-6.34143472408238,-2.12059268767998));
#3490=CARTESIAN_POINT('Origin',(3.25412804338174,-6.75726650926811,-1.41742798638447));
#3491=CARTESIAN_POINT('Origin',(3.05387400994286,-6.34143472408239,-2.45784706962721E-15));
#3492=CARTESIAN_POINT('',(5.03301931052202,-5.5604601086522,0.583333333333331));
#3493=CARTESIAN_POINT('',(5.27537891547603,-5.96292478341854,0.583333333333331));
#3494=CARTESIAN_POINT('Ctrl Pts',(5.03301931052218,-5.56046010865202,0.583333333333331));
#3495=CARTESIAN_POINT('Ctrl Pts',(5.10692432986027,-5.62747491632681,0.583333333333331));
#3496=CARTESIAN_POINT('Ctrl Pts',(5.17718400630836,-5.72176276277859,0.583333333333331));
#3497=CARTESIAN_POINT('Ctrl Pts',(5.24210127988777,-5.85656487037337,0.583333333333331));
#3498=CARTESIAN_POINT('Ctrl Pts',(5.26165980847954,-5.90899848715597,0.583333333333331));
#3499=CARTESIAN_POINT('Ctrl Pts',(5.27537891547634,-5.96292478341846,0.583333333333331));
#3500=CARTESIAN_POINT('',(5.03301931052202,-5.5604601086522,-0.583333333333336));
#3501=CARTESIAN_POINT('Ctrl Pts',(5.03301931052219,-5.56046010865205,0.583333333333388));
#3502=CARTESIAN_POINT('Ctrl Pts',(5.06915991231005,-5.52774764544974,0.392894846874936));
#3503=CARTESIAN_POINT('Ctrl Pts',(5.08707951531857,-5.51104545479587,0.19662278456355));
#3504=CARTESIAN_POINT('Ctrl Pts',(5.08707951531857,-5.51104545479587,-2.00514444825353E-15));
#3505=CARTESIAN_POINT('Ctrl Pts',(5.08707951531857,-5.51104545479587,-0.196866595658898));
#3506=CARTESIAN_POINT('Ctrl Pts',(5.06911903628896,-5.52778464415118,-0.393110238074938));
#3507=CARTESIAN_POINT('Ctrl Pts',(5.03301931052219,-5.56046010865205,-0.583333333333393));
#3508=CARTESIAN_POINT('',(5.2753789154765,-5.96292478341907,-0.583333333333336));
#3509=CARTESIAN_POINT('Ctrl Pts',(5.03301931052218,-5.56046010865202,-0.583333333333336));
#3510=CARTESIAN_POINT('Ctrl Pts',(5.10722072651446,-5.6277436797336,-0.583333333333336));
#3511=CARTESIAN_POINT('Ctrl Pts',(5.17720550590419,-5.72180740714934,-0.583333333333336));
#3512=CARTESIAN_POINT('Ctrl Pts',(5.24211393447202,-5.85659114788831,-0.583333333333336));
#3513=CARTESIAN_POINT('Ctrl Pts',(5.2616557885347,-5.9089826857821,-0.583333333333336));
#3514=CARTESIAN_POINT('Ctrl Pts',(5.2753789154765,-5.96292478341907,-0.583333333333336));
#3515=CARTESIAN_POINT('Ctrl Pts',(5.27537891547628,-5.96292478341832,-0.583333333333435));
#3516=CARTESIAN_POINT('Ctrl Pts',(5.31740974567561,-5.92574025342893,-0.394309712275787));
#3517=CARTESIAN_POINT('Ctrl Pts',(5.33855281763872,-5.90643280566518,-0.197856663950237));
#3518=CARTESIAN_POINT('Ctrl Pts',(5.33855281763872,-5.90643280566518,-2.1551066250837E-15));
#3519=CARTESIAN_POINT('Ctrl Pts',(5.33855281763872,-5.90643280566518,0.197556443029416));
#3520=CARTESIAN_POINT('Ctrl Pts',(5.31747063916457,-5.92568638117002,0.394035858351683));
#3521=CARTESIAN_POINT('Ctrl Pts',(5.27537891547628,-5.96292478341832,0.583333333333427));
#3522=CARTESIAN_POINT('',(1.37285736852535,-7.84228010977941,0.583333333333331));
#3523=CARTESIAN_POINT('',(1.20930655728211,-7.4018631202228,0.583333333333331));
#3524=CARTESIAN_POINT('Origin',(2.05514478390188,-7.33517647863861,0.583333333330683));
#3525=CARTESIAN_POINT('',(1.37285736852535,-7.84228010977941,-0.583333333333336));
#3526=CARTESIAN_POINT('Ctrl Pts',(1.37285736852535,-7.84228010977941,0.583333333333331));
#3527=CARTESIAN_POINT('Ctrl Pts',(1.29869203228503,-7.85526337828313,0.329723516114914));
#3528=CARTESIAN_POINT('Ctrl Pts',(1.27350457822079,-7.8590675776058,0.0638482260450902));
#3529=CARTESIAN_POINT('Ctrl Pts',(1.31147492492197,-7.85278872228472,-0.329882031644843));
#3530=CARTESIAN_POINT('Ctrl Pts',(1.3363171555284,-7.84867678268042,-0.458383360623052));
#3531=CARTESIAN_POINT('Ctrl Pts',(1.37285736852535,-7.84228010977941,-0.583333333333336));
#3532=CARTESIAN_POINT('',(1.20930655728394,-7.40186312023398,-0.583333333333336));
#3533=CARTESIAN_POINT('Origin',(2.05514478387594,-7.33517647865158,-0.583333333333982));
#3534=CARTESIAN_POINT('Ctrl Pts',(1.20930655728315,-7.40186312022263,-0.583333333333067));
#3535=CARTESIAN_POINT('Ctrl Pts',(1.17575506117723,-7.4073447190564,-0.450520233897287));
#3536=CARTESIAN_POINT('Ctrl Pts',(1.15375158466572,-7.41073301035356,-0.314640502813665));
#3537=CARTESIAN_POINT('Ctrl Pts',(1.12456621289267,-7.41523566333582,0.0778945223291033));
#3538=CARTESIAN_POINT('Ctrl Pts',(1.14670920442813,-7.41209019252141,0.335542640992408));
#3539=CARTESIAN_POINT('Ctrl Pts',(1.20930655728315,-7.40186312022263,0.583333333333061));
#3540=CARTESIAN_POINT('Origin',(3.25412804338174,-6.75726650926812,-2.61901736927489E-15));
#3541=CARTESIAN_POINT('',(4.97987624635343,-6.2118376705739,0.583333333333331));
#3542=CARTESIAN_POINT('',(4.77811689859109,-5.78096868209803,0.583333333333331));
#3543=CARTESIAN_POINT('Origin',(3.25412804338174,-6.75726650926812,0.583333333333331));
#3544=CARTESIAN_POINT('',(4.97987624635343,-6.2118376705739,-0.583333333333336));
#3545=CARTESIAN_POINT('Ctrl Pts',(4.97987624635343,-6.2118376705739,0.58333333333333));
#3546=CARTESIAN_POINT('Ctrl Pts',(5.03148945802556,-6.1704606384564,0.391951103843217));
#3547=CARTESIAN_POINT('Ctrl Pts',(5.05611024416014,-6.1499466561471,0.189979969828892));
#3548=CARTESIAN_POINT('Ctrl Pts',(5.05611024416014,-6.1499466561471,-0.189979969828897));
#3549=CARTESIAN_POINT('Ctrl Pts',(5.03148945802556,-6.1704606384564,-0.391951103843221));
#3550=CARTESIAN_POINT('Ctrl Pts',(4.97987624635343,-6.2118376705739,-0.583333333333334));
#3551=CARTESIAN_POINT('',(4.8847820067831,-5.9719849484361,-0.583333333333336));
#3552=CARTESIAN_POINT('Origin',(3.25412804338174,-6.75726650926812,-0.583333333333335));
#3553=CARTESIAN_POINT('',(1.62347407998037,-7.54254807010013,-0.583333333333336));
#3554=CARTESIAN_POINT('Origin',(3.25412804338174,-6.75726650926812,-2.61901736927489E-15));
#3555=CARTESIAN_POINT('',(1.75170820071575,-7.76644146659854,-0.583333333333336));
#3556=CARTESIAN_POINT('Origin',(3.25412804338174,-6.75726650926812,-0.583333333333336));
#3557=CARTESIAN_POINT('',(1.75170820071575,-7.76644146659854,0.583333333333331));
#3558=CARTESIAN_POINT('Ctrl Pts',(1.75170820071575,-7.76644146659854,-0.583333333333336));
#3559=CARTESIAN_POINT('Ctrl Pts',(1.68717802323645,-7.78099614283865,-0.391951103843222));
#3560=CARTESIAN_POINT('Ctrl Pts',(1.65578873696759,-7.78745518979643,-0.189979969828898));
#3561=CARTESIAN_POINT('Ctrl Pts',(1.65578873696759,-7.78745518979643,0.189979969828892));
#3562=CARTESIAN_POINT('Ctrl Pts',(1.68717802323645,-7.78099614283865,0.391951103843217));
#3563=CARTESIAN_POINT('Ctrl Pts',(1.75170820071575,-7.76644146659854,0.58333333333333));
#3564=CARTESIAN_POINT('',(1.54063615646564,-7.34005723638384,0.583333333333331));
#3565=CARTESIAN_POINT('Origin',(3.25412804338174,-6.75726650926812,0.583333333333331));
#3566=CARTESIAN_POINT('',(1.54063615646564,-7.34005723638384,-0.583333333333336));
#3567=CARTESIAN_POINT('Ctrl Pts',(1.54063615646564,-7.34005723638384,0.583333333333328));
#3568=CARTESIAN_POINT('Ctrl Pts',(1.4795340632096,-7.35288221731714,0.391038097279874));
#3569=CARTESIAN_POINT('Ctrl Pts',(1.45009899159531,-7.35847898105133,0.189582069859746));
#3570=CARTESIAN_POINT('Ctrl Pts',(1.45009899159531,-7.35847898105133,-0.189582069859751));
#3571=CARTESIAN_POINT('Ctrl Pts',(1.4795340632096,-7.35288221731714,-0.39103809727988));
#3572=CARTESIAN_POINT('Ctrl Pts',(1.54063615646564,-7.34005723638384,-0.583333333333333));
#3573=CARTESIAN_POINT('Origin',(3.25412804338174,-6.75726650926812,-0.583333333333336));
#3574=CARTESIAN_POINT('',(4.77811689859109,-5.78096868209803,-0.583333333333335));
#3575=CARTESIAN_POINT('Origin',(3.25412804338174,-6.75726650926812,-0.583333333333335));
#3576=CARTESIAN_POINT('Ctrl Pts',(4.77811689859109,-5.78096868209803,-0.583333333333335));
#3577=CARTESIAN_POINT('Ctrl Pts',(4.82624040446416,-5.74119338676671,-0.39103809727988));
#3578=CARTESIAN_POINT('Ctrl Pts',(4.84896859751998,-5.72166964620163,-0.189582069859752));
#3579=CARTESIAN_POINT('Ctrl Pts',(4.84896859751998,-5.72166964620163,0.189582069859747));
#3580=CARTESIAN_POINT('Ctrl Pts',(4.82624040446416,-5.74119338676671,0.391038097279875));
#3581=CARTESIAN_POINT('Ctrl Pts',(4.77811689859109,-5.78096868209803,0.583333333333329));
#3582=CARTESIAN_POINT('',(3.05387400994286,-6.34143472408239,1.84471122521597));
#3583=CARTESIAN_POINT('Origin',(3.05387400994286,-6.34143472408239,-2.45784706962721E-15));
#3584=CARTESIAN_POINT('',(3.45438207682061,-7.17309829445385,1.84471122521597));
#3585=CARTESIAN_POINT('Origin',(3.45438207682061,-7.17309829445384,-2.78018766892258E-15));
#3586=CARTESIAN_POINT('Origin',(7.31195934136369,-1.66890700467229,-1.68430089224275E-15));
#3587=CARTESIAN_POINT('',(7.76192607006299,-1.77160897419058,-2.12059268767998));
#3588=CARTESIAN_POINT('Origin',(7.76192607006299,-1.77160897419058,-1.78795017791923E-15));
#3589=CARTESIAN_POINT('',(6.86199261266438,-1.56620503515399,-2.12059268767998));
#3590=CARTESIAN_POINT('Origin',(7.31195934136369,-1.66890700467229,-1.41742798638447));
#3591=CARTESIAN_POINT('Origin',(6.86199261266438,-1.56620503515399,-1.58065160656627E-15));
#3592=CARTESIAN_POINT('',(7.48537898262045,0.468082777448677,0.583333333333332));
#3593=CARTESIAN_POINT('',(7.95114727800534,0.406634526355431,0.583333333333332));
#3594=CARTESIAN_POINT('Origin',(7.60762669775614,-0.377238549628675,0.583333333336284));
#3595=CARTESIAN_POINT('',(7.48537898262045,0.468082777448677,-0.583333333333334));
#3596=CARTESIAN_POINT('Ctrl Pts',(7.48537898262043,0.468082777448937,0.583333333333398));
#3597=CARTESIAN_POINT('Ctrl Pts',(7.48233664566756,0.516734524922346,0.392894846874948));
#3598=CARTESIAN_POINT('Ctrl Pts',(7.48045103691735,0.541158280249124,0.196622784563564));
#3599=CARTESIAN_POINT('Ctrl Pts',(7.48045103691734,0.541158280249124,-5.79384346603409E-16));
#3600=CARTESIAN_POINT('Ctrl Pts',(7.48045103691734,0.541158280249124,-0.196866595658899));
#3601=CARTESIAN_POINT('Ctrl Pts',(7.48234008663487,0.516679498449154,-0.393110238074942));
#3602=CARTESIAN_POINT('Ctrl Pts',(7.48537898262043,0.468082777448937,-0.583333333333401));
#3603=CARTESIAN_POINT('',(7.95114727800534,0.406634526355431,-0.583333333333334));
#3604=CARTESIAN_POINT('Origin',(7.60762669775563,-0.377238549632287,-0.583333333336282));
#3605=CARTESIAN_POINT('Ctrl Pts',(7.95114727800534,0.406634526355433,-0.583333333333335));
#3606=CARTESIAN_POINT('Ctrl Pts',(7.9482810357918,0.462679727874809,-0.394309712275719));
#3607=CARTESIAN_POINT('Ctrl Pts',(7.94636835503296,0.491248043952265,-0.197856663950203));
#3608=CARTESIAN_POINT('Ctrl Pts',(7.94636835503296,0.491248043952265,-6.58003077036649E-16));
#3609=CARTESIAN_POINT('Ctrl Pts',(7.94636835503296,0.491248043952265,0.197556443029386));
#3610=CARTESIAN_POINT('Ctrl Pts',(7.94827688323312,0.462760925125592,0.394035858351616));
#3611=CARTESIAN_POINT('Ctrl Pts',(7.95114727800534,0.406634526355434,0.583333333333328));
#3612=CARTESIAN_POINT('',(6.98730405284056,-3.81623856011571,0.583333333333331));
#3613=CARTESIAN_POINT('',(6.54099992209553,-3.66951223177499,0.583333333333331));
#3614=CARTESIAN_POINT('Origin',(7.01623371456397,-2.96663083618305,0.58333333333068));
#3615=CARTESIAN_POINT('',(6.98730405284056,-3.81623856011571,-0.583333333333335));
#3616=CARTESIAN_POINT('Ctrl Pts',(6.98730405284056,-3.81623856011571,0.583333333333331));
#3617=CARTESIAN_POINT('Ctrl Pts',(6.95121345010484,-3.88231829040308,0.329723516114913));
#3618=CARTESIAN_POINT('Ctrl Pts',(6.93848357215705,-3.90438251443564,0.063848226045087));
#3619=CARTESIAN_POINT('Ctrl Pts',(6.95724868933439,-3.87078129972439,-0.329882031644845));
#3620=CARTESIAN_POINT('Ctrl Pts',(6.96952272293628,-3.84879510933241,-0.458383360623052));
#3621=CARTESIAN_POINT('Ctrl Pts',(6.98730405284056,-3.81623856011571,-0.583333333333335));
#3622=CARTESIAN_POINT('',(6.5409999221054,-3.66951223178053,-0.583333333333335));
#3623=CARTESIAN_POINT('Origin',(7.01623371455852,-2.96663083620922,-0.58333333333397));
#3624=CARTESIAN_POINT('Ctrl Pts',(6.54099992209604,-3.66951223177407,-0.583333333333066));
#3625=CARTESIAN_POINT('Ctrl Pts',(6.5243665929794,-3.69916156868432,-0.450520233897286));
#3626=CARTESIAN_POINT('Ctrl Pts',(6.51329672257692,-3.71847714441427,-0.314640502813666));
#3627=CARTESIAN_POINT('Ctrl Pts',(6.49862025676913,-3.74410254510971,0.0778945223291016));
#3628=CARTESIAN_POINT('Ctrl Pts',(6.50996695806425,-3.72482928823644,0.335542640992408));
#3629=CARTESIAN_POINT('Ctrl Pts',(6.54099992209604,-3.66951223177407,0.583333333333063));
#3630=CARTESIAN_POINT('Origin',(7.31195934136369,-1.66890700467229,-1.68430089224275E-15));
#3631=CARTESIAN_POINT('',(7.96151230895546,0.0204065897891075,0.583333333333332));
#3632=CARTESIAN_POINT('',(7.49885047318638,0.13130720007819,0.583333333333332));
#3633=CARTESIAN_POINT('Origin',(7.31195934136369,-1.66890700467229,0.583333333333332));
#3634=CARTESIAN_POINT('',(7.96151230895546,0.0204065897891075,-0.583333333333334));
#3635=CARTESIAN_POINT('Ctrl Pts',(7.96151230895546,0.0204065897891054,0.583333333333331));
#3636=CARTESIAN_POINT('Ctrl Pts',(7.96134275371365,0.0865575811421039,0.391951103843218));
#3637=CARTESIAN_POINT('Ctrl Pts',(7.96065508558211,0.118597145630594,0.189979969828893));
#3638=CARTESIAN_POINT('Ctrl Pts',(7.96065508558211,0.118597145630594,-0.189979969828896));
#3639=CARTESIAN_POINT('Ctrl Pts',(7.96134275371365,0.086557581142104,-0.39195110384322));
#3640=CARTESIAN_POINT('Ctrl Pts',(7.96151230895546,0.0204065897891058,-0.583333333333333));
#3641=CARTESIAN_POINT('',(7.71469761104486,0.0956046456926399,-0.583333333333334));
#3642=CARTESIAN_POINT('Origin',(7.31195934136369,-1.66890700467229,-0.583333333333335));
#3643=CARTESIAN_POINT('',(6.90922107168252,-3.43341865503721,-0.583333333333335));
#3644=CARTESIAN_POINT('Origin',(7.31195934136369,-1.66890700467229,-1.68430089224275E-15));
#3645=CARTESIAN_POINT('',(7.1642206443105,-3.47275643173996,-0.583333333333335));
#3646=CARTESIAN_POINT('Origin',(7.31195934136369,-1.66890700467229,-0.583333333333335));
#3647=CARTESIAN_POINT('',(7.1642206443105,-3.47275643173996,0.583333333333331));
#3648=CARTESIAN_POINT('Ctrl Pts',(7.16422064431051,-3.47275643173996,-0.583333333333335));
#3649=CARTESIAN_POINT('Ctrl Pts',(7.13536604084168,-3.53228284826759,-0.391951103843222));
#3650=CARTESIAN_POINT('Ctrl Pts',(7.12084502722375,-3.56085113039269,-0.189979969828897));
#3651=CARTESIAN_POINT('Ctrl Pts',(7.12084502722375,-3.56085113039269,0.189979969828893));
#3652=CARTESIAN_POINT('Ctrl Pts',(7.13536604084168,-3.53228284826759,0.391951103843218));
#3653=CARTESIAN_POINT('Ctrl Pts',(7.16422064431051,-3.47275643173996,0.583333333333331));
#3654=CARTESIAN_POINT('',(6.69925876245334,-3.37193298179133,0.583333333333331));
#3655=CARTESIAN_POINT('Origin',(7.31195934136369,-1.66890700467229,0.583333333333332));
#3656=CARTESIAN_POINT('',(6.69925876245334,-3.37193298179133,-0.583333333333335));
#3657=CARTESIAN_POINT('Ctrl Pts',(6.69925876245334,-3.37193298179133,0.583333333333329));
#3658=CARTESIAN_POINT('Ctrl Pts',(6.67118920429169,-3.42770076676455,0.391038097279875));
#3659=CARTESIAN_POINT('Ctrl Pts',(6.65721246341052,-3.45420355755298,0.189582069859747));
#3660=CARTESIAN_POINT('Ctrl Pts',(6.65721246341052,-3.45420355755298,-0.189582069859751));
#3661=CARTESIAN_POINT('Ctrl Pts',(6.67118920429169,-3.42770076676454,-0.391038097279879));
#3662=CARTESIAN_POINT('Ctrl Pts',(6.69925876245334,-3.37193298179133,-0.583333333333334));
#3663=CARTESIAN_POINT('Origin',(7.31195934136369,-1.66890700467229,-0.583333333333335));
#3664=CARTESIAN_POINT('',(7.49885047318638,0.131307200078182,-0.583333333333334));
#3665=CARTESIAN_POINT('Origin',(7.31195934136369,-1.66890700467229,-0.583333333333335));
#3666=CARTESIAN_POINT('Ctrl Pts',(7.49885047318638,0.131307200078185,-0.583333333333334));
#3667=CARTESIAN_POINT('Ctrl Pts',(7.49775741021344,0.193731163021486,-0.39103809727988));
#3668=CARTESIAN_POINT('Ctrl Pts',(7.4966639317691,0.223673633028597,-0.189582069859751));
#3669=CARTESIAN_POINT('Ctrl Pts',(7.4966639317691,0.223673633028597,0.189582069859747));
#3670=CARTESIAN_POINT('Ctrl Pts',(7.49775741021344,0.193731163021486,0.391038097279876));
#3671=CARTESIAN_POINT('Ctrl Pts',(7.49885047318638,0.131307200078185,0.58333333333333));
#3672=CARTESIAN_POINT('',(6.86199261266438,-1.56620503515399,1.84471122521597));
#3673=CARTESIAN_POINT('Origin',(6.86199261266439,-1.56620503515399,-1.58065160656627E-15));
#3674=CARTESIAN_POINT('',(7.76192607006299,-1.77160897419058,1.84471122521597));
#3675=CARTESIAN_POINT('Origin',(7.76192607006299,-1.77160897419058,-1.78795017791923E-15));
#3676=CARTESIAN_POINT('Origin',(5.86373611851016,4.67617351394057,-5.18728510125029E-16));
#3677=CARTESIAN_POINT('',(6.22458141811079,4.96393803787538,-2.12059268767998));
#3678=CARTESIAN_POINT('Origin',(6.22458141811079,4.96393803787538,-5.50650264594261E-16));
#3679=CARTESIAN_POINT('',(5.50289081890954,4.38840899000577,-2.12059268767998));
#3680=CARTESIAN_POINT('Origin',(5.86373611851016,4.67617351394057,-1.41742798638447));
#3681=CARTESIAN_POINT('Origin',(5.50289081890954,4.38840899000577,-4.86806755655796E-16));
#3682=CARTESIAN_POINT('',(4.63953956634627,6.46998974395351,0.583333333317891));
#3683=CARTESIAN_POINT('',(4.63953956634999,6.46998974395084,-0.583333333333333));
#3684=CARTESIAN_POINT('Ctrl Pts',(4.63953956634626,6.46998974395351,0.583333333317888));
#3685=CARTESIAN_POINT('Ctrl Pts',(4.59386851892486,6.50273981619993,0.394035858340938));
#3686=CARTESIAN_POINT('Ctrl Pts',(4.57040644471327,6.51900909683976,0.197556443024026));
#3687=CARTESIAN_POINT('Ctrl Pts',(4.57040644471327,6.51900909683976,1.08309065589595E-16));
#3688=CARTESIAN_POINT('Ctrl Pts',(4.57040644471327,6.51900909683976,-0.197856663950202));
#3689=CARTESIAN_POINT('Ctrl Pts',(4.59393459057107,6.50269243714236,-0.394309712275717));
#3690=CARTESIAN_POINT('Ctrl Pts',(4.63953956634999,6.46998974395084,-0.583333333333333));
#3691=CARTESIAN_POINT('',(4.30109560690086,6.14414978498231,0.583333333333333));
#3692=CARTESIAN_POINT('Origin',(5.03643128812797,5.71459959661872,0.583333333144268));
#3693=CARTESIAN_POINT('',(4.30109560689898,6.14414978498362,-0.583333333333333));
#3694=CARTESIAN_POINT('Ctrl Pts',(4.30109560690074,6.14414978498239,-0.583333333332783));
#3695=CARTESIAN_POINT('Ctrl Pts',(4.26120643982223,6.17207344037628,-0.393110238074517));
#3696=CARTESIAN_POINT('Ctrl Pts',(4.24089035432451,6.18585879264935,-0.196866595658686));
#3697=CARTESIAN_POINT('Ctrl Pts',(4.24089035432451,6.18585879264935,1.24908696251225E-16));
#3698=CARTESIAN_POINT('Ctrl Pts',(4.24089035432451,6.18585879264935,0.196622784563541));
#3699=CARTESIAN_POINT('Ctrl Pts',(4.26116127298513,6.17210505856455,0.392894846874905));
#3700=CARTESIAN_POINT('Ctrl Pts',(4.30109560690085,6.14414978498231,0.583333333333334));
#3701=CARTESIAN_POINT('Origin',(5.03643128687278,5.71459959767047,-0.583333333327787));
#3702=CARTESIAN_POINT('',(7.3401682703392,3.08350846239502,0.583333333333332));
#3703=CARTESIAN_POINT('',(6.94718693348853,2.82605621160765,0.583333333333333));
#3704=CARTESIAN_POINT('Origin',(6.69395555307004,3.63584833416945,0.58333333333067));
#3705=CARTESIAN_POINT('',(7.3401682703392,3.08350846239502,-0.583333333333334));
#3706=CARTESIAN_POINT('Ctrl Pts',(7.3401682703392,3.08350846239502,0.583333333333333));
#3707=CARTESIAN_POINT('Ctrl Pts',(7.36932936108221,3.01409165501124,0.329723516114916));
#3708=CARTESIAN_POINT('Ctrl Pts',(7.37864291698773,2.99038221699346,0.0638482260450916));
#3709=CARTESIAN_POINT('Ctrl Pts',(7.36407228866807,3.02600339107743,-0.329882031644842));
#3710=CARTESIAN_POINT('Ctrl Pts',(7.35453552761853,3.04930778245538,-0.45838336062305));
#3711=CARTESIAN_POINT('Ctrl Pts',(7.3401682703392,3.08350846239502,-0.583333333333334));
#3712=CARTESIAN_POINT('',(6.94718693349902,2.82605621161191,-0.583333333333334));
#3713=CARTESIAN_POINT('Origin',(6.69395555309315,3.63584833413999,-0.583333333333968));
#3714=CARTESIAN_POINT('Ctrl Pts',(6.94718693348814,2.82605621160862,-0.583333333333065));
#3715=CARTESIAN_POINT('Ctrl Pts',(6.95999700744368,2.79456569205157,-0.450520233897285));
#3716=CARTESIAN_POINT('Ctrl Pts',(6.96819658134751,2.77386785437941,-0.314640502813665));
#3717=CARTESIAN_POINT('Ctrl Pts',(6.97908069960358,2.74641615535736,0.0778945223291053));
#3718=CARTESIAN_POINT('Ctrl Pts',(6.9710868131526,2.76730404276113,0.33554264099241));
#3719=CARTESIAN_POINT('Ctrl Pts',(6.94718693348814,2.82605621160862,0.583333333333063));
#3720=CARTESIAN_POINT('Origin',(5.86373611851017,4.67617351394057,-5.18728510125029E-16));
#3721=CARTESIAN_POINT('',(4.57279669279951,5.94470608241668,0.58333333333384));
#3722=CARTESIAN_POINT('',(4.57279669279938,5.94470608241678,-0.583333333333333));
#3723=CARTESIAN_POINT('Ctrl Pts',(4.57279669279951,5.94470608241668,0.58333333333384));
#3724=CARTESIAN_POINT('Ctrl Pts',(4.52331015969351,5.98277219565894,0.391038097280232));
#3725=CARTESIAN_POINT('Ctrl Pts',(4.49921842132046,6.00058610447768,0.189582069859916));
#3726=CARTESIAN_POINT('Ctrl Pts',(4.49921842132046,6.00058610447768,-0.18958206985975));
#3727=CARTESIAN_POINT('Ctrl Pts',(4.52331015969347,5.98277219565897,-0.391038097279879));
#3728=CARTESIAN_POINT('Ctrl Pts',(4.57279669279938,5.94470608241678,-0.583333333333333));
#3729=CARTESIAN_POINT('',(4.94796721765956,6.23728427182235,0.583333333333335));
#3730=CARTESIAN_POINT('Origin',(5.86373611851017,4.67617351394057,0.583333333333333));
#3731=CARTESIAN_POINT('',(4.94796721765955,6.23728427182235,-0.583333333333333));
#3732=CARTESIAN_POINT('Ctrl Pts',(4.94796721765956,6.23728427182235,-0.583333333333333));
#3733=CARTESIAN_POINT('Ctrl Pts',(4.89614257405919,6.27839617668773,-0.391951103843219));
#3734=CARTESIAN_POINT('Ctrl Pts',(4.87066427979045,6.29783487780757,-0.189979969828895));
#3735=CARTESIAN_POINT('Ctrl Pts',(4.87066427979045,6.29783487780757,0.189979969828895));
#3736=CARTESIAN_POINT('Ctrl Pts',(4.89614257405919,6.27839617668773,0.39195110384322));
#3737=CARTESIAN_POINT('Ctrl Pts',(4.94796721765956,6.23728427182235,0.583333333333335));
#3738=CARTESIAN_POINT('',(4.73528856303768,6.09120199163547,-0.583333333333333));
#3739=CARTESIAN_POINT('Origin',(5.86373611851017,4.67617351394057,-0.583333333333333));
#3740=CARTESIAN_POINT('',(6.99218367398265,3.26114503624568,-0.583333333333334));
#3741=CARTESIAN_POINT('Origin',(5.86373611851017,4.67617351394057,-5.18728510125029E-16));
#3742=CARTESIAN_POINT('',(7.18192881927104,3.43598502754017,-0.583333333333334));
#3743=CARTESIAN_POINT('Origin',(5.86373611851017,4.67617351394057,-0.583333333333334));
#3744=CARTESIAN_POINT('',(7.18192881927104,3.43598502754017,0.583333333333333));
#3745=CARTESIAN_POINT('Ctrl Pts',(7.18192881927103,3.43598502754018,-0.583333333333334));
#3746=CARTESIAN_POINT('Ctrl Pts',(7.21047789475135,3.37631147648794,-0.39195110384322));
#3747=CARTESIAN_POINT('Ctrl Pts',(7.22375977321335,3.34714645832248,-0.189979969828896));
#3748=CARTESIAN_POINT('Ctrl Pts',(7.22375977321335,3.34714645832248,-5.19761263664847E-16));
#3749=CARTESIAN_POINT('Ctrl Pts',(7.22375977321335,3.34714645832248,0.189979969828894));
#3750=CARTESIAN_POINT('Ctrl Pts',(7.21047789475135,3.37631147648794,0.391951103843218));
#3751=CARTESIAN_POINT('Ctrl Pts',(7.18192881927103,3.43598502754018,0.583333333333331));
#3752=CARTESIAN_POINT('',(6.81320288033917,3.13532558298784,0.583333333333333));
#3753=CARTESIAN_POINT('Origin',(5.86373611851017,4.67617351394057,0.583333333333333));
#3754=CARTESIAN_POINT('',(6.81320288033917,3.13532558298784,-0.583333333333334));
#3755=CARTESIAN_POINT('Ctrl Pts',(6.81320288033917,3.13532558298785,0.58333333333333));
#3756=CARTESIAN_POINT('Ctrl Pts',(6.83930280708227,3.07860927351505,0.391038097279876));
#3757=CARTESIAN_POINT('Ctrl Pts',(6.8513091678913,3.05115759769447,0.189582069859748));
#3758=CARTESIAN_POINT('Ctrl Pts',(6.8513091678913,3.05115759769447,-5.17667632640893E-16));
#3759=CARTESIAN_POINT('Ctrl Pts',(6.8513091678913,3.05115759769447,-0.189582069859749));
#3760=CARTESIAN_POINT('Ctrl Pts',(6.83930280708226,3.07860927351505,-0.391038097279877));
#3761=CARTESIAN_POINT('Ctrl Pts',(6.81320288033917,3.13532558298785,-0.583333333333331));
#3762=CARTESIAN_POINT('Origin',(5.86373611851017,4.67617351394057,-0.583333333333334));
#3763=CARTESIAN_POINT('Origin',(5.86373611851017,4.67617351394057,-0.583333333333333));
#3764=CARTESIAN_POINT('',(5.50289081890954,4.38840899000577,1.84471122521597));
#3765=CARTESIAN_POINT('Origin',(5.50289081890954,4.38840899000577,-4.86806755655796E-16));
#3766=CARTESIAN_POINT('',(6.22458141811079,4.96393803787538,1.84471122521598));
#3767=CARTESIAN_POINT('Origin',(6.22458141811079,4.96393803787538,-5.50650264594261E-16));
#3768=CARTESIAN_POINT('Origin',(0.,7.5,0.));
#3769=CARTESIAN_POINT('',(-1.79149810867123,7.75735967976112,0.583333333333334));
#3770=CARTESIAN_POINT('',(-1.79666626531878,7.28162003479071,0.583333333333334));
#3771=CARTESIAN_POINT('Origin',(-8.37783994667467E-17,7.5,0.583333333333334));
#3772=CARTESIAN_POINT('',(-1.79149810867123,7.75735967976112,-0.583333333333333));
#3773=CARTESIAN_POINT('Ctrl Pts',(-1.79149810867123,7.75735967976112,0.583333333333333));
#3774=CARTESIAN_POINT('Ctrl Pts',(-1.855952826969,7.74247439524522,0.39195110384322));
#3775=CARTESIAN_POINT('Ctrl Pts',(-1.8870360721281,7.73467449457593,0.189979969828895));
#3776=CARTESIAN_POINT('Ctrl Pts',(-1.8870360721281,7.73467449457593,-0.189979969828895));
#3777=CARTESIAN_POINT('Ctrl Pts',(-1.855952826969,7.74247439524522,-0.391951103843219));
#3778=CARTESIAN_POINT('Ctrl Pts',(-1.79149810867123,7.75735967976112,-0.583333333333332));
#3779=CARTESIAN_POINT('',(-1.80988935522019,7.5,-0.583333333333333));
#3780=CARTESIAN_POINT('Origin',(8.37783994667466E-17,7.5,-0.583333333333333));
#3781=CARTESIAN_POINT('',(1.80988935522019,7.5,-0.583333333333333));
#3782=CARTESIAN_POINT('Origin',(0.,7.5,0.));
#3783=CARTESIAN_POINT('',(1.79149810867123,7.75735967976112,-0.583333333333333));
#3784=CARTESIAN_POINT('Origin',(0.,7.5,-0.583333333333333));
#3785=CARTESIAN_POINT('',(1.79149810867123,7.75735967976112,0.583333333333333));
#3786=CARTESIAN_POINT('Ctrl Pts',(1.79149810867123,7.75735967976112,-0.583333333333333));
#3787=CARTESIAN_POINT('Ctrl Pts',(1.855952826969,7.74247439524522,-0.391951103843219));
#3788=CARTESIAN_POINT('Ctrl Pts',(1.8870360721281,7.73467449457593,-0.189979969828895));
#3789=CARTESIAN_POINT('Ctrl Pts',(1.8870360721281,7.73467449457593,0.));
#3790=CARTESIAN_POINT('Ctrl Pts',(1.8870360721281,7.73467449457593,0.189979969828895));
#3791=CARTESIAN_POINT('Ctrl Pts',(1.855952826969,7.74247439524522,0.391951103843219));
#3792=CARTESIAN_POINT('Ctrl Pts',(1.79149810867123,7.75735967976112,0.583333333333333));
#3793=CARTESIAN_POINT('',(1.79666626531878,7.28162003479071,0.583333333333333));
#3794=CARTESIAN_POINT('Origin',(0.,7.5,0.583333333333333));
#3795=CARTESIAN_POINT('',(1.79666626531878,7.28162003479071,-0.583333333333333));
#3796=CARTESIAN_POINT('Ctrl Pts',(1.79666626531878,7.28162003479071,0.583333333333331));
#3797=CARTESIAN_POINT('Ctrl Pts',(1.8572818997876,7.26666373865322,0.391038097279877));
#3798=CARTESIAN_POINT('Ctrl Pts',(1.8862303277125,7.25893484960553,0.189582069859749));
#3799=CARTESIAN_POINT('Ctrl Pts',(1.8862303277125,7.25893484960553,0.));
#3800=CARTESIAN_POINT('Ctrl Pts',(1.8862303277125,7.25893484960553,-0.189582069859749));
#3801=CARTESIAN_POINT('Ctrl Pts',(1.8572818997876,7.26666373865322,-0.391038097279878));
#3802=CARTESIAN_POINT('Ctrl Pts',(1.79666626531878,7.28162003479071,-0.583333333333332));
#3803=CARTESIAN_POINT('Origin',(0.,7.5,-0.583333333333333));
#3804=CARTESIAN_POINT('',(-1.79666626531878,7.28162003479071,-0.583333333333333));
#3805=CARTESIAN_POINT('Origin',(8.37783994667466E-17,7.5,-0.583333333333333));
#3806=CARTESIAN_POINT('Ctrl Pts',(-1.79666626531878,7.28162003479071,-0.583333333333334));
#3807=CARTESIAN_POINT('Ctrl Pts',(-1.8572818997876,7.26666373865322,-0.391038097279879));
#3808=CARTESIAN_POINT('Ctrl Pts',(-1.8862303277125,7.25893484960553,-0.18958206985975));
#3809=CARTESIAN_POINT('Ctrl Pts',(-1.8862303277125,7.25893484960553,0.189582069859749));
#3810=CARTESIAN_POINT('Ctrl Pts',(-1.8572818997876,7.26666373865322,0.391038097279877));
#3811=CARTESIAN_POINT('Ctrl Pts',(-1.79666626531878,7.28162003479071,0.583333333333331));
#3812=CARTESIAN_POINT('',(0.,7.03846153846154,1.84471122521598));
#3813=CARTESIAN_POINT('Origin',(0.,7.03846153846154,0.));
#3814=CARTESIAN_POINT('',(0.,7.96153846153846,1.84471122521598));
#3815=CARTESIAN_POINT('Origin',(0.,7.96153846153846,0.));
#3816=CARTESIAN_POINT('Origin',(0.,7.49999999999999,0.));
#3817=CARTESIAN_POINT('',(-2.59697704726257E-16,7.96153846153846,-2.12059268767998));
#3818=CARTESIAN_POINT('Origin',(0.,7.96153846153846,0.));
#3819=CARTESIAN_POINT('',(-2.59697704726257E-16,7.03846153846154,-2.12059268767998));
#3820=CARTESIAN_POINT('Origin',(-1.73584864654761E-16,7.49999999999999,
-1.41742798638446));
#3821=CARTESIAN_POINT('Origin',(0.,7.03846153846154,0.));
#3822=CARTESIAN_POINT('',(-2.12200048717591,7.19354668660913,0.583333333333334));
#3823=CARTESIAN_POINT('',(-2.16573606812663,7.66131072061247,0.583333333333334));
#3824=CARTESIAN_POINT('Origin',(-1.33172347844148,7.50003307388807,0.583333333334433));
#3825=CARTESIAN_POINT('',(-2.12200048717591,7.19354668660913,-0.583333333333333));
#3826=CARTESIAN_POINT('Ctrl Pts',(-2.12200048717616,7.19354668660906,0.583333333333401));
#3827=CARTESIAN_POINT('Ctrl Pts',(-2.15460771723752,7.18392798792118,0.450520233897514));
#3828=CARTESIAN_POINT('Ctrl Pts',(-2.17590228905727,7.17743378223289,0.31464050281378));
#3829=CARTESIAN_POINT('Ctrl Pts',(-2.20415102833485,7.16882747416044,-0.0778945223292196));
#3830=CARTESIAN_POINT('Ctrl Pts',(-2.18283611368091,7.17560098684442,-0.335542640992643));
#3831=CARTESIAN_POINT('Ctrl Pts',(-2.12200048717616,7.19354668660906,-0.5833333333334));
#3832=CARTESIAN_POINT('',(-2.16573606812663,7.66131072061246,-0.583333333333333));
#3833=CARTESIAN_POINT('Origin',(-1.33172347844027,7.50003307388819,-0.583333333334429));
#3834=CARTESIAN_POINT('Ctrl Pts',(-2.16573606812663,7.66131072061247,-0.583333333333332));
#3835=CARTESIAN_POINT('Ctrl Pts',(-2.23818995624103,7.64082910793708,-0.329723516114916));
#3836=CARTESIAN_POINT('Ctrl Pts',(-2.2625336484411,7.63332814634586,-0.063848226045091));
#3837=CARTESIAN_POINT('Ctrl Pts',(-2.22559925493579,7.6441458091778,0.329882031644841));
#3838=CARTESIAN_POINT('Ctrl Pts',(-2.2014330748196,7.65121971951117,0.458383360623048));
#3839=CARTESIAN_POINT('Ctrl Pts',(-2.16573606812663,7.66131072061247,0.583333333333333));
#3840=CARTESIAN_POINT('',(2.16573606812663,7.66131072061247,0.583333333333333));
#3841=CARTESIAN_POINT('',(2.12200048717725,7.19354668660873,0.583333333333333));
#3842=CARTESIAN_POINT('Origin',(1.33099232830865,7.50045955109107,0.583333333330682));
#3843=CARTESIAN_POINT('',(2.16573606812663,7.66131072061247,-0.583333333333333));
#3844=CARTESIAN_POINT('Ctrl Pts',(2.16573606812663,7.66131072061247,0.583333333333333));
#3845=CARTESIAN_POINT('Ctrl Pts',(2.21973830053742,7.64604511048955,0.394309712275717));
#3846=CARTESIAN_POINT('Ctrl Pts',(2.24716473777655,7.63782333625555,0.197856663950202));
#3847=CARTESIAN_POINT('Ctrl Pts',(2.24716473777655,7.63782333625555,1.37599155163743E-16));
#3848=CARTESIAN_POINT('Ctrl Pts',(2.24716473777655,7.63782333625555,-0.197556443029387));
#3849=CARTESIAN_POINT('Ctrl Pts',(2.21981653797237,7.64602299395611,-0.394035858351618));
#3850=CARTESIAN_POINT('Ctrl Pts',(2.16573606812663,7.66131072061247,-0.583333333333329));
#3851=CARTESIAN_POINT('',(2.12200048718045,7.19354668661959,-0.583333333333333));
#3852=CARTESIAN_POINT('Origin',(1.3309923283389,7.50045955109138,-0.583333333333979));
#3853=CARTESIAN_POINT('Ctrl Pts',(2.12200048717624,7.19354668660903,-0.583333333333065));
#3854=CARTESIAN_POINT('Ctrl Pts',(2.16875545010427,7.17975459510904,-0.392894846874718));
#3855=CARTESIAN_POINT('Ctrl Pts',(2.19214726347245,7.17248146566098,-0.196622784563447));
#3856=CARTESIAN_POINT('Ctrl Pts',(2.19214726347244,7.17248146566098,1.34230306473558E-16));
#3857=CARTESIAN_POINT('Ctrl Pts',(2.19214726347244,7.17248146566098,0.196866595658782));
#3858=CARTESIAN_POINT('Ctrl Pts',(2.16870256894691,7.17977019434632,0.39311023807471));
#3859=CARTESIAN_POINT('Ctrl Pts',(2.12200048717624,7.19354668660903,0.583333333333065));
#3860=CARTESIAN_POINT('Origin',(0.,0.,0.583333333333333));
#3861=CARTESIAN_POINT('Origin',(0.,0.,-0.583333333333333));
#3862=CARTESIAN_POINT('Origin',(0.,0.,0.583333333333333));
#3863=CARTESIAN_POINT('Origin',(0.,0.,0.583333333333333));
#3864=CARTESIAN_POINT('Origin',(0.,0.,0.583333333333333));
#3865=CARTESIAN_POINT('Origin',(0.,0.,-0.583333333333333));
#3866=CARTESIAN_POINT('Origin',(0.,0.,0.583333333333333));
#3867=CARTESIAN_POINT('Origin',(0.,0.,-0.583333333333333));
#3868=CARTESIAN_POINT('Origin',(0.,7.96153846153846,1.84471122521598));
#3869=CARTESIAN_POINT('Origin',(0.,7.03846153846154,1.84471122521598));
#3870=CARTESIAN_POINT('Origin',(0.,0.,0.583333333333333));
#3871=CARTESIAN_POINT('Origin',(0.,0.,0.583333333333333));
#3872=CARTESIAN_POINT('Origin',(0.,0.,0.583333333333333));
#3873=CARTESIAN_POINT('Origin',(0.,0.,-0.583333333333333));
#3874=CARTESIAN_POINT('Origin',(0.,0.,-0.583333333333333));
#3875=CARTESIAN_POINT('Origin',(0.,0.,-0.583333333333333));
#3876=CARTESIAN_POINT('Origin',(0.,0.,0.583333333333333));
#3877=CARTESIAN_POINT('Origin',(0.,0.,0.583333333333333));
#3878=CARTESIAN_POINT('Origin',(5.50289081890954,4.38840899000577,1.84471122521598));
#3879=CARTESIAN_POINT('Origin',(6.22458141811079,4.96393803787538,1.84471122521598));
#3880=CARTESIAN_POINT('Origin',(-8.37783994667457E-17,4.03455507875023E-17,
-0.583333333333333));
#3881=CARTESIAN_POINT('Origin',(-8.37783994667457E-17,4.03455507875023E-17,
-0.583333333333333));
#3882=CARTESIAN_POINT('Origin',(-8.37783994667457E-17,4.03455507875023E-17,
-0.583333333333333));
#3883=CARTESIAN_POINT('Origin',(8.37783994667457E-17,-4.03455507875023E-17,
0.583333333333333));
#3884=CARTESIAN_POINT('Origin',(8.37783994667457E-17,-4.03455507875023E-17,
0.583333333333333));
#3885=CARTESIAN_POINT('Origin',(8.37783994667457E-17,-4.03455507875023E-17,
0.583333333333333));
#3886=CARTESIAN_POINT('Origin',(8.37783994667457E-17,-4.03455507875023E-17,
0.583333333333333));
#3887=CARTESIAN_POINT('Origin',(8.37783994667457E-17,-4.03455507875023E-17,
0.583333333333333));
#3888=CARTESIAN_POINT('Origin',(1.04469955367127E-16,-1.31001180507769E-16,
0.583333333333333));
#3889=CARTESIAN_POINT('Origin',(1.04469955367127E-16,-1.31001180507769E-16,
0.583333333333333));
#3890=CARTESIAN_POINT('Origin',(-1.04469955367127E-16,1.31001180507769E-16,
-0.583333333333333));
#3891=CARTESIAN_POINT('Origin',(1.04469955367127E-16,-1.31001180507769E-16,
0.583333333333333));
#3892=CARTESIAN_POINT('Origin',(-1.04469955367127E-16,1.31001180507769E-16,
-0.583333333333333));
#3893=CARTESIAN_POINT('Origin',(1.04469955367127E-16,-1.31001180507769E-16,
0.583333333333333));
#3894=CARTESIAN_POINT('Origin',(-1.04469955367127E-16,1.31001180507769E-16,
-0.583333333333333));
#3895=CARTESIAN_POINT('Origin',(1.04469955367127E-16,-1.31001180507769E-16,
0.583333333333333));
#3896=CARTESIAN_POINT('Origin',(6.86199261266438,-1.56620503515399,1.84471122521597));
#3897=CARTESIAN_POINT('Origin',(7.76192607006299,-1.77160897419058,1.84471122521597));
#3898=CARTESIAN_POINT('Origin',(-1.04469955367127E-16,1.31001180507769E-16,
-0.583333333333333));
#3899=CARTESIAN_POINT('Origin',(-1.04469955367127E-16,1.31001180507769E-16,
-0.583333333333333));
#3900=CARTESIAN_POINT('Origin',(-1.04469955367127E-16,1.31001180507769E-16,
-0.583333333333333));
#3901=CARTESIAN_POINT('Origin',(1.04469955367127E-16,-1.31001180507769E-16,
0.583333333333333));
#3902=CARTESIAN_POINT('Origin',(1.04469955367127E-16,-1.31001180507769E-16,
0.583333333333333));
#3903=CARTESIAN_POINT('Origin',(1.04469955367127E-16,-1.31001180507769E-16,
0.583333333333333));
#3904=CARTESIAN_POINT('Origin',(1.04469955367127E-16,-1.31001180507769E-16,
0.583333333333333));
#3905=CARTESIAN_POINT('Origin',(1.04469955367127E-16,-1.31001180507769E-16,
0.583333333333333));
#3906=CARTESIAN_POINT('Origin',(4.6493504077336E-17,-2.03701350943603E-16,
0.583333333333333));
#3907=CARTESIAN_POINT('Origin',(4.6493504077336E-17,-2.03701350943603E-16,
0.583333333333333));
#3908=CARTESIAN_POINT('Origin',(-4.6493504077336E-17,2.03701350943603E-16,
-0.583333333333333));
#3909=CARTESIAN_POINT('Origin',(4.6493504077336E-17,-2.03701350943603E-16,
0.583333333333333));
#3910=CARTESIAN_POINT('Origin',(-4.6493504077336E-17,2.03701350943603E-16,
-0.583333333333333));
#3911=CARTESIAN_POINT('Origin',(4.6493504077336E-17,-2.03701350943603E-16,
0.583333333333333));
#3912=CARTESIAN_POINT('Origin',(-4.6493504077336E-17,2.03701350943603E-16,
-0.583333333333333));
#3913=CARTESIAN_POINT('Origin',(4.6493504077336E-17,-2.03701350943603E-16,
0.583333333333333));
#3914=CARTESIAN_POINT('Origin',(3.05387400994286,-6.34143472408239,1.84471122521597));
#3915=CARTESIAN_POINT('Origin',(3.45438207682061,-7.17309829445385,1.84471122521597));
#3916=CARTESIAN_POINT('Origin',(-4.6493504077336E-17,2.03701350943603E-16,
-0.583333333333333));
#3917=CARTESIAN_POINT('Origin',(-4.6493504077336E-17,2.03701350943603E-16,
-0.583333333333333));
#3918=CARTESIAN_POINT('Origin',(-4.6493504077336E-17,2.03701350943603E-16,
-0.583333333333333));
#3919=CARTESIAN_POINT('Origin',(4.6493504077336E-17,-2.03701350943603E-16,
0.583333333333333));
#3920=CARTESIAN_POINT('Origin',(4.6493504077336E-17,-2.03701350943603E-16,
0.583333333333333));
#3921=CARTESIAN_POINT('Origin',(4.6493504077336E-17,-2.03701350943603E-16,
0.583333333333333));
#3922=CARTESIAN_POINT('Origin',(4.6493504077336E-17,-2.03701350943603E-16,
0.583333333333333));
#3923=CARTESIAN_POINT('Origin',(4.6493504077336E-17,-2.03701350943603E-16,
0.583333333333333));
#3924=CARTESIAN_POINT('Origin',(-4.64935040773347E-17,-2.03701350943604E-16,
0.583333333333333));
#3925=CARTESIAN_POINT('Origin',(-4.64935040773347E-17,-2.03701350943604E-16,
0.583333333333333));
#3926=CARTESIAN_POINT('Origin',(4.64935040773347E-17,2.03701350943604E-16,
-0.583333333333333));
#3927=CARTESIAN_POINT('Origin',(-4.64935040773347E-17,-2.03701350943604E-16,
0.583333333333333));
#3928=CARTESIAN_POINT('Origin',(4.64935040773347E-17,2.03701350943604E-16,
-0.583333333333333));
#3929=CARTESIAN_POINT('Origin',(-4.64935040773347E-17,-2.03701350943604E-16,
0.583333333333333));
#3930=CARTESIAN_POINT('Origin',(4.64935040773347E-17,2.03701350943604E-16,
-0.583333333333333));
#3931=CARTESIAN_POINT('Origin',(-4.64935040773347E-17,-2.03701350943604E-16,
0.583333333333333));
#3932=CARTESIAN_POINT('Origin',(-3.05387400994277,-6.34143472408243,1.84471122521597));
#3933=CARTESIAN_POINT('Origin',(-3.45438207682051,-7.17309829445389,1.84471122521597));
#3934=CARTESIAN_POINT('Origin',(4.64935040773347E-17,2.03701350943604E-16,
-0.583333333333333));
#3935=CARTESIAN_POINT('Origin',(4.64935040773347E-17,2.03701350943604E-16,
-0.583333333333333));
#3936=CARTESIAN_POINT('Origin',(4.64935040773347E-17,2.03701350943604E-16,
-0.583333333333333));
#3937=CARTESIAN_POINT('Origin',(-4.64935040773347E-17,-2.03701350943604E-16,
0.583333333333333));
#3938=CARTESIAN_POINT('Origin',(-4.64935040773347E-17,-2.03701350943604E-16,
0.583333333333333));
#3939=CARTESIAN_POINT('Origin',(-4.64935040773347E-17,-2.03701350943604E-16,
0.583333333333333));
#3940=CARTESIAN_POINT('Origin',(-4.64935040773347E-17,-2.03701350943604E-16,
0.583333333333333));
#3941=CARTESIAN_POINT('Origin',(-4.64935040773347E-17,-2.03701350943604E-16,
0.583333333333333));
#3942=CARTESIAN_POINT('Origin',(-1.04469955367127E-16,-1.31001180507771E-16,
0.583333333333333));
#3943=CARTESIAN_POINT('Origin',(-1.04469955367127E-16,-1.31001180507771E-16,
0.583333333333333));
#3944=CARTESIAN_POINT('Origin',(1.04469955367127E-16,1.31001180507771E-16,
-0.583333333333333));
#3945=CARTESIAN_POINT('Origin',(-1.04469955367127E-16,-1.31001180507771E-16,
0.583333333333333));
#3946=CARTESIAN_POINT('Origin',(1.04469955367127E-16,1.31001180507771E-16,
-0.583333333333333));
#3947=CARTESIAN_POINT('Origin',(-1.04469955367127E-16,-1.31001180507771E-16,
0.583333333333333));
#3948=CARTESIAN_POINT('Origin',(1.04469955367127E-16,1.31001180507771E-16,
-0.583333333333333));
#3949=CARTESIAN_POINT('Origin',(-1.04469955367127E-16,-1.31001180507771E-16,
0.583333333333333));
#3950=CARTESIAN_POINT('Origin',(-6.86199261266436,-1.56620503515409,1.84471122521597));
#3951=CARTESIAN_POINT('Origin',(-7.76192607006297,-1.77160897419069,1.84471122521597));
#3952=CARTESIAN_POINT('Origin',(1.04469955367127E-16,1.31001180507771E-16,
-0.583333333333333));
#3953=CARTESIAN_POINT('Origin',(1.04469955367127E-16,1.31001180507771E-16,
-0.583333333333333));
#3954=CARTESIAN_POINT('Origin',(1.04469955367127E-16,1.31001180507771E-16,
-0.583333333333333));
#3955=CARTESIAN_POINT('Origin',(-1.04469955367127E-16,-1.31001180507771E-16,
0.583333333333333));
#3956=CARTESIAN_POINT('Origin',(-1.04469955367127E-16,-1.31001180507771E-16,
0.583333333333333));
#3957=CARTESIAN_POINT('Origin',(-1.04469955367127E-16,-1.31001180507771E-16,
0.583333333333333));
#3958=CARTESIAN_POINT('Origin',(-1.04469955367127E-16,-1.31001180507771E-16,
0.583333333333333));
#3959=CARTESIAN_POINT('Origin',(-1.04469955367127E-16,-1.31001180507771E-16,
0.583333333333333));
#3960=CARTESIAN_POINT('Origin',(-8.37783994667466E-17,-4.03455507875035E-17,
0.583333333333333));
#3961=CARTESIAN_POINT('Origin',(-8.37783994667466E-17,-4.03455507875035E-17,
0.583333333333333));
#3962=CARTESIAN_POINT('Origin',(8.37783994667466E-17,4.03455507875035E-17,
-0.583333333333333));
#3963=CARTESIAN_POINT('Origin',(-8.37783994667466E-17,-4.03455507875035E-17,
0.583333333333333));
#3964=CARTESIAN_POINT('Origin',(8.37783994667466E-17,4.03455507875035E-17,
-0.583333333333333));
#3965=CARTESIAN_POINT('Origin',(-8.37783994667466E-17,-4.03455507875035E-17,
0.583333333333333));
#3966=CARTESIAN_POINT('Origin',(8.37783994667466E-17,4.03455507875035E-17,
-0.583333333333333));
#3967=CARTESIAN_POINT('Origin',(-8.37783994667466E-17,-4.03455507875035E-17,
0.583333333333333));
#3968=CARTESIAN_POINT('Origin',(-5.5028908189096,4.38840899000569,1.84471122521598));
#3969=CARTESIAN_POINT('Origin',(-6.22458141811086,4.96393803787529,1.84471122521598));
#3970=CARTESIAN_POINT('Origin',(8.37783994667466E-17,4.03455507875035E-17,
-0.583333333333333));
#3971=CARTESIAN_POINT('Origin',(8.37783994667466E-17,4.03455507875035E-17,
-0.583333333333333));
#3972=CARTESIAN_POINT('Origin',(8.37783994667466E-17,4.03455507875035E-17,
-0.583333333333333));
#3973=CARTESIAN_POINT('Origin',(-8.37783994667466E-17,-4.03455507875035E-17,
0.583333333333333));
#3974=CARTESIAN_POINT('Origin',(-8.37783994667466E-17,-4.03455507875035E-17,
0.583333333333333));
#3975=CARTESIAN_POINT('Origin',(-8.37783994667466E-17,-4.03455507875035E-17,
0.583333333333333));
#3976=CARTESIAN_POINT('Origin',(-8.37783994667466E-17,-4.03455507875035E-17,
0.583333333333333));
#3977=CARTESIAN_POINT('Origin',(-8.37783994667466E-17,-4.03455507875035E-17,
0.583333333333333));
#3978=CARTESIAN_POINT('Origin',(0.,0.,0.583333333333333));
#3979=CARTESIAN_POINT('Origin',(0.,0.,0.583333333333333));
#3980=CARTESIAN_POINT('Origin',(0.,0.,0.583333333333333));
#3981=CARTESIAN_POINT('Origin',(0.,0.,-0.583333333333333));
#3982=CARTESIAN_POINT('Origin',(0.,0.,-0.583333333333333));
#3983=CARTESIAN_POINT('Origin',(0.,0.,-0.583333333333333));
#3984=CARTESIAN_POINT('Origin',(0.,0.,0.583333333333333));
#3985=CARTESIAN_POINT('Origin',(0.,0.,0.583333333333333));
#3986=CARTESIAN_POINT('',(0.,0.,0.));
#3987=UNCERTAINTY_MEASURE_WITH_UNIT(LENGTH_MEASURE(0.01),#3993,
'DISTANCE_ACCURACY_VALUE',
'Maximum model space distance between geometric entities at asserted c
onnectivities');
#3988=UNCERTAINTY_MEASURE_WITH_UNIT(LENGTH_MEASURE(0.01),#3993,
'DISTANCE_ACCURACY_VALUE',
'Maximum model space distance between geometric entities at asserted c
onnectivities');
#3989=UNCERTAINTY_MEASURE_WITH_UNIT(LENGTH_MEASURE(0.01),#3993,
'DISTANCE_ACCURACY_VALUE',
'Maximum model space distance between geometric entities at asserted c
onnectivities');
#3990=(
GEOMETRIC_REPRESENTATION_CONTEXT(3)
GLOBAL_UNCERTAINTY_ASSIGNED_CONTEXT((#3987))
GLOBAL_UNIT_ASSIGNED_CONTEXT((#3993,#3995,#3996))
REPRESENTATION_CONTEXT('','3D')
);
#3991=(
GEOMETRIC_REPRESENTATION_CONTEXT(3)
GLOBAL_UNCERTAINTY_ASSIGNED_CONTEXT((#3988))
GLOBAL_UNIT_ASSIGNED_CONTEXT((#3993,#3995,#3996))
REPRESENTATION_CONTEXT('','3D')
);
#3992=(
GEOMETRIC_REPRESENTATION_CONTEXT(3)
GLOBAL_UNCERTAINTY_ASSIGNED_CONTEXT((#3989))
GLOBAL_UNIT_ASSIGNED_CONTEXT((#3993,#3995,#3996))
REPRESENTATION_CONTEXT('','3D')
);
#3993=(
LENGTH_UNIT()
NAMED_UNIT(*)
SI_UNIT(.MILLI.,.METRE.)
);
#3994=(
LENGTH_UNIT()
NAMED_UNIT(*)
SI_UNIT($,.METRE.)
);
#3995=(
NAMED_UNIT(*)
PLANE_ANGLE_UNIT()
SI_UNIT($,.RADIAN.)
);
#3996=(
NAMED_UNIT(*)
SI_UNIT($,.STERADIAN.)
SOLID_ANGLE_UNIT()
);
#3997=SHAPE_DEFINITION_REPRESENTATION(#3999,#4002);
#3998=SHAPE_DEFINITION_REPRESENTATION(#4000,#4003);
#3999=PRODUCT_DEFINITION_SHAPE('',$,#4005);
#4000=PRODUCT_DEFINITION_SHAPE('',$,#4006);
#4001=PRODUCT_DEFINITION_SHAPE($,$,#14);
#4002=SHAPE_REPRESENTATION('',(#2017,#2353),#3990);
#4003=SHAPE_REPRESENTATION('',(#2018),#3991);
#4004=PRODUCT_DEFINITION_CONTEXT('part definition',#4012,'design');
#4005=PRODUCT_DEFINITION(
'46668 Ball Bearing, 608, 8 mm ID \X\D7 22 mm OD \X\D7 7 mm, Open',
'46668 Ball Bearing, 608, 8 mm ID \X\D7 22 mm OD \X\D7 7 mm, Open v2',#4007,
#4004);
#4006=PRODUCT_DEFINITION('5972K91_Ball Bearing','5972K91_Ball Bearing',
#4008,#4004);
#4007=PRODUCT_DEFINITION_FORMATION('',$,#4014);
#4008=PRODUCT_DEFINITION_FORMATION('',$,#4015);
#4009=PRODUCT_RELATED_PRODUCT_CATEGORY(
'46668 Ball Bearing, 608, 8 mm ID \X\D7 22 mm OD \X\D7 7 mm, Open v2',
'46668 Ball Bearing, 608, 8 mm ID \X\D7 22 mm OD \X\D7 7 mm, Open v2',(#4014));
#4010=PRODUCT_RELATED_PRODUCT_CATEGORY('5972K91_Ball Bearing',
'5972K91_Ball Bearing',(#4015));
#4011=APPLICATION_PROTOCOL_DEFINITION('international standard',
'automotive_design',2009,#4012);
#4012=APPLICATION_CONTEXT(
'Core Data for Automotive Mechanical Design Process');
#4013=PRODUCT_CONTEXT('part definition',#4012,'mechanical');
#4014=PRODUCT(
'46668 Ball Bearing, 608, 8 mm ID \X\D7 22 mm OD \X\D7 7 mm, Open',
'46668 Ball Bearing, 608, 8 mm ID \X\D7 22 mm OD \X\D7 7 mm, Open v2',$,
(#4013));
#4015=PRODUCT('5972K91_Ball Bearing','5972K91_Ball Bearing',$,(#4013));
#4016=PRESENTATION_STYLE_ASSIGNMENT((#4017));
#4017=SURFACE_STYLE_USAGE(.BOTH.,#4018);
#4018=SURFACE_SIDE_STYLE('',(#4019));
#4019=SURFACE_STYLE_FILL_AREA(#4020);
#4020=FILL_AREA_STYLE('Steel - Satin',(#4021));
#4021=FILL_AREA_STYLE_COLOUR('Steel - Satin',#4022);
#4022=COLOUR_RGB('Steel - Satin',0.627450980392157,0.627450980392157,0.627450980392157);
ENDSEC;
END-ISO-10303-21;
