ISO-10303-21;
HEADER;
/* Generated by software containing ST-Developer
 * from STEP Tools, Inc. (www.steptools.com) 
 */
/* OPTION: using custom renumber hook */

FILE_DESCRIPTION(
/* description */ ('STEP AP242',
'CAx-IF Rec.Pracs.---Representation and Presentation of Product Manufa
cturing Information (PMI)---4.0---2014-10-13',
'CAx-IF Rec.Pracs.---3D Tessellated Geometry---0.4---2014-09-14','2;1'),

/* implementation_level */ '2;1');

FILE_NAME(
/* name */ '683424f8fe473b6e1abc2252',
/* time_stamp */ '2025-05-26T08:23:21Z',
/* author */ (''),
/* organization */ (''),
/* preprocessor_version */ 'ST-DEVELOPER v20',
/* originating_system */ 'ONSHAPE BY PTC INC, 1.198',
/* authorisation */ '  ');

FILE_SCHEMA (('AP242_MANAGED_MODEL_BASED_3D_ENGINEERING_MIM_LF { 1 0 10303 442 1 1 4 }'));
ENDSEC;

DATA;
#10=SHAPE_REPRESENTATION_RELATIONSHIP('','',#1348,#11);
#11=ADVANCED_BREP_SHAPE_REPRESENTATION('',(#1346),#2830);
#12=(
BOUNDED_SURFACE()
B_SPLINE_SURFACE(3,2,((#2542,#2543,#2544),(#2545,#2546,#2547),(#2548,#2549,
#2550),(#2551,#2552,#2553),(#2554,#2555,#2556),(#2557,#2558,#2559),(#2560,
#2561,#2562)),.UNSPECIFIED.,.F.,.F.,.F.)
B_SPLINE_SURFACE_WITH_KNOTS((4,1,1,1,4),(3,3),(5.87245968382273,6.33782799597454,
6.80319630812634,7.26856462027814,7.73393293242995),(0.,1.),
 .UNSPECIFIED.)
GEOMETRIC_REPRESENTATION_ITEM()
RATIONAL_B_SPLINE_SURFACE(((1.,0.757290352458168,1.),(1.,0.760568178619395,
1.),(1.,0.763524613026731,1.),(1.,0.756415024154237,1.),(1.,0.738965906264448,
1.),(1.,0.722508518567376,1.),(1.,0.713862322603495,1.)))
REPRESENTATION_ITEM('')
SURFACE()
);
#13=TOROIDAL_SURFACE('',#1374,0.0157294196569489,0.004);
#14=TOROIDAL_SURFACE('',#1403,0.0055,0.0015);
#15=ELLIPSE('',#1373,0.00212132034355965,0.0015);
#16=ELLIPSE('',#1394,0.00506551383459556,0.005);
#17=ELLIPSE('',#1397,0.030301553095782,0.004);
#18=ELLIPSE('',#1398,0.0192114034496147,0.019);
#19=ELLIPSE('',#1399,0.0177292984210844,0.0175);
#20=ELLIPSE('',#1402,0.0104681010898123,0.0015);
#21=ELLIPSE('',#1415,0.01625,0.0115);
#22=PLANE('',#1354);
#23=PLANE('',#1372);
#24=PLANE('',#1377);
#25=PLANE('',#1379);
#26=PLANE('',#1382);
#27=PLANE('',#1383);
#28=PLANE('',#1384);
#29=PLANE('',#1386);
#30=PLANE('',#1387);
#31=PLANE('',#1388);
#32=PLANE('',#1389);
#33=PLANE('',#1391);
#34=PLANE('',#1392);
#35=PLANE('',#1404);
#36=PLANE('',#1409);
#37=PLANE('',#1411);
#38=PLANE('',#1412);
#39=PLANE('',#1413);
#40=PLANE('',#1414);
#41=PLANE('',#1416);
#42=PLANE('',#1417);
#43=PLANE('',#1418);
#44=PLANE('',#1419);
#45=PLANE('',#1420);
#46=PLANE('',#1421);
#47=PLANE('',#1422);
#48=PLANE('',#1423);
#49=PLANE('',#1426);
#50=PLANE('',#1429);
#51=PLANE('',#1432);
#52=PLANE('',#1435);
#53=PLANE('',#1438);
#54=PLANE('',#1439);
#55=PLANE('',#1442);
#56=PLANE('',#1447);
#57=PLANE('',#1450);
#58=PLANE('',#1453);
#59=PLANE('',#1456);
#60=PLANE('',#1459);
#61=PLANE('',#1462);
#62=B_SPLINE_SURFACE_WITH_KNOTS('',3,3,((#1911,#1912,#1913,#1914),(#1915,
#1916,#1917,#1918),(#1919,#1920,#1921,#1922),(#1923,#1924,#1925,#1926),
(#1927,#1928,#1929,#1930),(#1931,#1932,#1933,#1934),(#1935,#1936,#1937,
#1938),(#1939,#1940,#1941,#1942),(#1943,#1944,#1945,#1946),(#1947,#1948,
#1949,#1950),(#1951,#1952,#1953,#1954),(#1955,#1956,#1957,#1958),(#1959,
#1960,#1961,#1962),(#1963,#1964,#1965,#1966),(#1967,#1968,#1969,#1970),
(#1971,#1972,#1973,#1974),(#1975,#1976,#1977,#1978),(#1979,#1980,#1981,
#1982),(#1983,#1984,#1985,#1986),(#1987,#1988,#1989,#1990),(#1991,#1992,
#1993,#1994),(#1995,#1996,#1997,#1998)),.UNSPECIFIED.,.F.,.F.,.F.,(4,1,
1,1,1,1,1,1,1,1,1,1,1,1,1,1,1,1,1,4),(4,4),(0.0107830359135809,0.155933488103673,
0.259612382525168,0.384027055830961,0.508441729136754,0.632856402442548,
0.736535296864042,0.819478412401238,0.871317859611985,0.912789417380583,
0.938709140985956,0.959444919870255,0.972404781672942,0.982772671115092,
0.989252602016435,0.994436546737509,0.997676512188181,1.00026848454872,
1.00221246381912,1.00610042235993),(-0.0251557458751749,1.0223344620058),
 .UNSPECIFIED.);
#63=B_SPLINE_SURFACE_WITH_KNOTS('',3,1,((#2165,#2166),(#2167,#2168),(#2169,
#2170),(#2171,#2172),(#2173,#2174),(#2175,#2176)),.RULED_SURF.,.F.,.F.,
 .F.,(4,2,4),(2,2),(0.,0.5,1.),(0.,1.),.UNSPECIFIED.);
#64=B_SPLINE_SURFACE_WITH_KNOTS('',3,1,((#2183,#2184),(#2185,#2186),(#2187,
#2188),(#2189,#2190),(#2191,#2192),(#2193,#2194),(#2195,#2196),(#2197,#2198),
(#2199,#2200),(#2201,#2202),(#2203,#2204),(#2205,#2206),(#2207,#2208),(#2209,
#2210),(#2211,#2212),(#2213,#2214),(#2215,#2216),(#2217,#2218),(#2219,#2220),
(#2221,#2222),(#2223,#2224),(#2225,#2226),(#2227,#2228),(#2229,#2230),(#2231,
#2232),(#2233,#2234),(#2235,#2236),(#2237,#2238),(#2239,#2240),(#2241,#2242)),
 .RULED_SURF.,.F.,.F.,.F.,(4,2,2,2,2,2,2,2,2,2,2,2,2,2,4),(2,2),(0.,0.0994049245348081,
0.149107386802212,0.198809849069616,0.298214773604424,0.397619698139233,
0.435268467005531,0.472917235871828,0.548214773604424,0.62351231133702,
0.698809849069616,0.774107386802212,0.849404924534808,0.924702462267404,
1.),(0.,1.),.UNSPECIFIED.);
#65=B_SPLINE_SURFACE_WITH_KNOTS('',3,1,((#2251,#2252),(#2253,#2254),(#2255,
#2256),(#2257,#2258),(#2259,#2260),(#2261,#2262),(#2263,#2264),(#2265,#2266),
(#2267,#2268),(#2269,#2270),(#2271,#2272),(#2273,#2274),(#2275,#2276),(#2277,
#2278),(#2279,#2280),(#2281,#2282),(#2283,#2284),(#2285,#2286)),
 .RULED_SURF.,.F.,.F.,.F.,(4,2,2,2,2,2,2,2,4),(2,2),(0.,0.125,0.25,0.375,
0.5,0.625,0.75,0.875,1.),(0.,1.),.UNSPECIFIED.);
#66=B_SPLINE_SURFACE_WITH_KNOTS('',3,1,((#2479,#2480),(#2481,#2482),(#2483,
#2484),(#2485,#2486),(#2487,#2488),(#2489,#2490)),.RULED_SURF.,.F.,.F.,
 .F.,(4,2,4),(2,2),(0.,0.635308210879907,1.),(0.667510477126777,1.),
 .UNSPECIFIED.);
#67=B_SPLINE_SURFACE_WITH_KNOTS('',3,1,((#2574,#2575),(#2576,#2577),(#2578,
#2579),(#2580,#2581),(#2582,#2583),(#2584,#2585),(#2586,#2587),(#2588,#2589),
(#2590,#2591),(#2592,#2593),(#2594,#2595),(#2596,#2597),(#2598,#2599),(#2600,
#2601),(#2602,#2603),(#2604,#2605),(#2606,#2607),(#2608,#2609),(#2610,#2611),
(#2612,#2613),(#2614,#2615),(#2616,#2617),(#2618,#2619),(#2620,#2621),(#2622,
#2623),(#2624,#2625),(#2626,#2627),(#2628,#2629),(#2630,#2631),(#2632,#2633)),
 .RULED_SURF.,.F.,.F.,.F.,(4,2,2,2,2,2,2,2,2,2,2,2,2,2,4),(2,2),(0.,0.103028527057702,
0.206055191707836,0.309082765673883,0.412110331694731,0.515137907037551,
0.55777893085271,0.600419954667869,0.61222948422053,0.680793700942344,0.74935791690528,
0.817922123954636,0.886486339749336,0.955050548694621,1.),(0.,1.),
 .UNSPECIFIED.);
#68=B_SPLINE_SURFACE_WITH_KNOTS('',3,1,((#2651,#2652),(#2653,#2654),(#2655,
#2656),(#2657,#2658),(#2659,#2660),(#2661,#2662),(#2663,#2664),(#2665,#2666),
(#2667,#2668),(#2669,#2670)),.RULED_SURF.,.F.,.F.,.F.,(4,2,2,2,4),(2,2),
(0.,0.29411917047511,0.588233165353339,0.882349762439422,1.),(0.,1.),
 .UNSPECIFIED.);
#69=B_SPLINE_SURFACE_WITH_KNOTS('',3,1,((#2684,#2685),(#2686,#2687),(#2688,
#2689),(#2690,#2691),(#2692,#2693),(#2694,#2695)),.RULED_SURF.,.F.,.F.,
 .F.,(4,2,4),(2,2),(0.,0.5,1.),(0.,1.),.UNSPECIFIED.);
#70=B_SPLINE_SURFACE_WITH_KNOTS('',3,1,((#2701,#2702),(#2703,#2704),(#2705,
#2706),(#2707,#2708),(#2709,#2710),(#2711,#2712),(#2713,#2714),(#2715,#2716),
(#2717,#2718),(#2719,#2720),(#2721,#2722),(#2723,#2724),(#2725,#2726),(#2727,
#2728),(#2729,#2730),(#2731,#2732),(#2733,#2734),(#2735,#2736),(#2737,#2738)),
 .SURF_OF_LINEAR_EXTRUSION.,.T.,.F.,.F.,(1,1,1,1,1,1,1,1,1,1,1,1,1,1,1,
1,1,1,1,1,1,1,1),(2,2),(-1.17809724509617,-0.785398163397448,-0.392699081698725,
0.,0.392699081698724,0.785398163397448,1.17809724509617,1.5707963267949,
1.96349540849362,2.35619449019234,2.74889357189107,3.14159265358979,3.53429173528852,
3.92699081698724,4.31968989868597,4.71238898038469,5.10508806208341,5.49778714378214,
5.89048622548086,6.28318530717959,6.67588438887831,7.06858347057703,7.46128255227576),
(0.,1.),.UNSPECIFIED.);
#71=LINE('',#1832,#164);
#72=LINE('',#1836,#165);
#73=LINE('',#2075,#166);
#74=LINE('',#2079,#167);
#75=LINE('',#2081,#168);
#76=LINE('',#2083,#169);
#77=LINE('',#2085,#170);
#78=LINE('',#2087,#171);
#79=LINE('',#2088,#172);
#80=LINE('',#2090,#173);
#81=LINE('',#2092,#174);
#82=LINE('',#2096,#175);
#83=LINE('',#2098,#176);
#84=LINE('',#2177,#177);
#85=LINE('',#2179,#178);
#86=LINE('',#2180,#179);
#87=LINE('',#2182,#180);
#88=LINE('',#2243,#181);
#89=LINE('',#2315,#182);
#90=LINE('',#2328,#183);
#91=LINE('',#2330,#184);
#92=LINE('',#2333,#185);
#93=LINE('',#2334,#186);
#94=LINE('',#2336,#187);
#95=LINE('',#2338,#188);
#96=LINE('',#2339,#189);
#97=LINE('',#2341,#190);
#98=LINE('',#2348,#191);
#99=LINE('',#2350,#192);
#100=LINE('',#2352,#193);
#101=LINE('',#2361,#194);
#102=LINE('',#2363,#195);
#103=LINE('',#2369,#196);
#104=LINE('',#2370,#197);
#105=LINE('',#2407,#198);
#106=LINE('',#2408,#199);
#107=LINE('',#2410,#200);
#108=LINE('',#2412,#201);
#109=LINE('',#2416,#202);
#110=LINE('',#2422,#203);
#111=LINE('',#2424,#204);
#112=LINE('',#2426,#205);
#113=LINE('',#2428,#206);
#114=LINE('',#2430,#207);
#115=LINE('',#2432,#208);
#116=LINE('',#2434,#209);
#117=LINE('',#2436,#210);
#118=LINE('',#2438,#211);
#119=LINE('',#2440,#212);
#120=LINE('',#2442,#213);
#121=LINE('',#2443,#214);
#122=LINE('',#2444,#215);
#123=LINE('',#2445,#216);
#124=LINE('',#2447,#217);
#125=LINE('',#2455,#218);
#126=LINE('',#2457,#219);
#127=LINE('',#2458,#220);
#128=LINE('',#2460,#221);
#129=LINE('',#2462,#222);
#130=LINE('',#2464,#223);
#131=LINE('',#2465,#224);
#132=LINE('',#2467,#225);
#133=LINE('',#2470,#226);
#134=LINE('',#2471,#227);
#135=LINE('',#2473,#228);
#136=LINE('',#2474,#229);
#137=LINE('',#2476,#230);
#138=LINE('',#2497,#231);
#139=LINE('',#2499,#232);
#140=LINE('',#2501,#233);
#141=LINE('',#2503,#234);
#142=LINE('',#2506,#235);
#143=LINE('',#2507,#236);
#144=LINE('',#2508,#237);
#145=LINE('',#2697,#238);
#146=LINE('',#2742,#239);
#147=LINE('',#2745,#240);
#148=LINE('',#2747,#241);
#149=LINE('',#2749,#242);
#150=LINE('',#2751,#243);
#151=LINE('',#2753,#244);
#152=LINE('',#2755,#245);
#153=LINE('',#2757,#246);
#154=LINE('',#2759,#247);
#155=LINE('',#2761,#248);
#156=LINE('',#2763,#249);
#157=LINE('',#2765,#250);
#158=LINE('',#2767,#251);
#159=LINE('',#2769,#252);
#160=LINE('',#2771,#253);
#161=LINE('',#2773,#254);
#162=LINE('',#2775,#255);
#163=LINE('',#2777,#256);
#164=VECTOR('',#1471,1.);
#165=VECTOR('',#1474,1.);
#166=VECTOR('',#1483,1.);
#167=VECTOR('',#1486,1.);
#168=VECTOR('',#1487,1.);
#169=VECTOR('',#1488,1.);
#170=VECTOR('',#1489,1.);
#171=VECTOR('',#1490,1.);
#172=VECTOR('',#1491,1.);
#173=VECTOR('',#1492,1.);
#174=VECTOR('',#1493,1.);
#175=VECTOR('',#1496,1.);
#176=VECTOR('',#1497,1.);
#177=VECTOR('',#1514,1.);
#178=VECTOR('',#1515,1.);
#179=VECTOR('',#1516,1.);
#180=VECTOR('',#1517,1.);
#181=VECTOR('',#1518,1.);
#182=VECTOR('',#1525,1.);
#183=VECTOR('',#1528,1.);
#184=VECTOR('',#1531,1.);
#185=VECTOR('',#1532,1.);
#186=VECTOR('',#1533,1.);
#187=VECTOR('',#1534,1.);
#188=VECTOR('',#1535,1.);
#189=VECTOR('',#1536,1.);
#190=VECTOR('',#1537,1.);
#191=VECTOR('',#1538,1.);
#192=VECTOR('',#1539,1.);
#193=VECTOR('',#1540,1.);
#194=VECTOR('',#1543,1.);
#195=VECTOR('',#1544,1.);
#196=VECTOR('',#1545,1.);
#197=VECTOR('',#1546,1.);
#198=VECTOR('',#1555,1.);
#199=VECTOR('',#1556,1.);
#200=VECTOR('',#1557,1.);
#201=VECTOR('',#1558,1.);
#202=VECTOR('',#1563,1.);
#203=VECTOR('',#1570,1.);
#204=VECTOR('',#1571,1.);
#205=VECTOR('',#1574,1.);
#206=VECTOR('',#1575,1.);
#207=VECTOR('',#1578,1.);
#208=VECTOR('',#1581,1.);
#209=VECTOR('',#1584,1.);
#210=VECTOR('',#1585,1.);
#211=VECTOR('',#1586,1.);
#212=VECTOR('',#1587,1.);
#213=VECTOR('',#1588,1.);
#214=VECTOR('',#1589,1.);
#215=VECTOR('',#1590,1.);
#216=VECTOR('',#1591,1.);
#217=VECTOR('',#1592,1.);
#218=VECTOR('',#1593,1.);
#219=VECTOR('',#1594,1.);
#220=VECTOR('',#1595,1.);
#221=VECTOR('',#1598,1.);
#222=VECTOR('',#1599,1.);
#223=VECTOR('',#1600,1.);
#224=VECTOR('',#1601,1.);
#225=VECTOR('',#1604,1.);
#226=VECTOR('',#1605,1.);
#227=VECTOR('',#1606,1.);
#228=VECTOR('',#1607,1.);
#229=VECTOR('',#1608,1.);
#230=VECTOR('',#1611,1.);
#231=VECTOR('',#1616,1.);
#232=VECTOR('',#1617,1.);
#233=VECTOR('',#1618,1.);
#234=VECTOR('',#1621,1.);
#235=VECTOR('',#1622,1.);
#236=VECTOR('',#1623,1.);
#237=VECTOR('',#1624,1.);
#238=VECTOR('',#1663,1.);
#239=VECTOR('',#1674,1.);
#240=VECTOR('',#1675,1.);
#241=VECTOR('',#1676,1.);
#242=VECTOR('',#1677,1.);
#243=VECTOR('',#1678,1.);
#244=VECTOR('',#1679,1.);
#245=VECTOR('',#1682,1.);
#246=VECTOR('',#1683,1.);
#247=VECTOR('',#1684,1.);
#248=VECTOR('',#1687,1.);
#249=VECTOR('',#1688,1.);
#250=VECTOR('',#1691,1.);
#251=VECTOR('',#1692,1.);
#252=VECTOR('',#1695,1.);
#253=VECTOR('',#1696,1.);
#254=VECTOR('',#1699,1.);
#255=VECTOR('',#1700,1.);
#256=VECTOR('',#1703,1.);
#257=CIRCLE('',#1351,0.0175);
#258=CIRCLE('',#1352,0.0175);
#259=CIRCLE('',#1353,0.0175);
#260=CIRCLE('',#1355,0.001625);
#261=CIRCLE('',#1356,0.001625);
#262=CIRCLE('',#1357,0.001625);
#263=CIRCLE('',#1358,0.0245);
#264=CIRCLE('',#1359,0.001625);
#265=CIRCLE('',#1361,0.003625);
#266=CIRCLE('',#1363,0.003625);
#267=CIRCLE('',#1365,0.003625);
#268=CIRCLE('',#1367,0.00475);
#269=CIRCLE('',#1368,0.017);
#270=CIRCLE('',#1369,0.025);
#271=CIRCLE('',#1370,0.0225);
#272=CIRCLE('',#1375,0.0197294196569489);
#273=CIRCLE('',#1376,0.0157294196569489);
#274=CIRCLE('',#1378,0.0055);
#275=CIRCLE('',#1380,0.0225);
#276=CIRCLE('',#1381,0.0245);
#277=CIRCLE('',#1395,0.005);
#278=CIRCLE('',#1401,0.0015);
#279=CIRCLE('',#1406,0.019);
#280=CIRCLE('',#1408,0.0197294196569489);
#281=CIRCLE('',#1410,0.0177294196569489);
#282=CIRCLE('',#1425,0.005);
#283=CIRCLE('',#1428,0.005);
#284=CIRCLE('',#1431,0.005);
#285=CIRCLE('',#1434,0.001625);
#286=CIRCLE('',#1437,0.001625);
#287=CIRCLE('',#1440,0.001625);
#288=CIRCLE('',#1443,0.001625);
#289=CIRCLE('',#1446,0.0015);
#290=CIRCLE('',#1449,0.0015);
#291=CIRCLE('',#1452,0.0015);
#292=CIRCLE('',#1455,0.0015);
#293=CIRCLE('',#1458,0.0015);
#294=CIRCLE('',#1461,0.0015);
#295=ORIENTED_EDGE('',*,*,#653,.T.);
#296=ORIENTED_EDGE('',*,*,#654,.T.);
#297=ORIENTED_EDGE('',*,*,#655,.T.);
#298=ORIENTED_EDGE('',*,*,#656,.F.);
#299=ORIENTED_EDGE('',*,*,#657,.T.);
#300=ORIENTED_EDGE('',*,*,#658,.T.);
#301=ORIENTED_EDGE('',*,*,#659,.F.);
#302=ORIENTED_EDGE('',*,*,#660,.F.);
#303=ORIENTED_EDGE('',*,*,#661,.F.);
#304=ORIENTED_EDGE('',*,*,#662,.F.);
#305=ORIENTED_EDGE('',*,*,#663,.T.);
#306=ORIENTED_EDGE('',*,*,#664,.T.);
#307=ORIENTED_EDGE('',*,*,#665,.T.);
#308=ORIENTED_EDGE('',*,*,#666,.F.);
#309=ORIENTED_EDGE('',*,*,#667,.F.);
#310=ORIENTED_EDGE('',*,*,#668,.F.);
#311=ORIENTED_EDGE('',*,*,#669,.T.);
#312=ORIENTED_EDGE('',*,*,#670,.T.);
#313=ORIENTED_EDGE('',*,*,#671,.F.);
#314=ORIENTED_EDGE('',*,*,#672,.F.);
#315=ORIENTED_EDGE('',*,*,#673,.F.);
#316=ORIENTED_EDGE('',*,*,#674,.F.);
#317=ORIENTED_EDGE('',*,*,#675,.F.);
#318=ORIENTED_EDGE('',*,*,#676,.F.);
#319=ORIENTED_EDGE('',*,*,#677,.F.);
#320=ORIENTED_EDGE('',*,*,#678,.F.);
#321=ORIENTED_EDGE('',*,*,#679,.F.);
#322=ORIENTED_EDGE('',*,*,#680,.T.);
#323=ORIENTED_EDGE('',*,*,#681,.F.);
#324=ORIENTED_EDGE('',*,*,#682,.F.);
#325=ORIENTED_EDGE('',*,*,#683,.F.);
#326=ORIENTED_EDGE('',*,*,#684,.F.);
#327=ORIENTED_EDGE('',*,*,#659,.T.);
#328=ORIENTED_EDGE('',*,*,#685,.T.);
#329=ORIENTED_EDGE('',*,*,#686,.F.);
#330=ORIENTED_EDGE('',*,*,#687,.F.);
#331=ORIENTED_EDGE('',*,*,#688,.F.);
#332=ORIENTED_EDGE('',*,*,#689,.F.);
#333=ORIENTED_EDGE('',*,*,#690,.T.);
#334=ORIENTED_EDGE('',*,*,#691,.F.);
#335=ORIENTED_EDGE('',*,*,#692,.T.);
#336=ORIENTED_EDGE('',*,*,#693,.F.);
#337=ORIENTED_EDGE('',*,*,#694,.T.);
#338=ORIENTED_EDGE('',*,*,#695,.F.);
#339=ORIENTED_EDGE('',*,*,#696,.T.);
#340=ORIENTED_EDGE('',*,*,#697,.F.);
#341=ORIENTED_EDGE('',*,*,#698,.F.);
#342=ORIENTED_EDGE('',*,*,#699,.F.);
#343=ORIENTED_EDGE('',*,*,#700,.F.);
#344=ORIENTED_EDGE('',*,*,#698,.T.);
#345=ORIENTED_EDGE('',*,*,#701,.F.);
#346=ORIENTED_EDGE('',*,*,#668,.T.);
#347=ORIENTED_EDGE('',*,*,#702,.T.);
#348=ORIENTED_EDGE('',*,*,#703,.F.);
#349=ORIENTED_EDGE('',*,*,#701,.T.);
#350=ORIENTED_EDGE('',*,*,#697,.T.);
#351=ORIENTED_EDGE('',*,*,#700,.T.);
#352=ORIENTED_EDGE('',*,*,#704,.T.);
#353=ORIENTED_EDGE('',*,*,#705,.T.);
#354=ORIENTED_EDGE('',*,*,#706,.T.);
#355=ORIENTED_EDGE('',*,*,#670,.F.);
#356=ORIENTED_EDGE('',*,*,#669,.F.);
#357=ORIENTED_EDGE('',*,*,#707,.T.);
#358=ORIENTED_EDGE('',*,*,#708,.F.);
#359=ORIENTED_EDGE('',*,*,#709,.F.);
#360=ORIENTED_EDGE('',*,*,#710,.F.);
#361=ORIENTED_EDGE('',*,*,#711,.T.);
#362=ORIENTED_EDGE('',*,*,#712,.T.);
#363=ORIENTED_EDGE('',*,*,#713,.T.);
#364=ORIENTED_EDGE('',*,*,#714,.T.);
#365=ORIENTED_EDGE('',*,*,#709,.T.);
#366=ORIENTED_EDGE('',*,*,#715,.F.);
#367=ORIENTED_EDGE('',*,*,#716,.F.);
#368=ORIENTED_EDGE('',*,*,#717,.T.);
#369=ORIENTED_EDGE('',*,*,#718,.T.);
#370=ORIENTED_EDGE('',*,*,#680,.F.);
#371=ORIENTED_EDGE('',*,*,#719,.F.);
#372=ORIENTED_EDGE('',*,*,#720,.T.);
#373=ORIENTED_EDGE('',*,*,#721,.F.);
#374=ORIENTED_EDGE('',*,*,#711,.F.);
#375=ORIENTED_EDGE('',*,*,#722,.T.);
#376=ORIENTED_EDGE('',*,*,#723,.T.);
#377=ORIENTED_EDGE('',*,*,#724,.F.);
#378=ORIENTED_EDGE('',*,*,#725,.T.);
#379=ORIENTED_EDGE('',*,*,#726,.T.);
#380=ORIENTED_EDGE('',*,*,#727,.F.);
#381=ORIENTED_EDGE('',*,*,#728,.F.);
#382=ORIENTED_EDGE('',*,*,#729,.F.);
#383=ORIENTED_EDGE('',*,*,#730,.F.);
#384=ORIENTED_EDGE('',*,*,#731,.T.);
#385=ORIENTED_EDGE('',*,*,#732,.F.);
#386=ORIENTED_EDGE('',*,*,#666,.T.);
#387=ORIENTED_EDGE('',*,*,#733,.F.);
#388=ORIENTED_EDGE('',*,*,#660,.T.);
#389=ORIENTED_EDGE('',*,*,#684,.T.);
#390=ORIENTED_EDGE('',*,*,#734,.F.);
#391=ORIENTED_EDGE('',*,*,#735,.T.);
#392=ORIENTED_EDGE('',*,*,#736,.T.);
#393=ORIENTED_EDGE('',*,*,#724,.T.);
#394=ORIENTED_EDGE('',*,*,#737,.F.);
#395=ORIENTED_EDGE('',*,*,#738,.T.);
#396=ORIENTED_EDGE('',*,*,#739,.F.);
#397=ORIENTED_EDGE('',*,*,#727,.T.);
#398=ORIENTED_EDGE('',*,*,#740,.T.);
#399=ORIENTED_EDGE('',*,*,#739,.T.);
#400=ORIENTED_EDGE('',*,*,#741,.T.);
#401=ORIENTED_EDGE('',*,*,#742,.F.);
#402=ORIENTED_EDGE('',*,*,#743,.T.);
#403=ORIENTED_EDGE('',*,*,#744,.T.);
#404=ORIENTED_EDGE('',*,*,#745,.T.);
#405=ORIENTED_EDGE('',*,*,#746,.T.);
#406=ORIENTED_EDGE('',*,*,#720,.F.);
#407=ORIENTED_EDGE('',*,*,#747,.T.);
#408=ORIENTED_EDGE('',*,*,#683,.T.);
#409=ORIENTED_EDGE('',*,*,#748,.F.);
#410=ORIENTED_EDGE('',*,*,#749,.F.);
#411=ORIENTED_EDGE('',*,*,#734,.T.);
#412=ORIENTED_EDGE('',*,*,#682,.T.);
#413=ORIENTED_EDGE('',*,*,#750,.F.);
#414=ORIENTED_EDGE('',*,*,#751,.F.);
#415=ORIENTED_EDGE('',*,*,#748,.T.);
#416=ORIENTED_EDGE('',*,*,#681,.T.);
#417=ORIENTED_EDGE('',*,*,#718,.F.);
#418=ORIENTED_EDGE('',*,*,#752,.F.);
#419=ORIENTED_EDGE('',*,*,#750,.T.);
#420=ORIENTED_EDGE('',*,*,#679,.T.);
#421=ORIENTED_EDGE('',*,*,#753,.F.);
#422=ORIENTED_EDGE('',*,*,#747,.F.);
#423=ORIENTED_EDGE('',*,*,#719,.T.);
#424=ORIENTED_EDGE('',*,*,#678,.T.);
#425=ORIENTED_EDGE('',*,*,#754,.T.);
#426=ORIENTED_EDGE('',*,*,#755,.F.);
#427=ORIENTED_EDGE('',*,*,#756,.F.);
#428=ORIENTED_EDGE('',*,*,#757,.T.);
#429=ORIENTED_EDGE('',*,*,#758,.T.);
#430=ORIENTED_EDGE('',*,*,#685,.F.);
#431=ORIENTED_EDGE('',*,*,#658,.F.);
#432=ORIENTED_EDGE('',*,*,#759,.F.);
#433=ORIENTED_EDGE('',*,*,#672,.T.);
#434=ORIENTED_EDGE('',*,*,#671,.T.);
#435=ORIENTED_EDGE('',*,*,#706,.F.);
#436=ORIENTED_EDGE('',*,*,#760,.T.);
#437=ORIENTED_EDGE('',*,*,#730,.T.);
#438=ORIENTED_EDGE('',*,*,#761,.T.);
#439=ORIENTED_EDGE('',*,*,#762,.T.);
#440=ORIENTED_EDGE('',*,*,#763,.F.);
#441=ORIENTED_EDGE('',*,*,#764,.T.);
#442=ORIENTED_EDGE('',*,*,#765,.T.);
#443=ORIENTED_EDGE('',*,*,#713,.F.);
#444=ORIENTED_EDGE('',*,*,#766,.T.);
#445=ORIENTED_EDGE('',*,*,#745,.F.);
#446=ORIENTED_EDGE('',*,*,#753,.T.);
#447=ORIENTED_EDGE('',*,*,#767,.F.);
#448=ORIENTED_EDGE('',*,*,#690,.F.);
#449=ORIENTED_EDGE('',*,*,#768,.F.);
#450=ORIENTED_EDGE('',*,*,#769,.T.);
#451=ORIENTED_EDGE('',*,*,#756,.T.);
#452=ORIENTED_EDGE('',*,*,#770,.T.);
#453=ORIENTED_EDGE('',*,*,#771,.F.);
#454=ORIENTED_EDGE('',*,*,#772,.T.);
#455=ORIENTED_EDGE('',*,*,#687,.T.);
#456=ORIENTED_EDGE('',*,*,#773,.F.);
#457=ORIENTED_EDGE('',*,*,#774,.F.);
#458=ORIENTED_EDGE('',*,*,#768,.T.);
#459=ORIENTED_EDGE('',*,*,#689,.T.);
#460=ORIENTED_EDGE('',*,*,#775,.T.);
#461=ORIENTED_EDGE('',*,*,#686,.T.);
#462=ORIENTED_EDGE('',*,*,#758,.F.);
#463=ORIENTED_EDGE('',*,*,#776,.F.);
#464=ORIENTED_EDGE('',*,*,#773,.T.);
#465=ORIENTED_EDGE('',*,*,#695,.T.);
#466=ORIENTED_EDGE('',*,*,#693,.T.);
#467=ORIENTED_EDGE('',*,*,#691,.T.);
#468=ORIENTED_EDGE('',*,*,#746,.F.);
#469=ORIENTED_EDGE('',*,*,#766,.F.);
#470=ORIENTED_EDGE('',*,*,#712,.F.);
#471=ORIENTED_EDGE('',*,*,#721,.T.);
#472=ORIENTED_EDGE('',*,*,#673,.T.);
#473=ORIENTED_EDGE('',*,*,#759,.T.);
#474=ORIENTED_EDGE('',*,*,#657,.F.);
#475=ORIENTED_EDGE('',*,*,#655,.F.);
#476=ORIENTED_EDGE('',*,*,#733,.T.);
#477=ORIENTED_EDGE('',*,*,#777,.F.);
#478=ORIENTED_EDGE('',*,*,#778,.T.);
#479=ORIENTED_EDGE('',*,*,#779,.F.);
#480=ORIENTED_EDGE('',*,*,#780,.F.);
#481=ORIENTED_EDGE('',*,*,#781,.F.);
#482=ORIENTED_EDGE('',*,*,#782,.T.);
#483=ORIENTED_EDGE('',*,*,#783,.T.);
#484=ORIENTED_EDGE('',*,*,#779,.T.);
#485=ORIENTED_EDGE('',*,*,#784,.F.);
#486=ORIENTED_EDGE('',*,*,#785,.F.);
#487=ORIENTED_EDGE('',*,*,#786,.F.);
#488=ORIENTED_EDGE('',*,*,#787,.F.);
#489=ORIENTED_EDGE('',*,*,#788,.T.);
#490=ORIENTED_EDGE('',*,*,#789,.F.);
#491=ORIENTED_EDGE('',*,*,#741,.F.);
#492=ORIENTED_EDGE('',*,*,#738,.F.);
#493=ORIENTED_EDGE('',*,*,#782,.F.);
#494=ORIENTED_EDGE('',*,*,#790,.F.);
#495=ORIENTED_EDGE('',*,*,#763,.T.);
#496=ORIENTED_EDGE('',*,*,#791,.F.);
#497=ORIENTED_EDGE('',*,*,#788,.F.);
#498=ORIENTED_EDGE('',*,*,#761,.F.);
#499=ORIENTED_EDGE('',*,*,#729,.T.);
#500=ORIENTED_EDGE('',*,*,#792,.F.);
#501=ORIENTED_EDGE('',*,*,#743,.F.);
#502=ORIENTED_EDGE('',*,*,#793,.F.);
#503=ORIENTED_EDGE('',*,*,#792,.T.);
#504=ORIENTED_EDGE('',*,*,#728,.T.);
#505=ORIENTED_EDGE('',*,*,#744,.F.);
#506=ORIENTED_EDGE('',*,*,#785,.T.);
#507=ORIENTED_EDGE('',*,*,#762,.F.);
#508=ORIENTED_EDGE('',*,*,#793,.T.);
#509=ORIENTED_EDGE('',*,*,#742,.T.);
#510=ORIENTED_EDGE('',*,*,#789,.T.);
#511=ORIENTED_EDGE('',*,*,#791,.T.);
#512=ORIENTED_EDGE('',*,*,#764,.F.);
#513=ORIENTED_EDGE('',*,*,#790,.T.);
#514=ORIENTED_EDGE('',*,*,#787,.T.);
#515=ORIENTED_EDGE('',*,*,#781,.T.);
#516=ORIENTED_EDGE('',*,*,#794,.F.);
#517=ORIENTED_EDGE('',*,*,#723,.F.);
#518=ORIENTED_EDGE('',*,*,#795,.T.);
#519=ORIENTED_EDGE('',*,*,#783,.F.);
#520=ORIENTED_EDGE('',*,*,#737,.T.);
#521=ORIENTED_EDGE('',*,*,#796,.F.);
#522=ORIENTED_EDGE('',*,*,#707,.F.);
#523=ORIENTED_EDGE('',*,*,#714,.F.);
#524=ORIENTED_EDGE('',*,*,#765,.F.);
#525=ORIENTED_EDGE('',*,*,#794,.T.);
#526=ORIENTED_EDGE('',*,*,#784,.T.);
#527=ORIENTED_EDGE('',*,*,#778,.F.);
#528=ORIENTED_EDGE('',*,*,#797,.F.);
#529=ORIENTED_EDGE('',*,*,#780,.T.);
#530=ORIENTED_EDGE('',*,*,#795,.F.);
#531=ORIENTED_EDGE('',*,*,#722,.F.);
#532=ORIENTED_EDGE('',*,*,#710,.T.);
#533=ORIENTED_EDGE('',*,*,#716,.T.);
#534=ORIENTED_EDGE('',*,*,#786,.T.);
#535=ORIENTED_EDGE('',*,*,#731,.F.);
#536=ORIENTED_EDGE('',*,*,#760,.F.);
#537=ORIENTED_EDGE('',*,*,#705,.F.);
#538=ORIENTED_EDGE('',*,*,#704,.F.);
#539=ORIENTED_EDGE('',*,*,#703,.T.);
#540=ORIENTED_EDGE('',*,*,#798,.T.);
#541=ORIENTED_EDGE('',*,*,#732,.T.);
#542=ORIENTED_EDGE('',*,*,#798,.F.);
#543=ORIENTED_EDGE('',*,*,#702,.F.);
#544=ORIENTED_EDGE('',*,*,#667,.T.);
#545=ORIENTED_EDGE('',*,*,#736,.F.);
#546=ORIENTED_EDGE('',*,*,#799,.T.);
#547=ORIENTED_EDGE('',*,*,#725,.F.);
#548=ORIENTED_EDGE('',*,*,#799,.F.);
#549=ORIENTED_EDGE('',*,*,#735,.F.);
#550=ORIENTED_EDGE('',*,*,#740,.F.);
#551=ORIENTED_EDGE('',*,*,#726,.F.);
#552=ORIENTED_EDGE('',*,*,#769,.F.);
#553=ORIENTED_EDGE('',*,*,#774,.T.);
#554=ORIENTED_EDGE('',*,*,#776,.T.);
#555=ORIENTED_EDGE('',*,*,#757,.F.);
#556=ORIENTED_EDGE('',*,*,#749,.T.);
#557=ORIENTED_EDGE('',*,*,#751,.T.);
#558=ORIENTED_EDGE('',*,*,#752,.T.);
#559=ORIENTED_EDGE('',*,*,#717,.F.);
#560=ORIENTED_EDGE('',*,*,#777,.T.);
#561=ORIENTED_EDGE('',*,*,#797,.T.);
#562=ORIENTED_EDGE('',*,*,#715,.T.);
#563=ORIENTED_EDGE('',*,*,#708,.T.);
#564=ORIENTED_EDGE('',*,*,#796,.T.);
#565=ORIENTED_EDGE('',*,*,#800,.T.);
#566=ORIENTED_EDGE('',*,*,#801,.F.);
#567=ORIENTED_EDGE('',*,*,#802,.F.);
#568=ORIENTED_EDGE('',*,*,#803,.F.);
#569=ORIENTED_EDGE('',*,*,#804,.F.);
#570=ORIENTED_EDGE('',*,*,#805,.F.);
#571=ORIENTED_EDGE('',*,*,#806,.F.);
#572=ORIENTED_EDGE('',*,*,#800,.F.);
#573=ORIENTED_EDGE('',*,*,#802,.T.);
#574=ORIENTED_EDGE('',*,*,#807,.F.);
#575=ORIENTED_EDGE('',*,*,#808,.F.);
#576=ORIENTED_EDGE('',*,*,#809,.T.);
#577=ORIENTED_EDGE('',*,*,#801,.T.);
#578=ORIENTED_EDGE('',*,*,#810,.F.);
#579=ORIENTED_EDGE('',*,*,#811,.F.);
#580=ORIENTED_EDGE('',*,*,#807,.T.);
#581=ORIENTED_EDGE('',*,*,#806,.T.);
#582=ORIENTED_EDGE('',*,*,#812,.F.);
#583=ORIENTED_EDGE('',*,*,#813,.F.);
#584=ORIENTED_EDGE('',*,*,#810,.T.);
#585=ORIENTED_EDGE('',*,*,#805,.T.);
#586=ORIENTED_EDGE('',*,*,#814,.F.);
#587=ORIENTED_EDGE('',*,*,#815,.F.);
#588=ORIENTED_EDGE('',*,*,#812,.T.);
#589=ORIENTED_EDGE('',*,*,#804,.T.);
#590=ORIENTED_EDGE('',*,*,#816,.F.);
#591=ORIENTED_EDGE('',*,*,#817,.F.);
#592=ORIENTED_EDGE('',*,*,#814,.T.);
#593=ORIENTED_EDGE('',*,*,#803,.T.);
#594=ORIENTED_EDGE('',*,*,#809,.F.);
#595=ORIENTED_EDGE('',*,*,#818,.F.);
#596=ORIENTED_EDGE('',*,*,#816,.T.);
#597=ORIENTED_EDGE('',*,*,#699,.T.);
#598=ORIENTED_EDGE('',*,*,#808,.T.);
#599=ORIENTED_EDGE('',*,*,#811,.T.);
#600=ORIENTED_EDGE('',*,*,#813,.T.);
#601=ORIENTED_EDGE('',*,*,#815,.T.);
#602=ORIENTED_EDGE('',*,*,#817,.T.);
#603=ORIENTED_EDGE('',*,*,#818,.T.);
#604=ORIENTED_EDGE('',*,*,#656,.T.);
#605=ORIENTED_EDGE('',*,*,#819,.F.);
#606=ORIENTED_EDGE('',*,*,#696,.F.);
#607=ORIENTED_EDGE('',*,*,#819,.T.);
#608=ORIENTED_EDGE('',*,*,#661,.T.);
#609=ORIENTED_EDGE('',*,*,#820,.F.);
#610=ORIENTED_EDGE('',*,*,#694,.F.);
#611=ORIENTED_EDGE('',*,*,#820,.T.);
#612=ORIENTED_EDGE('',*,*,#662,.T.);
#613=ORIENTED_EDGE('',*,*,#821,.F.);
#614=ORIENTED_EDGE('',*,*,#692,.F.);
#615=ORIENTED_EDGE('',*,*,#821,.T.);
#616=ORIENTED_EDGE('',*,*,#822,.F.);
#617=ORIENTED_EDGE('',*,*,#676,.T.);
#618=ORIENTED_EDGE('',*,*,#822,.T.);
#619=ORIENTED_EDGE('',*,*,#823,.F.);
#620=ORIENTED_EDGE('',*,*,#675,.T.);
#621=ORIENTED_EDGE('',*,*,#823,.T.);
#622=ORIENTED_EDGE('',*,*,#771,.T.);
#623=ORIENTED_EDGE('',*,*,#824,.T.);
#624=ORIENTED_EDGE('',*,*,#824,.F.);
#625=ORIENTED_EDGE('',*,*,#775,.F.);
#626=ORIENTED_EDGE('',*,*,#688,.T.);
#627=ORIENTED_EDGE('',*,*,#772,.F.);
#628=ORIENTED_EDGE('',*,*,#755,.T.);
#629=ORIENTED_EDGE('',*,*,#825,.T.);
#630=ORIENTED_EDGE('',*,*,#770,.F.);
#631=ORIENTED_EDGE('',*,*,#677,.T.);
#632=ORIENTED_EDGE('',*,*,#767,.T.);
#633=ORIENTED_EDGE('',*,*,#825,.F.);
#634=ORIENTED_EDGE('',*,*,#754,.F.);
#635=ORIENTED_EDGE('',*,*,#826,.T.);
#636=ORIENTED_EDGE('',*,*,#674,.T.);
#637=ORIENTED_EDGE('',*,*,#826,.F.);
#638=ORIENTED_EDGE('',*,*,#663,.F.);
#639=ORIENTED_EDGE('',*,*,#827,.T.);
#640=ORIENTED_EDGE('',*,*,#827,.F.);
#641=ORIENTED_EDGE('',*,*,#654,.F.);
#642=ORIENTED_EDGE('',*,*,#828,.T.);
#643=ORIENTED_EDGE('',*,*,#828,.F.);
#644=ORIENTED_EDGE('',*,*,#664,.F.);
#645=ORIENTED_EDGE('',*,*,#829,.T.);
#646=ORIENTED_EDGE('',*,*,#829,.F.);
#647=ORIENTED_EDGE('',*,*,#653,.F.);
#648=ORIENTED_EDGE('',*,*,#830,.T.);
#649=ORIENTED_EDGE('',*,*,#830,.F.);
#650=ORIENTED_EDGE('',*,*,#665,.F.);
#651=ORIENTED_EDGE('',*,*,#831,.T.);
#652=ORIENTED_EDGE('',*,*,#831,.F.);
#653=EDGE_CURVE('',#832,#832,#962,.T.);
#654=EDGE_CURVE('',#833,#833,#963,.T.);
#655=EDGE_CURVE('',#834,#835,#257,.T.);
#656=EDGE_CURVE('',#835,#835,#964,.T.);
#657=EDGE_CURVE('',#835,#836,#258,.T.);
#658=EDGE_CURVE('',#836,#837,#71,.T.);
#659=EDGE_CURVE('',#838,#837,#259,.T.);
#660=EDGE_CURVE('',#834,#838,#72,.T.);
#661=EDGE_CURVE('',#839,#839,#965,.T.);
#662=EDGE_CURVE('',#840,#840,#966,.T.);
#663=EDGE_CURVE('',#841,#841,#967,.T.);
#664=EDGE_CURVE('',#842,#842,#968,.T.);
#665=EDGE_CURVE('',#843,#843,#969,.T.);
#666=EDGE_CURVE('',#844,#845,#970,.T.);
#667=EDGE_CURVE('',#846,#844,#971,.T.);
#668=EDGE_CURVE('',#847,#846,#972,.T.);
#669=EDGE_CURVE('',#847,#848,#973,.F.);
#670=EDGE_CURVE('',#848,#849,#974,.F.);
#671=EDGE_CURVE('',#850,#849,#975,.T.);
#672=EDGE_CURVE('',#851,#850,#976,.T.);
#673=EDGE_CURVE('',#845,#851,#977,.F.);
#674=EDGE_CURVE('',#852,#852,#978,.T.);
#675=EDGE_CURVE('',#853,#853,#260,.T.);
#676=EDGE_CURVE('',#854,#854,#261,.T.);
#677=EDGE_CURVE('',#855,#856,#262,.T.);
#678=EDGE_CURVE('',#857,#855,#73,.T.);
#679=EDGE_CURVE('',#858,#857,#263,.T.);
#680=EDGE_CURVE('',#858,#859,#74,.T.);
#681=EDGE_CURVE('',#860,#859,#75,.T.);
#682=EDGE_CURVE('',#861,#860,#76,.T.);
#683=EDGE_CURVE('',#862,#861,#77,.T.);
#684=EDGE_CURVE('',#838,#862,#78,.T.);
#685=EDGE_CURVE('',#837,#863,#79,.T.);
#686=EDGE_CURVE('',#864,#863,#80,.T.);
#687=EDGE_CURVE('',#865,#864,#81,.T.);
#688=EDGE_CURVE('',#866,#865,#264,.T.);
#689=EDGE_CURVE('',#867,#866,#82,.T.);
#690=EDGE_CURVE('',#867,#856,#83,.T.);
#691=EDGE_CURVE('',#868,#868,#979,.T.);
#692=EDGE_CURVE('',#869,#869,#265,.T.);
#693=EDGE_CURVE('',#870,#870,#980,.T.);
#694=EDGE_CURVE('',#871,#871,#266,.T.);
#695=EDGE_CURVE('',#872,#872,#981,.T.);
#696=EDGE_CURVE('',#873,#873,#267,.T.);
#697=EDGE_CURVE('',#874,#875,#982,.T.);
#698=EDGE_CURVE('',#875,#874,#983,.T.);
#699=EDGE_CURVE('',#876,#876,#268,.T.);
#700=EDGE_CURVE('',#875,#877,#84,.T.);
#701=EDGE_CURVE('',#847,#874,#85,.T.);
#702=EDGE_CURVE('',#846,#878,#86,.T.);
#703=EDGE_CURVE('',#877,#878,#87,.T.);
#704=EDGE_CURVE('',#877,#879,#88,.F.);
#705=EDGE_CURVE('',#879,#880,#269,.T.);
#706=EDGE_CURVE('',#880,#849,#984,.T.);
#707=EDGE_CURVE('',#881,#882,#985,.F.);
#708=EDGE_CURVE('',#883,#882,#986,.T.);
#709=EDGE_CURVE('',#884,#883,#987,.T.);
#710=EDGE_CURVE('',#885,#884,#270,.T.);
#711=EDGE_CURVE('',#885,#886,#988,.T.);
#712=EDGE_CURVE('',#886,#887,#271,.T.);
#713=EDGE_CURVE('',#887,#888,#89,.T.);
#714=EDGE_CURVE('',#888,#881,#989,.F.);
#715=EDGE_CURVE('',#889,#883,#990,.T.);
#716=EDGE_CURVE('',#884,#889,#90,.T.);
#717=EDGE_CURVE('',#890,#891,#91,.T.);
#718=EDGE_CURVE('',#891,#859,#92,.T.);
#719=EDGE_CURVE('',#892,#858,#93,.T.);
#720=EDGE_CURVE('',#892,#893,#94,.T.);
#721=EDGE_CURVE('',#886,#893,#95,.T.);
#722=EDGE_CURVE('',#885,#894,#96,.T.);
#723=EDGE_CURVE('',#894,#895,#97,.F.);
#724=EDGE_CURVE('',#896,#895,#991,.T.);
#725=EDGE_CURVE('',#896,#897,#98,.T.);
#726=EDGE_CURVE('',#897,#898,#99,.T.);
#727=EDGE_CURVE('',#899,#898,#100,.T.);
#728=EDGE_CURVE('',#900,#899,#992,.T.);
#729=EDGE_CURVE('',#901,#900,#15,.F.);
#730=EDGE_CURVE('',#902,#901,#101,.T.);
#731=EDGE_CURVE('',#902,#903,#102,.T.);
#732=EDGE_CURVE('',#844,#903,#993,.T.);
#733=EDGE_CURVE('',#834,#845,#103,.T.);
#734=EDGE_CURVE('',#890,#862,#104,.T.);
#735=EDGE_CURVE('',#904,#905,#994,.T.);
#736=EDGE_CURVE('',#905,#896,#995,.T.);
#737=EDGE_CURVE('',#906,#895,#272,.F.);
#738=EDGE_CURVE('',#906,#907,#996,.F.);
#739=EDGE_CURVE('',#904,#907,#273,.T.);
#740=EDGE_CURVE('',#898,#904,#105,.T.);
#741=EDGE_CURVE('',#907,#908,#106,.T.);
#742=EDGE_CURVE('',#909,#908,#107,.T.);
#743=EDGE_CURVE('',#909,#910,#108,.F.);
#744=EDGE_CURVE('',#910,#899,#274,.F.);
#745=EDGE_CURVE('',#911,#912,#109,.T.);
#746=EDGE_CURVE('',#912,#893,#275,.F.);
#747=EDGE_CURVE('',#892,#911,#276,.T.);
#748=EDGE_CURVE('',#913,#861,#110,.T.);
#749=EDGE_CURVE('',#890,#913,#111,.T.);
#750=EDGE_CURVE('',#914,#860,#112,.T.);
#751=EDGE_CURVE('',#913,#914,#113,.T.);
#752=EDGE_CURVE('',#914,#891,#114,.T.);
#753=EDGE_CURVE('',#911,#857,#115,.T.);
#754=EDGE_CURVE('',#855,#915,#116,.F.);
#755=EDGE_CURVE('',#916,#915,#117,.T.);
#756=EDGE_CURVE('',#917,#916,#118,.T.);
#757=EDGE_CURVE('',#917,#918,#119,.T.);
#758=EDGE_CURVE('',#918,#863,#120,.T.);
#759=EDGE_CURVE('',#851,#836,#121,.T.);
#760=EDGE_CURVE('',#880,#902,#122,.T.);
#761=EDGE_CURVE('',#901,#919,#123,.F.);
#762=EDGE_CURVE('',#919,#920,#124,.T.);
#763=EDGE_CURVE('',#921,#920,#997,.T.);
#764=EDGE_CURVE('',#921,#922,#125,.T.);
#765=EDGE_CURVE('',#922,#888,#126,.T.);
#766=EDGE_CURVE('',#887,#912,#127,.T.);
#767=EDGE_CURVE('',#856,#923,#128,.F.);
#768=EDGE_CURVE('',#924,#867,#129,.T.);
#769=EDGE_CURVE('',#924,#917,#130,.T.);
#770=EDGE_CURVE('',#916,#923,#131,.T.);
#771=EDGE_CURVE('',#925,#926,#132,.T.);
#772=EDGE_CURVE('',#925,#865,#133,.T.);
#773=EDGE_CURVE('',#927,#864,#134,.T.);
#774=EDGE_CURVE('',#924,#927,#135,.T.);
#775=EDGE_CURVE('',#866,#926,#136,.F.);
#776=EDGE_CURVE('',#927,#918,#137,.T.);
#777=EDGE_CURVE('',#928,#929,#998,.T.);
#778=EDGE_CURVE('',#928,#930,#138,.T.);
#779=EDGE_CURVE('',#931,#930,#139,.T.);
#780=EDGE_CURVE('',#929,#931,#140,.T.);
#781=EDGE_CURVE('',#932,#933,#141,.T.);
#782=EDGE_CURVE('',#932,#906,#142,.F.);
#783=EDGE_CURVE('',#906,#931,#143,.T.);
#784=EDGE_CURVE('',#933,#930,#144,.F.);
#785=EDGE_CURVE('',#934,#934,#16,.T.);
#786=EDGE_CURVE('',#935,#935,#277,.T.);
#787=EDGE_CURVE('',#936,#932,#999,.T.);
#788=EDGE_CURVE('',#936,#937,#1000,.T.);
#789=EDGE_CURVE('',#908,#937,#17,.F.);
#790=EDGE_CURVE('',#921,#936,#18,.F.);
#791=EDGE_CURVE('',#937,#920,#19,.F.);
#792=EDGE_CURVE('',#910,#900,#278,.T.);
#793=EDGE_CURVE('',#919,#909,#20,.F.);
#794=EDGE_CURVE('',#922,#933,#279,.F.);
#795=EDGE_CURVE('',#894,#931,#280,.T.);
#796=EDGE_CURVE('',#882,#928,#1001,.T.);
#797=EDGE_CURVE('',#929,#889,#1002,.T.);
#798=EDGE_CURVE('',#878,#903,#281,.F.);
#799=EDGE_CURVE('',#905,#897,#145,.T.);
#800=EDGE_CURVE('',#938,#938,#21,.T.);
#801=EDGE_CURVE('',#939,#940,#146,.T.);
#802=EDGE_CURVE('',#941,#939,#147,.T.);
#803=EDGE_CURVE('',#942,#941,#148,.T.);
#804=EDGE_CURVE('',#943,#942,#149,.T.);
#805=EDGE_CURVE('',#944,#943,#150,.T.);
#806=EDGE_CURVE('',#940,#944,#151,.T.);
#807=EDGE_CURVE('',#945,#939,#152,.T.);
#808=EDGE_CURVE('',#946,#945,#153,.T.);
#809=EDGE_CURVE('',#946,#941,#154,.T.);
#810=EDGE_CURVE('',#947,#940,#155,.T.);
#811=EDGE_CURVE('',#945,#947,#156,.T.);
#812=EDGE_CURVE('',#948,#944,#157,.T.);
#813=EDGE_CURVE('',#947,#948,#158,.T.);
#814=EDGE_CURVE('',#949,#943,#159,.T.);
#815=EDGE_CURVE('',#948,#949,#160,.T.);
#816=EDGE_CURVE('',#950,#942,#161,.T.);
#817=EDGE_CURVE('',#949,#950,#162,.T.);
#818=EDGE_CURVE('',#950,#946,#163,.T.);
#819=EDGE_CURVE('',#951,#951,#282,.T.);
#820=EDGE_CURVE('',#952,#952,#283,.T.);
#821=EDGE_CURVE('',#953,#953,#284,.T.);
#822=EDGE_CURVE('',#954,#954,#285,.T.);
#823=EDGE_CURVE('',#955,#955,#286,.T.);
#824=EDGE_CURVE('',#926,#925,#287,.T.);
#825=EDGE_CURVE('',#915,#923,#288,.T.);
#826=EDGE_CURVE('',#956,#956,#289,.T.);
#827=EDGE_CURVE('',#957,#957,#290,.T.);
#828=EDGE_CURVE('',#958,#958,#291,.T.);
#829=EDGE_CURVE('',#959,#959,#292,.T.);
#830=EDGE_CURVE('',#960,#960,#293,.T.);
#831=EDGE_CURVE('',#961,#961,#294,.T.);
#832=VERTEX_POINT('',#1797);
#833=VERTEX_POINT('',#1809);
#834=VERTEX_POINT('',#1811);
#835=VERTEX_POINT('',#1812);
#836=VERTEX_POINT('',#1831);
#837=VERTEX_POINT('',#1833);
#838=VERTEX_POINT('',#1835);
#839=VERTEX_POINT('',#1855);
#840=VERTEX_POINT('',#1874);
#841=VERTEX_POINT('',#1886);
#842=VERTEX_POINT('',#1898);
#843=VERTEX_POINT('',#1910);
#844=VERTEX_POINT('',#2003);
#845=VERTEX_POINT('',#2004);
#846=VERTEX_POINT('',#2009);
#847=VERTEX_POINT('',#2014);
#848=VERTEX_POINT('',#2022);
#849=VERTEX_POINT('',#2029);
#850=VERTEX_POINT('',#2034);
#851=VERTEX_POINT('',#2039);
#852=VERTEX_POINT('',#2066);
#853=VERTEX_POINT('',#2069);
#854=VERTEX_POINT('',#2071);
#855=VERTEX_POINT('',#2073);
#856=VERTEX_POINT('',#2074);
#857=VERTEX_POINT('',#2076);
#858=VERTEX_POINT('',#2078);
#859=VERTEX_POINT('',#2080);
#860=VERTEX_POINT('',#2082);
#861=VERTEX_POINT('',#2084);
#862=VERTEX_POINT('',#2086);
#863=VERTEX_POINT('',#2089);
#864=VERTEX_POINT('',#2091);
#865=VERTEX_POINT('',#2093);
#866=VERTEX_POINT('',#2095);
#867=VERTEX_POINT('',#2097);
#868=VERTEX_POINT('',#2111);
#869=VERTEX_POINT('',#2113);
#870=VERTEX_POINT('',#2126);
#871=VERTEX_POINT('',#2128);
#872=VERTEX_POINT('',#2141);
#873=VERTEX_POINT('',#2143);
#874=VERTEX_POINT('',#2156);
#875=VERTEX_POINT('',#2157);
#876=VERTEX_POINT('',#2164);
#877=VERTEX_POINT('',#2178);
#878=VERTEX_POINT('',#2181);
#879=VERTEX_POINT('',#2244);
#880=VERTEX_POINT('',#2246);
#881=VERTEX_POINT('',#2291);
#882=VERTEX_POINT('',#2292);
#883=VERTEX_POINT('',#2300);
#884=VERTEX_POINT('',#2305);
#885=VERTEX_POINT('',#2307);
#886=VERTEX_POINT('',#2312);
#887=VERTEX_POINT('',#2314);
#888=VERTEX_POINT('',#2316);
#889=VERTEX_POINT('',#2327);
#890=VERTEX_POINT('',#2331);
#891=VERTEX_POINT('',#2332);
#892=VERTEX_POINT('',#2335);
#893=VERTEX_POINT('',#2337);
#894=VERTEX_POINT('',#2340);
#895=VERTEX_POINT('',#2342);
#896=VERTEX_POINT('',#2347);
#897=VERTEX_POINT('',#2349);
#898=VERTEX_POINT('',#2351);
#899=VERTEX_POINT('',#2353);
#900=VERTEX_POINT('',#2358);
#901=VERTEX_POINT('',#2360);
#902=VERTEX_POINT('',#2362);
#903=VERTEX_POINT('',#2364);
#904=VERTEX_POINT('',#2376);
#905=VERTEX_POINT('',#2377);
#906=VERTEX_POINT('',#2389);
#907=VERTEX_POINT('',#2404);
#908=VERTEX_POINT('',#2409);
#909=VERTEX_POINT('',#2411);
#910=VERTEX_POINT('',#2413);
#911=VERTEX_POINT('',#2417);
#912=VERTEX_POINT('',#2418);
#913=VERTEX_POINT('',#2423);
#914=VERTEX_POINT('',#2427);
#915=VERTEX_POINT('',#2435);
#916=VERTEX_POINT('',#2437);
#917=VERTEX_POINT('',#2439);
#918=VERTEX_POINT('',#2441);
#919=VERTEX_POINT('',#2446);
#920=VERTEX_POINT('',#2448);
#921=VERTEX_POINT('',#2454);
#922=VERTEX_POINT('',#2456);
#923=VERTEX_POINT('',#2461);
#924=VERTEX_POINT('',#2463);
#925=VERTEX_POINT('',#2468);
#926=VERTEX_POINT('',#2469);
#927=VERTEX_POINT('',#2472);
#928=VERTEX_POINT('',#2495);
#929=VERTEX_POINT('',#2496);
#930=VERTEX_POINT('',#2498);
#931=VERTEX_POINT('',#2500);
#932=VERTEX_POINT('',#2504);
#933=VERTEX_POINT('',#2505);
#934=VERTEX_POINT('',#2511);
#935=VERTEX_POINT('',#2513);
#936=VERTEX_POINT('',#2520);
#937=VERTEX_POINT('',#2540);
#938=VERTEX_POINT('',#2740);
#939=VERTEX_POINT('',#2743);
#940=VERTEX_POINT('',#2744);
#941=VERTEX_POINT('',#2746);
#942=VERTEX_POINT('',#2748);
#943=VERTEX_POINT('',#2750);
#944=VERTEX_POINT('',#2752);
#945=VERTEX_POINT('',#2756);
#946=VERTEX_POINT('',#2758);
#947=VERTEX_POINT('',#2762);
#948=VERTEX_POINT('',#2766);
#949=VERTEX_POINT('',#2770);
#950=VERTEX_POINT('',#2774);
#951=VERTEX_POINT('',#2781);
#952=VERTEX_POINT('',#2785);
#953=VERTEX_POINT('',#2789);
#954=VERTEX_POINT('',#2793);
#955=VERTEX_POINT('',#2797);
#956=VERTEX_POINT('',#2807);
#957=VERTEX_POINT('',#2811);
#958=VERTEX_POINT('',#2815);
#959=VERTEX_POINT('',#2819);
#960=VERTEX_POINT('',#2823);
#961=VERTEX_POINT('',#2827);
#962=B_SPLINE_CURVE_WITH_KNOTS('',3,(#1786,#1787,#1788,#1789,#1790,#1791,
#1792,#1793,#1794,#1795,#1796),.UNSPECIFIED.,.T.,.F.,(1,1,1,1,1,1,1,1,1,
1,1,1,1,1,1),(-0.00351950932134992,-0.00234633954756661,-0.00117316977378331,
0.,0.00117316977378331,0.00234633954756661,0.00351950932134992,0.00469267909513322,
0.00586584886891653,0.00703901864269983,0.00821218841648314,0.00938535819026644,
0.0105585279640498,0.0117316977378331,0.0129048675116164),.UNSPECIFIED.);
#963=B_SPLINE_CURVE_WITH_KNOTS('',3,(#1798,#1799,#1800,#1801,#1802,#1803,
#1804,#1805,#1806,#1807,#1808),.UNSPECIFIED.,.T.,.F.,(1,1,1,1,1,1,1,1,1,
1,1,1,1,1,1),(-0.00351950932134992,-0.00234633954756661,-0.00117316977378331,
0.,0.00117316977378331,0.00234633954756661,0.00351950932134992,0.00469267909513322,
0.00586584886891653,0.00703901864269983,0.00821218841648314,0.00938535819026644,
0.0105585279640498,0.0117316977378331,0.0129048675116164),.UNSPECIFIED.);
#964=B_SPLINE_CURVE_WITH_KNOTS('',3,(#1813,#1814,#1815,#1816,#1817,#1818,
#1819,#1820,#1821,#1822,#1823,#1824,#1825,#1826,#1827,#1828,#1829),
 .UNSPECIFIED.,.T.,.F.,(1,1,1,1,1,1,1,1,1,1,1,1,1,1,1,1,1,1,1,1,1),(-0.00791579014240595,
-0.00395789507120298,-0.00197894753560149,0.,0.00197894753560149,0.00395789507120298,
0.00593684260680446,0.00791579014240595,0.00989473767800744,0.0118736852136089,
0.0138526327492104,0.0158315802848119,0.0178105278204134,0.0197894753560149,
0.0237473704272179,0.0277052654984208,0.0296842130340223,0.0316631605696238,
0.0336421081052253,0.0356210556408268,0.0376000031764283),.UNSPECIFIED.);
#965=B_SPLINE_CURVE_WITH_KNOTS('',3,(#1837,#1838,#1839,#1840,#1841,#1842,
#1843,#1844,#1845,#1846,#1847,#1848,#1849,#1850,#1851,#1852,#1853,#1854),
 .UNSPECIFIED.,.T.,.F.,(1,1,1,1,1,1,1,1,1,1,1,1,1,1,1,1,1,1,1,1,1,1),(-0.00594080376851288,
-0.00396053584567525,-0.00198026792283763,0.,0.00396053584567525,0.00594080376851288,
0.00792107169135051,0.00990133961418814,0.0118816075370258,0.0138618754598634,
0.015842143382701,0.0178224113055386,0.0198026792283763,0.0217829471512139,
0.0237632150740515,0.0257434829968892,0.0277237509197268,0.0297040188425644,
0.031684286765402,0.0356448226110773,0.0376250905339149,0.0396053584567525),
 .UNSPECIFIED.);
#966=B_SPLINE_CURVE_WITH_KNOTS('',3,(#1856,#1857,#1858,#1859,#1860,#1861,
#1862,#1863,#1864,#1865,#1866,#1867,#1868,#1869,#1870,#1871,#1872,#1873),
 .UNSPECIFIED.,.T.,.F.,(1,1,1,1,1,1,1,1,1,1,1,1,1,1,1,1,1,1,1,1,1,1),(-0.00594080376851289,
-0.00396053584567526,-0.00198026792283763,0.,0.00396053584567526,0.00594080376851289,
0.00792107169135052,0.00990133961418815,0.0118816075370258,0.0138618754598634,
0.015842143382701,0.0178224113055387,0.0198026792283763,0.0217829471512139,
0.0237632150740516,0.0257434829968892,0.0277237509197268,0.0297040188425644,
0.0316842867654021,0.0356448226110773,0.037625090533915,0.0396053584567526),
 .UNSPECIFIED.);
#967=B_SPLINE_CURVE_WITH_KNOTS('',3,(#1875,#1876,#1877,#1878,#1879,#1880,
#1881,#1882,#1883,#1884,#1885),.UNSPECIFIED.,.T.,.F.,(1,1,1,1,1,1,1,1,1,
1,1,1,1,1,1),(-0.00351950932134992,-0.00234633954756661,-0.00117316977378331,
0.,0.00117316977378331,0.00234633954756661,0.00351950932134992,0.00469267909513322,
0.00586584886891653,0.00703901864269983,0.00821218841648314,0.00938535819026644,
0.0105585279640498,0.0117316977378331,0.0129048675116164),.UNSPECIFIED.);
#968=B_SPLINE_CURVE_WITH_KNOTS('',3,(#1887,#1888,#1889,#1890,#1891,#1892,
#1893,#1894,#1895,#1896,#1897),.UNSPECIFIED.,.T.,.F.,(1,1,1,1,1,1,1,1,1,
1,1,1,1,1,1),(-0.00351950932134991,-0.0023463395475666,-0.0011731697737833,
0.,0.0011731697737833,0.0023463395475666,0.00351950932134991,0.00469267909513321,
0.00586584886891651,0.00703901864269981,0.00821218841648311,0.00938535819026641,
0.0105585279640497,0.011731697737833,0.0129048675116163),.UNSPECIFIED.);
#969=B_SPLINE_CURVE_WITH_KNOTS('',3,(#1899,#1900,#1901,#1902,#1903,#1904,
#1905,#1906,#1907,#1908,#1909),.UNSPECIFIED.,.T.,.F.,(1,1,1,1,1,1,1,1,1,
1,1,1,1,1,1),(-0.00351950932134992,-0.00234633954756661,-0.00117316977378331,
0.,0.00117316977378331,0.00234633954756661,0.00351950932134992,0.00469267909513322,
0.00586584886891653,0.00703901864269984,0.00821218841648314,0.00938535819026645,
0.0105585279640498,0.0117316977378331,0.0129048675116164),.UNSPECIFIED.);
#970=B_SPLINE_CURVE_WITH_KNOTS('',3,(#1999,#2000,#2001,#2002),
 .UNSPECIFIED.,.F.,.F.,(4,4),(0.00084572888205699,0.0178637273146089),
 .UNSPECIFIED.);
#971=B_SPLINE_CURVE_WITH_KNOTS('',3,(#2005,#2006,#2007,#2008),
 .UNSPECIFIED.,.F.,.F.,(4,4),(0.0467706441622383,0.0539877057864651),
 .UNSPECIFIED.);
#972=B_SPLINE_CURVE_WITH_KNOTS('',3,(#2010,#2011,#2012,#2013),
 .UNSPECIFIED.,.F.,.F.,(4,4),(0.0402030047635359,0.0467706441622383),
 .UNSPECIFIED.);
#973=B_SPLINE_CURVE_WITH_KNOTS('',3,(#2015,#2016,#2017,#2018,#2019,#2020,
#2021),.UNSPECIFIED.,.F.,.F.,(4,1,1,1,4),(0.026420594715468,0.029866197227485,
0.0333117997395019,0.0367574022515189,0.0402030047635359),.UNSPECIFIED.);
#974=B_SPLINE_CURVE_WITH_KNOTS('',3,(#2023,#2024,#2025,#2026,#2027,#2028),
 .UNSPECIFIED.,.F.,.F.,(4,1,1,4),(0.0130999058279203,0.0164300780498072,
0.0197602502716941,0.026420594715468),.UNSPECIFIED.);
#975=B_SPLINE_CURVE_WITH_KNOTS('',3,(#2030,#2031,#2032,#2033),
 .UNSPECIFIED.,.F.,.F.,(4,4),(0.000428018914535701,0.0171376779438765),
 .UNSPECIFIED.);
#976=B_SPLINE_CURVE_WITH_KNOTS('',3,(#2035,#2036,#2037,#2038),
 .UNSPECIFIED.,.F.,.F.,(4,4),(0.000105681376040162,0.000428018914535701),
 .UNSPECIFIED.);
#977=B_SPLINE_CURVE_WITH_KNOTS('',3,(#2040,#2041,#2042,#2043,#2044,#2045,
#2046,#2047,#2048,#2049,#2050,#2051,#2052,#2053,#2054),.UNSPECIFIED.,.F.,
 .F.,(4,1,1,1,1,1,1,1,1,1,1,1,4),(0.0174720337548815,0.0226524121403412,
0.025242601333071,0.0278327905258009,0.0304229797185307,0.0330131689112606,
0.0381935472967203,0.0433739256821799,0.0485543040676396,0.0511444932603695,
0.0537346824530993,0.0563248716458292,0.058915060838559),.UNSPECIFIED.);
#978=B_SPLINE_CURVE_WITH_KNOTS('',3,(#2055,#2056,#2057,#2058,#2059,#2060,
#2061,#2062,#2063,#2064,#2065),.UNSPECIFIED.,.T.,.F.,(1,1,1,1,1,1,1,1,1,
1,1,1,1,1,1),(-0.00352308483980981,-0.00234872322653988,-0.00117436161326994,
2.16840434497101E-19,0.00117436161326994,0.00234872322653988,0.00352308483980981,
0.00469744645307975,0.00587180806634969,0.00704616967961963,0.00822053129288956,
0.0093948929061595,0.0105692545194294,0.0117436161326994,0.0129179777459693),
 .UNSPECIFIED.);
#979=B_SPLINE_CURVE_WITH_KNOTS('',3,(#2100,#2101,#2102,#2103,#2104,#2105,
#2106,#2107,#2108,#2109,#2110),.UNSPECIFIED.,.T.,.F.,(1,1,1,1,1,1,1,1,1,
1,1,1,1,1,1),(-0.00855262521004574,-0.00570175014003049,-0.00285087507001525,
0.,0.00285087507001525,0.00570175014003049,0.00855262521004574,0.011403500280061,
0.0142543753500762,0.0171052504200915,0.0199561254901067,0.022807000560122,
0.0256578756301372,0.0285087507001525,0.0313596257701677),.UNSPECIFIED.);
#980=B_SPLINE_CURVE_WITH_KNOTS('',3,(#2115,#2116,#2117,#2118,#2119,#2120,
#2121,#2122,#2123,#2124,#2125),.UNSPECIFIED.,.T.,.F.,(1,1,1,1,1,1,1,1,1,
1,1,1,1,1,1),(-0.00855262521004574,-0.00570175014003049,-0.00285087507001525,
0.,0.00285087507001525,0.00570175014003049,0.00855262521004574,0.011403500280061,
0.0142543753500762,0.0171052504200915,0.0199561254901067,0.022807000560122,
0.0256578756301372,0.0285087507001525,0.0313596257701677),.UNSPECIFIED.);
#981=B_SPLINE_CURVE_WITH_KNOTS('',3,(#2130,#2131,#2132,#2133,#2134,#2135,
#2136,#2137,#2138,#2139,#2140),.UNSPECIFIED.,.T.,.F.,(1,1,1,1,1,1,1,1,1,
1,1,1,1,1,1),(-0.00855262521004573,-0.00570175014003048,-0.00285087507001524,
0.,0.00285087507001524,0.00570175014003048,0.00855262521004573,0.011403500280061,
0.0142543753500762,0.0171052504200915,0.0199561254901067,0.0228070005601219,
0.0256578756301372,0.0285087507001524,0.0313596257701677),.UNSPECIFIED.);
#982=B_SPLINE_CURVE_WITH_KNOTS('',3,(#2145,#2146,#2147,#2148,#2149,#2150,
#2151,#2152,#2153,#2154,#2155),.UNSPECIFIED.,.F.,.F.,(4,1,1,1,1,1,1,1,4),
(0.,0.00285384719932611,0.00570769439865221,0.00856154159797832,0.0114153887973044,
0.0142692359966305,0.0171230831959566,0.0199769303952827,0.0228307775946088),
 .UNSPECIFIED.);
#983=B_SPLINE_CURVE_WITH_KNOTS('',3,(#2158,#2159,#2160,#2161,#2162),
 .UNSPECIFIED.,.F.,.F.,(4,1,4),(0.,0.0036816102176928,0.0073632204353856),
 .UNSPECIFIED.);
#984=B_SPLINE_CURVE_WITH_KNOTS('',3,(#2247,#2248,#2249,#2250),
 .UNSPECIFIED.,.F.,.F.,(4,4),(0.,0.0283533766529514),.UNSPECIFIED.);
#985=B_SPLINE_CURVE_WITH_KNOTS('',3,(#2287,#2288,#2289,#2290),
 .UNSPECIFIED.,.F.,.F.,(4,4),(0.623132315289071,0.635772388840651),
 .UNSPECIFIED.);
#986=B_SPLINE_CURVE_WITH_KNOTS('',3,(#2293,#2294,#2295,#2296,#2297,#2298,
#2299),.UNSPECIFIED.,.F.,.F.,(4,1,1,1,4),(7.04175777592391E-9,0.00556322761899418,
0.0111264481962306,0.016689668773467,0.0222528893507034),.UNSPECIFIED.);
#987=B_SPLINE_CURVE_WITH_KNOTS('',3,(#2301,#2302,#2303,#2304),
 .UNSPECIFIED.,.F.,.F.,(4,4),(0.212480182366241,0.214403796242273),
 .UNSPECIFIED.);
#988=B_SPLINE_CURVE_WITH_KNOTS('',3,(#2308,#2309,#2310,#2311),
 .UNSPECIFIED.,.F.,.F.,(4,4),(0.,0.0170256909746149),.UNSPECIFIED.);
#989=B_SPLINE_CURVE_WITH_KNOTS('',3,(#2317,#2318,#2319,#2320,#2321),
 .UNSPECIFIED.,.F.,.F.,(4,1,4),(0.635772388840651,0.817886194420326,1.),
 .UNSPECIFIED.);
#990=B_SPLINE_CURVE_WITH_KNOTS('',3,(#2323,#2324,#2325,#2326),
 .UNSPECIFIED.,.F.,.F.,(4,4),(0.,0.000115158659146218),.UNSPECIFIED.);
#991=B_SPLINE_CURVE_WITH_KNOTS('',3,(#2343,#2344,#2345,#2346),
 .UNSPECIFIED.,.F.,.F.,(4,4),(0.0109578193231883,0.0131120381250788),
 .UNSPECIFIED.);
#992=B_SPLINE_CURVE_WITH_KNOTS('',3,(#2354,#2355,#2356,#2357),
 .UNSPECIFIED.,.F.,.F.,(4,4),(2.83318501445628E-7,0.000198033394063499),
 .UNSPECIFIED.);
#993=B_SPLINE_CURVE_WITH_KNOTS('',3,(#2365,#2366,#2367,#2368),
 .UNSPECIFIED.,.F.,.F.,(4,4),(0.,0.028387966194599),.UNSPECIFIED.);
#994=B_SPLINE_CURVE_WITH_KNOTS('',3,(#2372,#2373,#2374,#2375),
 .UNSPECIFIED.,.F.,.F.,(4,4),(0.00768844125902093,0.00773447792774481),
 .UNSPECIFIED.);
#995=B_SPLINE_CURVE_WITH_KNOTS('',3,(#2378,#2379,#2380,#2381,#2382,#2383,
#2384,#2385,#2386,#2387),.UNSPECIFIED.,.F.,.F.,(4,1,1,1,1,1,1,4),(3.87413928448138E-6,
0.000632405321200799,0.00126093650311712,0.00251799886694975,0.00377506123078239,
0.00503212359461502,0.00754624832228029,0.0100603730499456),
 .UNSPECIFIED.);
#996=B_SPLINE_CURVE_WITH_KNOTS('',3,(#2390,#2391,#2392,#2393,#2394,#2395,
#2396,#2397,#2398,#2399,#2400,#2401,#2402,#2403),.UNSPECIFIED.,.F.,.F.,
(4,1,1,1,1,1,1,1,1,1,1,4),(0.,0.125,0.25,0.375,0.4375,0.46875,0.5,0.53125,
0.5625,0.625,0.75,1.),.UNSPECIFIED.);
#997=B_SPLINE_CURVE_WITH_KNOTS('',3,(#2449,#2450,#2451,#2452,#2453),
 .UNSPECIFIED.,.F.,.F.,(4,1,4),(0.,0.00106195852042721,0.00212391704085441),
 .UNSPECIFIED.);
#998=B_SPLINE_CURVE_WITH_KNOTS('',3,(#2491,#2492,#2493,#2494),
 .UNSPECIFIED.,.F.,.F.,(4,4),(0.,0.00412100009557869),.UNSPECIFIED.);
#999=B_SPLINE_CURVE_WITH_KNOTS('',3,(#2515,#2516,#2517,#2518,#2519),
 .UNSPECIFIED.,.F.,.F.,(4,1,4),(0.540246752197389,0.770123376098695,1.),
 .UNSPECIFIED.);
#1000=B_SPLINE_CURVE_WITH_KNOTS('',3,(#2521,#2522,#2523,#2524,#2525,#2526,
#2527,#2528,#2529,#2530,#2531,#2532,#2533,#2534,#2535,#2536,#2537,#2538,
#2539),.UNSPECIFIED.,.F.,.F.,(4,1,1,1,1,1,1,1,1,1,1,1,1,1,1,1,4),(0.,0.000377828109303839,
0.000755656218607679,0.00113348432791152,0.00151131243721536,0.0018891405465192,
0.00226696865582304,0.00302262487443072,0.00377828109303839,0.00453393731164607,
0.00604524974886143,0.00755656218607679,0.00906787462329215,0.00982353084189982,
0.0105791870605075,0.0113348432791152,0.0120904994977229),.UNSPECIFIED.);
#1001=B_SPLINE_CURVE_WITH_KNOTS('',3,(#2634,#2635,#2636,#2637,#2638,#2639,
#2640,#2641,#2642,#2643,#2644,#2645,#2646,#2647,#2648,#2649,#2650),
 .UNSPECIFIED.,.F.,.F.,(4,1,1,1,1,1,1,1,1,1,1,1,1,1,4),(0.,0.0025727373902488,
0.00514547478049761,0.00771821217074641,0.0102909495609952,0.012863686951244,
0.0154364243414928,0.0180091617317416,0.0205818991219904,0.0231546365122392,
0.025727373902488,0.0283001112927369,0.0308728486829857,0.0360183234634833,
0.0411637982439809),.UNSPECIFIED.);
#1002=B_SPLINE_CURVE_WITH_KNOTS('',3,(#2671,#2672,#2673,#2674,#2675,#2676,
#2677,#2678,#2679,#2680,#2681),.UNSPECIFIED.,.F.,.F.,(4,1,1,1,1,1,1,1,4),
(0.,0.00307279983731039,0.00614559967462079,0.00921839951193118,0.0122911993492416,
0.015363999186552,0.0184367990238624,0.0215095988611728,0.0245823986984832),
 .UNSPECIFIED.);
#1003=EDGE_LOOP('',(#295));
#1004=EDGE_LOOP('',(#296));
#1005=EDGE_LOOP('',(#297,#298,#299,#300,#301,#302));
#1006=EDGE_LOOP('',(#303));
#1007=EDGE_LOOP('',(#304));
#1008=EDGE_LOOP('',(#305));
#1009=EDGE_LOOP('',(#306));
#1010=EDGE_LOOP('',(#307));
#1011=EDGE_LOOP('',(#308,#309,#310,#311,#312,#313,#314,#315));
#1012=EDGE_LOOP('',(#316));
#1013=EDGE_LOOP('',(#317));
#1014=EDGE_LOOP('',(#318));
#1015=EDGE_LOOP('',(#319,#320,#321,#322,#323,#324,#325,#326,#327,#328,#329,
#330,#331,#332,#333));
#1016=EDGE_LOOP('',(#334));
#1017=EDGE_LOOP('',(#335));
#1018=EDGE_LOOP('',(#336));
#1019=EDGE_LOOP('',(#337));
#1020=EDGE_LOOP('',(#338));
#1021=EDGE_LOOP('',(#339));
#1022=EDGE_LOOP('',(#340,#341));
#1023=EDGE_LOOP('',(#342));
#1024=EDGE_LOOP('',(#343,#344,#345,#346,#347,#348));
#1025=EDGE_LOOP('',(#349,#350,#351,#352,#353,#354,#355,#356));
#1026=EDGE_LOOP('',(#357,#358,#359,#360,#361,#362,#363,#364));
#1027=EDGE_LOOP('',(#365,#366,#367));
#1028=EDGE_LOOP('',(#368,#369,#370,#371,#372,#373,#374,#375,#376,#377,#378,
#379,#380,#381,#382,#383,#384,#385,#386,#387,#388,#389,#390));
#1029=EDGE_LOOP('',(#391,#392,#393,#394,#395,#396));
#1030=EDGE_LOOP('',(#397,#398,#399,#400,#401,#402,#403));
#1031=EDGE_LOOP('',(#404,#405,#406,#407));
#1032=EDGE_LOOP('',(#408,#409,#410,#411));
#1033=EDGE_LOOP('',(#412,#413,#414,#415));
#1034=EDGE_LOOP('',(#416,#417,#418,#419));
#1035=EDGE_LOOP('',(#420,#421,#422,#423));
#1036=EDGE_LOOP('',(#424,#425,#426,#427,#428,#429,#430,#431,#432,#433,#434,
#435,#436,#437,#438,#439,#440,#441,#442,#443,#444,#445,#446));
#1037=EDGE_LOOP('',(#447,#448,#449,#450,#451,#452));
#1038=EDGE_LOOP('',(#453,#454,#455,#456,#457,#458,#459,#460));
#1039=EDGE_LOOP('',(#461,#462,#463,#464));
#1040=EDGE_LOOP('',(#465));
#1041=EDGE_LOOP('',(#466));
#1042=EDGE_LOOP('',(#467));
#1043=EDGE_LOOP('',(#468,#469,#470,#471));
#1044=EDGE_LOOP('',(#472,#473,#474,#475,#476));
#1045=EDGE_LOOP('',(#477,#478,#479,#480));
#1046=EDGE_LOOP('',(#481,#482,#483,#484,#485));
#1047=EDGE_LOOP('',(#486));
#1048=EDGE_LOOP('',(#487));
#1049=EDGE_LOOP('',(#488,#489,#490,#491,#492,#493));
#1050=EDGE_LOOP('',(#494,#495,#496,#497));
#1051=EDGE_LOOP('',(#498,#499,#500,#501,#502));
#1052=EDGE_LOOP('',(#503,#504,#505));
#1053=EDGE_LOOP('',(#506));
#1054=EDGE_LOOP('',(#507,#508,#509,#510,#511));
#1055=EDGE_LOOP('',(#512,#513,#514,#515,#516));
#1056=EDGE_LOOP('',(#517,#518,#519,#520));
#1057=EDGE_LOOP('',(#521,#522,#523,#524,#525,#526,#527));
#1058=EDGE_LOOP('',(#528,#529,#530,#531,#532,#533));
#1059=EDGE_LOOP('',(#534));
#1060=EDGE_LOOP('',(#535,#536,#537,#538,#539,#540));
#1061=EDGE_LOOP('',(#541,#542,#543,#544));
#1062=EDGE_LOOP('',(#545,#546,#547));
#1063=EDGE_LOOP('',(#548,#549,#550,#551));
#1064=EDGE_LOOP('',(#552,#553,#554,#555));
#1065=EDGE_LOOP('',(#556,#557,#558,#559));
#1066=EDGE_LOOP('',(#560,#561,#562,#563,#564));
#1067=EDGE_LOOP('',(#565));
#1068=EDGE_LOOP('',(#566,#567,#568,#569,#570,#571));
#1069=EDGE_LOOP('',(#572));
#1070=EDGE_LOOP('',(#573,#574,#575,#576));
#1071=EDGE_LOOP('',(#577,#578,#579,#580));
#1072=EDGE_LOOP('',(#581,#582,#583,#584));
#1073=EDGE_LOOP('',(#585,#586,#587,#588));
#1074=EDGE_LOOP('',(#589,#590,#591,#592));
#1075=EDGE_LOOP('',(#593,#594,#595,#596));
#1076=EDGE_LOOP('',(#597));
#1077=EDGE_LOOP('',(#598,#599,#600,#601,#602,#603));
#1078=EDGE_LOOP('',(#604));
#1079=EDGE_LOOP('',(#605));
#1080=EDGE_LOOP('',(#606));
#1081=EDGE_LOOP('',(#607));
#1082=EDGE_LOOP('',(#608));
#1083=EDGE_LOOP('',(#609));
#1084=EDGE_LOOP('',(#610));
#1085=EDGE_LOOP('',(#611));
#1086=EDGE_LOOP('',(#612));
#1087=EDGE_LOOP('',(#613));
#1088=EDGE_LOOP('',(#614));
#1089=EDGE_LOOP('',(#615));
#1090=EDGE_LOOP('',(#616));
#1091=EDGE_LOOP('',(#617));
#1092=EDGE_LOOP('',(#618));
#1093=EDGE_LOOP('',(#619));
#1094=EDGE_LOOP('',(#620));
#1095=EDGE_LOOP('',(#621));
#1096=EDGE_LOOP('',(#622,#623));
#1097=EDGE_LOOP('',(#624,#625,#626,#627));
#1098=EDGE_LOOP('',(#628,#629,#630));
#1099=EDGE_LOOP('',(#631,#632,#633,#634));
#1100=EDGE_LOOP('',(#635));
#1101=EDGE_LOOP('',(#636));
#1102=EDGE_LOOP('',(#637));
#1103=EDGE_LOOP('',(#638));
#1104=EDGE_LOOP('',(#639));
#1105=EDGE_LOOP('',(#640));
#1106=EDGE_LOOP('',(#641));
#1107=EDGE_LOOP('',(#642));
#1108=EDGE_LOOP('',(#643));
#1109=EDGE_LOOP('',(#644));
#1110=EDGE_LOOP('',(#645));
#1111=EDGE_LOOP('',(#646));
#1112=EDGE_LOOP('',(#647));
#1113=EDGE_LOOP('',(#648));
#1114=EDGE_LOOP('',(#649));
#1115=EDGE_LOOP('',(#650));
#1116=EDGE_LOOP('',(#651));
#1117=EDGE_LOOP('',(#652));
#1118=FACE_BOUND('',#1003,.T.);
#1119=FACE_BOUND('',#1004,.T.);
#1120=FACE_BOUND('',#1005,.T.);
#1121=FACE_BOUND('',#1006,.T.);
#1122=FACE_BOUND('',#1007,.T.);
#1123=FACE_BOUND('',#1008,.T.);
#1124=FACE_BOUND('',#1009,.T.);
#1125=FACE_BOUND('',#1010,.T.);
#1126=FACE_BOUND('',#1011,.T.);
#1127=FACE_BOUND('',#1012,.T.);
#1128=FACE_BOUND('',#1013,.T.);
#1129=FACE_BOUND('',#1014,.T.);
#1130=FACE_BOUND('',#1015,.T.);
#1131=FACE_BOUND('',#1016,.T.);
#1132=FACE_BOUND('',#1017,.T.);
#1133=FACE_BOUND('',#1018,.T.);
#1134=FACE_BOUND('',#1019,.T.);
#1135=FACE_BOUND('',#1020,.T.);
#1136=FACE_BOUND('',#1021,.T.);
#1137=FACE_BOUND('',#1022,.T.);
#1138=FACE_BOUND('',#1023,.T.);
#1139=FACE_BOUND('',#1024,.T.);
#1140=FACE_BOUND('',#1025,.T.);
#1141=FACE_BOUND('',#1026,.T.);
#1142=FACE_BOUND('',#1027,.T.);
#1143=FACE_BOUND('',#1028,.T.);
#1144=FACE_BOUND('',#1029,.T.);
#1145=FACE_BOUND('',#1030,.T.);
#1146=FACE_BOUND('',#1031,.T.);
#1147=FACE_BOUND('',#1032,.T.);
#1148=FACE_BOUND('',#1033,.T.);
#1149=FACE_BOUND('',#1034,.T.);
#1150=FACE_BOUND('',#1035,.T.);
#1151=FACE_BOUND('',#1036,.T.);
#1152=FACE_BOUND('',#1037,.T.);
#1153=FACE_BOUND('',#1038,.T.);
#1154=FACE_BOUND('',#1039,.T.);
#1155=FACE_BOUND('',#1040,.T.);
#1156=FACE_BOUND('',#1041,.T.);
#1157=FACE_BOUND('',#1042,.T.);
#1158=FACE_BOUND('',#1043,.T.);
#1159=FACE_BOUND('',#1044,.T.);
#1160=FACE_BOUND('',#1045,.T.);
#1161=FACE_BOUND('',#1046,.T.);
#1162=FACE_BOUND('',#1047,.T.);
#1163=FACE_BOUND('',#1048,.T.);
#1164=FACE_BOUND('',#1049,.T.);
#1165=FACE_BOUND('',#1050,.T.);
#1166=FACE_BOUND('',#1051,.T.);
#1167=FACE_BOUND('',#1052,.T.);
#1168=FACE_BOUND('',#1053,.T.);
#1169=FACE_BOUND('',#1054,.T.);
#1170=FACE_BOUND('',#1055,.T.);
#1171=FACE_BOUND('',#1056,.T.);
#1172=FACE_BOUND('',#1057,.T.);
#1173=FACE_BOUND('',#1058,.T.);
#1174=FACE_BOUND('',#1059,.T.);
#1175=FACE_BOUND('',#1060,.T.);
#1176=FACE_BOUND('',#1061,.T.);
#1177=FACE_BOUND('',#1062,.T.);
#1178=FACE_BOUND('',#1063,.T.);
#1179=FACE_BOUND('',#1064,.T.);
#1180=FACE_BOUND('',#1065,.T.);
#1181=FACE_BOUND('',#1066,.T.);
#1182=FACE_BOUND('',#1067,.T.);
#1183=FACE_BOUND('',#1068,.T.);
#1184=FACE_BOUND('',#1069,.T.);
#1185=FACE_BOUND('',#1070,.T.);
#1186=FACE_BOUND('',#1071,.T.);
#1187=FACE_BOUND('',#1072,.T.);
#1188=FACE_BOUND('',#1073,.T.);
#1189=FACE_BOUND('',#1074,.T.);
#1190=FACE_BOUND('',#1075,.T.);
#1191=FACE_BOUND('',#1076,.T.);
#1192=FACE_BOUND('',#1077,.T.);
#1193=FACE_BOUND('',#1078,.T.);
#1194=FACE_BOUND('',#1079,.T.);
#1195=FACE_BOUND('',#1080,.T.);
#1196=FACE_BOUND('',#1081,.T.);
#1197=FACE_BOUND('',#1082,.T.);
#1198=FACE_BOUND('',#1083,.T.);
#1199=FACE_BOUND('',#1084,.T.);
#1200=FACE_BOUND('',#1085,.T.);
#1201=FACE_BOUND('',#1086,.T.);
#1202=FACE_BOUND('',#1087,.T.);
#1203=FACE_BOUND('',#1088,.T.);
#1204=FACE_BOUND('',#1089,.T.);
#1205=FACE_BOUND('',#1090,.T.);
#1206=FACE_BOUND('',#1091,.T.);
#1207=FACE_BOUND('',#1092,.T.);
#1208=FACE_BOUND('',#1093,.T.);
#1209=FACE_BOUND('',#1094,.T.);
#1210=FACE_BOUND('',#1095,.T.);
#1211=FACE_BOUND('',#1096,.T.);
#1212=FACE_BOUND('',#1097,.T.);
#1213=FACE_BOUND('',#1098,.T.);
#1214=FACE_BOUND('',#1099,.T.);
#1215=FACE_BOUND('',#1100,.T.);
#1216=FACE_BOUND('',#1101,.T.);
#1217=FACE_BOUND('',#1102,.T.);
#1218=FACE_BOUND('',#1103,.T.);
#1219=FACE_BOUND('',#1104,.T.);
#1220=FACE_BOUND('',#1105,.T.);
#1221=FACE_BOUND('',#1106,.T.);
#1222=FACE_BOUND('',#1107,.T.);
#1223=FACE_BOUND('',#1108,.T.);
#1224=FACE_BOUND('',#1109,.T.);
#1225=FACE_BOUND('',#1110,.T.);
#1226=FACE_BOUND('',#1111,.T.);
#1227=FACE_BOUND('',#1112,.T.);
#1228=FACE_BOUND('',#1113,.T.);
#1229=FACE_BOUND('',#1114,.T.);
#1230=FACE_BOUND('',#1115,.T.);
#1231=FACE_BOUND('',#1116,.T.);
#1232=FACE_BOUND('',#1117,.T.);
#1233=CYLINDRICAL_SURFACE('',#1350,0.0175);
#1234=CYLINDRICAL_SURFACE('',#1360,0.003625);
#1235=CYLINDRICAL_SURFACE('',#1362,0.003625);
#1236=CYLINDRICAL_SURFACE('',#1364,0.003625);
#1237=CYLINDRICAL_SURFACE('',#1366,0.00475);
#1238=CYLINDRICAL_SURFACE('',#1371,0.0214510540973997);
#1239=CYLINDRICAL_SURFACE('',#1385,0.0245);
#1240=CYLINDRICAL_SURFACE('',#1390,0.0225);
#1241=CYLINDRICAL_SURFACE('',#1393,0.005);
#1242=CYLINDRICAL_SURFACE('',#1396,0.004);
#1243=CYLINDRICAL_SURFACE('',#1400,0.0015);
#1244=CYLINDRICAL_SURFACE('',#1405,0.019);
#1245=CYLINDRICAL_SURFACE('',#1407,0.0197294196569489);
#1246=CYLINDRICAL_SURFACE('',#1424,0.005);
#1247=CYLINDRICAL_SURFACE('',#1427,0.005);
#1248=CYLINDRICAL_SURFACE('',#1430,0.005);
#1249=CYLINDRICAL_SURFACE('',#1433,0.001625);
#1250=CYLINDRICAL_SURFACE('',#1436,0.001625);
#1251=CYLINDRICAL_SURFACE('',#1441,0.001625);
#1252=CYLINDRICAL_SURFACE('',#1444,0.001625);
#1253=CYLINDRICAL_SURFACE('',#1445,0.0015);
#1254=CYLINDRICAL_SURFACE('',#1448,0.0015);
#1255=CYLINDRICAL_SURFACE('',#1451,0.0015);
#1256=CYLINDRICAL_SURFACE('',#1454,0.0015);
#1257=CYLINDRICAL_SURFACE('',#1457,0.0015);
#1258=CYLINDRICAL_SURFACE('',#1460,0.0015);
#1259=ADVANCED_FACE('',(#1118,#1119,#1120,#1121,#1122,#1123,#1124,#1125),
#1233,.F.);
#1260=ADVANCED_FACE('',(#1126,#1127),#62,.F.);
#1261=ADVANCED_FACE('',(#1128,#1129,#1130),#22,.F.);
#1262=ADVANCED_FACE('',(#1131,#1132),#1234,.F.);
#1263=ADVANCED_FACE('',(#1133,#1134),#1235,.F.);
#1264=ADVANCED_FACE('',(#1135,#1136),#1236,.F.);
#1265=ADVANCED_FACE('',(#1137,#1138),#1237,.F.);
#1266=ADVANCED_FACE('',(#1139),#63,.T.);
#1267=ADVANCED_FACE('',(#1140),#64,.T.);
#1268=ADVANCED_FACE('',(#1141),#65,.T.);
#1269=ADVANCED_FACE('',(#1142),#1238,.T.);
#1270=ADVANCED_FACE('',(#1143),#23,.T.);
#1271=ADVANCED_FACE('',(#1144),#13,.T.);
#1272=ADVANCED_FACE('',(#1145),#24,.T.);
#1273=ADVANCED_FACE('',(#1146),#25,.T.);
#1274=ADVANCED_FACE('',(#1147),#26,.F.);
#1275=ADVANCED_FACE('',(#1148),#27,.F.);
#1276=ADVANCED_FACE('',(#1149),#28,.F.);
#1277=ADVANCED_FACE('',(#1150),#1239,.T.);
#1278=ADVANCED_FACE('',(#1151),#29,.F.);
#1279=ADVANCED_FACE('',(#1152),#30,.T.);
#1280=ADVANCED_FACE('',(#1153),#31,.F.);
#1281=ADVANCED_FACE('',(#1154),#32,.F.);
#1282=ADVANCED_FACE('',(#1155,#1156,#1157,#1158),#1240,.T.);
#1283=ADVANCED_FACE('',(#1159),#33,.T.);
#1284=ADVANCED_FACE('',(#1160),#66,.T.);
#1285=ADVANCED_FACE('',(#1161),#34,.F.);
#1286=ADVANCED_FACE('',(#1162,#1163),#1241,.F.);
#1287=ADVANCED_FACE('',(#1164),#1242,.T.);
#1288=ADVANCED_FACE('',(#1165),#12,.T.);
#1289=ADVANCED_FACE('',(#1166),#1243,.T.);
#1290=ADVANCED_FACE('',(#1167),#14,.T.);
#1291=ADVANCED_FACE('',(#1168,#1169),#35,.F.);
#1292=ADVANCED_FACE('',(#1170),#1244,.T.);
#1293=ADVANCED_FACE('',(#1171),#1245,.T.);
#1294=ADVANCED_FACE('',(#1172),#67,.T.);
#1295=ADVANCED_FACE('',(#1173),#68,.T.);
#1296=ADVANCED_FACE('',(#1174,#1175),#36,.F.);
#1297=ADVANCED_FACE('',(#1176),#69,.T.);
#1298=ADVANCED_FACE('',(#1177),#37,.T.);
#1299=ADVANCED_FACE('',(#1178),#38,.T.);
#1300=ADVANCED_FACE('',(#1179),#39,.F.);
#1301=ADVANCED_FACE('',(#1180),#40,.F.);
#1302=ADVANCED_FACE('',(#1181,#1182),#70,.F.);
#1303=ADVANCED_FACE('',(#1183,#1184),#41,.F.);
#1304=ADVANCED_FACE('',(#1185),#42,.F.);
#1305=ADVANCED_FACE('',(#1186),#43,.F.);
#1306=ADVANCED_FACE('',(#1187),#44,.F.);
#1307=ADVANCED_FACE('',(#1188),#45,.F.);
#1308=ADVANCED_FACE('',(#1189),#46,.F.);
#1309=ADVANCED_FACE('',(#1190),#47,.F.);
#1310=ADVANCED_FACE('',(#1191,#1192),#48,.T.);
#1311=ADVANCED_FACE('',(#1193,#1194),#1246,.F.);
#1312=ADVANCED_FACE('',(#1195,#1196),#49,.T.);
#1313=ADVANCED_FACE('',(#1197,#1198),#1247,.F.);
#1314=ADVANCED_FACE('',(#1199,#1200),#50,.T.);
#1315=ADVANCED_FACE('',(#1201,#1202),#1248,.F.);
#1316=ADVANCED_FACE('',(#1203,#1204),#51,.T.);
#1317=ADVANCED_FACE('',(#1205,#1206),#1249,.F.);
#1318=ADVANCED_FACE('',(#1207),#52,.T.);
#1319=ADVANCED_FACE('',(#1208,#1209),#1250,.F.);
#1320=ADVANCED_FACE('',(#1210),#53,.T.);
#1321=ADVANCED_FACE('',(#1211),#54,.T.);
#1322=ADVANCED_FACE('',(#1212),#1251,.F.);
#1323=ADVANCED_FACE('',(#1213),#55,.T.);
#1324=ADVANCED_FACE('',(#1214),#1252,.F.);
#1325=ADVANCED_FACE('',(#1215,#1216),#1253,.F.);
#1326=ADVANCED_FACE('',(#1217),#56,.F.);
#1327=ADVANCED_FACE('',(#1218,#1219),#1254,.F.);
#1328=ADVANCED_FACE('',(#1220),#57,.F.);
#1329=ADVANCED_FACE('',(#1221,#1222),#1255,.F.);
#1330=ADVANCED_FACE('',(#1223),#58,.F.);
#1331=ADVANCED_FACE('',(#1224,#1225),#1256,.F.);
#1332=ADVANCED_FACE('',(#1226),#59,.F.);
#1333=ADVANCED_FACE('',(#1227,#1228),#1257,.F.);
#1334=ADVANCED_FACE('',(#1229),#60,.F.);
#1335=ADVANCED_FACE('',(#1230,#1231),#1258,.F.);
#1336=ADVANCED_FACE('',(#1232),#61,.F.);
#1337=CLOSED_SHELL('',(#1259,#1260,#1261,#1262,#1263,#1264,#1265,#1266,
#1267,#1268,#1269,#1270,#1271,#1272,#1273,#1274,#1275,#1276,#1277,#1278,
#1279,#1280,#1281,#1282,#1283,#1284,#1285,#1286,#1287,#1288,#1289,#1290,
#1291,#1292,#1293,#1294,#1295,#1296,#1297,#1298,#1299,#1300,#1301,#1302,
#1303,#1304,#1305,#1306,#1307,#1308,#1309,#1310,#1311,#1312,#1313,#1314,
#1315,#1316,#1317,#1318,#1319,#1320,#1321,#1322,#1323,#1324,#1325,#1326,
#1327,#1328,#1329,#1330,#1331,#1332,#1333,#1334,#1335,#1336));
#1338=STYLED_ITEM('',(#1339),#1346);
#1339=PRESENTATION_STYLE_ASSIGNMENT((#1340));
#1340=SURFACE_STYLE_USAGE(.BOTH.,#1341);
#1341=SURFACE_SIDE_STYLE('',(#1342));
#1342=SURFACE_STYLE_FILL_AREA(#1343);
#1343=FILL_AREA_STYLE('',(#1344));
#1344=FILL_AREA_STYLE_COLOUR('',#1345);
#1345=COLOUR_RGB('',0.647058823529412,0.647058823529412,0.647058823529412);
#1346=MANIFOLD_SOLID_BREP('Front_Grip_A',#1337);
#1347=SHAPE_DEFINITION_REPRESENTATION(#2835,#1348);
#1348=SHAPE_REPRESENTATION('Front_Grip_A',(#1349),#2830);
#1349=AXIS2_PLACEMENT_3D('',#1784,#1463,#1464);
#1350=AXIS2_PLACEMENT_3D('',#1785,#1465,#1466);
#1351=AXIS2_PLACEMENT_3D('',#1810,#1467,#1468);
#1352=AXIS2_PLACEMENT_3D('',#1830,#1469,#1470);
#1353=AXIS2_PLACEMENT_3D('',#1834,#1472,#1473);
#1354=AXIS2_PLACEMENT_3D('',#2067,#1475,#1476);
#1355=AXIS2_PLACEMENT_3D('',#2068,#1477,#1478);
#1356=AXIS2_PLACEMENT_3D('',#2070,#1479,#1480);
#1357=AXIS2_PLACEMENT_3D('',#2072,#1481,#1482);
#1358=AXIS2_PLACEMENT_3D('',#2077,#1484,#1485);
#1359=AXIS2_PLACEMENT_3D('',#2094,#1494,#1495);
#1360=AXIS2_PLACEMENT_3D('',#2099,#1498,#1499);
#1361=AXIS2_PLACEMENT_3D('',#2112,#1500,#1501);
#1362=AXIS2_PLACEMENT_3D('',#2114,#1502,#1503);
#1363=AXIS2_PLACEMENT_3D('',#2127,#1504,#1505);
#1364=AXIS2_PLACEMENT_3D('',#2129,#1506,#1507);
#1365=AXIS2_PLACEMENT_3D('',#2142,#1508,#1509);
#1366=AXIS2_PLACEMENT_3D('',#2144,#1510,#1511);
#1367=AXIS2_PLACEMENT_3D('',#2163,#1512,#1513);
#1368=AXIS2_PLACEMENT_3D('',#2245,#1519,#1520);
#1369=AXIS2_PLACEMENT_3D('',#2306,#1521,#1522);
#1370=AXIS2_PLACEMENT_3D('',#2313,#1523,#1524);
#1371=AXIS2_PLACEMENT_3D('',#2322,#1526,#1527);
#1372=AXIS2_PLACEMENT_3D('',#2329,#1529,#1530);
#1373=AXIS2_PLACEMENT_3D('',#2359,#1541,#1542);
#1374=AXIS2_PLACEMENT_3D('',#2371,#1547,#1548);
#1375=AXIS2_PLACEMENT_3D('',#2388,#1549,#1550);
#1376=AXIS2_PLACEMENT_3D('',#2405,#1551,#1552);
#1377=AXIS2_PLACEMENT_3D('',#2406,#1553,#1554);
#1378=AXIS2_PLACEMENT_3D('',#2414,#1559,#1560);
#1379=AXIS2_PLACEMENT_3D('',#2415,#1561,#1562);
#1380=AXIS2_PLACEMENT_3D('',#2419,#1564,#1565);
#1381=AXIS2_PLACEMENT_3D('',#2420,#1566,#1567);
#1382=AXIS2_PLACEMENT_3D('',#2421,#1568,#1569);
#1383=AXIS2_PLACEMENT_3D('',#2425,#1572,#1573);
#1384=AXIS2_PLACEMENT_3D('',#2429,#1576,#1577);
#1385=AXIS2_PLACEMENT_3D('',#2431,#1579,#1580);
#1386=AXIS2_PLACEMENT_3D('',#2433,#1582,#1583);
#1387=AXIS2_PLACEMENT_3D('',#2459,#1596,#1597);
#1388=AXIS2_PLACEMENT_3D('',#2466,#1602,#1603);
#1389=AXIS2_PLACEMENT_3D('',#2475,#1609,#1610);
#1390=AXIS2_PLACEMENT_3D('',#2477,#1612,#1613);
#1391=AXIS2_PLACEMENT_3D('',#2478,#1614,#1615);
#1392=AXIS2_PLACEMENT_3D('',#2502,#1619,#1620);
#1393=AXIS2_PLACEMENT_3D('',#2509,#1625,#1626);
#1394=AXIS2_PLACEMENT_3D('',#2510,#1627,#1628);
#1395=AXIS2_PLACEMENT_3D('',#2512,#1629,#1630);
#1396=AXIS2_PLACEMENT_3D('',#2514,#1631,#1632);
#1397=AXIS2_PLACEMENT_3D('',#2541,#1633,#1634);
#1398=AXIS2_PLACEMENT_3D('',#2563,#1635,#1636);
#1399=AXIS2_PLACEMENT_3D('',#2564,#1637,#1638);
#1400=AXIS2_PLACEMENT_3D('',#2565,#1639,#1640);
#1401=AXIS2_PLACEMENT_3D('',#2566,#1641,#1642);
#1402=AXIS2_PLACEMENT_3D('',#2567,#1643,#1644);
#1403=AXIS2_PLACEMENT_3D('',#2568,#1645,#1646);
#1404=AXIS2_PLACEMENT_3D('',#2569,#1647,#1648);
#1405=AXIS2_PLACEMENT_3D('',#2570,#1649,#1650);
#1406=AXIS2_PLACEMENT_3D('',#2571,#1651,#1652);
#1407=AXIS2_PLACEMENT_3D('',#2572,#1653,#1654);
#1408=AXIS2_PLACEMENT_3D('',#2573,#1655,#1656);
#1409=AXIS2_PLACEMENT_3D('',#2682,#1657,#1658);
#1410=AXIS2_PLACEMENT_3D('',#2683,#1659,#1660);
#1411=AXIS2_PLACEMENT_3D('',#2696,#1661,#1662);
#1412=AXIS2_PLACEMENT_3D('',#2698,#1664,#1665);
#1413=AXIS2_PLACEMENT_3D('',#2699,#1666,#1667);
#1414=AXIS2_PLACEMENT_3D('',#2700,#1668,#1669);
#1415=AXIS2_PLACEMENT_3D('',#2739,#1670,#1671);
#1416=AXIS2_PLACEMENT_3D('',#2741,#1672,#1673);
#1417=AXIS2_PLACEMENT_3D('',#2754,#1680,#1681);
#1418=AXIS2_PLACEMENT_3D('',#2760,#1685,#1686);
#1419=AXIS2_PLACEMENT_3D('',#2764,#1689,#1690);
#1420=AXIS2_PLACEMENT_3D('',#2768,#1693,#1694);
#1421=AXIS2_PLACEMENT_3D('',#2772,#1697,#1698);
#1422=AXIS2_PLACEMENT_3D('',#2776,#1701,#1702);
#1423=AXIS2_PLACEMENT_3D('',#2778,#1704,#1705);
#1424=AXIS2_PLACEMENT_3D('',#2779,#1706,#1707);
#1425=AXIS2_PLACEMENT_3D('',#2780,#1708,#1709);
#1426=AXIS2_PLACEMENT_3D('',#2782,#1710,#1711);
#1427=AXIS2_PLACEMENT_3D('',#2783,#1712,#1713);
#1428=AXIS2_PLACEMENT_3D('',#2784,#1714,#1715);
#1429=AXIS2_PLACEMENT_3D('',#2786,#1716,#1717);
#1430=AXIS2_PLACEMENT_3D('',#2787,#1718,#1719);
#1431=AXIS2_PLACEMENT_3D('',#2788,#1720,#1721);
#1432=AXIS2_PLACEMENT_3D('',#2790,#1722,#1723);
#1433=AXIS2_PLACEMENT_3D('',#2791,#1724,#1725);
#1434=AXIS2_PLACEMENT_3D('',#2792,#1726,#1727);
#1435=AXIS2_PLACEMENT_3D('',#2794,#1728,#1729);
#1436=AXIS2_PLACEMENT_3D('',#2795,#1730,#1731);
#1437=AXIS2_PLACEMENT_3D('',#2796,#1732,#1733);
#1438=AXIS2_PLACEMENT_3D('',#2798,#1734,#1735);
#1439=AXIS2_PLACEMENT_3D('',#2799,#1736,#1737);
#1440=AXIS2_PLACEMENT_3D('',#2800,#1738,#1739);
#1441=AXIS2_PLACEMENT_3D('',#2801,#1740,#1741);
#1442=AXIS2_PLACEMENT_3D('',#2802,#1742,#1743);
#1443=AXIS2_PLACEMENT_3D('',#2803,#1744,#1745);
#1444=AXIS2_PLACEMENT_3D('',#2804,#1746,#1747);
#1445=AXIS2_PLACEMENT_3D('',#2805,#1748,#1749);
#1446=AXIS2_PLACEMENT_3D('',#2806,#1750,#1751);
#1447=AXIS2_PLACEMENT_3D('',#2808,#1752,#1753);
#1448=AXIS2_PLACEMENT_3D('',#2809,#1754,#1755);
#1449=AXIS2_PLACEMENT_3D('',#2810,#1756,#1757);
#1450=AXIS2_PLACEMENT_3D('',#2812,#1758,#1759);
#1451=AXIS2_PLACEMENT_3D('',#2813,#1760,#1761);
#1452=AXIS2_PLACEMENT_3D('',#2814,#1762,#1763);
#1453=AXIS2_PLACEMENT_3D('',#2816,#1764,#1765);
#1454=AXIS2_PLACEMENT_3D('',#2817,#1766,#1767);
#1455=AXIS2_PLACEMENT_3D('',#2818,#1768,#1769);
#1456=AXIS2_PLACEMENT_3D('',#2820,#1770,#1771);
#1457=AXIS2_PLACEMENT_3D('',#2821,#1772,#1773);
#1458=AXIS2_PLACEMENT_3D('',#2822,#1774,#1775);
#1459=AXIS2_PLACEMENT_3D('',#2824,#1776,#1777);
#1460=AXIS2_PLACEMENT_3D('',#2825,#1778,#1779);
#1461=AXIS2_PLACEMENT_3D('',#2826,#1780,#1781);
#1462=AXIS2_PLACEMENT_3D('',#2828,#1782,#1783);
#1463=DIRECTION('',(0.,0.,1.));
#1464=DIRECTION('',(1.,0.,0.));
#1465=DIRECTION('',(-1.,0.,0.));
#1466=DIRECTION('',(0.,0.,1.));
#1467=DIRECTION('',(1.,0.,0.));
#1468=DIRECTION('',(0.,0.,-1.));
#1469=DIRECTION('',(1.,0.,0.));
#1470=DIRECTION('',(0.,0.,-1.));
#1471=DIRECTION('',(-1.,0.,0.));
#1472=DIRECTION('',(1.,0.,0.));
#1473=DIRECTION('',(0.,0.,-1.));
#1474=DIRECTION('',(-1.,0.,0.));
#1475=DIRECTION('',(1.,0.,0.));
#1476=DIRECTION('',(0.,1.,0.));
#1477=DIRECTION('',(-1.,0.,0.));
#1478=DIRECTION('',(0.,0.,1.));
#1479=DIRECTION('',(-1.,0.,0.));
#1480=DIRECTION('',(0.,0.,1.));
#1481=DIRECTION('',(-1.,0.,0.));
#1482=DIRECTION('',(0.,0.,1.));
#1483=DIRECTION('',(0.,8.32667268468867E-17,-1.));
#1484=DIRECTION('',(1.,0.,0.));
#1485=DIRECTION('',(0.,0.,-1.));
#1486=DIRECTION('',(0.,-0.707106781186548,0.707106781186548));
#1487=DIRECTION('',(0.,-0.974391195694622,-0.224859506698751));
#1488=DIRECTION('',(0.,0.707106781186548,-0.707106781186548));
#1489=DIRECTION('',(0.,0.224859506698759,0.97439119569462));
#1490=DIRECTION('',(0.,0.707106781186548,-0.707106781186548));
#1491=DIRECTION('',(0.,0.,1.));
#1492=DIRECTION('',(0.,-0.847998304005088,0.52999894000318));
#1493=DIRECTION('',(0.,2.34422091348217E-16,-1.));
#1494=DIRECTION('',(-1.,0.,0.));
#1495=DIRECTION('',(0.,0.,1.));
#1496=DIRECTION('',(0.,2.34422091348217E-16,-1.));
#1497=DIRECTION('',(0.,-0.847998304005088,-0.52999894000318));
#1498=DIRECTION('',(0.,-1.,0.));
#1499=DIRECTION('',(0.,0.,-1.));
#1500=DIRECTION('',(0.,-1.,0.));
#1501=DIRECTION('',(0.,0.,-1.));
#1502=DIRECTION('',(0.,-1.,0.));
#1503=DIRECTION('',(0.,0.,-1.));
#1504=DIRECTION('',(0.,-1.,0.));
#1505=DIRECTION('',(0.,0.,-1.));
#1506=DIRECTION('',(0.,-1.,0.));
#1507=DIRECTION('',(0.,0.,-1.));
#1508=DIRECTION('',(0.,-1.,0.));
#1509=DIRECTION('',(0.,0.,-1.));
#1510=DIRECTION('',(0.,1.,0.));
#1511=DIRECTION('',(0.,0.,1.));
#1512=DIRECTION('',(0.,-1.,0.));
#1513=DIRECTION('',(0.,0.,-1.));
#1514=DIRECTION('',(0.999061992106838,0.00827016820108693,-0.0425057672021228));
#1515=DIRECTION('',(0.999061992106838,0.00827016820108693,-0.0425057672021228));
#1516=DIRECTION('',(0.998290681063333,0.0584439784288365,-0.000132240373286201));
#1517=DIRECTION('',(0.,0.138224503358791,-0.990400922188189));
#1518=DIRECTION('',(0.,0.138224503358791,-0.990400922188189));
#1519=DIRECTION('',(1.,0.,0.));
#1520=DIRECTION('',(0.,0.,-1.));
#1521=DIRECTION('',(1.,0.,0.));
#1522=DIRECTION('',(0.,0.791054384437268,-0.611745830278045));
#1523=DIRECTION('',(1.,0.,0.));
#1524=DIRECTION('',(0.,0.,-1.));
#1525=DIRECTION('',(0.997928431126256,0.,0.0643338662750007));
#1526=DIRECTION('',(0.940913951671111,-0.117865499268775,-0.317472297425738));
#1527=DIRECTION('',(-0.31970074957429,0.,-0.947518564842736));
#1528=DIRECTION('',(0.998599161529893,-0.0528456995326817,-0.00265454943362883));
#1529=DIRECTION('',(0.,-0.707106781186548,-0.707106781186548));
#1530=DIRECTION('',(0.,0.707106781186548,-0.707106781186548));
#1531=DIRECTION('',(0.,0.707106781186548,-0.707106781186548));
#1532=DIRECTION('',(-1.,0.,0.));
#1533=DIRECTION('',(-1.,0.,0.));
#1534=DIRECTION('',(0.,-0.707106781186548,0.707106781186548));
#1535=DIRECTION('',(-1.,0.,0.));
#1536=DIRECTION('',(0.998103640988898,0.0435265542215653,-0.0435265542204053));
#1537=DIRECTION('',(-1.,0.,0.));
#1538=DIRECTION('',(0.152345795256494,-0.698852902500829,0.698852902500829));
#1539=DIRECTION('',(1.,0.,0.));
#1540=DIRECTION('',(0.,0.707106781186548,-0.707106781186548));
#1541=DIRECTION('',(0.,-0.707106781186548,-0.707106781186548));
#1542=DIRECTION('',(0.,-0.707106781186548,0.707106781186548));
#1543=DIRECTION('',(1.,0.,0.));
#1544=DIRECTION('',(0.,0.707106781186548,-0.707106781186548));
#1545=DIRECTION('',(0.,-0.707106781186548,0.707106781186548));
#1546=DIRECTION('',(-1.,0.,0.));
#1547=DIRECTION('',(1.,0.,0.));
#1548=DIRECTION('',(0.,0.,-1.));
#1549=DIRECTION('',(1.,0.,0.));
#1550=DIRECTION('',(0.,0.,-1.));
#1551=DIRECTION('',(1.,0.,0.));
#1552=DIRECTION('',(0.,0.,-1.));
#1553=DIRECTION('',(1.,0.,0.));
#1554=DIRECTION('',(0.,1.,0.));
#1555=DIRECTION('',(0.,1.,0.));
#1556=DIRECTION('',(0.,-0.137953397303782,0.990438721058676));
#1557=DIRECTION('',(0.,0.893845322710329,-0.448375444319677));
#1558=DIRECTION('',(0.,0.,1.));
#1559=DIRECTION('',(1.,0.,0.));
#1560=DIRECTION('',(0.,0.,-1.));
#1561=DIRECTION('',(1.,0.,0.));
#1562=DIRECTION('',(0.,1.,0.));
#1563=DIRECTION('',(0.,8.32667268468867E-17,-1.));
#1564=DIRECTION('',(1.,0.,0.));
#1565=DIRECTION('',(0.,0.,-1.));
#1566=DIRECTION('',(1.,0.,0.));
#1567=DIRECTION('',(0.,0.,-1.));
#1568=DIRECTION('',(0.,-0.97439119569462,0.224859506698759));
#1569=DIRECTION('',(0.,-0.224859506698759,-0.97439119569462));
#1570=DIRECTION('',(-1.,0.,0.));
#1571=DIRECTION('',(0.,0.224859506698759,0.97439119569462));
#1572=DIRECTION('',(0.,0.707106781186548,0.707106781186548));
#1573=DIRECTION('',(0.,-0.707106781186548,0.707106781186548));
#1574=DIRECTION('',(-1.,0.,0.));
#1575=DIRECTION('',(0.,0.707106781186548,-0.707106781186548));
#1576=DIRECTION('',(0.,0.224859506698751,-0.974391195694621));
#1577=DIRECTION('',(0.,0.974391195694622,0.224859506698751));
#1578=DIRECTION('',(0.,-0.974391195694622,-0.224859506698751));
#1579=DIRECTION('',(-1.,0.,0.));
#1580=DIRECTION('',(0.,0.,1.));
#1581=DIRECTION('',(-1.,0.,0.));
#1582=DIRECTION('',(0.,1.,8.32667268468867E-17));
#1583=DIRECTION('',(0.,-8.32667268468867E-17,1.));
#1584=DIRECTION('',(-1.,0.,0.));
#1585=DIRECTION('',(0.,-8.32667268468867E-17,1.));
#1586=DIRECTION('',(-1.,0.,0.));
#1587=DIRECTION('',(0.,1.66533453693773E-16,-1.));
#1588=DIRECTION('',(-1.,0.,0.));
#1589=DIRECTION('',(0.,0.,1.));
#1590=DIRECTION('',(0.,0.,-1.));
#1591=DIRECTION('',(0.,0.,-1.));
#1592=DIRECTION('',(-0.143664072796026,0.,0.989626512472083));
#1593=DIRECTION('',(-1.,0.,0.));
#1594=DIRECTION('',(-0.998745116388015,5.41420812473587E-17,-0.0500818579037407));
#1595=DIRECTION('',(-1.,0.,0.));
#1596=DIRECTION('',(0.,0.52999894000318,-0.847998304005088));
#1597=DIRECTION('',(0.,0.847998304005088,0.52999894000318));
#1598=DIRECTION('',(-1.,0.,0.));
#1599=DIRECTION('',(-1.,0.,0.));
#1600=DIRECTION('',(0.,-0.847998304005088,-0.52999894000318));
#1601=DIRECTION('',(0.,0.847998304005088,0.52999894000318));
#1602=DIRECTION('',(0.,1.,2.34422091348217E-16));
#1603=DIRECTION('',(0.,-2.34422091348217E-16,1.));
#1604=DIRECTION('',(0.,-2.34422091348217E-16,1.));
#1605=DIRECTION('',(-1.,0.,0.));
#1606=DIRECTION('',(-1.,0.,0.));
#1607=DIRECTION('',(0.,2.34422091348217E-16,-1.));
#1608=DIRECTION('',(-1.,0.,0.));
#1609=DIRECTION('',(0.,-0.52999894000318,-0.847998304005088));
#1610=DIRECTION('',(0.,0.847998304005088,-0.52999894000318));
#1611=DIRECTION('',(0.,-0.847998304005088,0.52999894000318));
#1612=DIRECTION('',(-1.,0.,0.));
#1613=DIRECTION('',(0.,0.,1.));
#1614=DIRECTION('',(-1.,0.,0.));
#1615=DIRECTION('',(0.,-1.,0.));
#1616=DIRECTION('',(0.99519373286586,-0.0900444208451206,0.0384894315258323));
#1617=DIRECTION('',(0.,-0.137953397303782,0.990438721058676));
#1618=DIRECTION('',(0.998599161529893,-0.0528456995326817,-0.00265454943362883));
#1619=DIRECTION('',(0.,-0.990438721058676,-0.137953397303782));
#1620=DIRECTION('',(0.,0.137953397303782,-0.990438721058676));
#1621=DIRECTION('',(-1.,0.,0.));
#1622=DIRECTION('',(0.,-0.137953397303782,0.990438721058676));
#1623=DIRECTION('',(-1.,0.,0.));
#1624=DIRECTION('',(0.,-0.137953397303782,0.990438721058675));
#1625=DIRECTION('',(-1.,0.,0.));
#1626=DIRECTION('',(0.,0.,1.));
#1627=DIRECTION('',(-0.987066695159705,-0.0718791279015829,-0.143292464137532));
#1628=DIRECTION('',(-0.160310134759154,0.442576468015388,0.882284948671645));
#1629=DIRECTION('',(1.,0.,0.));
#1630=DIRECTION('',(0.,0.,-1.));
#1631=DIRECTION('',(0.,0.137953397303782,-0.990438721058676));
#1632=DIRECTION('',(0.,0.990438721058676,0.137953397303782));
#1633=DIRECTION('',(-0.987066695159705,-0.0718791279015829,-0.143292464137532));
#1634=DIRECTION('',(0.131449488529275,0.148743580730655,-0.980100188326079));
#1635=DIRECTION('',(0.988995939304011,0.0663338580211857,0.132237858876354));
#1636=DIRECTION('',(-0.147942664705545,0.443441493715792,0.884009394526399));
#1637=DIRECTION('',(-0.987066695159705,-0.0718791279015829,-0.143292464137532));
#1638=DIRECTION('',(-0.160310134759154,0.442576468015388,0.882284948671645));
#1639=DIRECTION('',(0.,0.,1.));
#1640=DIRECTION('',(1.,0.,0.));
#1641=DIRECTION('',(0.,0.,-1.));
#1642=DIRECTION('',(-1.,0.,0.));
#1643=DIRECTION('',(-0.987066695159705,-0.0718791279015829,-0.143292464137532));
#1644=DIRECTION('',(-0.142914036471673,-0.0104071349553708,0.989680387661286));
#1645=DIRECTION('',(1.,0.,0.));
#1646=DIRECTION('',(0.,0.,-1.));
#1647=DIRECTION('',(-0.987066695159705,-0.0718791279015829,-0.143292464137532));
#1648=DIRECTION('',(0.0711334906647782,-0.99741335010722,0.0103264482633679));
#1649=DIRECTION('',(-1.,0.,0.));
#1650=DIRECTION('',(0.,0.,1.));
#1651=DIRECTION('',(1.,0.,0.));
#1652=DIRECTION('',(0.,0.,-1.));
#1653=DIRECTION('',(-1.,0.,0.));
#1654=DIRECTION('',(0.,0.,1.));
#1655=DIRECTION('',(1.,0.,0.));
#1656=DIRECTION('',(0.,0.,-1.));
#1657=DIRECTION('',(1.,0.,0.));
#1658=DIRECTION('',(0.,1.,0.));
#1659=DIRECTION('',(1.,0.,0.));
#1660=DIRECTION('',(0.,0.,-1.));
#1661=DIRECTION('',(0.977053948395085,0.,-0.212991976199985));
#1662=DIRECTION('',(-0.212991976199985,0.,-0.977053948395085));
#1663=DIRECTION('',(0.,-1.,0.));
#1664=DIRECTION('',(0.,0.,-1.));
#1665=DIRECTION('',(-1.,0.,0.));
#1666=DIRECTION('',(1.,0.,0.));
#1667=DIRECTION('',(0.,1.,0.));
#1668=DIRECTION('',(1.,0.,0.));
#1669=DIRECTION('',(0.,1.,0.));
#1670=DIRECTION('',(0.,-1.,0.));
#1671=DIRECTION('',(-0.0871557427476577,0.,0.996194698091746));
#1672=DIRECTION('',(0.,-1.,0.));
#1673=DIRECTION('',(1.,0.,0.));
#1674=DIRECTION('',(0.86602540378444,0.,0.5));
#1675=DIRECTION('',(2.46716227694479E-15,0.,1.));
#1676=DIRECTION('',(-0.866025403784438,0.,0.5));
#1677=DIRECTION('',(-0.86602540378444,0.,-0.5));
#1678=DIRECTION('',(-2.46716227694479E-15,0.,-1.));
#1679=DIRECTION('',(0.866025403784438,0.,-0.5));
#1680=DIRECTION('',(-1.,0.,2.46716227694479E-15));
#1681=DIRECTION('',(2.46716227694479E-15,0.,1.));
#1682=DIRECTION('',(0.,1.,0.));
#1683=DIRECTION('',(2.46716227694479E-15,0.,1.));
#1684=DIRECTION('',(0.,1.,0.));
#1685=DIRECTION('',(-0.5,0.,0.86602540378444));
#1686=DIRECTION('',(0.86602540378444,0.,0.5));
#1687=DIRECTION('',(0.,1.,0.));
#1688=DIRECTION('',(0.86602540378444,0.,0.5));
#1689=DIRECTION('',(0.5,0.,0.866025403784438));
#1690=DIRECTION('',(0.866025403784438,0.,-0.5));
#1691=DIRECTION('',(0.,1.,0.));
#1692=DIRECTION('',(0.866025403784438,0.,-0.5));
#1693=DIRECTION('',(1.,0.,-2.46716227694479E-15));
#1694=DIRECTION('',(-2.46716227694479E-15,0.,-1.));
#1695=DIRECTION('',(0.,1.,0.));
#1696=DIRECTION('',(-2.46716227694479E-15,0.,-1.));
#1697=DIRECTION('',(0.5,0.,-0.86602540378444));
#1698=DIRECTION('',(-0.86602540378444,0.,-0.5));
#1699=DIRECTION('',(0.,1.,0.));
#1700=DIRECTION('',(-0.86602540378444,0.,-0.5));
#1701=DIRECTION('',(-0.5,0.,-0.866025403784438));
#1702=DIRECTION('',(-0.866025403784438,0.,0.5));
#1703=DIRECTION('',(-0.866025403784438,0.,0.5));
#1704=DIRECTION('',(0.,1.,0.));
#1705=DIRECTION('',(-1.,0.,0.));
#1706=DIRECTION('',(0.,-1.,0.));
#1707=DIRECTION('',(0.,0.,-1.));
#1708=DIRECTION('',(0.,-1.,0.));
#1709=DIRECTION('',(0.,0.,-1.));
#1710=DIRECTION('',(0.,-1.,0.));
#1711=DIRECTION('',(1.,0.,0.));
#1712=DIRECTION('',(0.,-1.,0.));
#1713=DIRECTION('',(0.,0.,-1.));
#1714=DIRECTION('',(0.,-1.,0.));
#1715=DIRECTION('',(0.,0.,-1.));
#1716=DIRECTION('',(0.,-1.,0.));
#1717=DIRECTION('',(1.,0.,0.));
#1718=DIRECTION('',(0.,-1.,0.));
#1719=DIRECTION('',(0.,0.,-1.));
#1720=DIRECTION('',(0.,-1.,0.));
#1721=DIRECTION('',(0.,0.,-1.));
#1722=DIRECTION('',(0.,-1.,0.));
#1723=DIRECTION('',(1.,0.,0.));
#1724=DIRECTION('',(-1.,0.,0.));
#1725=DIRECTION('',(0.,0.,1.));
#1726=DIRECTION('',(-1.,0.,0.));
#1727=DIRECTION('',(0.,0.,1.));
#1728=DIRECTION('',(-1.,0.,0.));
#1729=DIRECTION('',(0.,-1.,0.));
#1730=DIRECTION('',(-1.,0.,0.));
#1731=DIRECTION('',(0.,0.,1.));
#1732=DIRECTION('',(-1.,0.,0.));
#1733=DIRECTION('',(0.,0.,1.));
#1734=DIRECTION('',(-1.,0.,0.));
#1735=DIRECTION('',(0.,-1.,0.));
#1736=DIRECTION('',(-1.,0.,0.));
#1737=DIRECTION('',(0.,-1.,0.));
#1738=DIRECTION('',(-1.,0.,0.));
#1739=DIRECTION('',(0.,0.,1.));
#1740=DIRECTION('',(-1.,0.,0.));
#1741=DIRECTION('',(0.,0.,1.));
#1742=DIRECTION('',(-1.,0.,0.));
#1743=DIRECTION('',(0.,-1.,0.));
#1744=DIRECTION('',(-1.,0.,0.));
#1745=DIRECTION('',(0.,0.,1.));
#1746=DIRECTION('',(-1.,0.,0.));
#1747=DIRECTION('',(0.,0.,1.));
#1748=DIRECTION('',(0.,-0.989015863361917,-0.147809411129611));
#1749=DIRECTION('',(0.,0.147809411129611,-0.989015863361917));
#1750=DIRECTION('',(0.,0.989015863361917,0.147809411129611));
#1751=DIRECTION('',(0.,-0.147809411129611,0.989015863361917));
#1752=DIRECTION('',(0.,0.989015863361917,0.147809411129611));
#1753=DIRECTION('',(-1.,0.,0.));
#1754=DIRECTION('',(0.,-0.989015863361917,-0.147809411129611));
#1755=DIRECTION('',(0.,0.147809411129611,-0.989015863361917));
#1756=DIRECTION('',(0.,0.989015863361917,0.147809411129611));
#1757=DIRECTION('',(0.,-0.147809411129611,0.989015863361917));
#1758=DIRECTION('',(0.,0.989015863361917,0.147809411129611));
#1759=DIRECTION('',(-1.,0.,0.));
#1760=DIRECTION('',(0.,-0.989015863361917,-0.147809411129611));
#1761=DIRECTION('',(0.,0.147809411129611,-0.989015863361917));
#1762=DIRECTION('',(0.,0.989015863361917,0.147809411129611));
#1763=DIRECTION('',(0.,-0.147809411129611,0.989015863361917));
#1764=DIRECTION('',(0.,0.989015863361917,0.147809411129611));
#1765=DIRECTION('',(-1.,0.,0.));
#1766=DIRECTION('',(0.,-0.989015863361917,-0.147809411129611));
#1767=DIRECTION('',(0.,0.147809411129611,-0.989015863361917));
#1768=DIRECTION('',(0.,0.989015863361917,0.147809411129611));
#1769=DIRECTION('',(0.,-0.147809411129611,0.989015863361917));
#1770=DIRECTION('',(0.,0.989015863361917,0.147809411129611));
#1771=DIRECTION('',(-1.,0.,0.));
#1772=DIRECTION('',(0.,-0.989015863361917,-0.147809411129611));
#1773=DIRECTION('',(0.,0.147809411129611,-0.989015863361917));
#1774=DIRECTION('',(0.,0.989015863361917,0.147809411129611));
#1775=DIRECTION('',(0.,-0.147809411129611,0.989015863361917));
#1776=DIRECTION('',(0.,0.989015863361917,0.147809411129611));
#1777=DIRECTION('',(-1.,0.,0.));
#1778=DIRECTION('',(0.,-0.989015863361917,-0.147809411129611));
#1779=DIRECTION('',(0.,0.147809411129611,-0.989015863361917));
#1780=DIRECTION('',(0.,0.989015863361917,0.147809411129611));
#1781=DIRECTION('',(0.,-0.147809411129611,0.989015863361917));
#1782=DIRECTION('',(0.,0.989015863361917,0.147809411129611));
#1783=DIRECTION('',(-1.,0.,0.));
#1784=CARTESIAN_POINT('',(0.,0.,0.));
#1785=CARTESIAN_POINT('',(0.012,1.40314471261537E-18,3.46944695195361E-18));
#1786=CARTESIAN_POINT('',(0.0554276004423681,0.0173906369794698,0.00201849051138688));
#1787=CARTESIAN_POINT('',(0.054249688334498,0.0174315321618014,0.00153054990835164));
#1788=CARTESIAN_POINT('',(0.0530736462196399,0.0173906480018854,0.00201807437993656));
#1789=CARTESIAN_POINT('',(0.0525880423586474,0.0172246420939897,0.00318186056813016));
#1790=CARTESIAN_POINT('',(0.0530741852308065,0.0169635555879932,0.00432973121934736));
#1791=CARTESIAN_POINT('',(0.0542496616370634,0.0168267911181939,0.00480212671967452));
#1792=CARTESIAN_POINT('',(0.0554236787136632,0.0169631399381046,0.00433120017631655));
#1793=CARTESIAN_POINT('',(0.0559121758751503,0.0172241269895482,0.00318475367299864));
#1794=CARTESIAN_POINT('',(0.0554276004423681,0.0173906369794698,0.00201849051138688));
#1795=CARTESIAN_POINT('',(0.054249688334498,0.0174315321618014,0.00153054990835164));
#1796=CARTESIAN_POINT('',(0.0530736462196399,0.0173906480018854,0.00201807437993656));
#1797=CARTESIAN_POINT('',(0.05425,0.0174179022714268,0.00169312742078833));
#1798=CARTESIAN_POINT('',(0.0379276004423681,0.0173906369794698,0.00201849051138687));
#1799=CARTESIAN_POINT('',(0.036749688334498,0.0174315321618014,0.00153054990835164));
#1800=CARTESIAN_POINT('',(0.0355736462196399,0.0173906480018854,0.00201807437993656));
#1801=CARTESIAN_POINT('',(0.0350880423586474,0.0172246420939897,0.00318186056813016));
#1802=CARTESIAN_POINT('',(0.0355741852308065,0.0169635555879932,0.00432973121934736));
#1803=CARTESIAN_POINT('',(0.0367496616370634,0.0168267911181939,0.00480212671967452));
#1804=CARTESIAN_POINT('',(0.0379236787136632,0.0169631399381046,0.00433120017631655));
#1805=CARTESIAN_POINT('',(0.0384121758751503,0.0172241269895482,0.00318475367299866));
#1806=CARTESIAN_POINT('',(0.0379276004423681,0.0173906369794698,0.00201849051138687));
#1807=CARTESIAN_POINT('',(0.036749688334498,0.0174315321618014,0.00153054990835164));
#1808=CARTESIAN_POINT('',(0.0355736462196399,0.0173906480018854,0.00201807437993656));
#1809=CARTESIAN_POINT('',(0.03675,0.0174179022714268,0.00169312742078833));
#1810=CARTESIAN_POINT('',(0.07,1.40314471261537E-18,3.46944695195361E-18));
#1811=CARTESIAN_POINT('',(0.07,0.0123743686707646,-0.0123743686707646));
#1812=CARTESIAN_POINT('',(0.07,0.0172409396495667,0.003));
#1813=CARTESIAN_POINT('',(0.0697354752539399,0.0175050128329456,0.00101765622297888));
#1814=CARTESIAN_POINT('',(0.0701310751446325,0.0172795665480246,0.00300950617798457));
#1815=CARTESIAN_POINT('',(0.0697402241675304,0.0168223588723561,0.00494431906508282));
#1816=CARTESIAN_POINT('',(0.0686769570411048,0.0162447459416703,0.00656604056736221));
#1817=CARTESIAN_POINT('',(0.067075724845095,0.0157278553316583,0.00768953330880066));
#1818=CARTESIAN_POINT('',(0.0651056080249091,0.0154935585197424,0.00813382228445777));
#1819=CARTESIAN_POINT('',(0.0631076802830929,0.0156873494165334,0.00776905961710557));
#1820=CARTESIAN_POINT('',(0.0614523300482377,0.0161902480064156,0.00669603847126421));
#1821=CARTESIAN_POINT('',(0.0603330518494701,0.0167708145596654,0.00511334301949398));
#1822=CARTESIAN_POINT('',(0.0598744426648102,0.0172451979268853,0.00319840834420776));
#1823=CARTESIAN_POINT('',(0.0601899377844974,0.0174936510512268,0.00120890289944557));
#1824=CARTESIAN_POINT('',(0.0616146000064553,0.0175168646533365,-0.00109756454850802));
#1825=CARTESIAN_POINT('',(0.0648933315999326,0.0173021489059835,-0.00255754245203716));
#1826=CARTESIAN_POINT('',(0.0682217573517779,0.0175039199947221,-0.00122512935286705));
#1827=CARTESIAN_POINT('',(0.0697354752539399,0.0175050128329456,0.00101765622297888));
#1828=CARTESIAN_POINT('',(0.0701310751446325,0.0172795665480246,0.00300950617798457));
#1829=CARTESIAN_POINT('',(0.0697402241675304,0.0168223588723561,0.00494431906508282));
#1830=CARTESIAN_POINT('',(0.07,1.40314471261537E-18,3.46944695195361E-18));
#1831=CARTESIAN_POINT('',(0.07,1.07156594925393E-18,0.0175));
#1832=CARTESIAN_POINT('',(0.012,1.07156594925393E-18,0.0175));
#1833=CARTESIAN_POINT('',(0.,1.07156594925393E-18,0.0175));
#1834=CARTESIAN_POINT('',(0.,1.40314471261537E-18,3.46944695195361E-18));
#1835=CARTESIAN_POINT('',(0.,0.0123743686707646,-0.0123743686707646));
#1836=CARTESIAN_POINT('',(0.012,0.0123743686707646,-0.0123743686707646));
#1837=CARTESIAN_POINT('',(0.0455033043159453,0.0174201586459465,-0.00172917693132272));
#1838=CARTESIAN_POINT('',(0.0481694219083504,0.017347671564384,-0.0022741293898013));
#1839=CARTESIAN_POINT('',(0.0508008293777664,0.0175097282740905,-0.0011643865461));
#1840=CARTESIAN_POINT('',(0.0522722614679927,0.0174997390487389,0.00111021533009665));
#1841=CARTESIAN_POINT('',(0.052629190803154,0.0172641989474406,0.00309506166555762));
#1842=CARTESIAN_POINT('',(0.052206528773921,0.0167979000079213,0.00502603869156511));
#1843=CARTESIAN_POINT('',(0.0511140479309739,0.0162180154864775,0.00663001555536701));
#1844=CARTESIAN_POINT('',(0.049490372028027,0.0157087837850707,0.00772704357933325));
#1845=CARTESIAN_POINT('',(0.0475085505154867,0.0154928907966767,0.0081350632538045));
#1846=CARTESIAN_POINT('',(0.0455204390967216,0.0157059648833326,0.00773266963564681));
#1847=CARTESIAN_POINT('',(0.0438892251340412,0.0162164631373929,0.00663405635991251));
#1848=CARTESIAN_POINT('',(0.0427957146188074,0.0167964515871102,0.00503021672186804));
#1849=CARTESIAN_POINT('',(0.0423714443766343,0.0172626579099741,0.00310428625984666));
#1850=CARTESIAN_POINT('',(0.0427238151197295,0.0174987811561685,0.00111691347087884));
#1851=CARTESIAN_POINT('',(0.0438295006618372,0.0175097707620797,-0.00058912006711016));
#1852=CARTESIAN_POINT('',(0.0455033043159453,0.0174201586459465,-0.00172917693132272));
#1853=CARTESIAN_POINT('',(0.0481694219083504,0.017347671564384,-0.0022741293898013));
#1854=CARTESIAN_POINT('',(0.0508008293777664,0.0175097282740905,-0.0011643865461));
#1855=CARTESIAN_POINT('',(0.0475,0.0173853386507137,-0.002));
#1856=CARTESIAN_POINT('',(0.0280033043159452,0.0174201586459465,-0.00172917693132272));
#1857=CARTESIAN_POINT('',(0.0306694219083504,0.017347671564384,-0.0022741293898013));
#1858=CARTESIAN_POINT('',(0.0333008293777664,0.0175097282740904,-0.00116438654609999));
#1859=CARTESIAN_POINT('',(0.0347722614679927,0.0174997390487389,0.00111021533009664));
#1860=CARTESIAN_POINT('',(0.035129190803154,0.0172641989474406,0.00309506166555762));
#1861=CARTESIAN_POINT('',(0.034706528773921,0.0167979000079213,0.00502603869156511));
#1862=CARTESIAN_POINT('',(0.0336140479309739,0.0162180154864775,0.006630015555367));
#1863=CARTESIAN_POINT('',(0.031990372028027,0.0157087837850707,0.00772704357933324));
#1864=CARTESIAN_POINT('',(0.0300085505154867,0.0154928907966767,0.0081350632538045));
#1865=CARTESIAN_POINT('',(0.0280204390967216,0.0157059648833326,0.00773266963564683));
#1866=CARTESIAN_POINT('',(0.0263892251340412,0.0162164631373929,0.00663405635991249));
#1867=CARTESIAN_POINT('',(0.0252957146188074,0.0167964515871102,0.00503021672186805));
#1868=CARTESIAN_POINT('',(0.0248714443766343,0.0172626579099741,0.00310428625984668));
#1869=CARTESIAN_POINT('',(0.0252238151197295,0.0174987811561685,0.00111691347087884));
#1870=CARTESIAN_POINT('',(0.0263295006618372,0.0175097707620797,-0.000589120067110154));
#1871=CARTESIAN_POINT('',(0.0280033043159452,0.0174201586459465,-0.00172917693132272));
#1872=CARTESIAN_POINT('',(0.0306694219083504,0.017347671564384,-0.0022741293898013));
#1873=CARTESIAN_POINT('',(0.0333008293777664,0.0175097282740904,-0.00116438654609999));
#1874=CARTESIAN_POINT('',(0.03,0.0173853386507137,-0.002));
#1875=CARTESIAN_POINT('',(0.0244276004423681,0.0173906369794698,0.00201849051138687));
#1876=CARTESIAN_POINT('',(0.023249688334498,0.0174315321618014,0.00153054990835164));
#1877=CARTESIAN_POINT('',(0.0220736462196399,0.0173906480018854,0.00201807437993656));
#1878=CARTESIAN_POINT('',(0.0215880423586474,0.0172246420939897,0.00318186056813015));
#1879=CARTESIAN_POINT('',(0.0220741852308065,0.0169635555879932,0.00432973121934736));
#1880=CARTESIAN_POINT('',(0.0232496616370633,0.0168267911181939,0.00480212671967452));
#1881=CARTESIAN_POINT('',(0.0244236787136632,0.0169631399381046,0.00433120017631655));
#1882=CARTESIAN_POINT('',(0.0249121758751503,0.0172241269895482,0.00318475367299866));
#1883=CARTESIAN_POINT('',(0.0244276004423681,0.0173906369794698,0.00201849051138687));
#1884=CARTESIAN_POINT('',(0.023249688334498,0.0174315321618014,0.00153054990835164));
#1885=CARTESIAN_POINT('',(0.0220736462196399,0.0173906480018854,0.00201807437993656));
#1886=CARTESIAN_POINT('',(0.02325,0.0174179022714268,0.00169312742078833));
#1887=CARTESIAN_POINT('',(0.0419276004423681,0.0173906369794698,0.00201849051138687));
#1888=CARTESIAN_POINT('',(0.040749688334498,0.0174315321618014,0.00153054990835164));
#1889=CARTESIAN_POINT('',(0.0395736462196399,0.0173906480018854,0.00201807437993655));
#1890=CARTESIAN_POINT('',(0.0390880423586474,0.0172246420939897,0.00318186056813015));
#1891=CARTESIAN_POINT('',(0.0395741852308065,0.0169635555879932,0.00432973121934736));
#1892=CARTESIAN_POINT('',(0.0407496616370634,0.0168267911181939,0.00480212671967452));
#1893=CARTESIAN_POINT('',(0.0419236787136632,0.0169631399381046,0.00433120017631654));
#1894=CARTESIAN_POINT('',(0.0424121758751503,0.0172241269895482,0.00318475367299865));
#1895=CARTESIAN_POINT('',(0.0419276004423681,0.0173906369794698,0.00201849051138687));
#1896=CARTESIAN_POINT('',(0.040749688334498,0.0174315321618014,0.00153054990835164));
#1897=CARTESIAN_POINT('',(0.0395736462196399,0.0173906480018854,0.00201807437993655));
#1898=CARTESIAN_POINT('',(0.04075,0.0174179022714268,0.00169312742078833));
#1899=CARTESIAN_POINT('',(0.0594276004423681,0.0173906369794698,0.00201849051138687));
#1900=CARTESIAN_POINT('',(0.058249688334498,0.0174315321618014,0.00153054990835163));
#1901=CARTESIAN_POINT('',(0.0570736462196399,0.0173906480018854,0.00201807437993656));
#1902=CARTESIAN_POINT('',(0.0565880423586474,0.0172246420939897,0.00318186056813015));
#1903=CARTESIAN_POINT('',(0.0570741852308065,0.0169635555879932,0.00432973121934735));
#1904=CARTESIAN_POINT('',(0.0582496616370634,0.0168267911181939,0.00480212671967452));
#1905=CARTESIAN_POINT('',(0.0594236787136632,0.0169631399381046,0.00433120017631655));
#1906=CARTESIAN_POINT('',(0.0599121758751503,0.0172241269895482,0.00318475367299863));
#1907=CARTESIAN_POINT('',(0.0594276004423681,0.0173906369794698,0.00201849051138687));
#1908=CARTESIAN_POINT('',(0.058249688334498,0.0174315321618014,0.00153054990835163));
#1909=CARTESIAN_POINT('',(0.0570736462196399,0.0173906480018854,0.00201807437993656));
#1910=CARTESIAN_POINT('',(0.05825,0.0174179022714268,0.00169312742078832));
#1911=CARTESIAN_POINT('',(0.0696738511835484,0.0102893893351089,-0.0141454356613027));
#1912=CARTESIAN_POINT('',(0.0757232462994682,0.0111334382011926,-0.0136851874570186));
#1913=CARTESIAN_POINT('',(0.0817876939782553,0.0119668010554613,-0.0133282030821098));
#1914=CARTESIAN_POINT('',(0.0878479007055807,0.0128711636093591,-0.0130550690550491));
#1915=CARTESIAN_POINT('',(0.0695999287208232,0.0120367015801596,-0.0128806306988447));
#1916=CARTESIAN_POINT('',(0.0756310529911838,0.0126876103569075,-0.0123051406824227));
#1917=CARTESIAN_POINT('',(0.0816751013963035,0.01333972311588,-0.0118191972105875));
#1918=CARTESIAN_POINT('',(0.0877194558010006,0.0140567512780903,-0.0114032217045045));
#1919=CARTESIAN_POINT('',(0.0694777397861452,0.0146181877923985,-0.0101635212416082));
#1920=CARTESIAN_POINT('',(0.0754840277053075,0.014938714457766,-0.00947342875824012));
#1921=CARTESIAN_POINT('',(0.0815001604646695,0.0152729206191107,-0.00884946492177828));
#1922=CARTESIAN_POINT('',(0.0875206917481153,0.0156603770522375,-0.00827579456245675));
#1923=CARTESIAN_POINT('',(0.0693339620699908,0.0170191803072522,-0.00511992762122613));
#1924=CARTESIAN_POINT('',(0.0753151945002225,0.0169189304373332,-0.00442841665403235));
#1925=CARTESIAN_POINT('',(0.0813027522108248,0.0168368751954745,-0.00377549157441174));
#1926=CARTESIAN_POINT('',(0.0872957551916034,0.0167917602386718,-0.00315308022866944));
#1927=CARTESIAN_POINT('',(0.0692507674280004,0.0178309680913231,0.000109964883608889));
#1928=CARTESIAN_POINT('',(0.0752152379202763,0.0174345738726942,0.000696529988542762));
#1929=CARTESIAN_POINT('',(0.0811833771661885,0.017053143619554,0.00126293088615025));
#1930=CARTESIAN_POINT('',(0.0871556718710284,0.0166950852806189,0.00181115223498249));
#1931=CARTESIAN_POINT('',(0.0692377625000772,0.0169181050402933,0.00564033429771876));
#1932=CARTESIAN_POINT('',(0.0751888477403224,0.0163506306589676,0.00605791941250945));
#1933=CARTESIAN_POINT('',(0.0811415489511057,0.0157917372013794,0.00646667220958888));
#1934=CARTESIAN_POINT('',(0.0870963510720236,0.0152449080435517,0.00686563925627339));
#1935=CARTESIAN_POINT('',(0.0693018998913654,0.0144668816062314,0.0103304039964445));
#1936=CARTESIAN_POINT('',(0.0752425803465835,0.0138717463515113,0.0105983153714155));
#1937=CARTESIAN_POINT('',(0.0811836589748114,0.0132796180231713,0.0108633381784724));
#1938=CARTESIAN_POINT('',(0.0871252692268051,0.012691501043392,0.0111245541316553));
#1939=CARTESIAN_POINT('',(0.0694170608435824,0.0112244293453728,0.0136617856260775));
#1940=CARTESIAN_POINT('',(0.0753505370012015,0.0106924526158488,0.0138515905568171));
#1941=CARTESIAN_POINT('',(0.0812838222689064,0.0101592297088441,0.0140426204340006));
#1942=CARTESIAN_POINT('',(0.0872168491444101,0.00962426948087836,0.0142352118464663));
#1943=CARTESIAN_POINT('',(0.0695369633414028,0.00821430082809234,0.0155528461220838));
#1944=CARTESIAN_POINT('',(0.075467140381632,0.00776824698507251,0.015735408193996));
#1945=CARTESIAN_POINT('',(0.0813968686273867,0.00731729346620504,0.0159225538051259));
#1946=CARTESIAN_POINT('',(0.0873260418473661,0.00686043241148814,0.0161160274288464));
#1947=CARTESIAN_POINT('',(0.0696385790936118,0.00579532151512975,0.0165507007130693));
#1948=CARTESIAN_POINT('',(0.0755680904457516,0.0054223566022165,0.0167608929570009));
#1949=CARTESIAN_POINT('',(0.0814970116236329,0.00504099854403867,0.0169783575904127));
#1950=CARTESIAN_POINT('',(0.0874252193512156,0.00465039135736321,0.0172062379310218));
#1951=CARTESIAN_POINT('',(0.069712487345912,0.00409344508797096,0.0170261639480243));
#1952=CARTESIAN_POINT('',(0.0756426145244761,0.00377132641200743,0.0172718191707091));
#1953=CARTESIAN_POINT('',(0.0815720672369949,0.00343789484231217,0.0175266110325704));
#1954=CARTESIAN_POINT('',(0.0875006824522959,0.00309272616952023,0.0177948923414528));
#1955=CARTESIAN_POINT('',(0.0697689674512652,0.00280748472549673,0.0172699738184747));
#1956=CARTESIAN_POINT('',(0.0757002270605672,0.0025228791347931,0.0175508903652775));
#1957=CARTESIAN_POINT('',(0.0816307570498683,0.00222449645409041,0.0178422421703847));
#1958=CARTESIAN_POINT('',(0.0875603298059816,0.00191239908049744,0.0181494386528318));
#1959=CARTESIAN_POINT('',(0.0698079155872454,0.00193037448932905,0.0173835307521067));
#1960=CARTESIAN_POINT('',(0.0757402796929909,0.00167041059476585,0.0176925304093608));
#1961=CARTESIAN_POINT('',(0.0816718787773541,0.00139481875980575,0.0180128107751369));
#1962=CARTESIAN_POINT('',(0.0876024173900223,0.00110408101055073,0.0183506017589542));
#1963=CARTESIAN_POINT('',(0.0698370232208904,0.0012782868211589,0.0174398287088632));
#1964=CARTESIAN_POINT('',(0.0757703930185727,0.00103601619180862,0.0177719075770111));
#1965=CARTESIAN_POINT('',(0.0817029728056402,0.000776654323117379,0.018115865074367));
#1966=CARTESIAN_POINT('',(0.0876344007442316,0.000501040704308515,0.0184785980750401));
#1967=CARTESIAN_POINT('',(0.0698568419353012,0.000838515698026187,0.0174648822792027));
#1968=CARTESIAN_POINT('',(0.0757909923278791,0.000607758936845846,0.017813551679226));
#1969=CARTESIAN_POINT('',(0.0817243358468187,0.000358847584757017,0.0181744978146043));
#1970=CARTESIAN_POINT('',(0.0876564560223203,9.28927696332816E-5,0.0185551132716388));
#1971=CARTESIAN_POINT('',(0.069871549795072,0.000510048282282262,0.0174764655002366));
#1972=CARTESIAN_POINT('',(0.0758063204839464,0.000287772568367291,0.017838096610433));
#1973=CARTESIAN_POINT('',(0.0817402726894166,4.65556198115025E-5,0.0182122818917057));
#1974=CARTESIAN_POINT('',(0.0876729450726174,-0.000212285384810648,0.0186067861017604));
#1975=CARTESIAN_POINT('',(0.0698815234160625,0.000292940096299184,0.0174809833687981));
#1976=CARTESIAN_POINT('',(0.0758167533297431,7.601258857177E-5,0.0178514372625078));
#1977=CARTESIAN_POINT('',(0.0817511560702354,-0.000160451201237952,0.0182346441437831));
#1978=CARTESIAN_POINT('',(0.0876842356161553,-0.00041497527485513,0.0186386543621594));
#1979=CARTESIAN_POINT('',(0.0698889080084393,0.000123998472880681,0.017482658877149));
#1980=CARTESIAN_POINT('',(0.0758244672039765,-8.8565558129425E-5,0.0178601233141261));
#1981=CARTESIAN_POINT('',(0.0817591944700461,-0.000321034840165399,0.0182504609073751));
#1982=CARTESIAN_POINT('',(0.0876925691770905,-0.000571834068122547,0.0186618998912326));
#1983=CARTESIAN_POINT('',(0.0698941246918798,1.85240755403197E-5,0.0174828548155394));
#1984=CARTESIAN_POINT('',(0.0758299618812974,-0.000191752691662648,0.0178647712913583));
#1985=CARTESIAN_POINT('',(0.0817649612354771,-0.000422327886077603,0.0182596846924643));
#1986=CARTESIAN_POINT('',(0.0876985797525891,-0.000671519413200985,0.0186760150187469));
#1987=CARTESIAN_POINT('',(0.069899787869751,-0.000152152634291819,0.0174826607939239));
#1988=CARTESIAN_POINT('',(0.075835774998017,-0.000356858810054628,0.0178717946450488));
#1989=CARTESIAN_POINT('',(0.0817709285419183,-0.000581767080908844,0.0182738941757391));
#1990=CARTESIAN_POINT('',(0.0877046976011958,-0.000825221172068679,0.0186973310433742));
#1991=CARTESIAN_POINT('',(0.0699037047830173,-0.000257760057592414,0.0174826226038497));
#1992=CARTESIAN_POINT('',(0.0758398292949196,-0.000459297646195736,0.0178762206525382));
#1993=CARTESIAN_POINT('',(0.0817751207939639,-0.000681086788926878,0.0182827995479088));
#1994=CARTESIAN_POINT('',(0.0877090192853132,-0.000921457583098394,0.0187107544194661));
#1995=CARTESIAN_POINT('',(0.0699063169102037,-0.000333744296965475,0.0174825584851135));
#1996=CARTESIAN_POINT('',(0.0758425180352416,-0.000532863556712066,0.0178793695629609));
#1997=CARTESIAN_POINT('',(0.0817778875810136,-0.000752215671388449,0.0182891552499697));
#1998=CARTESIAN_POINT('',(0.0877118611080377,-0.00099013564473197,0.0187203009838718));
#1999=CARTESIAN_POINT('',(0.087,0.0128936125706537,-0.0128936125706537));
#2000=CARTESIAN_POINT('',(0.081348207423927,0.0125397183529964,-0.0125397183529965));
#2001=CARTESIAN_POINT('',(0.0756741976800197,0.0123882357663083,-0.0123882357663084));
#2002=CARTESIAN_POINT('',(0.0699999999999997,0.0123739505436405,-0.0123739505436405));
#2003=CARTESIAN_POINT('',(0.0870000000000208,0.0128938042291886,-0.0128933504272816));
#2004=CARTESIAN_POINT('',(0.07,0.0123739505436405,-0.0123739505436405));
#2005=CARTESIAN_POINT('',(0.087,0.01599348758913,-0.0064630376334933));
#2006=CARTESIAN_POINT('',(0.087,0.0153570297804084,-0.00878479905804045));
#2007=CARTESIAN_POINT('',(0.087,0.0143188511939195,-0.0109444703551581));
#2008=CARTESIAN_POINT('',(0.087,0.0128938042471142,-0.0128933504403891));
#2009=CARTESIAN_POINT('',(0.0869998549322772,0.015993905327518,-0.00646315214692092));
#2010=CARTESIAN_POINT('',(0.087,0.016664672486056,2.71833862440073E-10));
#2011=CARTESIAN_POINT('',(0.0869999999999999,0.0167963291416912,-0.00219067383930791));
#2012=CARTESIAN_POINT('',(0.087,0.0165726741885821,-0.00435019828138692));
#2013=CARTESIAN_POINT('',(0.087,0.01599348758913,-0.00646303763349331));
#2014=CARTESIAN_POINT('',(0.0869997902379269,0.0166650047191733,2.02386107092741E-8));
#2015=CARTESIAN_POINT('',(0.087,0.01142088183617,0.0123490843527755));
#2016=CARTESIAN_POINT('',(0.087,0.0121976774935763,0.0115032280294115));
#2017=CARTESIAN_POINT('',(0.0869999999999998,0.0135824638240804,0.00970625510695347));
#2018=CARTESIAN_POINT('',(0.0870000000000002,0.015191451043079,0.00667849509650876));
#2019=CARTESIAN_POINT('',(0.087,0.0162638963295457,0.00339813826294877));
#2020=CARTESIAN_POINT('',(0.087,0.0165956010167135,0.00114930092038226));
#2021=CARTESIAN_POINT('',(0.087,0.016664672486056,2.71833862440073E-10));
#2022=CARTESIAN_POINT('',(0.0869999867454698,0.0114211910656234,0.0123493683349246));
#2023=CARTESIAN_POINT('',(0.087,-2.57787397244663E-9,0.0185324602671413));
#2024=CARTESIAN_POINT('',(0.087,0.00109038895974361,0.0183533727568973));
#2025=CARTESIAN_POINT('',(0.0869999999999999,0.00321449606921505,0.0178206742362959));
#2026=CARTESIAN_POINT('',(0.0870000000000003,0.00730107331119328,0.0160292298028105));
#2027=CARTESIAN_POINT('',(0.0869999999999998,0.00991933700541553,0.0139841233463623));
#2028=CARTESIAN_POINT('',(0.0869999999999998,0.01142088183617,0.0123490843527755));
#2029=CARTESIAN_POINT('',(0.087,4.74252331535071E-10,0.018532478850306));
#2030=CARTESIAN_POINT('',(0.070321669331375,-1.30104260698261E-18,0.0175103578443687));
#2031=CARTESIAN_POINT('',(0.0758800183979405,-1.30104260698261E-18,0.0178686902401645));
#2032=CARTESIAN_POINT('',(0.081439332670333,-3.39897381074206E-17,0.0182121273337502));
#2033=CARTESIAN_POINT('',(0.0870000000000088,-3.39897381074206E-17,0.0185324598437478));
#2034=CARTESIAN_POINT('',(0.0703216693313753,7.69498958935349E-18,0.0175103578443687));
#2035=CARTESIAN_POINT('',(0.0700000003036308,-6.01147752995849E-17,0.0174896075922705));
#2036=CARTESIAN_POINT('',(0.0701072230366413,-6.01147752995849E-17,0.0174965286708062));
#2037=CARTESIAN_POINT('',(0.0702144460449467,-1.32739666991847E-16,0.0175034454362686));
#2038=CARTESIAN_POINT('',(0.0703216693313746,-1.32739666991847E-16,0.0175103578443687));
#2039=CARTESIAN_POINT('',(0.0700000001509669,1.90678089735587E-8,0.0174896099573715));
#2040=CARTESIAN_POINT('',(0.0700000000000001,3.814630122579E-8,0.0174896076600756));
#2041=CARTESIAN_POINT('',(0.0700000000000001,0.00172680149431986,0.0174935641578472));
#2042=CARTESIAN_POINT('',(0.0699999999999999,0.00426792251375127,0.0171250742768116));
#2043=CARTESIAN_POINT('',(0.07,0.00750935274862132,0.015875983145101));
#2044=CARTESIAN_POINT('',(0.07,0.00972900618651535,0.0146215232792081));
#2045=CARTESIAN_POINT('',(0.07,0.0117865585664754,0.0130165503644379));
#2046=CARTESIAN_POINT('',(0.07,0.0141438396564048,0.0105410906502535));
#2047=CARTESIAN_POINT('',(0.07,0.0163938798902955,0.00679481475419828));
#2048=CARTESIAN_POINT('',(0.07,0.0176580059066133,0.00174610896990933));
#2049=CARTESIAN_POINT('',(0.0700000000000001,0.0174452729096176,-0.00260066514878666));
#2050=CARTESIAN_POINT('',(0.07,0.0165369938306066,-0.00590611983461073));
#2051=CARTESIAN_POINT('',(0.07,0.0154814999303315,-0.00828732409510207));
#2052=CARTESIAN_POINT('',(0.0700000000000001,0.0141174811325267,-0.0104487235821454));
#2053=CARTESIAN_POINT('',(0.0699999999999999,0.0129781957022696,-0.0117699844117121));
#2054=CARTESIAN_POINT('',(0.0699999999999999,0.0123739505436406,-0.0123739505436404));
#2055=CARTESIAN_POINT('',(0.0705742514459019,0.0173435500114982,0.00200977277103873));
#2056=CARTESIAN_POINT('',(0.071749780796543,0.0173126131220878,0.00151320997015873));
#2057=CARTESIAN_POINT('',(0.0729266253679259,0.0171992880735646,0.00198942546737815));
#2058=CARTESIAN_POINT('',(0.0734123600236913,0.016999491941995,0.00314894872183899));
#2059=CARTESIAN_POINT('',(0.0729239284688536,0.0167660653260488,0.00430384964863513));
#2060=CARTESIAN_POINT('',(0.0717427755102545,0.0167048793154814,0.0047834777634316));
#2061=CARTESIAN_POINT('',(0.0705762150414357,0.0169159260716649,0.00432218117038443));
#2062=CARTESIAN_POINT('',(0.0700873857807966,0.0172075961547116,0.00318205241115824));
#2063=CARTESIAN_POINT('',(0.0705742514459019,0.0173435500114982,0.00200977277103873));
#2064=CARTESIAN_POINT('',(0.071749780796543,0.0173126131220878,0.00151320997015873));
#2065=CARTESIAN_POINT('',(0.0729266253679259,0.0171992880735646,0.00198942546737815));
#2066=CARTESIAN_POINT('',(0.07175,0.0172988817622356,0.00167533968650864));
#2067=CARTESIAN_POINT('',(0.,0.,0.003));
#2068=CARTESIAN_POINT('',(0.,0.0181865334794732,0.0105));
#2069=CARTESIAN_POINT('',(0.,0.0181865334794732,0.012125));
#2070=CARTESIAN_POINT('',(0.,0.0181865334794732,-0.0105));
#2071=CARTESIAN_POINT('',(0.,0.0181865334794732,-0.008875));
#2072=CARTESIAN_POINT('',(0.,1.44198888940572E-17,0.021));
#2073=CARTESIAN_POINT('',(0.,1.44198888940572E-17,0.022625));
#2074=CARTESIAN_POINT('',(0.,0.00144118481934382,0.0217507405120899));
#2075=CARTESIAN_POINT('',(0.,2.61728593571492E-20,0.021675));
#2076=CARTESIAN_POINT('',(0.,-3.46944695195361E-18,0.0245));
#2077=CARTESIAN_POINT('',(0.,-7.7351905229513E-20,3.46944695195361E-18));
#2078=CARTESIAN_POINT('',(0.,0.0173241161390704,-0.0173241161390704));
#2079=CARTESIAN_POINT('',(0.,0.0153265394822184,-0.0153265394822184));
#2080=CARTESIAN_POINT('',(0.,0.0147431763877395,-0.0147431763877395));
#2081=CARTESIAN_POINT('',(0.,0.0156624152032821,-0.0145310443533835));
#2082=CARTESIAN_POINT('',(0.,0.0165816540188245,-0.0143189123190276));
#2083=CARTESIAN_POINT('',(0.,0.0152735064736294,-0.0130107647738325));
#2084=CARTESIAN_POINT('',(0.,0.0139653589284343,-0.0117026172286374));
#2085=CARTESIAN_POINT('',(0.,0.0137532268940783,-0.0126218560441799));
#2086=CARTESIAN_POINT('',(0.,0.0135410948597224,-0.0135410948597224));
#2087=CARTESIAN_POINT('',(0.,0.0129577317652435,-0.0129577317652435));
#2088=CARTESIAN_POINT('',(0.,0.,0.018325));
#2089=CARTESIAN_POINT('',(0.,1.84314369322536E-18,0.01915));
#2090=CARTESIAN_POINT('',(0.,0.0008,0.01865));
#2091=CARTESIAN_POINT('',(0.,0.0016,0.01815));
#2092=CARTESIAN_POINT('',(0.,0.0016,0.02));
#2093=CARTESIAN_POINT('',(0.,0.0016,0.0207160545827099));
#2094=CARTESIAN_POINT('',(0.,1.44198888940572E-17,0.021));
#2095=CARTESIAN_POINT('',(0.,0.0016,0.0212839454172901));
#2096=CARTESIAN_POINT('',(0.,0.0016,0.02));
#2097=CARTESIAN_POINT('',(0.,0.0016,0.02185));
#2098=CARTESIAN_POINT('',(0.,0.0008,0.02135));
#2099=CARTESIAN_POINT('',(0.03,0.025,0.003));
#2100=CARTESIAN_POINT('',(0.0271354120376402,0.0225337684205527,0.000172705159099523));
#2101=CARTESIAN_POINT('',(0.030000930763147,0.0224701242606578,-0.00102341847250038));
#2102=CARTESIAN_POINT('',(0.0328608649097717,0.0225336411526654,0.00017096873090199));
#2103=CARTESIAN_POINT('',(0.0340119678724871,0.0223683564445586,0.00303714213984974));
#2104=CARTESIAN_POINT('',(0.0328407443814179,0.0217672472475886,0.00583074827425994));
#2105=CARTESIAN_POINT('',(0.0300027748333351,0.0213704543957684,0.00702128929017916));
#2106=CARTESIAN_POINT('',(0.0271627121397058,0.0217661973952311,0.00583408969438153));
#2107=CARTESIAN_POINT('',(0.0259881547036001,0.022367585942347,0.00304324541092364));
#2108=CARTESIAN_POINT('',(0.0271354120376402,0.0225337684205527,0.000172705159099523));
#2109=CARTESIAN_POINT('',(0.030000930763147,0.0224701242606578,-0.00102341847250038));
#2110=CARTESIAN_POINT('',(0.0328608649097717,0.0225336411526654,0.00017096873090199));
#2111=CARTESIAN_POINT('',(0.03,0.0224913177693082,-0.000625));
#2112=CARTESIAN_POINT('',(0.03,0.02,0.003));
#2113=CARTESIAN_POINT('',(0.03,0.02,-0.000625));
#2114=CARTESIAN_POINT('',(0.0475,0.025,0.003));
#2115=CARTESIAN_POINT('',(0.0446354120376402,0.0225337684205527,0.000172705159099526));
#2116=CARTESIAN_POINT('',(0.0475009307631471,0.0224701242606579,-0.00102341847250038));
#2117=CARTESIAN_POINT('',(0.0503608649097717,0.0225336411526654,0.00017096873090199));
#2118=CARTESIAN_POINT('',(0.0515119678724871,0.0223683564445586,0.00303714213984974));
#2119=CARTESIAN_POINT('',(0.0503407443814179,0.0217672472475886,0.00583074827425994));
#2120=CARTESIAN_POINT('',(0.0475027748333351,0.0213704543957684,0.00702128929017916));
#2121=CARTESIAN_POINT('',(0.0446627121397058,0.0217661973952311,0.00583408969438152));
#2122=CARTESIAN_POINT('',(0.0434881547036001,0.022367585942347,0.00304324541092364));
#2123=CARTESIAN_POINT('',(0.0446354120376402,0.0225337684205527,0.000172705159099526));
#2124=CARTESIAN_POINT('',(0.0475009307631471,0.0224701242606579,-0.00102341847250038));
#2125=CARTESIAN_POINT('',(0.0503608649097717,0.0225336411526654,0.00017096873090199));
#2126=CARTESIAN_POINT('',(0.0475,0.0224913177693082,-0.000625));
#2127=CARTESIAN_POINT('',(0.0475,0.02,0.003));
#2128=CARTESIAN_POINT('',(0.0475,0.02,-0.000625));
#2129=CARTESIAN_POINT('',(0.065,0.025,0.003));
#2130=CARTESIAN_POINT('',(0.0621354120376402,0.0225337684205527,0.000172705159099517));
#2131=CARTESIAN_POINT('',(0.065000930763147,0.0224701242606578,-0.00102341847250038));
#2132=CARTESIAN_POINT('',(0.0678608649097716,0.0225336411526654,0.000170968730901984));
#2133=CARTESIAN_POINT('',(0.0690119678724871,0.0223683564445586,0.00303714213984974));
#2134=CARTESIAN_POINT('',(0.0678407443814179,0.0217672472475886,0.00583074827425994));
#2135=CARTESIAN_POINT('',(0.0650027748333351,0.0213704543957684,0.00702128929017916));
#2136=CARTESIAN_POINT('',(0.0621627121397058,0.0217661973952311,0.00583408969438151));
#2137=CARTESIAN_POINT('',(0.0609881547036001,0.022367585942347,0.00304324541092364));
#2138=CARTESIAN_POINT('',(0.0621354120376402,0.0225337684205527,0.000172705159099517));
#2139=CARTESIAN_POINT('',(0.065000930763147,0.0224701242606578,-0.00102341847250038));
#2140=CARTESIAN_POINT('',(0.0678608649097716,0.0225336411526654,0.000170968730901984));
#2141=CARTESIAN_POINT('',(0.065,0.0224913177693082,-0.000625));
#2142=CARTESIAN_POINT('',(0.065,0.02,0.003));
#2143=CARTESIAN_POINT('',(0.065,0.02,-0.000625));
#2144=CARTESIAN_POINT('',(0.096,-1.99999999999853E-6,0.003));
#2145=CARTESIAN_POINT('',(0.0925218208114865,0.0167103817653293,-0.00023492960241666));
#2146=CARTESIAN_POINT('',(0.0918656615909606,0.0166563801229554,0.000470569318944515));
#2147=CARTESIAN_POINT('',(0.09101982018367,0.0164602026171496,0.00225936124896137));
#2148=CARTESIAN_POINT('',(0.0914528120016465,0.015706153994565,0.00512309133783278));
#2149=CARTESIAN_POINT('',(0.0933231029239267,0.0147885221070525,0.00725839951082882));
#2150=CARTESIAN_POINT('',(0.0962075436563385,0.0144071440955407,0.00804725223355359));
#2151=CARTESIAN_POINT('',(0.0990107988467053,0.0149324228933502,0.00702880840594159));
#2152=CARTESIAN_POINT('',(0.100709432160338,0.0157933954005571,0.00474171883850089));
#2153=CARTESIAN_POINT('',(0.100900596099368,0.0165034282073671,0.00183968035658575));
#2154=CARTESIAN_POINT('',(0.0999050389559479,0.0167119566943534,0.000128988740271113));
#2155=CARTESIAN_POINT('',(0.0991908428322222,0.016765587482576,-0.000518667648422627));
#2156=CARTESIAN_POINT('',(0.0925218208114865,0.0167103817653293,-0.00023492960241666));
#2157=CARTESIAN_POINT('',(0.0991908428322222,0.016765587482576,-0.000518667648422627));
#2158=CARTESIAN_POINT('',(0.0991908428322222,0.016765587482576,-0.000518667648422627));
#2159=CARTESIAN_POINT('',(0.0982701258460848,0.0168370216928695,-0.00135360390534329));
#2160=CARTESIAN_POINT('',(0.0957796498483636,0.0168163172254888,-0.00224221679940689));
#2161=CARTESIAN_POINT('',(0.0933682587436602,0.0167813397228361,-0.00114501518754207));
#2162=CARTESIAN_POINT('',(0.0925218208114865,0.0167103817653293,-0.00023492960241666));
#2163=CARTESIAN_POINT('',(0.096,0.0225,0.003));
#2164=CARTESIAN_POINT('',(0.096,0.0225,-0.00175));
#2165=CARTESIAN_POINT('',(0.087,0.016664672502793,-6.65661785675259E-12));
#2166=CARTESIAN_POINT('',(0.115,0.0168964546258843,-0.00119127891733723));
#2167=CARTESIAN_POINT('',(0.087,0.0167306388349685,-0.00109763361317455));
#2168=CARTESIAN_POINT('',(0.115,0.0170191656878356,-0.00207052352278752));
#2169=CARTESIAN_POINT('',(0.087,0.0167060446019199,-0.00218522983386194));
#2170=CARTESIAN_POINT('',(0.115,0.0171418767497869,-0.00294976812823781));
#2171=CARTESIAN_POINT('',(0.087,0.0164825372429694,-0.00433965856177533));
#2172=CARTESIAN_POINT('',(0.115,0.0173872988736896,-0.00470825733913839));
#2173=CARTESIAN_POINT('',(0.087,0.0162830715225219,-0.00540665209028883));
#2174=CARTESIAN_POINT('',(0.115,0.0175100099356408,-0.00558750194458868));
#2175=CARTESIAN_POINT('',(0.087,0.0159934876335683,-0.00646303747138495));
#2176=CARTESIAN_POINT('',(0.115,0.0176327209975921,-0.00646674655003897));
#2177=CARTESIAN_POINT('',(0.101,0.0167805635643387,-0.000595639461996925));
#2178=CARTESIAN_POINT('',(0.115,0.0168964546258843,-0.00119127891733723));
#2179=CARTESIAN_POINT('',(0.101,0.0167805635643387,-0.000595639461996925));
#2180=CARTESIAN_POINT('',(0.101,0.0168131043132691,-0.00646489201482079));
#2181=CARTESIAN_POINT('',(0.115,0.0176327209975921,-0.00646674655003897));
#2182=CARTESIAN_POINT('',(0.115,0.0172645878117382,-0.0038290127336881));
#2183=CARTESIAN_POINT('',(0.115,0.0168964546258843,-0.00119127891733723));
#2184=CARTESIAN_POINT('',(0.087,0.016664672502793,-6.65661785675259E-12));
#2185=CARTESIAN_POINT('',(0.115,0.0167850295276615,-0.000392900067327139));
#2186=CARTESIAN_POINT('',(0.087,0.0165955933720818,0.00114942838926861));
#2187=CARTESIAN_POINT('',(0.115,0.0166806993137055,0.000354642789426044));
#2188=CARTESIAN_POINT('',(0.087,0.0164230362105165,0.00232988321735628));
#2189=CARTESIAN_POINT('',(0.115,0.0165268645743716,0.00145689357708448));
#2190=CARTESIAN_POINT('',(0.087,0.0159988561619695,0.00408395998681304));
#2191=CARTESIAN_POINT('',(0.115,0.0164760297581935,0.0018211332567254));
#2192=CARTESIAN_POINT('',(0.087,0.0158302733794653,0.00466593526952812));
#2193=CARTESIAN_POINT('',(0.115,0.016373916695571,0.00255278986558579));
#2194=CARTESIAN_POINT('',(0.087,0.015440112951901,0.00581452325623437));
#2195=CARTESIAN_POINT('',(0.115,0.0163226384491263,0.00292020679480527));
#2196=CARTESIAN_POINT('',(0.087,0.0152170816278234,0.00638406748575026));
#2197=CARTESIAN_POINT('',(0.115,0.0161661431281923,0.00404152107993504));
#2198=CARTESIAN_POINT('',(0.087,0.0144852587281947,0.00802993739208329));
#2199=CARTESIAN_POINT('',(0.115,0.0160582654721028,0.00481448193331668));
#2200=CARTESIAN_POINT('',(0.087,0.0139157869625162,0.0090424032953804));
#2201=CARTESIAN_POINT('',(0.115,0.0158247729492569,0.00648749362322224));
#2202=CARTESIAN_POINT('',(0.087,0.0126994641714588,0.0108585694020205));
#2203=CARTESIAN_POINT('',(0.115,0.0156990516887585,0.00738752961674969));
#2204=CARTESIAN_POINT('',(0.087,0.0120519921613968,0.0116618654630622));
#2205=CARTESIAN_POINT('',(0.115,0.0155064439275693,0.008768666895325));
#2206=CARTESIAN_POINT('',(0.087,0.0111818539968468,0.0126093628489184));
#2207=CARTESIAN_POINT('',(0.115,0.0154390836916903,0.00915839438033841));
#2208=CARTESIAN_POINT('',(0.087,0.0109402410811321,0.0128585782117986));
#2209=CARTESIAN_POINT('',(0.115,0.0152711582330745,0.0099534937434201));
#2210=CARTESIAN_POINT('',(0.087,0.0104590664123942,0.013331034757941));
#2211=CARTESIAN_POINT('',(0.115,0.0151706279971065,0.0103588689054961));
#2212=CARTESIAN_POINT('',(0.087,0.010218772836693,0.0135551065237961));
#2213=CARTESIAN_POINT('',(0.115,0.0148142546659007,0.0115901770977899));
#2214=CARTESIAN_POINT('',(0.087,0.00949915954772083,0.0141952766085952));
#2215=CARTESIAN_POINT('',(0.115,0.0145031381166825,0.012431451077794));
#2216=CARTESIAN_POINT('',(0.087,0.00902121992513614,0.014579483496412));
#2217=CARTESIAN_POINT('',(0.115,0.0137171059208044,0.0141054720644113));
#2218=CARTESIAN_POINT('',(0.087,0.00806728563960162,0.0152812694820257));
#2219=CARTESIAN_POINT('',(0.115,0.013242107665436,0.0149380369950986));
#2220=CARTESIAN_POINT('',(0.087,0.00759132891114083,0.0155989003640709));
#2221=CARTESIAN_POINT('',(0.115,0.0121280608758871,0.0165421781626447));
#2222=CARTESIAN_POINT('',(0.087,0.00663640881941568,0.0161815597869995));
#2223=CARTESIAN_POINT('',(0.115,0.0114890189851182,0.0173135392840662));
#2224=CARTESIAN_POINT('',(0.087,0.00615742804924625,0.016446564565773));
#2225=CARTESIAN_POINT('',(0.115,0.0100646277646896,0.018746015070659));
#2226=CARTESIAN_POINT('',(0.087,0.00518799658171622,0.0169332034234821));
#2227=CARTESIAN_POINT('',(0.115,0.00927938035863458,0.0194069260673214));
#2228=CARTESIAN_POINT('',(0.087,0.00470187895103463,0.0171525327772334));
#2229=CARTESIAN_POINT('',(0.115,0.00759668906899622,0.0205789081768056));
#2230=CARTESIAN_POINT('',(0.087,0.00372410278553181,0.0175479290548015));
#2231=CARTESIAN_POINT('',(0.115,0.00669942618713538,0.0210898308609778));
#2232=CARTESIAN_POINT('',(0.087,0.00323126348122391,0.0177246386842844));
#2233=CARTESIAN_POINT('',(0.115,0.0048388543849924,0.0219373524884746));
#2234=CARTESIAN_POINT('',(0.087,0.00222620539847613,0.0180406069923861));
#2235=CARTESIAN_POINT('',(0.115,0.00387576981191605,0.0222738893363348));
#2236=CARTESIAN_POINT('',(0.087,0.00171398871054606,0.0181798728843896));
#2237=CARTESIAN_POINT('',(0.115,0.00193550970748376,0.0227665266253071));
#2238=CARTESIAN_POINT('',(0.087,0.000657282748725046,0.0184205935439946));
#2239=CARTESIAN_POINT('',(0.115,0.000958466517133287,0.0229226679795536));
#2240=CARTESIAN_POINT('',(0.087,0.000112790578838044,0.0185220902210436));
#2241=CARTESIAN_POINT('',(0.115,3.68628738645072E-18,0.0229949243658884));
#2242=CARTESIAN_POINT('',(0.087,-0.000455055793033959,0.0186017358612455));
#2243=CARTESIAN_POINT('',(0.115,0.0162279040365473,0.00359899418272333));
#2244=CARTESIAN_POINT('',(0.115,0.0155593534472103,0.00838926728278389));
#2245=CARTESIAN_POINT('',(0.115,-0.00127796099803187,0.00604302725413399));
#2246=CARTESIAN_POINT('',(0.115,0.,0.0229949243658884));
#2247=CARTESIAN_POINT('',(0.115,0.,0.0229949243658884));
#2248=CARTESIAN_POINT('',(0.105664858960837,0.,0.0215188071830117));
#2249=CARTESIAN_POINT('',(0.0963306809804878,2.50721752387273E-18,0.0200365529514817));
#2250=CARTESIAN_POINT('',(0.087,2.50721752387273E-18,0.0185324920733513));
#2251=CARTESIAN_POINT('',(0.07,0.0128062484748657,-0.0185));
#2252=CARTESIAN_POINT('',(0.087,0.0164793392052676,-0.0164793392053001));
#2253=CARTESIAN_POINT('',(0.07,0.0147613096198173,-0.0171466487131996));
#2254=CARTESIAN_POINT('',(0.087,0.0178155394682807,-0.0147514858645389));
#2255=CARTESIAN_POINT('',(0.07,0.0164994663756666,-0.0154812972551821));
#2256=CARTESIAN_POINT('',(0.087,0.0189238249748581,-0.0128477942811346));
#2257=CARTESIAN_POINT('',(0.07,0.0193707715357832,-0.0116908582017555));
#2258=CARTESIAN_POINT('',(0.087,0.0206094929980194,-0.00881780862951856));
#2259=CARTESIAN_POINT('',(0.07,0.0205032887789493,-0.00956650953232552));
#2260=CARTESIAN_POINT('',(0.087,0.021186695324988,-0.0066918926165374));
#2261=CARTESIAN_POINT('',(0.07,0.0220499281143412,-0.00506987431179986));
#2262=CARTESIAN_POINT('',(0.087,0.0217705894353342,-0.00236276698837152));
#2263=CARTESIAN_POINT('',(0.07,0.0224637911080697,-0.0026983410529566));
#2264=CARTESIAN_POINT('',(0.087,0.0217772354439034,-0.000159896758176892));
#2265=CARTESIAN_POINT('',(0.07,0.0225316293853329,0.00205636393351643));
#2266=CARTESIAN_POINT('',(0.087,0.0212194734690021,0.00417267322001087));
#2267=CARTESIAN_POINT('',(0.07,0.0221855933043591,0.00443873913613292));
#2268=CARTESIAN_POINT('',(0.087,0.0206551092116923,0.00630203331299156));
#2269=CARTESIAN_POINT('',(0.07,0.0207678698854699,0.00897766872886583));
#2270=CARTESIAN_POINT('',(0.087,0.0189937884004543,0.0103421167525615));
#2271=CARTESIAN_POINT('',(0.07,0.0196964200496009,0.0111334627414269));
#2272=CARTESIAN_POINT('',(0.087,0.0178969620869938,0.0122525233738357));
#2273=CARTESIAN_POINT('',(0.07,0.0169344226446754,0.0150042755598718));
#2274=CARTESIAN_POINT('',(0.087,0.0152455569237228,0.0157241673211206));
#2275=CARTESIAN_POINT('',(0.07,0.0152443377752028,0.0167186459134879));
#2276=CARTESIAN_POINT('',(0.087,0.0136911859327715,0.0172851324850486));
#2277=CARTESIAN_POINT('',(0.07,0.0114133219689969,0.0195355838668077));
#2278=CARTESIAN_POINT('',(0.087,0.0102307974014242,0.0199512105500458));
#2279=CARTESIAN_POINT('',(0.07,0.00927303281759492,0.0206376795630922));
#2280=CARTESIAN_POINT('',(0.087,0.00832505114073412,0.0210561144419628));
#2281=CARTESIAN_POINT('',(0.07,0.00475479060385394,0.0221200117924599));
#2282=CARTESIAN_POINT('',(0.087,0.00429203684390573,0.0227345234261254));
#2283=CARTESIAN_POINT('',(0.07,0.00237777706818444,0.0225));
#2284=CARTESIAN_POINT('',(0.087,0.00216516282302591,0.0233078865816563));
#2285=CARTESIAN_POINT('',(0.07,-8.67361737988404E-19,0.0225));
#2286=CARTESIAN_POINT('',(0.087,-8.67361737988404E-19,0.0235959460544086));
#2287=CARTESIAN_POINT('',(0.087,0.0166305436322432,0.0139104017813587));
#2288=CARTESIAN_POINT('',(0.087,0.0164971594775434,0.0140864822425791));
#2289=CARTESIAN_POINT('',(0.087,0.0163615765629887,0.0142606196785007));
#2290=CARTESIAN_POINT('',(0.087,0.0162237208678473,0.0144329085599901));
#2291=CARTESIAN_POINT('',(0.087,0.0162237085049027,0.0144328986678699));
#2292=CARTESIAN_POINT('',(0.0869999977809669,0.0166305441871172,0.0139104022016858));
#2293=CARTESIAN_POINT('',(0.0869999966712073,0.0211604993991086,-0.00636445369879494));
#2294=CARTESIAN_POINT('',(0.086123378345924,0.0214993206098774,-0.00475848206941645));
#2295=CARTESIAN_POINT('',(0.0848307823516651,0.0219628886726364,-0.00126501080391856));
#2296=CARTESIAN_POINT('',(0.0842379435200946,0.0214487803446342,0.00433304558563669));
#2297=CARTESIAN_POINT('',(0.0849678050737787,0.019595708884241,0.00961689186494205));
#2298=CARTESIAN_POINT('',(0.0862064181362303,0.0176772861343709,0.012592881224448));
#2299=CARTESIAN_POINT('',(0.0869999823847237,0.016630555093717,0.0139103896483095));
#2300=CARTESIAN_POINT('',(0.087,0.0211605369205011,-0.00636445979788334));
#2301=CARTESIAN_POINT('',(0.087,0.021139482251971,-0.00646302389761589));
#2302=CARTESIAN_POINT('',(0.087,0.0211465795864476,-0.00643018417221827));
#2303=CARTESIAN_POINT('',(0.087,0.0211536102108928,-0.00639733210018575));
#2304=CARTESIAN_POINT('',(0.087,0.0211605741253065,-0.00636446768151832));
#2305=CARTESIAN_POINT('',(0.087,0.0211394448908572,-0.00646302182845109));
#2306=CARTESIAN_POINT('',(0.087,-0.00329702040566404,-0.00118569344834898));
#2307=CARTESIAN_POINT('',(0.087,0.0164793392052674,-0.0164793392052999));
#2308=CARTESIAN_POINT('',(0.0870000000000969,0.0164793392052886,-0.0164793392052886));
#2309=CARTESIAN_POINT('',(0.0813517752946373,0.0160839276041464,-0.0160839276041464));
#2310=CARTESIAN_POINT('',(0.0756755233484136,0.015924076905452,-0.015924076905452));
#2311=CARTESIAN_POINT('',(0.07,0.0159095073343851,-0.0159095073343851));
#2312=CARTESIAN_POINT('',(0.07,0.0159097049542414,-0.0159097049568405));
#2313=CARTESIAN_POINT('',(0.07,3.31474314149459E-18,-3.46944695195361E-18));
#2314=CARTESIAN_POINT('',(0.07,0.,0.0225));
#2315=CARTESIAN_POINT('',(0.0784973471316224,0.,0.0230478020036377));
#2316=CARTESIAN_POINT('',(0.087,-8.89045781438114E-19,0.0235959460544086));
#2317=CARTESIAN_POINT('',(0.087,0.0162237208678473,0.0144329085599901));
#2318=CARTESIAN_POINT('',(0.087,0.0142375437178025,0.0169151871431855));
#2319=CARTESIAN_POINT('',(0.087,0.00929690980753408,0.0211192444847329));
#2320=CARTESIAN_POINT('',(0.087,0.0031549510043233,0.0231762023228057));
#2321=CARTESIAN_POINT('',(0.087,0.,0.0235959460544086));
#2322=CARTESIAN_POINT('',(0.0859072265065905,0.000199469694591531,-0.00193870582837868));
#2323=CARTESIAN_POINT('',(0.0870542740432611,0.0211366100763394,-0.00646316818395004));
#2324=CARTESIAN_POINT('',(0.0870360858065556,0.0211446279325646,-0.00643032890617588));
#2325=CARTESIAN_POINT('',(0.0870179959325157,0.0211526164577603,-0.00639742842309753));
#2326=CARTESIAN_POINT('',(0.0870000037711145,0.0211605740610231,-0.00636446670586805));
#2327=CARTESIAN_POINT('',(0.087054274003105,0.0211366094610217,-0.00646317104078005));
#2328=CARTESIAN_POINT('',(0.101,0.0203986033713254,-0.00650024544801721));
#2329=CARTESIAN_POINT('',(0.012,0.0153265394822184,-0.0153265394822184));
#2330=CARTESIAN_POINT('',(0.0825,0.0146724657096209,-0.0146724657096209));
#2331=CARTESIAN_POINT('',(0.0825,0.0135410948597224,-0.0135410948597224));
#2332=CARTESIAN_POINT('',(0.0825,0.0147431763877395,-0.0147431763877395));
#2333=CARTESIAN_POINT('',(0.012,0.0147431763877395,-0.0147431763877395));
#2334=CARTESIAN_POINT('',(0.012,0.0173241161390704,-0.0173241161390704));
#2335=CARTESIAN_POINT('',(0.012,0.0173241161390704,-0.0173241161390704));
#2336=CARTESIAN_POINT('',(0.012,0.0153265394822184,-0.0153265394822184));
#2337=CARTESIAN_POINT('',(0.012,0.0159099025766973,-0.0159099025766973));
#2338=CARTESIAN_POINT('',(0.07,0.0159099025766973,-0.0159099025766973));
#2339=CARTESIAN_POINT('',(0.101,0.0170898687475683,-0.0170898687475846));
#2340=CARTESIAN_POINT('',(0.115,0.0177004467426225,-0.017700422619081));
#2341=CARTESIAN_POINT('',(0.117,0.0177003982898693,-0.0177003982898693));
#2342=CARTESIAN_POINT('',(0.1155,0.0177003982898693,-0.0177003982898693));
#2343=CARTESIAN_POINT('',(0.117555225848851,0.017276237888158,-0.017276237888158));
#2344=CARTESIAN_POINT('',(0.116947647196675,0.0175482516711982,-0.0175482516711982));
#2345=CARTESIAN_POINT('',(0.116229185492254,0.0177003982898693,-0.0177003982898693));
#2346=CARTESIAN_POINT('',(0.1155,0.0177003982898693,-0.0177003982898693));
#2347=CARTESIAN_POINT('',(0.117555225848851,0.0172762378881579,-0.0172762378881582));
#2348=CARTESIAN_POINT('',(0.1155205273931,0.026609970526604,-0.0266099705266039));
#2349=CARTESIAN_POINT('',(0.119499733581837,0.00835623539747675,-0.00835623539747674));
#2350=CARTESIAN_POINT('',(0.012,0.00835623539747675,-0.00835623539747674));
#2351=CARTESIAN_POINT('',(0.1195,0.00835623539747675,-0.00835623539747674));
#2352=CARTESIAN_POINT('',(0.1195,-0.0260077930083972,0.0260077930083972));
#2353=CARTESIAN_POINT('',(0.1195,0.00149822424406978,-0.00149822424406977));
#2354=CARTESIAN_POINT('',(0.119493308527975,0.00135847388835179,-0.00135847388835179));
#2355=CARTESIAN_POINT('',(0.119497718523678,0.00140500582593012,-0.00140500582593012));
#2356=CARTESIAN_POINT('',(0.119500000000002,0.00145158807274994,-0.00145158807274994));
#2357=CARTESIAN_POINT('',(0.119500000000002,0.00149822424406973,-0.00149822424406973));
#2358=CARTESIAN_POINT('',(0.119493308527975,0.00135847388835179,-0.00135847388835178));
#2359=CARTESIAN_POINT('',(0.118,0.0015,-0.0015));
#2360=CARTESIAN_POINT('',(0.118,0.,0.));
#2361=CARTESIAN_POINT('',(0.,-1.7347234759768E-18,0.));
#2362=CARTESIAN_POINT('',(0.115,0.,0.));
#2363=CARTESIAN_POINT('',(0.115,-0.0260077930083972,0.0260077930083972));
#2364=CARTESIAN_POINT('',(0.115,0.0162009589181927,-0.0162009401880614));
#2365=CARTESIAN_POINT('',(0.087,0.0128936125514867,-0.0128936125561365));
#2366=CARTESIAN_POINT('',(0.0963333026440555,0.0139961797695054,-0.0139961797741552));
#2367=CARTESIAN_POINT('',(0.105666642069998,0.0150985913039468,-0.0150985913039468));
#2368=CARTESIAN_POINT('',(0.114999999999964,0.0162009244968411,-0.0162009244968411));
#2369=CARTESIAN_POINT('',(0.07,0.00284687576256716,-0.00284687576256715));
#2370=CARTESIAN_POINT('',(0.012,0.0135410948597224,-0.0135410948597224));
#2371=CARTESIAN_POINT('',(0.1155,6.49061109835036E-5,-0.00885509356880647));
#2372=CARTESIAN_POINT('',(0.1195,0.0157864131401874,-0.00835623539747674));
#2373=CARTESIAN_POINT('',(0.1195,0.0158018026879899,-0.00835623539747674));
#2374=CARTESIAN_POINT('',(0.119499911278068,0.0158171989795599,-0.00835623539747674));
#2375=CARTESIAN_POINT('',(0.119499733581837,0.0158326020340798,-0.00835623539747674));
#2376=CARTESIAN_POINT('',(0.1195,0.0157864131401874,-0.00835623539747674));
#2377=CARTESIAN_POINT('',(0.119499733581837,0.0158326020340798,-0.00835623539747674));
#2378=CARTESIAN_POINT('',(0.119499733581837,0.0158326020340793,-0.00835623539747849));
#2379=CARTESIAN_POINT('',(0.119497272177942,0.0160463185342727,-0.00836752654767508));
#2380=CARTESIAN_POINT('',(0.119458243750775,0.0164399369696771,-0.00854656089227232));
#2381=CARTESIAN_POINT('',(0.119325180189579,0.0170182765738048,-0.00915696077762843));
#2382=CARTESIAN_POINT('',(0.119123673316441,0.0174879202970378,-0.0100813293362039));
#2383=CARTESIAN_POINT('',(0.118865300485023,0.0178236213614025,-0.0112665579987969));
#2384=CARTESIAN_POINT('',(0.118513438222207,0.018034712922144,-0.0128806489110913));
#2385=CARTESIAN_POINT('',(0.118067353839615,0.017934328640615,-0.0149269631202229));
#2386=CARTESIAN_POINT('',(0.117723221311081,0.0175412856874712,-0.0165055955728352));
#2387=CARTESIAN_POINT('',(0.117555225848851,0.017276237888158,-0.0172762378881582));
#2388=CARTESIAN_POINT('',(0.1155,6.49061109835036E-5,-0.00885509356880647));
#2389=CARTESIAN_POINT('',(0.1155,0.0196577257279634,-0.00653746127344797));
#2390=CARTESIAN_POINT('',(0.119499999909053,0.015685420417873,-0.00700734479474166));
#2391=CARTESIAN_POINT('',(0.119499926267209,0.0160284413096637,-0.00696676889469561));
#2392=CARTESIAN_POINT('',(0.119410161054105,0.0166717417736273,-0.00689042988329968));
#2393=CARTESIAN_POINT('',(0.119106299020542,0.0174620906411857,-0.00679678995337089));
#2394=CARTESIAN_POINT('',(0.118782192908428,0.0179725146454694,-0.00673659685023567));
#2395=CARTESIAN_POINT('',(0.118555754788007,0.0182522093616896,-0.00670365740276412));
#2396=CARTESIAN_POINT('',(0.118419474999727,0.0184013067012984,-0.00668607494753354));
#2397=CARTESIAN_POINT('',(0.118343596086896,0.018480728381007,-0.00667669456389919));
#2398=CARTESIAN_POINT('',(0.118175953920718,0.0186406240321711,-0.00665777202217398));
#2399=CARTESIAN_POINT('',(0.117974003128824,0.018811193513849,-0.00663757663451596));
#2400=CARTESIAN_POINT('',(0.11758737702133,0.0190929767833527,-0.0066041960769174));
#2401=CARTESIAN_POINT('',(0.116761423722977,0.0195176050766854,-0.00655389999879267));
#2402=CARTESIAN_POINT('',(0.115994954451254,0.0196577257279634,-0.00653746127344803));
#2403=CARTESIAN_POINT('',(0.1155,0.0196577257279634,-0.00653746127344803));
#2404=CARTESIAN_POINT('',(0.119499999962763,0.0156851709573427,-0.00700737954088683));
#2405=CARTESIAN_POINT('',(0.1195,6.49061109835036E-5,-0.00885509356880647));
#2406=CARTESIAN_POINT('',(0.1195,-0.00048559668775533,0.0515299893290391));
#2407=CARTESIAN_POINT('',(0.1195,-0.00048559668775533,-0.00835623539747674));
#2408=CARTESIAN_POINT('',(0.1195,0.0156959708437286,-0.00708927486266311));
#2409=CARTESIAN_POINT('',(0.1195,0.0146485461143445,0.000430728483771205));
#2410=CARTESIAN_POINT('',(0.1195,-0.0179224950325646,0.016769187359315));
#2411=CARTESIAN_POINT('',(0.1195,0.0015,0.00702637211068042));
#2412=CARTESIAN_POINT('',(0.1195,0.0015,0.0515299893290391));
#2413=CARTESIAN_POINT('',(0.1195,0.0015,-0.00135847388835178));
#2414=CARTESIAN_POINT('',(0.1195,-0.004,-0.00135847388835178));
#2415=CARTESIAN_POINT('',(0.012,0.,0.003));
#2416=CARTESIAN_POINT('',(0.012,2.61728593571492E-20,0.021675));
#2417=CARTESIAN_POINT('',(0.012,-3.46944695195361E-18,0.0245));
#2418=CARTESIAN_POINT('',(0.012,-4.2522190291532E-20,0.0225));
#2419=CARTESIAN_POINT('',(0.012,3.31474314149459E-18,-3.46944695195361E-18));
#2420=CARTESIAN_POINT('',(0.012,-7.7351905229513E-20,3.46944695195361E-18));
#2421=CARTESIAN_POINT('',(0.012,0.0137532268940783,-0.0126218560441799));
#2422=CARTESIAN_POINT('',(0.012,0.0139653589284343,-0.0117026172286374));
#2423=CARTESIAN_POINT('',(0.0825,0.0139653589284343,-0.0117026172286374));
#2424=CARTESIAN_POINT('',(0.0825,0.0137532268940783,-0.0126218560441799));
#2425=CARTESIAN_POINT('',(0.012,0.0152735064736294,-0.0130107647738325));
#2426=CARTESIAN_POINT('',(0.012,0.0165816540188245,-0.0143189123190276));
#2427=CARTESIAN_POINT('',(0.0825,0.0165816540188245,-0.0143189123190276));
#2428=CARTESIAN_POINT('',(0.0825,0.0152735064736294,-0.0130107647738325));
#2429=CARTESIAN_POINT('',(0.012,0.0156624152032821,-0.0145310443533835));
#2430=CARTESIAN_POINT('',(0.0825,0.0156624152032821,-0.0145310443533835));
#2431=CARTESIAN_POINT('',(0.012,-7.7351905229513E-20,3.46944695195361E-18));
#2432=CARTESIAN_POINT('',(0.012,-3.46944695195361E-18,0.0245));
#2433=CARTESIAN_POINT('',(0.012,2.61728593571492E-20,0.021675));
#2434=CARTESIAN_POINT('',(0.005,-5.29305311473962E-20,0.022625));
#2435=CARTESIAN_POINT('',(0.005,-5.29305311473962E-20,0.022625));
#2436=CARTESIAN_POINT('',(0.005,2.61728593571492E-20,0.021675));
#2437=CARTESIAN_POINT('',(0.005,1.95156391047391E-18,0.02085));
#2438=CARTESIAN_POINT('',(0.012,2.05998412772246E-18,0.02085));
#2439=CARTESIAN_POINT('',(0.0825,2.05998412772246E-18,0.02085));
#2440=CARTESIAN_POINT('',(0.0825,1.2490009027033E-19,0.01925));
#2441=CARTESIAN_POINT('',(0.0825,2.36421344645538E-19,0.01915));
#2442=CARTESIAN_POINT('',(0.012,1.84314369322536E-18,0.01915));
#2443=CARTESIAN_POINT('',(0.07,0.,-0.0185));
#2444=CARTESIAN_POINT('',(0.115,0.,0.0515299893290391));
#2445=CARTESIAN_POINT('',(0.118,0.,0.0515299893290391));
#2446=CARTESIAN_POINT('',(0.118,0.,0.0181115240351205));
#2447=CARTESIAN_POINT('',(0.118881260006726,0.,0.0120409856599797));
#2448=CARTESIAN_POINT('',(0.117185991622043,8.67361737988404E-19,0.0237188011818888));
#2449=CARTESIAN_POINT('',(0.115704954736886,0.,0.025));
#2450=CARTESIAN_POINT('',(0.116064022837145,0.,0.025));
#2451=CARTESIAN_POINT('',(0.116769328590426,0.,0.0247342774529571));
#2452=CARTESIAN_POINT('',(0.117134405610723,0.,0.0240741501809912));
#2453=CARTESIAN_POINT('',(0.117185991622043,0.,0.0237188011818888));
#2454=CARTESIAN_POINT('',(0.115704954736886,0.,0.025));
#2455=CARTESIAN_POINT('',(0.1195,0.,0.025));
#2456=CARTESIAN_POINT('',(0.115,0.,0.025));
#2457=CARTESIAN_POINT('',(0.101,-7.58941520739853E-19,0.0242979730272043));
#2458=CARTESIAN_POINT('',(0.07,0.,0.0225));
#2459=CARTESIAN_POINT('',(0.012,0.0008,0.02135));
#2460=CARTESIAN_POINT('',(0.005,0.00144118481934382,0.0217507405120899));
#2461=CARTESIAN_POINT('',(0.005,0.00144118481934382,0.0217507405120899));
#2462=CARTESIAN_POINT('',(0.012,0.0016,0.02185));
#2463=CARTESIAN_POINT('',(0.0825,0.0016,0.02185));
#2464=CARTESIAN_POINT('',(0.0825,0.0008,0.02135));
#2465=CARTESIAN_POINT('',(0.005,0.0008,0.02135));
#2466=CARTESIAN_POINT('',(0.012,0.0016,0.02));
#2467=CARTESIAN_POINT('',(0.005,0.0016,0.02));
#2468=CARTESIAN_POINT('',(0.005,0.0016,0.0207160545827099));
#2469=CARTESIAN_POINT('',(0.005,0.0016,0.0212839454172901));
#2470=CARTESIAN_POINT('',(0.005,0.0016,0.0207160545827099));
#2471=CARTESIAN_POINT('',(0.012,0.0016,0.01815));
#2472=CARTESIAN_POINT('',(0.0825,0.0016,0.01815));
#2473=CARTESIAN_POINT('',(0.0825,0.0016,0.02));
#2474=CARTESIAN_POINT('',(0.005,0.0016,0.0212839454172901));
#2475=CARTESIAN_POINT('',(0.012,0.0008,0.01865));
#2476=CARTESIAN_POINT('',(0.0825,0.0008,0.01865));
#2477=CARTESIAN_POINT('',(0.07,3.31474314149459E-18,-3.46944695195361E-18));
#2478=CARTESIAN_POINT('',(0.07,-0.0128062484748657,-0.0185));
#2479=CARTESIAN_POINT('',(0.10569029335955,0.0201503942476449,-0.00651271162587363));
#2480=CARTESIAN_POINT('',(0.115,0.0196577257279634,-0.00653746127344797));
#2481=CARTESIAN_POINT('',(0.10569029335955,0.0201134453099634,-0.00570401091606686));
#2482=CARTESIAN_POINT('',(0.115,0.0195334186096757,-0.00564499624060646));
#2483=CARTESIAN_POINT('',(0.10569029335955,0.0200680632877307,-0.00489370978218667));
#2484=CARTESIAN_POINT('',(0.115,0.019409111491388,-0.00475253120776496));
#2485=CARTESIAN_POINT('',(0.10569029335955,0.0199833315599178,-0.00361592771009531));
#2486=CARTESIAN_POINT('',(0.115,0.0192134472198442,-0.00334775630078644));
#2487=CARTESIAN_POINT('',(0.10569029335955,0.019949607234434,-0.00314970595905761));
#2488=CARTESIAN_POINT('',(0.115,0.0191420900665879,-0.00283544642664944));
#2489=CARTESIAN_POINT('',(0.10569029335955,0.0199130685460766,-0.0026831923933298));
#2490=CARTESIAN_POINT('',(0.115,0.0190707329133318,-0.00232313655251243));
#2491=CARTESIAN_POINT('',(0.107050245353109,0.0197900210573383,-0.00263059582101835));
#2492=CARTESIAN_POINT('',(0.106757274369529,0.0199329582119462,-0.00396552675234111));
#2493=CARTESIAN_POINT('',(0.106330159168599,0.0200590039467965,-0.00527202477724133));
#2494=CARTESIAN_POINT('',(0.105745818449244,0.0201474558667913,-0.00651285923808627));
#2495=CARTESIAN_POINT('',(0.107050245919972,0.0197900212341583,-0.00263059323809218));
#2496=CARTESIAN_POINT('',(0.105745818449244,0.0201474558667913,-0.00651285923808627));
#2497=CARTESIAN_POINT('',(0.101,0.0203374429519907,-0.00286459096843797));
#2498=CARTESIAN_POINT('',(0.115,0.0190707329133318,-0.00232313655251243));
#2499=CARTESIAN_POINT('',(0.115,0.0193642293206476,-0.00443029891298019));
#2500=CARTESIAN_POINT('',(0.115,0.0196577257279634,-0.00653746127344797));
#2501=CARTESIAN_POINT('',(0.101,0.0203986033713254,-0.00650024544801721));
#2502=CARTESIAN_POINT('',(0.117,0.0193642293206476,-0.00443029891298019));
#2503=CARTESIAN_POINT('',(0.1195,0.0175425108111049,0.00864875956607376));
#2504=CARTESIAN_POINT('',(0.1155,0.0175425108111049,0.00864875956607376));
#2505=CARTESIAN_POINT('',(0.115,0.0175425108111049,0.00864875956607376));
#2506=CARTESIAN_POINT('',(0.1155,0.0187299930303007,0.000123211131262238));
#2507=CARTESIAN_POINT('',(0.117,0.0196577257279634,-0.00653746127344797));
#2508=CARTESIAN_POINT('',(0.115,0.0183066218622183,0.00316281150678067));
#2509=CARTESIAN_POINT('',(0.1195,0.00860364654526569,0.0122872806643349));
#2510=CARTESIAN_POINT('',(0.11821897970517,0.00860364654526569,0.0122872806643349));
#2511=CARTESIAN_POINT('',(0.117406926499722,0.0108455237668641,0.0167565072778865));
#2512=CARTESIAN_POINT('',(0.115,0.00860364654526569,0.0122872806643349));
#2513=CARTESIAN_POINT('',(0.115,0.00860364654526569,0.00728728066433488));
#2514=CARTESIAN_POINT('',(0.1155,0.00737860997586611,0.0526253564661255));
#2515=CARTESIAN_POINT('',(0.116462744706219,0.0171327368868275,0.0107383632117165));
#2516=CARTESIAN_POINT('',(0.11631438790626,0.0172145776024544,0.0104174628240932));
#2517=CARTESIAN_POINT('',(0.115969481478274,0.0173821783187888,0.00967766567306799));
#2518=CARTESIAN_POINT('',(0.115657511948238,0.0174937802617949,0.00899862135910226));
#2519=CARTESIAN_POINT('',(0.1155,0.0175425108111052,0.00864875956607161));
#2520=CARTESIAN_POINT('',(0.116462742849926,0.0171327369827045,0.010738364094359));
#2521=CARTESIAN_POINT('',(0.116462742629791,0.0171327372597906,0.0107383642664667));
#2522=CARTESIAN_POINT('',(0.116514962341915,0.0171039303018106,0.0108513178075212));
#2523=CARTESIAN_POINT('',(0.116637723461396,0.0170427133855316,0.0110693414704434));
#2524=CARTESIAN_POINT('',(0.117006272137923,0.0168949618054697,0.0112161667636273));
#2525=CARTESIAN_POINT('',(0.117323649832794,0.0167781995805738,0.0109746322697193));
#2526=CARTESIAN_POINT('',(0.117524634161275,0.0167086504593867,0.0106598890006545));
#2527=CARTESIAN_POINT('',(0.117678583195078,0.0166599898099596,0.0103167852309534));
#2528=CARTESIAN_POINT('',(0.117842962305899,0.0166139441495422,0.00983724738227488));
#2529=CARTESIAN_POINT('',(0.117997642895428,0.0165800147244757,0.0092283606474774));
#2530=CARTESIAN_POINT('',(0.118146994243575,0.0165559534996482,0.00848870452783563));
#2531=CARTESIAN_POINT('',(0.118319878526608,0.016532720623029,0.00749702607494557));
#2532=CARTESIAN_POINT('',(0.11851203457669,0.0165024458884777,0.0062523450955538));
#2533=CARTESIAN_POINT('',(0.118734826550997,0.016431149239669,0.00475936887619271));
#2534=CARTESIAN_POINT('',(0.118916652698027,0.0163269342358897,0.00351766188323728));
#2535=CARTESIAN_POINT('',(0.119058340730189,0.0162066766039038,0.00252674180441883));
#2536=CARTESIAN_POINT('',(0.119159466649313,0.0160929481541412,0.00179420006133796));
#2537=CARTESIAN_POINT('',(0.119277091984554,0.0159218515799636,0.00104259567545231));
#2538=CARTESIAN_POINT('',(0.119396296036149,0.0155504292275451,0.000692683342697077));
#2539=CARTESIAN_POINT('',(0.119434489597032,0.015363575341905,0.000523318556359811));
#2540=CARTESIAN_POINT('',(0.119434489597031,0.015363575341908,0.000523318556356955));
#2541=CARTESIAN_POINT('',(0.1155,0.0105224077504585,0.030054407812518));
#2542=CARTESIAN_POINT('',(0.117200186394664,-0.00022173277448859,0.0237322476053954));
#2543=CARTESIAN_POINT('',(0.117010457558042,-0.000164673810770044,0.0250105679154811));
#2544=CARTESIAN_POINT('',(0.115719586351924,-0.000248259220767457,0.0250151044796224));
#2545=CARTESIAN_POINT('',(0.11702415104671,0.00248892621507273,0.0235851276908935));
#2546=CARTESIAN_POINT('',(0.116824054316983,0.00273457799505917,0.024840264052321));
#2547=CARTESIAN_POINT('',(0.115543551004012,0.0026947419679027,0.0248553742867475));
#2548=CARTESIAN_POINT('',(0.116863777491176,0.00783801544335245,0.0220066184880154));
#2549=CARTESIAN_POINT('',(0.116652631558659,0.00849014207124365,0.0231339689419407));
#2550=CARTESIAN_POINT('',(0.115383177448418,0.00850232455860144,0.0231415642950327));
#2551=CARTESIAN_POINT('',(0.117248838147381,0.0139477265347052,0.0162893516431438));
#2552=CARTESIAN_POINT('',(0.117065360740947,0.0150929022080361,0.0169787822361156));
#2553=CARTESIAN_POINT('',(0.115768238104644,0.015135725172071,0.0169342460063215));
#2554=CARTESIAN_POINT('',(0.118177891642663,0.0168413569691282,0.00843807068373179));
#2555=CARTESIAN_POINT('',(0.118063635381572,0.0182560780566418,0.00851546227653661));
#2556=CARTESIAN_POINT('',(0.116697291599931,0.0182773810723058,0.00840999810753275));
#2557=CARTESIAN_POINT('',(0.119027895342902,0.0162171051623807,0.00289598113570172));
#2558=CARTESIAN_POINT('',(0.118970474207734,0.0176297466991811,0.00258290848500034));
#2559=CARTESIAN_POINT('',(0.117547295300142,0.0175996219678255,0.00239287231252054));
#2560=CARTESIAN_POINT('',(0.119465609988868,0.0152992798377198,0.000341198737914101));
#2561=CARTESIAN_POINT('',(0.119437719660189,0.0166823218105688,-0.000160448272882414));
#2562=CARTESIAN_POINT('',(0.117985009946128,0.0166031259010587,-0.000380891433643007));
#2563=CARTESIAN_POINT('',(0.118325391754974,-0.00127796099803189,0.00604302725413392));
#2564=CARTESIAN_POINT('',(0.119805991797713,-0.00117014230617952,0.00625796595034022));
#2565=CARTESIAN_POINT('',(0.118,0.0015,0.0239974621829442));
#2566=CARTESIAN_POINT('',(0.118,0.0015,-0.00135847388835178));
#2567=CARTESIAN_POINT('',(0.118,0.0015,0.0173590860579992));
#2568=CARTESIAN_POINT('',(0.118,-0.004,-0.00135847388835178));
#2569=CARTESIAN_POINT('',(0.118078958763079,0.0112496373191125,0.011924515594941));
#2570=CARTESIAN_POINT('',(0.1195,-0.00127796099803189,0.00604302725413392));
#2571=CARTESIAN_POINT('',(0.115,-0.00127796099803189,0.00604302725413392));
#2572=CARTESIAN_POINT('',(0.117,6.49061109835036E-5,-0.00885509356880647));
#2573=CARTESIAN_POINT('',(0.115,6.4906110983514E-5,-0.00885509356880647));
#2574=CARTESIAN_POINT('',(0.115,-1.51788304147971E-18,0.025));
#2575=CARTESIAN_POINT('',(0.087,0.,0.0235959460544086));
#2576=CARTESIAN_POINT('',(0.115,0.00148077229175873,0.0249001755575005));
#2577=CARTESIAN_POINT('',(0.087,0.00108275330067212,0.0234518934494056));
#2578=CARTESIAN_POINT('',(0.115,0.00300169388931896,0.02462036199916));
#2579=CARTESIAN_POINT('',(0.087,0.00215249448527493,0.0232374201915935));
#2580=CARTESIAN_POINT('',(0.115,0.00597405395958683,0.0236737108280855));
#2581=CARTESIAN_POINT('',(0.087,0.00426752214655496,0.0226672087151507));
#2582=CARTESIAN_POINT('',(0.115,0.00742454108219834,0.0230068654887871));
#2583=CARTESIAN_POINT('',(0.087,0.00530029969019074,0.0223149434916351));
#2584=CARTESIAN_POINT('',(0.115,0.0101115212793098,0.0213330595558255));
#2585=CARTESIAN_POINT('',(0.087,0.00731679719323849,0.0214756906728363));
#2586=CARTESIAN_POINT('',(0.115,0.0113469474134335,0.0203267867278203));
#2587=CARTESIAN_POINT('',(0.087,0.00829467335708028,0.0209912755433652));
#2588=CARTESIAN_POINT('',(0.115,0.013499824821519,0.0180859149061532));
#2589=CARTESIAN_POINT('',(0.087,0.0101895968913273,0.0198925908559029));
#2590=CARTESIAN_POINT('',(0.115,0.0144167735083388,0.0168524352947119));
#2591=CARTESIAN_POINT('',(0.087,0.0110959093685373,0.0192847101055783));
#2592=CARTESIAN_POINT('',(0.115,0.015894744139739,0.0143053630047962));
#2593=CARTESIAN_POINT('',(0.087,0.0128260740439314,0.0179516328692075));
#2594=CARTESIAN_POINT('',(0.115,0.0164559649717026,0.0129928786296535));
#2595=CARTESIAN_POINT('',(0.087,0.0136451002243363,0.0172303239234001));
#2596=CARTESIAN_POINT('',(0.115,0.0170210778607336,0.0111862010523286));
#2597=CARTESIAN_POINT('',(0.087,0.0147376188583345,0.0161331223153966));
#2598=CARTESIAN_POINT('',(0.115,0.0171592200674339,0.0106631903107132));
#2599=CARTESIAN_POINT('',(0.087,0.0150129005508145,0.0158412589810104));
#2600=CARTESIAN_POINT('',(0.115,0.0173861916458053,0.00963815707066255));
#2601=CARTESIAN_POINT('',(0.087,0.0155828708091975,0.0152072130225983));
#2602=CARTESIAN_POINT('',(0.115,0.0174748328194406,0.00913611245180887));
#2603=CARTESIAN_POINT('',(0.087,0.01587780151944,0.0148652306163076));
#2604=CARTESIAN_POINT('',(0.115,0.0175612543864489,0.00851378606422699));
#2605=CARTESIAN_POINT('',(0.087,0.0163195240225462,0.0143131759777226));
#2606=CARTESIAN_POINT('',(0.115,0.0175798870167821,0.00838041647288104));
#2607=CARTESIAN_POINT('',(0.087,0.0164570539989849,0.014137888331628));
#2608=CARTESIAN_POINT('',(0.115,0.0177048831494359,0.00748300464988472));
#2609=CARTESIAN_POINT('',(0.087,0.017234318186476,0.0131201229912229));
#2610=CARTESIAN_POINT('',(0.115,0.0178043856009612,0.00676862513653395));
#2611=CARTESIAN_POINT('',(0.087,0.0178382101480567,0.0122115953561218));
#2612=CARTESIAN_POINT('',(0.115,0.0179929745021422,0.00541464796930124));
#2613=CARTESIAN_POINT('',(0.087,0.018928779789352,0.0103119898442523));
#2614=CARTESIAN_POINT('',(0.115,0.018082060951913,0.00477505031459161));
#2615=CARTESIAN_POINT('',(0.087,0.0194091409457091,0.00933210509006399));
#2616=CARTESIAN_POINT('',(0.115,0.0182536571686979,0.00354307240891785));
#2617=CARTESIAN_POINT('',(0.087,0.020239756612446,0.00731204510679636));
#2618=CARTESIAN_POINT('',(0.115,0.0183361669365669,0.00295069215181529));
#2619=CARTESIAN_POINT('',(0.087,0.0205877589679987,0.00627772614147962));
#2620=CARTESIAN_POINT('',(0.115,0.0184984491402568,0.00178558435878845));
#2621=CARTESIAN_POINT('',(0.087,0.0211488788939391,0.00416041943916466));
#2622=CARTESIAN_POINT('',(0.115,0.0185782215757285,0.00121285682537086));
#2623=CARTESIAN_POINT('',(0.087,0.0213589379273488,0.00308953380335667));
#2624=CARTESIAN_POINT('',(0.115,0.0187388684245163,5.94900901886363E-5));
#2625=CARTESIAN_POINT('',(0.087,0.0216377709716293,0.000923242766681169));
#2626=CARTESIAN_POINT('',(0.115,0.0188197428377224,-0.000521149110785644));
#2627=CARTESIAN_POINT('',(0.087,0.021705886376533,-0.000166171870654126));
#2628=CARTESIAN_POINT('',(0.115,0.0189577274232363,-0.00151181174812033));
#2629=CARTESIAN_POINT('',(0.087,0.0217003775235324,-0.00197894249939545));
#2630=CARTESIAN_POINT('',(0.115,0.0190134287963633,-0.00191172068722139));
#2631=CARTESIAN_POINT('',(0.087,0.0216675755737404,-0.0026939930803537));
#2632=CARTESIAN_POINT('',(0.115,0.0190707329133318,-0.00232313655251243));
#2633=CARTESIAN_POINT('',(0.087,0.0216041537940783,-0.00340603636420118));
#2634=CARTESIAN_POINT('',(0.087,0.0166305308234666,0.0139104188938483));
#2635=CARTESIAN_POINT('',(0.0873617548185434,0.0161321071714795,0.0145110161607621));
#2636=CARTESIAN_POINT('',(0.0881541308857375,0.0151105102534575,0.0156374894491815));
#2637=CARTESIAN_POINT('',(0.0896262226654713,0.0135902778432016,0.017135215688205));
#2638=CARTESIAN_POINT('',(0.0914199118552706,0.0122247186357393,0.0183592421784944));
#2639=CARTESIAN_POINT('',(0.0937111347883723,0.0112423474731643,0.0192038251239447));
#2640=CARTESIAN_POINT('',(0.0963820108400362,0.0112509249002146,0.019282921828775));
#2641=CARTESIAN_POINT('',(0.0987558961248062,0.0121417271535084,0.0185858278838263));
#2642=CARTESIAN_POINT('',(0.100741128493751,0.013300859928947,0.0174435405851729));
#2643=CARTESIAN_POINT('',(0.102470197147579,0.0145152166120297,0.0159418910180342));
#2644=CARTESIAN_POINT('',(0.103951169721511,0.0156509469114923,0.0141509722596515));
#2645=CARTESIAN_POINT('',(0.105204057202992,0.0166011950007537,0.012095341991087));
#2646=CARTESIAN_POINT('',(0.106203681743768,0.017364217436842,0.00983538420215795));
#2647=CARTESIAN_POINT('',(0.107172284873924,0.0183462274155271,0.00667533966524892));
#2648=CARTESIAN_POINT('',(0.107726789547524,0.0192762236232289,0.00247874098809092));
#2649=CARTESIAN_POINT('',(0.107419047932372,0.0196794162337627,-0.00095013493615447));
#2650=CARTESIAN_POINT('',(0.107050245919972,0.0197900212341583,-0.00263059323809218));
#2651=CARTESIAN_POINT('',(0.087,0.0164793392052676,-0.0164793392053001));
#2652=CARTESIAN_POINT('',(0.115,0.0177003982898693,-0.0177003982898693));
#2653=CARTESIAN_POINT('',(0.087,0.0171473212019439,-0.0156155652961985));
#2654=CARTESIAN_POINT('',(0.115,0.0182056616674225,-0.0166930199547964));
#2655=CARTESIAN_POINT('',(0.087,0.0177570165566209,-0.0147101310317537));
#2656=CARTESIAN_POINT('',(0.115,0.0186243861493276,-0.0156422716399684));
#2657=CARTESIAN_POINT('',(0.087,0.0188589966278369,-0.0128173808961082));
#2658=CARTESIAN_POINT('',(0.115,0.0192765290544124,-0.0134847355251608));
#2659=CARTESIAN_POINT('',(0.087,0.0193452196912942,-0.0118402885473545));
#2660=CARTESIAN_POINT('',(0.115,0.0195099380595796,-0.0123779863123619));
#2661=CARTESIAN_POINT('',(0.087,0.0201881020103166,-0.00982530544943919));
#2662=CARTESIAN_POINT('',(0.115,0.0197846141059001,-0.0101408539794228));
#2663=CARTESIAN_POINT('',(0.087,0.0205423630610445,-0.00879264546520596));
#2664=CARTESIAN_POINT('',(0.115,0.0198258755007275,-0.00901050275734827));
#2665=CARTESIAN_POINT('',(0.087,0.0209439848943778,-0.00731354501128735));
#2666=CARTESIAN_POINT('',(0.115,0.0197482881980988,-0.00743463865468634));
#2667=CARTESIAN_POINT('',(0.087,0.0210473148111884,-0.00688948682073488));
#2668=CARTESIAN_POINT('',(0.115,0.0197106818586644,-0.00698514226172068));
#2669=CARTESIAN_POINT('',(0.087,0.0211394810146874,-0.00646302962258644));
#2670=CARTESIAN_POINT('',(0.115,0.0196577257279634,-0.00653746127344797));
#2671=CARTESIAN_POINT('',(0.105745817559301,0.0201474555049567,-0.00651286112786056));
#2672=CARTESIAN_POINT('',(0.105308296061478,0.0201811475252945,-0.00744192794501885));
#2673=CARTESIAN_POINT('',(0.104256145177341,0.0201003546654105,-0.00921999169462278));
#2674=CARTESIAN_POINT('',(0.10214405262468,0.0196576159902194,-0.0114195433286696));
#2675=CARTESIAN_POINT('',(0.0994890919300614,0.0191096131212656,-0.0129264137396111));
#2676=CARTESIAN_POINT('',(0.0964169567404165,0.0188089956664648,-0.0134101898596703));
#2677=CARTESIAN_POINT('',(0.0933806310663642,0.019036944474478,-0.0127185514742739));
#2678=CARTESIAN_POINT('',(0.0907674260635076,0.0196690070551051,-0.0111376953416428));
#2679=CARTESIAN_POINT('',(0.0886542274118519,0.0204366328214074,-0.00901078831426278));
#2680=CARTESIAN_POINT('',(0.087541741404473,0.0209214765802358,-0.00734330092120929));
#2681=CARTESIAN_POINT('',(0.0870542772125928,0.0211366086737335,-0.00646317390624851));
#2682=CARTESIAN_POINT('',(0.115,-0.00048559668775533,0.0515299893290391));
#2683=CARTESIAN_POINT('',(0.115,6.49061109834828E-5,-0.00885509356880647));
#2684=CARTESIAN_POINT('',(0.087,0.0159934876335683,-0.00646303747138495));
#2685=CARTESIAN_POINT('',(0.115,0.0176327209975921,-0.00646674655003897));
#2686=CARTESIAN_POINT('',(0.087,0.0156738623063855,-0.00762901229230519));
#2687=CARTESIAN_POINT('',(0.115,0.017856570834967,-0.0081133048074849));
#2688=CARTESIAN_POINT('',(0.087,0.015253338033107,-0.00874890051911002));
#2689=CARTESIAN_POINT('',(0.115,0.0178473977645385,-0.00979120896730051));
#2690=CARTESIAN_POINT('',(0.087,0.0142199901324166,-0.0108920827607577));
#2691=CARTESIAN_POINT('',(0.115,0.0173637855474897,-0.013079083588832));
#2692=CARTESIAN_POINT('',(0.087,0.0136077037767263,-0.0119168430210835));
#2693=CARTESIAN_POINT('',(0.115,0.0168894186920787,-0.0146885625732351));
#2694=CARTESIAN_POINT('',(0.087,0.0128948506975175,-0.0128919191891421));
#2695=CARTESIAN_POINT('',(0.115,0.0162009244968454,-0.0162009244968454));
#2696=CARTESIAN_POINT('',(0.117295525173787,0.025,-0.0184675577420765));
#2697=CARTESIAN_POINT('',(0.119499733581837,0.025,-0.00835623539747674));
#2698=CARTESIAN_POINT('',(0.119503027714638,0.025,-0.00835623539747674));
#2699=CARTESIAN_POINT('',(0.0825,0.,0.003));
#2700=CARTESIAN_POINT('',(0.0825,0.,0.003));
#2701=CARTESIAN_POINT('',(0.0991557114212367,0.0111676641442167,0.0187388222563893));
#2702=CARTESIAN_POINT('',(0.0991557114212367,0.025,0.0187388222563893));
#2703=CARTESIAN_POINT('',(0.0945468476345538,0.0111676641442167,0.0196096075409308));
#2704=CARTESIAN_POINT('',(0.0945468476345538,0.025,0.0196096075409308));
#2705=CARTESIAN_POINT('',(0.0901592131226513,0.0111676641442167,0.0179517306438328));
#2706=CARTESIAN_POINT('',(0.0901592131226513,0.025,0.0179517306438328));
#2707=CARTESIAN_POINT('',(0.0866607854659602,0.0111676641442167,0.0140175882939871));
#2708=CARTESIAN_POINT('',(0.0866607854659602,0.025,0.0140175882939871));
#2709=CARTESIAN_POINT('',(0.0845841685618861,0.0111676641442167,0.00840611800106849));
#2710=CARTESIAN_POINT('',(0.0845841685618861,0.025,0.00840611800106849));
#2711=CARTESIAN_POINT('',(0.0842455085094952,0.0111676641442167,0.0019716152490689));
#2712=CARTESIAN_POINT('',(0.0842455085094952,0.025,0.0019716152490689));
#2713=CARTESIAN_POINT('',(0.0856963632318029,0.0111676641442167,-0.00430632524693244));
#2714=CARTESIAN_POINT('',(0.0856963632318029,0.025,-0.00430632524693244));
#2715=CARTESIAN_POINT('',(0.0887158532493687,0.0111676641442167,-0.00947194395609161));
#2716=CARTESIAN_POINT('',(0.0887158532493687,0.025,-0.00947194395609161));
#2717=CARTESIAN_POINT('',(0.0928442885787634,0.0111676641442167,-0.0127388222563893));
#2718=CARTESIAN_POINT('',(0.0928442885787634,0.025,-0.0127388222563893));
#2719=CARTESIAN_POINT('',(0.0974531523654462,0.0111676641442167,-0.0136096075409308));
#2720=CARTESIAN_POINT('',(0.0974531523654462,0.025,-0.0136096075409308));
#2721=CARTESIAN_POINT('',(0.101840786877349,0.0111676641442167,-0.0119517306438329));
#2722=CARTESIAN_POINT('',(0.101840786877349,0.025,-0.0119517306438329));
#2723=CARTESIAN_POINT('',(0.10533921453404,0.0111676641442167,-0.00801758829398711));
#2724=CARTESIAN_POINT('',(0.10533921453404,0.025,-0.00801758829398711));
#2725=CARTESIAN_POINT('',(0.107415831438114,0.0111676641442167,-0.00240611800106855));
#2726=CARTESIAN_POINT('',(0.107415831438114,0.025,-0.00240611800106855));
#2727=CARTESIAN_POINT('',(0.107754491490505,0.0111676641442167,0.00402838475093117));
#2728=CARTESIAN_POINT('',(0.107754491490505,0.025,0.00402838475093117));
#2729=CARTESIAN_POINT('',(0.106303636768197,0.0111676641442167,0.0103063252469324));
#2730=CARTESIAN_POINT('',(0.106303636768197,0.025,0.0103063252469324));
#2731=CARTESIAN_POINT('',(0.103284146750631,0.0111676641442167,0.0154719439560916));
#2732=CARTESIAN_POINT('',(0.103284146750631,0.025,0.0154719439560916));
#2733=CARTESIAN_POINT('',(0.0991557114212367,0.0111676641442167,0.0187388222563893));
#2734=CARTESIAN_POINT('',(0.0991557114212367,0.025,0.0187388222563893));
#2735=CARTESIAN_POINT('',(0.0945468476345538,0.0111676641442167,0.0196096075409308));
#2736=CARTESIAN_POINT('',(0.0945468476345538,0.025,0.0196096075409308));
#2737=CARTESIAN_POINT('',(0.0901592131226513,0.0111676641442167,0.0179517306438328));
#2738=CARTESIAN_POINT('',(0.0901592131226513,0.025,0.0179517306438328));
#2739=CARTESIAN_POINT('',(0.096,0.025,0.003));
#2740=CARTESIAN_POINT('',(0.0945837191803506,0.025,0.0191881638439909));
#2741=CARTESIAN_POINT('',(0.0537717255658087,0.025,0.003));
#2742=CARTESIAN_POINT('',(0.0935643035518563,0.025,0.00721875));
#2743=CARTESIAN_POINT('',(0.0911286071037126,0.025,0.0058125));
#2744=CARTESIAN_POINT('',(0.096,0.025,0.008625));
#2745=CARTESIAN_POINT('',(0.0911286071037125,0.025,0.00300000000000004));
#2746=CARTESIAN_POINT('',(0.0911286071037125,0.025,0.000187500000000035));
#2747=CARTESIAN_POINT('',(0.0935643035518563,0.025,-0.00121875));
#2748=CARTESIAN_POINT('',(0.096,0.025,-0.002625));
#2749=CARTESIAN_POINT('',(0.0984356964481437,0.025,-0.00121875));
#2750=CARTESIAN_POINT('',(0.100871392896287,0.025,0.000187499999999986));
#2751=CARTESIAN_POINT('',(0.100871392896287,0.025,0.003));
#2752=CARTESIAN_POINT('',(0.100871392896287,0.025,0.0058125));
#2753=CARTESIAN_POINT('',(0.0984356964481438,0.025,0.00721875));
#2754=CARTESIAN_POINT('',(0.0911286071037125,0.0225,0.00300000000000004));
#2755=CARTESIAN_POINT('',(0.0911286071037126,0.0225,0.0058125));
#2756=CARTESIAN_POINT('',(0.0911286071037126,0.0225,0.0058125));
#2757=CARTESIAN_POINT('',(0.0911286071037125,0.0225,0.00300000000000004));
#2758=CARTESIAN_POINT('',(0.0911286071037125,0.0225,0.000187500000000035));
#2759=CARTESIAN_POINT('',(0.0911286071037125,0.0225,0.000187500000000035));
#2760=CARTESIAN_POINT('',(0.0935643035518563,0.0225,0.00721875));
#2761=CARTESIAN_POINT('',(0.096,0.0225,0.008625));
#2762=CARTESIAN_POINT('',(0.096,0.0225,0.008625));
#2763=CARTESIAN_POINT('',(0.0935643035518563,0.0225,0.00721875));
#2764=CARTESIAN_POINT('',(0.0984356964481438,0.0225,0.00721875));
#2765=CARTESIAN_POINT('',(0.100871392896287,0.0225,0.0058125));
#2766=CARTESIAN_POINT('',(0.100871392896287,0.0225,0.0058125));
#2767=CARTESIAN_POINT('',(0.0984356964481438,0.0225,0.00721875));
#2768=CARTESIAN_POINT('',(0.100871392896287,0.0225,0.003));
#2769=CARTESIAN_POINT('',(0.100871392896287,0.0225,0.000187499999999986));
#2770=CARTESIAN_POINT('',(0.100871392896287,0.0225,0.000187499999999986));
#2771=CARTESIAN_POINT('',(0.100871392896287,0.0225,0.003));
#2772=CARTESIAN_POINT('',(0.0984356964481437,0.0225,-0.00121875));
#2773=CARTESIAN_POINT('',(0.096,0.0225,-0.002625));
#2774=CARTESIAN_POINT('',(0.096,0.0225,-0.002625));
#2775=CARTESIAN_POINT('',(0.0984356964481437,0.0225,-0.00121875));
#2776=CARTESIAN_POINT('',(0.0935643035518563,0.0225,-0.00121875));
#2777=CARTESIAN_POINT('',(0.0935643035518563,0.0225,-0.00121875));
#2778=CARTESIAN_POINT('',(0.096,0.0225,0.003));
#2779=CARTESIAN_POINT('',(0.065,0.02,0.003));
#2780=CARTESIAN_POINT('',(0.065,0.02,0.003));
#2781=CARTESIAN_POINT('',(0.065,0.02,-0.002));
#2782=CARTESIAN_POINT('',(0.035,0.02,0.003));
#2783=CARTESIAN_POINT('',(0.0475,0.02,0.003));
#2784=CARTESIAN_POINT('',(0.0475,0.02,0.003));
#2785=CARTESIAN_POINT('',(0.0475,0.02,-0.002));
#2786=CARTESIAN_POINT('',(0.035,0.02,0.003));
#2787=CARTESIAN_POINT('',(0.03,0.02,0.003));
#2788=CARTESIAN_POINT('',(0.03,0.02,0.003));
#2789=CARTESIAN_POINT('',(0.03,0.02,-0.002));
#2790=CARTESIAN_POINT('',(0.035,0.02,0.003));
#2791=CARTESIAN_POINT('',(0.005,0.0181865334794732,-0.0105));
#2792=CARTESIAN_POINT('',(0.005,0.0181865334794732,-0.0105));
#2793=CARTESIAN_POINT('',(0.005,0.0181865334794732,-0.008875));
#2794=CARTESIAN_POINT('',(0.005,-0.00234423326026339,0.0009375));
#2795=CARTESIAN_POINT('',(0.005,0.0181865334794732,0.0105));
#2796=CARTESIAN_POINT('',(0.005,0.0181865334794732,0.0105));
#2797=CARTESIAN_POINT('',(0.005,0.0181865334794732,0.012125));
#2798=CARTESIAN_POINT('',(0.005,-0.00234423326026339,0.0009375));
#2799=CARTESIAN_POINT('',(0.005,-0.00234423326026339,0.0009375));
#2800=CARTESIAN_POINT('',(0.005,1.44198888940572E-17,0.021));
#2801=CARTESIAN_POINT('',(0.005,1.44198888940572E-17,0.021));
#2802=CARTESIAN_POINT('',(0.005,-0.00234423326026339,0.0009375));
#2803=CARTESIAN_POINT('',(0.005,1.44198888940572E-17,0.021));
#2804=CARTESIAN_POINT('',(0.005,1.44198888940572E-17,0.021));
#2805=CARTESIAN_POINT('',(0.07175,0.0206806474839225,0.00369740715173897));
#2806=CARTESIAN_POINT('',(0.07175,0.0206806474839225,0.00369740715173897));
#2807=CARTESIAN_POINT('',(0.07175,0.0204589333672281,0.00518093094678185));
#2808=CARTESIAN_POINT('',(0.03675,0.0206806474839225,0.00369740715173897));
#2809=CARTESIAN_POINT('',(0.02325,0.0206806474839225,0.00369740715173898));
#2810=CARTESIAN_POINT('',(0.02325,0.0206806474839225,0.00369740715173898));
#2811=CARTESIAN_POINT('',(0.02325,0.0204589333672281,0.00518093094678186));
#2812=CARTESIAN_POINT('',(0.03675,0.0206806474839225,0.00369740715173897));
#2813=CARTESIAN_POINT('',(0.03675,0.0206806474839225,0.00369740715173898));
#2814=CARTESIAN_POINT('',(0.03675,0.0206806474839225,0.00369740715173898));
#2815=CARTESIAN_POINT('',(0.03675,0.0204589333672281,0.00518093094678186));
#2816=CARTESIAN_POINT('',(0.03675,0.0206806474839225,0.00369740715173897));
#2817=CARTESIAN_POINT('',(0.04075,0.0206806474839225,0.00369740715173897));
#2818=CARTESIAN_POINT('',(0.04075,0.0206806474839225,0.00369740715173897));
#2819=CARTESIAN_POINT('',(0.04075,0.0204589333672281,0.00518093094678185));
#2820=CARTESIAN_POINT('',(0.03675,0.0206806474839225,0.00369740715173897));
#2821=CARTESIAN_POINT('',(0.05425,0.0206806474839225,0.00369740715173898));
#2822=CARTESIAN_POINT('',(0.05425,0.0206806474839225,0.00369740715173898));
#2823=CARTESIAN_POINT('',(0.05425,0.0204589333672281,0.00518093094678186));
#2824=CARTESIAN_POINT('',(0.03675,0.0206806474839225,0.00369740715173897));
#2825=CARTESIAN_POINT('',(0.05825,0.0206806474839225,0.00369740715173897));
#2826=CARTESIAN_POINT('',(0.05825,0.0206806474839225,0.00369740715173897));
#2827=CARTESIAN_POINT('',(0.05825,0.0204589333672281,0.00518093094678185));
#2828=CARTESIAN_POINT('',(0.03675,0.0206806474839225,0.00369740715173897));
#2829=MECHANICAL_DESIGN_GEOMETRIC_PRESENTATION_REPRESENTATION('',(#1338),
#2830);
#2830=(
GEOMETRIC_REPRESENTATION_CONTEXT(3)
GLOBAL_UNCERTAINTY_ASSIGNED_CONTEXT((#2831))
GLOBAL_UNIT_ASSIGNED_CONTEXT((#2834,#2833,#2832))
REPRESENTATION_CONTEXT('Front_Grip_A','TOP_LEVEL_ASSEMBLY_PART')
);
#2831=UNCERTAINTY_MEASURE_WITH_UNIT(LENGTH_MEASURE(2.09199739886283E-5),
#2834,'DISTANCE_ACCURACY_VALUE','Maximum Tolerance applied to model');
#2832=(
NAMED_UNIT(*)
SI_UNIT($,.STERADIAN.)
SOLID_ANGLE_UNIT()
);
#2833=(
NAMED_UNIT(*)
PLANE_ANGLE_UNIT()
SI_UNIT($,.RADIAN.)
);
#2834=(
LENGTH_UNIT()
NAMED_UNIT(*)
SI_UNIT($,.METRE.)
);
#2835=PRODUCT_DEFINITION_SHAPE('','',#2836);
#2836=PRODUCT_DEFINITION('','',#2838,#2837);
#2837=PRODUCT_DEFINITION_CONTEXT('',#2844,'design');
#2838=PRODUCT_DEFINITION_FORMATION_WITH_SPECIFIED_SOURCE('','',#2840,
 .NOT_KNOWN.);
#2839=PRODUCT_RELATED_PRODUCT_CATEGORY('','',(#2840));
#2840=PRODUCT('Front_Grip_A','Front_Grip_A','Front_Grip_A',(#2842));
#2841=PRODUCT_CATEGORY('','');
#2842=PRODUCT_CONTEXT('',#2844,'mechanical');
#2843=APPLICATION_PROTOCOL_DEFINITION('international standard',
'ap242_managed_model_based_3d_engineering',2011,#2844);
#2844=APPLICATION_CONTEXT('managed model based 3d engineering');
ENDSEC;
END-ISO-10303-21;
