ISO-10303-21;
HEADER;
/* Generated by software containing ST-Developer
 * from STEP Tools, Inc. (www.steptools.com) 
 */

FILE_DESCRIPTION(
/* description */ (''),
/* implementation_level */ '2;1');

FILE_NAME(
/* name */ '60550 Nut, Locking, M8 v1.step',
/* time_stamp */ '2025-05-26T12:12:13-07:00',
/* author */ (''),
/* organization */ (''),
/* preprocessor_version */ 'ST-DEVELOPER v20.1',
/* originating_system */ 'Autodesk Translation Framework v14.10.0.0',
/* authorisation */ '');

FILE_SCHEMA (('AUTOMOTIVE_DESIGN { 1 0 10303 214 3 1 1 }'));
ENDSEC;

DATA;
#10=MECHANICAL_DESIGN_GEOMETRIC_PRESENTATION_REPRESENTATION('',(#86,#87),
#2248);
#11=ITEM_DEFINED_TRANSFORMATION($,$,#729,#805);
#12=(
REPRESENTATION_RELATIONSHIP($,$,#2259,#2258)
REPRESENTATION_RELATIONSHIP_WITH_TRANSFORMATION(#11)
SHAPE_REPRESENTATION_RELATIONSHIP()
);
#13=CONTEXT_DEPENDENT_SHAPE_REPRESENTATION(#12,#2257);
#14=NEXT_ASSEMBLY_USAGE_OCCURRENCE(
'90631A115_Low-Strength Steel Nylon-Insert Locknut:1',
'90631A115_Low-Strength Steel Nylon-Insert Locknut:1',
'90631A115_Low-Strength Steel Nylon-Insert Locknut:1',#2261,#2262,
'90631A115_Low-Strength Steel Nylon-Insert Locknut:1');
#15=SHAPE_REPRESENTATION_RELATIONSHIP('SRR','None',#2259,#16);
#16=ADVANCED_BREP_SHAPE_REPRESENTATION('',(#88,#89),#2247);
#17=(
BOUNDED_SURFACE()
B_SPLINE_SURFACE(1,2,((#1717,#1718,#1719,#1720,#1721,#1722,#1723,#1724,
#1725,#1726,#1727,#1728,#1729,#1730,#1731,#1732,#1733,#1734,#1735,#1736,
#1737,#1738,#1739,#1740,#1741,#1742,#1743,#1744,#1745,#1746,#1747,#1748,
#1749,#1750,#1751,#1752,#1753,#1754,#1755,#1756,#1757,#1758,#1759,#1760,
#1761,#1762,#1763,#1764,#1765,#1766,#1767,#1768,#1769,#1770,#1771,#1772,
#1773,#1774,#1775,#1776,#1777,#1778,#1779,#1780,#1781,#1782,#1783,#1784,
#1785,#1786,#1787,#1788,#1789,#1790,#1791,#1792,#1793,#1794,#1795,#1796,
#1797,#1798,#1799,#1800,#1801,#1802,#1803,#1804,#1805,#1806,#1807,#1808,
#1809,#1810,#1811,#1812,#1813,#1814,#1815,#1816,#1817,#1818,#1819,#1820,
#1821),(#1822,#1823,#1824,#1825,#1826,#1827,#1828,#1829,#1830,#1831,#1832,
#1833,#1834,#1835,#1836,#1837,#1838,#1839,#1840,#1841,#1842,#1843,#1844,
#1845,#1846,#1847,#1848,#1849,#1850,#1851,#1852,#1853,#1854,#1855,#1856,
#1857,#1858,#1859,#1860,#1861,#1862,#1863,#1864,#1865,#1866,#1867,#1868,
#1869,#1870,#1871,#1872,#1873,#1874,#1875,#1876,#1877,#1878,#1879,#1880,
#1881,#1882,#1883,#1884,#1885,#1886,#1887,#1888,#1889,#1890,#1891,#1892,
#1893,#1894,#1895,#1896,#1897,#1898,#1899,#1900,#1901,#1902,#1903,#1904,
#1905,#1906,#1907,#1908,#1909,#1910,#1911,#1912,#1913,#1914,#1915,#1916,
#1917,#1918,#1919,#1920,#1921,#1922,#1923,#1924,#1925,#1926)),
 .UNSPECIFIED.,.F.,.F.,.F.)
B_SPLINE_SURFACE_WITH_KNOTS((2,2),(3,2,2,2,2,2,2,2,2,2,2,2,2,2,2,2,2,2,
2,2,2,2,2,2,2,2,2,2,2,2,2,2,2,2,2,2,2,2,2,2,2,2,2,2,2,2,2,2,2,2,2,2,3),
(0.,1.),(0.,0.0178571428571429,0.0357142857142857,0.0535714285714286,0.0714285714285714,
0.0892857142857143,0.107142857142857,0.125,0.142857142857143,0.160714285714286,
0.178571428571429,0.196428571428571,0.214285714285714,0.232142857142857,
0.25,0.267857142857143,0.285714285714286,0.303571428571429,0.321428571428571,
0.339285714285714,0.357142857142857,0.375,0.392857142857143,0.410714285714286,
0.428571428571429,0.446428571428571,0.464285714285714,0.482142857142857,
0.5,0.517857142857143,0.535714285714286,0.553571428571429,0.571428571428571,
0.589285714285714,0.607142857142857,0.625,0.642857142857143,0.660714285714286,
0.678571428571429,0.696428571428571,0.714285714285714,0.732142857142857,
0.75,0.767857142857143,0.785714285714286,0.803571428571429,0.821428571428571,
0.839285714285714,0.857142857142857,0.875,0.892857142857143,0.910714285714286,
0.914330482028053),.UNSPECIFIED.)
GEOMETRIC_REPRESENTATION_ITEM()
RATIONAL_B_SPLINE_SURFACE(((1.,0.923879532511287,1.,0.923879532511287,1.,
0.923879532511287,1.,0.923879532511287,1.,0.923879532511287,1.,0.923879532511287,
1.,0.923879532511287,1.,0.923879532511287,1.,0.923879532511287,1.,0.923879532511287,
1.,0.923879532511287,1.,0.923879532511287,1.,0.923879532511287,1.,0.923879532511287,
1.,0.923879532511287,1.,0.923879532511287,1.,0.923879532511287,1.,0.923879532511287,
1.,0.923879532511287,1.,0.923879532511287,1.,0.923879532511287,1.,0.923879532511287,
1.,0.923879532511287,1.,0.923879532511287,1.,0.923879532511287,1.,0.923879532511287,
1.,0.923879532511287,1.,0.923879532511287,1.,0.923879532511287,1.,0.923879532511287,
1.,0.923879532511287,1.,0.923879532511287,1.,0.923879532511287,1.,0.923879532511287,
1.,0.923879532511287,1.,0.923879532511287,1.,0.923879532511287,1.,0.923879532511287,
1.,0.923879532511287,1.,0.923879532511287,1.,0.923879532511287,1.,0.923879532511287,
1.,0.923879532511287,1.,0.923879532511287,1.,0.923879532511287,1.,0.923879532511287,
1.,0.923879532511287,1.,0.923879532511287,1.,0.923879532511287,1.,0.923879532511287,
1.,0.923879532511287,1.,0.984585072979644,0.975413407013305),(1.,0.923879532511287,
1.,0.923879532511287,1.,0.923879532511287,1.,0.923879532511287,1.,0.923879532511287,
1.,0.923879532511287,1.,0.923879532511287,1.,0.923879532511287,1.,0.923879532511287,
1.,0.923879532511287,1.,0.923879532511287,1.,0.923879532511287,1.,0.923879532511287,
1.,0.923879532511287,1.,0.923879532511287,1.,0.923879532511287,1.,0.923879532511287,
1.,0.923879532511287,1.,0.923879532511287,1.,0.923879532511287,1.,0.923879532511287,
1.,0.923879532511287,1.,0.923879532511287,1.,0.923879532511287,1.,0.923879532511287,
1.,0.923879532511287,1.,0.923879532511287,1.,0.923879532511287,1.,0.923879532511287,
1.,0.923879532511287,1.,0.923879532511287,1.,0.923879532511287,1.,0.923879532511287,
1.,0.923879532511287,1.,0.923879532511287,1.,0.923879532511287,1.,0.923879532511287,
1.,0.923879532511287,1.,0.923879532511287,1.,0.923879532511287,1.,0.923879532511287,
1.,0.923879532511287,1.,0.923879532511287,1.,0.923879532511287,1.,0.923879532511287,
1.,0.923879532511287,1.,0.923879532511287,1.,0.923879532511287,1.,0.923879532511287,
1.,0.923879532511287,1.,0.923879532511287,1.,0.984585072979644,0.975413407013305)))
REPRESENTATION_ITEM('')
SURFACE()
);
#18=(
BOUNDED_SURFACE()
B_SPLINE_SURFACE(1,2,((#1927,#1928,#1929,#1930,#1931,#1932,#1933,#1934,
#1935,#1936,#1937,#1938,#1939,#1940,#1941,#1942,#1943,#1944,#1945,#1946,
#1947,#1948,#1949,#1950,#1951,#1952,#1953,#1954,#1955,#1956,#1957,#1958,
#1959,#1960,#1961,#1962,#1963,#1964,#1965,#1966,#1967,#1968,#1969,#1970,
#1971,#1972,#1973,#1974,#1975,#1976,#1977,#1978,#1979,#1980,#1981,#1982,
#1983,#1984,#1985,#1986,#1987,#1988,#1989,#1990,#1991,#1992,#1993,#1994,
#1995,#1996,#1997,#1998,#1999,#2000,#2001,#2002,#2003,#2004,#2005,#2006,
#2007,#2008,#2009,#2010,#2011,#2012,#2013,#2014,#2015,#2016,#2017,#2018,
#2019,#2020,#2021,#2022,#2023,#2024,#2025,#2026,#2027,#2028,#2029,#2030,
#2031),(#2032,#2033,#2034,#2035,#2036,#2037,#2038,#2039,#2040,#2041,#2042,
#2043,#2044,#2045,#2046,#2047,#2048,#2049,#2050,#2051,#2052,#2053,#2054,
#2055,#2056,#2057,#2058,#2059,#2060,#2061,#2062,#2063,#2064,#2065,#2066,
#2067,#2068,#2069,#2070,#2071,#2072,#2073,#2074,#2075,#2076,#2077,#2078,
#2079,#2080,#2081,#2082,#2083,#2084,#2085,#2086,#2087,#2088,#2089,#2090,
#2091,#2092,#2093,#2094,#2095,#2096,#2097,#2098,#2099,#2100,#2101,#2102,
#2103,#2104,#2105,#2106,#2107,#2108,#2109,#2110,#2111,#2112,#2113,#2114,
#2115,#2116,#2117,#2118,#2119,#2120,#2121,#2122,#2123,#2124,#2125,#2126,
#2127,#2128,#2129,#2130,#2131,#2132,#2133,#2134,#2135,#2136)),
 .UNSPECIFIED.,.F.,.F.,.F.)
B_SPLINE_SURFACE_WITH_KNOTS((2,2),(3,2,2,2,2,2,2,2,2,2,2,2,2,2,2,2,2,2,
2,2,2,2,2,2,2,2,2,2,2,2,2,2,2,2,2,2,2,2,2,2,2,2,2,2,2,2,2,2,2,2,2,2,3),
(0.,1.0000205859678),(0.,0.0178571428571429,0.0357142857142857,0.0535714285714286,
0.0714285714285714,0.0892857142857143,0.107142857142857,0.125,0.142857142857143,
0.160714285714286,0.178571428571429,0.196428571428571,0.214285714285714,
0.232142857142857,0.25,0.267857142857143,0.285714285714286,0.303571428571429,
0.321428571428571,0.339285714285714,0.357142857142857,0.375,0.392857142857143,
0.410714285714286,0.428571428571429,0.446428571428571,0.464285714285714,
0.482142857142857,0.5,0.517857142857143,0.535714285714286,0.553571428571429,
0.571428571428571,0.589285714285714,0.607142857142857,0.625,0.642857142857143,
0.660714285714286,0.678571428571429,0.696428571428571,0.714285714285714,
0.732142857142857,0.75,0.767857142857143,0.785714285714286,0.803571428571429,
0.821428571428571,0.839285714285714,0.857142857142857,0.875,0.892857142857143,
0.910714285714286,0.914330348631121),.UNSPECIFIED.)
GEOMETRIC_REPRESENTATION_ITEM()
RATIONAL_B_SPLINE_SURFACE(((1.,0.923879532511287,1.,0.923879532511287,1.,
0.923879532511287,1.,0.923879532511287,1.,0.923879532511287,1.,0.923879532511287,
1.,0.923879532511287,1.,0.923879532511287,1.,0.923879532511287,1.,0.923879532511287,
1.,0.923879532511287,1.,0.923879532511287,1.,0.923879532511287,1.,0.923879532511287,
1.,0.923879532511287,1.,0.923879532511287,1.,0.923879532511287,1.,0.923879532511287,
1.,0.923879532511287,1.,0.923879532511287,1.,0.923879532511287,1.,0.923879532511287,
1.,0.923879532511287,1.,0.923879532511287,1.,0.923879532511287,1.,0.923879532511287,
1.,0.923879532511287,1.,0.923879532511287,1.,0.923879532511287,1.,0.923879532511287,
1.,0.923879532511287,1.,0.923879532511287,1.,0.923879532511287,1.,0.923879532511287,
1.,0.923879532511287,1.,0.923879532511287,1.,0.923879532511287,1.,0.923879532511287,
1.,0.923879532511287,1.,0.923879532511287,1.,0.923879532511287,1.,0.923879532511287,
1.,0.923879532511287,1.,0.923879532511287,1.,0.923879532511287,1.,0.923879532511287,
1.,0.923879532511287,1.,0.923879532511287,1.,0.923879532511287,1.,0.923879532511287,
1.,0.923879532511287,1.,0.984585641616907,0.975414083684235),(1.,0.923879532511287,
1.,0.923879532511287,1.,0.923879532511287,1.,0.923879532511287,1.,0.923879532511287,
1.,0.923879532511287,1.,0.923879532511287,1.,0.923879532511287,1.,0.923879532511287,
1.,0.923879532511287,1.,0.923879532511287,1.,0.923879532511287,1.,0.923879532511287,
1.,0.923879532511287,1.,0.923879532511287,1.,0.923879532511287,1.,0.923879532511287,
1.,0.923879532511287,1.,0.923879532511287,1.,0.923879532511287,1.,0.923879532511287,
1.,0.923879532511287,1.,0.923879532511287,1.,0.923879532511287,1.,0.923879532511287,
1.,0.923879532511287,1.,0.923879532511287,1.,0.923879532511287,1.,0.923879532511287,
1.,0.923879532511287,1.,0.923879532511287,1.,0.923879532511287,1.,0.923879532511287,
1.,0.923879532511287,1.,0.923879532511287,1.,0.923879532511287,1.,0.923879532511287,
1.,0.923879532511287,1.,0.923879532511287,1.,0.923879532511287,1.,0.923879532511287,
1.,0.923879532511287,1.,0.923879532511287,1.,0.923879532511287,1.,0.923879532511287,
1.,0.923879532511287,1.,0.923879532511287,1.,0.923879532511287,1.,0.923879532511287,
1.,0.923879532511287,1.,0.923879532511287,1.,0.984585641616907,0.975414083684235)))
REPRESENTATION_ITEM('')
SURFACE()
);
#19=B_SPLINE_CURVE_WITH_KNOTS('',3,(#1116,#1117,#1118,#1119,#1120,#1121),
 .UNSPECIFIED.,.F.,.F.,(4,2,4),(-0.134007765101092,-0.0807300006297973,
0.),.UNSPECIFIED.);
#20=B_SPLINE_CURVE_WITH_KNOTS('',3,(#1122,#1123,#1124,#1125,#1126,#1127,
#1128,#1129,#1130,#1131,#1132,#1133),.UNSPECIFIED.,.F.,.F.,(4,2,2,2,2,4),
(-0.442009313688201,-0.406895149157078,-0.360418037135558,-0.319587310125359,
-0.223792792282756,-0.192343885091516),.UNSPECIFIED.);
#21=B_SPLINE_CURVE_WITH_KNOTS('',3,(#1140,#1141,#1142,#1143,#1144,#1145),
 .UNSPECIFIED.,.F.,.F.,(4,2,4),(1.00000005920364E-6,0.142046994841681,0.209064511210398),
 .UNSPECIFIED.);
#22=B_SPLINE_CURVE_WITH_KNOTS('',3,(#1151,#1152,#1153,#1154,#1155,#1156,
#1157,#1158,#1159,#1160,#1161,#1162,#1163,#1164,#1165,#1166,#1167,#1168,
#1169,#1170,#1171,#1172,#1173,#1174,#1175,#1176,#1177,#1178,#1179,#1180,
#1181,#1182,#1183,#1184,#1185,#1186),.UNSPECIFIED.,.F.,.F.,(4,2,2,2,2,2,
2,2,2,2,2,2,2,2,2,2,2,4),(9.78487714833967,9.79864165611204,9.95939921726445,
10.1141474522558,10.2750110777586,10.4298455880464,10.5908147348905,10.7457370505161,
10.9068112227225,11.0618226700836,11.2230014157032,11.3781031411196,11.5393860492592,
11.6945790405058,11.8559657384234,12.0112508442738,12.1119421229595,12.2142411541538),
 .UNSPECIFIED.);
#23=B_SPLINE_CURVE_WITH_KNOTS('',3,(#1188,#1189,#1190,#1191,#1192,#1193,
#1194,#1195,#1196,#1197,#1198,#1199,#1200,#1201,#1202,#1203,#1204,#1205,
#1206,#1207,#1208,#1209,#1210,#1211,#1212,#1213,#1214,#1215,#1216,#1217,
#1218,#1219,#1220,#1221,#1222,#1223),.UNSPECIFIED.,.F.,.F.,(4,2,2,2,2,2,
2,2,2,2,2,2,2,2,2,2,2,4),(0.209064511210398,0.296342976208241,0.454329931593126,
0.608719836442941,0.76657846505646,0.921073775284753,1.0788046631434,1.23341695755843,
1.39102106033314,1.54576189091312,1.703240556577,1.85812078420224,2.01547575784789,
2.17050566792758,2.32773911715966,2.48292837625571,2.64004289936089,2.73339224272274),
 .UNSPECIFIED.);
#24=B_SPLINE_CURVE_WITH_KNOTS('',3,(#1228,#1229,#1230,#1231,#1232,#1233,
#1234,#1235,#1236,#1237,#1238,#1239,#1240,#1241,#1242,#1243,#1244,#1245,
#1246,#1247,#1248,#1249,#1250,#1251,#1252,#1253,#1254,#1255,#1256,#1257,
#1258,#1259,#1260,#1261,#1262,#1263),.UNSPECIFIED.,.F.,.F.,(4,2,2,2,2,2,
2,2,2,2,2,2,2,2,2,2,2,4),(7.2552892736483,7.28132856088224,7.4412116041598,
7.59535849069362,7.75535394002619,7.90956409463088,8.06967094789747,8.22394858993539,
8.38416590583619,8.53851480437998,8.69884170302519,8.85326521037022,9.0137008728397,
9.16820195825699,9.32874562534689,9.48332690842378,9.64397787877054,9.78487714833967),
 .UNSPECIFIED.);
#25=B_SPLINE_CURVE_WITH_KNOTS('',3,(#1264,#1265,#1266,#1267,#1268,#1269,
#1270,#1271,#1272,#1273,#1274,#1275,#1276,#1277,#1278,#1279,#1280,#1281,
#1282,#1283,#1284,#1285,#1286,#1287,#1288,#1289,#1290,#1291,#1292,#1293,
#1294,#1295,#1296,#1297,#1298,#1299),.UNSPECIFIED.,.F.,.F.,(4,2,2,2,2,2,
2,2,2,2,2,2,2,2,2,2,2,4),(2.73339224272274,2.79540047585708,2.95239910336808,
3.10793320069835,3.26481939021546,3.42053739392586,3.57731501828753,3.73322345770658,
3.88989678682004,4.04600131160462,4.20257498844658,4.35888035978242,4.51781077490881,
4.67177934783079,4.83083312787347,4.98480213674185,5.14397805712101,5.25848657723105),
 .UNSPECIFIED.);
#26=B_SPLINE_CURVE_WITH_KNOTS('',3,(#1304,#1305,#1306,#1307,#1308,#1309,
#1310,#1311,#1312,#1313,#1314,#1315,#1316,#1317,#1318,#1319,#1320,#1321,
#1322,#1323,#1324,#1325,#1326,#1327,#1328,#1329,#1330,#1331,#1332,#1333,
#1334,#1335,#1336,#1337,#1338,#1339),.UNSPECIFIED.,.F.,.F.,(4,2,2,2,2,2,
2,2,2,2,2,2,2,2,2,2,2,4),(4.73029815696748,4.77785993482089,4.93424799352499,
5.0906561875743,5.24695473305014,5.4035704437056,5.55978503406881,5.71366989286845,
5.87297396883324,6.02688570104672,6.18630798157719,6.34025408414869,6.49979332565345,
6.65378070166739,6.81343569400853,6.96747066414139,7.12724024028,7.2552892736483),
 .UNSPECIFIED.);
#27=B_SPLINE_CURVE_WITH_KNOTS('',3,(#1340,#1341,#1342,#1343,#1344,#1345,
#1346,#1347,#1348,#1349,#1350,#1351,#1352,#1353,#1354,#1355,#1356,#1357,
#1358,#1359,#1360,#1361,#1362,#1363,#1364,#1365,#1366,#1367,#1368,#1369,
#1370,#1371,#1372,#1373,#1374,#1375),.UNSPECIFIED.,.F.,.F.,(4,2,2,2,2,2,
2,2,2,2,2,2,2,2,2,2,2,4),(5.25848657723105,5.29795679432154,5.45725359623018,
5.61125077856653,5.77066719033174,5.92469094278001,6.08422569812142,6.23828354785155,
6.39793540112359,6.5520342806964,6.71180201927771,6.86594827780327,7.02583073185284,
7.18003015283671,7.34002620267309,7.49428402727458,7.65439260865458,7.78620832539596),
 .UNSPECIFIED.);
#28=B_SPLINE_CURVE_WITH_KNOTS('',3,(#1381,#1382,#1383,#1384,#1385,#1386,
#1387,#1388,#1389,#1390,#1391,#1392,#1393,#1394,#1395,#1396,#1397,#1398,
#1399,#1400,#1401,#1402,#1403,#1404,#1405,#1406,#1407,#1408),
 .UNSPECIFIED.,.F.,.F.,(4,2,2,2,2,2,2,2,2,2,2,2,2,4),(10.3192046430855,
10.3307882789618,10.4918715307771,10.646904196634,10.8080925707306,10.9632143827611,
11.124507425095,11.2797195374724,11.4411168352075,11.596420242593,11.7579214211906,
11.9133169783714,12.0749216987816,12.2239368475041),.UNSPECIFIED.);
#29=B_SPLINE_CURVE_WITH_KNOTS('',3,(#1411,#1412,#1413,#1414,#1415,#1416,
#1417,#1418,#1419,#1420,#1421,#1422,#1423,#1424,#1425,#1426,#1427,#1428,
#1429,#1430,#1431,#1432,#1433,#1434,#1435,#1436,#1437,#1438,#1439,#1440,
#1441,#1442),.UNSPECIFIED.,.F.,.F.,(4,2,2,2,2,2,2,2,2,2,2,2,2,2,2,4),(9.99999999929761E-7,
0.12494096442615,0.251448170048298,0.405566987715105,0.563591845408966,
0.717791863632715,0.87568821675534,1.02998134640811,1.18774943524158,1.3421474777571,
1.49978787520046,1.65430241252958,1.81181605927138,1.96645863752599,2.12384686677658,
2.20718442979771),.UNSPECIFIED.);
#30=B_SPLINE_CURVE_WITH_KNOTS('',3,(#1487,#1488,#1489,#1490,#1491,#1492,
#1493,#1494,#1495,#1496,#1497,#1498,#1499,#1500,#1501,#1502,#1503,#1504,
#1505,#1506,#1507,#1508,#1509,#1510,#1511,#1512,#1513,#1514,#1515,#1516,
#1517,#1518,#1519,#1520,#1521,#1522),.UNSPECIFIED.,.F.,.F.,(4,2,2,2,2,2,
2,2,2,2,2,2,2,2,2,2,2,4),(2.20718442979771,2.27862840308928,2.43589301490454,
2.59082381494646,2.74796688866136,2.90305659954283,3.0600807160378,3.21533832756211,
3.37224649976454,3.52768023945374,3.68447590740935,3.84009318707472,3.9967802063646,
4.15258758325738,4.30917020706393,4.46517335989163,4.6216562152161,4.73029815696748),
 .UNSPECIFIED.);
#31=B_SPLINE_CURVE_WITH_KNOTS('',3,(#1523,#1524,#1525,#1526,#1527,#1528,
#1529,#1530,#1531,#1532,#1533,#1534,#1535,#1536,#1537,#1538,#1539,#1540,
#1541,#1542,#1543,#1544,#1545,#1546,#1547,#1548,#1549,#1550,#1551,#1552,
#1553,#1554,#1555,#1556,#1557,#1558),.UNSPECIFIED.,.F.,.F.,(4,2,2,2,2,2,
2,2,2,2,2,2,2,2,2,2,2,4),(7.78620832539596,7.808713563125,7.96893367070381,
8.12332199685302,8.28365268610179,8.43811217374807,8.59855256159078,8.75308658207198,
8.91363584648291,9.06824738643811,9.22890476521718,9.38359645998025,9.54436124889805,
9.69913541497238,9.86000696545011,10.0148656316528,10.1758433481177,10.3192046430855),
 .UNSPECIFIED.);
#32=B_SPLINE_CURVE_WITH_KNOTS('',3,(#1560,#1561,#1562,#1563,#1564,#1565),
 .UNSPECIFIED.,.F.,.F.,(4,2,4),(-0.192343885091516,-0.124713534409306,-9.99999999057311E-7),
 .UNSPECIFIED.);
#33=B_SPLINE_CURVE_WITH_KNOTS('',3,(#1569,#1570,#1571,#1572,#1573,#1574,
#1575,#1576,#1577,#1578,#1579,#1580,#1581,#1582,#1583,#1584,#1585,#1586,
#1587,#1588,#1589,#1590,#1591,#1592,#1593,#1594,#1595,#1596,#1597,#1598,
#1599,#1600,#1601,#1602,#1603,#1604),.UNSPECIFIED.,.F.,.F.,(4,2,2,2,2,2,
2,2,2,2,2,2,2,2,2,2,2,4),(-4.75706452901996,-4.18089604138849,-3.67606854776886,
-3.19874292844379,-2.76869012041356,-2.38717689051301,-2.04457129005735,
-1.74052964320222,-1.46632327028933,-1.23025704609859,-1.01105210595977,
-0.822083207300005,-0.645452403026997,-0.492978970471841,-0.348188112440388,
-0.2223179582028,-0.166254904030386,-0.134007765101091),.UNSPECIFIED.);
#34=B_SPLINE_CURVE_WITH_KNOTS('',3,(#1613,#1614,#1615,#1616,#1617,#1618,
#1619,#1620,#1621,#1622,#1623,#1624,#1625,#1626),.UNSPECIFIED.,.F.,.F.,
(4,2,2,2,2,2,4),(-2.97960896933551,-2.87175810280472,-2.76767549619023,
-2.5635506008792,-2.29237887177946,-2.04518261993555,-1.8994118473852),
 .UNSPECIFIED.);
#35=B_SPLINE_CURVE_WITH_KNOTS('',3,(#1630,#1631,#1632,#1633,#1634,#1635,
#1636,#1637,#1638,#1639,#1640,#1641,#1642,#1643,#1644,#1645,#1646,#1647,
#1648,#1649,#1650,#1651,#1652,#1653,#1654,#1655,#1656,#1657,#1658,#1659,
#1660,#1661,#1662,#1663,#1664,#1665),.UNSPECIFIED.,.F.,.F.,(4,2,2,2,2,2,
2,2,2,2,2,2,2,2,2,2,2,4),(-1.8994118473852,-1.82075921587646,-1.6152755238111,
-1.42860452753097,-1.25674020484523,-1.09994997389502,-0.960009021169813,
-0.888352158136901,-0.8162840525925,-0.681880144814734,-0.612926195888221,
-0.543231578929974,-0.414446540932088,-0.348200004033391,-0.280937920804933,
-0.157613019068408,-0.0795987680436232,-9.99999999917733E-7),
 .UNSPECIFIED.);
#36=B_SPLINE_CURVE_WITH_KNOTS('',3,(#1666,#1667,#1668,#1669,#1670,#1671,
#1672,#1673,#1674,#1675,#1676,#1677,#1678,#1679,#1680,#1681),
 .UNSPECIFIED.,.F.,.F.,(4,2,2,2,2,2,2,4),(-0.277388462911704,-0.242400414632442,
-0.202438877580018,-0.148554119384444,-0.134032678927328,-0.0743041793206255,
-0.0437598898366941,-9.99981301041952E-7),.UNSPECIFIED.);
#37=CONICAL_SURFACE('',#745,4.3125,0.78539816339744);
#38=CONICAL_SURFACE('',#754,10.4698641014501,1.13446401379631);
#39=CONICAL_SURFACE('',#756,6.49999999999998,1.13446401379631);
#40=CONICAL_SURFACE('',#772,4.3125,0.78539816339744);
#41=CONICAL_SURFACE('',#777,4.,0.785398163397442);
#42=CONICAL_SURFACE('',#789,6.49999999999998,1.13446401379631);
#43=CONICAL_SURFACE('',#790,6.49999999999998,1.13446401379631);
#44=CONICAL_SURFACE('',#791,6.49999999999998,1.13446401379631);
#45=CONICAL_SURFACE('',#792,6.49999999999998,1.13446401379631);
#46=CONICAL_SURFACE('',#793,6.49999999999998,1.13446401379631);
#47=CONICAL_SURFACE('',#800,10.4698641014501,1.13446401379631);
#48=CONICAL_SURFACE('',#801,10.4698641014501,1.13446401379631);
#49=CONICAL_SURFACE('',#802,10.4698641014501,1.13446401379631);
#50=CONICAL_SURFACE('',#803,10.4698641014501,1.13446401379631);
#51=CONICAL_SURFACE('',#804,10.4698641014501,1.13446401379631);
#52=(
BOUNDED_CURVE()
B_SPLINE_CURVE(2,(#1003,#1004,#1005,#1006,#1007,#1008,#1009),
 .UNSPECIFIED.,.F.,.F.)
B_SPLINE_CURVE_WITH_KNOTS((3,2,2,3),(0.703090675946159,0.72262097250022,
0.74215126905428,0.751362398801732),.UNSPECIFIED.)
CURVE()
GEOMETRIC_REPRESENTATION_ITEM()
RATIONAL_B_SPLINE_CURVE((1.,0.923879532511287,1.,0.923879532511287,1.,0.964099085718723,
0.962062273662585))
REPRESENTATION_ITEM('')
);
#53=(
BOUNDED_CURVE()
B_SPLINE_CURVE(2,(#1012,#1013,#1014,#1015,#1016,#1017,#1018,#1019,#1020),
 .UNSPECIFIED.,.F.,.F.)
B_SPLINE_CURVE_WITH_KNOTS((3,2,2,2,3),(0.642857142857143,0.660714285714286,
0.678571428571429,0.696428571428571,0.704850586901845),.UNSPECIFIED.)
CURVE()
GEOMETRIC_REPRESENTATION_ITEM()
RATIONAL_B_SPLINE_CURVE((1.,0.923879532511287,1.,0.923879532511287,1.,0.923879532511287,
1.,0.964099085718724,0.962062273662586))
REPRESENTATION_ITEM('')
);
#54=(
BOUNDED_CURVE()
B_SPLINE_CURVE(2,(#1025,#1026,#1027,#1028,#1029,#1030,#1031,#1032,#1033,
#1034,#1035,#1036,#1037,#1038,#1039,#1040,#1041),.UNSPECIFIED.,.F.,.F.)
B_SPLINE_CURVE_WITH_KNOTS((3,2,2,2,2,2,2,2,3),(0.546848303513678,0.566378600067738,
0.585908896621798,0.605439193175858,0.624969489729919,0.644499786283979,
0.664030082838039,0.683560379392099,0.703090675946159),.UNSPECIFIED.)
CURVE()
GEOMETRIC_REPRESENTATION_ITEM()
RATIONAL_B_SPLINE_CURVE((1.,0.923879532511287,1.,0.923879532511287,1.,0.923879532511287,
1.,0.923879532511287,1.,0.923879532511287,1.,0.923879532511287,1.,0.923879532511287,
1.,0.923879532511287,1.))
REPRESENTATION_ITEM('')
);
#55=(
BOUNDED_CURVE()
B_SPLINE_CURVE(2,(#1042,#1043,#1044,#1045,#1046,#1047,#1048,#1049,#1050,
#1051,#1052,#1053,#1054,#1055,#1056,#1057,#1058),.UNSPECIFIED.,.F.,.F.)
B_SPLINE_CURVE_WITH_KNOTS((3,2,2,2,2,2,2,2,3),(0.5,0.517857142857143,0.535714285714286,
0.553571428571429,0.571428571428571,0.589285714285714,0.607142857142857,
0.625,0.642857142857143),.UNSPECIFIED.)
CURVE()
GEOMETRIC_REPRESENTATION_ITEM()
RATIONAL_B_SPLINE_CURVE((1.,0.923879532511287,1.,0.923879532511287,1.,0.923879532511287,
1.,0.923879532511287,1.,0.923879532511287,1.,0.923879532511287,1.,0.923879532511287,
1.,0.923879532511287,1.))
REPRESENTATION_ITEM('')
);
#56=(
BOUNDED_CURVE()
B_SPLINE_CURVE(2,(#1063,#1064,#1065,#1066,#1067,#1068,#1069,#1070,#1071,
#1072,#1073,#1074,#1075,#1076,#1077,#1078,#1079),.UNSPECIFIED.,.F.,.F.)
B_SPLINE_CURVE_WITH_KNOTS((3,2,2,2,2,2,2,2,3),(0.390605931081196,0.410136227635257,
0.429666524189317,0.449196820743377,0.468727117297437,0.488257413851497,
0.507787710405557,0.527318006959618,0.546848303513678),.UNSPECIFIED.)
CURVE()
GEOMETRIC_REPRESENTATION_ITEM()
RATIONAL_B_SPLINE_CURVE((1.,0.923879532511287,1.,0.923879532511287,1.,0.923879532511287,
1.,0.923879532511287,1.,0.923879532511287,1.,0.923879532511287,1.,0.923879532511287,
1.,0.923879532511287,1.))
REPRESENTATION_ITEM('')
);
#57=(
BOUNDED_CURVE()
B_SPLINE_CURVE(2,(#1080,#1081,#1082,#1083,#1084,#1085,#1086,#1087,#1088,
#1089,#1090,#1091,#1092,#1093,#1094,#1095,#1096),.UNSPECIFIED.,.F.,.F.)
B_SPLINE_CURVE_WITH_KNOTS((3,2,2,2,2,2,2,2,3),(0.357142857142857,0.375,
0.392857142857143,0.410714285714286,0.428571428571429,0.446428571428571,
0.464285714285714,0.482142857142857,0.5),.UNSPECIFIED.)
CURVE()
GEOMETRIC_REPRESENTATION_ITEM()
RATIONAL_B_SPLINE_CURVE((1.,0.923879532511287,1.,0.923879532511287,1.,0.923879532511287,
1.,0.923879532511287,1.,0.923879532511287,1.,0.923879532511287,1.,0.923879532511287,
1.,0.923879532511287,1.))
REPRESENTATION_ITEM('')
);
#58=(
BOUNDED_CURVE()
B_SPLINE_CURVE(2,(#1102,#1103,#1104),.UNSPECIFIED.,.F.,.F.)
B_SPLINE_CURVE_WITH_KNOTS((3,3),(0.200065259317768,0.214285714285714),
 .UNSPECIFIED.)
CURVE()
GEOMETRIC_REPRESENTATION_ITEM()
RATIONAL_B_SPLINE_CURVE((0.975309662972939,0.939381809916512,1.))
REPRESENTATION_ITEM('')
);
#59=(
BOUNDED_CURVE()
B_SPLINE_CURVE(2,(#1107,#1108,#1109,#1110,#1111),.UNSPECIFIED.,.F.,.F.)
B_SPLINE_CURVE_WITH_KNOTS((3,2,3),(0.199280398745832,0.214833262094655,
0.234363558648715),.UNSPECIFIED.)
CURVE()
GEOMETRIC_REPRESENTATION_ITEM()
RATIONAL_B_SPLINE_CURVE((0.975309662972911,0.939381809916535,1.,0.923879532511287,
1.))
REPRESENTATION_ITEM('')
);
#60=(
BOUNDED_CURVE()
B_SPLINE_CURVE(2,(#1448,#1449,#1450),.UNSPECIFIED.,.F.,.F.)
B_SPLINE_CURVE_WITH_KNOTS((3,3),(2.32986553302618,3.16526499587928),
 .UNSPECIFIED.)
CURVE()
GEOMETRIC_REPRESENTATION_ITEM()
RATIONAL_B_SPLINE_CURVE((2.26470920953128,2.26470920953128,2.10211040392092))
REPRESENTATION_ITEM('')
);
#61=(
BOUNDED_CURVE()
B_SPLINE_CURVE(2,(#1451,#1452,#1453),.UNSPECIFIED.,.F.,.F.)
B_SPLINE_CURVE_WITH_KNOTS((3,3),(-3.16526499587928,-2.32986553302618),
 .UNSPECIFIED.)
CURVE()
GEOMETRIC_REPRESENTATION_ITEM()
RATIONAL_B_SPLINE_CURVE((2.10211040392092,2.26470920953127,2.26470920953127))
REPRESENTATION_ITEM('')
);
#62=(
BOUNDED_CURVE()
B_SPLINE_CURVE(2,(#1461,#1462,#1463),.UNSPECIFIED.,.F.,.F.)
B_SPLINE_CURVE_WITH_KNOTS((3,3),(-2.32986553302618,-1.49446607017308),
 .UNSPECIFIED.)
CURVE()
GEOMETRIC_REPRESENTATION_ITEM()
RATIONAL_B_SPLINE_CURVE((2.26470920953127,2.26470920953127,2.10211040392092))
REPRESENTATION_ITEM('')
);
#63=(
BOUNDED_CURVE()
B_SPLINE_CURVE(2,(#1464,#1465,#1466),.UNSPECIFIED.,.F.,.F.)
B_SPLINE_CURVE_WITH_KNOTS((3,3),(-3.16526499587928,-2.32986553302618),
 .UNSPECIFIED.)
CURVE()
GEOMETRIC_REPRESENTATION_ITEM()
RATIONAL_B_SPLINE_CURVE((2.10211040392092,2.26470920953127,2.26470920953127))
REPRESENTATION_ITEM('')
);
#64=(
BOUNDED_CURVE()
B_SPLINE_CURVE(2,(#1683,#1684,#1685,#1686,#1687,#1688,#1689,#1690,#1691,
#1692,#1693,#1694,#1695,#1696,#1697,#1698,#1699),.UNSPECIFIED.,.F.,.F.)
B_SPLINE_CURVE_WITH_KNOTS((3,2,2,2,2,2,2,2,3),(0.234363558648715,0.253893855202775,
0.273424151756835,0.292954448310895,0.312484744864956,0.332015041419016,
0.351545337973076,0.371075634527136,0.390605931081196),.UNSPECIFIED.)
CURVE()
GEOMETRIC_REPRESENTATION_ITEM()
RATIONAL_B_SPLINE_CURVE((1.,0.923879532511287,1.,0.923879532511287,1.,0.923879532511287,
1.,0.923879532511287,1.,0.923879532511287,1.,0.923879532511287,1.,0.923879532511287,
1.,0.923879532511287,1.))
REPRESENTATION_ITEM('')
);
#65=(
BOUNDED_CURVE()
B_SPLINE_CURVE(2,(#1700,#1701,#1702,#1703,#1704,#1705,#1706,#1707,#1708,
#1709,#1710,#1711,#1712,#1713,#1714,#1715,#1716),.UNSPECIFIED.,.F.,.F.)
B_SPLINE_CURVE_WITH_KNOTS((3,2,2,2,2,2,2,2,3),(0.214285714285714,0.232142857142857,
0.25,0.267857142857143,0.285714285714286,0.303571428571429,0.321428571428571,
0.339285714285714,0.357142857142857),.UNSPECIFIED.)
CURVE()
GEOMETRIC_REPRESENTATION_ITEM()
RATIONAL_B_SPLINE_CURVE((1.,0.923879532511287,1.,0.923879532511287,1.,0.923879532511287,
1.,0.923879532511287,1.,0.923879532511287,1.,0.923879532511287,1.,0.923879532511287,
1.,0.923879532511287,1.))
REPRESENTATION_ITEM('')
);
#66=(
BOUNDED_CURVE()
B_SPLINE_CURVE(2,(#2152,#2153,#2154),.UNSPECIFIED.,.F.,.F.)
B_SPLINE_CURVE_WITH_KNOTS((3,3),(-2.32986553302618,-1.49446607017308),
 .UNSPECIFIED.)
CURVE()
GEOMETRIC_REPRESENTATION_ITEM()
RATIONAL_B_SPLINE_CURVE((2.26470920953127,2.26470920953127,2.10211040392092))
REPRESENTATION_ITEM('')
);
#67=(
BOUNDED_CURVE()
B_SPLINE_CURVE(2,(#2155,#2156,#2157),.UNSPECIFIED.,.F.,.F.)
B_SPLINE_CURVE_WITH_KNOTS((3,3),(-3.16526499587928,-2.32986553302618),
 .UNSPECIFIED.)
CURVE()
GEOMETRIC_REPRESENTATION_ITEM()
RATIONAL_B_SPLINE_CURVE((2.10211040392092,2.26470920953127,2.26470920953127))
REPRESENTATION_ITEM('')
);
#68=(
BOUNDED_CURVE()
B_SPLINE_CURVE(2,(#2160,#2161,#2162),.UNSPECIFIED.,.F.,.F.)
B_SPLINE_CURVE_WITH_KNOTS((3,3),(-3.16526499587928,-2.32986553302618),
 .UNSPECIFIED.)
CURVE()
GEOMETRIC_REPRESENTATION_ITEM()
RATIONAL_B_SPLINE_CURVE((2.10211040392092,2.26470920953127,2.26470920953127))
REPRESENTATION_ITEM('')
);
#69=(
BOUNDED_CURVE()
B_SPLINE_CURVE(2,(#2163,#2164,#2165),.UNSPECIFIED.,.F.,.F.)
B_SPLINE_CURVE_WITH_KNOTS((3,3),(-2.32986553302618,-1.49446607017308),
 .UNSPECIFIED.)
CURVE()
GEOMETRIC_REPRESENTATION_ITEM()
RATIONAL_B_SPLINE_CURVE((2.26470920953127,2.26470920953127,2.10211040392092))
REPRESENTATION_ITEM('')
);
#70=(
BOUNDED_CURVE()
B_SPLINE_CURVE(2,(#2168,#2169,#2170),.UNSPECIFIED.,.F.,.F.)
B_SPLINE_CURVE_WITH_KNOTS((3,3),(-3.16526499587928,-2.32986553302618),
 .UNSPECIFIED.)
CURVE()
GEOMETRIC_REPRESENTATION_ITEM()
RATIONAL_B_SPLINE_CURVE((2.10211040392092,2.26470920953127,2.26470920953127))
REPRESENTATION_ITEM('')
);
#71=(
BOUNDED_CURVE()
B_SPLINE_CURVE(2,(#2171,#2172,#2173),.UNSPECIFIED.,.F.,.F.)
B_SPLINE_CURVE_WITH_KNOTS((3,3),(-2.32986553302618,-1.49446607017308),
 .UNSPECIFIED.)
CURVE()
GEOMETRIC_REPRESENTATION_ITEM()
RATIONAL_B_SPLINE_CURVE((2.26470920953127,2.26470920953127,2.10211040392092))
REPRESENTATION_ITEM('')
);
#72=(
BOUNDED_CURVE()
B_SPLINE_CURVE(2,(#2176,#2177,#2178),.UNSPECIFIED.,.F.,.F.)
B_SPLINE_CURVE_WITH_KNOTS((3,3),(-3.16526499587927,-2.32986553302618),
 .UNSPECIFIED.)
CURVE()
GEOMETRIC_REPRESENTATION_ITEM()
RATIONAL_B_SPLINE_CURVE((2.10211040392092,2.26470920953127,2.26470920953127))
REPRESENTATION_ITEM('')
);
#73=(
BOUNDED_CURVE()
B_SPLINE_CURVE(2,(#2179,#2180,#2181),.UNSPECIFIED.,.F.,.F.)
B_SPLINE_CURVE_WITH_KNOTS((3,3),(-2.32986553302618,-1.49446607017308),
 .UNSPECIFIED.)
CURVE()
GEOMETRIC_REPRESENTATION_ITEM()
RATIONAL_B_SPLINE_CURVE((2.26470920953127,2.26470920953127,2.10211040392092))
REPRESENTATION_ITEM('')
);
#74=(
BOUNDED_CURVE()
B_SPLINE_CURVE(2,(#2184,#2185,#2186),.UNSPECIFIED.,.F.,.F.)
B_SPLINE_CURVE_WITH_KNOTS((3,3),(-2.32986553302618,-1.49446607017308),
 .UNSPECIFIED.)
CURVE()
GEOMETRIC_REPRESENTATION_ITEM()
RATIONAL_B_SPLINE_CURVE((2.26470920953127,2.26470920953127,2.10211040392092))
REPRESENTATION_ITEM('')
);
#75=(
BOUNDED_CURVE()
B_SPLINE_CURVE(2,(#2187,#2188,#2189),.UNSPECIFIED.,.F.,.F.)
B_SPLINE_CURVE_WITH_KNOTS((3,3),(-3.16526499587928,-2.32986553302618),
 .UNSPECIFIED.)
CURVE()
GEOMETRIC_REPRESENTATION_ITEM()
RATIONAL_B_SPLINE_CURVE((2.10211040392092,2.26470920953127,2.26470920953127))
REPRESENTATION_ITEM('')
);
#76=(
BOUNDED_CURVE()
B_SPLINE_CURVE(2,(#2194,#2195,#2196),.UNSPECIFIED.,.F.,.F.)
B_SPLINE_CURVE_WITH_KNOTS((3,3),(2.32986553302618,3.16526499587928),
 .UNSPECIFIED.)
CURVE()
GEOMETRIC_REPRESENTATION_ITEM()
RATIONAL_B_SPLINE_CURVE((2.26470920953127,2.26470920953127,2.10211040392092))
REPRESENTATION_ITEM('')
);
#77=(
BOUNDED_CURVE()
B_SPLINE_CURVE(2,(#2199,#2200,#2201),.UNSPECIFIED.,.F.,.F.)
B_SPLINE_CURVE_WITH_KNOTS((3,3),(1.49446607017308,2.32986553302618),
 .UNSPECIFIED.)
CURVE()
GEOMETRIC_REPRESENTATION_ITEM()
RATIONAL_B_SPLINE_CURVE((2.10211040392092,2.26470920953127,2.26470920953128))
REPRESENTATION_ITEM('')
);
#78=(
BOUNDED_CURVE()
B_SPLINE_CURVE(2,(#2205,#2206,#2207),.UNSPECIFIED.,.F.,.F.)
B_SPLINE_CURVE_WITH_KNOTS((3,3),(1.49446607017308,2.32986553302618),
 .UNSPECIFIED.)
CURVE()
GEOMETRIC_REPRESENTATION_ITEM()
RATIONAL_B_SPLINE_CURVE((2.10211040392092,2.26470920953127,2.26470920953127))
REPRESENTATION_ITEM('')
);
#79=(
BOUNDED_CURVE()
B_SPLINE_CURVE(2,(#2209,#2210,#2211),.UNSPECIFIED.,.F.,.F.)
B_SPLINE_CURVE_WITH_KNOTS((3,3),(2.32986553302618,3.16526499587928),
 .UNSPECIFIED.)
CURVE()
GEOMETRIC_REPRESENTATION_ITEM()
RATIONAL_B_SPLINE_CURVE((2.26470920953127,2.26470920953127,2.10211040392092))
REPRESENTATION_ITEM('')
);
#80=(
BOUNDED_CURVE()
B_SPLINE_CURVE(2,(#2214,#2215,#2216),.UNSPECIFIED.,.F.,.F.)
B_SPLINE_CURVE_WITH_KNOTS((3,3),(1.49446607017308,2.32986553302618),
 .UNSPECIFIED.)
CURVE()
GEOMETRIC_REPRESENTATION_ITEM()
RATIONAL_B_SPLINE_CURVE((2.10211040392092,2.26470920953128,2.26470920953128))
REPRESENTATION_ITEM('')
);
#81=(
BOUNDED_CURVE()
B_SPLINE_CURVE(2,(#2218,#2219,#2220),.UNSPECIFIED.,.F.,.F.)
B_SPLINE_CURVE_WITH_KNOTS((3,3),(2.32986553302618,3.16526499587928),
 .UNSPECIFIED.)
CURVE()
GEOMETRIC_REPRESENTATION_ITEM()
RATIONAL_B_SPLINE_CURVE((2.26470920953128,2.26470920953128,2.10211040392092))
REPRESENTATION_ITEM('')
);
#82=(
BOUNDED_CURVE()
B_SPLINE_CURVE(2,(#2223,#2224,#2225),.UNSPECIFIED.,.F.,.F.)
B_SPLINE_CURVE_WITH_KNOTS((3,3),(1.49446607017308,2.32986553302618),
 .UNSPECIFIED.)
CURVE()
GEOMETRIC_REPRESENTATION_ITEM()
RATIONAL_B_SPLINE_CURVE((2.10211040392092,2.26470920953127,2.26470920953127))
REPRESENTATION_ITEM('')
);
#83=(
BOUNDED_CURVE()
B_SPLINE_CURVE(2,(#2227,#2228,#2229),.UNSPECIFIED.,.F.,.F.)
B_SPLINE_CURVE_WITH_KNOTS((3,3),(2.32986553302618,3.16526499587928),
 .UNSPECIFIED.)
CURVE()
GEOMETRIC_REPRESENTATION_ITEM()
RATIONAL_B_SPLINE_CURVE((2.26470920953127,2.26470920953127,2.10211040392092))
REPRESENTATION_ITEM('')
);
#84=(
BOUNDED_CURVE()
B_SPLINE_CURVE(2,(#2231,#2232,#2233),.UNSPECIFIED.,.F.,.F.)
B_SPLINE_CURVE_WITH_KNOTS((3,3),(1.49446607017308,2.32986553302618),
 .UNSPECIFIED.)
CURVE()
GEOMETRIC_REPRESENTATION_ITEM()
RATIONAL_B_SPLINE_CURVE((2.10211040392092,2.26470920953127,2.26470920953127))
REPRESENTATION_ITEM('')
);
#85=(
BOUNDED_CURVE()
B_SPLINE_CURVE(2,(#2234,#2235,#2236),.UNSPECIFIED.,.F.,.F.)
B_SPLINE_CURVE_WITH_KNOTS((3,3),(2.32986553302618,3.16526499587928),
 .UNSPECIFIED.)
CURVE()
GEOMETRIC_REPRESENTATION_ITEM()
RATIONAL_B_SPLINE_CURVE((2.26470920953127,2.26470920953127,2.10211040392092))
REPRESENTATION_ITEM('')
);
#86=STYLED_ITEM('',(#2273),#88);
#87=STYLED_ITEM('',(#2272),#89);
#88=MANIFOLD_SOLID_BREP('Body1',#714);
#89=MANIFOLD_SOLID_BREP('Body2',#715);
#90=FACE_BOUND('',#159,.T.);
#91=FACE_BOUND('',#161,.T.);
#92=FACE_BOUND('',#184,.T.);
#93=FACE_BOUND('',#186,.T.);
#94=FACE_BOUND('',#188,.T.);
#95=FACE_BOUND('',#190,.T.);
#96=PLANE('',#737);
#97=PLANE('',#738);
#98=PLANE('',#780);
#99=PLANE('',#781);
#100=PLANE('',#782);
#101=PLANE('',#788);
#102=PLANE('',#794);
#103=PLANE('',#795);
#104=PLANE('',#796);
#105=PLANE('',#797);
#106=PLANE('',#798);
#107=PLANE('',#799);
#108=TOROIDAL_SURFACE('',#733,5.16666666666665,1.18093333333333);
#109=TOROIDAL_SURFACE('',#759,5.16666666666665,1.18093333333333);
#110=TOROIDAL_SURFACE('',#763,5.16666666666665,1.33333333333333);
#111=FACE_OUTER_BOUND('',#156,.T.);
#112=FACE_OUTER_BOUND('',#157,.T.);
#113=FACE_OUTER_BOUND('',#158,.T.);
#114=FACE_OUTER_BOUND('',#160,.T.);
#115=FACE_OUTER_BOUND('',#162,.T.);
#116=FACE_OUTER_BOUND('',#163,.T.);
#117=FACE_OUTER_BOUND('',#164,.T.);
#118=FACE_OUTER_BOUND('',#165,.T.);
#119=FACE_OUTER_BOUND('',#166,.T.);
#120=FACE_OUTER_BOUND('',#167,.T.);
#121=FACE_OUTER_BOUND('',#168,.T.);
#122=FACE_OUTER_BOUND('',#169,.T.);
#123=FACE_OUTER_BOUND('',#170,.T.);
#124=FACE_OUTER_BOUND('',#171,.T.);
#125=FACE_OUTER_BOUND('',#172,.T.);
#126=FACE_OUTER_BOUND('',#173,.T.);
#127=FACE_OUTER_BOUND('',#174,.T.);
#128=FACE_OUTER_BOUND('',#175,.T.);
#129=FACE_OUTER_BOUND('',#176,.T.);
#130=FACE_OUTER_BOUND('',#177,.T.);
#131=FACE_OUTER_BOUND('',#178,.T.);
#132=FACE_OUTER_BOUND('',#179,.T.);
#133=FACE_OUTER_BOUND('',#180,.T.);
#134=FACE_OUTER_BOUND('',#181,.T.);
#135=FACE_OUTER_BOUND('',#182,.T.);
#136=FACE_OUTER_BOUND('',#183,.T.);
#137=FACE_OUTER_BOUND('',#185,.T.);
#138=FACE_OUTER_BOUND('',#187,.T.);
#139=FACE_OUTER_BOUND('',#189,.T.);
#140=FACE_OUTER_BOUND('',#191,.T.);
#141=FACE_OUTER_BOUND('',#192,.T.);
#142=FACE_OUTER_BOUND('',#193,.T.);
#143=FACE_OUTER_BOUND('',#194,.T.);
#144=FACE_OUTER_BOUND('',#195,.T.);
#145=FACE_OUTER_BOUND('',#196,.T.);
#146=FACE_OUTER_BOUND('',#197,.T.);
#147=FACE_OUTER_BOUND('',#198,.T.);
#148=FACE_OUTER_BOUND('',#199,.T.);
#149=FACE_OUTER_BOUND('',#200,.T.);
#150=FACE_OUTER_BOUND('',#201,.T.);
#151=FACE_OUTER_BOUND('',#202,.T.);
#152=FACE_OUTER_BOUND('',#203,.T.);
#153=FACE_OUTER_BOUND('',#204,.T.);
#154=FACE_OUTER_BOUND('',#205,.T.);
#155=FACE_OUTER_BOUND('',#206,.T.);
#156=EDGE_LOOP('',(#448,#449,#450,#451));
#157=EDGE_LOOP('',(#452,#453,#454,#455));
#158=EDGE_LOOP('',(#456));
#159=EDGE_LOOP('',(#457));
#160=EDGE_LOOP('',(#458));
#161=EDGE_LOOP('',(#459));
#162=EDGE_LOOP('',(#460,#461,#462,#463));
#163=EDGE_LOOP('',(#464,#465,#466,#467));
#164=EDGE_LOOP('',(#468,#469,#470,#471));
#165=EDGE_LOOP('',(#472,#473,#474,#475));
#166=EDGE_LOOP('',(#476,#477,#478,#479));
#167=EDGE_LOOP('',(#480,#481,#482));
#168=EDGE_LOOP('',(#483,#484,#485,#486,#487));
#169=EDGE_LOOP('',(#488,#489,#490,#491));
#170=EDGE_LOOP('',(#492,#493,#494,#495));
#171=EDGE_LOOP('',(#496,#497,#498,#499));
#172=EDGE_LOOP('',(#500,#501,#502));
#173=EDGE_LOOP('',(#503,#504,#505,#506));
#174=EDGE_LOOP('',(#507,#508,#509,#510));
#175=EDGE_LOOP('',(#511,#512,#513,#514,#515,#516,#517,#518,#519,#520));
#176=EDGE_LOOP('',(#521,#522,#523,#524));
#177=EDGE_LOOP('',(#525,#526,#527,#528,#529,#530,#531,#532));
#178=EDGE_LOOP('',(#533,#534,#535,#536));
#179=EDGE_LOOP('',(#537,#538,#539,#540,#541,#542,#543,#544));
#180=EDGE_LOOP('',(#545,#546,#547,#548));
#181=EDGE_LOOP('',(#549,#550,#551,#552,#553,#554,#555,#556,#557,#558,#559,
#560,#561));
#182=EDGE_LOOP('',(#562,#563,#564,#565,#566,#567,#568,#569,#570,#571,#572,
#573,#574,#575,#576));
#183=EDGE_LOOP('',(#577));
#184=EDGE_LOOP('',(#578));
#185=EDGE_LOOP('',(#579));
#186=EDGE_LOOP('',(#580));
#187=EDGE_LOOP('',(#581,#582,#583,#584,#585,#586));
#188=EDGE_LOOP('',(#587));
#189=EDGE_LOOP('',(#588));
#190=EDGE_LOOP('',(#589));
#191=EDGE_LOOP('',(#590,#591,#592));
#192=EDGE_LOOP('',(#593,#594,#595));
#193=EDGE_LOOP('',(#596,#597,#598));
#194=EDGE_LOOP('',(#599,#600,#601));
#195=EDGE_LOOP('',(#602,#603,#604));
#196=EDGE_LOOP('',(#605,#606,#607,#608,#609,#610));
#197=EDGE_LOOP('',(#611,#612,#613,#614,#615,#616));
#198=EDGE_LOOP('',(#617,#618,#619,#620,#621,#622));
#199=EDGE_LOOP('',(#623,#624,#625,#626,#627,#628));
#200=EDGE_LOOP('',(#629,#630,#631,#632,#633,#634));
#201=EDGE_LOOP('',(#635,#636,#637,#638,#639,#640));
#202=EDGE_LOOP('',(#641,#642,#643));
#203=EDGE_LOOP('',(#644,#645,#646));
#204=EDGE_LOOP('',(#647,#648,#649));
#205=EDGE_LOOP('',(#650,#651,#652));
#206=EDGE_LOOP('',(#653,#654,#655));
#207=LINE('',#988,#227);
#208=LINE('',#1001,#228);
#209=LINE('',#1024,#229);
#210=LINE('',#1062,#230);
#211=LINE('',#1100,#231);
#212=LINE('',#1115,#232);
#213=LINE('',#1137,#233);
#214=LINE('',#1149,#234);
#215=LINE('',#1227,#235);
#216=LINE('',#1303,#236);
#217=LINE('',#1379,#237);
#218=LINE('',#1567,#238);
#219=LINE('',#1609,#239);
#220=LINE('',#1628,#240);
#221=LINE('',#2191,#241);
#222=LINE('',#2193,#242);
#223=LINE('',#2202,#243);
#224=LINE('',#2208,#244);
#225=LINE('',#2217,#245);
#226=LINE('',#2226,#246);
#227=VECTOR('',#814,3.4);
#228=VECTOR('',#831,3.18810118395208);
#229=VECTOR('',#836,3.18810118395208);
#230=VECTOR('',#839,3.18810118395208);
#231=VECTOR('',#842,3.18810118395208);
#232=VECTOR('',#847,4.3125);
#233=VECTOR('',#850,4.00000000000001);
#234=VECTOR('',#855,4.00000000000001);
#235=VECTOR('',#860,4.00000000000001);
#236=VECTOR('',#863,4.00000000000001);
#237=VECTOR('',#866,4.00000000000001);
#238=VECTOR('',#907,4.3125);
#239=VECTOR('',#914,4.00000000000001);
#240=VECTOR('',#919,4.);
#241=VECTOR('',#954,1000.);
#242=VECTOR('',#955,1000.);
#243=VECTOR('',#958,1000.);
#244=VECTOR('',#961,1000.);
#245=VECTOR('',#964,1000.);
#246=VECTOR('',#967,1000.);
#247=CIRCLE('',#731,3.4);
#248=CIRCLE('',#732,3.4);
#249=CIRCLE('',#734,5.16666666666665);
#250=CIRCLE('',#735,1.18093333333333);
#251=CIRCLE('',#736,6.34759999999998);
#252=CIRCLE('',#740,3.18810118395207);
#253=CIRCLE('',#744,3.18810118395208);
#254=CIRCLE('',#747,4.00000000000001);
#255=CIRCLE('',#749,4.00000000000001);
#256=CIRCLE('',#753,4.);
#257=CIRCLE('',#755,6.49999999999999);
#258=CIRCLE('',#757,6.49999999999998);
#259=CIRCLE('',#758,6.49999999999998);
#260=CIRCLE('',#760,6.34759999999998);
#261=CIRCLE('',#761,1.18093333333333);
#262=CIRCLE('',#762,5.16666666666665);
#263=CIRCLE('',#764,5.16666666666665);
#264=CIRCLE('',#765,1.33333333333333);
#265=CIRCLE('',#766,6.49999999999998);
#266=CIRCLE('',#767,6.49999999999998);
#267=CIRCLE('',#768,6.49999999999998);
#268=CIRCLE('',#769,6.49999999999998);
#269=CIRCLE('',#770,6.49999999999998);
#270=CIRCLE('',#773,4.3125);
#271=CIRCLE('',#775,4.00000000000001);
#272=CIRCLE('',#776,4.00000000000001);
#273=CIRCLE('',#778,4.3125);
#274=CIRCLE('',#783,6.49999999999999);
#275=CIRCLE('',#784,6.49999999999999);
#276=CIRCLE('',#785,6.49999999999999);
#277=CIRCLE('',#786,6.49999999999999);
#278=CIRCLE('',#787,6.49999999999999);
#279=VERTEX_POINT('',#985);
#280=VERTEX_POINT('',#987);
#281=VERTEX_POINT('',#991);
#282=VERTEX_POINT('',#993);
#283=VERTEX_POINT('',#999);
#284=VERTEX_POINT('',#1000);
#285=VERTEX_POINT('',#1002);
#286=VERTEX_POINT('',#1010);
#287=VERTEX_POINT('',#1022);
#288=VERTEX_POINT('',#1023);
#289=VERTEX_POINT('',#1060);
#290=VERTEX_POINT('',#1061);
#291=VERTEX_POINT('',#1098);
#292=VERTEX_POINT('',#1099);
#293=VERTEX_POINT('',#1101);
#294=VERTEX_POINT('',#1105);
#295=VERTEX_POINT('',#1113);
#296=VERTEX_POINT('',#1114);
#297=VERTEX_POINT('',#1135);
#298=VERTEX_POINT('',#1136);
#299=VERTEX_POINT('',#1138);
#300=VERTEX_POINT('',#1147);
#301=VERTEX_POINT('',#1148);
#302=VERTEX_POINT('',#1150);
#303=VERTEX_POINT('',#1225);
#304=VERTEX_POINT('',#1226);
#305=VERTEX_POINT('',#1301);
#306=VERTEX_POINT('',#1302);
#307=VERTEX_POINT('',#1377);
#308=VERTEX_POINT('',#1378);
#309=VERTEX_POINT('',#1380);
#310=VERTEX_POINT('',#1409);
#311=VERTEX_POINT('',#1444);
#312=VERTEX_POINT('',#1445);
#313=VERTEX_POINT('',#1447);
#314=VERTEX_POINT('',#1455);
#315=VERTEX_POINT('',#1456);
#316=VERTEX_POINT('',#1458);
#317=VERTEX_POINT('',#1460);
#318=VERTEX_POINT('',#1468);
#319=VERTEX_POINT('',#1470);
#320=VERTEX_POINT('',#1474);
#321=VERTEX_POINT('',#1477);
#322=VERTEX_POINT('',#1479);
#323=VERTEX_POINT('',#1481);
#324=VERTEX_POINT('',#1483);
#325=VERTEX_POINT('',#1566);
#326=VERTEX_POINT('',#1606);
#327=VERTEX_POINT('',#1608);
#328=VERTEX_POINT('',#1612);
#329=VERTEX_POINT('',#1627);
#330=VERTEX_POINT('',#2140);
#331=VERTEX_POINT('',#2142);
#332=VERTEX_POINT('',#2144);
#333=VERTEX_POINT('',#2146);
#334=VERTEX_POINT('',#2151);
#335=VERTEX_POINT('',#2159);
#336=VERTEX_POINT('',#2167);
#337=VERTEX_POINT('',#2175);
#338=VERTEX_POINT('',#2183);
#339=VERTEX_POINT('',#2192);
#340=VERTEX_POINT('',#2198);
#341=VERTEX_POINT('',#2204);
#342=VERTEX_POINT('',#2213);
#343=VERTEX_POINT('',#2222);
#344=EDGE_CURVE('',#279,#279,#247,.T.);
#345=EDGE_CURVE('',#279,#280,#207,.T.);
#346=EDGE_CURVE('',#280,#280,#248,.T.);
#347=EDGE_CURVE('',#281,#281,#249,.T.);
#348=EDGE_CURVE('',#281,#282,#250,.T.);
#349=EDGE_CURVE('',#282,#282,#251,.T.);
#350=EDGE_CURVE('',#283,#284,#208,.T.);
#351=EDGE_CURVE('',#284,#285,#52,.T.);
#352=EDGE_CURVE('',#286,#285,#252,.T.);
#353=EDGE_CURVE('',#283,#286,#53,.T.);
#354=EDGE_CURVE('',#287,#288,#209,.T.);
#355=EDGE_CURVE('',#288,#284,#54,.T.);
#356=EDGE_CURVE('',#287,#283,#55,.T.);
#357=EDGE_CURVE('',#289,#290,#210,.T.);
#358=EDGE_CURVE('',#290,#288,#56,.T.);
#359=EDGE_CURVE('',#289,#287,#57,.T.);
#360=EDGE_CURVE('',#291,#292,#211,.T.);
#361=EDGE_CURVE('',#293,#291,#58,.T.);
#362=EDGE_CURVE('',#294,#293,#253,.T.);
#363=EDGE_CURVE('',#294,#292,#59,.T.);
#364=EDGE_CURVE('',#295,#296,#212,.T.);
#365=EDGE_CURVE('',#295,#286,#19,.T.);
#366=EDGE_CURVE('',#285,#296,#20,.T.);
#367=EDGE_CURVE('',#297,#298,#213,.T.);
#368=EDGE_CURVE('',#298,#299,#254,.T.);
#369=EDGE_CURVE('',#299,#297,#21,.T.);
#370=EDGE_CURVE('',#300,#301,#214,.T.);
#371=EDGE_CURVE('',#301,#302,#22,.T.);
#372=EDGE_CURVE('',#302,#298,#255,.T.);
#373=EDGE_CURVE('',#297,#300,#23,.T.);
#374=EDGE_CURVE('',#303,#304,#215,.T.);
#375=EDGE_CURVE('',#304,#301,#24,.T.);
#376=EDGE_CURVE('',#300,#303,#25,.T.);
#377=EDGE_CURVE('',#305,#306,#216,.T.);
#378=EDGE_CURVE('',#306,#304,#26,.T.);
#379=EDGE_CURVE('',#303,#305,#27,.T.);
#380=EDGE_CURVE('',#307,#308,#217,.T.);
#381=EDGE_CURVE('',#307,#309,#28,.T.);
#382=EDGE_CURVE('',#310,#309,#256,.T.);
#383=EDGE_CURVE('',#310,#308,#29,.T.);
#384=EDGE_CURVE('',#311,#312,#257,.T.);
#385=EDGE_CURVE('',#312,#313,#60,.T.);
#386=EDGE_CURVE('',#313,#311,#61,.T.);
#387=EDGE_CURVE('',#314,#315,#258,.T.);
#388=EDGE_CURVE('',#315,#316,#259,.T.);
#389=EDGE_CURVE('',#316,#317,#62,.T.);
#390=EDGE_CURVE('',#317,#314,#63,.T.);
#391=EDGE_CURVE('',#318,#318,#260,.T.);
#392=EDGE_CURVE('',#318,#319,#261,.T.);
#393=EDGE_CURVE('',#319,#319,#262,.T.);
#394=EDGE_CURVE('',#320,#320,#263,.T.);
#395=EDGE_CURVE('',#320,#315,#264,.T.);
#396=EDGE_CURVE('',#321,#314,#265,.T.);
#397=EDGE_CURVE('',#322,#321,#266,.T.);
#398=EDGE_CURVE('',#323,#322,#267,.T.);
#399=EDGE_CURVE('',#323,#324,#268,.T.);
#400=EDGE_CURVE('',#316,#324,#269,.T.);
#401=EDGE_CURVE('',#308,#306,#30,.T.);
#402=EDGE_CURVE('',#305,#307,#31,.T.);
#403=EDGE_CURVE('',#296,#299,#32,.T.);
#404=EDGE_CURVE('',#298,#325,#218,.T.);
#405=EDGE_CURVE('',#325,#325,#270,.T.);
#406=EDGE_CURVE('',#302,#295,#33,.T.);
#407=EDGE_CURVE('',#326,#326,#271,.T.);
#408=EDGE_CURVE('',#326,#327,#219,.T.);
#409=EDGE_CURVE('',#327,#327,#272,.T.);
#410=EDGE_CURVE('',#309,#328,#34,.T.);
#411=EDGE_CURVE('',#328,#329,#220,.T.);
#412=EDGE_CURVE('',#329,#329,#273,.T.);
#413=EDGE_CURVE('',#328,#294,#35,.T.);
#414=EDGE_CURVE('',#293,#310,#36,.T.);
#415=EDGE_CURVE('',#292,#290,#64,.T.);
#416=EDGE_CURVE('',#291,#289,#65,.T.);
#417=EDGE_CURVE('',#312,#330,#274,.T.);
#418=EDGE_CURVE('',#331,#311,#275,.T.);
#419=EDGE_CURVE('',#332,#331,#276,.T.);
#420=EDGE_CURVE('',#333,#332,#277,.T.);
#421=EDGE_CURVE('',#330,#333,#278,.T.);
#422=EDGE_CURVE('',#321,#334,#66,.T.);
#423=EDGE_CURVE('',#334,#322,#67,.T.);
#424=EDGE_CURVE('',#335,#323,#68,.T.);
#425=EDGE_CURVE('',#322,#335,#69,.T.);
#426=EDGE_CURVE('',#336,#324,#70,.T.);
#427=EDGE_CURVE('',#323,#336,#71,.T.);
#428=EDGE_CURVE('',#337,#316,#72,.T.);
#429=EDGE_CURVE('',#324,#337,#73,.T.);
#430=EDGE_CURVE('',#314,#338,#74,.T.);
#431=EDGE_CURVE('',#338,#321,#75,.T.);
#432=EDGE_CURVE('',#313,#335,#221,.T.);
#433=EDGE_CURVE('',#339,#334,#222,.T.);
#434=EDGE_CURVE('',#311,#339,#76,.T.);
#435=EDGE_CURVE('',#340,#312,#77,.T.);
#436=EDGE_CURVE('',#340,#336,#223,.T.);
#437=EDGE_CURVE('',#341,#330,#78,.T.);
#438=EDGE_CURVE('',#341,#337,#224,.T.);
#439=EDGE_CURVE('',#330,#340,#79,.T.);
#440=EDGE_CURVE('',#342,#333,#80,.T.);
#441=EDGE_CURVE('',#342,#317,#225,.T.);
#442=EDGE_CURVE('',#333,#341,#81,.T.);
#443=EDGE_CURVE('',#343,#332,#82,.T.);
#444=EDGE_CURVE('',#343,#338,#226,.T.);
#445=EDGE_CURVE('',#332,#342,#83,.T.);
#446=EDGE_CURVE('',#339,#331,#84,.T.);
#447=EDGE_CURVE('',#331,#343,#85,.T.);
#448=ORIENTED_EDGE('',*,*,#344,.F.);
#449=ORIENTED_EDGE('',*,*,#345,.T.);
#450=ORIENTED_EDGE('',*,*,#346,.T.);
#451=ORIENTED_EDGE('',*,*,#345,.F.);
#452=ORIENTED_EDGE('',*,*,#347,.F.);
#453=ORIENTED_EDGE('',*,*,#348,.T.);
#454=ORIENTED_EDGE('',*,*,#349,.T.);
#455=ORIENTED_EDGE('',*,*,#348,.F.);
#456=ORIENTED_EDGE('',*,*,#347,.T.);
#457=ORIENTED_EDGE('',*,*,#346,.F.);
#458=ORIENTED_EDGE('',*,*,#349,.F.);
#459=ORIENTED_EDGE('',*,*,#344,.T.);
#460=ORIENTED_EDGE('',*,*,#350,.T.);
#461=ORIENTED_EDGE('',*,*,#351,.T.);
#462=ORIENTED_EDGE('',*,*,#352,.F.);
#463=ORIENTED_EDGE('',*,*,#353,.F.);
#464=ORIENTED_EDGE('',*,*,#354,.T.);
#465=ORIENTED_EDGE('',*,*,#355,.T.);
#466=ORIENTED_EDGE('',*,*,#350,.F.);
#467=ORIENTED_EDGE('',*,*,#356,.F.);
#468=ORIENTED_EDGE('',*,*,#357,.T.);
#469=ORIENTED_EDGE('',*,*,#358,.T.);
#470=ORIENTED_EDGE('',*,*,#354,.F.);
#471=ORIENTED_EDGE('',*,*,#359,.F.);
#472=ORIENTED_EDGE('',*,*,#360,.F.);
#473=ORIENTED_EDGE('',*,*,#361,.F.);
#474=ORIENTED_EDGE('',*,*,#362,.F.);
#475=ORIENTED_EDGE('',*,*,#363,.T.);
#476=ORIENTED_EDGE('',*,*,#364,.F.);
#477=ORIENTED_EDGE('',*,*,#365,.T.);
#478=ORIENTED_EDGE('',*,*,#352,.T.);
#479=ORIENTED_EDGE('',*,*,#366,.T.);
#480=ORIENTED_EDGE('',*,*,#367,.T.);
#481=ORIENTED_EDGE('',*,*,#368,.T.);
#482=ORIENTED_EDGE('',*,*,#369,.T.);
#483=ORIENTED_EDGE('',*,*,#370,.T.);
#484=ORIENTED_EDGE('',*,*,#371,.T.);
#485=ORIENTED_EDGE('',*,*,#372,.T.);
#486=ORIENTED_EDGE('',*,*,#367,.F.);
#487=ORIENTED_EDGE('',*,*,#373,.T.);
#488=ORIENTED_EDGE('',*,*,#374,.T.);
#489=ORIENTED_EDGE('',*,*,#375,.T.);
#490=ORIENTED_EDGE('',*,*,#370,.F.);
#491=ORIENTED_EDGE('',*,*,#376,.T.);
#492=ORIENTED_EDGE('',*,*,#377,.T.);
#493=ORIENTED_EDGE('',*,*,#378,.T.);
#494=ORIENTED_EDGE('',*,*,#374,.F.);
#495=ORIENTED_EDGE('',*,*,#379,.T.);
#496=ORIENTED_EDGE('',*,*,#380,.F.);
#497=ORIENTED_EDGE('',*,*,#381,.T.);
#498=ORIENTED_EDGE('',*,*,#382,.F.);
#499=ORIENTED_EDGE('',*,*,#383,.T.);
#500=ORIENTED_EDGE('',*,*,#384,.T.);
#501=ORIENTED_EDGE('',*,*,#385,.T.);
#502=ORIENTED_EDGE('',*,*,#386,.T.);
#503=ORIENTED_EDGE('',*,*,#387,.T.);
#504=ORIENTED_EDGE('',*,*,#388,.T.);
#505=ORIENTED_EDGE('',*,*,#389,.T.);
#506=ORIENTED_EDGE('',*,*,#390,.T.);
#507=ORIENTED_EDGE('',*,*,#391,.F.);
#508=ORIENTED_EDGE('',*,*,#392,.T.);
#509=ORIENTED_EDGE('',*,*,#393,.T.);
#510=ORIENTED_EDGE('',*,*,#392,.F.);
#511=ORIENTED_EDGE('',*,*,#394,.F.);
#512=ORIENTED_EDGE('',*,*,#395,.T.);
#513=ORIENTED_EDGE('',*,*,#387,.F.);
#514=ORIENTED_EDGE('',*,*,#396,.F.);
#515=ORIENTED_EDGE('',*,*,#397,.F.);
#516=ORIENTED_EDGE('',*,*,#398,.F.);
#517=ORIENTED_EDGE('',*,*,#399,.T.);
#518=ORIENTED_EDGE('',*,*,#400,.F.);
#519=ORIENTED_EDGE('',*,*,#388,.F.);
#520=ORIENTED_EDGE('',*,*,#395,.F.);
#521=ORIENTED_EDGE('',*,*,#380,.T.);
#522=ORIENTED_EDGE('',*,*,#401,.T.);
#523=ORIENTED_EDGE('',*,*,#377,.F.);
#524=ORIENTED_EDGE('',*,*,#402,.T.);
#525=ORIENTED_EDGE('',*,*,#364,.T.);
#526=ORIENTED_EDGE('',*,*,#403,.T.);
#527=ORIENTED_EDGE('',*,*,#368,.F.);
#528=ORIENTED_EDGE('',*,*,#404,.T.);
#529=ORIENTED_EDGE('',*,*,#405,.T.);
#530=ORIENTED_EDGE('',*,*,#404,.F.);
#531=ORIENTED_EDGE('',*,*,#372,.F.);
#532=ORIENTED_EDGE('',*,*,#406,.T.);
#533=ORIENTED_EDGE('',*,*,#407,.F.);
#534=ORIENTED_EDGE('',*,*,#408,.T.);
#535=ORIENTED_EDGE('',*,*,#409,.T.);
#536=ORIENTED_EDGE('',*,*,#408,.F.);
#537=ORIENTED_EDGE('',*,*,#410,.T.);
#538=ORIENTED_EDGE('',*,*,#411,.T.);
#539=ORIENTED_EDGE('',*,*,#412,.F.);
#540=ORIENTED_EDGE('',*,*,#411,.F.);
#541=ORIENTED_EDGE('',*,*,#413,.T.);
#542=ORIENTED_EDGE('',*,*,#362,.T.);
#543=ORIENTED_EDGE('',*,*,#414,.T.);
#544=ORIENTED_EDGE('',*,*,#382,.T.);
#545=ORIENTED_EDGE('',*,*,#360,.T.);
#546=ORIENTED_EDGE('',*,*,#415,.T.);
#547=ORIENTED_EDGE('',*,*,#357,.F.);
#548=ORIENTED_EDGE('',*,*,#416,.F.);
#549=ORIENTED_EDGE('',*,*,#406,.F.);
#550=ORIENTED_EDGE('',*,*,#371,.F.);
#551=ORIENTED_EDGE('',*,*,#375,.F.);
#552=ORIENTED_EDGE('',*,*,#378,.F.);
#553=ORIENTED_EDGE('',*,*,#401,.F.);
#554=ORIENTED_EDGE('',*,*,#383,.F.);
#555=ORIENTED_EDGE('',*,*,#414,.F.);
#556=ORIENTED_EDGE('',*,*,#361,.T.);
#557=ORIENTED_EDGE('',*,*,#416,.T.);
#558=ORIENTED_EDGE('',*,*,#359,.T.);
#559=ORIENTED_EDGE('',*,*,#356,.T.);
#560=ORIENTED_EDGE('',*,*,#353,.T.);
#561=ORIENTED_EDGE('',*,*,#365,.F.);
#562=ORIENTED_EDGE('',*,*,#366,.F.);
#563=ORIENTED_EDGE('',*,*,#351,.F.);
#564=ORIENTED_EDGE('',*,*,#355,.F.);
#565=ORIENTED_EDGE('',*,*,#358,.F.);
#566=ORIENTED_EDGE('',*,*,#415,.F.);
#567=ORIENTED_EDGE('',*,*,#363,.F.);
#568=ORIENTED_EDGE('',*,*,#413,.F.);
#569=ORIENTED_EDGE('',*,*,#410,.F.);
#570=ORIENTED_EDGE('',*,*,#381,.F.);
#571=ORIENTED_EDGE('',*,*,#402,.F.);
#572=ORIENTED_EDGE('',*,*,#379,.F.);
#573=ORIENTED_EDGE('',*,*,#376,.F.);
#574=ORIENTED_EDGE('',*,*,#373,.F.);
#575=ORIENTED_EDGE('',*,*,#369,.F.);
#576=ORIENTED_EDGE('',*,*,#403,.F.);
#577=ORIENTED_EDGE('',*,*,#394,.T.);
#578=ORIENTED_EDGE('',*,*,#409,.F.);
#579=ORIENTED_EDGE('',*,*,#393,.F.);
#580=ORIENTED_EDGE('',*,*,#407,.T.);
#581=ORIENTED_EDGE('',*,*,#417,.F.);
#582=ORIENTED_EDGE('',*,*,#384,.F.);
#583=ORIENTED_EDGE('',*,*,#418,.F.);
#584=ORIENTED_EDGE('',*,*,#419,.F.);
#585=ORIENTED_EDGE('',*,*,#420,.F.);
#586=ORIENTED_EDGE('',*,*,#421,.F.);
#587=ORIENTED_EDGE('',*,*,#412,.T.);
#588=ORIENTED_EDGE('',*,*,#391,.T.);
#589=ORIENTED_EDGE('',*,*,#405,.F.);
#590=ORIENTED_EDGE('',*,*,#422,.T.);
#591=ORIENTED_EDGE('',*,*,#423,.T.);
#592=ORIENTED_EDGE('',*,*,#397,.T.);
#593=ORIENTED_EDGE('',*,*,#424,.T.);
#594=ORIENTED_EDGE('',*,*,#398,.T.);
#595=ORIENTED_EDGE('',*,*,#425,.T.);
#596=ORIENTED_EDGE('',*,*,#426,.T.);
#597=ORIENTED_EDGE('',*,*,#399,.F.);
#598=ORIENTED_EDGE('',*,*,#427,.T.);
#599=ORIENTED_EDGE('',*,*,#428,.T.);
#600=ORIENTED_EDGE('',*,*,#400,.T.);
#601=ORIENTED_EDGE('',*,*,#429,.T.);
#602=ORIENTED_EDGE('',*,*,#430,.T.);
#603=ORIENTED_EDGE('',*,*,#431,.T.);
#604=ORIENTED_EDGE('',*,*,#396,.T.);
#605=ORIENTED_EDGE('',*,*,#386,.F.);
#606=ORIENTED_EDGE('',*,*,#432,.T.);
#607=ORIENTED_EDGE('',*,*,#425,.F.);
#608=ORIENTED_EDGE('',*,*,#423,.F.);
#609=ORIENTED_EDGE('',*,*,#433,.F.);
#610=ORIENTED_EDGE('',*,*,#434,.F.);
#611=ORIENTED_EDGE('',*,*,#435,.F.);
#612=ORIENTED_EDGE('',*,*,#436,.T.);
#613=ORIENTED_EDGE('',*,*,#427,.F.);
#614=ORIENTED_EDGE('',*,*,#424,.F.);
#615=ORIENTED_EDGE('',*,*,#432,.F.);
#616=ORIENTED_EDGE('',*,*,#385,.F.);
#617=ORIENTED_EDGE('',*,*,#437,.F.);
#618=ORIENTED_EDGE('',*,*,#438,.T.);
#619=ORIENTED_EDGE('',*,*,#429,.F.);
#620=ORIENTED_EDGE('',*,*,#426,.F.);
#621=ORIENTED_EDGE('',*,*,#436,.F.);
#622=ORIENTED_EDGE('',*,*,#439,.F.);
#623=ORIENTED_EDGE('',*,*,#440,.F.);
#624=ORIENTED_EDGE('',*,*,#441,.T.);
#625=ORIENTED_EDGE('',*,*,#389,.F.);
#626=ORIENTED_EDGE('',*,*,#428,.F.);
#627=ORIENTED_EDGE('',*,*,#438,.F.);
#628=ORIENTED_EDGE('',*,*,#442,.F.);
#629=ORIENTED_EDGE('',*,*,#443,.F.);
#630=ORIENTED_EDGE('',*,*,#444,.T.);
#631=ORIENTED_EDGE('',*,*,#430,.F.);
#632=ORIENTED_EDGE('',*,*,#390,.F.);
#633=ORIENTED_EDGE('',*,*,#441,.F.);
#634=ORIENTED_EDGE('',*,*,#445,.F.);
#635=ORIENTED_EDGE('',*,*,#446,.F.);
#636=ORIENTED_EDGE('',*,*,#433,.T.);
#637=ORIENTED_EDGE('',*,*,#422,.F.);
#638=ORIENTED_EDGE('',*,*,#431,.F.);
#639=ORIENTED_EDGE('',*,*,#444,.F.);
#640=ORIENTED_EDGE('',*,*,#447,.F.);
#641=ORIENTED_EDGE('',*,*,#446,.T.);
#642=ORIENTED_EDGE('',*,*,#418,.T.);
#643=ORIENTED_EDGE('',*,*,#434,.T.);
#644=ORIENTED_EDGE('',*,*,#439,.T.);
#645=ORIENTED_EDGE('',*,*,#435,.T.);
#646=ORIENTED_EDGE('',*,*,#417,.T.);
#647=ORIENTED_EDGE('',*,*,#442,.T.);
#648=ORIENTED_EDGE('',*,*,#437,.T.);
#649=ORIENTED_EDGE('',*,*,#421,.T.);
#650=ORIENTED_EDGE('',*,*,#445,.T.);
#651=ORIENTED_EDGE('',*,*,#440,.T.);
#652=ORIENTED_EDGE('',*,*,#420,.T.);
#653=ORIENTED_EDGE('',*,*,#447,.T.);
#654=ORIENTED_EDGE('',*,*,#443,.T.);
#655=ORIENTED_EDGE('',*,*,#419,.T.);
#656=CYLINDRICAL_SURFACE('',#730,3.4);
#657=CYLINDRICAL_SURFACE('',#739,3.18810118395208);
#658=CYLINDRICAL_SURFACE('',#741,3.18810118395208);
#659=CYLINDRICAL_SURFACE('',#742,3.18810118395208);
#660=CYLINDRICAL_SURFACE('',#743,3.18810118395208);
#661=CYLINDRICAL_SURFACE('',#746,4.00000000000001);
#662=CYLINDRICAL_SURFACE('',#748,4.00000000000001);
#663=CYLINDRICAL_SURFACE('',#750,4.00000000000001);
#664=CYLINDRICAL_SURFACE('',#751,4.00000000000001);
#665=CYLINDRICAL_SURFACE('',#752,4.00000000000001);
#666=CYLINDRICAL_SURFACE('',#771,4.00000000000001);
#667=CYLINDRICAL_SURFACE('',#774,4.00000000000001);
#668=CYLINDRICAL_SURFACE('',#779,3.18810118395208);
#669=ADVANCED_FACE('',(#111),#656,.F.);
#670=ADVANCED_FACE('',(#112),#108,.T.);
#671=ADVANCED_FACE('',(#113,#90),#96,.F.);
#672=ADVANCED_FACE('',(#114,#91),#97,.F.);
#673=ADVANCED_FACE('',(#115),#657,.F.);
#674=ADVANCED_FACE('',(#116),#658,.F.);
#675=ADVANCED_FACE('',(#117),#659,.F.);
#676=ADVANCED_FACE('',(#118),#660,.F.);
#677=ADVANCED_FACE('',(#119),#37,.F.);
#678=ADVANCED_FACE('',(#120),#661,.F.);
#679=ADVANCED_FACE('',(#121),#662,.F.);
#680=ADVANCED_FACE('',(#122),#663,.F.);
#681=ADVANCED_FACE('',(#123),#664,.F.);
#682=ADVANCED_FACE('',(#124),#665,.F.);
#683=ADVANCED_FACE('',(#125),#38,.T.);
#684=ADVANCED_FACE('',(#126),#39,.T.);
#685=ADVANCED_FACE('',(#127),#109,.F.);
#686=ADVANCED_FACE('',(#128),#110,.T.);
#687=ADVANCED_FACE('',(#129),#666,.F.);
#688=ADVANCED_FACE('',(#130),#40,.F.);
#689=ADVANCED_FACE('',(#131),#667,.F.);
#690=ADVANCED_FACE('',(#132),#41,.F.);
#691=ADVANCED_FACE('',(#133),#668,.F.);
#692=ADVANCED_FACE('',(#134),#17,.F.);
#693=ADVANCED_FACE('',(#135),#18,.F.);
#694=ADVANCED_FACE('',(#136,#92),#98,.F.);
#695=ADVANCED_FACE('',(#137,#93),#99,.F.);
#696=ADVANCED_FACE('',(#138,#94),#100,.F.);
#697=ADVANCED_FACE('',(#139,#95),#101,.F.);
#698=ADVANCED_FACE('',(#140),#42,.T.);
#699=ADVANCED_FACE('',(#141),#43,.T.);
#700=ADVANCED_FACE('',(#142),#44,.T.);
#701=ADVANCED_FACE('',(#143),#45,.T.);
#702=ADVANCED_FACE('',(#144),#46,.T.);
#703=ADVANCED_FACE('',(#145),#102,.F.);
#704=ADVANCED_FACE('',(#146),#103,.F.);
#705=ADVANCED_FACE('',(#147),#104,.F.);
#706=ADVANCED_FACE('',(#148),#105,.F.);
#707=ADVANCED_FACE('',(#149),#106,.F.);
#708=ADVANCED_FACE('',(#150),#107,.F.);
#709=ADVANCED_FACE('',(#151),#47,.T.);
#710=ADVANCED_FACE('',(#152),#48,.T.);
#711=ADVANCED_FACE('',(#153),#49,.T.);
#712=ADVANCED_FACE('',(#154),#50,.T.);
#713=ADVANCED_FACE('',(#155),#51,.T.);
#714=CLOSED_SHELL('',(#669,#670,#671,#672));
#715=CLOSED_SHELL('',(#673,#674,#675,#676,#677,#678,#679,#680,#681,#682,
#683,#684,#685,#686,#687,#688,#689,#690,#691,#692,#693,#694,#695,#696,#697,
#698,#699,#700,#701,#702,#703,#704,#705,#706,#707,#708,#709,#710,#711,#712,
#713));
#716=DERIVED_UNIT_ELEMENT(#718,1.);
#717=DERIVED_UNIT_ELEMENT(#2250,-3.);
#718=(
MASS_UNIT()
NAMED_UNIT(*)
SI_UNIT(.KILO.,.GRAM.)
);
#719=DERIVED_UNIT((#716,#717));
#720=MEASURE_REPRESENTATION_ITEM('density measure',
POSITIVE_RATIO_MEASURE(7850.),#719);
#721=PROPERTY_DEFINITION_REPRESENTATION(#726,#723);
#722=PROPERTY_DEFINITION_REPRESENTATION(#727,#724);
#723=REPRESENTATION('material name',(#725),#2247);
#724=REPRESENTATION('density',(#720),#2247);
#725=DESCRIPTIVE_REPRESENTATION_ITEM('Steel','Steel');
#726=PROPERTY_DEFINITION('material property','material name',#2262);
#727=PROPERTY_DEFINITION('material property','density of part',#2262);
#728=AXIS2_PLACEMENT_3D('',#982,#806,#807);
#729=AXIS2_PLACEMENT_3D('',#983,#808,#809);
#730=AXIS2_PLACEMENT_3D('',#984,#810,#811);
#731=AXIS2_PLACEMENT_3D('',#986,#812,#813);
#732=AXIS2_PLACEMENT_3D('',#989,#815,#816);
#733=AXIS2_PLACEMENT_3D('',#990,#817,#818);
#734=AXIS2_PLACEMENT_3D('',#992,#819,#820);
#735=AXIS2_PLACEMENT_3D('',#994,#821,#822);
#736=AXIS2_PLACEMENT_3D('',#995,#823,#824);
#737=AXIS2_PLACEMENT_3D('',#996,#825,#826);
#738=AXIS2_PLACEMENT_3D('',#997,#827,#828);
#739=AXIS2_PLACEMENT_3D('',#998,#829,#830);
#740=AXIS2_PLACEMENT_3D('',#1011,#832,#833);
#741=AXIS2_PLACEMENT_3D('',#1021,#834,#835);
#742=AXIS2_PLACEMENT_3D('',#1059,#837,#838);
#743=AXIS2_PLACEMENT_3D('',#1097,#840,#841);
#744=AXIS2_PLACEMENT_3D('',#1106,#843,#844);
#745=AXIS2_PLACEMENT_3D('',#1112,#845,#846);
#746=AXIS2_PLACEMENT_3D('',#1134,#848,#849);
#747=AXIS2_PLACEMENT_3D('',#1139,#851,#852);
#748=AXIS2_PLACEMENT_3D('',#1146,#853,#854);
#749=AXIS2_PLACEMENT_3D('',#1187,#856,#857);
#750=AXIS2_PLACEMENT_3D('',#1224,#858,#859);
#751=AXIS2_PLACEMENT_3D('',#1300,#861,#862);
#752=AXIS2_PLACEMENT_3D('',#1376,#864,#865);
#753=AXIS2_PLACEMENT_3D('',#1410,#867,#868);
#754=AXIS2_PLACEMENT_3D('',#1443,#869,#870);
#755=AXIS2_PLACEMENT_3D('',#1446,#871,#872);
#756=AXIS2_PLACEMENT_3D('',#1454,#873,#874);
#757=AXIS2_PLACEMENT_3D('',#1457,#875,#876);
#758=AXIS2_PLACEMENT_3D('',#1459,#877,#878);
#759=AXIS2_PLACEMENT_3D('',#1467,#879,#880);
#760=AXIS2_PLACEMENT_3D('',#1469,#881,#882);
#761=AXIS2_PLACEMENT_3D('',#1471,#883,#884);
#762=AXIS2_PLACEMENT_3D('',#1472,#885,#886);
#763=AXIS2_PLACEMENT_3D('',#1473,#887,#888);
#764=AXIS2_PLACEMENT_3D('',#1475,#889,#890);
#765=AXIS2_PLACEMENT_3D('',#1476,#891,#892);
#766=AXIS2_PLACEMENT_3D('',#1478,#893,#894);
#767=AXIS2_PLACEMENT_3D('',#1480,#895,#896);
#768=AXIS2_PLACEMENT_3D('',#1482,#897,#898);
#769=AXIS2_PLACEMENT_3D('',#1484,#899,#900);
#770=AXIS2_PLACEMENT_3D('',#1485,#901,#902);
#771=AXIS2_PLACEMENT_3D('',#1486,#903,#904);
#772=AXIS2_PLACEMENT_3D('',#1559,#905,#906);
#773=AXIS2_PLACEMENT_3D('',#1568,#908,#909);
#774=AXIS2_PLACEMENT_3D('',#1605,#910,#911);
#775=AXIS2_PLACEMENT_3D('',#1607,#912,#913);
#776=AXIS2_PLACEMENT_3D('',#1610,#915,#916);
#777=AXIS2_PLACEMENT_3D('',#1611,#917,#918);
#778=AXIS2_PLACEMENT_3D('',#1629,#920,#921);
#779=AXIS2_PLACEMENT_3D('',#1682,#922,#923);
#780=AXIS2_PLACEMENT_3D('',#2137,#924,#925);
#781=AXIS2_PLACEMENT_3D('',#2138,#926,#927);
#782=AXIS2_PLACEMENT_3D('',#2139,#928,#929);
#783=AXIS2_PLACEMENT_3D('',#2141,#930,#931);
#784=AXIS2_PLACEMENT_3D('',#2143,#932,#933);
#785=AXIS2_PLACEMENT_3D('',#2145,#934,#935);
#786=AXIS2_PLACEMENT_3D('',#2147,#936,#937);
#787=AXIS2_PLACEMENT_3D('',#2148,#938,#939);
#788=AXIS2_PLACEMENT_3D('',#2149,#940,#941);
#789=AXIS2_PLACEMENT_3D('',#2150,#942,#943);
#790=AXIS2_PLACEMENT_3D('',#2158,#944,#945);
#791=AXIS2_PLACEMENT_3D('',#2166,#946,#947);
#792=AXIS2_PLACEMENT_3D('',#2174,#948,#949);
#793=AXIS2_PLACEMENT_3D('',#2182,#950,#951);
#794=AXIS2_PLACEMENT_3D('',#2190,#952,#953);
#795=AXIS2_PLACEMENT_3D('',#2197,#956,#957);
#796=AXIS2_PLACEMENT_3D('',#2203,#959,#960);
#797=AXIS2_PLACEMENT_3D('',#2212,#962,#963);
#798=AXIS2_PLACEMENT_3D('',#2221,#965,#966);
#799=AXIS2_PLACEMENT_3D('',#2230,#968,#969);
#800=AXIS2_PLACEMENT_3D('',#2237,#970,#971);
#801=AXIS2_PLACEMENT_3D('',#2238,#972,#973);
#802=AXIS2_PLACEMENT_3D('',#2239,#974,#975);
#803=AXIS2_PLACEMENT_3D('',#2240,#976,#977);
#804=AXIS2_PLACEMENT_3D('',#2241,#978,#979);
#805=AXIS2_PLACEMENT_3D('',#2242,#980,#981);
#806=DIRECTION('axis',(0.,0.,1.));
#807=DIRECTION('refdir',(1.,0.,0.));
#808=DIRECTION('axis',(0.,0.,1.));
#809=DIRECTION('refdir',(1.,0.,0.));
#810=DIRECTION('center_axis',(0.,-1.22464679914735E-16,1.));
#811=DIRECTION('ref_axis',(0.,-1.,-1.22464679914735E-16));
#812=DIRECTION('center_axis',(0.,-1.22464679914735E-16,1.));
#813=DIRECTION('ref_axis',(0.,-1.,-1.22464679914735E-16));
#814=DIRECTION('',(0.,-1.22464679914735E-16,1.));
#815=DIRECTION('center_axis',(0.,-1.22464679914735E-16,1.));
#816=DIRECTION('ref_axis',(0.,-1.,-1.22464679914735E-16));
#817=DIRECTION('center_axis',(0.,-1.22464679914735E-16,1.));
#818=DIRECTION('ref_axis',(0.,-1.,-6.99617508743563E-17));
#819=DIRECTION('center_axis',(0.,-1.22464679914735E-16,1.));
#820=DIRECTION('ref_axis',(0.,-1.,-1.22464679914735E-16));
#821=DIRECTION('center_axis',(-1.,-1.22464679914735E-16,-1.49975978266186E-32));
#822=DIRECTION('ref_axis',(-1.22464679914735E-16,1.,8.74521885929454E-17));
#823=DIRECTION('center_axis',(0.,-1.22464679914735E-16,1.));
#824=DIRECTION('ref_axis',(0.,-1.,-1.22464679914735E-16));
#825=DIRECTION('center_axis',(0.,1.22464679914735E-16,-1.));
#826=DIRECTION('ref_axis',(0.,1.,1.22464679914735E-16));
#827=DIRECTION('center_axis',(0.,-1.22464679914735E-16,1.));
#828=DIRECTION('ref_axis',(0.,-1.,-1.22464679914735E-16));
#829=DIRECTION('center_axis',(0.,0.,1.));
#830=DIRECTION('ref_axis',(8.53119264628827E-17,1.,0.));
#831=DIRECTION('',(0.,0.,1.));
#832=DIRECTION('center_axis',(3.34889924317339E-16,4.77459317602412E-16,
-1.));
#833=DIRECTION('ref_axis',(0.932280419946426,0.361736393779387,5.22359373447907E-16));
#834=DIRECTION('center_axis',(0.,0.,1.));
#835=DIRECTION('ref_axis',(8.53119264628827E-17,1.,0.));
#836=DIRECTION('',(0.,0.,1.));
#837=DIRECTION('center_axis',(0.,0.,1.));
#838=DIRECTION('ref_axis',(8.53119264628827E-17,1.,0.));
#839=DIRECTION('',(0.,0.,1.));
#840=DIRECTION('center_axis',(0.,0.,1.));
#841=DIRECTION('ref_axis',(8.53119264628827E-17,1.,0.));
#842=DIRECTION('',(0.,0.,1.));
#843=DIRECTION('center_axis',(3.28553252362424E-15,1.21661831854272E-15,
1.));
#844=DIRECTION('ref_axis',(-0.587044189617202,-0.809554889699693,2.96003644953813E-15));
#845=DIRECTION('center_axis',(0.,-1.22464679914735E-16,1.));
#846=DIRECTION('ref_axis',(0.,-1.,-1.22464679914735E-16));
#847=DIRECTION('',(-8.65956056235486E-17,0.707106781186541,0.707106781186553));
#848=DIRECTION('center_axis',(0.,-1.22464679914735E-16,1.));
#849=DIRECTION('ref_axis',(0.,-1.,-1.22464679914735E-16));
#850=DIRECTION('',(0.,-1.22464679914735E-16,1.));
#851=DIRECTION('center_axis',(0.,-1.22464679914735E-16,1.));
#852=DIRECTION('ref_axis',(0.,-1.,-1.22464679914735E-16));
#853=DIRECTION('center_axis',(0.,-1.22464679914735E-16,1.));
#854=DIRECTION('ref_axis',(0.,-1.,-1.22464679914735E-16));
#855=DIRECTION('',(0.,-1.22464679914735E-16,1.));
#856=DIRECTION('center_axis',(0.,-1.22464679914735E-16,1.));
#857=DIRECTION('ref_axis',(0.,-1.,-1.22464679914735E-16));
#858=DIRECTION('center_axis',(0.,-1.22464679914735E-16,1.));
#859=DIRECTION('ref_axis',(0.,-1.,-1.22464679914735E-16));
#860=DIRECTION('',(0.,-1.22464679914735E-16,1.));
#861=DIRECTION('center_axis',(0.,-1.22464679914735E-16,1.));
#862=DIRECTION('ref_axis',(0.,-1.,-1.22464679914735E-16));
#863=DIRECTION('',(0.,-1.22464679914735E-16,1.));
#864=DIRECTION('center_axis',(0.,-1.22464679914735E-16,1.));
#865=DIRECTION('ref_axis',(0.,-1.,-1.22464679914735E-16));
#866=DIRECTION('',(0.,-1.22464679914735E-16,1.));
#867=DIRECTION('center_axis',(0.,-1.22464679914735E-16,1.));
#868=DIRECTION('ref_axis',(0.,-1.,-1.22464679914735E-16));
#869=DIRECTION('center_axis',(0.,-1.22464679914735E-16,1.));
#870=DIRECTION('ref_axis',(0.,-1.,-1.22464679914735E-16));
#871=DIRECTION('center_axis',(0.,-1.22464679914735E-16,1.));
#872=DIRECTION('ref_axis',(0.,-1.,-1.22464679914735E-16));
#873=DIRECTION('center_axis',(0.,1.22464679914735E-16,-1.));
#874=DIRECTION('ref_axis',(0.,1.,1.22464679914735E-16));
#875=DIRECTION('center_axis',(0.,0.,-1.));
#876=DIRECTION('ref_axis',(-1.,0.,0.));
#877=DIRECTION('center_axis',(0.,0.,-1.));
#878=DIRECTION('ref_axis',(-1.,0.,0.));
#879=DIRECTION('center_axis',(0.,-1.22464679914735E-16,1.));
#880=DIRECTION('ref_axis',(0.,-1.,-6.99617508743563E-17));
#881=DIRECTION('center_axis',(0.,-1.22464679914735E-16,1.));
#882=DIRECTION('ref_axis',(0.,-1.,-1.22464679914735E-16));
#883=DIRECTION('center_axis',(1.,1.22464679914735E-16,1.49975978266186E-32));
#884=DIRECTION('ref_axis',(-1.22464679914735E-16,1.,8.74521885929454E-17));
#885=DIRECTION('center_axis',(0.,-1.22464679914735E-16,1.));
#886=DIRECTION('ref_axis',(0.,-1.,-1.22464679914735E-16));
#887=DIRECTION('center_axis',(0.,-1.22464679914735E-16,1.));
#888=DIRECTION('ref_axis',(0.,-1.,-6.83214169000098E-17));
#889=DIRECTION('center_axis',(0.,-1.22464679914735E-16,1.));
#890=DIRECTION('ref_axis',(0.,-1.,-1.22464679914735E-16));
#891=DIRECTION('center_axis',(-1.,-1.22464679914735E-16,-1.49975978266186E-32));
#892=DIRECTION('ref_axis',(-1.22464679914735E-16,1.,8.54017711250123E-17));
#893=DIRECTION('center_axis',(0.,0.,-1.));
#894=DIRECTION('ref_axis',(-1.,0.,0.));
#895=DIRECTION('center_axis',(0.,0.,-1.));
#896=DIRECTION('ref_axis',(-1.,0.,0.));
#897=DIRECTION('center_axis',(0.,0.,-1.));
#898=DIRECTION('ref_axis',(-1.,0.,0.));
#899=DIRECTION('center_axis',(0.,-1.22464679914735E-16,1.));
#900=DIRECTION('ref_axis',(0.,-1.,-1.22464679914735E-16));
#901=DIRECTION('center_axis',(0.,0.,-1.));
#902=DIRECTION('ref_axis',(-1.,0.,0.));
#903=DIRECTION('center_axis',(0.,-1.22464679914735E-16,1.));
#904=DIRECTION('ref_axis',(0.,-1.,-1.22464679914735E-16));
#905=DIRECTION('center_axis',(0.,-1.22464679914735E-16,1.));
#906=DIRECTION('ref_axis',(0.,-1.,-1.22464679914735E-16));
#907=DIRECTION('',(-8.65956056235486E-17,0.707106781186541,0.707106781186553));
#908=DIRECTION('center_axis',(0.,-1.22464679914735E-16,1.));
#909=DIRECTION('ref_axis',(0.,-1.,-1.22464679914735E-16));
#910=DIRECTION('center_axis',(0.,-1.22464679914735E-16,1.));
#911=DIRECTION('ref_axis',(0.,-1.,-1.22464679914735E-16));
#912=DIRECTION('center_axis',(0.,-1.22464679914735E-16,1.));
#913=DIRECTION('ref_axis',(0.,-1.,-1.22464679914735E-16));
#914=DIRECTION('',(0.,-1.22464679914735E-16,1.));
#915=DIRECTION('center_axis',(0.,-1.22464679914735E-16,1.));
#916=DIRECTION('ref_axis',(0.,-1.,-1.22464679914735E-16));
#917=DIRECTION('center_axis',(0.,1.22464679914735E-16,-1.));
#918=DIRECTION('ref_axis',(0.,1.,1.22464679914735E-16));
#919=DIRECTION('',(-8.65956056235487E-17,-0.707106781186543,-0.707106781186553));
#920=DIRECTION('center_axis',(0.,-1.22464679914735E-16,1.));
#921=DIRECTION('ref_axis',(0.,-1.,-1.22464679914735E-16));
#922=DIRECTION('center_axis',(0.,0.,1.));
#923=DIRECTION('ref_axis',(8.53119264628827E-17,1.,0.));
#924=DIRECTION('center_axis',(0.,1.22464679914735E-16,-1.));
#925=DIRECTION('ref_axis',(0.,1.,1.22464679914735E-16));
#926=DIRECTION('center_axis',(0.,-1.22464679914735E-16,1.));
#927=DIRECTION('ref_axis',(0.,-1.,-1.22464679914735E-16));
#928=DIRECTION('center_axis',(0.,-1.22464679914735E-16,1.));
#929=DIRECTION('ref_axis',(0.,-1.,-1.22464679914735E-16));
#930=DIRECTION('center_axis',(0.,-1.22464679914735E-16,1.));
#931=DIRECTION('ref_axis',(0.,-1.,-1.22464679914735E-16));
#932=DIRECTION('center_axis',(0.,-1.22464679914735E-16,1.));
#933=DIRECTION('ref_axis',(0.,-1.,-1.22464679914735E-16));
#934=DIRECTION('center_axis',(0.,-1.22464679914735E-16,1.));
#935=DIRECTION('ref_axis',(0.,-1.,-1.22464679914735E-16));
#936=DIRECTION('center_axis',(0.,-1.22464679914735E-16,1.));
#937=DIRECTION('ref_axis',(0.,-1.,-1.22464679914735E-16));
#938=DIRECTION('center_axis',(0.,-1.22464679914735E-16,1.));
#939=DIRECTION('ref_axis',(0.,-1.,-1.22464679914735E-16));
#940=DIRECTION('center_axis',(0.,1.22464679914735E-16,-1.));
#941=DIRECTION('ref_axis',(0.,1.,1.22464679914735E-16));
#942=DIRECTION('center_axis',(0.,1.22464679914735E-16,-1.));
#943=DIRECTION('ref_axis',(0.,1.,1.22464679914735E-16));
#944=DIRECTION('center_axis',(0.,1.22464679914735E-16,-1.));
#945=DIRECTION('ref_axis',(1.22464679914735E-16,-1.,-1.22464679914735E-16));
#946=DIRECTION('center_axis',(0.,1.22464679914735E-16,-1.));
#947=DIRECTION('ref_axis',(0.,1.,1.22464679914735E-16));
#948=DIRECTION('center_axis',(0.,1.22464679914735E-16,-1.));
#949=DIRECTION('ref_axis',(0.,1.,1.22464679914735E-16));
#950=DIRECTION('center_axis',(0.,1.22464679914735E-16,-1.));
#951=DIRECTION('ref_axis',(0.,1.,1.22464679914735E-16));
#952=DIRECTION('center_axis',(0.5,0.866025403784439,0.));
#953=DIRECTION('ref_axis',(-0.866025403784439,0.5,0.));
#954=DIRECTION('',(0.,0.,1.));
#955=DIRECTION('',(0.,0.,1.));
#956=DIRECTION('center_axis',(-0.5,0.866025403784439,0.));
#957=DIRECTION('ref_axis',(-0.866025403784439,-0.5,0.));
#958=DIRECTION('',(0.,0.,1.));
#959=DIRECTION('center_axis',(-1.,0.,0.));
#960=DIRECTION('ref_axis',(0.,0.,1.));
#961=DIRECTION('',(0.,0.,1.));
#962=DIRECTION('center_axis',(-0.5,-0.866025403784439,0.));
#963=DIRECTION('ref_axis',(0.866025403784439,-0.5,0.));
#964=DIRECTION('',(0.,0.,1.));
#965=DIRECTION('center_axis',(0.5,-0.866025403784438,0.));
#966=DIRECTION('ref_axis',(0.866025403784438,0.5,0.));
#967=DIRECTION('',(0.,0.,1.));
#968=DIRECTION('center_axis',(1.,0.,0.));
#969=DIRECTION('ref_axis',(0.,0.,-1.));
#970=DIRECTION('center_axis',(0.,-1.22464679914735E-16,1.));
#971=DIRECTION('ref_axis',(0.,-1.,-1.22464679914735E-16));
#972=DIRECTION('center_axis',(0.,-1.22464679914735E-16,1.));
#973=DIRECTION('ref_axis',(0.,-1.,-1.22464679914735E-16));
#974=DIRECTION('center_axis',(0.,-1.22464679914735E-16,1.));
#975=DIRECTION('ref_axis',(0.,-1.,-1.22464679914735E-16));
#976=DIRECTION('center_axis',(0.,-1.22464679914735E-16,1.));
#977=DIRECTION('ref_axis',(-1.22464679914735E-16,1.,1.22464679914735E-16));
#978=DIRECTION('center_axis',(0.,-1.22464679914735E-16,1.));
#979=DIRECTION('ref_axis',(0.,-1.,-1.22464679914735E-16));
#980=DIRECTION('',(-7.49879891330929E-33,2.46519032881566E-32,1.));
#981=DIRECTION('',(1.,1.23259516440783E-32,1.3684555315672E-48));
#982=CARTESIAN_POINT('',(0.,0.,0.));
#983=CARTESIAN_POINT('',(0.,0.,0.));
#984=CARTESIAN_POINT('Origin',(0.,0.,4.00000000000001));
#985=CARTESIAN_POINT('',(-4.163799117101E-16,3.4,2.66666666666667));
#986=CARTESIAN_POINT('Origin',(0.,1.63286239886315E-16,2.66666666666667));
#987=CARTESIAN_POINT('',(-4.163799117101E-16,3.4,3.8476));
#988=CARTESIAN_POINT('',(-4.163799117101E-16,3.4,4.00000000000001));
#989=CARTESIAN_POINT('Origin',(0.,1.86636172190062E-17,3.8476));
#990=CARTESIAN_POINT('Origin',(0.,0.,2.66666666666667));
#991=CARTESIAN_POINT('',(-6.32734179559463E-16,5.16666666666665,3.8476));
#992=CARTESIAN_POINT('Origin',(0.,1.86636172190062E-17,3.8476));
#993=CARTESIAN_POINT('',(-7.77356802226772E-16,6.34759999999998,2.66666666666667));
#994=CARTESIAN_POINT('Origin',(-6.32734179559463E-16,5.16666666666665,2.66666666666667));
#995=CARTESIAN_POINT('Origin',(0.,1.63286239886315E-16,2.66666666666667));
#996=CARTESIAN_POINT('Origin',(0.,5.16666666666665,3.8476));
#997=CARTESIAN_POINT('Origin',(0.,3.4,2.66666666666667));
#998=CARTESIAN_POINT('Origin',(-2.71983053761549E-16,5.55111512312578E-16,
-4.546875));
#999=CARTESIAN_POINT('',(-2.71983053761549E-16,-3.18810118395208,1.00000000000001));
#1000=CARTESIAN_POINT('',(-2.71983053761549E-16,-3.18810118395208,1.15625));
#1001=CARTESIAN_POINT('',(-1.53536316494618E-16,-3.18810118395208,-4.546875));
#1002=CARTESIAN_POINT('',(2.97220431060655,1.15325222528662,1.54226785061873));
#1003=CARTESIAN_POINT('Ctrl Pts',(-3.90429791028481E-16,-3.18810118395208,
1.15625));
#1004=CARTESIAN_POINT('Ctrl Pts',(1.32055474861067,-3.18810118395209,1.234375));
#1005=CARTESIAN_POINT('Ctrl Pts',(2.25432796628138,-2.25432796628138,1.3125));
#1006=CARTESIAN_POINT('Ctrl Pts',(3.18810118395208,-1.32055474861068,1.390625));
#1007=CARTESIAN_POINT('Ctrl Pts',(3.18810118395208,-4.5935298538065E-16,
1.46875));
#1008=CARTESIAN_POINT('Ctrl Pts',(3.18810118395208,0.596834814130442,1.50405919100704));
#1009=CARTESIAN_POINT('Ctrl Pts',(2.97220431060655,1.15325222528662,1.54226785061873));
#1010=CARTESIAN_POINT('',(1.28619335418319,2.9171382920204,1.54226785061873));
#1011=CARTESIAN_POINT('Origin',(1.33226762955019E-14,2.77555756156289E-15,
1.54226785061873));
#1012=CARTESIAN_POINT('Ctrl Pts',(-3.90429791028481E-16,-3.18810118395208,
1.00000000000001));
#1013=CARTESIAN_POINT('Ctrl Pts',(1.32055474861067,-3.18810118395209,1.07812500000001));
#1014=CARTESIAN_POINT('Ctrl Pts',(2.25432796628138,-2.25432796628138,1.15625000000001));
#1015=CARTESIAN_POINT('Ctrl Pts',(3.18810118395208,-1.32055474861068,1.23437500000001));
#1016=CARTESIAN_POINT('Ctrl Pts',(3.18810118395208,-4.40217879143973E-16,
1.31250000000001));
#1017=CARTESIAN_POINT('Ctrl Pts',(3.18810118395208,1.32055474861068,1.39062500000001));
#1018=CARTESIAN_POINT('Ctrl Pts',(2.25432796628138,2.25432796628138,1.46875000000001));
#1019=CARTESIAN_POINT('Ctrl Pts',(1.83230202196155,2.67635391060121,1.50405919100704));
#1020=CARTESIAN_POINT('Ctrl Pts',(1.28619335418319,2.9171382920204,1.54226785061873));
#1021=CARTESIAN_POINT('Origin',(-2.71983053761549E-16,5.55111512312578E-16,
-4.546875));
#1022=CARTESIAN_POINT('',(-2.71983053761549E-16,-3.18810118395208,-0.249999999999993));
#1023=CARTESIAN_POINT('',(-2.71983053761549E-16,-3.18810118395208,-0.0937499999999966));
#1024=CARTESIAN_POINT('',(-1.53536316494618E-16,-3.18810118395208,-4.546875));
#1025=CARTESIAN_POINT('Ctrl Pts',(-3.90429791028481E-16,-3.18810118395208,
-0.0937499999999966));
#1026=CARTESIAN_POINT('Ctrl Pts',(1.32055474861067,-3.18810118395208,-0.0156249999999965));
#1027=CARTESIAN_POINT('Ctrl Pts',(2.25432796628138,-2.25432796628138,0.0625000000000027));
#1028=CARTESIAN_POINT('Ctrl Pts',(3.18810118395208,-1.32055474861068,0.140625000000003));
#1029=CARTESIAN_POINT('Ctrl Pts',(3.18810118395208,-3.06272135487231E-16,
0.218750000000003));
#1030=CARTESIAN_POINT('Ctrl Pts',(3.18810118395208,1.32055474861068,0.296875000000003));
#1031=CARTESIAN_POINT('Ctrl Pts',(2.25432796628138,2.25432796628138,0.375000000000003));
#1032=CARTESIAN_POINT('Ctrl Pts',(1.32055474861068,3.18810118395208,0.453125000000003));
#1033=CARTESIAN_POINT('Ctrl Pts',(0.,3.18810118395208,0.531250000000003));
#1034=CARTESIAN_POINT('Ctrl Pts',(-1.32055474861067,3.18810118395208,0.609375000000003));
#1035=CARTESIAN_POINT('Ctrl Pts',(-2.25432796628138,2.25432796628138,0.687500000000003));
#1036=CARTESIAN_POINT('Ctrl Pts',(-3.18810118395208,1.32055474861068,0.765625000000003));
#1037=CARTESIAN_POINT('Ctrl Pts',(-3.18810118395208,3.98047021623021E-16,
0.843750000000003));
#1038=CARTESIAN_POINT('Ctrl Pts',(-3.18810118395208,-1.32055474861067,0.921875000000004));
#1039=CARTESIAN_POINT('Ctrl Pts',(-2.25432796628138,-2.25432796628138,1.));
#1040=CARTESIAN_POINT('Ctrl Pts',(-1.32055474861068,-3.18810118395208,1.078125));
#1041=CARTESIAN_POINT('Ctrl Pts',(-3.90429791028481E-16,-3.18810118395208,
1.15625));
#1042=CARTESIAN_POINT('Ctrl Pts',(-3.90429791028481E-16,-3.18810118395208,
-0.249999999999993));
#1043=CARTESIAN_POINT('Ctrl Pts',(1.32055474861067,-3.18810118395208,-0.171874999999993));
#1044=CARTESIAN_POINT('Ctrl Pts',(2.25432796628138,-2.25432796628138,-0.093749999999994));
#1045=CARTESIAN_POINT('Ctrl Pts',(3.18810118395208,-1.32055474861068,-0.0156249999999939));
#1046=CARTESIAN_POINT('Ctrl Pts',(3.18810118395208,-2.87137029250554E-16,
0.0625000000000061));
#1047=CARTESIAN_POINT('Ctrl Pts',(3.18810118395208,1.32055474861068,0.140625000000006));
#1048=CARTESIAN_POINT('Ctrl Pts',(2.25432796628138,2.25432796628138,0.218750000000006));
#1049=CARTESIAN_POINT('Ctrl Pts',(1.32055474861068,3.18810118395208,0.296875000000006));
#1050=CARTESIAN_POINT('Ctrl Pts',(0.,3.18810118395208,0.375000000000006));
#1051=CARTESIAN_POINT('Ctrl Pts',(-1.32055474861067,3.18810118395208,0.453125000000007));
#1052=CARTESIAN_POINT('Ctrl Pts',(-2.25432796628138,2.25432796628138,0.531250000000007));
#1053=CARTESIAN_POINT('Ctrl Pts',(-3.18810118395208,1.32055474861068,0.609375000000007));
#1054=CARTESIAN_POINT('Ctrl Pts',(-3.18810118395208,4.17182127859698E-16,
0.687500000000007));
#1055=CARTESIAN_POINT('Ctrl Pts',(-3.18810118395208,-1.32055474861067,0.765625000000007));
#1056=CARTESIAN_POINT('Ctrl Pts',(-2.25432796628138,-2.25432796628138,0.843750000000007));
#1057=CARTESIAN_POINT('Ctrl Pts',(-1.32055474861068,-3.18810118395208,0.921875000000006));
#1058=CARTESIAN_POINT('Ctrl Pts',(-3.90429791028481E-16,-3.18810118395208,
1.00000000000001));
#1059=CARTESIAN_POINT('Origin',(-2.71983053761549E-16,5.55111512312578E-16,
-4.546875));
#1060=CARTESIAN_POINT('',(-2.71983053761549E-16,-3.18810118395208,-1.49999999999999));
#1061=CARTESIAN_POINT('',(-2.71983053761549E-16,-3.18810118395208,-1.34375));
#1062=CARTESIAN_POINT('',(-1.53536316494618E-16,-3.18810118395208,-4.546875));
#1063=CARTESIAN_POINT('Ctrl Pts',(-3.90429791028481E-16,-3.18810118395208,
-1.34375));
#1064=CARTESIAN_POINT('Ctrl Pts',(1.32055474861067,-3.18810118395208,-1.265625));
#1065=CARTESIAN_POINT('Ctrl Pts',(2.25432796628138,-2.25432796628138,-1.1875));
#1066=CARTESIAN_POINT('Ctrl Pts',(3.18810118395208,-1.32055474861068,-1.109375));
#1067=CARTESIAN_POINT('Ctrl Pts',(3.18810118395208,-1.53191285593812E-16,
-1.03125));
#1068=CARTESIAN_POINT('Ctrl Pts',(3.18810118395208,1.32055474861068,-0.953124999999997));
#1069=CARTESIAN_POINT('Ctrl Pts',(2.25432796628138,2.25432796628138,-0.874999999999997));
#1070=CARTESIAN_POINT('Ctrl Pts',(1.32055474861068,3.18810118395208,-0.796874999999997));
#1071=CARTESIAN_POINT('Ctrl Pts',(0.,3.18810118395208,-0.718749999999997));
#1072=CARTESIAN_POINT('Ctrl Pts',(-1.32055474861067,3.18810118395208,-0.640624999999997));
#1073=CARTESIAN_POINT('Ctrl Pts',(-2.25432796628138,2.25432796628138,-0.562499999999997));
#1074=CARTESIAN_POINT('Ctrl Pts',(-3.18810118395208,1.32055474861068,-0.484374999999997));
#1075=CARTESIAN_POINT('Ctrl Pts',(-3.18810118395208,5.5112787151644E-16,
-0.406249999999997));
#1076=CARTESIAN_POINT('Ctrl Pts',(-3.18810118395208,-1.32055474861067,-0.328124999999997));
#1077=CARTESIAN_POINT('Ctrl Pts',(-2.25432796628138,-2.25432796628138,-0.249999999999997));
#1078=CARTESIAN_POINT('Ctrl Pts',(-1.32055474861068,-3.18810118395208,-0.171874999999997));
#1079=CARTESIAN_POINT('Ctrl Pts',(-3.90429791028481E-16,-3.18810118395208,
-0.0937499999999966));
#1080=CARTESIAN_POINT('Ctrl Pts',(-3.90429791028481E-16,-3.18810118395208,
-1.49999999999999));
#1081=CARTESIAN_POINT('Ctrl Pts',(1.32055474861067,-3.18810118395208,-1.42187499999999));
#1082=CARTESIAN_POINT('Ctrl Pts',(2.25432796628138,-2.25432796628138,-1.34374999999999));
#1083=CARTESIAN_POINT('Ctrl Pts',(3.18810118395208,-1.32055474861068,-1.26562499999999));
#1084=CARTESIAN_POINT('Ctrl Pts',(3.18810118395208,-1.34056179357135E-16,
-1.18749999999999));
#1085=CARTESIAN_POINT('Ctrl Pts',(3.18810118395208,1.32055474861068,-1.10937499999999));
#1086=CARTESIAN_POINT('Ctrl Pts',(2.25432796628138,2.25432796628138,-1.03124999999999));
#1087=CARTESIAN_POINT('Ctrl Pts',(1.32055474861068,3.18810118395208,-0.953124999999994));
#1088=CARTESIAN_POINT('Ctrl Pts',(0.,3.18810118395208,-0.874999999999994));
#1089=CARTESIAN_POINT('Ctrl Pts',(-1.32055474861067,3.18810118395208,-0.796874999999994));
#1090=CARTESIAN_POINT('Ctrl Pts',(-2.25432796628138,2.25432796628138,-0.718749999999994));
#1091=CARTESIAN_POINT('Ctrl Pts',(-3.18810118395208,1.32055474861068,-0.640624999999994));
#1092=CARTESIAN_POINT('Ctrl Pts',(-3.18810118395208,5.70262977753117E-16,
-0.562499999999994));
#1093=CARTESIAN_POINT('Ctrl Pts',(-3.18810118395208,-1.32055474861067,-0.484374999999994));
#1094=CARTESIAN_POINT('Ctrl Pts',(-2.25432796628138,-2.25432796628138,-0.406249999999994));
#1095=CARTESIAN_POINT('Ctrl Pts',(-1.32055474861068,-3.18810118395208,-0.328124999999993));
#1096=CARTESIAN_POINT('Ctrl Pts',(-3.90429791028481E-16,-3.18810118395208,
-0.249999999999993));
#1097=CARTESIAN_POINT('Origin',(-2.71983053761549E-16,5.55111512312578E-16,
-4.546875));
#1098=CARTESIAN_POINT('',(-2.71983053761549E-16,-3.18810118395208,-2.74999999999999));
#1099=CARTESIAN_POINT('',(-2.71983053761549E-16,-3.18810118395208,-2.59375));
#1100=CARTESIAN_POINT('',(-1.53536316494618E-16,-3.18810118395208,-4.546875));
#1101=CARTESIAN_POINT('',(-1.87155627595079,-2.5809429023258,-2.87560118395206));
#1102=CARTESIAN_POINT('Ctrl Pts',(-1.87155627595079,-2.5809429023258,-2.87560118395206));
#1103=CARTESIAN_POINT('Ctrl Pts',(-1.0342633354777,-3.18810118395208,-2.8111877873062));
#1104=CARTESIAN_POINT('Ctrl Pts',(-3.90429791028481E-16,-3.18810118395208,
-2.74999999999999));
#1105=CARTESIAN_POINT('',(-3.14839236218689,-0.501612093992881,-2.87560118395206));
#1106=CARTESIAN_POINT('Origin',(7.21644966006352E-15,-2.63677968348475E-15,
-2.87560118395207));
#1107=CARTESIAN_POINT('Ctrl Pts',(-3.14839236218689,-0.50161209399288,-2.87560118395206));
#1108=CARTESIAN_POINT('Ctrl Pts',(-2.98566258432998,-1.52299334823278,-2.81118778730618));
#1109=CARTESIAN_POINT('Ctrl Pts',(-2.25432796628138,-2.25432796628138,-2.75));
#1110=CARTESIAN_POINT('Ctrl Pts',(-1.32055474861068,-3.18810118395208,-2.671875));
#1111=CARTESIAN_POINT('Ctrl Pts',(-3.90429791028481E-16,-3.18810118395208,
-2.59375));
#1112=CARTESIAN_POINT('Origin',(0.,1.63286239886315E-16,2.66666666666667));
#1113=CARTESIAN_POINT('',(-1.16649487129114E-14,3.24055126495012,1.59471793161677));
#1114=CARTESIAN_POINT('',(6.19999828399947E-10,3.75353902029174,2.10770568695839));
#1115=CARTESIAN_POINT('',(-5.28128932132297E-16,4.3125,2.66666666666667));
#1116=CARTESIAN_POINT('Ctrl Pts',(-1.71737624121704E-14,3.24055126495012,
1.59471793161677));
#1117=CARTESIAN_POINT('Ctrl Pts',(0.176163914657757,3.23405093161606,1.58821759828271));
#1118=CARTESIAN_POINT('Ctrl Pts',(0.352165824238164,3.21292254957366,1.58146419275503));
#1119=CARTESIAN_POINT('Ctrl Pts',(0.789334968213659,3.12285276939854,1.5640055318999));
#1120=CARTESIAN_POINT('Ctrl Pts',(1.04476827441482,3.03550149796435,1.55317167872468));
#1121=CARTESIAN_POINT('Ctrl Pts',(1.28619335418318,2.9171382920204,1.54226785061873));
#1122=CARTESIAN_POINT('Ctrl Pts',(2.97220431060655,1.15325222528662,1.54226785061873));
#1123=CARTESIAN_POINT('Ctrl Pts',(2.91129503454299,1.42588447464965,1.58410433186411));
#1124=CARTESIAN_POINT('Ctrl Pts',(2.81452368919987,1.68936900341812,1.62507110679527));
#1125=CARTESIAN_POINT('Ctrl Pts',(2.51208494373897,2.26466674293111,1.71644599456677));
#1126=CARTESIAN_POINT('Ctrl Pts',(2.31274529288017,2.50483581218734,1.75584513762066));
#1127=CARTESIAN_POINT('Ctrl Pts',(2.01688313725282,2.81754586432285,1.8134405945825));
#1128=CARTESIAN_POINT('Ctrl Pts',(1.86631803916989,2.95168249082737,1.8406834258491));
#1129=CARTESIAN_POINT('Ctrl Pts',(1.32706188755601,3.35521467391679,1.9318239044454));
#1130=CARTESIAN_POINT('Ctrl Pts',(0.895980838726282,3.55963617506556,1.99472344786236));
#1131=CARTESIAN_POINT('Ctrl Pts',(0.28637755340222,3.71104049726311,2.07305194227892));
#1132=CARTESIAN_POINT('Ctrl Pts',(0.140056791536968,3.73688771226982,2.09105437898274));
#1133=CARTESIAN_POINT('Ctrl Pts',(1.24000910234345E-9,3.75353902029174,
2.10770568695839));
#1134=CARTESIAN_POINT('Origin',(0.,0.,4.00000000000001));
#1135=CARTESIAN_POINT('',(-8.71037992259629E-15,4.00000000000001,2.25000000000001));
#1136=CARTESIAN_POINT('',(-4.89858719658942E-16,4.00000000000001,2.35416666666749));
#1137=CARTESIAN_POINT('',(-4.89858719658942E-16,4.00000000000001,4.00000000000001));
#1138=CARTESIAN_POINT('',(-1.98963324035047,3.47006621966967,2.35416666666666));
#1139=CARTESIAN_POINT('Origin',(0.,2.0155645235967E-16,2.35416666666666));
#1140=CARTESIAN_POINT('Ctrl Pts',(-1.98963324035044,3.47006621966969,2.35416666666666));
#1141=CARTESIAN_POINT('Ctrl Pts',(-1.57939903524748,3.70528236804603,2.33022898834468));
#1142=CARTESIAN_POINT('Ctrl Pts',(-1.13068601129106,3.86590052666106,2.30593392532391));
#1143=CARTESIAN_POINT('Ctrl Pts',(-0.444332922233546,3.98150088171726,2.27131276729197));
#1144=CARTESIAN_POINT('Ctrl Pts',(-0.222116882631682,4.,2.2604733904391));
#1145=CARTESIAN_POINT('Ctrl Pts',(-1.86656246015104E-14,4.00000000000001,
2.25000000000001));
#1146=CARTESIAN_POINT('Origin',(0.,0.,4.00000000000001));
#1147=CARTESIAN_POINT('',(2.71637015606041E-14,4.00000000000001,1.00000000000001));
#1148=CARTESIAN_POINT('',(-1.92147977709728E-14,4.00000000000001,1.15625));
#1149=CARTESIAN_POINT('',(-4.89858719658942E-16,4.00000000000001,4.00000000000001));
#1150=CARTESIAN_POINT('',(1.04682419875339,3.86059051142548,2.35416666666718));
#1151=CARTESIAN_POINT('Ctrl Pts',(-3.79397368222866E-14,4.00000000000001,
1.15625));
#1152=CARTESIAN_POINT('Ctrl Pts',(-0.0456055063786504,4.00000000000001,
1.15840041859411));
#1153=CARTESIAN_POINT('Ctrl Pts',(-0.0912402465906043,3.9992200562343,1.16056744891638));
#1154=CARTESIAN_POINT('Ctrl Pts',(-0.669969983021307,3.97940366649625,1.18824310454876));
#1155=CARTESIAN_POINT('Ctrl Pts',(-1.19401491011912,3.85470567662356,1.21538869752073));
#1156=CARTESIAN_POINT('Ctrl Pts',(-2.14414569556463,3.415581884306,1.26876647917246));
#1157=CARTESIAN_POINT('Ctrl Pts',(-2.56431562599726,3.11251198100789,1.29394623024217));
#1158=CARTESIAN_POINT('Ctrl Pts',(-3.28096429033285,2.34945782135556,1.34392326862876));
#1159=CARTESIAN_POINT('Ctrl Pts',(-3.56472088813781,1.8913900491008,1.37106448007541));
#1160=CARTESIAN_POINT('Ctrl Pts',(-3.92885599501319,0.909807064455594,1.42446069220432));
#1161=CARTESIAN_POINT('Ctrl Pts',(-4.01306727314439,0.398532496880413,1.44970293296563));
#1162=CARTESIAN_POINT('Ctrl Pts',(-3.98306507576101,-0.648094427546829,
1.49964010314298));
#1163=CARTESIAN_POINT('Ctrl Pts',(-3.86115956671544,-1.17311199058841,1.52677701779581));
#1164=CARTESIAN_POINT('Ctrl Pts',(-3.42692189017675,-2.12601978807178,1.58019031086054));
#1165=CARTESIAN_POINT('Ctrl Pts',(-3.12596326780609,-2.54793643564621,1.60549206091852));
#1166=CARTESIAN_POINT('Ctrl Pts',(-2.36632290810348,-3.26886751975477,1.6553917707433));
#1167=CARTESIAN_POINT('Ctrl Pts',(-1.90946601776079,-3.55511298035063,1.68252449655042));
#1168=CARTESIAN_POINT('Ctrl Pts',(-0.929285436499053,-3.9243184010078,1.73595361126749));
#1169=CARTESIAN_POINT('Ctrl Pts',(-0.418251783824858,-4.01108196633062,
1.76131189266938));
#1170=CARTESIAN_POINT('Ctrl Pts',(0.628943336577907,-3.98616921826994,1.81117645146212));
#1171=CARTESIAN_POINT('Ctrl Pts',(1.15479995452817,-3.86671182940746,1.83830511489535));
#1172=CARTESIAN_POINT('Ctrl Pts',(2.11012781514078,-3.43675665051068,1.89174887771763));
#1173=CARTESIAN_POINT('Ctrl Pts',(2.53357216315989,-3.13764384044858,1.91716073925102));
#1174=CARTESIAN_POINT('Ctrl Pts',(3.25823700521929,-2.38099417301688,1.96699235509356));
#1175=CARTESIAN_POINT('Ctrl Pts',(3.54665123215111,-1.92520493597412,1.99411709697997));
#1176=CARTESIAN_POINT('Ctrl Pts',(3.92028246580155,-0.946259447240171,2.04757441552247));
#1177=CARTESIAN_POINT('Ctrl Pts',(4.00927338213184,-0.435435634054374,2.07303695321471));
#1178=CARTESIAN_POINT('Ctrl Pts',(3.98879880300197,0.612245195479331,2.12283773147308));
#1179=CARTESIAN_POINT('Ctrl Pts',(3.87147857959338,1.13882393541965,2.14995870332913));
#1180=CARTESIAN_POINT('Ctrl Pts',(3.44526125295238,2.09625349484739,2.20342856180624));
#1181=CARTESIAN_POINT('Ctrl Pts',(3.14775603088611,2.52102881979002,2.22893893591763));
#1182=CARTESIAN_POINT('Ctrl Pts',(2.5384390568763,3.10922968731778,2.26915811892478));
#1183=CARTESIAN_POINT('Ctrl Pts',(2.27080698308321,3.3097407991473,2.28569390201281));
#1184=CARTESIAN_POINT('Ctrl Pts',(1.68748722833773,3.64237652021185,2.3196957415474));
#1185=CARTESIAN_POINT('Ctrl Pts',(1.37343796113239,3.77202706780351,2.33703622099531));
#1186=CARTESIAN_POINT('Ctrl Pts',(1.04682419875288,3.86059051142509,2.35416666666749));
#1187=CARTESIAN_POINT('Origin',(0.,2.0155645235967E-16,2.35416666666666));
#1188=CARTESIAN_POINT('Ctrl Pts',(-1.80411241501588E-14,4.00000000000001,
2.25000000000001));
#1189=CARTESIAN_POINT('Ctrl Pts',(0.289266581173732,4.00000000000001,2.23636032610526));
#1190=CARTESIAN_POINT('Ctrl Pts',(0.578306768732409,3.9686258177464,2.22211855026292));
#1191=CARTESIAN_POINT('Ctrl Pts',(1.37565751039698,3.79265230683268,2.18108440015728));
#1192=CARTESIAN_POINT('Ctrl Pts',(1.86190862380486,3.57909940088363,2.15398543651163));
#1193=CARTESIAN_POINT('Ctrl Pts',(2.71407238005713,2.98295372798887,2.10216022224206));
#1194=CARTESIAN_POINT('Ctrl Pts',(3.07450737227529,2.6099051800297,2.07863986542697));
#1195=CARTESIAN_POINT('Ctrl Pts',(3.64076701739879,1.73810853135929,2.02647262054465));
#1196=CARTESIAN_POINT('Ctrl Pts',(3.83739508746743,1.24523555211305,1.99939198185144));
#1197=CARTESIAN_POINT('Ctrl Pts',(4.02678166976083,0.222704949162067,1.94747803982255));
#1198=CARTESIAN_POINT('Ctrl Pts',(4.0220309895141,-0.296368225297025,1.92395575782317));
#1199=CARTESIAN_POINT('Ctrl Pts',(3.8140466999944,-1.31484327057576,1.87186980944875));
#1200=CARTESIAN_POINT('Ctrl Pts',(3.60867694027386,-1.80366805218682,1.84480931770832));
#1201=CARTESIAN_POINT('Ctrl Pts',(3.02664015645883,-2.66541181149414,1.79280794554377));
#1202=CARTESIAN_POINT('Ctrl Pts',(2.65890480005931,-3.03235814825851,1.76927355236532));
#1203=CARTESIAN_POINT('Ctrl Pts',(1.79626333899304,-3.61230708542829,1.71727062947584));
#1204=CARTESIAN_POINT('Ctrl Pts',(1.30743100828727,-3.81653599801762,1.69023206394643));
#1205=CARTESIAN_POINT('Ctrl Pts',(0.28818688697644,-4.02273019243814,1.63814481442576));
#1206=CARTESIAN_POINT('Ctrl Pts',(-0.231736549981217,-4.02637661125974,
1.61458818533981));
#1207=CARTESIAN_POINT('Ctrl Pts',(-1.2533630567343,-3.83457512775725,1.56266970776587));
#1208=CARTESIAN_POINT('Ctrl Pts',(-1.7446403530331,-3.63745922084739,1.53565478162289));
#1209=CARTESIAN_POINT('Ctrl Pts',(-2.61589515372525,-3.06968659034261,1.4834835357905));
#1210=CARTESIAN_POINT('Ctrl Pts',(-2.98938748908153,-2.7072951074791,1.45989455228011));
#1211=CARTESIAN_POINT('Ctrl Pts',(-3.58294709839744,-1.85389837157836,1.40806170885799));
#1212=CARTESIAN_POINT('Ctrl Pts',(-3.79469181840594,-1.36921622949107,1.38107204243464));
#1213=CARTESIAN_POINT('Ctrl Pts',(-4.01764838281675,-0.353398207344917,
1.32881895238817));
#1214=CARTESIAN_POINT('Ctrl Pts',(-4.02968687770737,0.167373965012586,1.30518770276145));
#1215=CARTESIAN_POINT('Ctrl Pts',(-3.85397468887097,1.19201344181652,1.25344139982631));
#1216=CARTESIAN_POINT('Ctrl Pts',(-3.66507643445856,1.68559115461131,1.22647850406993));
#1217=CARTESIAN_POINT('Ctrl Pts',(-3.11154569347666,2.56616599375579,1.17414595601663));
#1218=CARTESIAN_POINT('Ctrl Pts',(-2.75446223334914,2.94616089692161,1.15046287468506));
#1219=CARTESIAN_POINT('Ctrl Pts',(-1.91028425577428,3.55308377257044,1.09880371847086));
#1220=CARTESIAN_POINT('Ctrl Pts',(-1.42980575376704,3.77216483342057,1.07186897673601));
#1221=CARTESIAN_POINT('Ctrl Pts',(-0.61839439081071,3.96410931665238,1.02985989860428));
#1222=CARTESIAN_POINT('Ctrl Pts',(-0.30938818719544,4.00000000000001,1.0145884601087));
#1223=CARTESIAN_POINT('Ctrl Pts',(5.78703751585863E-14,4.00000000000001,
1.00000000000001));
#1224=CARTESIAN_POINT('Origin',(0.,0.,4.00000000000001));
#1225=CARTESIAN_POINT('',(1.35115543470641E-13,4.00000000000001,-0.250000000000004));
#1226=CARTESIAN_POINT('',(-1.0488344943075E-13,4.00000000000001,-0.0937499999999892));
#1227=CARTESIAN_POINT('',(-4.89858719658942E-16,4.00000000000001,4.00000000000001));
#1228=CARTESIAN_POINT('Ctrl Pts',(-2.0927704014184E-13,4.00000000000001,
-0.0937499999999898));
#1229=CARTESIAN_POINT('Ctrl Pts',(-0.0863873243318222,4.,-0.0896766123043158));
#1230=CARTESIAN_POINT('Ctrl Pts',(-0.172859218277501,3.99720151894635,-0.0855445790976469));
#1231=CARTESIAN_POINT('Ctrl Pts',(-0.789919020632603,3.95711920479547,-0.0556657420314003));
#1232=CARTESIAN_POINT('Ctrl Pts',(-1.30835968416712,3.81718350987056,-0.0284867932791413));
#1233=CARTESIAN_POINT('Ctrl Pts',(-2.24301850101289,3.3513642414842,0.0246828407092764));
#1234=CARTESIAN_POINT('Ctrl Pts',(-2.65357270986255,3.0366537696416,0.0492664452141111));
#1235=CARTESIAN_POINT('Ctrl Pts',(-3.34639427549336,2.25492202275809,0.0996588075401772));
#1236=CARTESIAN_POINT('Ctrl Pts',(-3.61628064704119,1.79038273077459,0.126834265167318));
#1237=CARTESIAN_POINT('Ctrl Pts',(-3.95231972475753,0.801268937937259,0.180036823978148));
#1238=CARTESIAN_POINT('Ctrl Pts',(-4.02237224990121,0.288647954296483,0.20470253797041));
#1239=CARTESIAN_POINT('Ctrl Pts',(-3.96407085526944,-0.754599427382928,
0.25503307258745));
#1240=CARTESIAN_POINT('Ctrl Pts',(-3.82860894816893,-1.27473811951636,0.282204709149247));
#1241=CARTESIAN_POINT('Ctrl Pts',(-3.37063456077258,-2.21399636491092,0.335437997860158));
#1242=CARTESIAN_POINT('Ctrl Pts',(-3.0593640290127,-2.6273893936274,0.360184204346652));
#1243=CARTESIAN_POINT('Ctrl Pts',(-2.28312515970207,-3.3272893487738,0.410455812961442));
#1244=CARTESIAN_POINT('Ctrl Pts',(-1.82046143896002,-3.60129956231741,0.437623376300837));
#1245=CARTESIAN_POINT('Ctrl Pts',(-0.83353721826102,-3.94566482003127,0.490885311776615));
#1246=CARTESIAN_POINT('Ctrl Pts',(-0.321317414633586,-4.01991657963539,
0.515710050002529));
#1247=CARTESIAN_POINT('Ctrl Pts',(0.722972707056194,-3.9700188080646,0.565925619268281));
#1248=CARTESIAN_POINT('Ctrl Pts',(1.24459794006195,-3.83857215900609,0.593088927101426));
#1249=CARTESIAN_POINT('Ctrl Pts',(2.18794359497622,-3.38763315167672,0.646377538066839));
#1250=CARTESIAN_POINT('Ctrl Pts',(2.60387310463693,-3.07943378372496,0.671278560537856));
#1251=CARTESIAN_POINT('Ctrl Pts',(3.31006657773428,-2.30811818200276,0.721440944515298));
#1252=CARTESIAN_POINT('Ctrl Pts',(3.58774118349057,-1.84715535107871,0.748599876623169));
#1253=CARTESIAN_POINT('Ctrl Pts',(3.93952388833718,-0.862211540672194,0.801913302601791));
#1254=CARTESIAN_POINT('Ctrl Pts',(4.01751402148968,-0.350347538571284,0.826888128893504));
#1255=CARTESIAN_POINT('Ctrl Pts',(3.97509043619869,0.694842124629612,0.877000133687307));
#1256=CARTESIAN_POINT('Ctrl Pts',(3.84722251039756,1.21776272113016,0.904154624349748));
#1257=CARTESIAN_POINT('Ctrl Pts',(3.4025502784763,2.16471955062589,0.957491113659743));
#1258=CARTESIAN_POINT('Ctrl Pts',(3.09707589361319,2.58290114471093,0.982537080442405));
#1259=CARTESIAN_POINT('Ctrl Pts',(2.33014324900996,3.2946577243778,1.03260145098332));
#1260=CARTESIAN_POINT('Ctrl Pts',(1.87071004768252,3.57556943477094,1.05975148176539));
#1261=CARTESIAN_POINT('Ctrl Pts',(0.930461838982402,3.91827689946612,1.11078014274461));
#1262=CARTESIAN_POINT('Ctrl Pts',(0.46683688087274,4.00000000000001,1.13423742325744));
#1263=CARTESIAN_POINT('Ctrl Pts',(-3.73312492030209E-14,4.00000000000001,
1.15625));
#1264=CARTESIAN_POINT('Ctrl Pts',(5.94663207564849E-14,4.00000000000001,
1.00000000000001));
#1265=CARTESIAN_POINT('Ctrl Pts',(0.205514191634668,4.00000000000001,0.990309469751874));
#1266=CARTESIAN_POINT('Ctrl Pts',(0.411167550928132,3.9841629058696,0.980303059140856));
#1267=CARTESIAN_POINT('Ctrl Pts',(1.13158010182794,3.87204036839148,0.944143834758742));
#1268=CARTESIAN_POINT('Ctrl Pts',(1.62728293376728,3.69121906548696,0.917238487050163));
#1269=CARTESIAN_POINT('Ctrl Pts',(2.51687627941733,3.15173118892356,0.86475496758476));
#1270=CARTESIAN_POINT('Ctrl Pts',(2.9032518709744,2.79985807029639,0.840941473731552));
#1271=CARTESIAN_POINT('Ctrl Pts',(3.52313568803664,1.96475767501803,0.789457205815803));
#1272=CARTESIAN_POINT('Ctrl Pts',(3.74928853147119,1.48847814563775,0.762582335840313));
#1273=CARTESIAN_POINT('Ctrl Pts',(4.00481238544475,0.479753063243595,0.710027616531808));
#1274=CARTESIAN_POINT('Ctrl Pts',(4.0332200879165,-0.0426714374608457,0.686136760251429));
#1275=CARTESIAN_POINT('Ctrl Pts',(3.88863200293591,-1.07279792204101,0.634739623239441));
#1276=CARTESIAN_POINT('Ctrl Pts',(3.71565012102927,-1.57043576262077,0.60789614851709));
#1277=CARTESIAN_POINT('Ctrl Pts',(3.18983971007277,-2.46865058987006,0.555273241704075));
#1278=CARTESIAN_POINT('Ctrl Pts',(2.84302228191809,-2.86121228120034,0.531297864647182));
#1279=CARTESIAN_POINT('Ctrl Pts',(2.01675059598856,-3.49351934627415,0.479987251845429));
#1280=CARTESIAN_POINT('Ctrl Pts',(1.54460830826223,-3.72640737513994,0.453175917016043));
#1281=CARTESIAN_POINT('Ctrl Pts',(0.539450545023349,-3.99736775624522,0.400487911441021));
#1282=CARTESIAN_POINT('Ctrl Pts',(0.016244555616692,-4.03357014948088,0.376421640155584));
#1283=CARTESIAN_POINT('Ctrl Pts',(-1.0163168297122,-3.90367483129563,0.325196659322986));
#1284=CARTESIAN_POINT('Ctrl Pts',(-1.51569307369706,-3.73821004761715,0.298418032669985));
#1285=CARTESIAN_POINT('Ctrl Pts',(-2.42205519111307,-3.22556331172954,0.245668062900951));
#1286=CARTESIAN_POINT('Ctrl Pts',(-2.82054475580462,-2.8835968452923,0.221505348760092));
#1287=CARTESIAN_POINT('Ctrl Pts',(-3.46967416276654,-2.05940045189706,0.169964030050018));
#1288=CARTESIAN_POINT('Ctrl Pts',(-3.71128192403454,-1.5830712379368,0.142784963453036));
#1289=CARTESIAN_POINT('Ctrl Pts',(-3.99075573192062,-0.580002639154609,
0.0900291895652117));
#1290=CARTESIAN_POINT('Ctrl Pts',(-4.03216460412841,-0.0645991845067598,
0.0661742349899045));
#1291=CARTESIAN_POINT('Ctrl Pts',(-3.91638419340249,0.970611535532379,0.0151000129008725));
#1292=CARTESIAN_POINT('Ctrl Pts',(-3.75373143028895,1.4797322861871,-0.0120831703848648));
#1293=CARTESIAN_POINT('Ctrl Pts',(-3.24793983229579,2.39026587956736,-0.0648959467154913));
#1294=CARTESIAN_POINT('Ctrl Pts',(-2.9154290202851,2.7861701367559,-0.0888223018720167));
#1295=CARTESIAN_POINT('Ctrl Pts',(-2.10567204738167,3.44189892540044,-0.139811658412137));
#1296=CARTESIAN_POINT('Ctrl Pts',(-1.63194823895005,3.69015172742285,-0.166997659294111));
#1297=CARTESIAN_POINT('Ctrl Pts',(-0.758032755236197,3.94595179610327,-0.213201149173608));
#1298=CARTESIAN_POINT('Ctrl Pts',(-0.379665184365246,4.00000000000001,-0.232097796147361));
#1299=CARTESIAN_POINT('Ctrl Pts',(2.76098588436469E-13,4.00000000000001,
-0.250000000000004));
#1300=CARTESIAN_POINT('Origin',(0.,0.,4.00000000000001));
#1301=CARTESIAN_POINT('',(7.58906918697421E-14,4.00000000000001,-1.5));
#1302=CARTESIAN_POINT('',(-1.21918433964843E-13,4.00000000000001,-1.34374999999999));
#1303=CARTESIAN_POINT('',(-4.89858719658942E-16,4.00000000000001,4.00000000000001));
#1304=CARTESIAN_POINT('Ctrl Pts',(-2.48134846003722E-13,4.00000000000001,
-1.34374999999999));
#1305=CARTESIAN_POINT('Ctrl Pts',(-0.157760937531543,4.,-1.33631116025388));
#1306=CARTESIAN_POINT('Ctrl Pts',(-0.315689208867615,3.99066738033784,-1.32868215255458));
#1307=CARTESIAN_POINT('Ctrl Pts',(-0.990096216686017,3.91036161446181,-1.29531363086102));
#1308=CARTESIAN_POINT('Ctrl Pts',(-1.49023969415958,3.7483814566255,-1.26856688624607));
#1309=CARTESIAN_POINT('Ctrl Pts',(-2.40033934687171,3.24185421393551,-1.21576020328945));
#1310=CARTESIAN_POINT('Ctrl Pts',(-2.8015761831885,2.90213867994365,-1.19150012456677));
#1311=CARTESIAN_POINT('Ctrl Pts',(-3.45107175567194,2.08829155060428,-1.1404396489841));
#1312=CARTESIAN_POINT('Ctrl Pts',(-3.69320364563482,1.62205448597305,-1.1137262166662));
#1313=CARTESIAN_POINT('Ctrl Pts',(-3.98559156512307,0.622072343417122,-1.06086374849866));
#1314=CARTESIAN_POINT('Ctrl Pts',(-4.03265894901709,0.097787489695691,-1.03649880532951));
#1315=CARTESIAN_POINT('Ctrl Pts',(-3.92309856652896,-0.937980406469569,
-0.985519795859174));
#1316=CARTESIAN_POINT('Ctrl Pts',(-3.76803492280306,-1.43957468001857,-0.958839730590882));
#1317=CARTESIAN_POINT('Ctrl Pts',(-3.27833244126379,-2.34840197330718,-0.906421651316439));
#1318=CARTESIAN_POINT('Ctrl Pts',(-2.95094656111823,-2.74851718324873,-0.882337852078925));
#1319=CARTESIAN_POINT('Ctrl Pts',(-2.14918617445595,-3.41500222860415,-0.831515472301406));
#1320=CARTESIAN_POINT('Ctrl Pts',(-1.67801488224103,-3.66953028089816,-0.804327265735779));
#1321=CARTESIAN_POINT('Ctrl Pts',(-0.681098876266695,-3.97474237595406,
-0.751358901727459));
#1322=CARTESIAN_POINT('Ctrl Pts',(-0.166974461338282,-4.02921378652718,
-0.727193863196482));
#1323=CARTESIAN_POINT('Ctrl Pts',(0.872102480146921,-3.93967138632778,-0.676449799823783));
#1324=CARTESIAN_POINT('Ctrl Pts',(1.38643623344652,-3.78936799150381,-0.649262008463899));
#1325=CARTESIAN_POINT('Ctrl Pts',(2.3102478930865,-3.30533838984188,-0.596248175662274));
#1326=CARTESIAN_POINT('Ctrl Pts',(2.71416778695873,-2.98257711921535,-0.572000202052236));
#1327=CARTESIAN_POINT('Ctrl Pts',(3.39030675596418,-2.18808405892608,-0.521331942474754));
#1328=CARTESIAN_POINT('Ctrl Pts',(3.650466381117,-1.7192805941498,-0.49414539349227));
#1329=CARTESIAN_POINT('Ctrl Pts',(3.96695052519162,-0.725162281283679,-0.441088790804781));
#1330=CARTESIAN_POINT('Ctrl Pts',(4.0271262451493,-0.211591062559918,-0.416756880040201));
#1331=CARTESIAN_POINT('Ctrl Pts',(3.9490305844371,0.829068066845415,-0.36616178151032));
#1332=CARTESIAN_POINT('Ctrl Pts',(3.80414875862677,1.3455796380488,-0.338977190374926));
#1333=CARTESIAN_POINT('Ctrl Pts',(3.32964766023074,2.27509685236867,-0.285880429365818));
#1334=CARTESIAN_POINT('Ctrl Pts',(3.01111066146182,2.68249607696822,-0.261464221088653));
#1335=CARTESIAN_POINT('Ctrl Pts',(2.22329659986973,3.36740843075714,-0.210939538551293));
#1336=CARTESIAN_POINT('Ctrl Pts',(1.75670836620608,3.63268443396836,-0.183757514235557));
#1337=CARTESIAN_POINT('Ctrl Pts',(0.847455974468887,3.93233113098659,-0.135031417501762));
#1338=CARTESIAN_POINT('Ctrl Pts',(0.424812448841326,4.00000000000003,-0.113781015145656));
#1339=CARTESIAN_POINT('Ctrl Pts',(-2.10248485288389E-13,4.00000000000001,
-0.0937499999999893));
#1340=CARTESIAN_POINT('Ctrl Pts',(2.76445533131664E-13,4.00000000000001,
-0.250000000000005));
#1341=CARTESIAN_POINT('Ctrl Pts',(0.130867705164995,4.00000000000001,-0.256170753685259));
#1342=CARTESIAN_POINT('Ctrl Pts',(0.261877738119785,3.99357790186279,-0.262473650101353));
#1343=CARTESIAN_POINT('Ctrl Pts',(0.91998601500864,3.92867756188853,-0.294772756889426));
#1344=CARTESIAN_POINT('Ctrl Pts',(1.43182561083298,3.77236073223596,-0.32196039211699));
#1345=CARTESIAN_POINT('Ctrl Pts',(2.34922142112494,3.27774523641677,-0.374878456630472));
#1346=CARTESIAN_POINT('Ctrl Pts',(2.74925457963516,2.95025956085857,-0.398958944048618));
#1347=CARTESIAN_POINT('Ctrl Pts',(3.41553074780073,2.14834288041382,-0.449784613853081));
#1348=CARTESIAN_POINT('Ctrl Pts',(3.66993694166869,1.67712116204204,-0.476972818096164));
#1349=CARTESIAN_POINT('Ctrl Pts',(3.97490550630609,0.680145409943058,-0.52993924283663));
#1350=CARTESIAN_POINT('Ctrl Pts',(4.0292535757313,0.166008997531106,-0.554100883807673));
#1351=CARTESIAN_POINT('Ctrl Pts',(3.93946357407139,-0.873033023055184,-0.604848136534917));
#1352=CARTESIAN_POINT('Ctrl Pts',(3.78904312621961,-1.38731901978477,-0.632035962239896));
#1353=CARTESIAN_POINT('Ctrl Pts',(3.30480764782016,-2.31100667825282,-0.68504796909282));
#1354=CARTESIAN_POINT('Ctrl Pts',(2.98195481479375,-2.71485119880269,-0.709292489112181));
#1355=CARTESIAN_POINT('Ctrl Pts',(2.18731740984864,-3.39079952281793,-0.759963831381764));
#1356=CARTESIAN_POINT('Ctrl Pts',(1.7184664790782,-3.65084794953582,-0.787150446665263));
#1357=CARTESIAN_POINT('Ctrl Pts',(0.724292225742258,-3.96710918116004,-0.840205333333036));
#1358=CARTESIAN_POINT('Ctrl Pts',(0.210710106894762,-4.02717217917241,-0.864533762168612));
#1359=CARTESIAN_POINT('Ctrl Pts',(-0.829918378712524,-3.94885041204318,
-0.915131831904435));
#1360=CARTESIAN_POINT('Ctrl Pts',(-1.34638750061215,-3.80386130540907,-0.942316516773011));
#1361=CARTESIAN_POINT('Ctrl Pts',(-2.27579252713448,-3.32917178811786,-0.995411667891354));
#1362=CARTESIAN_POINT('Ctrl Pts',(-2.68312312171421,-3.01055150987107,-1.01982439133517));
#1363=CARTESIAN_POINT('Ctrl Pts',(-3.36786293492771,-2.22260540972058,-1.07035192990188));
#1364=CARTESIAN_POINT('Ctrl Pts',(-3.63303833787902,-1.75597302730699,-1.09753407109752));
#1365=CARTESIAN_POINT('Ctrl Pts',(-3.95959215441322,-0.764407701378694,
-1.15066696708129));
#1366=CARTESIAN_POINT('Ctrl Pts',(-4.02485662152368,-0.251327251178218,
-1.17516378359546));
#1367=CARTESIAN_POINT('Ctrl Pts',(-3.9569639580853,0.790689260345777,-1.22562360894265));
#1368=CARTESIAN_POINT('Ctrl Pts',(-3.81693082129376,1.30909244676438,-1.25280269371259));
#1369=CARTESIAN_POINT('Ctrl Pts',(-3.35094060777627,2.24365054815708,-1.30597091747676));
#1370=CARTESIAN_POINT('Ctrl Pts',(-3.03615499256332,2.65414277169748,-1.33055109787469));
#1371=CARTESIAN_POINT('Ctrl Pts',(-2.25430351809332,3.34680937558942,-1.38094607907232));
#1372=CARTESIAN_POINT('Ctrl Pts',(-1.78972360836206,3.61660544144877,-1.40812168814924));
#1373=CARTESIAN_POINT('Ctrl Pts',(-0.871361367312693,3.92842352980571,-1.45751506052951));
#1374=CARTESIAN_POINT('Ctrl Pts',(-0.436903260822554,4.00000000000001,-1.47939887152885));
#1375=CARTESIAN_POINT('Ctrl Pts',(1.5182299861749E-13,4.00000000000001,
-1.5));
#1376=CARTESIAN_POINT('Origin',(0.,0.,4.00000000000001));
#1377=CARTESIAN_POINT('',(1.40304996207152E-14,4.00000000000001,-2.74999999999999));
#1378=CARTESIAN_POINT('',(-2.2919030614821E-15,4.00000000000001,-2.59375));
#1379=CARTESIAN_POINT('',(-4.89858719658942E-16,4.00000000000001,4.00000000000001));
#1380=CARTESIAN_POINT('',(-4.,8.90294963654314E-14,-3.6875));
#1381=CARTESIAN_POINT('Ctrl Pts',(2.85508579610894E-14,4.00000000000001,
-2.74999999999999));
#1382=CARTESIAN_POINT('Ctrl Pts',(0.0383313912290924,4.00000000000001,-2.75180742508925));
#1383=CARTESIAN_POINT('Ctrl Pts',(0.0766841402404087,3.99944901644252,-2.75362661865125));
#1384=CARTESIAN_POINT('Ctrl Pts',(0.648518150387744,3.98299532779812,-2.78091144504516));
#1385=CARTESIAN_POINT('Ctrl Pts',(1.173517017841,3.86103568962445,-2.80804853536176));
#1386=CARTESIAN_POINT('Ctrl Pts',(2.12637115403082,3.42670331428601,-2.86146114774244));
#1387=CARTESIAN_POINT('Ctrl Pts',(2.54825398566082,3.12570382681937,-2.88676049638654));
#1388=CARTESIAN_POINT('Ctrl Pts',(3.26910229864045,2.36599731925586,-2.93666170863191));
#1389=CARTESIAN_POINT('Ctrl Pts',(3.55529966809946,1.90911688657119,-2.96379460524185));
#1390=CARTESIAN_POINT('Ctrl Pts',(3.92440702977713,0.928909056179414,-3.01722308961204));
#1391=CARTESIAN_POINT('Ctrl Pts',(4.0111212404942,0.41787074959471,-3.04257909235379));
#1392=CARTESIAN_POINT('Ctrl Pts',(3.98611011386233,-0.629313501262465,-3.09244506007557));
#1393=CARTESIAN_POINT('Ctrl Pts',(3.8666053758337,-1.15515401138121,-3.11957388877093));
#1394=CARTESIAN_POINT('Ctrl Pts',(3.43656737749426,-2.11043519310491,-3.17301706812907));
#1395=CARTESIAN_POINT('Ctrl Pts',(3.13741891173869,-2.53385002517789,-3.19842677221898));
#1396=CARTESIAN_POINT('Ctrl Pts',(2.38071141967134,-3.25844283284014,-3.24825970772211));
#1397=CARTESIAN_POINT('Ctrl Pts',(1.92490147966194,-3.54681522962902,-3.27538460881243));
#1398=CARTESIAN_POINT('Ctrl Pts',(0.94593205318855,-3.92036103232203,-3.32884138750839));
#1399=CARTESIAN_POINT('Ctrl Pts',(0.435104193329556,-4.00930895838875,-3.35430188666071));
#1400=CARTESIAN_POINT('Ctrl Pts',(-0.612567350817834,-3.98874874806496,
-3.40410389957315));
#1401=CARTESIAN_POINT('Ctrl Pts',(-1.1391322422439,-3.87138726955536,-3.43122502419932));
#1402=CARTESIAN_POINT('Ctrl Pts',(-2.09652132750544,-3.44509779411649,-3.48469438337013));
#1403=CARTESIAN_POINT('Ctrl Pts',(-2.52127098291753,-3.14756157231879,-3.51020283489492));
#1404=CARTESIAN_POINT('Ctrl Pts',(-3.24911736538018,-2.39347079786239,-3.55997593171945));
#1405=CARTESIAN_POINT('Ctrl Pts',(-3.53937864258594,-1.93860007126556,-3.58709343864293));
#1406=CARTESIAN_POINT('Ctrl Pts',(-3.90908031222192,-0.980679138477204,
-3.63948264522993));
#1407=CARTESIAN_POINT('Ctrl Pts',(-4.00000000000002,-0.492396529138356,
-3.66428221916579));
#1408=CARTESIAN_POINT('Ctrl Pts',(-4.00000000000001,9.36750677027476E-14,
-3.6875));
#1409=CARTESIAN_POINT('',(-2.8284271247462,2.8284271247462,-3.6875));
#1410=CARTESIAN_POINT('Origin',(0.,9.41447226844528E-16,-3.6875));
#1411=CARTESIAN_POINT('Ctrl Pts',(-2.82842712474587,2.82842712474652,-3.68750000000002));
#1412=CARTESIAN_POINT('Ctrl Pts',(-3.12258674740334,2.53426750208912,-3.66788430130511));
#1413=CARTESIAN_POINT('Ctrl Pts',(-3.36911911927592,2.19595796354188,-3.64711703864665));
#1414=CARTESIAN_POINT('Ctrl Pts',(-3.75139293298347,1.45073031022131,-3.60451132533787));
#1415=CARTESIAN_POINT('Ctrl Pts',(-3.88327688207634,1.04773528130821,-3.5829332000749));
#1416=CARTESIAN_POINT('Ctrl Pts',(-4.03088450729143,0.124659471686218,-3.53652480624867));
#1417=CARTESIAN_POINT('Ctrl Pts',(-4.01360225929529,-0.393148026118739,
-3.51297771411366));
#1418=CARTESIAN_POINT('Ctrl Pts',(-3.7813227246615,-1.40666135098624,-3.46065120729384));
#1419=CARTESIAN_POINT('Ctrl Pts',(-3.56359065600175,-1.8915429822814,-3.4335351940306));
#1420=CARTESIAN_POINT('Ctrl Pts',(-2.96025085583538,-2.73875444565591,-3.38180298299069));
#1421=CARTESIAN_POINT('Ctrl Pts',(-2.58448016441247,-3.09585559238745,-3.35827405219183));
#1422=CARTESIAN_POINT('Ctrl Pts',(-1.70801188101325,-3.65504535907912,-3.30602461110855));
#1423=CARTESIAN_POINT('Ctrl Pts',(-1.21310461518863,-3.84773305320306,-3.27892501096412));
#1424=CARTESIAN_POINT('Ctrl Pts',(-0.188938248648382,-4.02846018262504,
-3.22710306835377));
#1425=CARTESIAN_POINT('Ctrl Pts',(0.329697553848839,-4.01938893574459,-3.20358259042503));
#1426=CARTESIAN_POINT('Ctrl Pts',(1.34649729762313,-3.80304705468242,-3.151412402677));
#1427=CARTESIAN_POINT('Ctrl Pts',(1.83400096739732,-3.59342028932031,-3.12433106016454));
#1428=CARTESIAN_POINT('Ctrl Pts',(2.69078021636072,-3.00403992483916,-3.07242034830344));
#1429=CARTESIAN_POINT('Ctrl Pts',(3.05434179873793,-2.63354314445517,-3.04889831597071));
#1430=CARTESIAN_POINT('Ctrl Pts',(3.62719437740111,-1.7661376388146,-2.99680935670396));
#1431=CARTESIAN_POINT('Ctrl Pts',(3.82748800899135,-1.27519392769484,-2.96974809503722));
#1432=CARTESIAN_POINT('Ctrl Pts',(4.02496262948706,-0.25422668357228,-2.91774989995919));
#1433=CARTESIAN_POINT('Ctrl Pts',(4.02425079557228,0.265256101752413,-2.89421613119569));
#1434=CARTESIAN_POINT('Ctrl Pts',(3.82406035410993,1.28526378460344,-2.84221013855651));
#1435=CARTESIAN_POINT('Ctrl Pts',(3.62266404980467,1.77528711155467,-2.8151707388278));
#1436=CARTESIAN_POINT('Ctrl Pts',(3.04748947752006,2.64162848650084,-2.7630866046613));
#1437=CARTESIAN_POINT('Ctrl Pts',(2.68232853914001,3.0117282949494,-2.73953096958951));
#1438=CARTESIAN_POINT('Ctrl Pts',(1.8241359251972,3.59825367875388,-2.68760937522401));
#1439=CARTESIAN_POINT('Ctrl Pts',(1.33729235888042,3.80611940086014,-2.66059355368764));
#1440=CARTESIAN_POINT('Ctrl Pts',(0.552576008414359,3.9713641561701,-2.62036469409348));
#1441=CARTESIAN_POINT('Ctrl Pts',(0.276354172071694,4.00000000000001,-2.60678082012175));
#1442=CARTESIAN_POINT('Ctrl Pts',(1.38777878078145E-16,4.00000000000001,
-2.59375));
#1443=CARTESIAN_POINT('Origin',(0.,7.53013514122075E-16,-2.14882196765917));
#1444=CARTESIAN_POINT('',(-3.25,-5.62916512459885,-4.));
#1445=CARTESIAN_POINT('',(3.25,-5.62916512459885,-4.));
#1446=CARTESIAN_POINT('Origin',(0.,9.79717439317883E-16,-4.));
#1447=CARTESIAN_POINT('',(-2.9847496498158E-15,-7.50555349946513,-3.53110270251485));
#1448=CARTESIAN_POINT('Ctrl Pts',(3.25000000000001,-5.62916512459884,-4.));
#1449=CARTESIAN_POINT('Ctrl Pts',(1.74166975079904,-6.50000000000187,-4.));
#1450=CARTESIAN_POINT('Ctrl Pts',(-8.10980077731707E-12,-7.50555349946981,
-3.53110270251266));
#1451=CARTESIAN_POINT('Ctrl Pts',(8.11064581230482E-12,-7.50555349946981,
-3.53110270251266));
#1452=CARTESIAN_POINT('Ctrl Pts',(-1.74166975079903,-6.50000000000188,-4.));
#1453=CARTESIAN_POINT('Ctrl Pts',(-3.24999999999999,-5.62916512459885,-4.));
#1454=CARTESIAN_POINT('Origin',(0.,1.63286239886315E-16,2.66666666666667));
#1455=CARTESIAN_POINT('',(-3.25,5.62916512459883,2.66666666666667));
#1456=CARTESIAN_POINT('',(-7.96020419445777E-16,6.49999999999998,2.66666666666667));
#1457=CARTESIAN_POINT('Origin',(0.,0.,2.66666666666667));
#1458=CARTESIAN_POINT('',(3.24999999999999,5.62916512459884,2.66666666666667));
#1459=CARTESIAN_POINT('Origin',(0.,0.,2.66666666666667));
#1460=CARTESIAN_POINT('',(6.20266078516617E-15,7.50555349946513,2.19776936918151));
#1461=CARTESIAN_POINT('Ctrl Pts',(3.25,5.62916512459886,2.66666666666666));
#1462=CARTESIAN_POINT('Ctrl Pts',(1.74166975079904,6.50000000000189,2.66666666666665));
#1463=CARTESIAN_POINT('Ctrl Pts',(-8.10219546242746E-12,7.50555349946982,
2.19776936917932));
#1464=CARTESIAN_POINT('Ctrl Pts',(8.10768818984774E-12,7.50555349946981,
2.19776936917933));
#1465=CARTESIAN_POINT('Ctrl Pts',(-1.74166975079904,6.50000000000187,2.66666666666666));
#1466=CARTESIAN_POINT('Ctrl Pts',(-3.25000000000001,5.62916512459884,2.66666666666666));
#1467=CARTESIAN_POINT('Origin',(0.,0.,2.66666666666667));
#1468=CARTESIAN_POINT('',(-7.77356802226772E-16,6.34759999999998,2.66666666666667));
#1469=CARTESIAN_POINT('Origin',(0.,1.63286239886315E-16,2.66666666666667));
#1470=CARTESIAN_POINT('',(-6.32734179559463E-16,5.16666666666665,3.8476));
#1471=CARTESIAN_POINT('Origin',(-6.32734179559463E-16,5.16666666666665,
2.66666666666667));
#1472=CARTESIAN_POINT('Origin',(0.,1.86636172190062E-17,3.8476));
#1473=CARTESIAN_POINT('Origin',(0.,0.,2.66666666666667));
#1474=CARTESIAN_POINT('',(-6.32734179559463E-16,5.16666666666665,4.));
#1475=CARTESIAN_POINT('Origin',(0.,5.02372299223016E-31,4.));
#1476=CARTESIAN_POINT('Origin',(-6.32734179559463E-16,5.16666666666665,
2.66666666666667));
#1477=CARTESIAN_POINT('',(-6.49999999999998,1.63286239886315E-16,2.66666666666667));
#1478=CARTESIAN_POINT('Origin',(0.,0.,2.66666666666667));
#1479=CARTESIAN_POINT('',(-3.24999999999999,-5.62916512459884,2.66666666666667));
#1480=CARTESIAN_POINT('Origin',(0.,0.,2.66666666666667));
#1481=CARTESIAN_POINT('',(3.24999999999999,-5.62916512459884,2.66666666666667));
#1482=CARTESIAN_POINT('Origin',(0.,0.,2.66666666666667));
#1483=CARTESIAN_POINT('',(6.49999999999998,1.63286239886315E-16,2.66666666666667));
#1484=CARTESIAN_POINT('Origin',(0.,1.63286239886315E-16,2.66666666666667));
#1485=CARTESIAN_POINT('Origin',(0.,0.,2.66666666666667));
#1486=CARTESIAN_POINT('Origin',(0.,0.,4.00000000000001));
#1487=CARTESIAN_POINT('Ctrl Pts',(1.38777878078145E-16,4.00000000000001,
-2.59375));
#1488=CARTESIAN_POINT('Ctrl Pts',(-0.236913948854465,4.00000000000001,-2.58257888928828));
#1489=CARTESIAN_POINT('Ctrl Pts',(-0.473886095778037,3.97895416675135,-2.57099398295516));
#1490=CARTESIAN_POINT('Ctrl Pts',(-1.22374675005805,3.84407451730916,-2.53300172883612));
#1491=CARTESIAN_POINT('Ctrl Pts',(-1.7161527156399,3.65092796556736,-2.50601110946028));
#1492=CARTESIAN_POINT('Ctrl Pts',(-2.59192774849678,3.09002917395153,-2.45376097755546));
#1493=CARTESIAN_POINT('Ctrl Pts',(-2.96856257734252,2.73020283460619,-2.43013144792956));
#1494=CARTESIAN_POINT('Ctrl Pts',(-3.56859981888394,1.88125703365545,-2.37838196144681));
#1495=CARTESIAN_POINT('Ctrl Pts',(-3.78390621893023,1.39859659438498,-2.35141805952193));
#1496=CARTESIAN_POINT('Ctrl Pts',(-4.01485866266512,0.384466250316788,-2.29908837838134));
#1497=CARTESIAN_POINT('Ctrl Pts',(-4.03090759745013,-0.13671150156936,-2.2754073600826));
#1498=CARTESIAN_POINT('Ctrl Pts',(-3.86285325698526,-1.1627426514798,-2.22374500348112));
#1499=CARTESIAN_POINT('Ctrl Pts',(-3.67786927061183,-1.65736698592685,-2.19680920733121));
#1500=CARTESIAN_POINT('Ctrl Pts',(-3.13113812645213,-2.54232977598716,-2.14440256057107));
#1501=CARTESIAN_POINT('Ctrl Pts',(-2.77658022257104,-2.92541799998859,-2.12066093028046));
#1502=CARTESIAN_POINT('Ctrl Pts',(-1.93679923000684,-3.53864298095868,-2.06908601538511));
#1503=CARTESIAN_POINT('Ctrl Pts',(-1.45834744831752,-3.76116817805995,-2.04217957051407));
#1504=CARTESIAN_POINT('Ctrl Pts',(-0.447768979356536,-4.00843569114482,
-1.9896987158521));
#1505=CARTESIAN_POINT('Ctrl Pts',(0.0742367501699313,-4.03268441989335,
-1.96588791114857));
#1506=CARTESIAN_POINT('Ctrl Pts',(1.10301743467975,-3.88022232567514,-1.91440044287768));
#1507=CARTESIAN_POINT('Ctrl Pts',(1.59967664015339,-3.70321231242003,-1.88752443891309));
#1508=CARTESIAN_POINT('Ctrl Pts',(2.49347755027126,-3.17036784486666,-1.83497227588924));
#1509=CARTESIAN_POINT('Ctrl Pts',(2.88286131457301,-2.8209525233689,-1.81108438527646));
#1510=CARTESIAN_POINT('Ctrl Pts',(3.50880373169542,-1.99014201236257,-1.75968406456247));
#1511=CARTESIAN_POINT('Ctrl Pts',(3.7382466620281,-1.51586640550231,-1.73283942525159));
#1512=CARTESIAN_POINT('Ctrl Pts',(4.00129331118867,-0.508863103918109,-1.68021896280628));
#1513=CARTESIAN_POINT('Ctrl Pts',(4.03349647281211,0.0139425547835542,-1.65624680015546));
#1514=CARTESIAN_POINT('Ctrl Pts',(3.89607337117887,1.04526882927985,-1.60493303100011));
#1515=CARTESIAN_POINT('Ctrl Pts',(3.72675722874142,1.54376866572178,-1.57812050739823));
#1516=CARTESIAN_POINT('Ctrl Pts',(3.20735991802151,2.44597106505317,-1.5254348320234));
#1517=CARTESIAN_POINT('Ctrl Pts',(2.86290742891017,2.84142383388315,-1.5013719943127));
#1518=CARTESIAN_POINT('Ctrl Pts',(2.04077084036298,3.47948923178411,-1.45014389470148));
#1519=CARTESIAN_POINT('Ctrl Pts',(1.57058348569137,3.71548399916192,-1.42336406157877));
#1520=CARTESIAN_POINT('Ctrl Pts',(0.719760697727877,3.95130837174905,-1.37863960285876));
#1521=CARTESIAN_POINT('Ctrl Pts',(0.360361941026076,4.00000000000003,-1.36074200557399));
#1522=CARTESIAN_POINT('Ctrl Pts',(-2.46469511466785E-13,4.00000000000001,
-1.34374999999999));
#1523=CARTESIAN_POINT('Ctrl Pts',(1.52271242459143E-13,4.00000000000001,
-1.5));
#1524=CARTESIAN_POINT('Ctrl Pts',(0.0745936220088148,4.00000000000001,-1.50351728386562));
#1525=CARTESIAN_POINT('Ctrl Pts',(0.149254709099513,3.99791345417793,-1.50707850173394));
#1526=CARTESIAN_POINT('Ctrl Pts',(0.755291638853558,3.96393775250569,-1.53631831182737));
#1527=CARTESIAN_POINT('Ctrl Pts',(1.27539743699794,3.82838806130224,-1.56349011188503));
#1528=CARTESIAN_POINT('Ctrl Pts',(2.21456589430718,3.37025980735381,-1.61672217205959));
#1529=CARTESIAN_POINT('Ctrl Pts',(2.62790335078712,3.05892196369912,-1.64146508710514));
#1530=CARTESIAN_POINT('Ctrl Pts',(3.32766509121226,2.28257538983834,-1.69173907476416));
#1531=CARTESIAN_POINT('Ctrl Pts',(3.60159480488315,1.81987466698904,-1.7189068105863));
#1532=CARTESIAN_POINT('Ctrl Pts',(3.94579731777835,0.832907310087285,-1.77216760143682));
#1533=CARTESIAN_POINT('Ctrl Pts',(4.01996702881937,0.320679683392075,-1.79698913535854));
#1534=CARTESIAN_POINT('Ctrl Pts',(3.96990513825562,-0.723590392174701,-1.84720696484638));
#1535=CARTESIAN_POINT('Ctrl Pts',(3.83837998577804,-1.24518689859651,-1.87437045141606));
#1536=CARTESIAN_POINT('Ctrl Pts',(3.38730347229299,-2.18845300345912,-1.92765799705612));
#1537=CARTESIAN_POINT('Ctrl Pts',(3.07904420106031,-2.60433302133639,-1.9525559131248));
#1538=CARTESIAN_POINT('Ctrl Pts',(2.30763240148261,-3.31040397729514,-2.00272044016921));
#1539=CARTESIAN_POINT('Ctrl Pts',(1.84663615953534,-3.58800726960481,-2.02987955485323));
#1540=CARTESIAN_POINT('Ctrl Pts',(0.861653491928005,-3.9396454475426,-2.08319199025905));
#1541=CARTESIAN_POINT('Ctrl Pts',(0.349782570911886,-4.01756276031426,-2.10816381666226));
#1542=CARTESIAN_POINT('Ctrl Pts',(-0.695389827837536,-3.97499365258346,
-2.1582778496273));
#1543=CARTESIAN_POINT('Ctrl Pts',(-1.21828544431542,-3.84705598309846,-2.18543252459783));
#1544=CARTESIAN_POINT('Ctrl Pts',(-2.16517218172809,-3.4022616516621,-2.23876809363942));
#1545=CARTESIAN_POINT('Ctrl Pts',(-2.58330996157784,-3.0967342682989,-2.26381117367157));
#1546=CARTESIAN_POINT('Ctrl Pts',(-3.29495853458604,-2.32971625101261,-2.31387746025214));
#1547=CARTESIAN_POINT('Ctrl Pts',(-3.57580741675875,-1.87025311844217,-2.34102767525673));
#1548=CARTESIAN_POINT('Ctrl Pts',(-3.93403043478098,-0.887051749187989,
-2.39438472795632));
#1549=CARTESIAN_POINT('Ctrl Pts',(-4.01526477977342,-0.375495528783429,
-2.4194962660552));
#1550=CARTESIAN_POINT('Ctrl Pts',(-3.97932144182759,0.670452916019297,-2.46951748204996));
#1551=CARTESIAN_POINT('Ctrl Pts',(-3.8545618511655,1.19447619956192,-2.49666325761226));
#1552=CARTESIAN_POINT('Ctrl Pts',(-3.41533025703035,2.14454552550077,-2.55004024679217));
#1553=CARTESIAN_POINT('Ctrl Pts',(-3.11221370813395,2.56467687352281,-2.57521735020198));
#1554=CARTESIAN_POINT('Ctrl Pts',(-2.34908421187088,3.28123078487025,-2.62519609026199));
#1555=CARTESIAN_POINT('Ctrl Pts',(-1.89098981251391,3.56493229783074,-2.6523374813701));
#1556=CARTESIAN_POINT('Ctrl Pts',(-0.94536789036169,3.91560799724223,-2.70377515654098));
#1557=CARTESIAN_POINT('Ctrl Pts',(-0.47439638435297,4.00000000000001,-2.72763097294832));
#1558=CARTESIAN_POINT('Ctrl Pts',(2.85882428840978E-14,4.00000000000001,
-2.74999999999999));
#1559=CARTESIAN_POINT('Origin',(0.,1.63286239886315E-16,2.66666666666667));
#1560=CARTESIAN_POINT('Ctrl Pts',(1.24001024726095E-9,3.75353902029174,
2.10770568695839));
#1561=CARTESIAN_POINT('Ctrl Pts',(-0.301190857651398,3.7893475073546,2.14351417392175));
#1562=CARTESIAN_POINT('Ctrl Pts',(-0.572628168219526,3.78574336035117,2.17652654108673));
#1563=CARTESIAN_POINT('Ctrl Pts',(-1.20670368406386,3.73143709455925,2.25442863863699));
#1564=CARTESIAN_POINT('Ctrl Pts',(-1.60964398225305,3.63135357338321,2.30507630139025));
#1565=CARTESIAN_POINT('Ctrl Pts',(-1.98963324035092,3.47006621966947,2.35416666666672));
#1566=CARTESIAN_POINT('',(-5.28128932132297E-16,4.3125,2.66666666666667));
#1567=CARTESIAN_POINT('',(-5.28128932132297E-16,4.3125,2.66666666666667));
#1568=CARTESIAN_POINT('Origin',(0.,1.63286239886315E-16,2.66666666666667));
#1569=CARTESIAN_POINT('Ctrl Pts',(1.04682419875287,3.86059051142564,2.35416666666719));
#1570=CARTESIAN_POINT('Ctrl Pts',(1.48211356684162,3.7274308106941,2.33956575837387));
#1571=CARTESIAN_POINT('Ctrl Pts',(1.89134294792744,3.52061131935615,2.3246683686619));
#1572=CARTESIAN_POINT('Ctrl Pts',(2.57686415203012,3.01124825826629,2.29738031665807));
#1573=CARTESIAN_POINT('Ctrl Pts',(2.92200737035735,2.68061705560545,2.28341747036346));
#1574=CARTESIAN_POINT('Ctrl Pts',(3.48699092586694,1.80884227123361,2.24985413128668));
#1575=CARTESIAN_POINT('Ctrl Pts',(3.67630367184559,1.33566006124794,2.23290150039952));
#1576=CARTESIAN_POINT('Ctrl Pts',(3.85390548332347,0.392503858052294,2.2012394372011));
#1577=CARTESIAN_POINT('Ctrl Pts',(3.86970737262601,-0.121742590784545,2.18584963257558));
#1578=CARTESIAN_POINT('Ctrl Pts',(3.65308473220544,-1.14641024903146,2.15115942152642));
#1579=CARTESIAN_POINT('Ctrl Pts',(3.45820793414868,-1.60360449966251,2.13419883755231));
#1580=CARTESIAN_POINT('Ctrl Pts',(2.9325006794043,-2.37614218584598,2.10254882153047));
#1581=CARTESIAN_POINT('Ctrl Pts',(2.59026668238244,-2.74185322860997,2.08716355677271));
#1582=CARTESIAN_POINT('Ctrl Pts',(1.73626471561757,-3.30044243772368,2.05248941420476));
#1583=CARTESIAN_POINT('Ctrl Pts',(1.28728506147798,-3.48212325756913,2.03552060626113));
#1584=CARTESIAN_POINT('Ctrl Pts',(0.391171263186407,-3.6542548128027,2.00376721222448));
#1585=CARTESIAN_POINT('Ctrl Pts',(-0.0991789772561642,-3.67112270461879,
1.98828707964098));
#1586=CARTESIAN_POINT('Ctrl Pts',(-1.06378947957534,-3.46900193735724,1.95388725111019));
#1587=CARTESIAN_POINT('Ctrl Pts',(-1.48811729162904,-3.29122783620454,1.93733092357473));
#1588=CARTESIAN_POINT('Ctrl Pts',(-2.22025796263857,-2.80426090591742,1.9058444460688));
#1589=CARTESIAN_POINT('Ctrl Pts',(-2.57166592715387,-2.48074353483762,1.89032529619049));
#1590=CARTESIAN_POINT('Ctrl Pts',(-3.10147872051411,-1.68523263990196,1.85611298318933));
#1591=CARTESIAN_POINT('Ctrl Pts',(-3.27440285494555,-1.2736081377725,1.83960367705355));
#1592=CARTESIAN_POINT('Ctrl Pts',(-3.45108138208942,-0.435972395700048,
1.80803584050351));
#1593=CARTESIAN_POINT('Ctrl Pts',(-3.47385300522206,0.0286012453707247,
1.79244961034752));
#1594=CARTESIAN_POINT('Ctrl Pts',(-3.30039222080596,0.938250489794136,1.75844072743329));
#1595=CARTESIAN_POINT('Ctrl Pts',(-3.14068932562836,1.34058326412934,1.74198412294921));
#1596=CARTESIAN_POINT('Ctrl Pts',(-2.69122762864269,2.04596487325381,1.71019804146232));
#1597=CARTESIAN_POINT('Ctrl Pts',(-2.38971274335657,2.3823743790283,1.69456323425749));
#1598=CARTESIAN_POINT('Ctrl Pts',(-1.65584951865773,2.892221695566,1.66087783222665));
#1599=CARTESIAN_POINT('Ctrl Pts',(-1.27271658180492,3.06247647548101,1.64448035506392));
#1600=CARTESIAN_POINT('Ctrl Pts',(-0.687796038991275,3.19889644098794,1.62093865672835));
#1601=CARTESIAN_POINT('Ctrl Pts',(-0.504320761144427,3.22563926062051,1.61374937614518));
#1602=CARTESIAN_POINT('Ctrl Pts',(-0.213299100450288,3.24322299337548,1.60265462646279));
#1603=CARTESIAN_POINT('Ctrl Pts',(-0.106625859182945,3.24448568947779,1.59865235614444));
#1604=CARTESIAN_POINT('Ctrl Pts',(-1.42941214420489E-14,3.24055126495012,
1.59471793161677));
#1605=CARTESIAN_POINT('Origin',(0.,0.,4.00000000000001));
#1606=CARTESIAN_POINT('',(-4.89858719658942E-16,4.00000000000001,3.8476));
#1607=CARTESIAN_POINT('Origin',(0.,1.86636172190062E-17,3.8476));
#1608=CARTESIAN_POINT('',(-4.89858719658942E-16,4.00000000000001,4.));
#1609=CARTESIAN_POINT('',(-4.89858719658942E-16,4.00000000000001,4.00000000000001));
#1610=CARTESIAN_POINT('Origin',(0.,6.97317456984705E-31,4.));
#1611=CARTESIAN_POINT('Origin',(0.,9.41447226844528E-16,-3.6875));
#1612=CARTESIAN_POINT('',(1.29283008080453E-12,-3.80188293868256,-3.48938293868255));
#1613=CARTESIAN_POINT('Ctrl Pts',(-4.00000000000001,8.98933705251181E-14,
-3.6875));
#1614=CARTESIAN_POINT('Ctrl Pts',(-3.99433273005336,-0.189581659079599,
-3.68183273005334));
#1615=CARTESIAN_POINT('Ctrl Pts',(-3.97550112616374,-0.373352221947696,
-3.67615271432942));
#1616=CARTESIAN_POINT('Ctrl Pts',(-3.9129614542169,-0.733939669718182,-3.66464259527827));
#1617=CARTESIAN_POINT('Ctrl Pts',(-3.87019371735599,-0.908721129717842,
-3.65888588477544));
#1618=CARTESIAN_POINT('Ctrl Pts',(-3.70873985723744,-1.41584241784863,-3.64164366801422));
#1619=CARTESIAN_POINT('Ctrl Pts',(-3.5573178160488,-1.73587628580747,-3.63004610621274));
#1620=CARTESIAN_POINT('Ctrl Pts',(-3.11053995933624,-2.4243347958428,-3.60334394479755));
#1621=CARTESIAN_POINT('Ctrl Pts',(-2.76127699683014,-2.8095272736276,-3.58796845560398));
#1622=CARTESIAN_POINT('Ctrl Pts',(-1.89262082799315,-3.40875433467348,-3.55384628958392));
#1623=CARTESIAN_POINT('Ctrl Pts',(-1.42636089672956,-3.61051814365242,-3.536837047828));
#1624=CARTESIAN_POINT('Ctrl Pts',(-0.644454151482212,-3.77956430009035,
-3.51012550835232));
#1625=CARTESIAN_POINT('Ctrl Pts',(-0.329645123526733,-3.8122507118381,-3.49975071183809));
#1626=CARTESIAN_POINT('Ctrl Pts',(2.58664617502902E-12,-3.80188293868256,
-3.48938293868255));
#1627=CARTESIAN_POINT('',(-5.28128932132297E-16,-4.3125,-4.));
#1628=CARTESIAN_POINT('',(-4.89858719658942E-16,-4.,-3.6875));
#1629=CARTESIAN_POINT('Origin',(0.,9.79717439317884E-16,-4.));
#1630=CARTESIAN_POINT('Ctrl Pts',(2.58666352226378E-12,-3.80188293868256,
-3.48938293868255));
#1631=CARTESIAN_POINT('Ctrl Pts',(0.177864356148476,-3.79628887050028,-3.48378887050027));
#1632=CARTESIAN_POINT('Ctrl Pts',(0.360029494634464,-3.7779035766011,-3.47787244168249));
#1633=CARTESIAN_POINT('Ctrl Pts',(1.02800934234862,-3.65797321569697,-3.45538435033706));
#1634=CARTESIAN_POINT('Ctrl Pts',(1.48937002400223,-3.47726221667515,-3.43836580956145));
#1635=CARTESIAN_POINT('Ctrl Pts',(2.27841929584565,-2.97261329454404,-3.4062468924615));
#1636=CARTESIAN_POINT('Ctrl Pts',(2.64451231550467,-2.64410000164238,-3.39088368399696));
#1637=CARTESIAN_POINT('Ctrl Pts',(3.21786877210447,-1.82728337676408,-3.35697768337908));
#1638=CARTESIAN_POINT('Ctrl Pts',(3.41309138678998,-1.38554415705849,-3.339949593596));
#1639=CARTESIAN_POINT('Ctrl Pts',(3.61292047678367,-0.492887459357132,-3.30771084989039));
#1640=CARTESIAN_POINT('Ctrl Pts',(3.63968267129891,-0.017048432304757,-3.29239447622147));
#1641=CARTESIAN_POINT('Ctrl Pts',(3.48004010137728,0.920679361593091,-3.25924034426275));
#1642=CARTESIAN_POINT('Ctrl Pts',(3.32166382127394,1.3446568673778,-3.24286120826122));
#1643=CARTESIAN_POINT('Ctrl Pts',(2.96923427737931,1.92418443445348,-3.21824315407179));
#1644=CARTESIAN_POINT('Ctrl Pts',(2.83112743096384,2.10840302885863,-3.2099913884732));
#1645=CARTESIAN_POINT('Ctrl Pts',(2.52038625914822,2.44856907725837,-3.19385573005271));
#1646=CARTESIAN_POINT('Ctrl Pts',(2.34713940097101,2.60480816764965,-3.1860425157911));
#1647=CARTESIAN_POINT('Ctrl Pts',(1.80789188504265,2.99899680182173,-3.16221343974293));
#1648=CARTESIAN_POINT('Ctrl Pts',(1.41156473648188,3.1869903730375,-3.1459170350874));
#1649=CARTESIAN_POINT('Ctrl Pts',(0.774921586781171,3.35266061956078,-3.1213244461414));
#1650=CARTESIAN_POINT('Ctrl Pts',(0.554111541117473,3.38778538611256,-3.11305607776927));
#1651=CARTESIAN_POINT('Ctrl Pts',(0.106407757464769,3.41509649434406,-3.09681640746838));
#1652=CARTESIAN_POINT('Ctrl Pts',(-0.121850257374548,3.4068999564699,-3.08896482905318));
#1653=CARTESIAN_POINT('Ctrl Pts',(-0.764496128472773,3.31690802270109,-3.06526301786109));
#1654=CARTESIAN_POINT('Ctrl Pts',(-1.16675308962839,3.1805267511318,-3.04905710489452));
#1655=CARTESIAN_POINT('Ctrl Pts',(-1.72176026002691,2.86668817953197,-3.02449348010666));
#1656=CARTESIAN_POINT('Ctrl Pts',(-1.89951310300373,2.74207409481695,-3.01620526109004));
#1657=CARTESIAN_POINT('Ctrl Pts',(-2.23103115044005,2.45814988947036,-2.99985747829827));
#1658=CARTESIAN_POINT('Ctrl Pts',(-2.38562297637798,2.29728111020108,-2.99195357898669));
#1659=CARTESIAN_POINT('Ctrl Pts',(-2.77257922375401,1.80078684095666,-2.9684068754145));
#1660=CARTESIAN_POINT('Ctrl Pts',(-2.96044239825044,1.43538253334372,-2.95230053675194));
#1661=CARTESIAN_POINT('Ctrl Pts',(-3.14912158849267,0.797783199250673,-2.92588671491304));
#1662=CARTESIAN_POINT('Ctrl Pts',(-3.19263564920205,0.542915878942678,-2.91571769239038));
#1663=CARTESIAN_POINT('Ctrl Pts',(-3.21891188462738,0.0230314895791565,
-2.89575734374176));
#1664=CARTESIAN_POINT('Ctrl Pts',(-3.20040297837915,-0.241644031408612,
-2.88606092177212));
#1665=CARTESIAN_POINT('Ctrl Pts',(-3.14839236218671,-0.501612093993796,
-2.87560118395203));
#1666=CARTESIAN_POINT('Ctrl Pts',(-1.87155627595078,-2.58094290232578,-2.87560118395206));
#1667=CARTESIAN_POINT('Ctrl Pts',(-2.18120378390376,-2.4193035530666,-2.92652202876465));
#1668=CARTESIAN_POINT('Ctrl Pts',(-2.42917680888221,-2.2213742078675,-2.96810277711143));
#1669=CARTESIAN_POINT('Ctrl Pts',(-2.84779369545133,-1.813235349429,-3.04941300771811));
#1670=CARTESIAN_POINT('Ctrl Pts',(-3.04007442535181,-1.56612319142681,-3.09330120083586));
#1671=CARTESIAN_POINT('Ctrl Pts',(-3.40665438695207,-0.932418059349729,
-3.1948348782265));
#1672=CARTESIAN_POINT('Ctrl Pts',(-3.54826829484907,-0.532547004424897,
-3.25109033828779));
#1673=CARTESIAN_POINT('Ctrl Pts',(-3.63164953437302,-0.00444359492193408,
-3.31740563975447));
#1674=CARTESIAN_POINT('Ctrl Pts',(-3.64381630687806,0.109923524101945,-3.33132260659095));
#1675=CARTESIAN_POINT('Ctrl Pts',(-3.67993483072101,0.674106595477036,-3.40135190189306));
#1676=CARTESIAN_POINT('Ctrl Pts',(-3.62701923818179,1.12927854586389,-3.45937232399138));
#1677=CARTESIAN_POINT('Ctrl Pts',(-3.426930015839,1.78673597842561,-3.54535585704949));
#1678=CARTESIAN_POINT('Ctrl Pts',(-3.33886500974314,2.00253623387926,-3.5739909101517));
#1679=CARTESIAN_POINT('Ctrl Pts',(-3.07777823600826,2.50473609119519,-3.64185259164829));
#1680=CARTESIAN_POINT('Ctrl Pts',(-2.91894165978195,2.71518007755635,-3.67142568650244));
#1681=CARTESIAN_POINT('Ctrl Pts',(-2.8284271247462,2.8284271247462,-3.6875));
#1682=CARTESIAN_POINT('Origin',(-2.71983053761549E-16,5.55111512312578E-16,
-4.546875));
#1683=CARTESIAN_POINT('Ctrl Pts',(-3.90429791028481E-16,-3.18810118395208,
-2.59375));
#1684=CARTESIAN_POINT('Ctrl Pts',(1.32055474861067,-3.18810118395208,-2.515625));
#1685=CARTESIAN_POINT('Ctrl Pts',(2.25432796628138,-2.25432796628138,-2.4375));
#1686=CARTESIAN_POINT('Ctrl Pts',(3.18810118395208,-1.32055474861068,-2.359375));
#1687=CARTESIAN_POINT('Ctrl Pts',(3.18810118395208,-1.10435700392727E-19,
-2.28125));
#1688=CARTESIAN_POINT('Ctrl Pts',(3.18810118395208,1.32055474861068,-2.203125));
#1689=CARTESIAN_POINT('Ctrl Pts',(2.25432796628138,2.25432796628138,-2.125));
#1690=CARTESIAN_POINT('Ctrl Pts',(1.32055474861068,3.18810118395208,-2.046875));
#1691=CARTESIAN_POINT('Ctrl Pts',(0.,3.18810118395208,-1.96875));
#1692=CARTESIAN_POINT('Ctrl Pts',(-1.32055474861067,3.18810118395208,-1.890625));
#1693=CARTESIAN_POINT('Ctrl Pts',(-2.25432796628138,2.25432796628138,-1.8125));
#1694=CARTESIAN_POINT('Ctrl Pts',(-3.18810118395208,1.32055474861068,-1.734375));
#1695=CARTESIAN_POINT('Ctrl Pts',(-3.18810118395208,7.04208721409859E-16,
-1.65625));
#1696=CARTESIAN_POINT('Ctrl Pts',(-3.18810118395208,-1.32055474861067,-1.578125));
#1697=CARTESIAN_POINT('Ctrl Pts',(-2.25432796628138,-2.25432796628138,-1.5));
#1698=CARTESIAN_POINT('Ctrl Pts',(-1.32055474861068,-3.18810118395208,-1.421875));
#1699=CARTESIAN_POINT('Ctrl Pts',(-3.90429791028481E-16,-3.18810118395208,
-1.34375));
#1700=CARTESIAN_POINT('Ctrl Pts',(-3.90429791028481E-16,-3.18810118395208,
-2.74999999999999));
#1701=CARTESIAN_POINT('Ctrl Pts',(1.32055474861067,-3.18810118395208,-2.67187499999999));
#1702=CARTESIAN_POINT('Ctrl Pts',(2.25432796628138,-2.25432796628138,-2.59374999999999));
#1703=CARTESIAN_POINT('Ctrl Pts',(3.18810118395208,-1.32055474861068,-2.51562499999999));
#1704=CARTESIAN_POINT('Ctrl Pts',(3.18810118395208,1.90246705362842E-17,
-2.43749999999999));
#1705=CARTESIAN_POINT('Ctrl Pts',(3.18810118395208,1.32055474861068,-2.35937499999999));
#1706=CARTESIAN_POINT('Ctrl Pts',(2.25432796628138,2.25432796628138,-2.28124999999999));
#1707=CARTESIAN_POINT('Ctrl Pts',(1.32055474861068,3.18810118395208,-2.20312499999999));
#1708=CARTESIAN_POINT('Ctrl Pts',(0.,3.18810118395208,-2.12499999999999));
#1709=CARTESIAN_POINT('Ctrl Pts',(-1.32055474861067,3.18810118395208,-2.04687499999999));
#1710=CARTESIAN_POINT('Ctrl Pts',(-2.25432796628138,2.25432796628138,-1.96874999999999));
#1711=CARTESIAN_POINT('Ctrl Pts',(-3.18810118395208,1.32055474861068,-1.89062499999999));
#1712=CARTESIAN_POINT('Ctrl Pts',(-3.18810118395208,7.23343827646536E-16,
-1.81249999999999));
#1713=CARTESIAN_POINT('Ctrl Pts',(-3.18810118395208,-1.32055474861067,-1.73437499999999));
#1714=CARTESIAN_POINT('Ctrl Pts',(-2.25432796628138,-2.25432796628138,-1.65624999999999));
#1715=CARTESIAN_POINT('Ctrl Pts',(-1.32055474861068,-3.18810118395208,-1.57812499999999));
#1716=CARTESIAN_POINT('Ctrl Pts',(-3.90429791028481E-16,-3.18810118395208,
-1.49999999999999));
#1717=CARTESIAN_POINT('Ctrl Pts',(0.,3.18810118395209,-4.62499999999999));
#1718=CARTESIAN_POINT('Ctrl Pts',(-1.32055474861067,3.18810118395209,-4.54687499999999));
#1719=CARTESIAN_POINT('Ctrl Pts',(-2.25432796628138,2.25432796628138,-4.46874999999999));
#1720=CARTESIAN_POINT('Ctrl Pts',(-3.18810118395208,1.32055474861068,-4.39062499999999));
#1721=CARTESIAN_POINT('Ctrl Pts',(-3.18810118395208,1.02950552743337E-15,
-4.31249999999999));
#1722=CARTESIAN_POINT('Ctrl Pts',(-3.18810118395208,-1.32055474861067,-4.23437499999999));
#1723=CARTESIAN_POINT('Ctrl Pts',(-2.25432796628138,-2.25432796628138,-4.15624999999999));
#1724=CARTESIAN_POINT('Ctrl Pts',(-1.32055474861068,-3.18810118395208,-4.07812499999999));
#1725=CARTESIAN_POINT('Ctrl Pts',(-3.90429791028481E-16,-3.18810118395208,
-3.99999999999999));
#1726=CARTESIAN_POINT('Ctrl Pts',(1.32055474861067,-3.18810118395208,-3.92187499999999));
#1727=CARTESIAN_POINT('Ctrl Pts',(2.25432796628138,-2.25432796628138,-3.84374999999999));
#1728=CARTESIAN_POINT('Ctrl Pts',(3.18810118395208,-1.32055474861068,-3.76562499999999));
#1729=CARTESIAN_POINT('Ctrl Pts',(3.18810118395208,1.72105520429703E-16,
-3.68749999999999));
#1730=CARTESIAN_POINT('Ctrl Pts',(3.18810118395208,1.32055474861068,-3.60937499999999));
#1731=CARTESIAN_POINT('Ctrl Pts',(2.25432796628138,2.25432796628138,-3.53124999999999));
#1732=CARTESIAN_POINT('Ctrl Pts',(1.32055474861068,3.18810118395208,-3.45312499999999));
#1733=CARTESIAN_POINT('Ctrl Pts',(0.,3.18810118395209,-3.37499999999999));
#1734=CARTESIAN_POINT('Ctrl Pts',(-1.32055474861067,3.18810118395209,-3.29687499999999));
#1735=CARTESIAN_POINT('Ctrl Pts',(-2.25432796628138,2.25432796628138,-3.21874999999999));
#1736=CARTESIAN_POINT('Ctrl Pts',(-3.18810118395208,1.32055474861068,-3.14062499999999));
#1737=CARTESIAN_POINT('Ctrl Pts',(-3.18810118395208,8.76424677539955E-16,
-3.06249999999999));
#1738=CARTESIAN_POINT('Ctrl Pts',(-3.18810118395208,-1.32055474861067,-2.98437499999999));
#1739=CARTESIAN_POINT('Ctrl Pts',(-2.25432796628138,-2.25432796628138,-2.90624999999999));
#1740=CARTESIAN_POINT('Ctrl Pts',(-1.32055474861068,-3.18810118395208,-2.82812499999999));
#1741=CARTESIAN_POINT('Ctrl Pts',(-3.90429791028481E-16,-3.18810118395208,
-2.74999999999999));
#1742=CARTESIAN_POINT('Ctrl Pts',(1.32055474861067,-3.18810118395209,-2.67187499999999));
#1743=CARTESIAN_POINT('Ctrl Pts',(2.25432796628138,-2.25432796628138,-2.59374999999999));
#1744=CARTESIAN_POINT('Ctrl Pts',(3.18810118395208,-1.32055474861068,-2.51562499999999));
#1745=CARTESIAN_POINT('Ctrl Pts',(3.18810118395208,1.90246705362842E-17,
-2.43749999999999));
#1746=CARTESIAN_POINT('Ctrl Pts',(3.18810118395208,1.32055474861068,-2.35937499999999));
#1747=CARTESIAN_POINT('Ctrl Pts',(2.25432796628138,2.25432796628138,-2.28124999999999));
#1748=CARTESIAN_POINT('Ctrl Pts',(1.32055474861068,3.18810118395208,-2.20312499999999));
#1749=CARTESIAN_POINT('Ctrl Pts',(0.,3.18810118395208,-2.12499999999999));
#1750=CARTESIAN_POINT('Ctrl Pts',(-1.32055474861067,3.18810118395209,-2.04687499999999));
#1751=CARTESIAN_POINT('Ctrl Pts',(-2.25432796628138,2.25432796628138,-1.96874999999999));
#1752=CARTESIAN_POINT('Ctrl Pts',(-3.18810118395208,1.32055474861068,-1.89062499999999));
#1753=CARTESIAN_POINT('Ctrl Pts',(-3.18810118395208,7.23343827646536E-16,
-1.81249999999999));
#1754=CARTESIAN_POINT('Ctrl Pts',(-3.18810118395208,-1.32055474861067,-1.73437499999999));
#1755=CARTESIAN_POINT('Ctrl Pts',(-2.25432796628138,-2.25432796628138,-1.65624999999999));
#1756=CARTESIAN_POINT('Ctrl Pts',(-1.32055474861068,-3.18810118395208,-1.57812499999999));
#1757=CARTESIAN_POINT('Ctrl Pts',(-3.90429791028481E-16,-3.18810118395208,
-1.49999999999999));
#1758=CARTESIAN_POINT('Ctrl Pts',(1.32055474861067,-3.18810118395209,-1.42187499999999));
#1759=CARTESIAN_POINT('Ctrl Pts',(2.25432796628138,-2.25432796628138,-1.34374999999999));
#1760=CARTESIAN_POINT('Ctrl Pts',(3.18810118395208,-1.32055474861068,-1.26562499999999));
#1761=CARTESIAN_POINT('Ctrl Pts',(3.18810118395208,-1.34056179357135E-16,
-1.18749999999999));
#1762=CARTESIAN_POINT('Ctrl Pts',(3.18810118395208,1.32055474861068,-1.10937499999999));
#1763=CARTESIAN_POINT('Ctrl Pts',(2.25432796628138,2.25432796628138,-1.03124999999999));
#1764=CARTESIAN_POINT('Ctrl Pts',(1.32055474861068,3.18810118395208,-0.953124999999994));
#1765=CARTESIAN_POINT('Ctrl Pts',(0.,3.18810118395208,-0.874999999999994));
#1766=CARTESIAN_POINT('Ctrl Pts',(-1.32055474861067,3.18810118395209,-0.796874999999994));
#1767=CARTESIAN_POINT('Ctrl Pts',(-2.25432796628138,2.25432796628138,-0.718749999999994));
#1768=CARTESIAN_POINT('Ctrl Pts',(-3.18810118395208,1.32055474861068,-0.640624999999994));
#1769=CARTESIAN_POINT('Ctrl Pts',(-3.18810118395208,5.70262977753117E-16,
-0.562499999999994));
#1770=CARTESIAN_POINT('Ctrl Pts',(-3.18810118395208,-1.32055474861067,-0.484374999999994));
#1771=CARTESIAN_POINT('Ctrl Pts',(-2.25432796628138,-2.25432796628138,-0.406249999999994));
#1772=CARTESIAN_POINT('Ctrl Pts',(-1.32055474861068,-3.18810118395208,-0.328124999999993));
#1773=CARTESIAN_POINT('Ctrl Pts',(-3.90429791028481E-16,-3.18810118395208,
-0.249999999999993));
#1774=CARTESIAN_POINT('Ctrl Pts',(1.32055474861067,-3.18810118395209,-0.171874999999993));
#1775=CARTESIAN_POINT('Ctrl Pts',(2.25432796628138,-2.25432796628138,-0.093749999999994));
#1776=CARTESIAN_POINT('Ctrl Pts',(3.18810118395208,-1.32055474861068,-0.0156249999999939));
#1777=CARTESIAN_POINT('Ctrl Pts',(3.18810118395208,-2.87137029250554E-16,
0.0625000000000061));
#1778=CARTESIAN_POINT('Ctrl Pts',(3.18810118395208,1.32055474861068,0.140625000000006));
#1779=CARTESIAN_POINT('Ctrl Pts',(2.25432796628138,2.25432796628138,0.218750000000006));
#1780=CARTESIAN_POINT('Ctrl Pts',(1.32055474861068,3.18810118395208,0.296875000000006));
#1781=CARTESIAN_POINT('Ctrl Pts',(0.,3.18810118395208,0.375000000000006));
#1782=CARTESIAN_POINT('Ctrl Pts',(-1.32055474861067,3.18810118395209,0.453125000000006));
#1783=CARTESIAN_POINT('Ctrl Pts',(-2.25432796628138,2.25432796628138,0.531250000000007));
#1784=CARTESIAN_POINT('Ctrl Pts',(-3.18810118395208,1.32055474861068,0.609375000000007));
#1785=CARTESIAN_POINT('Ctrl Pts',(-3.18810118395208,4.17182127859698E-16,
0.687500000000007));
#1786=CARTESIAN_POINT('Ctrl Pts',(-3.18810118395208,-1.32055474861067,0.765625000000007));
#1787=CARTESIAN_POINT('Ctrl Pts',(-2.25432796628138,-2.25432796628138,0.843750000000007));
#1788=CARTESIAN_POINT('Ctrl Pts',(-1.32055474861068,-3.18810118395208,0.921875000000006));
#1789=CARTESIAN_POINT('Ctrl Pts',(-3.90429791028481E-16,-3.18810118395208,
1.00000000000001));
#1790=CARTESIAN_POINT('Ctrl Pts',(1.32055474861067,-3.18810118395209,1.07812500000001));
#1791=CARTESIAN_POINT('Ctrl Pts',(2.25432796628138,-2.25432796628138,1.15625000000001));
#1792=CARTESIAN_POINT('Ctrl Pts',(3.18810118395208,-1.32055474861068,1.23437500000001));
#1793=CARTESIAN_POINT('Ctrl Pts',(3.18810118395208,-4.40217879143973E-16,
1.31250000000001));
#1794=CARTESIAN_POINT('Ctrl Pts',(3.18810118395208,1.32055474861068,1.39062500000001));
#1795=CARTESIAN_POINT('Ctrl Pts',(2.25432796628138,2.25432796628138,1.46875000000001));
#1796=CARTESIAN_POINT('Ctrl Pts',(1.32055474861068,3.18810118395208,1.54687500000001));
#1797=CARTESIAN_POINT('Ctrl Pts',(0.,3.18810118395208,1.62500000000001));
#1798=CARTESIAN_POINT('Ctrl Pts',(-1.32055474861067,3.18810118395208,1.70312500000001));
#1799=CARTESIAN_POINT('Ctrl Pts',(-2.25432796628138,2.25432796628138,1.78125000000001));
#1800=CARTESIAN_POINT('Ctrl Pts',(-3.18810118395208,1.32055474861068,1.85937500000001));
#1801=CARTESIAN_POINT('Ctrl Pts',(-3.18810118395208,2.64101277966279E-16,
1.93750000000001));
#1802=CARTESIAN_POINT('Ctrl Pts',(-3.18810118395208,-1.32055474861067,2.01562500000001));
#1803=CARTESIAN_POINT('Ctrl Pts',(-2.25432796628138,-2.25432796628138,2.09375000000001));
#1804=CARTESIAN_POINT('Ctrl Pts',(-1.32055474861068,-3.18810118395208,2.17187500000001));
#1805=CARTESIAN_POINT('Ctrl Pts',(-3.90429791028481E-16,-3.18810118395208,
2.25000000000001));
#1806=CARTESIAN_POINT('Ctrl Pts',(1.32055474861067,-3.18810118395209,2.32812500000001));
#1807=CARTESIAN_POINT('Ctrl Pts',(2.25432796628138,-2.25432796628138,2.40625000000001));
#1808=CARTESIAN_POINT('Ctrl Pts',(3.18810118395208,-1.32055474861068,2.48437500000001));
#1809=CARTESIAN_POINT('Ctrl Pts',(3.18810118395208,-5.93298729037392E-16,
2.56250000000001));
#1810=CARTESIAN_POINT('Ctrl Pts',(3.18810118395208,1.32055474861068,2.64062500000001));
#1811=CARTESIAN_POINT('Ctrl Pts',(2.25432796628138,2.25432796628138,2.71875000000001));
#1812=CARTESIAN_POINT('Ctrl Pts',(1.32055474861068,3.18810118395208,2.79687500000001));
#1813=CARTESIAN_POINT('Ctrl Pts',(0.,3.18810118395208,2.87500000000001));
#1814=CARTESIAN_POINT('Ctrl Pts',(-1.32055474861067,3.18810118395208,2.95312500000001));
#1815=CARTESIAN_POINT('Ctrl Pts',(-2.25432796628138,2.25432796628138,3.03125000000001));
#1816=CARTESIAN_POINT('Ctrl Pts',(-3.18810118395208,1.32055474861068,3.10937500000001));
#1817=CARTESIAN_POINT('Ctrl Pts',(-3.18810118395208,1.11020428072859E-16,
3.18750000000001));
#1818=CARTESIAN_POINT('Ctrl Pts',(-3.18810118395208,-1.32055474861067,3.26562500000001));
#1819=CARTESIAN_POINT('Ctrl Pts',(-2.25432796628138,-2.25432796628138,3.34375000000001));
#1820=CARTESIAN_POINT('Ctrl Pts',(-2.07689123097224,-2.43176470159052,3.35859540858926));
#1821=CARTESIAN_POINT('Ctrl Pts',(-1.87387956875805,-2.57925658299205,3.37422004475711));
#1822=CARTESIAN_POINT('Ctrl Pts',(0.,4.06765823467066,-5.13281249999999));
#1823=CARTESIAN_POINT('Ctrl Pts',(-1.68487920789919,4.06765823467066,-5.05468749999999));
#1824=CARTESIAN_POINT('Ctrl Pts',(-2.87626872128492,2.87626872128492,-4.97656249999999));
#1825=CARTESIAN_POINT('Ctrl Pts',(-4.06765823467066,1.68487920789919,-4.89843749999999));
#1826=CARTESIAN_POINT('Ctrl Pts',(-4.06765823467066,1.14555195904408E-15,
-4.82031249999999));
#1827=CARTESIAN_POINT('Ctrl Pts',(-4.06765823467066,-1.68487920789919,-4.74218749999999));
#1828=CARTESIAN_POINT('Ctrl Pts',(-2.87626872128492,-2.87626872128492,-4.66406249999999));
#1829=CARTESIAN_POINT('Ctrl Pts',(-1.68487920789919,-4.06765823467065,-4.58593749999999));
#1830=CARTESIAN_POINT('Ctrl Pts',(-4.98144463711479E-16,-4.06765823467065,
-4.50781249999999));
#1831=CARTESIAN_POINT('Ctrl Pts',(1.68487920789919,-4.06765823467066,-4.42968749999999));
#1832=CARTESIAN_POINT('Ctrl Pts',(2.87626872128492,-2.87626872128492,-4.35156249999999));
#1833=CARTESIAN_POINT('Ctrl Pts',(4.06765823467065,-1.68487920789919,-4.27343749999999));
#1834=CARTESIAN_POINT('Ctrl Pts',(4.06765823467066,7.27226066744073E-17,
-4.19531249999999));
#1835=CARTESIAN_POINT('Ctrl Pts',(4.06765823467065,1.68487920789919,-4.11718749999999));
#1836=CARTESIAN_POINT('Ctrl Pts',(2.87626872128492,2.87626872128492,-4.03906249999999));
#1837=CARTESIAN_POINT('Ctrl Pts',(1.68487920789919,4.06765823467066,-3.96093749999999));
#1838=CARTESIAN_POINT('Ctrl Pts',(0.,4.06765823467066,-3.88281249999999));
#1839=CARTESIAN_POINT('Ctrl Pts',(-1.68487920789919,4.06765823467066,-3.80468749999999));
#1840=CARTESIAN_POINT('Ctrl Pts',(-2.87626872128492,2.87626872128492,-3.72656249999999));
#1841=CARTESIAN_POINT('Ctrl Pts',(-4.06765823467066,1.68487920789919,-3.64843749999999));
#1842=CARTESIAN_POINT('Ctrl Pts',(-4.06765823467066,9.92471109150656E-16,
-3.57031249999999));
#1843=CARTESIAN_POINT('Ctrl Pts',(-4.06765823467066,-1.68487920789919,-3.49218749999999));
#1844=CARTESIAN_POINT('Ctrl Pts',(-2.87626872128492,-2.87626872128492,-3.41406249999999));
#1845=CARTESIAN_POINT('Ctrl Pts',(-1.68487920789919,-4.06765823467065,-3.33593749999999));
#1846=CARTESIAN_POINT('Ctrl Pts',(-4.98144463711479E-16,-4.06765823467065,
-3.25781249999999));
#1847=CARTESIAN_POINT('Ctrl Pts',(1.68487920789919,-4.06765823467066,-3.17968749999999));
#1848=CARTESIAN_POINT('Ctrl Pts',(2.87626872128492,-2.87626872128492,-3.10156249999999));
#1849=CARTESIAN_POINT('Ctrl Pts',(4.06765823467065,-1.68487920789919,-3.02343749999999));
#1850=CARTESIAN_POINT('Ctrl Pts',(4.06765823467066,-8.03582432190119E-17,
-2.94531249999999));
#1851=CARTESIAN_POINT('Ctrl Pts',(4.06765823467065,1.68487920789919,-2.86718749999999));
#1852=CARTESIAN_POINT('Ctrl Pts',(2.87626872128492,2.87626872128492,-2.78906249999999));
#1853=CARTESIAN_POINT('Ctrl Pts',(1.68487920789919,4.06765823467066,-2.71093749999999));
#1854=CARTESIAN_POINT('Ctrl Pts',(0.,4.06765823467066,-2.63281249999999));
#1855=CARTESIAN_POINT('Ctrl Pts',(-1.68487920789919,4.06765823467066,-2.55468749999999));
#1856=CARTESIAN_POINT('Ctrl Pts',(-2.87626872128492,2.87626872128492,-2.47656249999999));
#1857=CARTESIAN_POINT('Ctrl Pts',(-4.06765823467066,1.68487920789919,-2.39843749999999));
#1858=CARTESIAN_POINT('Ctrl Pts',(-4.06765823467066,8.39390259257237E-16,
-2.32031249999999));
#1859=CARTESIAN_POINT('Ctrl Pts',(-4.06765823467066,-1.68487920789919,-2.24218749999999));
#1860=CARTESIAN_POINT('Ctrl Pts',(-2.87626872128492,-2.87626872128492,-2.16406249999999));
#1861=CARTESIAN_POINT('Ctrl Pts',(-1.68487920789919,-4.06765823467065,-2.08593749999999));
#1862=CARTESIAN_POINT('Ctrl Pts',(-4.98144463711479E-16,-4.06765823467065,
-2.00781249999999));
#1863=CARTESIAN_POINT('Ctrl Pts',(1.68487920789919,-4.06765823467066,-1.92968749999999));
#1864=CARTESIAN_POINT('Ctrl Pts',(2.87626872128492,-2.87626872128492,-1.85156249999999));
#1865=CARTESIAN_POINT('Ctrl Pts',(4.06765823467065,-1.68487920789919,-1.77343749999999));
#1866=CARTESIAN_POINT('Ctrl Pts',(4.06765823467066,-2.33439093112431E-16,
-1.69531249999999));
#1867=CARTESIAN_POINT('Ctrl Pts',(4.06765823467065,1.68487920789919,-1.61718749999999));
#1868=CARTESIAN_POINT('Ctrl Pts',(2.87626872128492,2.87626872128492,-1.53906249999999));
#1869=CARTESIAN_POINT('Ctrl Pts',(1.68487920789919,4.06765823467065,-1.46093749999999));
#1870=CARTESIAN_POINT('Ctrl Pts',(0.,4.06765823467066,-1.38281249999999));
#1871=CARTESIAN_POINT('Ctrl Pts',(-1.68487920789919,4.06765823467066,-1.30468749999999));
#1872=CARTESIAN_POINT('Ctrl Pts',(-2.87626872128492,2.87626872128492,-1.22656249999999));
#1873=CARTESIAN_POINT('Ctrl Pts',(-4.06765823467066,1.68487920789919,-1.14843749999999));
#1874=CARTESIAN_POINT('Ctrl Pts',(-4.06765823467066,6.86309409363818E-16,
-1.07031249999999));
#1875=CARTESIAN_POINT('Ctrl Pts',(-4.06765823467066,-1.68487920789919,-0.992187499999993));
#1876=CARTESIAN_POINT('Ctrl Pts',(-2.87626872128492,-2.87626872128492,-0.914062499999993));
#1877=CARTESIAN_POINT('Ctrl Pts',(-1.68487920789919,-4.06765823467066,-0.835937499999993));
#1878=CARTESIAN_POINT('Ctrl Pts',(-4.98144463711479E-16,-4.06765823467066,
-0.757812499999993));
#1879=CARTESIAN_POINT('Ctrl Pts',(1.68487920789919,-4.06765823467066,-0.679687499999993));
#1880=CARTESIAN_POINT('Ctrl Pts',(2.87626872128492,-2.87626872128492,-0.601562499999994));
#1881=CARTESIAN_POINT('Ctrl Pts',(4.06765823467065,-1.68487920789919,-0.523437499999993));
#1882=CARTESIAN_POINT('Ctrl Pts',(4.06765823467066,-3.8651994300585E-16,
-0.445312499999994));
#1883=CARTESIAN_POINT('Ctrl Pts',(4.06765823467065,1.68487920789919,-0.367187499999993));
#1884=CARTESIAN_POINT('Ctrl Pts',(2.87626872128492,2.87626872128492,-0.289062499999993));
#1885=CARTESIAN_POINT('Ctrl Pts',(1.68487920789919,4.06765823467065,-0.210937499999993));
#1886=CARTESIAN_POINT('Ctrl Pts',(0.,4.06765823467066,-0.132812499999993));
#1887=CARTESIAN_POINT('Ctrl Pts',(-1.68487920789919,4.06765823467066,-0.0546874999999931));
#1888=CARTESIAN_POINT('Ctrl Pts',(-2.87626872128492,2.87626872128492,0.023437500000007));
#1889=CARTESIAN_POINT('Ctrl Pts',(-4.06765823467066,1.68487920789919,0.101562500000007));
#1890=CARTESIAN_POINT('Ctrl Pts',(-4.06765823467066,5.33228559470398E-16,
0.179687500000007));
#1891=CARTESIAN_POINT('Ctrl Pts',(-4.06765823467066,-1.68487920789919,0.257812500000007));
#1892=CARTESIAN_POINT('Ctrl Pts',(-2.87626872128492,-2.87626872128492,0.335937500000007));
#1893=CARTESIAN_POINT('Ctrl Pts',(-1.68487920789919,-4.06765823467066,0.414062500000006));
#1894=CARTESIAN_POINT('Ctrl Pts',(-4.98144463711479E-16,-4.06765823467066,
0.492187500000006));
#1895=CARTESIAN_POINT('Ctrl Pts',(1.68487920789919,-4.06765823467066,0.570312500000007));
#1896=CARTESIAN_POINT('Ctrl Pts',(2.87626872128492,-2.87626872128492,0.648437500000007));
#1897=CARTESIAN_POINT('Ctrl Pts',(4.06765823467065,-1.68487920789919,0.726562500000007));
#1898=CARTESIAN_POINT('Ctrl Pts',(4.06765823467066,-5.39600792899269E-16,
0.804687500000007));
#1899=CARTESIAN_POINT('Ctrl Pts',(4.06765823467065,1.68487920789919,0.882812500000007));
#1900=CARTESIAN_POINT('Ctrl Pts',(2.87626872128492,2.87626872128492,0.960937500000007));
#1901=CARTESIAN_POINT('Ctrl Pts',(1.68487920789919,4.06765823467065,1.03906250000001));
#1902=CARTESIAN_POINT('Ctrl Pts',(0.,4.06765823467066,1.11718750000001));
#1903=CARTESIAN_POINT('Ctrl Pts',(-1.68487920789919,4.06765823467066,1.19531250000001));
#1904=CARTESIAN_POINT('Ctrl Pts',(-2.87626872128492,2.87626872128492,1.27343750000001));
#1905=CARTESIAN_POINT('Ctrl Pts',(-4.06765823467066,1.68487920789919,1.35156250000001));
#1906=CARTESIAN_POINT('Ctrl Pts',(-4.06765823467066,3.80147709576979E-16,
1.42968750000001));
#1907=CARTESIAN_POINT('Ctrl Pts',(-4.06765823467066,-1.68487920789919,1.50781250000001));
#1908=CARTESIAN_POINT('Ctrl Pts',(-2.87626872128492,-2.87626872128492,1.58593750000001));
#1909=CARTESIAN_POINT('Ctrl Pts',(-1.68487920789919,-4.06765823467066,1.66406250000001));
#1910=CARTESIAN_POINT('Ctrl Pts',(-4.98144463711479E-16,-4.06765823467066,
1.74218750000001));
#1911=CARTESIAN_POINT('Ctrl Pts',(1.68487920789919,-4.06765823467066,1.82031250000001));
#1912=CARTESIAN_POINT('Ctrl Pts',(2.87626872128492,-2.87626872128492,1.89843750000001));
#1913=CARTESIAN_POINT('Ctrl Pts',(4.06765823467065,-1.68487920789919,1.97656250000001));
#1914=CARTESIAN_POINT('Ctrl Pts',(4.06765823467066,-6.92681642792688E-16,
2.05468750000001));
#1915=CARTESIAN_POINT('Ctrl Pts',(4.06765823467065,1.68487920789919,2.13281250000001));
#1916=CARTESIAN_POINT('Ctrl Pts',(2.87626872128492,2.87626872128492,2.21093750000001));
#1917=CARTESIAN_POINT('Ctrl Pts',(1.68487920789919,4.06765823467065,2.28906250000001));
#1918=CARTESIAN_POINT('Ctrl Pts',(0.,4.06765823467066,2.36718750000001));
#1919=CARTESIAN_POINT('Ctrl Pts',(-1.68487920789919,4.06765823467066,2.44531250000001));
#1920=CARTESIAN_POINT('Ctrl Pts',(-2.87626872128492,2.87626872128492,2.52343750000001));
#1921=CARTESIAN_POINT('Ctrl Pts',(-4.06765823467066,1.68487920789919,2.60156250000001));
#1922=CARTESIAN_POINT('Ctrl Pts',(-4.06765823467066,2.2706685968356E-16,
2.67968750000001));
#1923=CARTESIAN_POINT('Ctrl Pts',(-4.06765823467066,-1.68487920789919,2.75781250000001));
#1924=CARTESIAN_POINT('Ctrl Pts',(-2.87626872128492,-2.87626872128492,2.83593750000001));
#1925=CARTESIAN_POINT('Ctrl Pts',(-2.64987942061078,-3.10265802195906,2.85078290858926));
#1926=CARTESIAN_POINT('Ctrl Pts',(-2.39085939210715,-3.29084105985948,2.86640754475711));
#1927=CARTESIAN_POINT('Ctrl Pts',(0.,4.06765823467066,-3.9609375));
#1928=CARTESIAN_POINT('Ctrl Pts',(-1.68487920789919,4.06765823467066,-3.8828125));
#1929=CARTESIAN_POINT('Ctrl Pts',(-2.87626872128492,2.87626872128492,-3.8046875));
#1930=CARTESIAN_POINT('Ctrl Pts',(-4.06765823467066,1.68487920789919,-3.7265625));
#1931=CARTESIAN_POINT('Ctrl Pts',(-4.06765823467066,1.002038662269E-15,
-3.6484375));
#1932=CARTESIAN_POINT('Ctrl Pts',(-4.06765823467066,-1.68487920789919,-3.5703125));
#1933=CARTESIAN_POINT('Ctrl Pts',(-2.87626872128492,-2.87626872128492,-3.4921875));
#1934=CARTESIAN_POINT('Ctrl Pts',(-1.68487920789919,-4.06765823467065,-3.4140625));
#1935=CARTESIAN_POINT('Ctrl Pts',(-4.98144463711479E-16,-4.06765823467065,
-3.3359375));
#1936=CARTESIAN_POINT('Ctrl Pts',(1.68487920789919,-4.06765823467066,-3.2578125));
#1937=CARTESIAN_POINT('Ctrl Pts',(2.87626872128492,-2.87626872128492,-3.1796875));
#1938=CARTESIAN_POINT('Ctrl Pts',(4.06765823467065,-1.68487920789919,-3.1015625));
#1939=CARTESIAN_POINT('Ctrl Pts',(4.06765823467066,-7.07906901006727E-17,
-3.0234375));
#1940=CARTESIAN_POINT('Ctrl Pts',(4.06765823467065,1.68487920789919,-2.9453125));
#1941=CARTESIAN_POINT('Ctrl Pts',(2.87626872128492,2.87626872128492,-2.8671875));
#1942=CARTESIAN_POINT('Ctrl Pts',(1.68487920789919,4.06765823467066,-2.7890625));
#1943=CARTESIAN_POINT('Ctrl Pts',(0.,4.06765823467066,-2.7109375));
#1944=CARTESIAN_POINT('Ctrl Pts',(-1.68487920789919,4.06765823467066,-2.6328125));
#1945=CARTESIAN_POINT('Ctrl Pts',(-2.87626872128492,2.87626872128492,-2.5546875));
#1946=CARTESIAN_POINT('Ctrl Pts',(-4.06765823467066,1.68487920789919,-2.4765625));
#1947=CARTESIAN_POINT('Ctrl Pts',(-4.06765823467066,8.48957812375576E-16,
-2.3984375));
#1948=CARTESIAN_POINT('Ctrl Pts',(-4.06765823467066,-1.68487920789919,-2.3203125));
#1949=CARTESIAN_POINT('Ctrl Pts',(-2.87626872128492,-2.87626872128492,-2.2421875));
#1950=CARTESIAN_POINT('Ctrl Pts',(-1.68487920789919,-4.06765823467065,-2.1640625));
#1951=CARTESIAN_POINT('Ctrl Pts',(-4.98144463711479E-16,-4.06765823467065,
-2.0859375));
#1952=CARTESIAN_POINT('Ctrl Pts',(1.68487920789919,-4.06765823467066,-2.0078125));
#1953=CARTESIAN_POINT('Ctrl Pts',(2.87626872128492,-2.87626872128492,-1.9296875));
#1954=CARTESIAN_POINT('Ctrl Pts',(4.06765823467065,-1.68487920789919,-1.8515625));
#1955=CARTESIAN_POINT('Ctrl Pts',(4.06765823467066,-2.23871539994092E-16,
-1.7734375));
#1956=CARTESIAN_POINT('Ctrl Pts',(4.06765823467065,1.68487920789919,-1.6953125));
#1957=CARTESIAN_POINT('Ctrl Pts',(2.87626872128492,2.87626872128492,-1.6171875));
#1958=CARTESIAN_POINT('Ctrl Pts',(1.68487920789919,4.06765823467066,-1.5390625));
#1959=CARTESIAN_POINT('Ctrl Pts',(0.,4.06765823467066,-1.4609375));
#1960=CARTESIAN_POINT('Ctrl Pts',(-1.68487920789919,4.06765823467066,-1.3828125));
#1961=CARTESIAN_POINT('Ctrl Pts',(-2.87626872128492,2.87626872128492,-1.3046875));
#1962=CARTESIAN_POINT('Ctrl Pts',(-4.06765823467066,1.68487920789919,-1.2265625));
#1963=CARTESIAN_POINT('Ctrl Pts',(-4.06765823467066,6.95876962482157E-16,
-1.1484375));
#1964=CARTESIAN_POINT('Ctrl Pts',(-4.06765823467066,-1.68487920789919,-1.0703125));
#1965=CARTESIAN_POINT('Ctrl Pts',(-2.87626872128492,-2.87626872128492,-0.992187499999999));
#1966=CARTESIAN_POINT('Ctrl Pts',(-1.68487920789919,-4.06765823467065,-0.914062499999999));
#1967=CARTESIAN_POINT('Ctrl Pts',(-4.98144463711479E-16,-4.06765823467065,
-0.835937499999999));
#1968=CARTESIAN_POINT('Ctrl Pts',(1.68487920789919,-4.06765823467066,-0.757812499999999));
#1969=CARTESIAN_POINT('Ctrl Pts',(2.87626872128492,-2.87626872128492,-0.679687499999999));
#1970=CARTESIAN_POINT('Ctrl Pts',(4.06765823467065,-1.68487920789919,-0.601562499999998));
#1971=CARTESIAN_POINT('Ctrl Pts',(4.06765823467066,-3.76952389887511E-16,
-0.523437499999998));
#1972=CARTESIAN_POINT('Ctrl Pts',(4.06765823467065,1.68487920789919,-0.445312499999998));
#1973=CARTESIAN_POINT('Ctrl Pts',(2.87626872128492,2.87626872128492,-0.367187499999997));
#1974=CARTESIAN_POINT('Ctrl Pts',(1.68487920789919,4.06765823467065,-0.289062499999997));
#1975=CARTESIAN_POINT('Ctrl Pts',(0.,4.06765823467066,-0.210937499999998));
#1976=CARTESIAN_POINT('Ctrl Pts',(-1.68487920789919,4.06765823467066,-0.132812499999998));
#1977=CARTESIAN_POINT('Ctrl Pts',(-2.87626872128492,2.87626872128492,-0.0546874999999974));
#1978=CARTESIAN_POINT('Ctrl Pts',(-4.06765823467066,1.68487920789919,0.0234375000000018));
#1979=CARTESIAN_POINT('Ctrl Pts',(-4.06765823467066,5.42796112588738E-16,
0.101562500000002));
#1980=CARTESIAN_POINT('Ctrl Pts',(-4.06765823467066,-1.68487920789919,0.179687500000002));
#1981=CARTESIAN_POINT('Ctrl Pts',(-2.87626872128492,-2.87626872128492,0.257812500000001));
#1982=CARTESIAN_POINT('Ctrl Pts',(-1.68487920789919,-4.06765823467066,0.335937500000001));
#1983=CARTESIAN_POINT('Ctrl Pts',(-4.98144463711479E-16,-4.06765823467066,
0.414062500000001));
#1984=CARTESIAN_POINT('Ctrl Pts',(1.68487920789919,-4.06765823467066,0.492187500000001));
#1985=CARTESIAN_POINT('Ctrl Pts',(2.87626872128492,-2.87626872128492,0.570312500000001));
#1986=CARTESIAN_POINT('Ctrl Pts',(4.06765823467065,-1.68487920789919,0.648437500000002));
#1987=CARTESIAN_POINT('Ctrl Pts',(4.06765823467066,-5.3003323978093E-16,
0.726562500000002));
#1988=CARTESIAN_POINT('Ctrl Pts',(4.06765823467065,1.68487920789919,0.804687500000002));
#1989=CARTESIAN_POINT('Ctrl Pts',(2.87626872128492,2.87626872128492,0.882812500000003));
#1990=CARTESIAN_POINT('Ctrl Pts',(1.68487920789919,4.06765823467065,0.960937500000003));
#1991=CARTESIAN_POINT('Ctrl Pts',(0.,4.06765823467066,1.0390625));
#1992=CARTESIAN_POINT('Ctrl Pts',(-1.68487920789919,4.06765823467066,1.1171875));
#1993=CARTESIAN_POINT('Ctrl Pts',(-2.87626872128492,2.87626872128492,1.1953125));
#1994=CARTESIAN_POINT('Ctrl Pts',(-4.06765823467066,1.68487920789919,1.2734375));
#1995=CARTESIAN_POINT('Ctrl Pts',(-4.06765823467066,3.89715262695319E-16,
1.3515625));
#1996=CARTESIAN_POINT('Ctrl Pts',(-4.06765823467066,-1.68487920789919,1.4296875));
#1997=CARTESIAN_POINT('Ctrl Pts',(-2.87626872128492,-2.87626872128492,1.5078125));
#1998=CARTESIAN_POINT('Ctrl Pts',(-1.68487920789919,-4.06765823467066,1.5859375));
#1999=CARTESIAN_POINT('Ctrl Pts',(-4.98144463711479E-16,-4.06765823467066,
1.6640625));
#2000=CARTESIAN_POINT('Ctrl Pts',(1.68487920789919,-4.06765823467066,1.7421875));
#2001=CARTESIAN_POINT('Ctrl Pts',(2.87626872128492,-2.87626872128492,1.8203125));
#2002=CARTESIAN_POINT('Ctrl Pts',(4.06765823467065,-1.68487920789919,1.8984375));
#2003=CARTESIAN_POINT('Ctrl Pts',(4.06765823467066,-6.83114089674349E-16,
1.9765625));
#2004=CARTESIAN_POINT('Ctrl Pts',(4.06765823467065,1.68487920789919,2.0546875));
#2005=CARTESIAN_POINT('Ctrl Pts',(2.87626872128492,2.87626872128492,2.1328125));
#2006=CARTESIAN_POINT('Ctrl Pts',(1.68487920789919,4.06765823467065,2.2109375));
#2007=CARTESIAN_POINT('Ctrl Pts',(0.,4.06765823467066,2.2890625));
#2008=CARTESIAN_POINT('Ctrl Pts',(-1.68487920789919,4.06765823467066,2.3671875));
#2009=CARTESIAN_POINT('Ctrl Pts',(-2.87626872128492,2.87626872128492,2.4453125));
#2010=CARTESIAN_POINT('Ctrl Pts',(-4.06765823467066,1.68487920789919,2.5234375));
#2011=CARTESIAN_POINT('Ctrl Pts',(-4.06765823467066,2.36634412801899E-16,
2.6015625));
#2012=CARTESIAN_POINT('Ctrl Pts',(-4.06765823467066,-1.68487920789919,2.6796875));
#2013=CARTESIAN_POINT('Ctrl Pts',(-2.87626872128492,-2.87626872128492,2.7578125));
#2014=CARTESIAN_POINT('Ctrl Pts',(-1.68487920789919,-4.06765823467066,2.8359375));
#2015=CARTESIAN_POINT('Ctrl Pts',(-4.98144463711479E-16,-4.06765823467066,
2.9140625));
#2016=CARTESIAN_POINT('Ctrl Pts',(1.68487920789919,-4.06765823467066,2.9921875));
#2017=CARTESIAN_POINT('Ctrl Pts',(2.87626872128492,-2.87626872128492,3.0703125));
#2018=CARTESIAN_POINT('Ctrl Pts',(4.06765823467065,-1.68487920789919,3.1484375));
#2019=CARTESIAN_POINT('Ctrl Pts',(4.06765823467066,-8.36194939567768E-16,
3.2265625));
#2020=CARTESIAN_POINT('Ctrl Pts',(4.06765823467065,1.68487920789919,3.3046875));
#2021=CARTESIAN_POINT('Ctrl Pts',(2.87626872128492,2.87626872128492,3.3828125));
#2022=CARTESIAN_POINT('Ctrl Pts',(1.68487920789919,4.06765823467065,3.4609375));
#2023=CARTESIAN_POINT('Ctrl Pts',(0.,4.06765823467066,3.5390625));
#2024=CARTESIAN_POINT('Ctrl Pts',(-1.68487920789919,4.06765823467066,3.6171875));
#2025=CARTESIAN_POINT('Ctrl Pts',(-2.87626872128492,2.87626872128492,3.6953125));
#2026=CARTESIAN_POINT('Ctrl Pts',(-4.06765823467066,1.68487920789919,3.7734375));
#2027=CARTESIAN_POINT('Ctrl Pts',(-4.06765823467066,8.35535629084802E-17,
3.8515625));
#2028=CARTESIAN_POINT('Ctrl Pts',(-4.06765823467066,-1.68487920789919,3.9296875));
#2029=CARTESIAN_POINT('Ctrl Pts',(-2.87626872128492,-2.87626872128492,4.0078125));
#2030=CARTESIAN_POINT('Ctrl Pts',(-2.64988790257121,-3.10264953999864,4.02265735238732));
#2031=CARTESIAN_POINT('Ctrl Pts',(-2.39087868159228,-3.29082704559075,4.03828138117289));
#2032=CARTESIAN_POINT('Ctrl Pts',(0.,3.18808307741896,-4.46876045381177));
#2033=CARTESIAN_POINT('Ctrl Pts',(-1.32054724863909,3.18808307741896,-4.39063545381177));
#2034=CARTESIAN_POINT('Ctrl Pts',(-2.25431516302902,2.25431516302902,-4.31251045381177));
#2035=CARTESIAN_POINT('Ctrl Pts',(-3.18808307741896,1.32054724863909,-4.23438545381177));
#2036=CARTESIAN_POINT('Ctrl Pts',(-3.18808307741896,1.01037059271402E-15,
-4.15626045381177));
#2037=CARTESIAN_POINT('Ctrl Pts',(-3.18808307741896,-1.32054724863909,-4.07813545381177));
#2038=CARTESIAN_POINT('Ctrl Pts',(-2.25431516302902,-2.25431516302902,-4.00001045381177));
#2039=CARTESIAN_POINT('Ctrl Pts',(-1.32054724863909,-3.18808307741896,-3.92188545381177));
#2040=CARTESIAN_POINT('Ctrl Pts',(-3.90427573617697E-16,-3.18808307741896,
-3.84376045381177));
#2041=CARTESIAN_POINT('Ctrl Pts',(1.32054724863909,-3.18808307741896,-3.76563545381177));
#2042=CARTESIAN_POINT('Ctrl Pts',(2.25431516302902,-2.25431516302902,-3.68751045381177));
#2043=CARTESIAN_POINT('Ctrl Pts',(3.18808307741896,-1.32054724863909,-3.60938545381177));
#2044=CARTESIAN_POINT('Ctrl Pts',(3.18808307741896,1.52975020531915E-16,
-3.53126045381177));
#2045=CARTESIAN_POINT('Ctrl Pts',(3.18808307741896,1.32054724863909,-3.45313545381177));
#2046=CARTESIAN_POINT('Ctrl Pts',(2.25431516302902,2.25431516302902,-3.37501045381177));
#2047=CARTESIAN_POINT('Ctrl Pts',(1.32054724863909,3.18808307741896,-3.29688545381177));
#2048=CARTESIAN_POINT('Ctrl Pts',(0.,3.18808307741896,-3.21876045381177));
#2049=CARTESIAN_POINT('Ctrl Pts',(-1.32054724863909,3.18808307741896,-3.14063545381177));
#2050=CARTESIAN_POINT('Ctrl Pts',(-2.25431516302902,2.25431516302902,-3.06251045381177));
#2051=CARTESIAN_POINT('Ctrl Pts',(-3.18808307741896,1.32054724863909,-2.98438545381177));
#2052=CARTESIAN_POINT('Ctrl Pts',(-3.18808307741896,8.57289742820599E-16,
-2.90626045381177));
#2053=CARTESIAN_POINT('Ctrl Pts',(-3.18808307741896,-1.32054724863909,-2.82813545381177));
#2054=CARTESIAN_POINT('Ctrl Pts',(-2.25431516302902,-2.25431516302902,-2.75001045381177));
#2055=CARTESIAN_POINT('Ctrl Pts',(-1.32054724863909,-3.18808307741896,-2.67188545381177));
#2056=CARTESIAN_POINT('Ctrl Pts',(-3.90427573617697E-16,-3.18808307741896,
-2.59376045381177));
#2057=CARTESIAN_POINT('Ctrl Pts',(1.32054724863909,-3.18808307741896,-2.51563545381177));
#2058=CARTESIAN_POINT('Ctrl Pts',(2.25431516302902,-2.25431516302902,-2.43751045381177));
#2059=CARTESIAN_POINT('Ctrl Pts',(3.18808307741896,-1.32054724863909,-2.35938545381177));
#2060=CARTESIAN_POINT('Ctrl Pts',(3.18808307741896,-1.05829361504603E-19,
-2.28126045381177));
#2061=CARTESIAN_POINT('Ctrl Pts',(3.18808307741896,1.32054724863909,-2.20313545381177));
#2062=CARTESIAN_POINT('Ctrl Pts',(2.25431516302902,2.25431516302902,-2.12501045381177));
#2063=CARTESIAN_POINT('Ctrl Pts',(1.32054724863909,3.18808307741896,-2.04688545381177));
#2064=CARTESIAN_POINT('Ctrl Pts',(0.,3.18808307741896,-1.96876045381177));
#2065=CARTESIAN_POINT('Ctrl Pts',(-1.32054724863909,3.18808307741896,-1.89063545381177));
#2066=CARTESIAN_POINT('Ctrl Pts',(-2.25431516302902,2.25431516302902,-1.81251045381177));
#2067=CARTESIAN_POINT('Ctrl Pts',(-3.18808307741896,1.32054724863909,-1.73438545381177));
#2068=CARTESIAN_POINT('Ctrl Pts',(-3.18808307741896,7.0420889292718E-16,
-1.65626045381177));
#2069=CARTESIAN_POINT('Ctrl Pts',(-3.18808307741896,-1.32054724863909,-1.57813545381177));
#2070=CARTESIAN_POINT('Ctrl Pts',(-2.25431516302902,-2.25431516302902,-1.50001045381177));
#2071=CARTESIAN_POINT('Ctrl Pts',(-1.32054724863909,-3.18808307741896,-1.42188545381177));
#2072=CARTESIAN_POINT('Ctrl Pts',(-3.90427573617697E-16,-3.18808307741896,
-1.34376045381177));
#2073=CARTESIAN_POINT('Ctrl Pts',(1.32054724863909,-3.18808307741896,-1.26563545381177));
#2074=CARTESIAN_POINT('Ctrl Pts',(2.25431516302902,-2.25431516302902,-1.18751045381177));
#2075=CARTESIAN_POINT('Ctrl Pts',(3.18808307741896,-1.32054724863909,-1.10938545381177));
#2076=CARTESIAN_POINT('Ctrl Pts',(3.18808307741896,-1.53186679254924E-16,
-1.03126045381177));
#2077=CARTESIAN_POINT('Ctrl Pts',(3.18808307741896,1.32054724863909,-0.953135453811771));
#2078=CARTESIAN_POINT('Ctrl Pts',(2.25431516302902,2.25431516302902,-0.875010453811771));
#2079=CARTESIAN_POINT('Ctrl Pts',(1.32054724863909,3.18808307741896,-0.796885453811771));
#2080=CARTESIAN_POINT('Ctrl Pts',(0.,3.18808307741896,-0.718760453811771));
#2081=CARTESIAN_POINT('Ctrl Pts',(-1.32054724863909,3.18808307741896,-0.640635453811771));
#2082=CARTESIAN_POINT('Ctrl Pts',(-2.25431516302902,2.25431516302902,-0.562510453811771));
#2083=CARTESIAN_POINT('Ctrl Pts',(-3.18808307741896,1.32054724863909,-0.484385453811771));
#2084=CARTESIAN_POINT('Ctrl Pts',(-3.18808307741896,5.51128043033761E-16,
-0.406260453811771));
#2085=CARTESIAN_POINT('Ctrl Pts',(-3.18808307741896,-1.32054724863909,-0.328135453811771));
#2086=CARTESIAN_POINT('Ctrl Pts',(-2.25431516302902,-2.25431516302902,-0.250010453811771));
#2087=CARTESIAN_POINT('Ctrl Pts',(-1.32054724863909,-3.18808307741896,-0.171885453811771));
#2088=CARTESIAN_POINT('Ctrl Pts',(-3.90427573617697E-16,-3.18808307741896,
-0.0937604538117706));
#2089=CARTESIAN_POINT('Ctrl Pts',(1.32054724863909,-3.18808307741896,-0.0156354538117705));
#2090=CARTESIAN_POINT('Ctrl Pts',(2.25431516302902,-2.25431516302902,0.0624895461882287));
#2091=CARTESIAN_POINT('Ctrl Pts',(3.18808307741896,-1.32054724863909,0.140614546188229));
#2092=CARTESIAN_POINT('Ctrl Pts',(3.18808307741896,-3.06267529148343E-16,
0.218739546188229));
#2093=CARTESIAN_POINT('Ctrl Pts',(3.18808307741896,1.32054724863909,0.296864546188229));
#2094=CARTESIAN_POINT('Ctrl Pts',(2.25431516302902,2.25431516302902,0.374989546188229));
#2095=CARTESIAN_POINT('Ctrl Pts',(1.32054724863909,3.18808307741896,0.453114546188229));
#2096=CARTESIAN_POINT('Ctrl Pts',(0.,3.18808307741896,0.531239546188229));
#2097=CARTESIAN_POINT('Ctrl Pts',(-1.32054724863909,3.18808307741896,0.609364546188229));
#2098=CARTESIAN_POINT('Ctrl Pts',(-2.25431516302902,2.25431516302902,0.687489546188229));
#2099=CARTESIAN_POINT('Ctrl Pts',(-3.18808307741896,1.32054724863909,0.765614546188229));
#2100=CARTESIAN_POINT('Ctrl Pts',(-3.18808307741896,3.98047193140342E-16,
0.843739546188229));
#2101=CARTESIAN_POINT('Ctrl Pts',(-3.18808307741896,-1.32054724863909,0.92186454618823));
#2102=CARTESIAN_POINT('Ctrl Pts',(-2.25431516302902,-2.25431516302902,0.99998954618823));
#2103=CARTESIAN_POINT('Ctrl Pts',(-1.32054724863909,-3.18808307741896,1.07811454618823));
#2104=CARTESIAN_POINT('Ctrl Pts',(-3.90427573617697E-16,-3.18808307741896,
1.15623954618823));
#2105=CARTESIAN_POINT('Ctrl Pts',(1.32054724863909,-3.18808307741896,1.23436454618823));
#2106=CARTESIAN_POINT('Ctrl Pts',(2.25431516302902,-2.25431516302902,1.31248954618823));
#2107=CARTESIAN_POINT('Ctrl Pts',(3.18808307741896,-1.32054724863909,1.39061454618823));
#2108=CARTESIAN_POINT('Ctrl Pts',(3.18808307741896,-4.59348379041762E-16,
1.46873954618823));
#2109=CARTESIAN_POINT('Ctrl Pts',(3.18808307741896,1.32054724863909,1.54686454618823));
#2110=CARTESIAN_POINT('Ctrl Pts',(2.25431516302902,2.25431516302902,1.62498954618823));
#2111=CARTESIAN_POINT('Ctrl Pts',(1.32054724863909,3.18808307741896,1.70311454618823));
#2112=CARTESIAN_POINT('Ctrl Pts',(0.,3.18808307741896,1.78123954618823));
#2113=CARTESIAN_POINT('Ctrl Pts',(-1.32054724863909,3.18808307741896,1.85936454618823));
#2114=CARTESIAN_POINT('Ctrl Pts',(-2.25431516302902,2.25431516302902,1.93748954618823));
#2115=CARTESIAN_POINT('Ctrl Pts',(-3.18808307741896,1.32054724863909,2.01561454618823));
#2116=CARTESIAN_POINT('Ctrl Pts',(-3.18808307741896,2.44966343246923E-16,
2.09373954618823));
#2117=CARTESIAN_POINT('Ctrl Pts',(-3.18808307741896,-1.32054724863909,2.17186454618823));
#2118=CARTESIAN_POINT('Ctrl Pts',(-2.25431516302902,-2.25431516302902,2.24998954618823));
#2119=CARTESIAN_POINT('Ctrl Pts',(-1.32054724863909,-3.18808307741896,2.32811454618823));
#2120=CARTESIAN_POINT('Ctrl Pts',(-3.90427573617697E-16,-3.18808307741896,
2.40623954618823));
#2121=CARTESIAN_POINT('Ctrl Pts',(1.32054724863909,-3.18808307741896,2.48436454618823));
#2122=CARTESIAN_POINT('Ctrl Pts',(2.25431516302902,-2.25431516302902,2.56248954618823));
#2123=CARTESIAN_POINT('Ctrl Pts',(3.18808307741896,-1.32054724863909,2.64061454618823));
#2124=CARTESIAN_POINT('Ctrl Pts',(3.18808307741896,-6.12429228935181E-16,
2.71873954618823));
#2125=CARTESIAN_POINT('Ctrl Pts',(3.18808307741896,1.32054724863909,2.79686454618823));
#2126=CARTESIAN_POINT('Ctrl Pts',(2.25431516302902,2.25431516302902,2.87498954618823));
#2127=CARTESIAN_POINT('Ctrl Pts',(1.32054724863909,3.18808307741896,2.95311454618823));
#2128=CARTESIAN_POINT('Ctrl Pts',(0.,3.18808307741896,3.03123954618823));
#2129=CARTESIAN_POINT('Ctrl Pts',(-1.32054724863909,3.18808307741896,3.10936454618823));
#2130=CARTESIAN_POINT('Ctrl Pts',(-2.25431516302902,2.25431516302902,3.18748954618823));
#2131=CARTESIAN_POINT('Ctrl Pts',(-3.18808307741896,1.32054724863909,3.26561454618823));
#2132=CARTESIAN_POINT('Ctrl Pts',(-3.18808307741896,9.18854933535035E-17,
3.34373954618823));
#2133=CARTESIAN_POINT('Ctrl Pts',(-3.18808307741896,-1.32054724863909,3.42186454618823));
#2134=CARTESIAN_POINT('Ctrl Pts',(-2.25431516302902,-2.25431516302902,3.49998954618823));
#2135=CARTESIAN_POINT('Ctrl Pts',(-2.07688608330894,-2.43174424274911,3.51483439857555));
#2136=CARTESIAN_POINT('Ctrl Pts',(-1.87388404462728,-2.5792309504611,3.53045842736112));
#2137=CARTESIAN_POINT('Origin',(0.,5.16666666666665,4.));
#2138=CARTESIAN_POINT('Origin',(0.,5.16666666666665,3.8476));
#2139=CARTESIAN_POINT('Origin',(0.,6.5,-4.));
#2140=CARTESIAN_POINT('',(6.5,9.79717439317883E-16,-4.));
#2141=CARTESIAN_POINT('Origin',(0.,9.79717439317883E-16,-4.));
#2142=CARTESIAN_POINT('',(-6.50000000000001,9.79717439317883E-16,-4.));
#2143=CARTESIAN_POINT('Origin',(0.,9.79717439317883E-16,-4.));
#2144=CARTESIAN_POINT('',(-3.25,5.62916512459885,-4.));
#2145=CARTESIAN_POINT('Origin',(0.,9.79717439317883E-16,-4.));
#2146=CARTESIAN_POINT('',(3.25,5.62916512459886,-4.));
#2147=CARTESIAN_POINT('Origin',(0.,9.79717439317883E-16,-4.));
#2148=CARTESIAN_POINT('Origin',(0.,9.79717439317883E-16,-4.));
#2149=CARTESIAN_POINT('Origin',(0.,6.34759999999998,2.66666666666667));
#2150=CARTESIAN_POINT('Origin',(0.,1.63286239886315E-16,2.66666666666667));
#2151=CARTESIAN_POINT('',(-6.50000000000001,-3.75277674973256,2.19776936918151));
#2152=CARTESIAN_POINT('Ctrl Pts',(-6.5,8.23582415579218E-15,2.66666666666666));
#2153=CARTESIAN_POINT('Ctrl Pts',(-6.50000000000001,-1.74166975080605,2.66666666666666));
#2154=CARTESIAN_POINT('Ctrl Pts',(-6.50000000000001,-3.75277674974193,2.19776936917932));
#2155=CARTESIAN_POINT('Ctrl Pts',(-6.5000000000081,-3.75277674972789,2.19776936917933));
#2156=CARTESIAN_POINT('Ctrl Pts',(-4.75833024920095,-4.75833024919582,2.66666666666666));
#2157=CARTESIAN_POINT('Ctrl Pts',(-3.24999999999999,-5.62916512459885,2.66666666666666));
#2158=CARTESIAN_POINT('Origin',(0.,1.63286239886315E-16,2.66666666666667));
#2159=CARTESIAN_POINT('',(-3.05884885153518E-15,-7.50555349946513,2.19776936918151));
#2160=CARTESIAN_POINT('Ctrl Pts',(-8.1178286097006E-12,-7.50555349946982,
2.19776936917932));
#2161=CARTESIAN_POINT('Ctrl Pts',(1.74166975079903,-6.50000000000188,2.66666666666666));
#2162=CARTESIAN_POINT('Ctrl Pts',(3.24999999999999,-5.62916512459885,2.66666666666666));
#2163=CARTESIAN_POINT('Ctrl Pts',(-3.24999999999999,-5.62916512459885,2.66666666666666));
#2164=CARTESIAN_POINT('Ctrl Pts',(-1.74166975079903,-6.50000000000188,2.66666666666666));
#2165=CARTESIAN_POINT('Ctrl Pts',(8.10895574232935E-12,-7.50555349946981,
2.19776936917932));
#2166=CARTESIAN_POINT('Origin',(0.,1.63286239886315E-16,2.66666666666667));
#2167=CARTESIAN_POINT('',(6.5,-3.75277674973256,2.19776936918151));
#2168=CARTESIAN_POINT('Ctrl Pts',(6.5,-3.75277674974193,2.19776936917933));
#2169=CARTESIAN_POINT('Ctrl Pts',(6.5,-1.74166975080605,2.66666666666666));
#2170=CARTESIAN_POINT('Ctrl Pts',(6.5,1.5295102003614E-14,2.66666666666666));
#2171=CARTESIAN_POINT('Ctrl Pts',(3.24999999999999,-5.62916512459885,2.66666666666666));
#2172=CARTESIAN_POINT('Ctrl Pts',(4.75833024920096,-4.75833024919582,2.66666666666666));
#2173=CARTESIAN_POINT('Ctrl Pts',(6.50000000000811,-3.75277674972788,2.19776936917932));
#2174=CARTESIAN_POINT('Origin',(0.,1.63286239886315E-16,2.66666666666667));
#2175=CARTESIAN_POINT('',(6.5,3.75277674973257,2.19776936918151));
#2176=CARTESIAN_POINT('Ctrl Pts',(6.50000000000811,3.7527767497279,2.19776936917932));
#2177=CARTESIAN_POINT('Ctrl Pts',(4.75833024920096,4.75833024919583,2.66666666666666));
#2178=CARTESIAN_POINT('Ctrl Pts',(3.25,5.62916512459886,2.66666666666666));
#2179=CARTESIAN_POINT('Ctrl Pts',(6.5,1.5295102003614E-14,2.66666666666666));
#2180=CARTESIAN_POINT('Ctrl Pts',(6.5,1.74166975080607,2.66666666666666));
#2181=CARTESIAN_POINT('Ctrl Pts',(6.5,3.75277674974194,2.19776936917932));
#2182=CARTESIAN_POINT('Origin',(0.,1.63286239886315E-16,2.66666666666667));
#2183=CARTESIAN_POINT('',(-6.50000000000001,3.75277674973256,2.19776936918151));
#2184=CARTESIAN_POINT('Ctrl Pts',(-3.25000000000001,5.62916512459884,2.66666666666666));
#2185=CARTESIAN_POINT('Ctrl Pts',(-4.75833024920097,4.75833024919581,2.66666666666666));
#2186=CARTESIAN_POINT('Ctrl Pts',(-6.50000000000811,3.75277674972787,2.19776936917932));
#2187=CARTESIAN_POINT('Ctrl Pts',(-6.5,3.75277674974192,2.19776936917932));
#2188=CARTESIAN_POINT('Ctrl Pts',(-6.50000000000001,1.74166975080606,2.66666666666665));
#2189=CARTESIAN_POINT('Ctrl Pts',(-6.5,8.23582415579218E-15,2.66666666666666));
#2190=CARTESIAN_POINT('Origin',(-3.05525226714945E-15,-7.50555349946513,
-23.8578280114753));
#2191=CARTESIAN_POINT('',(-3.05525226714945E-15,-7.50555349946513,-23.8578280114753));
#2192=CARTESIAN_POINT('',(-6.50000000000001,-3.75277674973256,-3.53110270251484));
#2193=CARTESIAN_POINT('',(-6.50000000000001,-3.75277674973256,-23.8578280114753));
#2194=CARTESIAN_POINT('Ctrl Pts',(-3.24999999999999,-5.62916512459885,-4.));
#2195=CARTESIAN_POINT('Ctrl Pts',(-4.75833024920096,-4.75833024919582,-4.));
#2196=CARTESIAN_POINT('Ctrl Pts',(-6.50000000000812,-3.75277674972787,-3.53110270251266));
#2197=CARTESIAN_POINT('Origin',(6.5,-3.75277674973256,-23.8578280114753));
#2198=CARTESIAN_POINT('',(6.5,-3.75277674973256,-3.53110270251485));
#2199=CARTESIAN_POINT('Ctrl Pts',(6.50000000000811,-3.75277674972788,-3.53110270251266));
#2200=CARTESIAN_POINT('Ctrl Pts',(4.75833024920097,-4.75833024919581,-4.));
#2201=CARTESIAN_POINT('Ctrl Pts',(3.25000000000001,-5.62916512459884,-4.));
#2202=CARTESIAN_POINT('',(6.5,-3.75277674973256,-23.8578280114753));
#2203=CARTESIAN_POINT('Origin',(6.5,3.75277674973257,-23.8578280114753));
#2204=CARTESIAN_POINT('',(6.5,3.75277674973257,-3.53110270251484));
#2205=CARTESIAN_POINT('Ctrl Pts',(6.5,3.75277674974194,-3.53110270251266));
#2206=CARTESIAN_POINT('Ctrl Pts',(6.5,1.74166975080607,-3.99999999999999));
#2207=CARTESIAN_POINT('Ctrl Pts',(6.5,1.09810988743896E-14,-4.));
#2208=CARTESIAN_POINT('',(6.5,3.75277674973257,-23.8578280114753));
#2209=CARTESIAN_POINT('Ctrl Pts',(6.5,1.09810988743896E-14,-4.));
#2210=CARTESIAN_POINT('Ctrl Pts',(6.5,-1.74166975080606,-4.));
#2211=CARTESIAN_POINT('Ctrl Pts',(6.5,-3.75277674974194,-3.53110270251266));
#2212=CARTESIAN_POINT('Origin',(6.4459764002814E-15,7.50555349946513,-23.8578280114753));
#2213=CARTESIAN_POINT('',(6.55016519110318E-15,7.50555349946513,-3.53110270251484));
#2214=CARTESIAN_POINT('Ctrl Pts',(-8.1081107073416E-12,7.50555349946982,
-3.53110270251266));
#2215=CARTESIAN_POINT('Ctrl Pts',(1.74166975079904,6.50000000000189,-3.99999999999999));
#2216=CARTESIAN_POINT('Ctrl Pts',(3.25,5.62916512459886,-3.99999999999999));
#2217=CARTESIAN_POINT('',(6.4459764002814E-15,7.50555349946513,-23.8578280114753));
#2218=CARTESIAN_POINT('Ctrl Pts',(3.25,5.62916512459886,-3.99999999999999));
#2219=CARTESIAN_POINT('Ctrl Pts',(4.75833024920096,4.75833024919583,-3.99999999999999));
#2220=CARTESIAN_POINT('Ctrl Pts',(6.50000000000811,3.75277674972789,-3.53110270251266));
#2221=CARTESIAN_POINT('Origin',(-6.50000000000001,3.75277674973256,-23.8578280114753));
#2222=CARTESIAN_POINT('',(-6.50000000000001,3.75277674973256,-3.53110270251484));
#2223=CARTESIAN_POINT('Ctrl Pts',(-6.50000000000812,3.75277674972788,-3.53110270251266));
#2224=CARTESIAN_POINT('Ctrl Pts',(-4.75833024920096,4.75833024919581,-4.));
#2225=CARTESIAN_POINT('Ctrl Pts',(-3.25,5.62916512459885,-4.));
#2226=CARTESIAN_POINT('',(-6.50000000000001,3.75277674973256,-23.8578280114753));
#2227=CARTESIAN_POINT('Ctrl Pts',(-3.25,5.62916512459885,-4.));
#2228=CARTESIAN_POINT('Ctrl Pts',(-1.74166975079904,6.50000000000188,-4.));
#2229=CARTESIAN_POINT('Ctrl Pts',(8.10050539245196E-12,7.50555349946981,
-3.53110270251266));
#2230=CARTESIAN_POINT('Origin',(-6.50000000000001,-3.75277674973256,-23.8578280114753));
#2231=CARTESIAN_POINT('Ctrl Pts',(-6.50000000000001,-3.75277674974193,-3.53110270251266));
#2232=CARTESIAN_POINT('Ctrl Pts',(-6.50000000000001,-1.74166975080605,-3.99999999999999));
#2233=CARTESIAN_POINT('Ctrl Pts',(-6.50000000000001,1.09810988743896E-14,
-3.99999999999999));
#2234=CARTESIAN_POINT('Ctrl Pts',(-6.50000000000001,1.09810988743896E-14,
-3.99999999999999));
#2235=CARTESIAN_POINT('Ctrl Pts',(-6.50000000000001,1.74166975080607,-3.99999999999999));
#2236=CARTESIAN_POINT('Ctrl Pts',(-6.50000000000001,3.75277674974193,-3.53110270251266));
#2237=CARTESIAN_POINT('Origin',(0.,7.53013514122075E-16,-2.14882196765917));
#2238=CARTESIAN_POINT('Origin',(0.,7.53013514122075E-16,-2.14882196765917));
#2239=CARTESIAN_POINT('Origin',(0.,7.53013514122075E-16,-2.14882196765917));
#2240=CARTESIAN_POINT('Origin',(0.,7.53013514122075E-16,-2.14882196765917));
#2241=CARTESIAN_POINT('Origin',(0.,7.53013514122075E-16,-2.14882196765917));
#2242=CARTESIAN_POINT('',(0.,0.,0.));
#2243=UNCERTAINTY_MEASURE_WITH_UNIT(LENGTH_MEASURE(0.01),#2249,
'DISTANCE_ACCURACY_VALUE',
'Maximum model space distance between geometric entities at asserted c
onnectivities');
#2244=UNCERTAINTY_MEASURE_WITH_UNIT(LENGTH_MEASURE(0.01),#2249,
'DISTANCE_ACCURACY_VALUE',
'Maximum model space distance between geometric entities at asserted c
onnectivities');
#2245=UNCERTAINTY_MEASURE_WITH_UNIT(LENGTH_MEASURE(0.01),#2249,
'DISTANCE_ACCURACY_VALUE',
'Maximum model space distance between geometric entities at asserted c
onnectivities');
#2246=(
GEOMETRIC_REPRESENTATION_CONTEXT(3)
GLOBAL_UNCERTAINTY_ASSIGNED_CONTEXT((#2243))
GLOBAL_UNIT_ASSIGNED_CONTEXT((#2249,#2251,#2252))
REPRESENTATION_CONTEXT('','3D')
);
#2247=(
GEOMETRIC_REPRESENTATION_CONTEXT(3)
GLOBAL_UNCERTAINTY_ASSIGNED_CONTEXT((#2244))
GLOBAL_UNIT_ASSIGNED_CONTEXT((#2249,#2251,#2252))
REPRESENTATION_CONTEXT('','3D')
);
#2248=(
GEOMETRIC_REPRESENTATION_CONTEXT(3)
GLOBAL_UNCERTAINTY_ASSIGNED_CONTEXT((#2245))
GLOBAL_UNIT_ASSIGNED_CONTEXT((#2249,#2251,#2252))
REPRESENTATION_CONTEXT('','3D')
);
#2249=(
LENGTH_UNIT()
NAMED_UNIT(*)
SI_UNIT(.MILLI.,.METRE.)
);
#2250=(
LENGTH_UNIT()
NAMED_UNIT(*)
SI_UNIT($,.METRE.)
);
#2251=(
NAMED_UNIT(*)
PLANE_ANGLE_UNIT()
SI_UNIT($,.RADIAN.)
);
#2252=(
NAMED_UNIT(*)
SI_UNIT($,.STERADIAN.)
SOLID_ANGLE_UNIT()
);
#2253=SHAPE_DEFINITION_REPRESENTATION(#2255,#2258);
#2254=SHAPE_DEFINITION_REPRESENTATION(#2256,#2259);
#2255=PRODUCT_DEFINITION_SHAPE('',$,#2261);
#2256=PRODUCT_DEFINITION_SHAPE('',$,#2262);
#2257=PRODUCT_DEFINITION_SHAPE($,$,#14);
#2258=SHAPE_REPRESENTATION('',(#728,#805),#2246);
#2259=SHAPE_REPRESENTATION('',(#729),#2247);
#2260=PRODUCT_DEFINITION_CONTEXT('part definition',#2268,'design');
#2261=PRODUCT_DEFINITION('60550','Nut, Locking, M8 v3',#2263,#2260);
#2262=PRODUCT_DEFINITION(
'90631A115_Low-Strength Steel Nylon-Insert Locknut',
'90631A115_Low-Strength Steel Nylon-Insert Locknut',#2264,#2260);
#2263=PRODUCT_DEFINITION_FORMATION('',$,#2270);
#2264=PRODUCT_DEFINITION_FORMATION('',$,#2271);
#2265=PRODUCT_RELATED_PRODUCT_CATEGORY('Nut, Locking, M8 v3',
'Nut, Locking, M8 v3',(#2270));
#2266=PRODUCT_RELATED_PRODUCT_CATEGORY(
'90631A115_Low-Strength Steel Nylon-Insert Locknut',
'90631A115_Low-Strength Steel Nylon-Insert Locknut',(#2271));
#2267=APPLICATION_PROTOCOL_DEFINITION('international standard',
'automotive_design',2009,#2268);
#2268=APPLICATION_CONTEXT(
'Core Data for Automotive Mechanical Design Process');
#2269=PRODUCT_CONTEXT('part definition',#2268,'mechanical');
#2270=PRODUCT('60550','Nut, Locking, M8 v3',$,(#2269));
#2271=PRODUCT('90631A115_Low-Strength Steel Nylon-Insert Locknut',
'90631A115_Low-Strength Steel Nylon-Insert Locknut',$,(#2269));
#2272=PRESENTATION_STYLE_ASSIGNMENT((#2274));
#2273=PRESENTATION_STYLE_ASSIGNMENT((#2275));
#2274=SURFACE_STYLE_USAGE(.BOTH.,#2276);
#2275=SURFACE_STYLE_USAGE(.BOTH.,#2277);
#2276=SURFACE_SIDE_STYLE('',(#2278));
#2277=SURFACE_SIDE_STYLE('',(#2279));
#2278=SURFACE_STYLE_FILL_AREA(#2280);
#2279=SURFACE_STYLE_FILL_AREA(#2281);
#2280=FILL_AREA_STYLE('Steel - Satin',(#2282));
#2281=FILL_AREA_STYLE('Nylon 6-6 (White)',(#2283));
#2282=FILL_AREA_STYLE_COLOUR('Steel - Satin',#2284);
#2283=FILL_AREA_STYLE_COLOUR('Nylon 6-6 (White)',#2285);
#2284=COLOUR_RGB('Steel - Satin',0.627450980392157,0.627450980392157,0.627450980392157);
#2285=COLOUR_RGB('Nylon 6-6 (White)',0.972549019607843,0.968627450980392,
0.929411764705882);
ENDSEC;
END-ISO-10303-21;
