ISO-10303-21;
HEADER;
FILE_DESCRIPTION (( 'STEP AP203' ),
    '1' );
FILE_NAME ('91420A530_Steel Phillips Flat Head Screws.STEP',
    '2021-07-09T15:59:51',
    ( 'Administrator' ),
    ( 'Managed by Terraform' ),
    'SwSTEP 2.0',
    'SolidWorks 2017',
    '' );
FILE_SCHEMA (( 'CONFIG_CONTROL_DESIGN' ));
ENDSEC;

DATA;
#1 = CARTESIAN_POINT ( 'NONE',  ( -1.320554748610682800, 3.188101183952080300, -5.140625000000038200 ) ) ;
#2 = CARTESIAN_POINT ( 'NONE',  ( 1.656854249492383200, 3.999999999999999100, -3.421875000000042600 ) ) ;
#3 = ADVANCED_FACE ( 'NONE', ( #4505 ), #4028, .F. ) ;
#4 = DIRECTION ( 'NONE',  ( -1.000000000000000000, 0.0000000000000000000, 0.0000000000000000000 ) ) ;
#5 = CARTESIAN_POINT ( 'NONE',  ( -3.188101183952083900, 1.019654187844447800E-016, -17.56250000000001100 ) ) ;
#6 = CARTESIAN_POINT ( 'NONE',  ( -2.254327966281379300, -2.254327966281379300, 2.593749999999943200 ) ) ;
#7 = FACE_OUTER_BOUND ( 'NONE', #3337, .T. ) ;
#8 = CARTESIAN_POINT ( 'NONE',  ( 1.518625914947322000, 1.518625914947322000, 4.000000000000000000 ) ) ;
#9 = CARTESIAN_POINT ( 'NONE',  ( 3.188101183952083900, -1.459753745329477600E-015, -19.43750000000000700 ) ) ;
#10 = CARTESIAN_POINT ( 'NONE',  ( 1.656854249492372400, -4.000000000000003600, -17.79687500000000700 ) ) ;
#11 = ORIENTED_EDGE ( 'NONE', *, *, #2005, .F. ) ;
#12 = CARTESIAN_POINT ( 'NONE',  ( -1.320554748610674800, 3.188101183952083900, -14.04687500000001800 ) ) ;
#13 = ORIENTED_EDGE ( 'NONE', *, *, #292, .T. ) ;
#14 = FACE_OUTER_BOUND ( 'NONE', #1557, .T. ) ;
#15 = CARTESIAN_POINT ( 'NONE',  ( -4.000000000000000000, 5.655958496054998300E-018, 15.31370849898476100 ) ) ;
#16 = CARTESIAN_POINT ( 'NONE',  ( -2.267483211545512100, 2.744274654995642500, -0.4473100581932146800 ) ) ;
#17 = CARTESIAN_POINT ( 'NONE',  ( 4.000000000000000000, -8.280375562182076100E-016, -19.90625000000000700 ) ) ;
#18 = CARTESIAN_POINT ( 'NONE',  ( 2.254327966281379300, 2.254327966281378900, -17.87500000000001100 ) ) ;
#19 = CARTESIAN_POINT ( 'NONE',  ( -2.939647502462918100E-014, -4.000000000000000000, -2.718750000000044000 ) ) ;
#20 = CARTESIAN_POINT ( 'NONE',  ( 2.828427124746190700, 2.828427124746189400, -19.90625000000000400 ) ) ;
#21 = CARTESIAN_POINT ( 'NONE',  ( 2.851173418023738500, 0.9666666666666666700, 4.000000000000000000 ) ) ;
#22 = CARTESIAN_POINT ( 'NONE',  ( 3.188101183952069700, -1.320554748610693200, -9.515625000000030200 ) ) ;
#23 =( BOUNDED_CURVE ( )  B_SPLINE_CURVE ( 2, ( #4108, #1559, #753, #1190, #2901, #1205, #3317, #308, #4228 ),
 .UNSPECIFIED., .F., .F. ) 
 B_SPLINE_CURVE_WITH_KNOTS ( ( 3, 2, 2, 2, 3 ),
 ( 0.3452380952380952300, 0.3511904761904761600, 0.3571428571428571500, 0.3630952380952380800, 0.3690476190476190700 ),
 .UNSPECIFIED. ) 
 CURVE ( )  GEOMETRIC_REPRESENTATION_ITEM ( )  RATIONAL_B_SPLINE_CURVE ( ( 1.000000000000000000, 0.9238795325112867400, 1.000000000000000000, 0.9238795325112867400, 1.000000000000000000, 0.9238795325112867400, 1.000000000000000000, 0.9238795325112867400, 1.000000000000000000 ) ) 
 REPRESENTATION_ITEM ( '' )  );
#24 = CARTESIAN_POINT ( 'NONE',  ( 4.000000000000000000, -9.892899792454974100E-015, -18.65625000000001100 ) ) ;
#25 = CARTESIAN_POINT ( 'NONE',  ( 5.998263823987151000E-032, 4.000000000000000000, -0.8437500000000492900 ) ) ;
#26 = EDGE_LOOP ( 'NONE', ( #1689, #2549, #3442, #558 ) ) ;
#27 = AXIS2_PLACEMENT_3D ( 'NONE', #1904, #4952, #172 ) ;
#28 = CARTESIAN_POINT ( 'NONE',  ( 1.324443432470952900, -3.679409837216080200, -0.09525291674173619300 ) ) ;
#29 = CARTESIAN_POINT ( 'NONE',  ( -1.320554748610675200, -3.188101183952083900, -19.82812500000000700 ) ) ;
#30 = CARTESIAN_POINT ( 'NONE',  ( -3.904297910284806600E-016, -3.188101183952083900, 1.499999999999945800 ) ) ;
#31 = VERTEX_POINT ( 'NONE', #3677 ) ;
#32 = DIRECTION ( 'NONE',  ( 0.06666269134683235100, 0.06666269134683233700, 0.9955461672694008200 ) ) ;
#33 = CARTESIAN_POINT ( 'NONE',  ( 3.188101183952084300, 1.320554748610673000, -16.70312500000001400 ) ) ;
#34 = CARTESIAN_POINT ( 'NONE',  ( 1.320554748610674100, -3.188101183952084700, -13.42187500000002000 ) ) ;
#35 = VERTEX_POINT ( 'NONE', #4638 ) ;
#36 =( BOUNDED_CURVE ( )  B_SPLINE_CURVE ( 2, ( #3324, #4235, #1599, #4595, #5548, #2001, #4663, #2452, #743 ),
 .UNSPECIFIED., .F., .T. ) 
 B_SPLINE_CURVE_WITH_KNOTS ( ( 3, 2, 2, 2, 3 ),
 ( 0.4404761904761904700, 0.4464285714285714500, 0.4523809523809523300, 0.4583333333333332600, 0.4642857142857142500 ),
 .UNSPECIFIED. ) 
 CURVE ( )  GEOMETRIC_REPRESENTATION_ITEM ( )  RATIONAL_B_SPLINE_CURVE ( ( 1.000000000000000000, 0.9238795325112867400, 1.000000000000000000, 0.9238795325112867400, 1.000000000000000000, 0.9238795325112867400, 1.000000000000000000, 0.9238795325112874000, 0.9999999999999993300 ) ) 
 REPRESENTATION_ITEM ( '' )  );
#37 = VERTEX_POINT ( 'NONE', #1558 ) ;
#38 = EDGE_CURVE ( 'NONE', #4783, #3364, #5347, .T. ) ;
#39 = CARTESIAN_POINT ( 'NONE',  ( 3.999999999999998200, 1.656854249492384600, -7.328125000000037300 ) ) ;
#40 = ADVANCED_FACE ( 'NONE', ( #92 ), #5606, .T. ) ;
#41 = ADVANCED_FACE ( 'NONE', ( #7 ), #2992, .F. ) ;
#42 = CARTESIAN_POINT ( 'NONE',  ( -0.3821241112620937800, 3.464768217217619300, -0.5215675691854250200 ) ) ;
#43 = CARTESIAN_POINT ( 'NONE',  ( -2.828427124746190300, -2.828427124746189800, -19.12500000000001100 ) ) ;
#44 = CARTESIAN_POINT ( 'NONE',  ( 3.408837797056023500, -1.379054786013710100, -0.3285241135636399700 ) ) ;
#45 = CARTESIAN_POINT ( 'NONE',  ( 3.188101183952083900, -6.788941632725165100E-016, -15.53125000000001400 ) ) ;
#46 = CARTESIAN_POINT ( 'NONE',  ( -4.703504979265586500, -0.9556547051326952400, 3.874132703710337000 ) ) ;
#47 = CARTESIAN_POINT ( 'NONE',  ( -2.254327966281370400, 2.254327966281388200, -15.21875000000001800 ) ) ;
#48 = EDGE_CURVE ( 'NONE', #3371, #415, #283, .T. ) ;
#49 = CARTESIAN_POINT ( 'NONE',  ( -4.000000000000000000, 5.782579236631146200E-015, -5.531250000000040000 ) ) ;
#50 = CARTESIAN_POINT ( 'NONE',  ( 3.999999999999999100, -1.656854249492382600, 0.01562499999994970700 ) ) ;
#51 = LINE ( 'NONE', #2061, #2891 ) ;
#52 = CARTESIAN_POINT ( 'NONE',  ( -1.320554748610666800, 3.188101183952087000, -16.54687500000001400 ) ) ;
#53 = CARTESIAN_POINT ( 'NONE',  ( 1.320554748610676800, 3.188101183952083000, -15.45312500000001600 ) ) ;
#54 = CARTESIAN_POINT ( 'NONE',  ( -2.254327966281379300, 2.254327966281379300, 3.531249999999940500 ) ) ;
#55 = DIRECTION ( 'NONE',  ( -0.0000000000000000000, -0.0000000000000000000, 1.000000000000000000 ) ) ;
#56 = CARTESIAN_POINT ( 'NONE',  ( 3.463362993859650600, -1.578002667690473700, -20.26396132205604400 ) ) ;
#57 = CARTESIAN_POINT ( 'NONE',  ( -4.000000000000000000, 5.655958496054998300E-018, 15.31370849898476100 ) ) ;
#58 = ORIENTED_EDGE ( 'NONE', *, *, #5366, .T. ) ;
#59 = FACE_OUTER_BOUND ( 'NONE', #4676, .T. ) ;
#60 = CARTESIAN_POINT ( 'NONE',  ( -2.254327966281379300, -2.254327966281379300, -11.15625000000002500 ) ) ;
#61 = EDGE_CURVE ( 'NONE', #3638, #2920, #609, .T. ) ;
#62 = DIRECTION ( 'NONE',  ( -0.0000000000000000000, -0.0000000000000000000, -1.000000000000000000 ) ) ;
#63 = CARTESIAN_POINT ( 'NONE',  ( 1.582524017283075500, 3.022377971566933700, -0.5960373896456454500 ) ) ;
#64 = CARTESIAN_POINT ( 'NONE',  ( -4.000000000000000000, 1.516798830996750800E-016, -16.78125000000001400 ) ) ;
#65 = VERTEX_POINT ( 'NONE', #3732 ) ;
#66 = CARTESIAN_POINT ( 'NONE',  ( -3.904297910284806600E-016, -3.188101183952083900, -9.593750000000028400 ) ) ;
#67 = ORIENTED_EDGE ( 'NONE', *, *, #1875, .T. ) ;
#68 = CARTESIAN_POINT ( 'NONE',  ( -1.656854249492380100, 4.000000000000000000, -19.51562500000000700 ) ) ;
#69 = CALENDAR_DATE ( 2021, 9, 7 ) ;
#70 = ORIENTED_EDGE ( 'NONE', *, *, #2193, .F. ) ;
#71 = ORIENTED_EDGE ( 'NONE', *, *, #4633, .T. ) ;
#72 = CARTESIAN_POINT ( 'NONE',  ( 3.918869757271530300E-015, 4.000000000000000000, -16.00000000000001400 ) ) ;
#73 = CARTESIAN_POINT ( 'NONE',  ( -4.898587196589413800E-016, -4.000000000000000000, -0.2187500000000522400 ) ) ;
#74 = ORIENTED_EDGE ( 'NONE', *, *, #3098, .T. ) ;
#75 = ADVANCED_FACE ( 'NONE', ( #5478 ), #4443, .T. ) ;
#76 = CARTESIAN_POINT ( 'NONE',  ( -2.828427124746189800, 2.828427124746190300, -9.593750000000028400 ) ) ;
#77 = FACE_OUTER_BOUND ( 'NONE', #4731, .T. ) ;
#78 = CARTESIAN_POINT ( 'NONE',  ( 1.320554748610672600, 3.188101183952084300, -17.95312500000001400 ) ) ;
#79 = CARTESIAN_POINT ( 'NONE',  ( -1.656854249492381200, -4.000000000000000000, -21.54687500000000400 ) ) ;
#80 = CARTESIAN_POINT ( 'NONE',  ( 3.266966873125719300, -4.733073513444242700E-014, -0.7330331268742756900 ) ) ;
#81 = CARTESIAN_POINT ( 'NONE',  ( 4.000000000000000000, -1.675092186768015000E-014, -8.812500000000028400 ) ) ;
#82 = CARTESIAN_POINT ( 'NONE',  ( 4.000000000000000000, -1.675092186768015000E-014, -9.906250000000030200 ) ) ;
#83 = CARTESIAN_POINT ( 'NONE',  ( -3.188101183952083900, 1.019654187844447800E-016, -13.81250000000002000 ) ) ;
#84 = DIRECTION ( 'NONE',  ( 1.000000000000000000, 0.0000000000000000000, 0.0000000000000000000 ) ) ;
#85 = CARTESIAN_POINT ( 'NONE',  ( -4.000000000000001800, -1.656854249492376800, -14.35937500000001600 ) ) ;
#86 = CARTESIAN_POINT ( 'NONE',  ( -4.898587196589413800E-016, -4.000000000000000000, -17.71875000000001100 ) ) ;
#87 = CARTESIAN_POINT ( 'NONE',  ( 5.998263823987151000E-032, 3.188101183952083900, -12.71875000000002100 ) ) ;
#88 = EDGE_CURVE ( 'NONE', #5540, #31, #577, .T. ) ;
#89 = CARTESIAN_POINT ( 'NONE',  ( -3.188101183952083900, 2.802361559602185900E-014, -3.656250000000041300 ) ) ;
#90 = ORIENTED_EDGE ( 'NONE', *, *, #4450, .F. ) ;
#91 = CARTESIAN_POINT ( 'NONE',  ( -2.828427124746189800, 2.828427124746190300, -17.09375000000001100 ) ) ;
#92 = FACE_OUTER_BOUND ( 'NONE', #3271, .T. ) ;
#93 = CARTESIAN_POINT ( 'NONE',  ( -4.000000000000000000, 5.655958496054998300E-018, 15.31370849898476100 ) ) ;
#94 = CARTESIAN_POINT ( 'NONE',  ( -2.828427124746190300, -2.828427124746189800, -1.625000000000046600 ) ) ;
#95 = CARTESIAN_POINT ( 'NONE',  ( -4.000000000000000000, -1.656854249492380400, -8.109375000000030200 ) ) ;
#96 = VERTEX_POINT ( 'NONE', #709 ) ;
#97 = AXIS2_PLACEMENT_3D ( 'NONE', #2873, #4165, #1999 ) ;
#98 = DIRECTION ( 'NONE',  ( 0.08714264840443966500, 0.01733375049386022500, 0.9960450290638855900 ) ) ;
#99 = CARTESIAN_POINT ( 'NONE',  ( 3.999999999999998200, -1.656854249492384600, -17.64062500000000400 ) ) ;
#100 = CARTESIAN_POINT ( 'NONE',  ( -3.188101183952083900, 1.320554748610674800, -12.64062500000002100 ) ) ;
#101 = DIRECTION ( 'NONE',  ( -0.0000000000000000000, -0.0000000000000000000, -1.000000000000000000 ) ) ;
#102 = ADVANCED_FACE ( 'NONE', ( #2387 ), #1239, .T. ) ;
#103 = CARTESIAN_POINT ( 'NONE',  ( 0.2954823277887515000, 3.449658108770295300, -0.5451968386856155300 ) ) ;
#104 = CARTESIAN_POINT ( 'NONE',  ( 1.656854249492379700, -4.000000000000000900, -16.39062500000001400 ) ) ;
#105 = CARTESIAN_POINT ( 'NONE',  ( 1.342454628648133100, -3.031988296095685400, -0.6904657946093759600 ) ) ;
#106 = CARTESIAN_POINT ( 'NONE',  ( -3.188101183952083900, 1.019654187844447800E-016, -11.15625000000002500 ) ) ;
#107 = CARTESIAN_POINT ( 'NONE',  ( -3.188101183952083900, 2.958533476013578200E-014, -1.156250000000046200 ) ) ;
#108 =( BOUNDED_CURVE ( )  B_SPLINE_CURVE ( 2, ( #146, #1017, #4526, #4088, #2303, #610, #3180, #3608, #2762 ),
 .UNSPECIFIED., .F., .F. ) 
 B_SPLINE_CURVE_WITH_KNOTS ( ( 3, 2, 2, 2, 3 ),
 ( 0.5357142857142857000, 0.5416666666666666300, 0.5476190476190476700, 0.5535714285714286000, 0.5595238095238095300 ),
 .UNSPECIFIED. ) 
 CURVE ( )  GEOMETRIC_REPRESENTATION_ITEM ( )  RATIONAL_B_SPLINE_CURVE ( ( 1.000000000000000000, 0.9238795325112867400, 1.000000000000000000, 0.9238795325112867400, 1.000000000000000000, 0.9238795325112867400, 1.000000000000000000, 0.9238795325112867400, 1.000000000000000000 ) ) 
 REPRESENTATION_ITEM ( '' )  );
#109 = CARTESIAN_POINT ( 'NONE',  ( -1.656854249492380800, 4.000000000000000000, -14.67187500000001800 ) ) ;
#110 = VERTEX_POINT ( 'NONE', #5470 ) ;
#111 = CARTESIAN_POINT ( 'NONE',  ( -2.828427124746189400, 2.828427124746190700, -19.59375000000000400 ) ) ;
#112 = CARTESIAN_POINT ( 'NONE',  ( -1.320554748610663200, 3.188101183952087900, -10.14062500000002800 ) ) ;
#113 = CARTESIAN_POINT ( 'NONE',  ( -1.656854249492380800, 4.000000000000000000, -3.265625000000042600 ) ) ;
#114 = CARTESIAN_POINT ( 'NONE',  ( -2.828427124746190300, -2.828427124746189800, -9.281250000000026600 ) ) ;
#115 = AXIS2_PLACEMENT_3D ( 'NONE', #3212, #2283, #1084 ) ;
#116 = CARTESIAN_POINT ( 'NONE',  ( -3.188101183952083900, -2.437801595801029900E-015, -16.31250000000001400 ) ) ;
#117 = VECTOR ( 'NONE', #642, 1000.000000000000000 ) ;
#118 = CARTESIAN_POINT ( 'NONE',  ( 4.000000000000000000, 7.751917805452324500E-015, -3.812500000000038200 ) ) ;
#119 = CARTESIAN_POINT ( 'NONE',  ( -4.000000000000000000, -2.055160277911914400E-015, -15.53125000000001800 ) ) ;
#120 = CARTESIAN_POINT ( 'NONE',  ( -1.656854249492370800, -4.000000000000003600, -9.046875000000033800 ) ) ;
#121 = CARTESIAN_POINT ( 'NONE',  ( 2.254327966281379300, -2.254327966281379300, -8.343750000000032000 ) ) ;
#122 = EDGE_CURVE ( 'NONE', #5247, #4126, #2510, .T. ) ;
#123 = CARTESIAN_POINT ( 'NONE',  ( 1.518625914947338000, -1.518625914947306000, 4.000000000000000000 ) ) ;
#124 = CARTESIAN_POINT ( 'NONE',  ( 1.656854249492372400, -4.000000000000003600, -18.89062500000000400 ) ) ;
#125 = CC_DESIGN_DATE_AND_TIME_ASSIGNMENT ( #5184, #1333, ( #3487 ) ) ;
#126 = DIRECTION ( 'NONE',  ( -1.000000000000000000, 0.0000000000000000000, 0.0000000000000000000 ) ) ;
#127 = CARTESIAN_POINT ( 'NONE',  ( -2.828427124746189800, 2.828427124746190300, -14.43750000000002000 ) ) ;
#128 = CARTESIAN_POINT ( 'NONE',  ( 3.801835597702579100, 1.243401016583743200, 2.778446867978223700E-016 ) ) ;
#129 = CARTESIAN_POINT ( 'NONE',  ( -2.254327966281379300, -2.254327966281379300, -8.500000000000030200 ) ) ;
#130 = DIRECTION ( 'NONE',  ( 0.7071067811865487900, 0.0000000000000000000, 0.7071067811865463500 ) ) ;
#131 = VERTEX_POINT ( 'NONE', #3038 ) ;
#132 = CARTESIAN_POINT ( 'NONE',  ( -1.656854249492381200, -4.000000000000000000, -17.95312500000001100 ) ) ;
#133 = EDGE_CURVE ( 'NONE', #5418, #4126, #3204, .T. ) ;
#134 = CARTESIAN_POINT ( 'NONE',  ( 1.656854249492383000, 3.999999999999999100, -19.82812500000000700 ) ) ;
#135 = CARTESIAN_POINT ( 'NONE',  ( 2.828427124746189800, -2.828427124746190700, -5.218750000000035500 ) ) ;
#136 = CARTESIAN_POINT ( 'NONE',  ( -2.828427124746190300, -2.828427124746189800, 2.124999999999942700 ) ) ;
#137 = ORIENTED_EDGE ( 'NONE', *, *, #2774, .T. ) ;
#138 = CARTESIAN_POINT ( 'NONE',  ( 3.999999999999999100, 1.656854249492381200, -9.984375000000026600 ) ) ;
#139 = ORIENTED_EDGE ( 'NONE', *, *, #1715, .F. ) ;
#140 = LINE ( 'NONE', #3673, #5653 ) ;
#141 = CARTESIAN_POINT ( 'NONE',  ( 3.123438328227845300E-015, 3.188101183952083900, -16.62500000000001400 ) ) ;
#142 = CARTESIAN_POINT ( 'NONE',  ( -4.000000000000000000, 3.823144357995380600E-015, -8.031250000000033800 ) ) ;
#143 = CARTESIAN_POINT ( 'NONE',  ( 3.567521022652552400, -1.809086441531218400, 0.0000000000000000000 ) ) ;
#144 = CARTESIAN_POINT ( 'NONE',  ( 3.188101183952083000, -1.320554748610676600, -8.265625000000032000 ) ) ;
#145 = ORIENTED_EDGE ( 'NONE', *, *, #2865, .F. ) ;
#146 = CARTESIAN_POINT ( 'NONE',  ( -4.000000000000000000, 3.823144357995380600E-015, -6.937500000000032000 ) ) ;
#147 = CARTESIAN_POINT ( 'NONE',  ( 3.999999999999999100, -1.656854249492382600, -14.98437500000001800 ) ) ;
#148 = CARTESIAN_POINT ( 'NONE',  ( 3.188101183952083400, 1.320554748610675500, -11.70312500000002500 ) ) ;
#149 = CARTESIAN_POINT ( 'NONE',  ( 2.254327966281381500, 2.254327966281376700, -1.625000000000046600 ) ) ;
#150 = CARTESIAN_POINT ( 'NONE',  ( 2.828427124746189800, -2.828427124746190700, -15.21875000000001400 ) ) ;
#151 = CARTESIAN_POINT ( 'NONE',  ( 3.188101183952083900, 4.597828134313024000E-015, -1.781250000000046600 ) ) ;
#152 = AXIS2_PLACEMENT_3D ( 'NONE', #4870, #3096, #504 ) ;
#153 = LINE ( 'NONE', #4176, #2571 ) ;
#154 = CARTESIAN_POINT ( 'NONE',  ( 0.9501487722898796000, -4.687415225147666400, 3.811199603341277600 ) ) ;
#155 = CARTESIAN_POINT ( 'NONE',  ( -4.898587196589413800E-016, -4.000000000000000000, -4.125000000000038200 ) ) ;
#156 = DIRECTION ( 'NONE',  ( -1.000000000000000000, 0.0000000000000000000, 0.0000000000000000000 ) ) ;
#157 = CARTESIAN_POINT ( 'NONE',  ( -1.656854249492381200, -4.000000000000000000, -9.203125000000028400 ) ) ;
#158 = CARTESIAN_POINT ( 'NONE',  ( 2.828427124746188500, -2.828427124746192100, -13.81250000000002100 ) ) ;
#159 = EDGE_CURVE ( 'NONE', #4126, #3638, #2361, .T. ) ;
#160 = CYLINDRICAL_SURFACE ( 'NONE', #4160, 3.188101183952083900 ) ;
#161 = DIRECTION ( 'NONE',  ( 0.0000000000000000000, -0.08715574274765836000, -0.9961946980917455500 ) ) ;
#162 = ORIENTED_EDGE ( 'NONE', *, *, #61, .F. ) ;
#163 = CARTESIAN_POINT ( 'NONE',  ( 0.0000000000000000000, 0.0000000000000000000, 0.7500000000000123200 ) ) ;
#164 = CARTESIAN_POINT ( 'NONE',  ( -3.188101183952083900, -1.320554748610674600, -3.578125000000043100 ) ) ;
#165 = ORIENTED_EDGE ( 'NONE', *, *, #2657, .T. ) ;
#166 = EDGE_CURVE ( 'NONE', #1359, #3538, #2258, .T. ) ;
#167 = CARTESIAN_POINT ( 'NONE',  ( -4.000000000000000000, 1.516798830996750800E-016, -14.43750000000001600 ) ) ;
#168 = CARTESIAN_POINT ( 'NONE',  ( 1.320554748610675200, -3.188101183952083900, -10.92187500000002300 ) ) ;
#169 = CARTESIAN_POINT ( 'NONE',  ( 1.656854249492382600, 3.999999999999999100, -11.07812500000002300 ) ) ;
#170 = CARTESIAN_POINT ( 'NONE',  ( -1.320554748610666800, -3.188101183952087000, -8.421875000000030200 ) ) ;
#171 = CARTESIAN_POINT ( 'NONE',  ( -4.000000000000000000, -1.656854249492380400, -3.109375000000042600 ) ) ;
#172 = DIRECTION ( 'NONE',  ( 1.000000000000000000, 0.0000000000000000000, 0.0000000000000000000 ) ) ;
#173 = DIRECTION ( 'NONE',  ( -0.3826834323650962200, 0.9238795325112840700, 0.0000000000000000000 ) ) ;
#174 = EDGE_CURVE ( 'NONE', #4604, #4921, #3804, .T. ) ;
#175 = CARTESIAN_POINT ( 'NONE',  ( 2.254327966281379300, 2.254327966281378900, -5.531250000000036400 ) ) ;
#176 = ORIENTED_EDGE ( 'NONE', *, *, #2575, .F. ) ;
#177 = ORIENTED_EDGE ( 'NONE', *, *, #328, .F. ) ;
#178 = DIRECTION ( 'NONE',  ( 0.0000000000000000000, -1.000000000000000000, 0.0000000000000000000 ) ) ;
#179 = CARTESIAN_POINT ( 'NONE',  ( 4.000000000000000000, -1.773063930699803500E-014, -7.562500000000031100 ) ) ;
#180 = CARTESIAN_POINT ( 'NONE',  ( -3.188101183952083900, 1.320554748610674800, -4.984375000000037300 ) ) ;
#181 = ORIENTED_EDGE ( 'NONE', *, *, #4761, .F. ) ;
#182 = ORIENTED_EDGE ( 'NONE', *, *, #4761, .T. ) ;
#183 = CARTESIAN_POINT ( 'NONE',  ( 1.656854249492379700, -4.000000000000000900, -12.79687500000002000 ) ) ;
#184 = CARTESIAN_POINT ( 'NONE',  ( -3.188101183952083900, 3.028215478597698500E-015, -7.406250000000032900 ) ) ;
#185 = CARTESIAN_POINT ( 'NONE',  ( 4.000000000000000000, -1.381176954972650700E-014, -12.56250000000002000 ) ) ;
#186 = CARTESIAN_POINT ( 'NONE',  ( 1.656854249492383200, 3.999999999999999100, -4.828125000000039100 ) ) ;
#187 = CARTESIAN_POINT ( 'NONE',  ( -2.254327966281380700, 2.254327966281377500, -2.718750000000044000 ) ) ;
#188 = AXIS2_PLACEMENT_3D ( 'NONE', #4995, #718, #3744 ) ;
#189 = CARTESIAN_POINT ( 'NONE',  ( -0.9666666666666829900, 4.735680169380806600, 4.000000000000000000 ) ) ;
#190 = LINE ( 'NONE', #1311, #2217 ) ;
#191 = B_SPLINE_CURVE_WITH_KNOTS ( 'NONE', 3,
 ( #2988, #3862, #2131, #4696, #776, #1269, #2964, #2095, #5142, #5199, #3400, #4301, #3800, #1218, #4756, #5128, #5566, #5584, #4236, #5602, #354, #3379, #793, #1236, #822, #1253, #4279, #1683, #884, #1309, #925, #1747, #5288, #4823 ),
 .UNSPECIFIED., .F., .F.,
 ( 4, 2, 2, 2, 2, 2, 2, 2, 2, 2, 2, 2, 2, 2, 2, 2, 4 ),
 ( 0.003090243983997397800, 0.003814417574367336700, 0.004538591164737275700, 0.005262764755107214200, 0.005986938345477152800, 0.006711111935847091300, 0.007435285526217029800, 0.008159459116586968400, 0.008883632706956906900, 0.009607806297326845400, 0.01033197988769678400, 0.01105615347806672400, 0.01178032706843666300, 0.01250450065880660100, 0.01322867424917654000, 0.01395284783954647800, 0.01467702142991641700 ),
 .UNSPECIFIED. ) ;
#192 = CARTESIAN_POINT ( 'NONE',  ( -1.320554748610675200, -3.188101183952083900, -3.578125000000043100 ) ) ;
#193 = EDGE_CURVE ( 'NONE', #4082, #717, #761, .T. ) ;
#194 = CARTESIAN_POINT ( 'NONE',  ( -2.828427124746171600, 2.828427124746208900, -1.937500000000046900 ) ) ;
#195 = DIRECTION ( 'NONE',  ( 1.000000000000000000, 0.0000000000000000000, 0.0000000000000000000 ) ) ;
#196 = ORIENTED_EDGE ( 'NONE', *, *, #4209, .F. ) ;
#197 = CARTESIAN_POINT ( 'NONE',  ( 3.188101183952083400, 1.320554748610675500, -7.953125000000032000 ) ) ;
#198 = CARTESIAN_POINT ( 'NONE',  ( 0.9453181673903707800, 2.341951040185846100, 1.547174682172032900 ) ) ;
#199 = VERTEX_POINT ( 'NONE', #2557 ) ;
#200 = CARTESIAN_POINT ( 'NONE',  ( -4.000000000000000000, 1.516798830996750800E-016, -5.687500000000036400 ) ) ;
#201 = VERTEX_POINT ( 'NONE', #830 ) ;
#202 = CARTESIAN_POINT ( 'NONE',  ( -6.110772408088341700, 7.483537869883350800E-016, 5.139227591911661900 ) ) ;
#203 = DATE_AND_TIME ( #2839, #2966 ) ;
#204 = EDGE_LOOP ( 'NONE', ( #962, #3153, #2493, #1176 ) ) ;
#205 = ORIENTED_EDGE ( 'NONE', *, *, #4418, .T. ) ;
#206 =( BOUNDED_CURVE ( )  B_SPLINE_CURVE ( 2, ( #1072, #1938, #1537, #5017, #4137, #1502, #5465, #4532, #3227 ),
 .UNSPECIFIED., .F., .T. ) 
 B_SPLINE_CURVE_WITH_KNOTS ( ( 3, 2, 2, 2, 3 ),
 ( 0.3452380952380952300, 0.3511904761904761600, 0.3571428571428571500, 0.3630952380952380800, 0.3690476190476190700 ),
 .UNSPECIFIED. ) 
 CURVE ( )  GEOMETRIC_REPRESENTATION_ITEM ( )  RATIONAL_B_SPLINE_CURVE ( ( 1.000000000000000000, 0.9238795325112867400, 1.000000000000000000, 0.9238795325112867400, 1.000000000000000000, 0.9238795325112867400, 1.000000000000000000, 0.9238795325112867400, 1.000000000000000000 ) ) 
 REPRESENTATION_ITEM ( '' )  );
#207 = DIRECTION ( 'NONE',  ( -0.0000000000000000000, -0.0000000000000000000, 1.000000000000000000 ) ) ;
#208 = VERTEX_POINT ( 'NONE', #784 ) ;
#209 = CYLINDRICAL_SURFACE ( 'NONE', #4938, 3.188101183952083900 ) ;
#210 = AXIS2_PLACEMENT_3D ( 'NONE', #2301, #567, #2338 ) ;
#211 = CARTESIAN_POINT ( 'NONE',  ( 1.320554748610675500, 3.188101183952083400, -12.95312500000002000 ) ) ;
#212 = CARTESIAN_POINT ( 'NONE',  ( 2.254327966281376700, -2.254327966281381500, -10.68750000000002500 ) ) ;
#213 = CARTESIAN_POINT ( 'NONE',  ( 3.188101183952083900, -6.788941632725165100E-016, -6.781250000000033800 ) ) ;
#214 = CARTESIAN_POINT ( 'NONE',  ( 0.9666666666666966500, -2.851173418023727800, 4.000000000000000000 ) ) ;
#215 = DIRECTION ( 'NONE',  ( -0.0000000000000000000, -0.0000000000000000000, -1.000000000000000000 ) ) ;
#216 = DIRECTION ( 'NONE',  ( 0.0000000000000000000, -1.000000000000000000, 0.0000000000000000000 ) ) ;
#217 = CARTESIAN_POINT ( 'NONE',  ( 1.320554748610701700, 3.188101183952072800, -7.796875000000032900 ) ) ;
#218 = CARTESIAN_POINT ( 'NONE',  ( 2.828427124746190700, 2.828427124746189400, 0.09374999999995151100 ) ) ;
#219 = DIRECTION ( 'NONE',  ( 0.08715574274765836000, 0.0000000000000000000, 0.9961946980917455500 ) ) ;
#220 = ORIENTED_EDGE ( 'NONE', *, *, #4214, .F. ) ;
#221 = FACE_OUTER_BOUND ( 'NONE', #3314, .T. ) ;
#222 = DIRECTION ( 'NONE',  ( -1.000000000000000000, 0.0000000000000000000, 0.0000000000000000000 ) ) ;
#223 = EDGE_CURVE ( 'NONE', #4231, #5212, #2069, .T. ) ;
#224 = ORIENTED_EDGE ( 'NONE', *, *, #4956, .F. ) ;
#225 = CARTESIAN_POINT ( 'NONE',  ( -4.000000000000000000, 5.782579236631146200E-015, -4.437500000000039100 ) ) ;
#226 = CARTESIAN_POINT ( 'NONE',  ( -2.254327966281385500, -2.254327966281372700, -11.00000000000002500 ) ) ;
#227 = CARTESIAN_POINT ( 'NONE',  ( 2.254327966281379300, -2.254327966281379300, -4.437500000000039100 ) ) ;
#228 = DIRECTION ( 'NONE',  ( 1.000000000000000000, 0.0000000000000000000, 0.0000000000000000000 ) ) ;
#229 = EDGE_CURVE ( 'NONE', #4547, #5418, #3422, .T. ) ;
#230 = CARTESIAN_POINT ( 'NONE',  ( 0.0000000000000000000, 5.655958496054998300E-018, 15.31370849898476100 ) ) ;
#231 = CARTESIAN_POINT ( 'NONE',  ( -1.320554748610688300, -3.188101183952078100, -11.07812500000002500 ) ) ;
#232 = CARTESIAN_POINT ( 'NONE',  ( 1.656854249492379700, 4.000000000000000900, -14.82812500000001600 ) ) ;
#233 = CARTESIAN_POINT ( 'NONE',  ( 3.999999999999999100, -1.656854249492382600, 2.359374999999944900 ) ) ;
#234 = CARTESIAN_POINT ( 'NONE',  ( 3.188101183952083900, -6.788941632725165100E-016, -20.53125000000000400 ) ) ;
#235 = DIRECTION ( 'NONE',  ( -0.0000000000000000000, -0.0000000000000000000, -1.000000000000000000 ) ) ;
#236 = ORIENTED_EDGE ( 'NONE', *, *, #3184, .F. ) ;
#237 = EDGE_LOOP ( 'NONE', ( #1603, #3367, #1431, #1145 ) ) ;
#238 = CARTESIAN_POINT ( 'NONE',  ( 3.188101183952090100, 1.320554748610658600, -11.70312500000002500 ) ) ;
#239 = CARTESIAN_POINT ( 'NONE',  ( 0.0000000000000000000, 5.655958496054998300E-018, 15.31370849898476100 ) ) ;
#240 =( BOUNDED_CURVE ( )  B_SPLINE_CURVE ( 2, ( #3123, #1755, #5248, #2616, #19, #3058, #3486, #910, #3928 ),
 .UNSPECIFIED., .F., .F. ) 
 B_SPLINE_CURVE_WITH_KNOTS ( ( 3, 2, 2, 2, 3 ),
 ( 0.7261904761904761600, 0.7321428571428571000, 0.7380952380952381400, 0.7440476190476190700, 0.7500000000000000000 ),
 .UNSPECIFIED. ) 
 CURVE ( )  GEOMETRIC_REPRESENTATION_ITEM ( )  RATIONAL_B_SPLINE_CURVE ( ( 1.000000000000000000, 0.9238795325112867400, 1.000000000000000000, 0.9238795325112867400, 1.000000000000000000, 0.9238795325112867400, 1.000000000000000000, 0.9238795325112867400, 1.000000000000000000 ) ) 
 REPRESENTATION_ITEM ( '' )  );
#241 = CARTESIAN_POINT ( 'NONE',  ( -1.954483033543058300E-015, -4.000000000000000000, -0.3750000000000489100 ) ) ;
#242 = VECTOR ( 'NONE', #4839, 1000.000000000000000 ) ;
#243 = CARTESIAN_POINT ( 'NONE',  ( 3.436571510210769900E-014, 3.188101183952083900, -2.718750000000044000 ) ) ;
#244 = CARTESIAN_POINT ( 'NONE',  ( -2.254327966281379300, -2.254327966281379300, 0.2499999999999481800 ) ) ;
#245 = CARTESIAN_POINT ( 'NONE',  ( -0.8958160594109133600, -4.064772864836419900, 3.190173853384665300 ) ) ;
#246 = AXIS2_PLACEMENT_3D ( 'NONE', #3140, #2220, #2664 ) ;
#247 = FACE_OUTER_BOUND ( 'NONE', #4569, .T. ) ;
#248 = DIRECTION ( 'NONE',  ( 0.0000000000000000000, 0.0000000000000000000, 1.000000000000000000 ) ) ;
#249 = CARTESIAN_POINT ( 'NONE',  ( -2.254327966281381500, 2.254327966281376700, -5.218750000000039100 ) ) ;
#250 = CARTESIAN_POINT ( 'NONE',  ( 0.0000000000000000000, -9.324947672979560100E-017, -21.00000000000000000 ) ) ;
#251 = CARTESIAN_POINT ( 'NONE',  ( -4.000000000000000000, 1.656854249492381000, 0.4843749999999501500 ) ) ;
#252 = CARTESIAN_POINT ( 'NONE',  ( -3.188101183952083900, -9.522284963014628900E-017, -12.56250000000002100 ) ) ;
#253 = EDGE_CURVE ( 'NONE', #5212, #4295, #4148, .T. ) ;
#254 = EDGE_LOOP ( 'NONE', ( #892, #3843, #137, #3935 ) ) ;
#255 = FACE_OUTER_BOUND ( 'NONE', #5139, .T. ) ;
#256 = CARTESIAN_POINT ( 'NONE',  ( -3.188101183952084700, -1.320554748610670800, -13.57812500000002100 ) ) ;
#257 = ORIENTED_EDGE ( 'NONE', *, *, #1917, .F. ) ;
#258 = ORIENTED_EDGE ( 'NONE', *, *, #2533, .T. ) ;
#259 = VECTOR ( 'NONE', #273, 1000.000000000000000 ) ;
#260 = EDGE_CURVE ( 'NONE', #1934, #3386, #3742, .T. ) ;
#261 = ORIENTED_EDGE ( 'NONE', *, *, #1574, .F. ) ;
#262 = CARTESIAN_POINT ( 'NONE',  ( -4.000000000000000000, -3.034877717229796700E-015, -16.78125000000001400 ) ) ;
#263 = CARTESIAN_POINT ( 'NONE',  ( 3.188101183952083000, -1.320554748610676600, -0.6093750000000474100 ) ) ;
#264 = CARTESIAN_POINT ( 'NONE',  ( 1.320554748610674800, -3.188101183952083900, -19.51562500000000400 ) ) ;
#265 = CARTESIAN_POINT ( 'NONE',  ( -3.188101183952083900, 2.802361559602185900E-014, -3.656250000000041300 ) ) ;
#266 = VERTEX_POINT ( 'NONE', #5116 ) ;
#267 = DIRECTION ( 'NONE',  ( -1.000000000000000000, 0.0000000000000000000, 0.0000000000000000000 ) ) ;
#269 = CARTESIAN_POINT ( 'NONE',  ( -3.188101183952083900, 1.663684582898367500E-015, -18.65625000000000700 ) ) ;
#268 = CARTESIAN_POINT ( 'NONE',  ( 0.5206546642638387700, -3.145299330699225000, -0.8118988160479129200 ) ) ;
#270 = LINE ( 'NONE', #4401, #687 ) ;
#271 = CARTESIAN_POINT ( 'NONE',  ( 2.828427124746189800, -2.828427124746190700, -0.2187500000000487700 ) ) ;
#272 = EDGE_CURVE ( 'NONE', #1103, #4573, #5060, .T. ) ;
#273 = DIRECTION ( 'NONE',  ( -0.0000000000000000000, -0.0000000000000000000, -1.000000000000000000 ) ) ;
#274 =( BOUNDED_CURVE ( )  B_SPLINE_CURVE ( 2, ( #2393, #4991, #5467, #232, #2359, #679, #1088, #5433, #3700 ),
 .UNSPECIFIED., .F., .T. ) 
 B_SPLINE_CURVE_WITH_KNOTS ( ( 3, 2, 2, 2, 3 ),
 ( 0.2261904761904762200, 0.2321428571428571800, 0.2380952380952380800, 0.2440476190476190400, 0.2500000000000000000 ),
 .UNSPECIFIED. ) 
 CURVE ( )  GEOMETRIC_REPRESENTATION_ITEM ( )  RATIONAL_B_SPLINE_CURVE ( ( 0.9999999999999996700, 0.9238795325112870700, 1.000000000000000000, 0.9238795325112867400, 1.000000000000000000, 0.9238795325112867400, 1.000000000000000000, 0.9238795325112867400, 1.000000000000000000 ) ) 
 REPRESENTATION_ITEM ( '' )  );
#275 = CARTESIAN_POINT ( 'NONE',  ( 4.000000000000000000, 5.792482926816559800E-015, -2.406250000000047100 ) ) ;
#276 = VECTOR ( 'NONE', #5091, 1000.000000000000200 ) ;
#277 = CARTESIAN_POINT ( 'NONE',  ( 4.000000000000000000, -2.360894394290533100E-014, -1.156250000000049500 ) ) ;
#278 = AXIS2_PLACEMENT_3D ( 'NONE', #5427, #589, #178 ) ;
#279 = CARTESIAN_POINT ( 'NONE',  ( -2.254327966281369100, 2.254327966281389100, -12.71875000000002100 ) ) ;
#280 = CARTESIAN_POINT ( 'NONE',  ( -3.188101183952083900, -1.320554748610674600, -4.984375000000037300 ) ) ;
#281 = CARTESIAN_POINT ( 'NONE',  ( -4.000000000000000000, 5.655958496054998300E-018, 15.31370849898476100 ) ) ;
#282 = CARTESIAN_POINT ( 'NONE',  ( 5.998263823987151000E-032, 3.188101183952083900, -1.468750000000046400 ) ) ;
#283 = CIRCLE ( 'NONE', #653, 4.000000000000000000 ) ;
#284 = ORIENTED_EDGE ( 'NONE', *, *, #4567, .T. ) ;
#286 = CARTESIAN_POINT ( 'NONE',  ( -3.188101183952083900, 4.589934642711620200E-015, -5.062500000000039100 ) ) ;
#285 = CARTESIAN_POINT ( 'NONE',  ( -1.320554748610666600, 3.188101183952087900, -15.14062500000001600 ) ) ;
#287 = CARTESIAN_POINT ( 'NONE',  ( 1.320554748610668800, -3.188101183952085600, -0.9218750000000475200 ) ) ;
#288 = ORIENTED_EDGE ( 'NONE', *, *, #4325, .T. ) ;
#289 = CARTESIAN_POINT ( 'NONE',  ( 3.999999999999999100, -1.656854249492382600, 1.109374999999950700 ) ) ;
#290 = DIRECTION ( 'NONE',  ( -0.0000000000000000000, -0.0000000000000000000, -1.000000000000000000 ) ) ;
#291 = CARTESIAN_POINT ( 'NONE',  ( -4.000000000000000000, -4.014595156547679100E-015, -16.93750000000001100 ) ) ;
#292 = EDGE_CURVE ( 'NONE', #4523, #3307, #348, .T. ) ;
#293 = CARTESIAN_POINT ( 'NONE',  ( -0.9453181673903542400, -2.341951040185852300, 1.547174682172032700 ) ) ;
#294 = CARTESIAN_POINT ( 'NONE',  ( 5.998263823987151000E-032, 3.188101183952083900, -6.625000000000035500 ) ) ;
#295 = CARTESIAN_POINT ( 'NONE',  ( 1.029597862899279000, -3.805509664895127200, -20.12862894251685500 ) ) ;
#296 = CARTESIAN_POINT ( 'NONE',  ( -1.320554748610675200, -3.188101183952083900, 1.578124999999947600 ) ) ;
#297 = CARTESIAN_POINT ( 'NONE',  ( 0.9666666666667160800, -4.735680169380800400, 4.000000000000000000 ) ) ;
#298 = VERTEX_POINT ( 'NONE', #275 ) ;
#299 = ORIENTED_EDGE ( 'NONE', *, *, #2373, .T. ) ;
#300 = CARTESIAN_POINT ( 'NONE',  ( 4.000000000000000000, -1.185233467109074100E-014, -15.06250000000001400 ) ) ;
#301 = CARTESIAN_POINT ( 'NONE',  ( 3.999999999999998200, -1.656854249492384100, -18.89062500000000400 ) ) ;
#302 = CARTESIAN_POINT ( 'NONE',  ( -1.656854249492380800, 4.000000000000000000, 4.078124999999943200 ) ) ;
#303 = EDGE_LOOP ( 'NONE', ( #5254, #182, #2063, #5452 ) ) ;
#304 = ORIENTED_EDGE ( 'NONE', *, *, #3606, .F. ) ;
#305 = CARTESIAN_POINT ( 'NONE',  ( 0.0000000000000000000, -4.077054872988260600E-017, -20.87439881604791800 ) ) ;
#306 = CARTESIAN_POINT ( 'NONE',  ( 3.999999999999968900, -1.656854249492421700, -1.234375000000049300 ) ) ;
#307 = AXIS2_PLACEMENT_3D ( 'NONE', #3446, #1636, #5164 ) ;
#308 = CARTESIAN_POINT ( 'NONE',  ( 3.999999999999995600, -1.656854249492389700, -12.48437500000002500 ) ) ;
#309 = CARTESIAN_POINT ( 'NONE',  ( 3.567521022652552400, -1.809086441531218400, 0.0000000000000000000 ) ) ;
#310 = CARTESIAN_POINT ( 'NONE',  ( -2.254327966281379300, 2.254327966281379300, -3.968750000000041700 ) ) ;
#311 = CARTESIAN_POINT ( 'NONE',  ( 1.997353366800402400, -3.438017689647038900, -20.09473566139076100 ) ) ;
#312 = VECTOR ( 'NONE', #2534, 1000.000000000000000 ) ;
#313 = CARTESIAN_POINT ( 'NONE',  ( 1.320554748610674100, -3.188101183952084700, 0.4843749999999501500 ) ) ;
#314 = CARTESIAN_POINT ( 'NONE',  ( 3.188101183952082500, -1.320554748610678800, -18.10937500000001100 ) ) ;
#315 = AXIS2_PLACEMENT_3D ( 'NONE', #163, #5428, #2355 ) ;
#316 = ORIENTED_EDGE ( 'NONE', *, *, #530, .T. ) ;
#317 = CARTESIAN_POINT ( 'NONE',  ( 4.000000000000000000, -1.283205211040862200E-014, -13.81250000000001800 ) ) ;
#318 = CARTESIAN_POINT ( 'NONE',  ( -3.188101183952083900, -2.437801595801029900E-015, -16.15625000000001400 ) ) ;
#319 = VERTEX_POINT ( 'NONE', #4190 ) ;
#320 = VECTOR ( 'NONE', #1761, 1000.000000000000000 ) ;
#321 = CARTESIAN_POINT ( 'NONE',  ( 1.309756779131196100, -1.309756779131168800, 0.8807309842807565800 ) ) ;
#322 = CARTESIAN_POINT ( 'NONE',  ( 3.999999999999999100, -1.656854249492382600, 4.859374999999941400 ) ) ;
#323 = EDGE_CURVE ( 'NONE', #2255, #2561, #4926, .T. ) ;
#324 = VERTEX_POINT ( 'NONE', #2439 ) ;
#325 = ORIENTED_EDGE ( 'NONE', *, *, #1454, .T. ) ;
#326 = FACE_OUTER_BOUND ( 'NONE', #960, .T. ) ;
#327 = ORIENTED_EDGE ( 'NONE', *, *, #2043, .T. ) ;
#328 = EDGE_CURVE ( 'NONE', #2334, #2758, #5319, .T. ) ;
#329 = CARTESIAN_POINT ( 'NONE',  ( -2.254327966281379300, -2.254327966281379300, -2.406250000000044000 ) ) ;
#330 = ORIENTED_EDGE ( 'NONE', *, *, #122, .F. ) ;
#331 = B_SPLINE_CURVE_WITH_KNOTS ( 'NONE', 3,
 ( #3842, #3886, #2223, #4367 ),
 .UNSPECIFIED., .F., .F.,
 ( 4, 4 ),
 ( 0.0000000000000000000, 0.0001955707939723178000 ),
 .UNSPECIFIED. ) ;
#332 = CARTESIAN_POINT ( 'NONE',  ( -0.9611606702530304200, 4.719593279364795900, 3.937066173013136400 ) ) ;
#333 = ORIENTED_EDGE ( 'NONE', *, *, #3485, .T. ) ;
#334 = CARTESIAN_POINT ( 'NONE',  ( 0.0000000000000000000, 5.655958496054998300E-018, 15.31370849898476100 ) ) ;
#335 = CARTESIAN_POINT ( 'NONE',  ( -1.171289373085441700E-015, -3.188101183952083900, -19.59375000000000700 ) ) ;
#336 = VECTOR ( 'NONE', #2469, 1000.000000000000000 ) ;
#337 = CARTESIAN_POINT ( 'NONE',  ( 4.000000000000000000, -1.577120442836226900E-014, -10.06250000000002700 ) ) ;
#338 = CARTESIAN_POINT ( 'NONE',  ( 4.833333333333332100, 3.252606517456513300E-016, 4.000000000000000000 ) ) ;
#339 = CARTESIAN_POINT ( 'NONE',  ( 1.656854249492379700, -4.000000000000000900, -10.14062500000003000 ) ) ;
#340 = CARTESIAN_POINT ( 'NONE',  ( 3.188101183952083900, -1.336983574459848800E-014, -9.437500000000028400 ) ) ;
#341 = CARTESIAN_POINT ( 'NONE',  ( 5.998263823987151000E-032, 4.000000000000000000, 3.999999999999944500 ) ) ;
#342 = EDGE_CURVE ( 'NONE', #2584, #3358, #3147, .T. ) ;
#343 = CARTESIAN_POINT ( 'NONE',  ( 0.0000000000000000000, 5.655958496054998300E-018, 15.31370849898476100 ) ) ;
#344 = CARTESIAN_POINT ( 'NONE',  ( -3.188101183952084700, -1.320554748610670800, -13.73437500000002000 ) ) ;
#345 = CARTESIAN_POINT ( 'NONE',  ( 2.422672154428861200, -2.142358858301542000, -20.84773998261624700 ) ) ;
#346 = EDGE_LOOP ( 'NONE', ( #2483, #4080, #2837, #747 ) ) ;
#347 = CARTESIAN_POINT ( 'NONE',  ( 1.320554748610676800, 3.188101183952083000, -1.703125000000044900 ) ) ;
#348 = LINE ( 'NONE', #2472, #3683 ) ;
#349 = CARTESIAN_POINT ( 'NONE',  ( 2.254327966281358900, -2.254327966281399300, -6.937500000000033800 ) ) ;
#350 = CARTESIAN_POINT ( 'NONE',  ( -3.904297910284806600E-016, -3.188101183952083900, 4.156249999999941400 ) ) ;
#351 = CARTESIAN_POINT ( 'NONE',  ( -2.828427124746177400, 2.828427124746202700, -13.18750000000002100 ) ) ;
#352 = ORIENTED_EDGE ( 'NONE', *, *, #3332, .F. ) ;
#354 = CARTESIAN_POINT ( 'NONE',  ( -3.526172731609337400, 1.036213490621530100, -20.39534701826934400 ) ) ;
#353 = CARTESIAN_POINT ( 'NONE',  ( -2.254327966281383300, -2.254327966281374900, -16.00000000000001400 ) ) ;
#355 = CARTESIAN_POINT ( 'NONE',  ( 3.999999999999999100, -1.656854249492382600, -9.984375000000030200 ) ) ;
#356 = CARTESIAN_POINT ( 'NONE',  ( -2.254327966281379300, -2.254327966281379300, -18.50000000000001100 ) ) ;
#357 = CARTESIAN_POINT ( 'NONE',  ( -1.320554748610665700, 3.188101183952087900, -14.04687500000001800 ) ) ;
#358 = DIRECTION ( 'NONE',  ( -0.0000000000000000000, -0.0000000000000000000, 1.000000000000000000 ) ) ;
#359 = EDGE_CURVE ( 'NONE', #3631, #3974, #5003, .T. ) ;
#360 = CARTESIAN_POINT ( 'NONE',  ( -4.000000000000000000, 1.516798830996750800E-016, -5.531250000000040000 ) ) ;
#361 = CARTESIAN_POINT ( 'NONE',  ( 1.871556275951000700, -2.580942902325641200, -20.87439881604791800 ) ) ;
#362 = ORIENTED_EDGE ( 'NONE', *, *, #5217, .F. ) ;
#363 = CARTESIAN_POINT ( 'NONE',  ( 3.188101183952084300, 1.320554748610673700, -17.95312500000001400 ) ) ;
#364 = CARTESIAN_POINT ( 'NONE',  ( -2.254327966281379300, -2.254327966281379300, -19.90625000000000700 ) ) ;
#365 = ORIENTED_EDGE ( 'NONE', *, *, #3676, .T. ) ;
#366 =( BOUNDED_CURVE ( )  B_SPLINE_CURVE ( 2, ( #1154, #5094, #5629, #4156, #4172, #1259, #1586, #397, #4287 ),
 .UNSPECIFIED., .F., .T. ) 
 B_SPLINE_CURVE_WITH_KNOTS ( ( 3, 2, 2, 2, 3 ),
 ( 0.08333333333333332900, 0.08928571428571427400, 0.09523809523809520500, 0.1011904761904761400, 0.1071428571428570700 ),
 .UNSPECIFIED. ) 
 CURVE ( )  GEOMETRIC_REPRESENTATION_ITEM ( )  RATIONAL_B_SPLINE_CURVE ( ( 1.000000000000000000, 0.9238795325112867400, 1.000000000000000000, 0.9238795325112867400, 1.000000000000000000, 0.9238795325112867400, 1.000000000000000000, 0.9238795325112876300, 0.9999999999999991100 ) ) 
 REPRESENTATION_ITEM ( '' )  );
#367 = CARTESIAN_POINT ( 'NONE',  ( 1.320554748610674100, -3.188101183952084700, 2.984374999999941800 ) ) ;
#368 = CARTESIAN_POINT ( 'NONE',  ( 1.656854249492381700, 3.999999999999999100, -13.42187500000002100 ) ) ;
#369 = FACE_OUTER_BOUND ( 'NONE', #3191, .T. ) ;
#370 = CARTESIAN_POINT ( 'NONE',  ( -4.000000000000000000, -4.014595156547679100E-015, -18.03125000000001400 ) ) ;
#371 = CARTESIAN_POINT ( 'NONE',  ( -2.186801504339561700E-014, -3.188101183952083900, -4.750000000000039100 ) ) ;
#372 = CARTESIAN_POINT ( 'NONE',  ( -4.000000000000000000, -1.656854249492380400, -9.203125000000032000 ) ) ;
#373 = CARTESIAN_POINT ( 'NONE',  ( -2.939647502462918100E-014, -4.000000000000000000, -1.625000000000043100 ) ) ;
#374 = CARTESIAN_POINT ( 'NONE',  ( 5.998263823987151000E-032, 3.188101183952083900, -20.21875000000000400 ) ) ;
#375 = VECTOR ( 'NONE', #4179, 1000.000000000000100 ) ;
#376 = CARTESIAN_POINT ( 'NONE',  ( -4.000000000000000000, 2.111114761735440400E-015, -19.28125000000000700 ) ) ;
#377 = CARTESIAN_POINT ( 'NONE',  ( 1.320554748610676600, -3.188101183952083000, -13.42187500000002100 ) ) ;
#378 = AXIS2_PLACEMENT_3D ( 'NONE', #5655, #358, #1204 ) ;
#379 = CARTESIAN_POINT ( 'NONE',  ( 4.000000000000000000, -8.280375562182076100E-016, -7.406250000000034600 ) ) ;
#380 = ORIENTED_EDGE ( 'NONE', *, *, #2222, .T. ) ;
#381 = LINE ( 'NONE', #1822, #320 ) ;
#382 = CARTESIAN_POINT ( 'NONE',  ( 1.664724691316705800, 3.016348878154716300, -20.62174237245531600 ) ) ;
#383 = CARTESIAN_POINT ( 'NONE',  ( -3.188101183952083900, 1.320554748610674800, -17.64062500000001100 ) ) ;
#384 = CARTESIAN_POINT ( 'NONE',  ( 2.592220929356283700, -1.855904041841583100, -0.8118988160479133600 ) ) ;
#385 = ORIENTED_EDGE ( 'NONE', *, *, #2780, .T. ) ;
#386 = DIRECTION ( 'NONE',  ( 1.000000000000000000, 0.0000000000000000000, 0.0000000000000000000 ) ) ;
#387 = CARTESIAN_POINT ( 'NONE',  ( -1.656854249492365000, 4.000000000000006200, -8.421875000000030200 ) ) ;
#388 = ORIENTED_EDGE ( 'NONE', *, *, #3272, .F. ) ;
#389 = EDGE_LOOP ( 'NONE', ( #574, #1221, #1216, #4782 ) ) ;
#390 = DIRECTION ( 'NONE',  ( -0.0000000000000000000, -0.0000000000000000000, -1.000000000000000000 ) ) ;
#391 = CARTESIAN_POINT ( 'NONE',  ( 4.000000000000000000, -8.280375562182076100E-016, -8.656250000000032000 ) ) ;
#392 = CARTESIAN_POINT ( 'NONE',  ( -3.188101183952083900, -1.320554748610674600, -13.57812500000002100 ) ) ;
#393 = VERTEX_POINT ( 'NONE', #5014 ) ;
#394 = EDGE_CURVE ( 'NONE', #5432, #1604, #1710, .T. ) ;
#395 = VERTEX_POINT ( 'NONE', #4562 ) ;
#396 = CARTESIAN_POINT ( 'NONE',  ( -3.999999999999986200, 1.656854249492396800, -17.01562500000001400 ) ) ;
#397 = CARTESIAN_POINT ( 'NONE',  ( -3.999999999999983600, 1.656854249492398800, -18.26562500000000700 ) ) ;
#398 = VECTOR ( 'NONE', #2485, 1000.000000000000000 ) ;
#399 = DIRECTION ( 'NONE',  ( -0.0000000000000000000, -0.0000000000000000000, 1.000000000000000000 ) ) ;
#400 = CARTESIAN_POINT ( 'NONE',  ( 2.828427124746189800, -2.828427124746190700, -3.812500000000041700 ) ) ;
#401 = ADVANCED_FACE ( 'NONE', ( #5190 ), #2374, .T. ) ;
#402 = EDGE_CURVE ( 'NONE', #1441, #659, #2580, .T. ) ;
#403 = CARTESIAN_POINT ( 'NONE',  ( 4.000000000000000000, -1.577120442836226900E-014, -10.06250000000002700 ) ) ;
#404 = CARTESIAN_POINT ( 'NONE',  ( 2.254327966281379300, -2.254327966281379300, -19.59375000000000700 ) ) ;
#405 = CARTESIAN_POINT ( 'NONE',  ( 3.188101183952083000, -1.320554748610676600, -0.7656250000000475200 ) ) ;
#406 =( BOUNDED_CURVE ( )  B_SPLINE_CURVE ( 2, ( #805, #1713, #3825 ),
 .UNSPECIFIED., .F., .F. ) 
 B_SPLINE_CURVE_WITH_KNOTS ( ( 3, 3 ),
 ( 0.7976190476190475600, 0.8000218139073438400 ),
 .UNSPECIFIED. ) 
 CURVE ( )  GEOMETRIC_REPRESENTATION_ITEM ( )  RATIONAL_B_SPLINE_CURVE ( ( 1.000000000000001300, 0.9692728515539543700, 0.9633526356655761600 ) ) 
 REPRESENTATION_ITEM ( '' )  );
#407 = DIRECTION ( 'NONE',  ( 0.01733375049386113400, -0.08714264840443947100, 0.9960450290638855900 ) ) ;
#408 = CARTESIAN_POINT ( 'NONE',  ( 2.828427124746186700, 2.828427124746193400, -14.75000000000001800 ) ) ;
#409 = ORIENTED_EDGE ( 'NONE', *, *, #1081, .F. ) ;
#411 = CARTESIAN_POINT ( 'NONE',  ( 3.188101183952087900, -1.320554748610664100, -4.515625000000041700 ) ) ;
#410 = CARTESIAN_POINT ( 'NONE',  ( 2.254327966281378900, -2.254327966281379300, -15.68750000000001400 ) ) ;
#412 = CARTESIAN_POINT ( 'NONE',  ( 2.828427124746190700, 2.828427124746189400, -11.00000000000002700 ) ) ;
#413 = CARTESIAN_POINT ( 'NONE',  ( 4.000000000000000000, -1.969007418563379700E-014, -5.062500000000035500 ) ) ;
#414 = CARTESIAN_POINT ( 'NONE',  ( -3.188101183952083900, 1.320554748610674800, -14.98437500000001400 ) ) ;
#415 = VERTEX_POINT ( 'NONE', #143 ) ;
#416 = DIRECTION ( 'NONE',  ( 1.000000000000000000, 0.0000000000000000000, 0.0000000000000000000 ) ) ;
#417 = ORIENTED_EDGE ( 'NONE', *, *, #3716, .T. ) ;
#418 = VECTOR ( 'NONE', #1551, 999.9999999999998900 ) ;
#419 = CARTESIAN_POINT ( 'NONE',  ( 1.656854249492383200, 3.999999999999999100, -7.171875000000036400 ) ) ;
#420 = CARTESIAN_POINT ( 'NONE',  ( -1.320554748610674800, 3.188101183952083900, -16.54687500000001400 ) ) ;
#421 = CARTESIAN_POINT ( 'NONE',  ( -2.254327966281379300, 2.254327966281379300, 2.281249999999943200 ) ) ;
#422 = DIRECTION ( 'NONE',  ( -0.0000000000000000000, -0.0000000000000000000, -1.000000000000000000 ) ) ;
#423 = CARTESIAN_POINT ( 'NONE',  ( -0.5016120939946078200, -3.148392362186617000, -20.87439881604805300 ) ) ;
#424 = DIRECTION ( 'NONE',  ( 1.000000000000000000, 0.0000000000000000000, 0.0000000000000000000 ) ) ;
#425 = EDGE_CURVE ( 'NONE', #5462, #1276, #4044, .T. ) ;
#427 = PLANE ( 'NONE',  #2661 ) ;
#426 = CARTESIAN_POINT ( 'NONE',  ( 5.883256481000001800E-015, -4.000000000000000000, -10.37500000000002500 ) ) ;
#428 = ADVANCED_FACE ( 'NONE', ( #1529 ), #2178, .T. ) ;
#429 = ADVANCED_FACE ( 'NONE', ( #221 ), #4690, .T. ) ;
#430 = CARTESIAN_POINT ( 'NONE',  ( -1.656854249492381200, -4.000000000000000000, -20.29687500000000700 ) ) ;
#431 = CARTESIAN_POINT ( 'NONE',  ( 1.320554748610675500, -3.188101183952083400, -12.01562500000002300 ) ) ;
#432 = ORIENTED_EDGE ( 'NONE', *, *, #702, .F. ) ;
#433 = CARTESIAN_POINT ( 'NONE',  ( 3.188101183952083400, 1.320554748610675500, -17.95312500000001800 ) ) ;
#434 = ORIENTED_EDGE ( 'NONE', *, *, #735, .T. ) ;
#435 = CARTESIAN_POINT ( 'NONE',  ( 4.000000000000033800, 1.656854249492330000, -3.578125000000044400 ) ) ;
#436 = CARTESIAN_POINT ( 'NONE',  ( -2.580503193242650100, -0.8653997344440864700, 1.746685699450584600 ) ) ;
#437 = EDGE_CURVE ( 'NONE', #864, #1188, #4570, .T. ) ;
#438 = CARTESIAN_POINT ( 'NONE',  ( 0.0000000000000000000, -3.999999999999998200, -20.06250000000000400 ) ) ;
#439 = ORIENTED_EDGE ( 'NONE', *, *, #572, .F. ) ;
#440 = ORIENTED_EDGE ( 'NONE', *, *, #1910, .T. ) ;
#441 =( BOUNDED_CURVE ( )  B_SPLINE_CURVE ( 2, ( #5385, #1887, #4953, #2318, #1049, #1907, #158, #4503, #2333 ),
 .UNSPECIFIED., .F., .T. ) 
 B_SPLINE_CURVE_WITH_KNOTS ( ( 3, 2, 2, 2, 3 ),
 ( 0.2976190476190476200, 0.3035714285714285500, 0.3095238095238095300, 0.3154761904761904100, 0.3214285714285714000 ),
 .UNSPECIFIED. ) 
 CURVE ( )  GEOMETRIC_REPRESENTATION_ITEM ( )  RATIONAL_B_SPLINE_CURVE ( ( 1.000000000000000000, 0.9238795325112867400, 1.000000000000000000, 0.9238795325112867400, 1.000000000000000000, 0.9238795325112867400, 1.000000000000000000, 0.9238795325112874000, 0.9999999999999993300 ) ) 
 REPRESENTATION_ITEM ( '' )  );
#442 = CARTESIAN_POINT ( 'NONE',  ( 2.828427124746189800, -2.828427124746190700, -7.562500000000034600 ) ) ;
#443 = CARTESIAN_POINT ( 'NONE',  ( -2.302226119416940000, -3.003444664843024200, -0.2216865606446279700 ) ) ;
#444 = CARTESIAN_POINT ( 'NONE',  ( 3.188101183952083000, -1.320554748610676600, -17.01562500000001400 ) ) ;
#445 = CARTESIAN_POINT ( 'NONE',  ( 3.188101183952083000, -1.320554748610676600, 2.984374999999941800 ) ) ;
#446 = CARTESIAN_POINT ( 'NONE',  ( 1.656854249492387000, 3.999999999999997300, -6.078125000000034600 ) ) ;
#447 = CYLINDRICAL_SURFACE ( 'NONE', #4000, 4.000000000000000000 ) ;
#448 = CARTESIAN_POINT ( 'NONE',  ( 0.4789137021507625700, -3.300504097824015200, -20.73584822517318900 ) ) ;
#449 = CARTESIAN_POINT ( 'NONE',  ( 0.0000000000000000000, 5.655958496054998300E-018, 15.31370849898476100 ) ) ;
#450 = CARTESIAN_POINT ( 'NONE',  ( 1.320554748610674100, -3.188101183952084700, -12.17187500000002300 ) ) ;
#451 = EDGE_CURVE ( 'NONE', #645, #4128, #3548, .T. ) ;
#452 = CARTESIAN_POINT ( 'NONE',  ( 0.0000000000000000000, -9.324947672979560100E-017, -21.00000000000000000 ) ) ;
#453 = LINE ( 'NONE', #2868, #4240 ) ;
#454 = CARTESIAN_POINT ( 'NONE',  ( 4.000000000000000000, -8.280375562182076100E-016, -18.65625000000001100 ) ) ;
#455 = CARTESIAN_POINT ( 'NONE',  ( 3.188101183952083900, -6.788941632725165100E-016, -16.78125000000001100 ) ) ;
#456 = CARTESIAN_POINT ( 'NONE',  ( 4.000000000000000000, -2.164950906426956300E-014, -3.656250000000044900 ) ) ;
#457 = ORIENTED_EDGE ( 'NONE', *, *, #5187, .T. ) ;
#458 = VERTEX_POINT ( 'NONE', #1854 ) ;
#459 = CYLINDRICAL_SURFACE ( 'NONE', #1160, 3.188101183952083900 ) ;
#460 = CARTESIAN_POINT ( 'NONE',  ( -4.000000000000000000, 1.516798830996750800E-016, -19.43750000000000400 ) ) ;
#461 = CARTESIAN_POINT ( 'NONE',  ( 0.0000000000000000000, 5.655958496054998300E-018, 15.31370849898476100 ) ) ;
#462 = AXIS2_PLACEMENT_3D ( 'NONE', #4737, #2135, #3010 ) ;
#463 = CARTESIAN_POINT ( 'NONE',  ( 3.188101183952073200, 1.320554748610673500, -5.453125000000037300 ) ) ;
#464 = CARTESIAN_POINT ( 'NONE',  ( -1.309756779131187000, 1.309756779131177900, 0.8807309842807564700 ) ) ;
#465 = CARTESIAN_POINT ( 'NONE',  ( -4.000000000000000000, 1.516798830996750800E-016, 0.7187499999999451500 ) ) ;
#466 = ADVANCED_FACE ( 'NONE', ( #3391 ), #2418, .T. ) ;
#467 = ADVANCED_FACE ( 'NONE', ( #3068 ), #1929, .T. ) ;
#468 = CARTESIAN_POINT ( 'NONE',  ( -1.771964004443085500, -3.368285104851417500, -0.2000536316799288400 ) ) ;
#469 = CARTESIAN_POINT ( 'NONE',  ( -2.254327966281379300, 2.254327966281379300, -15.21875000000001800 ) ) ;
#470 = CARTESIAN_POINT ( 'NONE',  ( 2.254327966281379300, 2.254327966281378900, 0.7187499999999486000 ) ) ;
#471 = CARTESIAN_POINT ( 'NONE',  ( 3.188101183952083900, 7.721266462540868900E-015, -6.937500000000033800 ) ) ;
#472 = VERTEX_POINT ( 'NONE', #3562 ) ;
#473 = CARTESIAN_POINT ( 'NONE',  ( -1.656854249492398300, -3.999999999999993300, -9.203125000000026600 ) ) ;
#474 = CARTESIAN_POINT ( 'NONE',  ( 2.815533720748155700, 0.7874938090657209700, 1.952044866385984400 ) ) ;
#475 = FACE_OUTER_BOUND ( 'NONE', #3527, .T. ) ;
#476 = CARTESIAN_POINT ( 'NONE',  ( -3.188101183952083900, 1.019654187844447800E-016, -11.31250000000002500 ) ) ;
#477 = EDGE_LOOP ( 'NONE', ( #880, #5651, #3822, #3122, #1372 ) ) ;
#478 = EDGE_LOOP ( 'NONE', ( #3155, #1995, #2905, #2843 ) ) ;
#479 = CARTESIAN_POINT ( 'NONE',  ( 3.188101183952079400, -1.320554748610680100, -20.76562500000000000 ) ) ;
#480 = ORIENTED_EDGE ( 'NONE', *, *, #1118, .F. ) ;
#481 = CARTESIAN_POINT ( 'NONE',  ( 0.9629702512337043900, 3.299413408952764500, -0.5703494719086448200 ) ) ;
#482 = CARTESIAN_POINT ( 'NONE',  ( -4.000000000000000000, 1.656854249492381000, -18.10937500000001100 ) ) ;
#483 = DIRECTION ( 'NONE',  ( -0.0000000000000000000, -0.0000000000000000000, 1.000000000000000000 ) ) ;
#484 = FACE_OUTER_BOUND ( 'NONE', #2089, .T. ) ;
#485 = CARTESIAN_POINT ( 'NONE',  ( 2.254327966281379300, -2.254327966281379300, -14.43750000000001600 ) ) ;
#486 = EDGE_CURVE ( 'NONE', #3301, #629, #3322, .T. ) ;
#487 = CARTESIAN_POINT ( 'NONE',  ( -4.735680169380803900, -0.9666666666666995400, 4.000000000000000000 ) ) ;
#488 = AXIS2_PLACEMENT_3D ( 'NONE', #5198, #5642, #1728 ) ;
#489 = CARTESIAN_POINT ( 'NONE',  ( 3.999999999999999100, 1.656854249492381200, -19.98437500000000400 ) ) ;
#490 = DIRECTION ( 'NONE',  ( -0.0000000000000000000, -0.0000000000000000000, -1.000000000000000000 ) ) ;
#491 = CARTESIAN_POINT ( 'NONE',  ( 4.000000000000000000, -1.807754995536090300E-015, -19.90625000000000700 ) ) ;
#492 = CARTESIAN_POINT ( 'NONE',  ( 2.828427124746189800, -2.828427124746190700, -2.562500000000047500 ) ) ;
#493 = CARTESIAN_POINT ( 'NONE',  ( 3.188101183952083900, -6.788941632725165100E-016, -15.68750000000001400 ) ) ;
#494 = CARTESIAN_POINT ( 'NONE',  ( 1.320554748610674100, -3.188101183952084700, 0.3281249999999500400 ) ) ;
#495 = DIRECTION ( 'NONE',  ( -1.000000000000000000, 0.0000000000000000000, 0.0000000000000000000 ) ) ;
#496 = CARTESIAN_POINT ( 'NONE',  ( -3.188101183952083900, 2.646189643190794200E-014, -6.312500000000036400 ) ) ;
#497 = CARTESIAN_POINT ( 'NONE',  ( -3.904297910284806600E-016, -3.188101183952083900, -11.00000000000002500 ) ) ;
#498 = ORIENTED_EDGE ( 'NONE', *, *, #3572, .F. ) ;
#499 = FACE_OUTER_BOUND ( 'NONE', #2346, .T. ) ;
#500 = ADVANCED_FACE ( 'NONE', ( #1119 ), #5125, .T. ) ;
#501 = ADVANCED_FACE ( 'NONE', ( #641 ), #3208, .T. ) ;
#502 = DIRECTION ( 'NONE',  ( -0.0000000000000000000, -0.0000000000000000000, -1.000000000000000000 ) ) ;
#503 = CARTESIAN_POINT ( 'NONE',  ( -4.000000000000000000, 1.656854249492381000, -16.85937500000001400 ) ) ;
#504 = DIRECTION ( 'NONE',  ( 0.3826834323650866200, 0.9238795325112881800, 0.0000000000000000000 ) ) ;
#505 = CARTESIAN_POINT ( 'NONE',  ( -2.254327966281379300, -2.254327966281379300, -9.750000000000028400 ) ) ;
#506 = AXIS2_PLACEMENT_3D ( 'NONE', #1509, #4517, #5449 ) ;
#507 = CARTESIAN_POINT ( 'NONE',  ( 3.188101183952083900, -9.324947672979560100E-017, -21.00000000000000000 ) ) ;
#508 = DIRECTION ( 'NONE',  ( 1.000000000000000000, 0.0000000000000000000, 0.0000000000000000000 ) ) ;
#509 = CARTESIAN_POINT ( 'NONE',  ( 0.0000000000000000000, 3.252606517456513300E-016, 4.000000000000000000 ) ) ;
#510 = CARTESIAN_POINT ( 'NONE',  ( 2.828427124746189800, -2.828427124746190700, 1.187499999999945600 ) ) ;
#511 = CARTESIAN_POINT ( 'NONE',  ( -4.000000000000000000, 1.656854249492381000, -10.76562500000002500 ) ) ;
#512 = CARTESIAN_POINT ( 'NONE',  ( 1.656854249492378100, 4.000000000000000900, -18.42187500000001400 ) ) ;
#513 = CARTESIAN_POINT ( 'NONE',  ( -2.254327966281379300, -2.254327966281379300, 3.843749999999940900 ) ) ;
#514 = CARTESIAN_POINT ( 'NONE',  ( 3.999999999999985800, -1.656854249492399000, -14.98437500000002000 ) ) ;
#515 = CARTESIAN_POINT ( 'NONE',  ( -3.188101183952093600, -1.320554748610663700, -17.48437500000000400 ) ) ;
#516 = CARTESIAN_POINT ( 'NONE',  ( -3.188101183952083900, -1.320554748610674600, -13.73437500000002000 ) ) ;
#517 = ORIENTED_EDGE ( 'NONE', *, *, #4325, .F. ) ;
#518 = EDGE_LOOP ( 'NONE', ( #2091, #4947, #4706, #4949 ) ) ;
#519 = EDGE_CURVE ( 'NONE', #208, #65, #4997, .T. ) ;
#520 = CARTESIAN_POINT ( 'NONE',  ( 3.946745800701455100E-018, -3.188101183952083900, -3.500000000000041300 ) ) ;
#521 = CARTESIAN_POINT ( 'NONE',  ( -4.000000000000000000, 7.742014115266910900E-015, -1.937500000000043300 ) ) ;
#522 = CARTESIAN_POINT ( 'NONE',  ( -1.656854249492380800, 4.000000000000000000, -18.26562500000001400 ) ) ;
#523 = DIRECTION ( 'NONE',  ( 0.0000000000000000000, -1.000000000000000000, 0.0000000000000000000 ) ) ;
#524 = CARTESIAN_POINT ( 'NONE',  ( 3.188101183952083000, -1.320554748610676600, -10.60937500000002700 ) ) ;
#525 = CARTESIAN_POINT ( 'NONE',  ( -3.188101183952083900, 2.802361559602185900E-014, -3.812500000000041700 ) ) ;
#526 = LINE ( 'NONE', #4940, #117 ) ;
#527 = MANIFOLD_SOLID_BREP ( 'Draft2', #1062 ) ;
#528 = CARTESIAN_POINT ( 'NONE',  ( 4.000000000000000000, -8.280375562182076100E-016, -13.81250000000001800 ) ) ;
#529 = DIRECTION ( 'NONE',  ( 1.000000000000000000, 0.0000000000000000000, 0.0000000000000000000 ) ) ;
#530 = EDGE_CURVE ( 'NONE', #2953, #5391, #2935, .T. ) ;
#531 = CARTESIAN_POINT ( 'NONE',  ( -3.188101183952083900, 4.589934642711620200E-015, -4.906250000000039100 ) ) ;
#532 = CARTESIAN_POINT ( 'NONE',  ( 3.999999999999999100, -1.656854249492382600, -1.234375000000048000 ) ) ;
#533 = CYLINDRICAL_SURFACE ( 'NONE', #4925, 4.000000000000000000 ) ;
#534 = ADVANCED_FACE ( 'NONE', ( #4351 ), #759, .T. ) ;
#535 = CARTESIAN_POINT ( 'NONE',  ( 2.828427124746189800, -2.828427124746190700, -8.968750000000028400 ) ) ;
#536 = ADVANCED_FACE ( 'NONE', ( #2917 ), #3950, .T. ) ;
#537 = CARTESIAN_POINT ( 'NONE',  ( 4.266958537224728200E-016, 3.062500000000002700, -21.00000000000000000 ) ) ;
#538 = ORIENTED_EDGE ( 'NONE', *, *, #2137, .F. ) ;
#539 = CIRCLE ( 'NONE', #3595, 7.249999999999999100 ) ;
#540 = B_SPLINE_CURVE_WITH_KNOTS ( 'NONE', 3,
 ( #423, #2502, #2128, #1250 ),
 .UNSPECIFIED., .F., .F.,
 ( 4, 4 ),
 ( 2.089172460427563300E-015, 0.0005176426259253570200 ),
 .UNSPECIFIED. ) ;
#541 = CARTESIAN_POINT ( 'NONE',  ( -3.188101183952083900, 1.320554748610674800, -10.14062500000003000 ) ) ;
#542 = AXIS2_PLACEMENT_3D ( 'NONE', #4873, #551, #3807 ) ;
#543 = VERTEX_POINT ( 'NONE', #4683 ) ;
#544 = CARTESIAN_POINT ( 'NONE',  ( -4.000000000000000000, 9.701448993902676400E-015, -0.5312500000000490700 ) ) ;
#545 = CARTESIAN_POINT ( 'NONE',  ( -2.828427124746190300, -2.828427124746189800, -15.37500000000001800 ) ) ;
#546 = EDGE_LOOP ( 'NONE', ( #1175, #2038, #3729, #1470, #5015 ) ) ;
#547 = VECTOR ( 'NONE', #3232, 1000.000000000000000 ) ;
#548 = DIRECTION ( 'NONE',  ( -1.000000000000000000, 0.0000000000000000000, 0.0000000000000000000 ) ) ;
#549 = CARTESIAN_POINT ( 'NONE',  ( 5.998263823987151000E-032, 3.188101183952083900, -11.46875000000002500 ) ) ;
#550 = ORIENTED_EDGE ( 'NONE', *, *, #1410, .F. ) ;
#551 = DIRECTION ( 'NONE',  ( -0.0000000000000000000, -0.0000000000000000000, 1.000000000000000000 ) ) ;
#552 = CARTESIAN_POINT ( 'NONE',  ( -4.898587196589413800E-016, -4.000000000000000000, -14.12500000000001600 ) ) ;
#553 = LOCAL_TIME ( 10, 59, 51.00000000000000000, #3125 ) ;
#554 = CARTESIAN_POINT ( 'NONE',  ( -1.320554748610685900, -3.188101183952079000, -14.82812500000001600 ) ) ;
#555 = VERTEX_POINT ( 'NONE', #1275 ) ;
#556 = CARTESIAN_POINT ( 'NONE',  ( -1.656854249492390600, 3.999999999999995600, -5.765625000000039100 ) ) ;
#557 = CARTESIAN_POINT ( 'NONE',  ( 2.828427124746190700, 2.828427124746189400, -2.250000000000047100 ) ) ;
#558 = ORIENTED_EDGE ( 'NONE', *, *, #2881, .F. ) ;
#559 = CARTESIAN_POINT ( 'NONE',  ( -1.656854249492381200, -4.000000000000000000, -7.953125000000029300 ) ) ;
#560 = DIRECTION ( 'NONE',  ( -1.000000000000000000, 0.0000000000000000000, 0.0000000000000000000 ) ) ;
#561 = CARTESIAN_POINT ( 'NONE',  ( -1.656854249492367000, 4.000000000000005300, -12.01562500000002500 ) ) ;
#562 = CARTESIAN_POINT ( 'NONE',  ( 9.370314984683533900E-015, 3.188101183952083900, -6.625000000000035500 ) ) ;
#563 = EDGE_CURVE ( 'NONE', #37, #2008, #5269, .T. ) ;
#564 = CARTESIAN_POINT ( 'NONE',  ( 5.998263823987151000E-032, 3.188101183952083900, -21.62500000000000400 ) ) ;
#565 = CARTESIAN_POINT ( 'NONE',  ( 1.320554748610676800, 3.188101183952083000, -9.203125000000030200 ) ) ;
#566 =( BOUNDED_CURVE ( )  B_SPLINE_CURVE ( 2, ( #5415, #1924, #2345, #134, #4040, #4905, #111, #1024, #3651 ),
 .UNSPECIFIED., .F., .T. ) 
 B_SPLINE_CURVE_WITH_KNOTS ( ( 3, 2, 2, 2, 3 ),
 ( 0.03571428571428567800, 0.04166666666666665000, 0.04761904761904763000, 0.05357142857142860300, 0.05952380952380957600 ),
 .UNSPECIFIED. ) 
 CURVE ( )  GEOMETRIC_REPRESENTATION_ITEM ( )  RATIONAL_B_SPLINE_CURVE ( ( 1.000000000000000400, 0.9238795325112862900, 1.000000000000000000, 0.9238795325112867400, 1.000000000000000000, 0.9238795325112867400, 1.000000000000000000, 0.9238795325112860700, 1.000000000000000700 ) ) 
 REPRESENTATION_ITEM ( '' )  );
#567 = DIRECTION ( 'NONE',  ( 0.0000000000000000000, 0.0000000000000000000, 1.000000000000000000 ) ) ;
#568 = ADVANCED_FACE ( 'NONE', ( #2050 ), #915, .T. ) ;
#569 = DIRECTION ( 'NONE',  ( 0.3812272063696470800, 0.9203638919632269900, 0.08715574274765834600 ) ) ;
#570 = CARTESIAN_POINT ( 'NONE',  ( -2.828427124746190300, -2.828427124746189800, -14.12500000000002000 ) ) ;
#571 = CARTESIAN_POINT ( 'NONE',  ( -1.320554748610675200, -3.188101183952083900, -8.421875000000030200 ) ) ;
#572 = EDGE_CURVE ( 'NONE', #3211, #888, #766, .T. ) ;
#573 = CARTESIAN_POINT ( 'NONE',  ( 1.320554748610682800, 3.188101183952080300, -1.546875000000044900 ) ) ;
#574 = ORIENTED_EDGE ( 'NONE', *, *, #710, .F. ) ;
#575 = CARTESIAN_POINT ( 'NONE',  ( -4.898587196589413800E-016, -4.000000000000000000, -17.87500000000001100 ) ) ;
#576 = CARTESIAN_POINT ( 'NONE',  ( -1.320554748610693900, -3.188101183952075900, -2.171875000000045300 ) ) ;
#577 = LINE ( 'NONE', #2855, #4760 ) ;
#578 = CARTESIAN_POINT ( 'NONE',  ( -2.254327966281366400, 2.254327966281391800, -6.312500000000035500 ) ) ;
#579 = CARTESIAN_POINT ( 'NONE',  ( -2.828427124746189800, 2.828427124746190300, -5.843750000000034600 ) ) ;
#580 = CARTESIAN_POINT ( 'NONE',  ( -4.000000000000000000, -1.656854249492380400, 3.296874999999941800 ) ) ;
#581 = CARTESIAN_POINT ( 'NONE',  ( -4.000000000000000000, 1.656854249492381000, -9.515625000000028400 ) ) ;
#582 = VERTEX_POINT ( 'NONE', #847 ) ;
#583 = ORIENTED_EDGE ( 'NONE', *, *, #1378, .T. ) ;
#584 = FACE_OUTER_BOUND ( 'NONE', #1679, .T. ) ;
#585 = EDGE_CURVE ( 'NONE', #3011, #3638, #1717, .T. ) ;
#586 = CARTESIAN_POINT ( 'NONE',  ( 2.828427124746195200, 2.828427124746185000, -16.15625000000001100 ) ) ;
#587 = CARTESIAN_POINT ( 'NONE',  ( 4.000000000000000000, -1.773063930699803500E-014, -8.656250000000032000 ) ) ;
#588 = CARTESIAN_POINT ( 'NONE',  ( 3.188101183952083400, 1.320554748610675500, -9.359375000000030200 ) ) ;
#589 = DIRECTION ( 'NONE',  ( -0.0000000000000000000, 4.440451272847397000E-018, 1.000000000000000000 ) ) ;
#590 = DIRECTION ( 'NONE',  ( -0.0000000000000000000, -0.0000000000000000000, 1.000000000000000000 ) ) ;
#591 = CARTESIAN_POINT ( 'NONE',  ( 4.000000000000000000, -8.280375562182076100E-016, -13.65625000000002100 ) ) ;
#592 = CARTESIAN_POINT ( 'NONE',  ( 3.188101183952099400, 1.320554748610648100, -10.60937500000002500 ) ) ;
#593 = CARTESIAN_POINT ( 'NONE',  ( 1.320554748610674100, -3.188101183952084700, -9.515625000000028400 ) ) ;
#594 = AXIS2_PLACEMENT_3D ( 'NONE', #3626, #1464, #161 ) ;
#595 = CARTESIAN_POINT ( 'NONE',  ( 3.188101183952083900, 4.597828134313024000E-015, -1.781250000000046600 ) ) ;
#596 = CARTESIAN_POINT ( 'NONE',  ( 1.656854249492379700, -4.000000000000000900, -15.29687500000001800 ) ) ;
#597 = ORIENTED_EDGE ( 'NONE', *, *, #166, .F. ) ;
#598 = CARTESIAN_POINT ( 'NONE',  ( -2.851173418023731400, -0.9666666666666866600, 4.000000000000000000 ) ) ;
#599 = EDGE_LOOP ( 'NONE', ( #4893, #1570, #3723, #1830, #5355, #5405, #327, #5085, #5317, #1286, #5131, #2375, #2997, #2835, #1615, #5371, #3252, #3713, #882, #837, #857, #4497, #741, #4380, #4626, #457, #4508, #1775, #5662, #3654, #4167, #4887, #677, #2541, #5534, #2608, #5652, #5521, #3791, #1036, #181, #4957, #1228, #3396, #5274, #4824, #1613, #4669, #2156, #4049, #177, #5560, #1669, #2133, #1654, #2145, #2302, #5146, #3639, #3745, #3634, #3856, #2181, #5513, #4069, #5196, #5171, #1369, #4931, #2910, #1104, #1149 ) ) ;
#600 = CARTESIAN_POINT ( 'NONE',  ( 4.000000000000000000, -8.280375562182076100E-016, -5.062500000000035500 ) ) ;
#601 = CARTESIAN_POINT ( 'NONE',  ( 1.656854249492379700, -4.000000000000000900, 3.609374999999938700 ) ) ;
#602 = CARTESIAN_POINT ( 'NONE',  ( 2.828427124746190700, 2.828427124746189400, -7.406250000000031100 ) ) ;
#603 = AXIS2_PLACEMENT_3D ( 'NONE', #2109, #4660, #1657 ) ;
#604 = ORIENTED_EDGE ( 'NONE', *, *, #4066, .F. ) ;
#605 = EDGE_LOOP ( 'NONE', ( #1368, #1703, #4908, #3789 ) ) ;
#606 = EDGE_CURVE ( 'NONE', #5453, #5161, #1365, .T. ) ;
#607 = FACE_OUTER_BOUND ( 'NONE', #2957, .T. ) ;
#608 = CC_DESIGN_APPROVAL ( #4493, ( #802 ) ) ;
#609 =( BOUNDED_CURVE ( )  B_SPLINE_CURVE ( 2, ( #2409, #3704, #1974, #5022, #2398, #5397, #2416, #5069, #265 ),
 .UNSPECIFIED., .F., .T. ) 
 B_SPLINE_CURVE_WITH_KNOTS ( ( 3, 2, 2, 2, 3 ),
 ( 0.6547619047619047700, 0.6607142857142857000, 0.6666666666666665200, 0.6726190476190475600, 0.6785714285714284900 ),
 .UNSPECIFIED. ) 
 CURVE ( )  GEOMETRIC_REPRESENTATION_ITEM ( )  RATIONAL_B_SPLINE_CURVE ( ( 1.000000000000000000, 0.9238795325112867400, 1.000000000000000000, 0.9238795325112867400, 1.000000000000000000, 0.9238795325112867400, 1.000000000000000000, 0.9238795325112881800, 0.9999999999999985600 ) ) 
 REPRESENTATION_ITEM ( '' )  );
#610 = CARTESIAN_POINT ( 'NONE',  ( 1.656854249492349500, -4.000000000000013300, -6.546875000000034600 ) ) ;
#611 = CARTESIAN_POINT ( 'NONE',  ( -3.904297910284806600E-016, -3.188101183952083900, -4.593750000000039100 ) ) ;
#612 = FACE_OUTER_BOUND ( 'NONE', #1206, .T. ) ;
#613 = CARTESIAN_POINT ( 'NONE',  ( 4.000000000000000000, -8.280375562182076100E-016, -12.56250000000002000 ) ) ;
#614 = CARTESIAN_POINT ( 'NONE',  ( 3.999999999999985800, -1.656854249492400100, -12.64062500000002000 ) ) ;
#615 = CARTESIAN_POINT ( 'NONE',  ( -1.656854249492380800, 4.000000000000000000, -5.921875000000034600 ) ) ;
#616 = EDGE_LOOP ( 'NONE', ( #3854, #1809, #697, #2790 ) ) ;
#617 = ORIENTED_EDGE ( 'NONE', *, *, #1607, .T. ) ;
#618 = CYLINDRICAL_SURFACE ( 'NONE', #2096, 4.000000000000000000 ) ;
#619 = CARTESIAN_POINT ( 'NONE',  ( 3.188101183952090100, 1.320554748610658600, -11.85937500000002500 ) ) ;
#620 = CARTESIAN_POINT ( 'NONE',  ( 2.254327966281379300, 2.254327966281378900, -6.781250000000035500 ) ) ;
#621 = CARTESIAN_POINT ( 'NONE',  ( 1.320554748610676800, 3.188101183952083000, -5.453125000000039100 ) ) ;
#622 = AXIS2_PLACEMENT_3D ( 'NONE', #5325, #4937, #4489 ) ;
#623 = ORIENTED_EDGE ( 'NONE', *, *, #5217, .T. ) ;
#624 = CARTESIAN_POINT ( 'NONE',  ( 4.000000000000009800, 1.656854249492357300, -7.484375000000031100 ) ) ;
#625 = CYLINDRICAL_SURFACE ( 'NONE', #1876, 4.000000000000000000 ) ;
#626 = CARTESIAN_POINT ( 'NONE',  ( -3.904297910284806600E-016, -3.188101183952083900, -5.843750000000036400 ) ) ;
#627 = ORIENTED_EDGE ( 'NONE', *, *, #669, .T. ) ;
#628 = VERTEX_POINT ( 'NONE', #4740 ) ;
#629 = VERTEX_POINT ( 'NONE', #2119 ) ;
#630 = CARTESIAN_POINT ( 'NONE',  ( -4.000000000000000000, 1.656854249492381000, -12.01562500000002100 ) ) ;
#631 = CARTESIAN_POINT ( 'NONE',  ( 4.000000000000017800, -1.656854249492370600, -5.140625000000035500 ) ) ;
#632 = CARTESIAN_POINT ( 'NONE',  ( -4.000000000000000000, -1.656854249492380400, -1.859375000000044900 ) ) ;
#633 = CARTESIAN_POINT ( 'NONE',  ( 0.9666666666667160800, -4.735680169380800400, 4.000000000000000000 ) ) ;
#634 = CARTESIAN_POINT ( 'NONE',  ( 2.254327966281379300, -2.254327966281379300, -20.68750000000000400 ) ) ;
#635 =( BOUNDED_CURVE ( )  B_SPLINE_CURVE ( 2, ( #797, #5179, #2523, #2544, #373, #5625, #2593, #3461, #4715 ),
 .UNSPECIFIED., .F., .T. ) 
 B_SPLINE_CURVE_WITH_KNOTS ( ( 3, 2, 2, 2, 3 ),
 ( 0.7261904761904761600, 0.7321428571428571000, 0.7380952380952381400, 0.7440476190476190700, 0.7500000000000000000 ),
 .UNSPECIFIED. ) 
 CURVE ( )  GEOMETRIC_REPRESENTATION_ITEM ( )  RATIONAL_B_SPLINE_CURVE ( ( 1.000000000000000000, 0.9238795325112867400, 1.000000000000000000, 0.9238795325112867400, 1.000000000000000000, 0.9238795325112867400, 1.000000000000000000, 0.9238795325112867400, 1.000000000000000000 ) ) 
 REPRESENTATION_ITEM ( '' )  );
#636 = CARTESIAN_POINT ( 'NONE',  ( 3.188101183952082500, -1.320554748610678800, -17.01562500000001400 ) ) ;
#637 = EDGE_CURVE ( 'NONE', #543, #3434, #771, .T. ) ;
#638 = B_SPLINE_CURVE_WITH_KNOTS ( 'NONE', 3,
 ( #1423, #245, #1519, #3276 ),
 .UNSPECIFIED., .F., .F.,
 ( 4, 4 ),
 ( 0.01448277062945233000, 0.01712601868346312300 ),
 .UNSPECIFIED. ) ;
#639 = CARTESIAN_POINT ( 'NONE',  ( 2.254327966281379300, 2.254327966281378900, -3.031250000000044400 ) ) ;
#640 =( BOUNDED_CURVE ( )  B_SPLINE_CURVE ( 2, ( #3157, #4025, #3583, #4468, #3194, #1443, #1067, #3175, #1909 ),
 .UNSPECIFIED., .F., .F. ) 
 B_SPLINE_CURVE_WITH_KNOTS ( ( 3, 2, 2, 2, 3 ),
 ( 0.4880952380952380800, 0.4940476190476190700, 0.5000000000000000000, 0.5059523809523809300, 0.5119047619047618600 ),
 .UNSPECIFIED. ) 
 CURVE ( )  GEOMETRIC_REPRESENTATION_ITEM ( )  RATIONAL_B_SPLINE_CURVE ( ( 1.000000000000000000, 0.9238795325112867400, 1.000000000000000000, 0.9238795325112867400, 1.000000000000000000, 0.9238795325112867400, 1.000000000000000000, 0.9238795325112867400, 1.000000000000000000 ) ) 
 REPRESENTATION_ITEM ( '' )  );
#641 = FACE_OUTER_BOUND ( 'NONE', #3927, .T. ) ;
#642 = DIRECTION ( 'NONE',  ( -0.0000000000000000000, -0.0000000000000000000, -1.000000000000000000 ) ) ;
#643 = CARTESIAN_POINT ( 'NONE',  ( 1.320554748610674100, -3.188101183952084700, -7.015625000000033800 ) ) ;
#644 = CARTESIAN_POINT ( 'NONE',  ( 3.188101183952099400, 1.320554748610649900, -12.95312500000002000 ) ) ;
#645 = VERTEX_POINT ( 'NONE', #4322 ) ;
#646 = EDGE_CURVE ( 'NONE', #628, #324, #1125, .T. ) ;
#647 = CARTESIAN_POINT ( 'NONE',  ( -2.254327966281382400, -2.254327966281375800, -18.65625000000001100 ) ) ;
#648 = CARTESIAN_POINT ( 'NONE',  ( 1.656854249492376800, -4.000000000000001800, -5.296875000000037300 ) ) ;
#649 = CARTESIAN_POINT ( 'NONE',  ( 3.188101183952083900, -1.415069532665545000E-014, -8.031250000000032000 ) ) ;
#650 = CARTESIAN_POINT ( 'NONE',  ( -2.828427124746189800, 2.828427124746190300, -4.593750000000039100 ) ) ;
#651 = DIRECTION ( 'NONE',  ( -0.7071067811865489100, 8.659560562354950100E-017, 0.7071067811865462400 ) ) ;
#652 = CARTESIAN_POINT ( 'NONE',  ( -1.320554748610664100, 3.188101183952087900, -11.54687500000002500 ) ) ;
#653 = AXIS2_PLACEMENT_3D ( 'NONE', #1126, #4141, #5483 ) ;
#654 = CARTESIAN_POINT ( 'NONE',  ( 1.320554748610666800, -3.188101183952087900, -15.92187500000001600 ) ) ;
#655 = VERTEX_POINT ( 'NONE', #4285 ) ;
#656 = CARTESIAN_POINT ( 'NONE',  ( 8.673617379884035500E-016, 0.0000000000000000000, -0.9715448161766570000 ) ) ;
#657 = CARTESIAN_POINT ( 'NONE',  ( 3.188101183952083900, 6.159547298426946000E-015, -4.437500000000039100 ) ) ;
#658 = CARTESIAN_POINT ( 'NONE',  ( -3.188101183952083900, 1.019654187844447800E-016, -3.656250000000041300 ) ) ;
#659 = VERTEX_POINT ( 'NONE', #826 ) ;
#660 = CARTESIAN_POINT ( 'NONE',  ( 3.188101183952083900, -1.336983574459848800E-014, -9.281250000000028400 ) ) ;
#661 = CARTESIAN_POINT ( 'NONE',  ( -3.188101183952083900, 8.828250008414060500E-016, -19.90625000000000400 ) ) ;
#662 = CARTESIAN_POINT ( 'NONE',  ( 1.656854249492379700, -4.000000000000000900, 3.453124999999942700 ) ) ;
#663 = CARTESIAN_POINT ( 'NONE',  ( -1.320554748610677200, -3.188101183952083000, -19.82812500000000700 ) ) ;
#664 = AXIS2_PLACEMENT_3D ( 'NONE', #2805, #207, #701 ) ;
#665 = DIRECTION ( 'NONE',  ( 0.9961946980917455500, 6.956390396483598200E-015, 0.08715574274765836000 ) ) ;
#666 = CARTESIAN_POINT ( 'NONE',  ( -2.828427124746191200, 2.828427124746189400, -19.43750000000000700 ) ) ;
#667 = VECTOR ( 'NONE', #2600, 1000.000000000000000 ) ;
#668 =( BOUNDED_CURVE ( )  B_SPLINE_CURVE ( 2, ( #4754, #2963, #408, #4316, #4709, #2114, #2130, #3007, #1287 ),
 .UNSPECIFIED., .F., .T. ) 
 B_SPLINE_CURVE_WITH_KNOTS ( ( 3, 2, 2, 2, 3 ),
 ( 0.2738095238095237800, 0.2797619047619047100, 0.2857142857142857000, 0.2916666666666666900, 0.2976190476190476200 ),
 .UNSPECIFIED. ) 
 CURVE ( )  GEOMETRIC_REPRESENTATION_ITEM ( )  RATIONAL_B_SPLINE_CURVE ( ( 1.000000000000000700, 0.9238795325112860700, 1.000000000000000000, 0.9238795325112867400, 1.000000000000000000, 0.9238795325112867400, 1.000000000000000000, 0.9238795325112867400, 1.000000000000000000 ) ) 
 REPRESENTATION_ITEM ( '' )  );
#669 = EDGE_CURVE ( 'NONE', #2199, #3974, #331, .T. ) ;
#670 = CARTESIAN_POINT ( 'NONE',  ( 4.000000000000000000, -2.360894394290533100E-014, -0.06250000000004862800 ) ) ;
#671 = EDGE_LOOP ( 'NONE', ( #3516, #2161, #2027, #2420 ) ) ;
#672 = CYLINDRICAL_SURFACE ( 'NONE', #4574, 3.188101183952083900 ) ;
#673 = CARTESIAN_POINT ( 'NONE',  ( 3.188101183952083000, -1.320554748610676600, -4.359375000000040900 ) ) ;
#674 = DIRECTION ( 'NONE',  ( 1.000000000000000000, 0.0000000000000000000, 0.0000000000000000000 ) ) ;
#675 = ORIENTED_EDGE ( 'NONE', *, *, #1637, .F. ) ;
#676 = CARTESIAN_POINT ( 'NONE',  ( 3.188101183952083900, -1.415069532665545000E-014, -8.187500000000032000 ) ) ;
#677 = ORIENTED_EDGE ( 'NONE', *, *, #3410, .T. ) ;
#678 = LINE ( 'NONE', #5435, #547 ) ;
#679 = CARTESIAN_POINT ( 'NONE',  ( -1.656854249492370100, 4.000000000000004400, -14.67187500000001600 ) ) ;
#680 = CARTESIAN_POINT ( 'NONE',  ( 1.656854249492383200, 3.999999999999999100, 2.671874999999945400 ) ) ;
#681 = ORIENTED_EDGE ( 'NONE', *, *, #3108, .T. ) ;
#682 = EDGE_CURVE ( 'NONE', #1098, #4082, #5420, .T. ) ;
#683 = CARTESIAN_POINT ( 'NONE',  ( -1.320554748610681200, 3.188101183952081200, -2.796875000000042200 ) ) ;
#684 = CARTESIAN_POINT ( 'NONE',  ( -0.9666666666666465800, -2.851173418023745100, 4.000000000000000000 ) ) ;
#685 = ORIENTED_EDGE ( 'NONE', *, *, #394, .F. ) ;
#686 = ORIENTED_EDGE ( 'NONE', *, *, #229, .T. ) ;
#687 = VECTOR ( 'NONE', #3983, 1000.000000000000000 ) ;
#688 = CARTESIAN_POINT ( 'NONE',  ( 2.828427124746211600, 2.828427124746169000, -4.906250000000035500 ) ) ;
#689 = CARTESIAN_POINT ( 'NONE',  ( 1.320554748610676800, 3.188101183952083000, -1.546875000000044600 ) ) ;
#690 = CARTESIAN_POINT ( 'NONE',  ( 2.828427124746190700, 2.828427124746189400, -7.250000000000035500 ) ) ;
#691 = CARTESIAN_POINT ( 'NONE',  ( 3.124227677387985100E-014, 3.188101183952083900, -7.875000000000032900 ) ) ;
#692 = CARTESIAN_POINT ( 'NONE',  ( 0.0000000000000000000, 5.655958496054998300E-018, 15.31370849898476100 ) ) ;
#693 = AXIS2_PLACEMENT_3D ( 'NONE', #2339, #4916, #126 ) ;
#694 = CARTESIAN_POINT ( 'NONE',  ( 3.188101183952083900, 4.597828134313024000E-015, -1.937500000000046900 ) ) ;
#695 = CARTESIAN_POINT ( 'NONE',  ( 2.828427124746190700, 2.828427124746189400, -1.156250000000046200 ) ) ;
#696 = CARTESIAN_POINT ( 'NONE',  ( -1.656854249492396300, -3.999999999999993300, -11.70312500000002300 ) ) ;
#697 = ORIENTED_EDGE ( 'NONE', *, *, #1754, .F. ) ;
#698 =( BOUNDED_CURVE ( )  B_SPLINE_CURVE ( 2, ( #4911, #3560, #2294, #5367, #4003, #1418, #2739, #4448, #142 ),
 .UNSPECIFIED., .F., .T. ) 
 B_SPLINE_CURVE_WITH_KNOTS ( ( 3, 2, 2, 2, 3 ),
 ( 0.5119047619047618600, 0.5178571428571429000, 0.5238095238095238400, 0.5297619047619047700, 0.5357142857142857000 ),
 .UNSPECIFIED. ) 
 CURVE ( )  GEOMETRIC_REPRESENTATION_ITEM ( )  RATIONAL_B_SPLINE_CURVE ( ( 1.000000000000000000, 0.9238795325112867400, 1.000000000000000000, 0.9238795325112867400, 1.000000000000000000, 0.9238795325112867400, 1.000000000000000000, 0.9238795325112867400, 1.000000000000000000 ) ) 
 REPRESENTATION_ITEM ( '' )  );
#699 = VECTOR ( 'NONE', #3889, 1000.000000000000000 ) ;
#700 = CARTESIAN_POINT ( 'NONE',  ( -1.320554748610657700, 3.188101183952090500, -1.546875000000048200 ) ) ;
#701 = DIRECTION ( 'NONE',  ( 1.000000000000000000, 0.0000000000000000000, 0.0000000000000000000 ) ) ;
#702 = EDGE_CURVE ( 'NONE', #4095, #764, #5121, .T. ) ;
#703 = APPROVAL ( #1400, 'UNSPECIFIED' ) ;
#704 = ORIENTED_EDGE ( 'NONE', *, *, #1797, .T. ) ;
#705 = VERTEX_POINT ( 'NONE', #1339 ) ;
#706 = CIRCLE ( 'NONE', #307, 4.833333333333333000 ) ;
#707 = DIRECTION ( 'NONE',  ( -0.0000000000000000000, -0.0000000000000000000, -1.000000000000000000 ) ) ;
#708 = CARTESIAN_POINT ( 'NONE',  ( -3.904297910284806600E-016, -3.188101183952083900, -0.8437500000000492900 ) ) ;
#709 = CARTESIAN_POINT ( 'NONE',  ( 4.000000000000000000, -1.381176954972650700E-014, -12.56250000000002000 ) ) ;
#710 = EDGE_CURVE ( 'NONE', #1098, #3868, #1959, .T. ) ;
#711 = CARTESIAN_POINT ( 'NONE',  ( -3.188101183952083900, 3.028215478597698500E-015, -7.562500000000032900 ) ) ;
#713 = CARTESIAN_POINT ( 'NONE',  ( -2.828427124746181000, -2.828427124746199200, -6.625000000000037300 ) ) ;
#712 = CARTESIAN_POINT ( 'NONE',  ( -3.188101183952083900, 2.958533476013578200E-014, -1.312500000000046200 ) ) ;
#714 = CARTESIAN_POINT ( 'NONE',  ( -4.898587196589413800E-016, -4.000000000000000000, 0.8749999999999487100 ) ) ;
#715 = ORIENTED_EDGE ( 'NONE', *, *, #2975, .T. ) ;
#716 = CARTESIAN_POINT ( 'NONE',  ( -3.188101183952054100, 1.320554748610718500, -1.390625000000049300 ) ) ;
#717 = VERTEX_POINT ( 'NONE', #4852 ) ;
#718 = DIRECTION ( 'NONE',  ( -0.0000000000000000000, -0.0000000000000000000, 1.000000000000000000 ) ) ;
#719 = CARTESIAN_POINT ( 'NONE',  ( 3.188101183952083900, -6.788941632725165100E-016, -4.437500000000039100 ) ) ;
#720 = VERTEX_POINT ( 'NONE', #2684 ) ;
#721 = CARTESIAN_POINT ( 'NONE',  ( -1.320554748610674800, 3.188101183952083900, -2.640625000000042200 ) ) ;
#722 = DIRECTION ( 'NONE',  ( -0.0000000000000000000, -0.0000000000000000000, -1.000000000000000000 ) ) ;
#723 = CYLINDRICAL_SURFACE ( 'NONE', #2797, 4.000000000000000000 ) ;
#724 = CARTESIAN_POINT ( 'NONE',  ( 3.188101183952083900, -1.258897616254152600E-014, -10.68750000000002700 ) ) ;
#725 = CARTESIAN_POINT ( 'NONE',  ( -3.188101183952083900, -1.656942013744068800E-015, -14.90625000000001600 ) ) ;
#726 = CARTESIAN_POINT ( 'NONE',  ( 2.828427124746186700, -2.828427124746193400, -11.31250000000002500 ) ) ;
#727 = CARTESIAN_POINT ( 'NONE',  ( -1.656854249492380800, 4.000000000000000000, 1.578124999999947600 ) ) ;
#728 = EDGE_CURVE ( 'NONE', #2776, #37, #1211, .T. ) ;
#729 = AXIS2_PLACEMENT_3D ( 'NONE', #2240, #2655, #3916 ) ;
#730 = CARTESIAN_POINT ( 'NONE',  ( -1.874457671516777300E-014, -3.188101183952083900, -9.750000000000028400 ) ) ;
#731 = CARTESIAN_POINT ( 'NONE',  ( -4.000000000000000000, 2.111114761735440400E-015, -18.18750000000001100 ) ) ;
#732 = ORIENTED_EDGE ( 'NONE', *, *, #3981, .F. ) ;
#733 = ORIENTED_EDGE ( 'NONE', *, *, #4155, .F. ) ;
#734 = VECTOR ( 'NONE', #4121, 1000.000000000000000 ) ;
#735 = EDGE_CURVE ( 'NONE', #2920, #5591, #954, .T. ) ;
#736 = CARTESIAN_POINT ( 'NONE',  ( -1.320554748610668100, 3.188101183952087000, -17.64062500000001100 ) ) ;
#737 = CARTESIAN_POINT ( 'NONE',  ( -3.904297910284806600E-016, -3.188101183952083900, -4.750000000000039100 ) ) ;
#738 = CARTESIAN_POINT ( 'NONE',  ( 0.2576482669251091200, -3.908839073508244300, -20.15366092649093600 ) ) ;
#739 = CARTESIAN_POINT ( 'NONE',  ( 2.254327966281379300, -2.254327966281379300, -0.6875000000000491800 ) ) ;
#740 = CARTESIAN_POINT ( 'NONE',  ( 1.320554748610672100, -3.188101183952084700, -5.921875000000038200 ) ) ;
#741 = ORIENTED_EDGE ( 'NONE', *, *, #4557, .T. ) ;
#742 = CARTESIAN_POINT ( 'NONE',  ( -2.743704014599341900E-014, -4.000000000000000000, -4.125000000000038200 ) ) ;
#744 = CARTESIAN_POINT ( 'NONE',  ( -4.000000000000000000, 3.823144357995380600E-015, -8.031250000000033800 ) ) ;
#743 = CARTESIAN_POINT ( 'NONE',  ( 4.000000000000000000, -1.675092186768015000E-014, -9.906250000000030200 ) ) ;
#745 = CYLINDRICAL_SURFACE ( 'NONE', #4408, 3.188101183952083900 ) ;
#746 = CARTESIAN_POINT ( 'NONE',  ( -3.999999999999988900, -1.656854249492392600, -19.35937500000000000 ) ) ;
#747 = ORIENTED_EDGE ( 'NONE', *, *, #3932, .F. ) ;
#748 = CARTESIAN_POINT ( 'NONE',  ( -2.254327966281379300, -2.254327966281379300, -19.75000000000000700 ) ) ;
#749 = VERTEX_POINT ( 'NONE', #525 ) ;
#750 = AXIS2_PLACEMENT_3D ( 'NONE', #3705, #5045, #1993 ) ;
#751 = ORIENTED_EDGE ( 'NONE', *, *, #682, .F. ) ;
#752 = CYLINDRICAL_SURFACE ( 'NONE', #188, 3.188101183952083900 ) ;
#753 = CARTESIAN_POINT ( 'NONE',  ( -2.828427124746197800, -2.828427124746182700, -12.87500000000002300 ) ) ;
#754 = CARTESIAN_POINT ( 'NONE',  ( 3.360318966245245500, -2.186963942867810000, -0.01389615698554637000 ) ) ;
#755 = CARTESIAN_POINT ( 'NONE',  ( -3.188101183952083900, -1.320554748610674600, -3.734375000000043100 ) ) ;
#756 = CARTESIAN_POINT ( 'NONE',  ( -3.188101183952093600, -1.320554748610663700, -17.32812500000001100 ) ) ;
#757 = CARTESIAN_POINT ( 'NONE',  ( -3.188101183952083900, 1.019654187844447800E-016, 0.09374999999995151100 ) ) ;
#758 = CARTESIAN_POINT ( 'NONE',  ( -2.254327966281381500, -2.254327966281376700, -19.75000000000000700 ) ) ;
#759 = CYLINDRICAL_SURFACE ( 'NONE', #542, 3.188101183952083900 ) ;
#760 = CARTESIAN_POINT ( 'NONE',  ( -3.188101183952083900, 1.663684582898367500E-015, -18.81250000000001100 ) ) ;
#761 =( BOUNDED_CURVE ( )  B_SPLINE_CURVE ( 2, ( #5227, #4781, #2396, #3288, #2936, #2999, #2955, #4702, #2104 ),
 .UNSPECIFIED., .F., .F. ) 
 B_SPLINE_CURVE_WITH_KNOTS ( ( 3, 2, 2, 2, 3 ),
 ( 0.6547619047619047700, 0.6607142857142857000, 0.6666666666666665200, 0.6726190476190475600, 0.6785714285714284900 ),
 .UNSPECIFIED. ) 
 CURVE ( )  GEOMETRIC_REPRESENTATION_ITEM ( )  RATIONAL_B_SPLINE_CURVE ( ( 1.000000000000000000, 0.9238795325112867400, 1.000000000000000000, 0.9238795325112867400, 1.000000000000000000, 0.9238795325112867400, 1.000000000000000000, 0.9238795325112881800, 0.9999999999999985600 ) ) 
 REPRESENTATION_ITEM ( '' )  );
#762 = ORIENTED_EDGE ( 'NONE', *, *, #4046, .F. ) ;
#763 = CARTESIAN_POINT ( 'NONE',  ( -3.188101183952093600, -1.320554748610663000, -16.07812500000001400 ) ) ;
#764 = VERTEX_POINT ( 'NONE', #487 ) ;
#765 = CARTESIAN_POINT ( 'NONE',  ( -1.320554748610675200, -3.188101183952083900, -19.67187500000001100 ) ) ;
#766 = LINE ( 'NONE', #1292, #5066 ) ;
#767 = DIRECTION ( 'NONE',  ( -0.0000000000000000000, -0.0000000000000000000, 1.000000000000000000 ) ) ;
#768 = EDGE_CURVE ( 'NONE', #3868, #298, #240, .T. ) ;
#769 = CARTESIAN_POINT ( 'NONE',  ( -1.656854249492379500, -4.000000000000000900, -16.54687500000001800 ) ) ;
#770 = CARTESIAN_POINT ( 'NONE',  ( -1.320554748610675200, -3.188101183952083900, -2.328125000000045300 ) ) ;
#771 = B_SPLINE_CURVE_WITH_KNOTS ( 'NONE', 3,
 ( #3865, #800, #2494, #2528, #781, #4699 ),
 .UNSPECIFIED., .F., .F.,
 ( 4, 2, 4 ),
 ( 0.0000000000000000000, 0.0009602070382823796800, 0.001920414076564759400 ),
 .UNSPECIFIED. ) ;
#772 = CARTESIAN_POINT ( 'NONE',  ( -1.320554748610674800, 3.188101183952083900, 3.609374999999942700 ) ) ;
#773 = ORIENTED_EDGE ( 'NONE', *, *, #1454, .F. ) ;
#774 = CARTESIAN_POINT ( 'NONE',  ( 4.000000000000000000, 7.751917805452324500E-015, -3.812500000000038200 ) ) ;
#776 = CARTESIAN_POINT ( 'NONE',  ( -1.189099419628658200, -3.682118855550483800, -20.20066461540970700 ) ) ;
#775 = CARTESIAN_POINT ( 'NONE',  ( -4.000000000000000000, 3.518400610635304000E-014, -4.281250000000041700 ) ) ;
#777 = CARTESIAN_POINT ( 'NONE',  ( 1.656854249492379700, -4.000000000000000900, -12.64062500000002300 ) ) ;
#778 = CARTESIAN_POINT ( 'NONE',  ( -1.656854249492397700, -3.999999999999993300, -11.54687500000002700 ) ) ;
#779 = CARTESIAN_POINT ( 'NONE',  ( 5.998263823987151000E-032, 3.188101183952083900, -21.46875000000000000 ) ) ;
#780 = VERTEX_POINT ( 'NONE', #1364 ) ;
#781 = CARTESIAN_POINT ( 'NONE',  ( 0.8653997344440955700, -2.580503193242646500, 1.746685699450584200 ) ) ;
#782 = CARTESIAN_POINT ( 'NONE',  ( 6.250823402256391700E-015, -3.188101183952083900, -13.50000000000002100 ) ) ;
#783 = FACE_OUTER_BOUND ( 'NONE', #671, .T. ) ;
#784 = CARTESIAN_POINT ( 'NONE',  ( 4.000000000000000000, -2.360894394290533100E-014, -1.156250000000049500 ) ) ;
#785 = CARTESIAN_POINT ( 'NONE',  ( -3.188101183952083900, 2.958533476013578200E-014, -1.156250000000046200 ) ) ;
#786 = CARTESIAN_POINT ( 'NONE',  ( -3.188101183952083900, 1.019654187844447800E-016, -2.562500000000044000 ) ) ;
#787 =( BOUNDED_CURVE ( )  B_SPLINE_CURVE ( 2, ( #649, #3686, #4119, #217, #1538, #4093, #2422, #2799, #3229 ),
 .UNSPECIFIED., .F., .T. ) 
 B_SPLINE_CURVE_WITH_KNOTS ( ( 3, 2, 2, 2, 3 ),
 ( 0.5119047619047618600, 0.5178571428571429000, 0.5238095238095238400, 0.5297619047619047700, 0.5357142857142857000 ),
 .UNSPECIFIED. ) 
 CURVE ( )  GEOMETRIC_REPRESENTATION_ITEM ( )  RATIONAL_B_SPLINE_CURVE ( ( 1.000000000000000000, 0.9238795325112867400, 1.000000000000000000, 0.9238795325112867400, 1.000000000000000000, 0.9238795325112867400, 1.000000000000000000, 0.9238795325112867400, 1.000000000000000000 ) ) 
 REPRESENTATION_ITEM ( '' )  );
#788 = CARTESIAN_POINT ( 'NONE',  ( 1.278089266512431700, -3.738335124544783100, -20.12021195691718800 ) ) ;
#789 = CYLINDRICAL_SURFACE ( 'NONE', #4962, 4.000000000000000000 ) ;
#790 = CARTESIAN_POINT ( 'NONE',  ( 0.0000000000000000000, -9.324947672979560100E-017, -21.00000000000000000 ) ) ;
#791 = CARTESIAN_POINT ( 'NONE',  ( -1.656854249492367900, 4.000000000000005300, -13.26562500000002100 ) ) ;
#793 = CARTESIAN_POINT ( 'NONE',  ( -3.227282643222691300, 1.703454189171741200, -20.42122598379896600 ) ) ;
#792 = DIRECTION ( 'NONE',  ( -0.0000000000000000000, -0.0000000000000000000, -1.000000000000000000 ) ) ;
#794 = ORIENTED_EDGE ( 'NONE', *, *, #5437, .F. ) ;
#795 = LINE ( 'NONE', #1064, #1352 ) ;
#796 = CARTESIAN_POINT ( 'NONE',  ( -4.898587196589413800E-016, -4.000000000000000000, -8.968750000000032000 ) ) ;
#797 = CARTESIAN_POINT ( 'NONE',  ( -4.000000000000000000, 7.742014115266910900E-015, -1.937500000000043300 ) ) ;
#798 = CARTESIAN_POINT ( 'NONE',  ( -1.320554748610675200, -3.188101183952083900, -18.42187500000001400 ) ) ;
#799 = EDGE_CURVE ( 'NONE', #655, #319, #5559, .T. ) ;
#800 = CARTESIAN_POINT ( 'NONE',  ( 1.205043578414747300, -1.591112476001566500, 1.005636091156929100 ) ) ;
#801 = VERTEX_POINT ( 'NONE', #3951 ) ;
#802 = PRODUCT_DEFINITION ( 'UNKNOWN', '', #1978, #4218 ) ;
#803 = ORIENTED_EDGE ( 'NONE', *, *, #3971, .T. ) ;
#804 = CIRCLE ( 'NONE', #3563, 4.833333333333332100 ) ;
#805 = CARTESIAN_POINT ( 'NONE',  ( 4.000000000000000000, -2.360894394290533100E-014, -0.06250000000004862800 ) ) ;
#806 = ORIENTED_EDGE ( 'NONE', *, *, #2816, .T. ) ;
#807 = VERTEX_POINT ( 'NONE', #4734 ) ;
#808 = CARTESIAN_POINT ( 'NONE',  ( -4.000000000000000000, -1.656854249492380400, -7.953125000000032900 ) ) ;
#809 = PERSON_AND_ORGANIZATION ( #3943, #890 ) ;
#810 = CARTESIAN_POINT ( 'NONE',  ( 0.7010259308949622300, 3.426361600036511600, -20.58259461481496200 ) ) ;
#811 = EDGE_CURVE ( 'NONE', #5540, #4323, #668, .T. ) ;
#812 = CARTESIAN_POINT ( 'NONE',  ( -0.7874938090657308500, 2.815533720748153000, 1.952044866385984600 ) ) ;
#813 = CARTESIAN_POINT ( 'NONE',  ( 5.998263823987151000E-032, 3.188101183952083900, -16.62500000000001400 ) ) ;
#814 = ORIENTED_EDGE ( 'NONE', *, *, #3945, .F. ) ;
#815 = CARTESIAN_POINT ( 'NONE',  ( -3.188101183952083900, 3.028215478597698500E-015, -7.406250000000032900 ) ) ;
#816 = ORIENTED_EDGE ( 'NONE', *, *, #3209, .T. ) ;
#817 = CARTESIAN_POINT ( 'NONE',  ( 2.254327966281379300, 2.254327966281378900, 4.624999999999941400 ) ) ;
#818 = CARTESIAN_POINT ( 'NONE',  ( 2.828427124746189400, 2.828427124746190700, -8.656250000000028400 ) ) ;
#819 = LINE ( 'NONE', #4183, #2904 ) ;
#820 = CARTESIAN_POINT ( 'NONE',  ( 3.188101183952083900, -9.324947672979560100E-017, -21.00000000000000000 ) ) ;
#822 = CARTESIAN_POINT ( 'NONE',  ( -2.804214471056503100, 2.295551925252965000, -20.44668788211649300 ) ) ;
#821 = CARTESIAN_POINT ( 'NONE',  ( 3.188101183952087000, -1.320554748610675000, -15.60937500000001800 ) ) ;
#823 = CARTESIAN_POINT ( 'NONE',  ( -2.828427124746189800, 2.828427124746190300, -13.18750000000002100 ) ) ;
#824 = CARTESIAN_POINT ( 'NONE',  ( 0.0000000000000000000, 0.0000000000000000000, 4.000000000000000000 ) ) ;
#825 = CARTESIAN_POINT ( 'NONE',  ( 1.320554748610674100, -3.188101183952084700, -19.51562500000000700 ) ) ;
#826 = CARTESIAN_POINT ( 'NONE',  ( -3.188101183952083900, -3.218661177857991300E-015, -17.40625000000001100 ) ) ;
#827 = DIRECTION ( 'NONE',  ( -0.3826834323650800700, -0.9238795325112907400, 0.0000000000000000000 ) ) ;
#828 = ORIENTED_EDGE ( 'NONE', *, *, #3835, .T. ) ;
#829 = CARTESIAN_POINT ( 'NONE',  ( 1.656854249492383200, 3.999999999999999100, -5.921875000000038200 ) ) ;
#830 = CARTESIAN_POINT ( 'NONE',  ( -0.9666666666666829900, 4.735680169380806600, 4.000000000000000000 ) ) ;
#831 = CARTESIAN_POINT ( 'NONE',  ( -3.021208773348599100, -2.221104395161916500, -0.2562849560127894400 ) ) ;
#832 = CARTESIAN_POINT ( 'NONE',  ( 2.254327966281379300, -2.254327966281379300, -18.34375000000001100 ) ) ;
#833 = CARTESIAN_POINT ( 'NONE',  ( 0.8415227507677880400, 3.441676448002633400, 2.569598495903454300 ) ) ;
#834 = CARTESIAN_POINT ( 'NONE',  ( 5.998263823987151000E-032, 3.188101183952083900, 2.281249999999946700 ) ) ;
#835 =( BOUNDED_CURVE ( )  B_SPLINE_CURVE ( 2, ( #4939, #4958, #1069, #5348, #3659, #4491, #4525, #1893, #2323 ),
 .UNSPECIFIED., .F., .T. ) 
 B_SPLINE_CURVE_WITH_KNOTS ( ( 3, 2, 2, 2, 3 ),
 ( 0.08333333333333332900, 0.08928571428571427400, 0.09523809523809520500, 0.1011904761904761400, 0.1071428571428570700 ),
 .UNSPECIFIED. ) 
 CURVE ( )  GEOMETRIC_REPRESENTATION_ITEM ( )  RATIONAL_B_SPLINE_CURVE ( ( 1.000000000000000000, 0.9238795325112867400, 1.000000000000000000, 0.9238795325112867400, 1.000000000000000000, 0.9238795325112867400, 1.000000000000000000, 0.9238795325112876300, 0.9999999999999991100 ) ) 
 REPRESENTATION_ITEM ( '' )  );
#836 = CARTESIAN_POINT ( 'NONE',  ( 3.899758122282843700, 0.4111862648268602700, -0.1002418777155127000 ) ) ;
#837 = ORIENTED_EDGE ( 'NONE', *, *, #4086, .T. ) ;
#838 = ORIENTED_EDGE ( 'NONE', *, *, #260, .F. ) ;
#839 = EDGE_CURVE ( 'NONE', #4809, #2508, #4194, .T. ) ;
#841 = CARTESIAN_POINT ( 'NONE',  ( -2.254327966281388700, -2.254327966281369600, -4.906250000000039100 ) ) ;
#840 = CARTESIAN_POINT ( 'NONE',  ( -4.000000000000040000, -1.656854249492316000, -3.109375000000044400 ) ) ;
#842 = ADVANCED_FACE ( 'NONE', ( #2803 ), #2586, .T. ) ;
#843 = AXIS2_PLACEMENT_3D ( 'NONE', #2386, #1101, #674 ) ;
#844 = CARTESIAN_POINT ( 'NONE',  ( -2.828427124746189800, 2.828427124746190300, -11.93750000000002500 ) ) ;
#845 = CARTESIAN_POINT ( 'NONE',  ( -3.904297910284806600E-016, -3.188101183952083900, -14.59375000000001600 ) ) ;
#846 = ORIENTED_EDGE ( 'NONE', *, *, #2309, .T. ) ;
#847 = CARTESIAN_POINT ( 'NONE',  ( 4.000000000000000000, 9.711352684088090000E-015, -6.312500000000033800 ) ) ;
#848 = CARTESIAN_POINT ( 'NONE',  ( 1.656854249492383200, 3.999999999999999100, -18.57812500000000700 ) ) ;
#849 = DIRECTION ( 'NONE',  ( 1.000000000000000000, 0.0000000000000000000, 0.0000000000000000000 ) ) ;
#850 = EDGE_CURVE ( 'NONE', #472, #645, #2863, .T. ) ;
#851 = CARTESIAN_POINT ( 'NONE',  ( -2.254327966281381500, 2.254327966281376700, -5.062500000000039100 ) ) ;
#852 = CARTESIAN_POINT ( 'NONE',  ( -2.828427124746189800, 2.828427124746190300, -8.187500000000033800 ) ) ;
#853 = ORIENTED_EDGE ( 'NONE', *, *, #4177, .T. ) ;
#854 = CARTESIAN_POINT ( 'NONE',  ( -3.599529683293439600, -0.8478893711249514400, -0.3080836203382227300 ) ) ;
#855 = CARTESIAN_POINT ( 'NONE',  ( 2.254327966281379300, -2.254327966281379300, -20.84375000000000400 ) ) ;
#856 = CARTESIAN_POINT ( 'NONE',  ( -3.188101183952083900, 1.019654187844447800E-016, -0.06250000000004862800 ) ) ;
#857 = ORIENTED_EDGE ( 'NONE', *, *, #4587, .T. ) ;
#858 = CARTESIAN_POINT ( 'NONE',  ( 7.808595820569611900E-015, 3.188101183952083900, -8.968750000000028400 ) ) ;
#859 = CARTESIAN_POINT ( 'NONE',  ( 2.254327966281379300, -2.254327966281379300, 3.062499999999943600 ) ) ;
#860 = CARTESIAN_POINT ( 'NONE',  ( 2.580503193242656300, 0.8653997344440684800, 1.746685699450584400 ) ) ;
#861 = EDGE_CURVE ( 'NONE', #3975, #4460, #2922, .T. ) ;
#863 = CARTESIAN_POINT ( 'NONE',  ( 4.000000000000000000, 5.792482926816559800E-015, -1.312500000000046200 ) ) ;
#862 = CARTESIAN_POINT ( 'NONE',  ( 4.951845092706801600E-018, -4.000000000000000000, -2.875000000000040900 ) ) ;
#864 = VERTEX_POINT ( 'NONE', #370 ) ;
#865 = CARTESIAN_POINT ( 'NONE',  ( 1.656854249492383200, 3.999999999999999100, -8.421875000000033800 ) ) ;
#866 = CARTESIAN_POINT ( 'NONE',  ( 3.188101183952083900, -1.180811658048456500E-014, -11.93750000000002300 ) ) ;
#867 = CARTESIAN_POINT ( 'NONE',  ( -3.904297910284806600E-016, -3.188101183952083900, -15.84375000000001400 ) ) ;
#868 = CARTESIAN_POINT ( 'NONE',  ( 3.188101183952083900, -9.324947672979560100E-017, -21.00000000000000000 ) ) ;
#869 = FACE_OUTER_BOUND ( 'NONE', #5001, .T. ) ;
#870 = CARTESIAN_POINT ( 'NONE',  ( -4.000000000000000000, 1.656854249492381000, -20.76562500000000400 ) ) ;
#871 = CARTESIAN_POINT ( 'NONE',  ( 1.656854249492379000, 4.000000000000000900, -17.17187500000001400 ) ) ;
#872 = CARTESIAN_POINT ( 'NONE',  ( 0.9666666666666965400, -2.851173418023728300, 4.000000000000000000 ) ) ;
#873 =( BOUNDED_CURVE ( )  B_SPLINE_CURVE ( 2, ( #2808, #4145, #2400, #4576, #243, #5475, #3750, #3712, #1566 ),
 .UNSPECIFIED., .F., .F. ) 
 B_SPLINE_CURVE_WITH_KNOTS ( ( 3, 2, 2, 2, 3 ),
 ( 0.7023809523809522200, 0.7083333333333332600, 0.7142857142857141900, 0.7202380952380952300, 0.7261904761904761600 ),
 .UNSPECIFIED. ) 
 CURVE ( )  GEOMETRIC_REPRESENTATION_ITEM ( )  RATIONAL_B_SPLINE_CURVE ( ( 1.000000000000001300, 0.9238795325112853000, 1.000000000000000000, 0.9238795325112867400, 1.000000000000000000, 0.9238795325112867400, 1.000000000000000000, 0.9238795325112867400, 1.000000000000000000 ) ) 
 REPRESENTATION_ITEM ( '' )  );
#874 = CARTESIAN_POINT ( 'NONE',  ( -2.828427124746190300, -2.828427124746189800, -4.125000000000041700 ) ) ;
#875 = FACE_OUTER_BOUND ( 'NONE', #4402, .T. ) ;
#876 = ADVANCED_FACE ( 'NONE', ( #499 ), #4934, .T. ) ;
#877 = DIRECTION ( 'NONE',  ( -0.3812272063696535200, -0.9203638919632244300, 0.08715574274765833200 ) ) ;
#878 = CARTESIAN_POINT ( 'NONE',  ( -3.188101183952083900, 1.320554748610674800, -16.39062500000001400 ) ) ;
#879 = CARTESIAN_POINT ( 'NONE',  ( 2.254327966281379300, 2.254327966281378900, 1.968749999999946300 ) ) ;
#880 = ORIENTED_EDGE ( 'NONE', *, *, #4822, .T. ) ;
#881 = CARTESIAN_POINT ( 'NONE',  ( 2.341262897730128400, 0.9455493712144099600, 1.546606194392729000 ) ) ;
#882 = ORIENTED_EDGE ( 'NONE', *, *, #425, .T. ) ;
#884 = CARTESIAN_POINT ( 'NONE',  ( -1.648523442646085100, 3.170736554059581100, -20.49700157082616100 ) ) ;
#883 = CARTESIAN_POINT ( 'NONE',  ( 1.320554748610666800, -3.188101183952087900, -15.76562500000001600 ) ) ;
#885 = CARTESIAN_POINT ( 'NONE',  ( 1.656854249492379700, -4.000000000000000900, -18.89062500000000700 ) ) ;
#886 = CARTESIAN_POINT ( 'NONE',  ( 1.320554748610674100, -3.188101183952084700, -17.01562500000001400 ) ) ;
#887 = EDGE_CURVE ( 'NONE', #2561, #4295, #4217, .T. ) ;
#888 = VERTEX_POINT ( 'NONE', #4563 ) ;
#889 = CARTESIAN_POINT ( 'NONE',  ( -1.845986693422017000, -1.115738621203879600, 1.177419698532014000 ) ) ;
#890 = ORGANIZATION ( 'UNSPECIFIED', 'UNSPECIFIED', '' ) ;
#891 = CARTESIAN_POINT ( 'NONE',  ( 0.0000000000000000000, 0.0000000000000000000, 3.811199603341277600 ) ) ;
#892 = ORIENTED_EDGE ( 'NONE', *, *, #2067, .F. ) ;
#893 = CARTESIAN_POINT ( 'NONE',  ( -3.188101183952083900, 4.589934642711620200E-015, -4.906250000000039100 ) ) ;
#894 = ORIENTED_EDGE ( 'NONE', *, *, #3606, .T. ) ;
#895 = CARTESIAN_POINT ( 'NONE',  ( -4.898587196589413800E-016, -4.000000000000000000, -1.468750000000050000 ) ) ;
#896 = LINE ( 'NONE', #4431, #3938 ) ;
#897 = CARTESIAN_POINT ( 'NONE',  ( -3.550976716209167000, -1.059271873626381500, -0.3005582712610234700 ) ) ;
#898 = CARTESIAN_POINT ( 'NONE',  ( 3.188101183952083900, -6.788941632725165100E-016, -19.43750000000000700 ) ) ;
#899 = CARTESIAN_POINT ( 'NONE',  ( -1.320554748610674800, 3.188101183952083900, -0.2968750000000506800 ) ) ;
#900 = CARTESIAN_POINT ( 'NONE',  ( 3.188101183952099400, 1.320554748610647300, -9.203125000000028400 ) ) ;
#901 = DIRECTION ( 'NONE',  ( -1.000000000000000000, 0.0000000000000000000, 0.0000000000000000000 ) ) ;
#902 = CARTESIAN_POINT ( 'NONE',  ( 3.188101183952083000, -1.320554748610676600, -10.76562500000003000 ) ) ;
#903 = ADVANCED_FACE ( 'NONE', ( #4097 ), #3074, .T. ) ;
#904 = ADVANCED_FACE ( 'NONE', ( #2446 ), #3468, .T. ) ;
#905 = CARTESIAN_POINT ( 'NONE',  ( 2.603512052597861900, 2.126412868230911800, -0.6461181608478164800 ) ) ;
#906 = CARTESIAN_POINT ( 'NONE',  ( 4.000000000000000000, -8.280375562182076100E-016, -21.15625000000000400 ) ) ;
#907 = CARTESIAN_POINT ( 'NONE',  ( 0.0000000000000000000, -4.077054872988260600E-017, -20.87439881604791800 ) ) ;
#908 = CARTESIAN_POINT ( 'NONE',  ( -3.188101183952083900, 1.019654187844447800E-016, -13.65625000000002000 ) ) ;
#909 = VECTOR ( 'NONE', #2553, 1000.000000000000000 ) ;
#910 = CARTESIAN_POINT ( 'NONE',  ( 4.000000000000004400, -1.656854249492369500, -2.484375000000045700 ) ) ;
#911 = ORIENTED_EDGE ( 'NONE', *, *, #4711, .T. ) ;
#912 = CARTESIAN_POINT ( 'NONE',  ( -2.828427124746190300, -2.828427124746189800, -19.28125000000000700 ) ) ;
#913 = CARTESIAN_POINT ( 'NONE',  ( -1.656854249492366400, 4.000000000000005300, -10.76562500000002800 ) ) ;
#914 = EDGE_LOOP ( 'NONE', ( #2526, #675, #3746 ) ) ;
#915 = CYLINDRICAL_SURFACE ( 'NONE', #3160, 4.000000000000000000 ) ;
#916 = CARTESIAN_POINT ( 'NONE',  ( 3.999999999999999100, 1.656854249492381200, -1.078125000000048000 ) ) ;
#917 = CARTESIAN_POINT ( 'NONE',  ( -3.336899372469858300, -1.661818725359589100, -0.2782711843911786500 ) ) ;
#918 = CARTESIAN_POINT ( 'NONE',  ( -3.188101183952083900, 1.320554748610674800, -15.14062500000001400 ) ) ;
#919 = CARTESIAN_POINT ( 'NONE',  ( 3.188101183952083900, -6.788941632725165100E-016, -0.6875000000000491800 ) ) ;
#920 = CARTESIAN_POINT ( 'NONE',  ( 0.7874938090657208600, 2.815533720748156100, 1.952044866385984800 ) ) ;
#921 = CARTESIAN_POINT ( 'NONE',  ( 1.656854249492384100, 3.999999999999998200, -19.67187500000001100 ) ) ;
#922 = CARTESIAN_POINT ( 'NONE',  ( -3.188101183952083900, -2.437801595801029900E-015, -16.15625000000001400 ) ) ;
#923 = CARTESIAN_POINT ( 'NONE',  ( 2.254327966281379300, 2.254327966281378900, -13.03125000000002000 ) ) ;
#924 = EDGE_CURVE ( 'NONE', #2776, #3386, #2335, .T. ) ;
#925 = CARTESIAN_POINT ( 'NONE',  ( -0.9658396996952902700, 3.413501442405262800, -20.52338056061178800 ) ) ;
#926 = CARTESIAN_POINT ( 'NONE',  ( 1.381195510005101000, 3.128738513655965600, -0.5874103791121767500 ) ) ;
#927 = CARTESIAN_POINT ( 'NONE',  ( 2.828427124746189800, -2.828427124746190700, -17.56250000000001100 ) ) ;
#928 = DIRECTION ( 'NONE',  ( -0.0000000000000000000, -0.0000000000000000000, -1.000000000000000000 ) ) ;
#929 = ORIENTED_EDGE ( 'NONE', *, *, #1174, .F. ) ;
#930 = CARTESIAN_POINT ( 'NONE',  ( 3.188101183952083000, -1.320554748610676600, -14.35937500000001800 ) ) ;
#931 = CARTESIAN_POINT ( 'NONE',  ( -2.254327966281373100, -2.254327966281385100, -3.500000000000041300 ) ) ;
#932 = CARTESIAN_POINT ( 'NONE',  ( -1.656854249492380800, 4.000000000000000000, -20.92187500000000400 ) ) ;
#933 = CARTESIAN_POINT ( 'NONE',  ( 4.000000000000000000, -1.087261723177285700E-014, -17.40625000000001100 ) ) ;
#934 = EDGE_CURVE ( 'NONE', #3653, #3666, #4447, .T. ) ;
#935 = ORIENTED_EDGE ( 'NONE', *, *, #2337, .F. ) ;
#936 = CARTESIAN_POINT ( 'NONE',  ( 3.188101183952083900, -1.258897616254152600E-014, -10.53125000000002700 ) ) ;
#937 = CARTESIAN_POINT ( 'NONE',  ( 1.656854249492379700, -4.000000000000000900, -2.640625000000045700 ) ) ;
#938 = ADVANCED_FACE ( 'NONE', ( #5133 ), #4037, .T. ) ;
#939 = ADVANCED_FACE ( 'NONE', ( #1796 ), #3156, .F. ) ;
#940 = CARTESIAN_POINT ( 'NONE',  ( 1.320554748610674100, -3.188101183952084700, -14.67187500000002000 ) ) ;
#941 = CARTESIAN_POINT ( 'NONE',  ( 1.320554748610674100, -3.188101183952084700, 4.078124999999939600 ) ) ;
#942 = CARTESIAN_POINT ( 'NONE',  ( 4.782744419517950300, 3.252606517456513300E-016, 3.811199603341275800 ) ) ;
#943 = LINE ( 'NONE', #1019, #1027 ) ;
#944 = CARTESIAN_POINT ( 'NONE',  ( -2.254327966281379300, 2.254327966281379300, -16.31250000000001400 ) ) ;
#945 = B_SPLINE_CURVE_WITH_KNOTS ( 'NONE', 3,
 ( #4625, #2450, #5620, #881, #860, #4335 ),
 .UNSPECIFIED., .F., .F.,
 ( 4, 2, 4 ),
 ( 0.0000000000000000000, 0.0009602070382823796800, 0.001920414076564759400 ),
 .UNSPECIFIED. ) ;
#946 = CARTESIAN_POINT ( 'NONE',  ( 1.320554748610674100, -3.188101183952084700, -10.92187500000002700 ) ) ;
#947 = EDGE_CURVE ( 'NONE', #4357, #3763, #3777, .T. ) ;
#948 = CIRCLE ( 'NONE', #1961, 4.782744419517952000 ) ;
#949 = CARTESIAN_POINT ( 'NONE',  ( 2.815533720748155700, 0.7874938090657209700, 1.952044866385984400 ) ) ;
#950 = CARTESIAN_POINT ( 'NONE',  ( 2.828427124746189800, -2.828427124746190700, -21.31250000000000400 ) ) ;
#951 = CARTESIAN_POINT ( 'NONE',  ( 2.454601465932707300, -2.476799987648232700, -0.5190438315110328400 ) ) ;
#952 = CARTESIAN_POINT ( 'NONE',  ( 1.320554748610676800, 3.188101183952083000, -11.54687500000002500 ) ) ;
#953 = CARTESIAN_POINT ( 'NONE',  ( 4.311747102017224400E-014, 4.000000000000000000, -3.343750000000044400 ) ) ;
#954 =( BOUNDED_CURVE ( )  B_SPLINE_CURVE ( 2, ( #89, #981, #931, #3990, #4762, #5223, #2157, #3099, #5671 ),
 .UNSPECIFIED., .F., .T. ) 
 B_SPLINE_CURVE_WITH_KNOTS ( ( 3, 2, 2, 2, 3 ),
 ( 0.6785714285714284900, 0.6845238095238094200, 0.6904761904761903500, 0.6964285714285712900, 0.7023809523809522200 ),
 .UNSPECIFIED. ) 
 CURVE ( )  GEOMETRIC_REPRESENTATION_ITEM ( )  RATIONAL_B_SPLINE_CURVE ( ( 1.000000000000001300, 0.9238795325112853000, 1.000000000000000000, 0.9238795325112867400, 1.000000000000000000, 0.9238795325112867400, 1.000000000000000000, 0.9238795325112881800, 0.9999999999999985600 ) ) 
 REPRESENTATION_ITEM ( '' )  );
#955 = ORIENTED_EDGE ( 'NONE', *, *, #166, .T. ) ;
#956 = FACE_OUTER_BOUND ( 'NONE', #518, .T. ) ;
#957 = CARTESIAN_POINT ( 'NONE',  ( 3.999999999999999100, -1.656854249492382600, -15.14062500000001400 ) ) ;
#958 = DIRECTION ( 'NONE',  ( 0.0000000000000000000, -4.440451272847409300E-018, -1.000000000000000000 ) ) ;
#959 = CARTESIAN_POINT ( 'NONE',  ( -2.828427124746190300, -2.828427124746189800, -2.875000000000044400 ) ) ;
#960 = EDGE_LOOP ( 'NONE', ( #2376, #2390, #2793, #1969 ) ) ;
#961 = CARTESIAN_POINT ( 'NONE',  ( -4.000000000000000000, -1.656854249492380400, -10.60937500000002500 ) ) ;
#962 = ORIENTED_EDGE ( 'NONE', *, *, #272, .F. ) ;
#963 = VECTOR ( 'NONE', #4599, 1000.000000000000000 ) ;
#964 = CARTESIAN_POINT ( 'NONE',  ( 2.939152317953647900E-015, 4.000000000000000000, -18.34375000000001100 ) ) ;
#965 = CARTESIAN_POINT ( 'NONE',  ( 3.188101183952083000, -1.320554748610676600, 4.234374999999940500 ) ) ;
#966 = VERTEX_POINT ( 'NONE', #2377 ) ;
#967 = AXIS2_PLACEMENT_3D ( 'NONE', #5137, #2981, #386 ) ;
#968 = CALENDAR_DATE ( 2021, 9, 7 ) ;
#969 = CARTESIAN_POINT ( 'NONE',  ( 2.254327966281379300, -2.254327966281379300, -9.593750000000030200 ) ) ;
#970 = ORIENTED_EDGE ( 'NONE', *, *, #3447, .F. ) ;
#971 = DIRECTION ( 'NONE',  ( -0.0000000000000000000, -0.0000000000000000000, 1.000000000000000000 ) ) ;
#972 = ORIENTED_EDGE ( 'NONE', *, *, #2841, .F. ) ;
#973 = ADVANCED_FACE ( 'NONE', ( #5611 ), #1936, .T. ) ;
#974 = ADVANCED_FACE ( 'NONE', ( #584 ), #2752, .T. ) ;
#975 = CARTESIAN_POINT ( 'NONE',  ( 3.567521022652552400, -1.809086441531218400, 0.0000000000000000000 ) ) ;
#976 = CARTESIAN_POINT ( 'NONE',  ( -2.828427124746190300, -2.828427124746189800, -16.62500000000001400 ) ) ;
#977 = CARTESIAN_POINT ( 'NONE',  ( 3.053747950578510600, -1.896827212352538700, -0.4110862022978625200 ) ) ;
#978 = CYLINDRICAL_SURFACE ( 'NONE', #3922, 3.188101183952083900 ) ;
#979 = CARTESIAN_POINT ( 'NONE',  ( -3.904297910284806600E-016, -3.188101183952083900, -10.84375000000002500 ) ) ;
#980 = EDGE_CURVE ( 'NONE', #1103, #2960, #1448, .T. ) ;
#981 = CARTESIAN_POINT ( 'NONE',  ( -3.188101183952115800, -1.320554748610623300, -3.578125000000044400 ) ) ;
#982 = CARTESIAN_POINT ( 'NONE',  ( 1.656854249492379700, -4.000000000000000900, -16.54687500000001100 ) ) ;
#983 = CARTESIAN_POINT ( 'NONE',  ( 4.000000000000000000, -8.280375562182076100E-016, 0.09374999999994804200 ) ) ;
#984 = CARTESIAN_POINT ( 'NONE',  ( -2.828427124746189800, 2.828427124746190300, -7.093750000000032000 ) ) ;
#985 = CARTESIAN_POINT ( 'NONE',  ( 0.0000000000000000000, -3.716535159873934600E-017, -20.06250000000000400 ) ) ;
#986 = APPROVAL_DATE_TIME ( #3142, #703 ) ;
#987 = ORIENTED_EDGE ( 'NONE', *, *, #606, .F. ) ;
#988 = CARTESIAN_POINT ( 'NONE',  ( -1.518625914947311400, -1.518625914947332500, 4.000000000000000000 ) ) ;
#989 = B_SPLINE_CURVE_WITH_KNOTS ( 'NONE', 3,
 ( #474, #5324, #3090, #4794 ),
 .UNSPECIFIED., .F., .F.,
 ( 4, 4 ),
 ( 0.0000000000000000000, 0.002643265658142923500 ),
 .UNSPECIFIED. ) ;
#990 = CARTESIAN_POINT ( 'NONE',  ( 3.188101183952083000, -1.320554748610676600, -9.515625000000028400 ) ) ;
#991 = VERTEX_POINT ( 'NONE', #2519 ) ;
#992 =( BOUNDED_SURFACE ( )  B_SPLINE_SURFACE ( 1, 2, ( 
 ( #5654, #932, #3444, #870, #5249, #2158, #3929, #3488, #2182, #5225, #2618, #1341, #3905, #489, #20, #4307, #2596, #2226, #5672, #3513, #460, #1803, #912, #2666, #4805, #2201, #3036, #1366, #5294, #5272, #3101, #848, #3866, #1712, #4741, #2139, #1386, #4875, #1433, #132, #575, #3614, #3165, #3575, #5313, #2311, #2753, #2685, #4440, #3597, #91, #1021, #2248, #4416, #4478, #2270, #3186, #982, #1900, #4945, #5337, #2327, #3124, #2287, #4016, #4038, #4459, #1821, #3536, #1041, #1865, #2706, #3992, #596, #150, #957, #5394, #1408, #5359, #2766, #1455, #109, #4853, #4057, #167, #3556, #3145, #1003, #552, #1841, #1472, #3200, #528, #4902, #2732, #1880, #4923, #5379, #4499, #3973, #4531, #1920, #2341, #3649, #1486, #183, #1055, #4072, #613, #1501, #2781, #4512, #3628, #4964, #5411, #630, #1937, #1071, #3215, #4090, #2692, #3541, #3173, #4484, #1438, #2252, #1460, #4881, #3104, #4043, #2672, #511, #2712, #961, #4464, #1008, #2275, #3977, #5341, #1868, #3997, #138, #1415, #4395, #1391, #2317, #76, #581, #4445, #1886, #114, #157, #4909, #2291, #535, #3602, #4930, #3151, #4423, #5318, #1028, #3559, #5384, #2757, #1808, #95, #1847, #559, #4022, #3190, #3581, #5364, #1826, #2737, #602, #4858, #3130, #3620, #984, #3958, #1373, #4836, #2231, #5298, #1110, #1932, #5351, #4981, #4106, #3230, #4481, #3202, #2347, #615, #579, #2735, #200, #3635, #1474, #3187, #5434, #1941, #135, #4549, #600, #1490, #1956, #186, #4060, #4041, #650, #5005, #2755, #4501, #2769, #2331, #155, #3672, #1526, #1458, #1059, #1884, #3652, #4928, #4074, #3618, #5399, #2380, #1901, #171, #1504, #1045, #4968, #2314, #5381, #3171, #1089, #4515, #4950, #3600, #1025, #1925, #5416, #2784, #3218, #632, #1074, #4094, #4534, #4992, #2360, #2800, #3701, #2880, #695, #4566, #5515, #4120, #1971, #4153, #5019, #2862, #2423, #3722, #2394, #1133, #271, #5482, #1584, #2848, #218, #5468, #3755, #1539, #4616, #251, #3313, #1571, #1602, #3293, #714, #1988, #2020, #289, #4598, #2827, #1123, #5074, #5036, #727, #4188, #3251, #4139, #3279, #2004, #5498, #1168, #5057, #3737, #233, #4171, #2437, #3264, #680, #1152, #1554, #4632, #1109, #2039, #5093, #5445, #4581, #2815, #662, #3687, #2406, #2969, #4208, #2930, #2079, #341, #302, #2454, #5605, #3363, #1202, #2916, #5160, #1664, #5535, #4282, #322, #1222, #1688, #5588, #3790, #3771 ),
 ( #779, #1617, #3382, #4649, #3803, #2470, #5132, #4716, #4224, #2491, #1238, #3341, #4681, #1186, #2053, #2898, #374, #4239, #5112, #3327, #3841, #3403, #748, #765, #5550, #825, #1635, #4667, #2062, #4698, #1257, #2949, #5569, #2117, #1649, #5145, #2525, #2509, #356, #798, #3821, #4262, #2099, #3462, #2136, #433, #18, #5222, #1338, #2594, #5627, #1709, #3510, #3864, #4365, #5669, #3080, #886, #1361, #3057, #455, #1733, #1780, #5268, #3902, #1273, #3441, #4802, #4759, #2639, #3949, #2991, #867, #3031, #1753, #2177, #45, #4779, #1312, #4306, #3926, #2200, #4738, #414, #5246, #5201, #2614, #2572, #845, #3483, #485, #930, #5649, #4386, #1802, #4830, #5180, #2545, #3012, #4344, #908, #392, #3419, #3884, #1291, #4321, #2155, #2683, #4919, #1453, #2221, #4053, #87, #999, #1469, #5354, #3554, #3534, #5377, #4496, #2246, #3989, #2268, #1838, #5310, #148, #3611, #952, #549, #3970, #3163, #1383, #106, #3121, #4871, #1898, #979, #5335, #1020, #524, #4456, #4413, #1818, #2665, #2749, #3571, #4850, #5293, #1039, #3183, #505, #1406, #66, #593, #4437, #2702, #3141, #4474, #3097, #2729, #4015, #1429, #1861, #4899, #2308, #2286, #129, #571, #3594, #4033, #1879, #3223, #1915, #197, #5441, #4983, #1100, #2356, #5393, #1483, #3259, #3627, #4113, #5429, #2822, #643, #1116, #2809, #213, #1500, #1534, #5010, #3662, #1053, #3213, #4560, #4527, #2385, #3695, #2763, #626, #2796, #1518, #1950, #5460, #4543, #1085, #4070, #3679, #1965, #4509, #180, #4999, #4961, #2370, #2340, #611, #3242, #227, #673, #5410, #4131, #1548, #4577, #4943, #2326, #2779, #4102, #658, #164, #3197, #3645, #1070, #4089, #1933, #2414, #4642, #1180, #1982, #3783, #5491, #721, #1196, #5088, #3286, #3275, #5105, #4220, #1997, #3730, #2012, #1578, #5051, #5545, #3335, #689, #282, #3715, #2892, #1128, #5506, #2853, #4608, #1630, #708, #5068, #739, #263, #4182, #4146, #1567, #2401, #2465, #3305, #4591, #5029, #757, #2911, #244, #1144, #5476, #313, #4164, #2432, #2872, #4201, #2840, #2449, #3751, #1163, #1593, #4624, #2048, #2032, #5529, #296, #3320, #3765, #1611, #2958, #1643, #5599, #5173, #4692, #834, #2092, #5123, #1214, #3004, #3353, #3857, #5153, #2564, #367, #859, #2537, #5619, #1232, #1267, #4730, #3394, #772, #2941, #4297, #4251, #2127, #3433, #2480, #350, #2517, #1248, #1677, #5193, #4276, #817, #3797, #3414 ) ),
 .UNSPECIFIED., .F., .F., .F. ) 
 B_SPLINE_SURFACE_WITH_KNOTS ( ( 2, 2 ),
 ( 3, 2, 2, 2, 2, 2, 2, 2, 2, 2, 2, 2, 2, 2, 2, 2, 2, 2, 2, 2, 2, 2, 2, 2, 2, 2, 2, 2, 2, 2, 2, 2, 2, 2, 2, 2, 2, 2, 2, 2, 2, 2, 2, 2, 2, 2, 2, 2, 2, 2, 2, 2, 2, 2, 2, 2, 2, 2, 2, 2, 2, 2, 2, 2, 2, 2, 2, 2, 2, 2, 2, 2, 2, 2, 2, 2, 2, 2, 2, 2, 2, 2, 2, 2, 2, 2, 2, 2, 2, 2, 2, 2, 2, 2, 2, 2, 2, 2, 2, 2, 2, 2, 2, 2, 2, 2, 2, 2, 2, 2, 2, 2, 2, 2, 2, 2, 2, 2, 2, 2, 2, 2, 2, 2, 2, 2, 2, 2, 2, 2, 2, 2, 2, 2, 2, 2, 2, 2, 2, 2, 2, 2, 2, 2, 2, 2, 2, 2, 2, 2, 2, 2, 2, 2, 2, 2, 2, 2, 2, 2, 2, 2, 2, 2, 2, 2, 2, 2, 3 ),
 ( 0.0000000000000000000, 1.000000000000000000 ),
 ( 0.0000000000000000000, 0.005952380952380952100, 0.01190476190476190400, 0.01785714285714285600, 0.02380952380952380800, 0.02976190476190476000, 0.03571428571428571200, 0.04166666666666666400, 0.04761904761904761600, 0.05357142857142856800, 0.05952380952380952100, 0.06547619047619047900, 0.07142857142857142500, 0.07738095238095238400, 0.08333333333333332900, 0.08928571428571428800, 0.09523809523809523300, 0.1011904761904761900, 0.1071428571428571400, 0.1130952380952381000, 0.1190476190476190400, 0.1250000000000000000, 0.1309523809523809600, 0.1369047619047619200, 0.1428571428571428500, 0.1488095238095238100, 0.1547619047619047700, 0.1607142857142857300, 0.1666666666666666600, 0.1726190476190476200, 0.1785714285714285800, 0.1845238095238095300, 0.1904761904761904700, 0.1964285714285714200, 0.2023809523809523800, 0.2083333333333333400, 0.2142857142857142700, 0.2202380952380952300, 0.2261904761904761900, 0.2321428571428571500, 0.2380952380952380800, 0.2440476190476190400, 0.2500000000000000000, 0.2559523809523809300, 0.2619047619047619200, 0.2678571428571428500, 0.2738095238095238400, 0.2797619047619047700, 0.2857142857142857000, 0.2916666666666666900, 0.2976190476190476200, 0.3035714285714285500, 0.3095238095238095300, 0.3154761904761904700, 0.3214285714285714500, 0.3273809523809523800, 0.3333333333333333100, 0.3392857142857143000, 0.3452380952380952300, 0.3511904761904761600, 0.3571428571428571500, 0.3630952380952380800, 0.3690476190476190700, 0.3750000000000000000, 0.3809523809523809300, 0.3869047619047619200, 0.3928571428571428500, 0.3988095238095238400, 0.4047619047619047700, 0.4107142857142857000, 0.4166666666666666900, 0.4226190476190476200, 0.4285714285714285500, 0.4345238095238095300, 0.4404761904761904700, 0.4464285714285714500, 0.4523809523809523800, 0.4583333333333333100, 0.4642857142857143000, 0.4702380952380952300, 0.4761904761904761600, 0.4821428571428571500, 0.4880952380952380800, 0.4940476190476190700, 0.5000000000000000000, 0.5059523809523809300, 0.5119047619047618600, 0.5178571428571429000, 0.5238095238095238400, 0.5297619047619047700, 0.5357142857142857000, 0.5416666666666666300, 0.5476190476190476700, 0.5535714285714286000, 0.5595238095238095300, 0.5654761904761904700, 0.5714285714285714000, 0.5773809523809523300, 0.5833333333333333700, 0.5892857142857143000, 0.5952380952380952300, 0.6011904761904761600, 0.6071428571428571000, 0.6130952380952381400, 0.6190476190476190700, 0.6250000000000000000, 0.6309523809523809300, 0.6369047619047618600, 0.6428571428571429000, 0.6488095238095238400, 0.6547619047619047700, 0.6607142857142857000, 0.6666666666666666300, 0.6726190476190476700, 0.6785714285714286000, 0.6845238095238095300, 0.6904761904761904700, 0.6964285714285714000, 0.7023809523809523300, 0.7083333333333333700, 0.7142857142857143000, 0.7202380952380952300, 0.7261904761904761600, 0.7321428571428571000, 0.7380952380952381400, 0.7440476190476190700, 0.7500000000000000000, 0.7559523809523809300, 0.7619047619047618600, 0.7678571428571429000, 0.7738095238095238400, 0.7797619047619047700, 0.7857142857142857000, 0.7916666666666666300, 0.7976190476190476700, 0.8035714285714286000, 0.8095238095238095300, 0.8154761904761904700, 0.8214285714285714000, 0.8273809523809523300, 0.8333333333333333700, 0.8392857142857143000, 0.8452380952380952300, 0.8511904761904761600, 0.8571428571428571000, 0.8630952380952381400, 0.8690476190476190700, 0.8750000000000000000, 0.8809523809523809300, 0.8869047619047618600, 0.8928571428571429000, 0.8988095238095238400, 0.9047619047619047700, 0.9107142857142857000, 0.9166666666666666300, 0.9226190476190476700, 0.9285714285714286000, 0.9345238095238095300, 0.9404761904761904700, 0.9464285714285714000, 0.9523809523809523300, 0.9583333333333333700, 0.9642857142857143000, 0.9702380952380952300, 0.9761904761904761600, 0.9821428571428571000, 0.9880952380952381400, 0.9940476190476190700, 1.000000000000000000 ),
 .UNSPECIFIED. ) 
 GEOMETRIC_REPRESENTATION_ITEM ( )  RATIONAL_B_SPLINE_SURFACE ( (
 ( 1.000000000000000000, 0.9238795325112867400, 1.000000000000000000, 0.9238795325112867400, 1.000000000000000000, 0.9238795325112867400, 1.000000000000000000, 0.9238795325112867400, 1.000000000000000000, 0.9238795325112867400, 1.000000000000000000, 0.9238795325112867400, 1.000000000000000000, 0.9238795325112867400, 1.000000000000000000, 0.9238795325112867400, 1.000000000000000000, 0.9238795325112867400, 1.000000000000000000, 0.9238795325112867400, 1.000000000000000000, 0.9238795325112867400, 1.000000000000000000, 0.9238795325112867400, 1.000000000000000000, 0.9238795325112867400, 1.000000000000000000, 0.9238795325112867400, 1.000000000000000000, 0.9238795325112867400, 1.000000000000000000, 0.9238795325112867400, 1.000000000000000000, 0.9238795325112867400, 1.000000000000000000, 0.9238795325112867400, 1.000000000000000000, 0.9238795325112867400, 1.000000000000000000, 0.9238795325112867400, 1.000000000000000000, 0.9238795325112867400, 1.000000000000000000, 0.9238795325112867400, 1.000000000000000000, 0.9238795325112867400, 1.000000000000000000, 0.9238795325112867400, 1.000000000000000000, 0.9238795325112867400, 1.000000000000000000, 0.9238795325112867400, 1.000000000000000000, 0.9238795325112867400, 1.000000000000000000, 0.9238795325112867400, 1.000000000000000000, 0.9238795325112867400, 1.000000000000000000, 0.9238795325112867400, 1.000000000000000000, 0.9238795325112867400, 1.000000000000000000, 0.9238795325112867400, 1.000000000000000000, 0.9238795325112867400, 1.000000000000000000, 0.9238795325112867400, 1.000000000000000000, 0.9238795325112867400, 1.000000000000000000, 0.9238795325112867400, 1.000000000000000000, 0.9238795325112867400, 1.000000000000000000, 0.9238795325112867400, 1.000000000000000000, 0.9238795325112867400, 1.000000000000000000, 0.9238795325112867400, 1.000000000000000000, 0.9238795325112867400, 1.000000000000000000, 0.9238795325112867400, 1.000000000000000000, 0.9238795325112867400, 1.000000000000000000, 0.9238795325112867400, 1.000000000000000000, 0.9238795325112867400, 1.000000000000000000, 0.9238795325112867400, 1.000000000000000000, 0.9238795325112867400, 1.000000000000000000, 0.9238795325112867400, 1.000000000000000000, 0.9238795325112867400, 1.000000000000000000, 0.9238795325112867400, 1.000000000000000000, 0.9238795325112867400, 1.000000000000000000, 0.9238795325112867400, 1.000000000000000000, 0.9238795325112867400, 1.000000000000000000, 0.9238795325112867400, 1.000000000000000000, 0.9238795325112867400, 1.000000000000000000, 0.9238795325112867400, 1.000000000000000000, 0.9238795325112867400, 1.000000000000000000, 0.9238795325112867400, 1.000000000000000000, 0.9238795325112867400, 1.000000000000000000, 0.9238795325112867400, 1.000000000000000000, 0.9238795325112867400, 1.000000000000000000, 0.9238795325112867400, 1.000000000000000000, 0.9238795325112867400, 1.000000000000000000, 0.9238795325112867400, 1.000000000000000000, 0.9238795325112867400, 1.000000000000000000, 0.9238795325112867400, 1.000000000000000000, 0.9238795325112867400, 1.000000000000000000, 0.9238795325112867400, 1.000000000000000000, 0.9238795325112867400, 1.000000000000000000, 0.9238795325112867400, 1.000000000000000000, 0.9238795325112867400, 1.000000000000000000, 0.9238795325112867400, 1.000000000000000000, 0.9238795325112867400, 1.000000000000000000, 0.9238795325112867400, 1.000000000000000000, 0.9238795325112867400, 1.000000000000000000, 0.9238795325112867400, 1.000000000000000000, 0.9238795325112867400, 1.000000000000000000, 0.9238795325112867400, 1.000000000000000000, 0.9238795325112867400, 1.000000000000000000, 0.9238795325112867400, 1.000000000000000000, 0.9238795325112867400, 1.000000000000000000, 0.9238795325112867400, 1.000000000000000000, 0.9238795325112867400, 1.000000000000000000, 0.9238795325112867400, 1.000000000000000000, 0.9238795325112867400, 1.000000000000000000, 0.9238795325112867400, 1.000000000000000000, 0.9238795325112867400, 1.000000000000000000, 0.9238795325112867400, 1.000000000000000000, 0.9238795325112867400, 1.000000000000000000, 0.9238795325112867400, 1.000000000000000000, 0.9238795325112867400, 1.000000000000000000, 0.9238795325112867400, 1.000000000000000000, 0.9238795325112867400, 1.000000000000000000, 0.9238795325112867400, 1.000000000000000000, 0.9238795325112867400, 1.000000000000000000, 0.9238795325112867400, 1.000000000000000000, 0.9238795325112867400, 1.000000000000000000, 0.9238795325112867400, 1.000000000000000000, 0.9238795325112867400, 1.000000000000000000, 0.9238795325112867400, 1.000000000000000000, 0.9238795325112867400, 1.000000000000000000, 0.9238795325112867400, 1.000000000000000000, 0.9238795325112867400, 1.000000000000000000, 0.9238795325112867400, 1.000000000000000000, 0.9238795325112867400, 1.000000000000000000, 0.9238795325112867400, 1.000000000000000000, 0.9238795325112867400, 1.000000000000000000, 0.9238795325112867400, 1.000000000000000000, 0.9238795325112867400, 1.000000000000000000, 0.9238795325112867400, 1.000000000000000000, 0.9238795325112867400, 1.000000000000000000, 0.9238795325112867400, 1.000000000000000000, 0.9238795325112867400, 1.000000000000000000, 0.9238795325112867400, 1.000000000000000000, 0.9238795325112867400, 1.000000000000000000, 0.9238795325112867400, 1.000000000000000000, 0.9238795325112867400, 1.000000000000000000, 0.9238795325112867400, 1.000000000000000000, 0.9238795325112867400, 1.000000000000000000, 0.9238795325112867400, 1.000000000000000000, 0.9238795325112867400, 1.000000000000000000, 0.9238795325112867400, 1.000000000000000000, 0.9238795325112867400, 1.000000000000000000, 0.9238795325112867400, 1.000000000000000000, 0.9238795325112867400, 1.000000000000000000, 0.9238795325112867400, 1.000000000000000000, 0.9238795325112867400, 1.000000000000000000, 0.9238795325112867400, 1.000000000000000000, 0.9238795325112867400, 1.000000000000000000, 0.9238795325112867400, 1.000000000000000000, 0.9238795325112867400, 1.000000000000000000, 0.9238795325112867400, 1.000000000000000000, 0.9238795325112867400, 1.000000000000000000, 0.9238795325112867400, 1.000000000000000000, 0.9238795325112867400, 1.000000000000000000, 0.9238795325112867400, 1.000000000000000000, 0.9238795325112867400, 1.000000000000000000, 0.9238795325112867400, 1.000000000000000000, 0.9238795325112867400, 1.000000000000000000, 0.9238795325112867400, 1.000000000000000000, 0.9238795325112867400, 1.000000000000000000, 0.9238795325112867400, 1.000000000000000000, 0.9238795325112867400, 1.000000000000000000, 0.9238795325112867400, 1.000000000000000000, 0.9238795325112867400, 1.000000000000000000, 0.9238795325112867400, 1.000000000000000000, 0.9238795325112867400, 1.000000000000000000, 0.9238795325112867400, 1.000000000000000000, 0.9238795325112867400, 1.000000000000000000, 0.9238795325112867400, 1.000000000000000000, 0.9238795325112867400, 1.000000000000000000, 0.9238795325112867400, 1.000000000000000000, 0.9238795325112867400, 1.000000000000000000, 0.9238795325112867400, 1.000000000000000000, 0.9238795325112867400, 1.000000000000000000, 0.9238795325112867400, 1.000000000000000000, 0.9238795325112867400, 1.000000000000000000, 0.9238795325112867400, 1.000000000000000000, 0.9238795325112867400, 1.000000000000000000, 0.9238795325112867400, 1.000000000000000000, 0.9238795325112867400, 1.000000000000000000, 0.9238795325112867400, 1.000000000000000000, 0.9238795325112867400, 1.000000000000000000, 0.9238795325112867400, 1.000000000000000000, 0.9238795325112867400, 1.000000000000000000, 0.9238795325112867400, 1.000000000000000000, 0.9238795325112867400, 1.000000000000000000, 0.9238795325112867400, 1.000000000000000000),
 ( 1.000000000000000000, 0.9238795325112867400, 1.000000000000000000, 0.9238795325112867400, 1.000000000000000000, 0.9238795325112867400, 1.000000000000000000, 0.9238795325112867400, 1.000000000000000000, 0.9238795325112867400, 1.000000000000000000, 0.9238795325112867400, 1.000000000000000000, 0.9238795325112867400, 1.000000000000000000, 0.9238795325112867400, 1.000000000000000000, 0.9238795325112867400, 1.000000000000000000, 0.9238795325112867400, 1.000000000000000000, 0.9238795325112867400, 1.000000000000000000, 0.9238795325112867400, 1.000000000000000000, 0.9238795325112867400, 1.000000000000000000, 0.9238795325112867400, 1.000000000000000000, 0.9238795325112867400, 1.000000000000000000, 0.9238795325112867400, 1.000000000000000000, 0.9238795325112867400, 1.000000000000000000, 0.9238795325112867400, 1.000000000000000000, 0.9238795325112867400, 1.000000000000000000, 0.9238795325112867400, 1.000000000000000000, 0.9238795325112867400, 1.000000000000000000, 0.9238795325112867400, 1.000000000000000000, 0.9238795325112867400, 1.000000000000000000, 0.9238795325112867400, 1.000000000000000000, 0.9238795325112867400, 1.000000000000000000, 0.9238795325112867400, 1.000000000000000000, 0.9238795325112867400, 1.000000000000000000, 0.9238795325112867400, 1.000000000000000000, 0.9238795325112867400, 1.000000000000000000, 0.9238795325112867400, 1.000000000000000000, 0.9238795325112867400, 1.000000000000000000, 0.9238795325112867400, 1.000000000000000000, 0.9238795325112867400, 1.000000000000000000, 0.9238795325112867400, 1.000000000000000000, 0.9238795325112867400, 1.000000000000000000, 0.9238795325112867400, 1.000000000000000000, 0.9238795325112867400, 1.000000000000000000, 0.9238795325112867400, 1.000000000000000000, 0.9238795325112867400, 1.000000000000000000, 0.9238795325112867400, 1.000000000000000000, 0.9238795325112867400, 1.000000000000000000, 0.9238795325112867400, 1.000000000000000000, 0.9238795325112867400, 1.000000000000000000, 0.9238795325112867400, 1.000000000000000000, 0.9238795325112867400, 1.000000000000000000, 0.9238795325112867400, 1.000000000000000000, 0.9238795325112867400, 1.000000000000000000, 0.9238795325112867400, 1.000000000000000000, 0.9238795325112867400, 1.000000000000000000, 0.9238795325112867400, 1.000000000000000000, 0.9238795325112867400, 1.000000000000000000, 0.9238795325112867400, 1.000000000000000000, 0.9238795325112867400, 1.000000000000000000, 0.9238795325112867400, 1.000000000000000000, 0.9238795325112867400, 1.000000000000000000, 0.9238795325112867400, 1.000000000000000000, 0.9238795325112867400, 1.000000000000000000, 0.9238795325112867400, 1.000000000000000000, 0.9238795325112867400, 1.000000000000000000, 0.9238795325112867400, 1.000000000000000000, 0.9238795325112867400, 1.000000000000000000, 0.9238795325112867400, 1.000000000000000000, 0.9238795325112867400, 1.000000000000000000, 0.9238795325112867400, 1.000000000000000000, 0.9238795325112867400, 1.000000000000000000, 0.9238795325112867400, 1.000000000000000000, 0.9238795325112867400, 1.000000000000000000, 0.9238795325112867400, 1.000000000000000000, 0.9238795325112867400, 1.000000000000000000, 0.9238795325112867400, 1.000000000000000000, 0.9238795325112867400, 1.000000000000000000, 0.9238795325112867400, 1.000000000000000000, 0.9238795325112867400, 1.000000000000000000, 0.9238795325112867400, 1.000000000000000000, 0.9238795325112867400, 1.000000000000000000, 0.9238795325112867400, 1.000000000000000000, 0.9238795325112867400, 1.000000000000000000, 0.9238795325112867400, 1.000000000000000000, 0.9238795325112867400, 1.000000000000000000, 0.9238795325112867400, 1.000000000000000000, 0.9238795325112867400, 1.000000000000000000, 0.9238795325112867400, 1.000000000000000000, 0.9238795325112867400, 1.000000000000000000, 0.9238795325112867400, 1.000000000000000000, 0.9238795325112867400, 1.000000000000000000, 0.9238795325112867400, 1.000000000000000000, 0.9238795325112867400, 1.000000000000000000, 0.9238795325112867400, 1.000000000000000000, 0.9238795325112867400, 1.000000000000000000, 0.9238795325112867400, 1.000000000000000000, 0.9238795325112867400, 1.000000000000000000, 0.9238795325112867400, 1.000000000000000000, 0.9238795325112867400, 1.000000000000000000, 0.9238795325112867400, 1.000000000000000000, 0.9238795325112867400, 1.000000000000000000, 0.9238795325112867400, 1.000000000000000000, 0.9238795325112867400, 1.000000000000000000, 0.9238795325112867400, 1.000000000000000000, 0.9238795325112867400, 1.000000000000000000, 0.9238795325112867400, 1.000000000000000000, 0.9238795325112867400, 1.000000000000000000, 0.9238795325112867400, 1.000000000000000000, 0.9238795325112867400, 1.000000000000000000, 0.9238795325112867400, 1.000000000000000000, 0.9238795325112867400, 1.000000000000000000, 0.9238795325112867400, 1.000000000000000000, 0.9238795325112867400, 1.000000000000000000, 0.9238795325112867400, 1.000000000000000000, 0.9238795325112867400, 1.000000000000000000, 0.9238795325112867400, 1.000000000000000000, 0.9238795325112867400, 1.000000000000000000, 0.9238795325112867400, 1.000000000000000000, 0.9238795325112867400, 1.000000000000000000, 0.9238795325112867400, 1.000000000000000000, 0.9238795325112867400, 1.000000000000000000, 0.9238795325112867400, 1.000000000000000000, 0.9238795325112867400, 1.000000000000000000, 0.9238795325112867400, 1.000000000000000000, 0.9238795325112867400, 1.000000000000000000, 0.9238795325112867400, 1.000000000000000000, 0.9238795325112867400, 1.000000000000000000, 0.9238795325112867400, 1.000000000000000000, 0.9238795325112867400, 1.000000000000000000, 0.9238795325112867400, 1.000000000000000000, 0.9238795325112867400, 1.000000000000000000, 0.9238795325112867400, 1.000000000000000000, 0.9238795325112867400, 1.000000000000000000, 0.9238795325112867400, 1.000000000000000000, 0.9238795325112867400, 1.000000000000000000, 0.9238795325112867400, 1.000000000000000000, 0.9238795325112867400, 1.000000000000000000, 0.9238795325112867400, 1.000000000000000000, 0.9238795325112867400, 1.000000000000000000, 0.9238795325112867400, 1.000000000000000000, 0.9238795325112867400, 1.000000000000000000, 0.9238795325112867400, 1.000000000000000000, 0.9238795325112867400, 1.000000000000000000, 0.9238795325112867400, 1.000000000000000000, 0.9238795325112867400, 1.000000000000000000, 0.9238795325112867400, 1.000000000000000000, 0.9238795325112867400, 1.000000000000000000, 0.9238795325112867400, 1.000000000000000000, 0.9238795325112867400, 1.000000000000000000, 0.9238795325112867400, 1.000000000000000000, 0.9238795325112867400, 1.000000000000000000, 0.9238795325112867400, 1.000000000000000000, 0.9238795325112867400, 1.000000000000000000, 0.9238795325112867400, 1.000000000000000000, 0.9238795325112867400, 1.000000000000000000, 0.9238795325112867400, 1.000000000000000000, 0.9238795325112867400, 1.000000000000000000, 0.9238795325112867400, 1.000000000000000000, 0.9238795325112867400, 1.000000000000000000, 0.9238795325112867400, 1.000000000000000000, 0.9238795325112867400, 1.000000000000000000, 0.9238795325112867400, 1.000000000000000000, 0.9238795325112867400, 1.000000000000000000, 0.9238795325112867400, 1.000000000000000000, 0.9238795325112867400, 1.000000000000000000, 0.9238795325112867400, 1.000000000000000000, 0.9238795325112867400, 1.000000000000000000, 0.9238795325112867400, 1.000000000000000000, 0.9238795325112867400, 1.000000000000000000, 0.9238795325112867400, 1.000000000000000000, 0.9238795325112867400, 1.000000000000000000, 0.9238795325112867400, 1.000000000000000000, 0.9238795325112867400, 1.000000000000000000, 0.9238795325112867400, 1.000000000000000000) ) ) 
 REPRESENTATION_ITEM ( '' )  SURFACE ( )  );
#994 = DIRECTION ( 'NONE',  ( -0.0000000000000000000, -0.0000000000000000000, 1.000000000000000000 ) ) ;
#993 = APPROVAL_ROLE ( '' ) ;
#995 = ORIENTED_EDGE ( 'NONE', *, *, #1947, .F. ) ;
#996 = CARTESIAN_POINT ( 'NONE',  ( 0.07043897856067321600, 3.469236885248498900, -0.5374257039071690400 ) ) ;
#997 = CARTESIAN_POINT ( 'NONE',  ( -4.898587196589413800E-016, -4.000000000000000000, -15.21875000000001800 ) ) ;
#998 = CARTESIAN_POINT ( 'NONE',  ( 0.9365718095865948100, -3.117967655227199300, -0.7508819269583563200 ) ) ;
#999 = CARTESIAN_POINT ( 'NONE',  ( -1.320554748610674800, 3.188101183952083900, -12.64062500000002100 ) ) ;
#1000 = EDGE_LOOP ( 'NONE', ( #304, #2817, #3170, #3338 ) ) ;
#1001 = CARTESIAN_POINT ( 'NONE',  ( 1.656854249492419900, 3.999999999999983600, -0.9218750000000511800 ) ) ;
#1002 = LINE ( 'NONE', #5098, #4358 ) ;
#1003 = CARTESIAN_POINT ( 'NONE',  ( -1.656854249492381200, -4.000000000000000000, -14.20312500000001600 ) ) ;
#1004 = CARTESIAN_POINT ( 'NONE',  ( -1.656854249492395200, -3.999999999999994200, -12.95312500000002000 ) ) ;
#1005 = DIRECTION ( 'NONE',  ( 1.000000000000000000, 6.867897855370852000E-015, 0.0000000000000000000 ) ) ;
#1006 = CARTESIAN_POINT ( 'NONE',  ( -0.9666666666666465800, -2.851173418023745100, 4.000000000000000000 ) ) ;
#1007 = CARTESIAN_POINT ( 'NONE',  ( 5.998263823987151000E-032, 4.000000000000000000, 4.156249999999937800 ) ) ;
#1008 = CARTESIAN_POINT ( 'NONE',  ( -1.656854249492381200, -4.000000000000000000, -10.45312500000002500 ) ) ;
#1009 = ADVANCED_FACE ( 'NONE', ( #14 ), #3274, .T. ) ;
#1010 = DIRECTION ( 'NONE',  ( -0.0000000000000000000, -0.0000000000000000000, -1.000000000000000000 ) ) ;
#1011 = CARTESIAN_POINT ( 'NONE',  ( -2.254327966281379300, 2.254327966281379300, -21.46875000000000000 ) ) ;
#1012 = CARTESIAN_POINT ( 'NONE',  ( -1.320554748610675200, -3.188101183952083900, -8.578125000000030200 ) ) ;
#1013 = VERTEX_POINT ( 'NONE', #3768 ) ;
#1014 = EDGE_CURVE ( 'NONE', #5581, #2550, #3955, .T. ) ;
#1015 = CARTESIAN_POINT ( 'NONE',  ( -4.000000000000040900, -1.656854249492314000, -0.6093750000000488500 ) ) ;
#1016 = CC_DESIGN_PERSON_AND_ORGANIZATION_ASSIGNMENT ( #809, #5141, ( #4817 ) ) ;
#1017 = CARTESIAN_POINT ( 'NONE',  ( -4.000000000000003600, -1.656854249492370800, -6.859375000000032000 ) ) ;
#1018 = CARTESIAN_POINT ( 'NONE',  ( 1.656854249492379700, -4.000000000000000900, -13.89062500000002100 ) ) ;
#1019 = CARTESIAN_POINT ( 'NONE',  ( 4.000000000000000000, 4.955146781549962200E-016, 15.31370849898476100 ) ) ;
#1020 = CARTESIAN_POINT ( 'NONE',  ( 2.254327966281379300, -2.254327966281379300, -10.68750000000002500 ) ) ;
#1021 = CARTESIAN_POINT ( 'NONE',  ( -4.000000000000000000, 1.656854249492381000, -17.01562500000001100 ) ) ;
#1022 = CARTESIAN_POINT ( 'NONE',  ( 1.320554748610646800, -3.188101183952095000, -2.015625000000045300 ) ) ;
#1023 = EDGE_CURVE ( 'NONE', #3086, #3522, #4511, .T. ) ;
#1024 = CARTESIAN_POINT ( 'NONE',  ( -4.000000000000010700, 1.656854249492371500, -19.51562499999999600 ) ) ;
#1025 = CARTESIAN_POINT ( 'NONE',  ( 5.998263823987151000E-032, 4.000000000000000000, -2.250000000000043500 ) ) ;
#1026 = CARTESIAN_POINT ( 'NONE',  ( 3.999999999999999100, -1.656854249492382600, 2.515624999999941400 ) ) ;
#1027 = VECTOR ( 'NONE', #4927, 1000.000000000000000 ) ;
#1028 = CARTESIAN_POINT ( 'NONE',  ( 5.998263823987151000E-032, 4.000000000000000000, -8.500000000000028400 ) ) ;
#1029 = CARTESIAN_POINT ( 'NONE',  ( 0.0000000000000000000, 0.0000000000000000000, 3.811199603341277600 ) ) ;
#1030 = CARTESIAN_POINT ( 'NONE',  ( 0.0000000000000000000, 5.655958496054998300E-018, 15.31370849898476100 ) ) ;
#1031 = VERTEX_POINT ( 'NONE', #3308 ) ;
#1032 = CARTESIAN_POINT ( 'NONE',  ( 3.999999999999986200, 1.656854249492378800, -4.984375000000035500 ) ) ;
#1033 = VERTEX_POINT ( 'NONE', #724 ) ;
#1034 =( BOUNDED_CURVE ( )  B_SPLINE_CURVE ( 2, ( #4539, #1546, #3283, #211, #1996, #5489, #279, #4111, #1948 ),
 .UNSPECIFIED., .F., .F. ) 
 B_SPLINE_CURVE_WITH_KNOTS ( ( 3, 2, 2, 2, 3 ),
 ( 0.3214285714285714000, 0.3273809523809523300, 0.3333333333333332600, 0.3392857142857143000, 0.3452380952380952300 ),
 .UNSPECIFIED. ) 
 CURVE ( )  GEOMETRIC_REPRESENTATION_ITEM ( )  RATIONAL_B_SPLINE_CURVE ( ( 1.000000000000000700, 0.9238795325112860700, 1.000000000000000000, 0.9238795325112867400, 1.000000000000000000, 0.9238795325112867400, 1.000000000000000000, 0.9238795325112867400, 1.000000000000000000 ) ) 
 REPRESENTATION_ITEM ( '' )  );
#1035 = CARTESIAN_POINT ( 'NONE',  ( 2.828427124746190700, 2.828427124746189400, -13.50000000000002100 ) ) ;
#1036 = ORIENTED_EDGE ( 'NONE', *, *, #3646, .F. ) ;
#1037 = LINE ( 'NONE', #4840, #2551 ) ;
#1038 = CARTESIAN_POINT ( 'NONE',  ( -4.000000000000000000, 3.714344098498879600E-014, -1.781250000000046600 ) ) ;
#1039 = CARTESIAN_POINT ( 'NONE',  ( -3.188101183952083900, 1.019654187844447800E-016, -9.906250000000028400 ) ) ;
#1040 = DIRECTION ( 'NONE',  ( -1.000000000000000000, 0.0000000000000000000, 0.0000000000000000000 ) ) ;
#1041 = CARTESIAN_POINT ( 'NONE',  ( -4.000000000000000000, -1.656854249492380400, -15.60937500000001100 ) ) ;
#1042 = CARTESIAN_POINT ( 'NONE',  ( -3.188101183952083900, -1.656942013744068800E-015, -15.06250000000001600 ) ) ;
#1043 = AXIS2_PLACEMENT_3D ( 'NONE', #633, #2348, #219 ) ;
#1044 = CARTESIAN_POINT ( 'NONE',  ( 4.000000000000000000, -1.087261723177285700E-014, -17.40625000000001100 ) ) ;
#1045 = CARTESIAN_POINT ( 'NONE',  ( -1.656854249492381200, -4.000000000000000000, -2.953125000000042600 ) ) ;
#1046 = CARTESIAN_POINT ( 'NONE',  ( 3.999999999999999100, -1.656854249492382600, 3.765624999999939200 ) ) ;
#1047 = ORIENTED_EDGE ( 'NONE', *, *, #4936, .T. ) ;
#1048 = CARTESIAN_POINT ( 'NONE',  ( 2.254327966281380200, -2.254327966281378400, -19.59375000000000700 ) ) ;
#1049 = CARTESIAN_POINT ( 'NONE',  ( 7.842691359635766500E-015, -4.000000000000000000, -13.96875000000002100 ) ) ;
#1050 = EDGE_LOOP ( 'NONE', ( #2713, #4530, #1510, #3837 ) ) ;
#1051 = CARTESIAN_POINT ( 'NONE',  ( 2.254327966281379300, -2.254327966281379300, -17.09375000000001100 ) ) ;
#1052 = DIRECTION ( 'NONE',  ( -1.000000000000000000, 0.0000000000000000000, 0.0000000000000000000 ) ) ;
#1053 = CARTESIAN_POINT ( 'NONE',  ( -1.320554748610674800, 3.188101183952083900, -6.390625000000035500 ) ) ;
#1054 = EDGE_CURVE ( 'NONE', #1061, #1734, #5583, .T. ) ;
#1055 = CARTESIAN_POINT ( 'NONE',  ( 2.828427124746189800, -2.828427124746190700, -12.71875000000002000 ) ) ;
#1056 = CARTESIAN_POINT ( 'NONE',  ( -4.000000000000039100, -1.656854249492318000, -6.703125000000039100 ) ) ;
#1057 = CARTESIAN_POINT ( 'NONE',  ( -3.188101183952083900, 6.151653806825543000E-015, -2.406250000000044000 ) ) ;
#1058 = CARTESIAN_POINT ( 'NONE',  ( 3.188101183952083900, -1.415069532665545000E-014, -8.031250000000032000 ) ) ;
#1059 = CARTESIAN_POINT ( 'NONE',  ( 4.000000000000000000, -8.280375562182076100E-016, -3.812500000000038200 ) ) ;
#1060 = CARTESIAN_POINT ( 'NONE',  ( 1.656854249492379700, -4.000000000000000900, 2.359374999999941400 ) ) ;
#1061 = VERTEX_POINT ( 'NONE', #2484 ) ;
#1062 = CLOSED_SHELL ( 'NONE', ( #3900, #3505, #3936, #1425, #4328, #429, #1684, #4394, #1356, #1263, #3152, #534, #4825, #4433, #3084, #1320, #3439, #2292, #4786, #4302, #973, #4396, #974, #842, #2163, #1009, #3965, #904, #1355, #4857, #4826, #3115, #75, #4894, #102, #2195, #5280, #2556, #2622, #1392, #2260, #3407, #938, #1814, #500, #40, #4329, #536, #3053, #2724, #3471, #5279, #501, #428, #5243, #2693, #2232, #4723, #4029, #4360, #2621, #2164, #2132, #903, #1749, #4432, #467, #876, #568, #5646, #5613, #1848, #1815, #2590, #3937, #5307, #1785, #4361, #3899, #466, #4859, #939, #5207, #3470, #2263, #4757, #2660, #41, #3, #1786, #3568, #2691, #3085, #2591, #1719, #1750, #3506, #2230, #4785, #401, #1319, #3603 ) ) ;
#1063 = FACE_OUTER_BOUND ( 'NONE', #4034, .T. ) ;
#1064 = CARTESIAN_POINT ( 'NONE',  ( -3.188101183952083900, 2.971803142986850300E-016, -21.00000000000000000 ) ) ;
#1065 = AXIS2_PLACEMENT_3D ( 'NONE', #1991, #1541, #2831 ) ;
#1066 =( BOUNDED_CURVE ( )  B_SPLINE_CURVE ( 2, ( #4163, #1577, #1247, #2058, #3372, #3831, #2464, #1628, #2090 ),
 .UNSPECIFIED., .F., .T. ) 
 B_SPLINE_CURVE_WITH_KNOTS ( ( 3, 2, 2, 2, 3 ),
 ( 0.7023809523809522200, 0.7083333333333332600, 0.7142857142857141900, 0.7202380952380952300, 0.7261904761904761600 ),
 .UNSPECIFIED. ) 
 CURVE ( )  GEOMETRIC_REPRESENTATION_ITEM ( )  RATIONAL_B_SPLINE_CURVE ( ( 1.000000000000001300, 0.9238795325112853000, 1.000000000000000000, 0.9238795325112867400, 1.000000000000000000, 0.9238795325112867400, 1.000000000000000000, 0.9238795325112867400, 1.000000000000000000 ) ) 
 REPRESENTATION_ITEM ( '' )  );
#1067 = CARTESIAN_POINT ( 'NONE',  ( 2.254327966281375300, -2.254327966281382900, -8.343750000000032000 ) ) ;
#1068 = CARTESIAN_POINT ( 'NONE',  ( 2.254327966281379300, 2.254327966281378900, -4.281250000000041700 ) ) ;
#1069 = CARTESIAN_POINT ( 'NONE',  ( 2.254327966281382000, 2.254327966281376200, -19.28125000000000700 ) ) ;
#1070 = CARTESIAN_POINT ( 'NONE',  ( -3.904297910284806600E-016, -3.188101183952083900, -3.343750000000041300 ) ) ;
#1071 = CARTESIAN_POINT ( 'NONE',  ( -4.000000000000000000, -1.656854249492380400, -11.85937500000002300 ) ) ;
#1072 = CARTESIAN_POINT ( 'NONE',  ( -3.188101183952083900, -9.522284963014628900E-017, -12.56250000000002100 ) ) ;
#1073 = ORIENTED_EDGE ( 'NONE', *, *, #159, .T. ) ;
#1074 = CARTESIAN_POINT ( 'NONE',  ( -2.828427124746190300, -2.828427124746189800, -1.781250000000043300 ) ) ;
#1075 = ORIENTED_EDGE ( 'NONE', *, *, #5493, .T. ) ;
#1076 = CARTESIAN_POINT ( 'NONE',  ( -3.188101183952083900, 6.856367324268150400E-016, -11.31250000000002500 ) ) ;
#1077 = ORIENTED_EDGE ( 'NONE', *, *, #1362, .T. ) ;
#1078 = CARTESIAN_POINT ( 'NONE',  ( -2.733008537199364400E-015, -3.188101183952083900, -17.25000000000001100 ) ) ;
#1079 = B_SPLINE_CURVE_WITH_KNOTS ( 'NONE', 3,
 ( #3851, #4292, #2558, #4725, #4770, #2123 ),
 .UNSPECIFIED., .F., .F.,
 ( 4, 2, 4 ),
 ( 0.0000000000000000000, 0.0009602070382823793600, 0.001920414076564759200 ),
 .UNSPECIFIED. ) ;
#1080 = CARTESIAN_POINT ( 'NONE',  ( -2.254327966281379300, -2.254327966281379300, -3.656250000000041300 ) ) ;
#1081 = EDGE_CURVE ( 'NONE', #4631, #3307, #3544, .T. ) ;
#1082 = CARTESIAN_POINT ( 'NONE',  ( 4.000000000000000000, 5.792482926816559800E-015, -2.406250000000047100 ) ) ;
#1083 = AXIS2_PLACEMENT_3D ( 'NONE', #4300, #792, #3027 ) ;
#1084 = DIRECTION ( 'NONE',  ( 1.000000000000000000, 0.0000000000000000000, 0.0000000000000000000 ) ) ;
#1085 = CARTESIAN_POINT ( 'NONE',  ( 2.254327966281379300, 2.254327966281378900, -5.375000000000036400 ) ) ;
#1086 = CARTESIAN_POINT ( 'NONE',  ( 5.466017074398728800E-015, 3.188101183952083900, -12.71875000000002100 ) ) ;
#1087 = DIRECTION ( 'NONE',  ( -1.000000000000000000, 0.0000000000000000000, 0.0000000000000000000 ) ) ;
#1088 = CARTESIAN_POINT ( 'NONE',  ( -2.828427124746179200, 2.828427124746201400, -14.59375000000001600 ) ) ;
#1089 = CARTESIAN_POINT ( 'NONE',  ( 4.000000000000000000, -8.280375562182076100E-016, -2.562500000000044000 ) ) ;
#1090 = CARTESIAN_POINT ( 'NONE',  ( -3.188101183952074100, -1.320554748610684600, -19.98437500000000700 ) ) ;
#1091 = ORIENTED_EDGE ( 'NONE', *, *, #2009, .T. ) ;
#1092 = DIRECTION ( 'NONE',  ( -0.0000000000000000000, -0.0000000000000000000, 1.000000000000000000 ) ) ;
#1093 = CARTESIAN_POINT ( 'NONE',  ( 2.271282991659793700E-030, -3.252606517456513300E-016, 4.000000000000000000 ) ) ;
#1094 = VERTEX_POINT ( 'NONE', #337 ) ;
#1095 = CIRCLE ( 'NONE', #4787, 3.188101183952083900 ) ;
#1096 = AXIS2_PLACEMENT_3D ( 'NONE', #3269, #2772, #173 ) ;
#1097 = CARTESIAN_POINT ( 'NONE',  ( 2.815533720748164100, -0.7874938090656914400, 1.952044866385984400 ) ) ;
#1098 = VERTEX_POINT ( 'NONE', #3339 ) ;
#1099 = PERSON_AND_ORGANIZATION ( #3943, #890 ) ;
#1100 = CARTESIAN_POINT ( 'NONE',  ( 5.998263823987151000E-032, 3.188101183952083900, -7.718750000000032900 ) ) ;
#1101 = DIRECTION ( 'NONE',  ( -0.0000000000000000000, -0.0000000000000000000, 1.000000000000000000 ) ) ;
#1102 = DIRECTION ( 'NONE',  ( -0.3812272063696632300, 0.9203638919632203300, 0.08715574274765834600 ) ) ;
#1103 = VERTEX_POINT ( 'NONE', #760 ) ;
#1104 = ORIENTED_EDGE ( 'NONE', *, *, #4719, .F. ) ;
#1105 = DIRECTION ( 'NONE',  ( -0.0000000000000000000, -0.0000000000000000000, 1.000000000000000000 ) ) ;
#1106 = DIRECTION ( 'NONE',  ( -0.0000000000000000000, -0.0000000000000000000, 1.000000000000000000 ) ) ;
#1107 = CYLINDRICAL_SURFACE ( 'NONE', #2487, 4.000000000000000000 ) ;
#1108 = CARTESIAN_POINT ( 'NONE',  ( -1.320554748610690100, -3.188101183952077200, -7.328125000000034600 ) ) ;
#1109 = CARTESIAN_POINT ( 'NONE',  ( -4.000000000000000000, 1.656854249492381000, 2.984374999999945400 ) ) ;
#1110 = CARTESIAN_POINT ( 'NONE',  ( -4.898587196589413800E-016, -4.000000000000000000, -6.625000000000033800 ) ) ;
#1111 = CARTESIAN_POINT ( 'NONE',  ( 2.254327966281378900, -2.254327966281379300, -15.84375000000001400 ) ) ;
#1112 = EDGE_CURVE ( 'NONE', #1967, #4082, #2514, .T. ) ;
#1113 = CC_DESIGN_APPROVAL ( #703, ( #3487 ) ) ;
#1114 = ORIENTED_EDGE ( 'NONE', *, *, #5622, .T. ) ;
#1115 = DIRECTION ( 'NONE',  ( -0.0000000000000000000, -0.0000000000000000000, -1.000000000000000000 ) ) ;
#1116 = CARTESIAN_POINT ( 'NONE',  ( 2.254327966281379300, -2.254327966281379300, -6.937500000000033800 ) ) ;
#1117 = CARTESIAN_POINT ( 'NONE',  ( 0.0000000000000000000, -9.324947672979560100E-017, -21.00000000000000000 ) ) ;
#1118 = EDGE_CURVE ( 'NONE', #4371, #5418, #1640, .T. ) ;
#1119 = FACE_OUTER_BOUND ( 'NONE', #2893, .T. ) ;
#1120 = CARTESIAN_POINT ( 'NONE',  ( 0.0000000000000000000, -9.324947672979560100E-017, -21.00000000000000000 ) ) ;
#1121 = VERTEX_POINT ( 'NONE', #3203 ) ;
#1122 = CARTESIAN_POINT ( 'NONE',  ( 1.320554748610649700, -3.188101183952093600, -7.171875000000034600 ) ) ;
#1123 = CARTESIAN_POINT ( 'NONE',  ( 2.828427124746190700, 2.828427124746189400, 1.343749999999949200 ) ) ;
#1124 = CARTESIAN_POINT ( 'NONE',  ( -1.320554748610685900, -3.188101183952079000, -14.67187500000002000 ) ) ;
#1125 =( BOUNDED_CURVE ( )  B_SPLINE_CURVE ( 2, ( #1650, #5202, #4265, #1240, #5182, #357, #2100, #3824, #1666 ),
 .UNSPECIFIED., .F., .T. ) 
 B_SPLINE_CURVE_WITH_KNOTS ( ( 3, 2, 2, 2, 3 ),
 ( 0.2738095238095237800, 0.2797619047619047100, 0.2857142857142857000, 0.2916666666666666900, 0.2976190476190476200 ),
 .UNSPECIFIED. ) 
 CURVE ( )  GEOMETRIC_REPRESENTATION_ITEM ( )  RATIONAL_B_SPLINE_CURVE ( ( 1.000000000000000700, 0.9238795325112860700, 1.000000000000000000, 0.9238795325112867400, 1.000000000000000000, 0.9238795325112867400, 1.000000000000000000, 0.9238795325112867400, 1.000000000000000000 ) ) 
 REPRESENTATION_ITEM ( '' )  );
#1126 = CARTESIAN_POINT ( 'NONE',  ( 0.0000000000000000000, 5.655958496054998300E-018, 0.0000000000000000000 ) ) ;
#1127 = CARTESIAN_POINT ( 'NONE',  ( 3.441676448002640500, -0.8415227507677517400, 2.569598495903451200 ) ) ;
#1128 = CARTESIAN_POINT ( 'NONE',  ( -3.188101183952083900, 1.320554748610674800, -1.234375000000048000 ) ) ;
#1129 = DIRECTION ( 'NONE',  ( -0.0000000000000000000, -0.0000000000000000000, 1.000000000000000000 ) ) ;
#1130 = ORIENTED_EDGE ( 'NONE', *, *, #3014, .T. ) ;
#1131 = DIRECTION ( 'NONE',  ( -1.000000000000000000, 0.0000000000000000000, 0.0000000000000000000 ) ) ;
#1132 = CARTESIAN_POINT ( 'NONE',  ( -1.656854249492372800, -4.000000000000003600, -6.546875000000037300 ) ) ;
#1133 = CARTESIAN_POINT ( 'NONE',  ( 1.656854249492379700, -4.000000000000000900, -0.2968750000000470700 ) ) ;
#1134 = LINE ( 'NONE', #2851, #5632 ) ;
#1135 = CARTESIAN_POINT ( 'NONE',  ( 3.188101183952083900, -1.024639741637064300E-014, -14.28125000000001800 ) ) ;
#1136 = EDGE_CURVE ( 'NONE', #2305, #5481, #2262, .T. ) ;
#1137 = CARTESIAN_POINT ( 'NONE',  ( -2.815533720748158800, 0.7874938090657109800, 1.952044866385984800 ) ) ;
#1138 = LINE ( 'NONE', #2734, #3767 ) ;
#1139 = EDGE_CURVE ( 'NONE', #2834, #208, #4266, .T. ) ;
#1140 = CARTESIAN_POINT ( 'NONE',  ( 4.687415225147684200, -0.9501487722897813400, 3.811199603341275800 ) ) ;
#1141 = CARTESIAN_POINT ( 'NONE',  ( 0.0000000000000000000, -9.324947672979560100E-017, -21.00000000000000000 ) ) ;
#1142 = VERTEX_POINT ( 'NONE', #3282 ) ;
#1143 = FACE_OUTER_BOUND ( 'NONE', #4671, .T. ) ;
#1144 = CARTESIAN_POINT ( 'NONE',  ( -1.320554748610675200, -3.188101183952083900, 0.3281249999999500400 ) ) ;
#1145 = ORIENTED_EDGE ( 'NONE', *, *, #3747, .F. ) ;
#1146 = DIRECTION ( 'NONE',  ( 1.000000000000000000, 0.0000000000000000000, 0.0000000000000000000 ) ) ;
#1148 = CARTESIAN_POINT ( 'NONE',  ( 3.188101183952073200, 1.320554748610673500, -5.609375000000036400 ) ) ;
#1147 = CARTESIAN_POINT ( 'NONE',  ( 1.656854249492370400, -4.000000000000004400, -15.29687500000001800 ) ) ;
#1149 = ORIENTED_EDGE ( 'NONE', *, *, #3136, .F. ) ;
#1150 = CYLINDRICAL_SURFACE ( 'NONE', #5073, 4.000000000000000000 ) ;
#1151 = CARTESIAN_POINT ( 'NONE',  ( 4.000000000000000000, -1.807754995536090300E-015, -18.81250000000000700 ) ) ;
#1152 = CARTESIAN_POINT ( 'NONE',  ( 5.998263823987151000E-032, 4.000000000000000000, 2.749999999999946700 ) ) ;
#1153 = EDGE_CURVE ( 'NONE', #3432, #2008, #1002, .T. ) ;
#1154 = CARTESIAN_POINT ( 'NONE',  ( 4.000000000000000000, -1.807754995536090300E-015, -18.81250000000000700 ) ) ;
#1155 = DIRECTION ( 'NONE',  ( 0.0000000000000000000, -4.440451272847409300E-018, -1.000000000000000000 ) ) ;
#1156 = CARTESIAN_POINT ( 'NONE',  ( 3.923821602364237900E-015, -4.000000000000000000, -7.875000000000031100 ) ) ;
#1157 = CARTESIAN_POINT ( 'NONE',  ( -1.320554748610673700, -3.188101183952084300, -16.07812500000001400 ) ) ;
#1158 = ORIENTED_EDGE ( 'NONE', *, *, #5389, .T. ) ;
#1159 = CONICAL_SURFACE ( 'NONE', #729, 4.000000000000000000, 0.7853981633974500600 ) ;
#1160 = AXIS2_PLACEMENT_3D ( 'NONE', #3126, #1342, #3953 ) ;
#1161 = CARTESIAN_POINT ( 'NONE',  ( -1.568538271927153300E-014, 4.000000000000000000, -4.750000000000039100 ) ) ;
#1162 = CARTESIAN_POINT ( 'NONE',  ( 3.188101183952083000, -1.320554748610676600, -3.265625000000042600 ) ) ;
#1163 = CARTESIAN_POINT ( 'NONE',  ( -1.320554748610674800, 3.188101183952083900, 1.109374999999947200 ) ) ;
#1164 = FACE_OUTER_BOUND ( 'NONE', #5059, .T. ) ;
#1165 = CARTESIAN_POINT ( 'NONE',  ( 3.188101183952083900, -1.102725699842760400E-014, -13.03125000000002000 ) ) ;
#1166 = AXIS2_PLACEMENT_3D ( 'NONE', #5553, #1173, #4192 ) ;
#1167 = FACE_OUTER_BOUND ( 'NONE', #4166, .T. ) ;
#1168 = CARTESIAN_POINT ( 'NONE',  ( -4.898587196589413800E-016, -4.000000000000000000, 2.124999999999946300 ) ) ;
#1169 = CARTESIAN_POINT ( 'NONE',  ( -1.309756779131173500, -1.309756779131191700, 0.8807309842807566900 ) ) ;
#1170 = DIRECTION ( 'NONE',  ( -0.0000000000000000000, -0.0000000000000000000, 1.000000000000000000 ) ) ;
#1171 = VECTOR ( 'NONE', #3682, 1000.000000000000000 ) ;
#1172 = CARTESIAN_POINT ( 'NONE',  ( 3.188101183952083900, -9.324947672979560100E-017, -21.00000000000000000 ) ) ;
#1173 = DIRECTION ( 'NONE',  ( -0.0000000000000000000, -0.0000000000000000000, 1.000000000000000000 ) ) ;
#1174 = EDGE_CURVE ( 'NONE', #5161, #3364, #3348, .T. ) ;
#1175 = ORIENTED_EDGE ( 'NONE', *, *, #323, .F. ) ;
#1176 = ORIENTED_EDGE ( 'NONE', *, *, #5081, .F. ) ;
#1177 = CARTESIAN_POINT ( 'NONE',  ( -0.9666666666666465800, -2.851173418023745100, 4.000000000000000000 ) ) ;
#1178 = CARTESIAN_POINT ( 'NONE',  ( 3.188101183952083400, 1.320554748610675500, -4.359375000000040900 ) ) ;
#1179 = CARTESIAN_POINT ( 'NONE',  ( 1.762533992807647800, -3.554738594735958200, -20.10324932711226300 ) ) ;
#1180 = CARTESIAN_POINT ( 'NONE',  ( 3.188101183952083400, 1.320554748610675500, -2.953125000000042600 ) ) ;
#1181 = CARTESIAN_POINT ( 'NONE',  ( 0.0000000000000000000, -9.324947672979560100E-017, -21.00000000000000000 ) ) ;
#1182 =( BOUNDED_CURVE ( )  B_SPLINE_CURVE ( 2, ( #4915, #1032, #688, #5456, #1161, #3710, #1533, #2836, #225 ),
 .UNSPECIFIED., .F., .T. ) 
 B_SPLINE_CURVE_WITH_KNOTS ( ( 3, 2, 2, 2, 3 ),
 ( 0.6071428571428572100, 0.6130952380952382500, 0.6190476190476190700, 0.6250000000000000000, 0.6309523809523809300 ),
 .UNSPECIFIED. ) 
 CURVE ( )  GEOMETRIC_REPRESENTATION_ITEM ( )  RATIONAL_B_SPLINE_CURVE ( ( 0.9999999999999985600, 0.9238795325112881800, 1.000000000000000000, 0.9238795325112867400, 1.000000000000000000, 0.9238795325112867400, 1.000000000000000000, 0.9238795325112867400, 1.000000000000000000 ) ) 
 REPRESENTATION_ITEM ( '' )  );
#1184 = CARTESIAN_POINT ( 'NONE',  ( 1.656854249492376800, -4.000000000000001800, -6.390625000000039100 ) ) ;
#1183 = CARTESIAN_POINT ( 'NONE',  ( -4.000000000000012400, -1.656854249492365900, -15.60937500000001200 ) ) ;
#1185 = CARTESIAN_POINT ( 'NONE',  ( 2.815533720748164100, -0.7874938090656914400, 1.952044866385984400 ) ) ;
#1186 = CARTESIAN_POINT ( 'NONE',  ( 3.188101183952083400, 1.320554748610675500, -20.45312500000000400 ) ) ;
#1187 = DIRECTION ( 'NONE',  ( 3.552713678800500900E-015, -1.000000000000000000, 0.0000000000000000000 ) ) ;
#1188 = VERTEX_POINT ( 'NONE', #731 ) ;
#1189 = ORIENTED_EDGE ( 'NONE', *, *, #3688, .F. ) ;
#1190 = CARTESIAN_POINT ( 'NONE',  ( -1.656854249492396300, -3.999999999999993300, -12.79687500000002300 ) ) ;
#1191 = CARTESIAN_POINT ( 'NONE',  ( -4.000000000000000000, 5.782579236631146200E-015, -4.437500000000039100 ) ) ;
#1192 = CARTESIAN_POINT ( 'NONE',  ( 2.254327966281379300, -2.254327966281379300, -7.093750000000033800 ) ) ;
#1193 = VERTEX_POINT ( 'NONE', #1587 ) ;
#1194 = VERTEX_POINT ( 'NONE', #5538 ) ;
#1195 = CARTESIAN_POINT ( 'NONE',  ( 3.188101183952083900, -9.465537834313682300E-015, -15.53125000000001400 ) ) ;
#1196 = CARTESIAN_POINT ( 'NONE',  ( -2.254327966281379300, 2.254327966281379300, -2.562500000000044000 ) ) ;
#1197 = CARTESIAN_POINT ( 'NONE',  ( 0.7874938090657208600, 2.815533720748156100, 1.952044866385984800 ) ) ;
#1198 = AXIS2_PLACEMENT_3D ( 'NONE', #5122, #2909, #5087 ) ;
#1199 = CARTESIAN_POINT ( 'NONE',  ( 2.828427124746163200, -2.828427124746217400, -3.968750000000038200 ) ) ;
#1200 = CARTESIAN_POINT ( 'NONE',  ( -1.320554748610682800, 3.188101183952080300, -5.296875000000037300 ) ) ;
#1201 = CARTESIAN_POINT ( 'NONE',  ( -3.188101183952075400, 1.320554748610695200, -8.890625000000030200 ) ) ;
#1202 = CARTESIAN_POINT ( 'NONE',  ( -4.000000000000000000, -1.656854249492380400, 4.390624999999943200 ) ) ;
#1203 = EDGE_CURVE ( 'NONE', #1193, #5591, #1471, .T. ) ;
#1204 = DIRECTION ( 'NONE',  ( 1.000000000000000000, 0.0000000000000000000, 0.0000000000000000000 ) ) ;
#1205 = CARTESIAN_POINT ( 'NONE',  ( 1.656854249492381700, -3.999999999999999100, -12.64062500000002300 ) ) ;
#1206 = EDGE_LOOP ( 'NONE', ( #2812, #4317, #1833, #145 ) ) ;
#1207 = LINE ( 'NONE', #189, #4665 ) ;
#1208 = EDGE_CURVE ( 'NONE', #3878, #4337, #5236, .T. ) ;
#1209 = CARTESIAN_POINT ( 'NONE',  ( 2.254327966281382900, 2.254327966281375800, -17.87500000000001100 ) ) ;
#1210 = CARTESIAN_POINT ( 'NONE',  ( 2.254327966281379300, 2.254327966281378900, -1.781250000000046600 ) ) ;
#1211 = B_SPLINE_CURVE_WITH_KNOTS ( 'NONE', 3,
 ( #4438, #5311, #3903, #3535 ),
 .UNSPECIFIED., .F., .F.,
 ( 4, 4 ),
 ( 0.001420673074166639100, 0.001616243865009982300 ),
 .UNSPECIFIED. ) ;
#1212 =( BOUNDED_CURVE ( )  B_SPLINE_CURVE ( 2, ( #340, #1601, #5130, #2436, #4630, #2929, #2078, #1201, #3362 ),
 .UNSPECIFIED., .F., .T. ) 
 B_SPLINE_CURVE_WITH_KNOTS ( ( 3, 2, 2, 2, 3 ),
 ( 0.4642857142857142500, 0.4702380952380951800, 0.4761904761904761600, 0.4821428571428571500, 0.4880952380952380800 ),
 .UNSPECIFIED. ) 
 CURVE ( )  GEOMETRIC_REPRESENTATION_ITEM ( )  RATIONAL_B_SPLINE_CURVE ( ( 1.000000000000000700, 0.9238795325112860700, 1.000000000000000000, 0.9238795325112867400, 1.000000000000000000, 0.9238795325112867400, 1.000000000000000000, 0.9238795325112867400, 1.000000000000000000 ) ) 
 REPRESENTATION_ITEM ( '' )  );
#1213 = CARTESIAN_POINT ( 'NONE',  ( 1.320554748610667700, -3.188101183952087000, -17.01562500000001400 ) ) ;
#1214 = CARTESIAN_POINT ( 'NONE',  ( -3.188101183952083900, 1.320554748610674800, 2.515624999999945400 ) ) ;
#1215 = CARTESIAN_POINT ( 'NONE',  ( 1.320554748610668300, -3.188101183952087000, -18.26562500000000700 ) ) ;
#1216 = ORIENTED_EDGE ( 'NONE', *, *, #193, .T. ) ;
#1217 = ORIENTED_EDGE ( 'NONE', *, *, #1153, .T. ) ;
#1218 = CARTESIAN_POINT ( 'NONE',  ( -3.505539730857060800, -1.351183989882217300, -20.31334462542663000 ) ) ;
#1219 = COORDINATED_UNIVERSAL_TIME_OFFSET ( 6, 0, .BEHIND. ) ;
#1220 = CARTESIAN_POINT ( 'NONE',  ( -4.000000000000000000, 1.656854249492381000, -9.359375000000032000 ) ) ;
#1221 = ORIENTED_EDGE ( 'NONE', *, *, #682, .T. ) ;
#1222 = CARTESIAN_POINT ( 'NONE',  ( 4.000000000000000000, -8.280375562182076100E-016, 4.937499999999942300 ) ) ;
#1223 = EDGE_LOOP ( 'NONE', ( #4264, #681, #2204, #3295 ) ) ;
#1224 = ORIENTED_EDGE ( 'NONE', *, *, #4366, .F. ) ;
#1225 = CARTESIAN_POINT ( 'NONE',  ( -4.000000000000000000, -4.014595156547679100E-015, -16.93750000000001100 ) ) ;
#1226 = VECTOR ( 'NONE', #62, 1000.000000000000000 ) ;
#1227 = CARTESIAN_POINT ( 'NONE',  ( -4.000000000000000000, -1.656854249492380400, -4.203125000000043500 ) ) ;
#1228 = ORIENTED_EDGE ( 'NONE', *, *, #4711, .F. ) ;
#1229 = CARTESIAN_POINT ( 'NONE',  ( -0.7874938090657012100, -2.815533720748161400, 1.952044866385984400 ) ) ;
#1230 = CARTESIAN_POINT ( 'NONE',  ( -1.320554748610674800, 3.188101183952083900, -1.546875000000048200 ) ) ;
#1231 = CARTESIAN_POINT ( 'NONE',  ( 2.433894964856282000, -3.164832228652049400, -20.07830930727308100 ) ) ;
#1232 = CARTESIAN_POINT ( 'NONE',  ( 3.188101183952083400, 1.320554748610675500, 3.296874999999941800 ) ) ;
#1233 = DIRECTION ( 'NONE',  ( -0.0000000000000000000, -0.0000000000000000000, -1.000000000000000000 ) ) ;
#1234 = ORIENTED_EDGE ( 'NONE', *, *, #1174, .T. ) ;
#1236 = CARTESIAN_POINT ( 'NONE',  ( -2.959804868085809100, 2.105543442030249700, -20.43820350679905200 ) ) ;
#1235 = CARTESIAN_POINT ( 'NONE',  ( 3.999999999999984500, -1.656854249492402300, -10.14062500000002800 ) ) ;
#1237 = CARTESIAN_POINT ( 'NONE',  ( 1.656854249492379700, -4.000000000000000900, -8.890625000000032000 ) ) ;
#1238 = CARTESIAN_POINT ( 'NONE',  ( 2.254327966281379300, -2.254327966281379300, -20.68750000000000400 ) ) ;
#1239 = CONICAL_SURFACE ( 'NONE', #97, 3.999999999999998200, 0.7853981633974473900 ) ;
#1240 = CARTESIAN_POINT ( 'NONE',  ( 1.320554748610675200, 3.188101183952083900, -14.20312500000002000 ) ) ;
#1241 = EDGE_LOOP ( 'NONE', ( #2367, #5573, #4283, #3891, #2994, #1481, #733, #1393, #3463, #1332, #597, #5474, #517, #388, #3373, #1543, #972, #3530, #4107, #995, #2908 ) ) ;
#1242 = EDGE_CURVE ( 'NONE', #3974, #201, #706, .T. ) ;
#1243 = CARTESIAN_POINT ( 'NONE',  ( -2.828427124746190300, -2.828427124746189800, -6.625000000000037300 ) ) ;
#1244 = CARTESIAN_POINT ( 'NONE',  ( 2.470960104035387700, 2.345634447569025800, -20.66000295960116900 ) ) ;
#1245 = DIRECTION ( 'NONE',  ( -0.0000000000000000000, -0.0000000000000000000, -1.000000000000000000 ) ) ;
#1246 = CARTESIAN_POINT ( 'NONE',  ( 5.998263823987151000E-032, 3.188101183952083900, -20.37500000000000400 ) ) ;
#1247 = CARTESIAN_POINT ( 'NONE',  ( 2.828427124746212900, 2.828427124746167200, -2.406250000000044000 ) ) ;
#1248 = CARTESIAN_POINT ( 'NONE',  ( 2.254327966281379300, -2.254327966281379300, 4.312499999999941400 ) ) ;
#1249 =( BOUNDED_CURVE ( )  B_SPLINE_CURVE ( 2, ( #3670, #4533, #4989, #4994, #634, #4571, #2804 ),
 .UNSPECIFIED., .F., .T. ) 
 B_SPLINE_CURVE_WITH_KNOTS ( ( 3, 2, 2, 3 ),
 ( 0.02259729451312074400, 0.02380952380952380500, 0.02976190476190475000, 0.03571428571428569100 ),
 .UNSPECIFIED. ) 
 CURVE ( )  GEOMETRIC_REPRESENTATION_ITEM ( )  RATIONAL_B_SPLINE_CURVE ( ( 0.9753096629728732500, 0.9844977225947197900, 1.000000000000000000, 0.9238795325112867400, 1.000000000000000000, 0.9238795325112869600, 0.9999999999999997800 ) ) 
 REPRESENTATION_ITEM ( '' )  );
#1250 = CARTESIAN_POINT ( 'NONE',  ( -3.993104247387551500E-016, -3.260617061317356800, -20.80188293868264200 ) ) ;
#1251 = DIRECTION ( 'NONE',  ( -0.0000000000000000000, -0.0000000000000000000, -1.000000000000000000 ) ) ;
#1253 = CARTESIAN_POINT ( 'NONE',  ( -2.459841082550011700, 2.639054438350423300, -20.46300749263236400 ) ) ;
#1252 = CARTESIAN_POINT ( 'NONE',  ( -4.000000000000002700, -1.656854249492373700, -10.60937500000002500 ) ) ;
#1254 = CARTESIAN_POINT ( 'NONE',  ( -4.000000000000000000, 1.516798830996750800E-016, -11.78125000000002700 ) ) ;
#1255 = CARTESIAN_POINT ( 'NONE',  ( -3.188101183952083900, -1.656942013744068800E-015, -15.06250000000001600 ) ) ;
#1256 = EDGE_LOOP ( 'NONE', ( #2986, #2858, #1560, #3224 ) ) ;
#1257 = CARTESIAN_POINT ( 'NONE',  ( 2.254327966281379300, 2.254327966281378900, -19.12500000000000700 ) ) ;
#1258 = ORIENTED_EDGE ( 'NONE', *, *, #48, .F. ) ;
#1259 = CARTESIAN_POINT ( 'NONE',  ( -1.656854249492380100, 4.000000000000000000, -18.42187500000001400 ) ) ;
#1260 = CARTESIAN_POINT ( 'NONE',  ( 2.828427124746196100, 2.828427124746184100, -16.00000000000001400 ) ) ;
#1261 = FACE_OUTER_BOUND ( 'NONE', #346, .T. ) ;
#1262 = CARTESIAN_POINT ( 'NONE',  ( -1.656854249492381200, -4.000000000000000000, -5.296875000000041700 ) ) ;
#1263 = ADVANCED_FACE ( 'NONE', ( #5197 ), #160, .T. ) ;
#1264 = CARTESIAN_POINT ( 'NONE',  ( 0.0000000000000000000, 5.655958496054998300E-018, 15.31370849898476100 ) ) ;
#1265 = CARTESIAN_POINT ( 'NONE',  ( -1.320554748610674800, 3.188101183952083900, -20.29687500000000700 ) ) ;
#1266 = CARTESIAN_POINT ( 'NONE',  ( -3.188101183952083900, 1.320554748610674800, 3.609374999999942700 ) ) ;
#1267 = CARTESIAN_POINT ( 'NONE',  ( 2.254327966281379300, 2.254327966281378900, 3.374999999999944000 ) ) ;
#1268 = CARTESIAN_POINT ( 'NONE',  ( 3.999999999999999100, 1.656854249492382600, -4.828125000000040900 ) ) ;
#1269 = CARTESIAN_POINT ( 'NONE',  ( -1.632117369144853800, -3.490457290629385100, -20.21686415584053300 ) ) ;
#1270 = ORIENTED_EDGE ( 'NONE', *, *, #3539, .T. ) ;
#1271 = LINE ( 'NONE', #4854, #3110 ) ;
#1272 = CARTESIAN_POINT ( 'NONE',  ( -1.656854249492381200, -4.000000000000000000, -12.79687500000002300 ) ) ;
#1273 = CARTESIAN_POINT ( 'NONE',  ( -1.320554748610674800, 3.188101183952083900, -16.39062500000001400 ) ) ;
#1274 = EDGE_CURVE ( 'NONE', #4783, #5432, #1540, .T. ) ;
#1275 = CARTESIAN_POINT ( 'NONE',  ( 7.249999999999999100, 0.0000000000000000000, 4.000000000000000000 ) ) ;
#1276 = VERTEX_POINT ( 'NONE', #2530 ) ;
#1277 = ORIENTED_EDGE ( 'NONE', *, *, #5181, .F. ) ;
#1278 = CYLINDRICAL_SURFACE ( 'NONE', #967, 3.188101183952083900 ) ;
#1279 = CARTESIAN_POINT ( 'NONE',  ( 2.254327966281383800, 2.254327966281374400, -15.53125000000001600 ) ) ;
#1280 = CARTESIAN_POINT ( 'NONE',  ( -3.188101183952083900, 1.320554748610675200, -4.984375000000037300 ) ) ;
#1281 =( BOUNDED_CURVE ( )  B_SPLINE_CURVE ( 2, ( #815, #4658, #5544, #3393, #4275, #2940, #349, #1642, #1656 ),
 .UNSPECIFIED., .F., .T. ) 
 B_SPLINE_CURVE_WITH_KNOTS ( ( 3, 2, 2, 2, 3 ),
 ( 0.5357142857142857000, 0.5416666666666666300, 0.5476190476190476700, 0.5535714285714286000, 0.5595238095238095300 ),
 .UNSPECIFIED. ) 
 CURVE ( )  GEOMETRIC_REPRESENTATION_ITEM ( )  RATIONAL_B_SPLINE_CURVE ( ( 1.000000000000000000, 0.9238795325112867400, 1.000000000000000000, 0.9238795325112867400, 1.000000000000000000, 0.9238795325112867400, 1.000000000000000000, 0.9238795325112867400, 1.000000000000000000 ) ) 
 REPRESENTATION_ITEM ( '' )  );
#1282 = CARTESIAN_POINT ( 'NONE',  ( 2.828427124746190700, 2.828427124746189400, -4.750000000000042600 ) ) ;
#1283 = DIRECTION ( 'NONE',  ( 1.000000000000000000, 0.0000000000000000000, 0.0000000000000000000 ) ) ;
#1284 = CARTESIAN_POINT ( 'NONE',  ( -3.904297910284806600E-016, -3.188101183952083900, -18.50000000000001100 ) ) ;
#1285 = CARTESIAN_POINT ( 'NONE',  ( -3.188101183952083900, -1.320554748610674600, 1.265624999999947400 ) ) ;
#1286 = ORIENTED_EDGE ( 'NONE', *, *, #811, .T. ) ;
#1287 = CARTESIAN_POINT ( 'NONE',  ( -4.000000000000000000, -1.075442838594031600E-015, -14.28125000000002000 ) ) ;
#1288 = CARTESIAN_POINT ( 'NONE',  ( 5.998263823987151000E-032, 4.000000000000000000, -8.343750000000033800 ) ) ;
#1289 = DIRECTION ( 'NONE',  ( -0.0000000000000000000, -0.0000000000000000000, -1.000000000000000000 ) ) ;
#1290 = CIRCLE ( 'NONE', #3091, 4.833333333333333000 ) ;
#1291 = CARTESIAN_POINT ( 'NONE',  ( -3.904297910284806600E-016, -3.188101183952083900, -13.34375000000002100 ) ) ;
#1292 = CARTESIAN_POINT ( 'NONE',  ( 3.188101183952083900, -9.324947672979560100E-017, -21.00000000000000000 ) ) ;
#1293 = DIRECTION ( 'NONE',  ( -0.0000000000000000000, -0.0000000000000000000, -1.000000000000000000 ) ) ;
#1294 = DIRECTION ( 'NONE',  ( -1.000000000000000000, 0.0000000000000000000, 0.0000000000000000000 ) ) ;
#1295 = ORIENTED_EDGE ( 'NONE', *, *, #728, .F. ) ;
#1296 = CARTESIAN_POINT ( 'NONE',  ( 2.828427124746190700, 2.828427124746189400, -3.500000000000044900 ) ) ;
#1297 = AXIS2_PLACEMENT_3D ( 'NONE', #1335, #5374, #195 ) ;
#1298 = CARTESIAN_POINT ( 'NONE',  ( 4.000000000000019500, 1.656854249492346800, -9.984375000000026600 ) ) ;
#1299 = CARTESIAN_POINT ( 'NONE',  ( -3.188101183952083900, 1.019654187844447800E-016, -16.31250000000001400 ) ) ;
#1300 = CARTESIAN_POINT ( 'NONE',  ( -3.188101183952083900, 1.320554748610674800, 2.359374999999944900 ) ) ;
#1301 = VECTOR ( 'NONE', #5345, 1000.000000000000000 ) ;
#1302 = DIRECTION ( 'NONE',  ( 6.982962677686266700E-015, -1.000000000000000000, 0.0000000000000000000 ) ) ;
#1303 = CARTESIAN_POINT ( 'NONE',  ( 0.9666666666666662300, 4.735680169380810200, 4.000000000000000000 ) ) ;
#1304 = ORIENTED_EDGE ( 'NONE', *, *, #4109, .T. ) ;
#1305 = ORIENTED_EDGE ( 'NONE', *, *, #637, .F. ) ;
#1306 = VECTOR ( 'NONE', #4415, 1000.000000000000000 ) ;
#1307 = EDGE_CURVE ( 'NONE', #324, #4011, #1782, .T. ) ;
#1309 = CARTESIAN_POINT ( 'NONE',  ( -1.198482408622134600, 3.348093668645108600, -20.51458927535711400 ) ) ;
#1308 = CARTESIAN_POINT ( 'NONE',  ( 1.656854249492375000, -4.000000000000002700, -2.796875000000042200 ) ) ;
#1310 = CARTESIAN_POINT ( 'NONE',  ( -4.000000000000000000, 1.656854249492381000, -20.60937500000000700 ) ) ;
#1311 = CARTESIAN_POINT ( 'NONE',  ( -3.188101183952083900, 2.971803142986850300E-016, -21.00000000000000000 ) ) ;
#1312 = CARTESIAN_POINT ( 'NONE',  ( 2.254327966281379300, 2.254327966281378900, -15.37500000000001600 ) ) ;
#1313 = CARTESIAN_POINT ( 'NONE',  ( -0.9556547051326315100, -4.703504979265511000, 3.874132703710360100 ) ) ;
#1314 = CARTESIAN_POINT ( 'NONE',  ( 3.188101183952080300, 1.320554748610677200, -15.60937500000001600 ) ) ;
#1315 = DIRECTION ( 'NONE',  ( -0.0000000000000000000, -0.0000000000000000000, -1.000000000000000000 ) ) ;
#1316 = EDGE_CURVE ( 'NONE', #749, #2920, #4154, .T. ) ;
#1317 = CARTESIAN_POINT ( 'NONE',  ( -1.320554748610692300, -3.188101183952076800, -4.671875000000040900 ) ) ;
#1318 = CARTESIAN_POINT ( 'NONE',  ( -1.656854249492381200, -4.000000000000000000, -0.2968750000000506800 ) ) ;
#1319 = ADVANCED_FACE ( 'NONE', ( #1063 ), #4684, .T. ) ;
#1320 = ADVANCED_FACE ( 'NONE', ( #2225 ), #1432, .T. ) ;
#1321 = ORIENTED_EDGE ( 'NONE', *, *, #585, .F. ) ;
#1322 = DIRECTION ( 'NONE',  ( -1.000000000000000000, 0.0000000000000000000, 0.0000000000000000000 ) ) ;
#1323 = CARTESIAN_POINT ( 'NONE',  ( 2.254327966281379300, 2.254327966281378900, -16.78125000000001100 ) ) ;
#1324 = CARTESIAN_POINT ( 'NONE',  ( 3.188101183952083400, 1.320554748610675500, 3.140624999999941800 ) ) ;
#1325 = ORIENTED_EDGE ( 'NONE', *, *, #2931, .F. ) ;
#1326 = CARTESIAN_POINT ( 'NONE',  ( 3.266966873125719300, -4.733073513444242700E-014, -0.7330331268742756900 ) ) ;
#1327 = CARTESIAN_POINT ( 'NONE',  ( 3.027484873431879100, -2.152720035040448300, -20.35527875039440800 ) ) ;
#1328 = CARTESIAN_POINT ( 'NONE',  ( -4.000000000000000000, 2.111114761735440400E-015, -18.18750000000001100 ) ) ;
#1329 = CARTESIAN_POINT ( 'NONE',  ( -3.188101183952083900, -1.320554748610674600, -12.48437500000002500 ) ) ;
#1330 = VERTEX_POINT ( 'NONE', #2996 ) ;
#1331 = EDGE_CURVE ( 'NONE', #780, #2765, #406, .T. ) ;
#1332 = ORIENTED_EDGE ( 'NONE', *, *, #4225, .F. ) ;
#1334 = CARTESIAN_POINT ( 'NONE',  ( -3.188101183952083900, 2.802361559602185900E-014, -3.812500000000041700 ) ) ;
#1333 = DATE_TIME_ROLE ( 'classification_date' ) ;
#1335 = CARTESIAN_POINT ( 'NONE',  ( 0.0000000000000000000, -9.324947672979560100E-017, -21.00000000000000000 ) ) ;
#1336 = CARTESIAN_POINT ( 'NONE',  ( 2.828427124746190700, 2.828427124746189400, -19.75000000000000700 ) ) ;
#1337 = CARTESIAN_POINT ( 'NONE',  ( 4.687415225147674400, 0.9501487722898303000, 3.811199603341275800 ) ) ;
#1338 = CARTESIAN_POINT ( 'NONE',  ( 5.998263823987151000E-032, 3.188101183952083900, -17.71875000000000700 ) ) ;
#1339 = CARTESIAN_POINT ( 'NONE',  ( -4.000000000000000000, 3.823144357995380600E-015, -6.937500000000032000 ) ) ;
#1340 = LINE ( 'NONE', #3431, #3708 ) ;
#1341 = CARTESIAN_POINT ( 'NONE',  ( 3.999999999999999100, -1.656854249492382600, -20.14062500000001100 ) ) ;
#1342 = DIRECTION ( 'NONE',  ( -0.0000000000000000000, -0.0000000000000000000, 1.000000000000000000 ) ) ;
#1343 = CARTESIAN_POINT ( 'NONE',  ( 5.998263823987151000E-032, 4.000000000000000000, 0.4062499999999483200 ) ) ;
#1344 = LINE ( 'NONE', #4197, #2357 ) ;
#1345 = CARTESIAN_POINT ( 'NONE',  ( -4.000000000000000000, 1.863709479359616300E-015, -9.437500000000026600 ) ) ;
#1346 = CARTESIAN_POINT ( 'NONE',  ( -1.320554748610675200, -3.188101183952083900, -14.82812500000001800 ) ) ;
#1347 = CARTESIAN_POINT ( 'NONE',  ( 5.998263823987151000E-032, 3.188101183952083900, 3.374999999999944000 ) ) ;
#1348 = CARTESIAN_POINT ( 'NONE',  ( 3.999999999999998200, 1.656854249492384600, -6.234375000000033800 ) ) ;
#1349 = CARTESIAN_POINT ( 'NONE',  ( -4.000000000000001800, -1.656854249492376800, -15.45312500000001800 ) ) ;
#1350 = CARTESIAN_POINT ( 'NONE',  ( 2.254327966281382900, 2.254327966281375300, -16.62500000000001100 ) ) ;
#1351 = ORIENTED_EDGE ( 'NONE', *, *, #3376, .F. ) ;
#1352 = VECTOR ( 'NONE', #1493, 1000.000000000000000 ) ;
#1353 = CARTESIAN_POINT ( 'NONE',  ( 5.998263823987151000E-032, 3.188101183952083900, -11.62500000000002500 ) ) ;
#1354 = CARTESIAN_POINT ( 'NONE',  ( 2.254327966281373100, -2.254327966281385100, -3.343750000000041300 ) ) ;
#1355 = ADVANCED_FACE ( 'NONE', ( #3241 ), #2954, .T. ) ;
#1356 = ADVANCED_FACE ( 'NONE', ( #4601 ), #1670, .T. ) ;
#1357 = CARTESIAN_POINT ( 'NONE',  ( 2.457612797873074900, 2.305461316867046100, -0.6378677487715599400 ) ) ;
#1358 = CARTESIAN_POINT ( 'NONE',  ( 3.999999999999999100, 1.656854249492381200, -17.32812500000001400 ) ) ;
#1359 = VERTEX_POINT ( 'NONE', #2183 ) ;
#1360 = CARTESIAN_POINT ( 'NONE',  ( 1.543952751596296100, -2.968675414250360400, -0.6601650313996076900 ) ) ;
#1361 = CARTESIAN_POINT ( 'NONE',  ( 2.254327966281379300, -2.254327966281379300, -16.93750000000001100 ) ) ;
#1362 = EDGE_CURVE ( 'NONE', #2561, #2255, #3426, .T. ) ;
#1363 = ORIENTED_EDGE ( 'NONE', *, *, #1665, .F. ) ;
#1364 = CARTESIAN_POINT ( 'NONE',  ( 4.000000000000000000, -2.360894394290533100E-014, -0.06250000000004862800 ) ) ;
#1365 =( BOUNDED_CURVE ( )  B_SPLINE_CURVE ( 2, ( #2993, #2973, #2065, #2511, #5607, #2932, #3443, #396, #1225 ),
 .UNSPECIFIED., .F., .T. ) 
 B_SPLINE_CURVE_WITH_KNOTS ( ( 3, 2, 2, 2, 3 ),
 ( 0.1309523809523809600, 0.1369047619047619200, 0.1428571428571428200, 0.1488095238095237800, 0.1547619047619047100 ),
 .UNSPECIFIED. ) 
 CURVE ( )  GEOMETRIC_REPRESENTATION_ITEM ( )  RATIONAL_B_SPLINE_CURVE ( ( 1.000000000000000000, 0.9238795325112867400, 1.000000000000000000, 0.9238795325112867400, 1.000000000000000000, 0.9238795325112867400, 1.000000000000000000, 0.9238795325112874000, 0.9999999999999993300 ) ) 
 REPRESENTATION_ITEM ( '' )  );
#1366 = CARTESIAN_POINT ( 'NONE',  ( 3.999999999999999100, -1.656854249492382600, -18.89062500000000700 ) ) ;
#1367 = DATE_AND_TIME ( #69, #4552 ) ;
#1368 = ORIENTED_EDGE ( 'NONE', *, *, #947, .T. ) ;
#1369 = ORIENTED_EDGE ( 'NONE', *, *, #1054, .F. ) ;
#1370 = CARTESIAN_POINT ( 'NONE',  ( 1.320554748610677500, 3.188101183952083000, -10.29687500000002700 ) ) ;
#1371 = CARTESIAN_POINT ( 'NONE',  ( 1.656854249492383200, 3.999999999999999100, -0.9218750000000511800 ) ) ;
#1372 = ORIENTED_EDGE ( 'NONE', *, *, #253, .F. ) ;
#1373 = CARTESIAN_POINT ( 'NONE',  ( -4.000000000000000000, 1.516798830996750800E-016, -6.937500000000032000 ) ) ;
#1374 = CYLINDRICAL_SURFACE ( 'NONE', #1166, 3.188101183952083900 ) ;
#1375 = CARTESIAN_POINT ( 'NONE',  ( -3.188101183952083900, -1.320554748610674600, -14.98437500000001600 ) ) ;
#1376 = CARTESIAN_POINT ( 'NONE',  ( 3.188101183952083900, -6.788941632725165100E-016, 4.312499999999941400 ) ) ;
#1377 = CARTESIAN_POINT ( 'NONE',  ( -1.518625914947327100, 1.518625914947316700, 4.000000000000000000 ) ) ;
#1378 = EDGE_CURVE ( 'NONE', #2008, #4288, #4972, .T. ) ;
#1379 = CARTESIAN_POINT ( 'NONE',  ( 4.000000000000000000, -1.283205211040862200E-014, -14.90625000000001800 ) ) ;
#1380 = CARTESIAN_POINT ( 'NONE',  ( 3.188101183952083400, 1.320554748610675500, -11.85937500000002500 ) ) ;
#1381 = CARTESIAN_POINT ( 'NONE',  ( 1.656854249492343700, -4.000000000000015100, -0.1406250000000504300 ) ) ;
#1382 = CARTESIAN_POINT ( 'NONE',  ( 1.656854249492379700, -4.000000000000000900, -21.39062500000001100 ) ) ;
#1383 = CARTESIAN_POINT ( 'NONE',  ( -3.188101183952083900, 1.320554748610674800, -11.23437500000002500 ) ) ;
#1384 = AXIS2_PLACEMENT_3D ( 'NONE', #4891, #4452, #1052 ) ;
#1385 = CARTESIAN_POINT ( 'NONE',  ( -3.999999999999999100, 1.656854249492382600, -3.109375000000045700 ) ) ;
#1386 = CARTESIAN_POINT ( 'NONE',  ( -4.000000000000000000, 1.516798830996750800E-016, -18.18750000000001100 ) ) ;
#1387 = CARTESIAN_POINT ( 'NONE',  ( 4.000000000000008000, 1.656854249492360400, -11.23437500000002300 ) ) ;
#1388 = ORIENTED_EDGE ( 'NONE', *, *, #1331, .F. ) ;
#1389 = DIRECTION ( 'NONE',  ( 0.0000000000000000000, 0.0000000000000000000, 1.000000000000000000 ) ) ;
#1390 = CARTESIAN_POINT ( 'NONE',  ( -2.828427124746190300, -2.828427124746189800, -0.3750000000000524000 ) ) ;
#1391 = CARTESIAN_POINT ( 'NONE',  ( 5.998263823987151000E-032, 4.000000000000000000, -9.750000000000026600 ) ) ;
#1392 = ADVANCED_FACE ( 'NONE', ( #255 ), #2076, .T. ) ;
#1393 = ORIENTED_EDGE ( 'NONE', *, *, #4490, .F. ) ;
#1394 = CARTESIAN_POINT ( 'NONE',  ( -1.656854249492372100, 4.000000000000003600, -18.26562500000001100 ) ) ;
#1395 = CARTESIAN_POINT ( 'NONE',  ( 3.188101183952083400, 1.320554748610675500, 4.390624999999939600 ) ) ;
#1396 = CARTESIAN_POINT ( 'NONE',  ( 3.883490016374875800, 0.8327090386877036300, -0.05005453680017022500 ) ) ;
#1397 = CARTESIAN_POINT ( 'NONE',  ( -3.188101183952083900, 1.019654187844447800E-016, -10.06250000000002800 ) ) ;
#1398 =( BOUNDED_CURVE ( )  B_SPLINE_CURVE ( 2, ( #1334, #3028, #3076, #4406, #520, #5304, #1354, #3549, #3529 ),
 .UNSPECIFIED., .F., .F. ) 
 B_SPLINE_CURVE_WITH_KNOTS ( ( 3, 2, 2, 2, 3 ),
 ( 0.6785714285714284900, 0.6845238095238094200, 0.6904761904761903500, 0.6964285714285712900, 0.7023809523809522200 ),
 .UNSPECIFIED. ) 
 CURVE ( )  GEOMETRIC_REPRESENTATION_ITEM ( )  RATIONAL_B_SPLINE_CURVE ( ( 1.000000000000001300, 0.9238795325112853000, 1.000000000000000000, 0.9238795325112867400, 1.000000000000000000, 0.9238795325112867400, 1.000000000000000000, 0.9238795325112881800, 0.9999999999999985600 ) ) 
 REPRESENTATION_ITEM ( '' )  );
#1399 = EDGE_CURVE ( 'NONE', #5156, #4900, #4129, .T. ) ;
#1401 = DIRECTION ( 'NONE',  ( 0.0000000000000000000, -0.08715574274765836000, 0.9961946980917455500 ) ) ;
#1400 = APPROVAL_STATUS ( 'not_yet_approved' ) ;
#1402 = DIRECTION ( 'NONE',  ( -1.000000000000000000, 0.0000000000000000000, 0.0000000000000000000 ) ) ;
#1403 = CARTESIAN_POINT ( 'NONE',  ( 3.999999999999999100, -1.656854249492382600, -21.23437500000000400 ) ) ;
#1404 = DIRECTION ( 'NONE',  ( -0.0000000000000000000, -0.0000000000000000000, -1.000000000000000000 ) ) ;
#1405 =( BOUNDED_CURVE ( )  B_SPLINE_CURVE ( 2, ( #318, #763, #353, #2945, #1682, #883, #410, #821, #2589 ),
 .UNSPECIFIED., .F., .T. ) 
 B_SPLINE_CURVE_WITH_KNOTS ( ( 3, 2, 2, 2, 3 ),
 ( 0.2023809523809523300, 0.2083333333333333100, 0.2142857142857142500, 0.2202380952380952300, 0.2261904761904762200 ),
 .UNSPECIFIED. ) 
 CURVE ( )  GEOMETRIC_REPRESENTATION_ITEM ( )  RATIONAL_B_SPLINE_CURVE ( ( 1.000000000000000700, 0.9238795325112860700, 1.000000000000000000, 0.9238795325112867400, 1.000000000000000000, 0.9238795325112867400, 1.000000000000000000, 0.9238795325112864100, 1.000000000000000400 ) ) 
 REPRESENTATION_ITEM ( '' )  );
#1406 = CARTESIAN_POINT ( 'NONE',  ( -1.320554748610675200, -3.188101183952083900, -9.671875000000028400 ) ) ;
#1407 = CARTESIAN_POINT ( 'NONE',  ( -4.719593279364794100, -0.9611606702530468600, 3.937066173013135600 ) ) ;
#1408 = CARTESIAN_POINT ( 'NONE',  ( 3.999999999999999100, 1.656854249492381200, -14.98437500000001400 ) ) ;
#1409 = ORIENTED_EDGE ( 'NONE', *, *, #1331, .T. ) ;
#1410 = EDGE_CURVE ( 'NONE', #1033, #1772, #381, .T. ) ;
#1411 = ORIENTED_EDGE ( 'NONE', *, *, #3688, .T. ) ;
#1412 = CARTESIAN_POINT ( 'NONE',  ( 3.999999999999998200, -1.656854249492385500, -17.48437500000001400 ) ) ;
#1413 = DIRECTION ( 'NONE',  ( -0.0000000000000000000, -0.0000000000000000000, -1.000000000000000000 ) ) ;
#1414 = CARTESIAN_POINT ( 'NONE',  ( -4.000000000000000000, 1.656854249492381000, -1.859375000000048600 ) ) ;
#1415 = CARTESIAN_POINT ( 'NONE',  ( 2.828427124746190700, 2.828427124746189400, -9.906250000000026600 ) ) ;
#1416 = CARTESIAN_POINT ( 'NONE',  ( 4.000000000000000900, 1.656854249492379500, -18.57812500000001400 ) ) ;
#1417 = VECTOR ( 'NONE', #2747, 1000.000000000000000 ) ;
#1418 = CARTESIAN_POINT ( 'NONE',  ( -1.656854249492392400, 3.999999999999994700, -8.265625000000033800 ) ) ;
#1419 = DIRECTION ( 'NONE',  ( -1.000000000000000000, 0.0000000000000000000, 0.0000000000000000000 ) ) ;
#1420 = CARTESIAN_POINT ( 'NONE',  ( 3.999999999999994700, -1.656854249492392400, -8.734375000000032000 ) ) ;
#1421 = CARTESIAN_POINT ( 'NONE',  ( -2.254327966281379300, -2.254327966281379300, -13.65625000000002000 ) ) ;
#1422 = AXIS2_PLACEMENT_3D ( 'NONE', #1430, #3143, #1040 ) ;
#1423 = CARTESIAN_POINT ( 'NONE',  ( -0.9501487722897977700, -4.687415225147683300, 3.811199603341277600 ) ) ;
#1424 = FACE_OUTER_BOUND ( 'NONE', #1581, .T. ) ;
#1425 = ADVANCED_FACE ( 'NONE', ( #4722 ), #459, .T. ) ;
#1426 = CARTESIAN_POINT ( 'NONE',  ( -1.656854249492406600, -3.999999999999989800, -0.2968750000000506800 ) ) ;
#1427 = CARTESIAN_POINT ( 'NONE',  ( -4.000000000000000000, 1.516798830996750800E-016, -15.53125000000001800 ) ) ;
#1428 = CARTESIAN_POINT ( 'NONE',  ( 3.786414390040663900, -0.4122485914493463400, -0.1968853552626905200 ) ) ;
#1429 = CARTESIAN_POINT ( 'NONE',  ( -1.320554748610674800, 3.188101183952083900, -8.890625000000030200 ) ) ;
#1430 = CARTESIAN_POINT ( 'NONE',  ( 0.0000000000000000000, 5.655958496054998300E-018, 15.31370849898476100 ) ) ;
#1431 = ORIENTED_EDGE ( 'NONE', *, *, #2337, .T. ) ;
#1432 = CYLINDRICAL_SURFACE ( 'NONE', #2030, 3.188101183952083900 ) ;
#1433 = CARTESIAN_POINT ( 'NONE',  ( -2.828427124746190300, -2.828427124746189800, -18.03125000000001100 ) ) ;
#1434 = CARTESIAN_POINT ( 'NONE',  ( 4.000000000000000000, 4.955146781549962200E-016, 15.31370849898476100 ) ) ;
#1435 = CARTESIAN_POINT ( 'NONE',  ( -4.000000000000000000, -3.034877717229796700E-015, -15.68750000000001400 ) ) ;
#1436 = CARTESIAN_POINT ( 'NONE',  ( 1.656854249492383200, 3.999999999999999100, 2.828124999999941400 ) ) ;
#1437 = VERTEX_POINT ( 'NONE', #3081 ) ;
#1438 = CARTESIAN_POINT ( 'NONE',  ( 4.000000000000000000, -8.280375562182076100E-016, -11.31250000000002100 ) ) ;
#1439 = ORIENTED_EDGE ( 'NONE', *, *, #1958, .F. ) ;
#1440 = CARTESIAN_POINT ( 'NONE',  ( 2.342578746170883500E-015, 3.188101183952083900, -17.87500000000001100 ) ) ;
#1441 = VERTEX_POINT ( 'NONE', #2227 ) ;
#1442 = DIRECTION ( 'NONE',  ( 1.000000000000000000, -4.440892098500626200E-015, 0.0000000000000000000 ) ) ;
#1443 = CARTESIAN_POINT ( 'NONE',  ( 1.320554748610673500, -3.188101183952084300, -8.421875000000032000 ) ) ;
#1444 = EDGE_CURVE ( 'NONE', #1952, #2972, #4377, .T. ) ;
#1445 = CARTESIAN_POINT ( 'NONE',  ( 2.254327966281379300, 2.254327966281378900, -9.281250000000028400 ) ) ;
#1446 = ORIENTED_EDGE ( 'NONE', *, *, #3756, .F. ) ;
#1447 = EDGE_LOOP ( 'NONE', ( #3998, #4446, #5372, #3719 ) ) ;
#1448 =( BOUNDED_CURVE ( )  B_SPLINE_CURVE ( 2, ( #2435, #3226, #647, #4104, #4579, #1522, #4546, #3261, #2060 ),
 .UNSPECIFIED., .F., .T. ) 
 B_SPLINE_CURVE_WITH_KNOTS ( ( 3, 2, 2, 2, 3 ),
 ( 0.1071428571428570700, 0.1130952380952380400, 0.1190476190476190100, 0.1249999999999999900, 0.1309523809523809600 ),
 .UNSPECIFIED. ) 
 CURVE ( )  GEOMETRIC_REPRESENTATION_ITEM ( )  RATIONAL_B_SPLINE_CURVE ( ( 1.000000000000000700, 0.9238795325112857400, 1.000000000000000000, 0.9238795325112867400, 1.000000000000000000, 0.9238795325112867400, 1.000000000000000000, 0.9238795325112867400, 1.000000000000000000 ) ) 
 REPRESENTATION_ITEM ( '' )  );
#1449 = DIRECTION ( 'NONE',  ( -0.0000000000000000000, -0.0000000000000000000, 1.000000000000000000 ) ) ;
#1450 = CARTESIAN_POINT ( 'NONE',  ( 2.828427124746189800, -2.828427124746190700, -13.81250000000002100 ) ) ;
#1451 = CARTESIAN_POINT ( 'NONE',  ( -2.254327966281367800, 2.254327966281390400, -10.21875000000002800 ) ) ;
#1452 = LINE ( 'NONE', #4755, #3930 ) ;
#1453 = CARTESIAN_POINT ( 'NONE',  ( 3.188101183952083400, 1.320554748610675500, -12.95312500000002100 ) ) ;
#1454 = EDGE_CURVE ( 'NONE', #4030, #3878, #1271, .T. ) ;
#1455 = CARTESIAN_POINT ( 'NONE',  ( 5.998263823987151000E-032, 4.000000000000000000, -14.75000000000001400 ) ) ;
#1456 = CARTESIAN_POINT ( 'NONE',  ( 2.254327966281356700, -2.254327966281402000, -1.937500000000046900 ) ) ;
#1457 = CYLINDRICAL_SURFACE ( 'NONE', #843, 3.188101183952083900 ) ;
#1458 = CARTESIAN_POINT ( 'NONE',  ( 3.999999999999999100, -1.656854249492382600, -3.890625000000040000 ) ) ;
#1459 = CARTESIAN_POINT ( 'NONE',  ( -4.000000000000000000, 1.656854249492381000, 1.890624999999944500 ) ) ;
#1460 = CARTESIAN_POINT ( 'NONE',  ( 2.828427124746190700, 2.828427124746189400, -11.15625000000002300 ) ) ;
#1461 = CARTESIAN_POINT ( 'NONE',  ( -2.828427124746195200, 2.828427124746185400, -7.093750000000032000 ) ) ;
#1462 = EDGE_CURVE ( 'NONE', #1013, #2903, #5448, .T. ) ;
#1463 = CARTESIAN_POINT ( 'NONE',  ( 0.0000000000000000000, 5.655958496054998300E-018, 0.0000000000000000000 ) ) ;
#1464 = DIRECTION ( 'NONE',  ( 3.478195198241799100E-015, -0.9961946980917455500, 0.08715574274765836000 ) ) ;
#1465 = VERTEX_POINT ( 'NONE', #2249 ) ;
#1466 = CARTESIAN_POINT ( 'NONE',  ( 1.518625914947322000, 1.518625914947322000, 4.000000000000000000 ) ) ;
#1467 = CARTESIAN_POINT ( 'NONE',  ( 2.828427124746189800, -2.828427124746190700, -15.06250000000001600 ) ) ;
#1468 = CARTESIAN_POINT ( 'NONE',  ( -1.320554748610663200, 3.188101183952087900, -10.29687500000002700 ) ) ;
#1469 = CARTESIAN_POINT ( 'NONE',  ( -2.254327966281379300, 2.254327966281379300, -12.56250000000002100 ) ) ;
#1470 = ORIENTED_EDGE ( 'NONE', *, *, #253, .T. ) ;
#1471 = LINE ( 'NONE', #1172, #2186 ) ;
#1472 = CARTESIAN_POINT ( 'NONE',  ( 2.828427124746189800, -2.828427124746190700, -13.96875000000001600 ) ) ;
#1473 = CARTESIAN_POINT ( 'NONE',  ( 3.188101183952071900, -1.320554748610689900, -14.51562500000001800 ) ) ;
#1474 = CARTESIAN_POINT ( 'NONE',  ( -2.828427124746190300, -2.828427124746189800, -5.531250000000036400 ) ) ;
#1475 = CARTESIAN_POINT ( 'NONE',  ( 4.000000000000000000, -8.280375562182076100E-016, 2.593749999999943200 ) ) ;
#1476 = DIRECTION ( 'NONE',  ( -0.0000000000000000000, -0.0000000000000000000, -1.000000000000000000 ) ) ;
#1477 = PLANE ( 'NONE',  #1096 ) ;
#1478 =( BOUNDED_CURVE ( )  B_SPLINE_CURVE ( 2, ( #3148, #2330, #5398, #170, #3633, #4461, #5361, #4967, #1058 ),
 .UNSPECIFIED., .F., .F. ) 
 B_SPLINE_CURVE_WITH_KNOTS ( ( 3, 2, 2, 2, 3 ),
 ( 0.4880952380952380800, 0.4940476190476190700, 0.5000000000000000000, 0.5059523809523809300, 0.5119047619047618600 ),
 .UNSPECIFIED. ) 
 CURVE ( )  GEOMETRIC_REPRESENTATION_ITEM ( )  RATIONAL_B_SPLINE_CURVE ( ( 1.000000000000000000, 0.9238795325112867400, 1.000000000000000000, 0.9238795325112867400, 1.000000000000000000, 0.9238795325112867400, 1.000000000000000000, 0.9238795325112867400, 1.000000000000000000 ) ) 
 REPRESENTATION_ITEM ( '' )  );
#1479 = CARTESIAN_POINT ( 'NONE',  ( 4.000000000000000000, -9.892899792454974100E-015, -17.56250000000000700 ) ) ;
#1480 = ORIENTED_EDGE ( 'NONE', *, *, #1618, .T. ) ;
#1481 = ORIENTED_EDGE ( 'NONE', *, *, #563, .F. ) ;
#1482 = EDGE_CURVE ( 'NONE', #2458, #199, #4882, .T. ) ;
#1483 = CARTESIAN_POINT ( 'NONE',  ( -3.188101183952083900, 1.320554748610674800, -7.484375000000032900 ) ) ;
#1484 = ORIENTED_EDGE ( 'NONE', *, *, #4405, .T. ) ;
#1485 = ORIENTED_EDGE ( 'NONE', *, *, #3806, .T. ) ;
#1486 = CARTESIAN_POINT ( 'NONE',  ( -4.898587196589413800E-016, -4.000000000000000000, -12.87500000000002000 ) ) ;
#1487 = DIRECTION ( 'NONE',  ( -0.0000000000000000000, -0.0000000000000000000, 1.000000000000000000 ) ) ;
#1488 = CARTESIAN_POINT ( 'NONE',  ( 2.254327966281378000, -2.254327966281380200, -14.59375000000001600 ) ) ;
#1489 = CARTESIAN_POINT ( 'NONE',  ( -4.687415225147679700, 0.9501487722898142000, 3.811199603341277600 ) ) ;
#1490 = CARTESIAN_POINT ( 'NONE',  ( 3.999999999999999100, 1.656854249492381200, -4.984375000000037300 ) ) ;
#1491 = LINE ( 'NONE', #2108, #4791 ) ;
#1492 = CARTESIAN_POINT ( 'NONE',  ( 3.188101183952083900, 6.159547298426946000E-015, -4.281250000000038200 ) ) ;
#1493 = DIRECTION ( 'NONE',  ( -0.0000000000000000000, -0.0000000000000000000, 1.000000000000000000 ) ) ;
#1494 = CARTESIAN_POINT ( 'NONE',  ( 2.828427124746189400, 2.828427124746190700, -9.750000000000030200 ) ) ;
#1495 = LINE ( 'NONE', #5221, #4798 ) ;
#1496 = CARTESIAN_POINT ( 'NONE',  ( -2.254327966281379300, 2.254327966281379300, -7.718750000000032900 ) ) ;
#1497 = DIRECTION ( 'NONE',  ( 0.06666269134683303100, -0.06666269134683162900, 0.9955461672694008200 ) ) ;
#1498 = EDGE_LOOP ( 'NONE', ( #5165, #58, #385, #3785 ) ) ;
#1499 = ORIENTED_EDGE ( 'NONE', *, *, #486, .T. ) ;
#1500 = CARTESIAN_POINT ( 'NONE',  ( 3.188101183952083400, 1.320554748610675500, -6.703125000000035500 ) ) ;
#1501 = CARTESIAN_POINT ( 'NONE',  ( 3.999999999999999100, 1.656854249492381200, -12.48437500000002100 ) ) ;
#1502 = CARTESIAN_POINT ( 'NONE',  ( 1.320554748610675500, -3.188101183952083400, -12.17187500000002300 ) ) ;
#1503 = ORIENTED_EDGE ( 'NONE', *, *, #5517, .F. ) ;
#1504 = CARTESIAN_POINT ( 'NONE',  ( -2.828427124746190300, -2.828427124746189800, -3.031250000000040900 ) ) ;
#1505 = ORIENTED_EDGE ( 'NONE', *, *, #3859, .F. ) ;
#1506 = CARTESIAN_POINT ( 'NONE',  ( -1.171289373085441700E-015, -3.188101183952083900, -19.75000000000000700 ) ) ;
#1507 = VECTOR ( 'NONE', #1233, 1000.000000000000000 ) ;
#1508 = ORIENTED_EDGE ( 'NONE', *, *, #2867, .F. ) ;
#1509 = CARTESIAN_POINT ( 'NONE',  ( 0.0000000000000000000, 0.0000000000000000000, 4.000000000000000000 ) ) ;
#1510 = ORIENTED_EDGE ( 'NONE', *, *, #4977, .F. ) ;
#1511 = CARTESIAN_POINT ( 'NONE',  ( -3.188101183952083900, -2.437801595801029900E-015, -16.31250000000001400 ) ) ;
#1512 = EDGE_CURVE ( 'NONE', #2051, #582, #1831, .T. ) ;
#1513 = ORIENTED_EDGE ( 'NONE', *, *, #646, .T. ) ;
#1514 = B_SPLINE_CURVE_WITH_KNOTS ( 'NONE', 3,
 ( #1169, #5609, #889, #3059, #436, #1735 ),
 .UNSPECIFIED., .F., .F.,
 ( 4, 2, 4 ),
 ( 0.0000000000000000000, 0.0009602070382823795800, 0.001920414076564759200 ),
 .UNSPECIFIED. ) ;
#1515 = AXIS2_PLACEMENT_3D ( 'NONE', #1463, #1891, #4935 ) ;
#1516 = VECTOR ( 'NONE', #2474, 1000.000000000000000 ) ;
#1517 = DIRECTION ( 'NONE',  ( 0.3826834323650897800, -0.9238795325112867400, 0.0000000000000000000 ) ) ;
#1518 = CARTESIAN_POINT ( 'NONE',  ( 2.254327966281379300, -2.254327966281379300, -5.687500000000036400 ) ) ;
#1519 = CARTESIAN_POINT ( 'NONE',  ( -0.8415227507677636200, -3.441676448002636900, 2.569598495903450800 ) ) ;
#1520 = EDGE_CURVE ( 'NONE', #5312, #2305, #3133, .T. ) ;
#1521 = CARTESIAN_POINT ( 'NONE',  ( -4.000000000000000000, 5.655958496054998300E-018, 15.31370849898476100 ) ) ;
#1522 = CARTESIAN_POINT ( 'NONE',  ( 1.320554748610668300, -3.188101183952087000, -18.42187500000001400 ) ) ;
#1523 = CARTESIAN_POINT ( 'NONE',  ( 1.204619352169685500, 1.592252336783052800, 1.006142121190267700 ) ) ;
#1524 = CARTESIAN_POINT ( 'NONE',  ( -4.000000000000039100, -1.656854249492318000, -5.609375000000037300 ) ) ;
#1525 = CARTESIAN_POINT ( 'NONE',  ( 2.254327966281358900, -2.254327966281399300, -7.093750000000033800 ) ) ;
#1526 = CARTESIAN_POINT ( 'NONE',  ( 2.828427124746189800, -2.828427124746190700, -3.968750000000038200 ) ) ;
#1527 = CARTESIAN_POINT ( 'NONE',  ( 3.999999999999998200, -8.104582701274269100E-015, -20.06250000000000400 ) ) ;
#1528 = VERTEX_POINT ( 'NONE', #4346 ) ;
#1529 = FACE_OUTER_BOUND ( 'NONE', #4766, .T. ) ;
#1530 = CARTESIAN_POINT ( 'NONE',  ( -3.188101183952083900, 8.828250008414060500E-016, -20.06250000000000400 ) ) ;
#1531 = DIRECTION ( 'NONE',  ( -1.000000000000000000, -6.982962677686265100E-015, 0.0000000000000000000 ) ) ;
#1532 = ORIENTED_EDGE ( 'NONE', *, *, #1054, .T. ) ;
#1533 = CARTESIAN_POINT ( 'NONE',  ( -2.828427124746193400, 2.828427124746186700, -4.593750000000039100 ) ) ;
#1534 = CARTESIAN_POINT ( 'NONE',  ( 2.254327966281379300, 2.254327966281378900, -6.625000000000035500 ) ) ;
#1535 = CARTESIAN_POINT ( 'NONE',  ( -2.828427124746174300, 2.828427124746206300, -6.937500000000035500 ) ) ;
#1536 = CARTESIAN_POINT ( 'NONE',  ( 0.9666666666666665600, 2.851173418023738500, 4.000000000000000000 ) ) ;
#1537 = CARTESIAN_POINT ( 'NONE',  ( -2.254327966281385100, -2.254327966281373100, -12.40625000000002300 ) ) ;
#1538 = CARTESIAN_POINT ( 'NONE',  ( 3.124227677387985100E-014, 3.188101183952083900, -7.718750000000032900 ) ) ;
#1539 = CARTESIAN_POINT ( 'NONE',  ( -1.656854249492380800, 4.000000000000000000, 0.3281249999999500400 ) ) ;
#1540 =( BOUNDED_CURVE ( )  B_SPLINE_CURVE ( 2, ( #3018, #2496, #1260, #3405, #4268, #2934, #5572, #5630, #4700 ),
 .UNSPECIFIED., .F., .T. ) 
 B_SPLINE_CURVE_WITH_KNOTS ( ( 3, 2, 2, 2, 3 ),
 ( 0.2261904761904762200, 0.2321428571428571800, 0.2380952380952380800, 0.2440476190476190400, 0.2500000000000000000 ),
 .UNSPECIFIED. ) 
 CURVE ( )  GEOMETRIC_REPRESENTATION_ITEM ( )  RATIONAL_B_SPLINE_CURVE ( ( 0.9999999999999996700, 0.9238795325112870700, 1.000000000000000000, 0.9238795325112867400, 1.000000000000000000, 0.9238795325112867400, 1.000000000000000000, 0.9238795325112867400, 1.000000000000000000 ) ) 
 REPRESENTATION_ITEM ( '' )  );
#1541 = DIRECTION ( 'NONE',  ( 0.0000000000000000000, 0.0000000000000000000, 1.000000000000000000 ) ) ;
#1542 = EDGE_LOOP ( 'NONE', ( #139, #2715 ) ) ;
#1543 = ORIENTED_EDGE ( 'NONE', *, *, #3676, .F. ) ;
#1544 = CARTESIAN_POINT ( 'NONE',  ( 3.188101183952087000, -1.320554748610675000, -15.76562500000001600 ) ) ;
#1545 = EDGE_CURVE ( 'NONE', #2585, #628, #2180, .T. ) ;
#1546 = CARTESIAN_POINT ( 'NONE',  ( 3.188101183952099400, 1.320554748610649900, -13.10937500000002000 ) ) ;
#1547 = CYLINDRICAL_SURFACE ( 'NONE', #1297, 3.188101183952083900 ) ;
#1548 = CARTESIAN_POINT ( 'NONE',  ( 2.254327966281379300, 2.254327966281378900, -4.125000000000041700 ) ) ;
#1549 = CARTESIAN_POINT ( 'NONE',  ( -3.188101183952085600, 1.320554748610670300, -12.48437500000002300 ) ) ;
#1550 = LINE ( 'NONE', #1177, #375 ) ;
#1551 = DIRECTION ( 'NONE',  ( -0.3826834323650865600, -0.9238795325112881800, 0.0000000000000000000 ) ) ;
#1552 = DIRECTION ( 'NONE',  ( -0.0000000000000000000, -0.0000000000000000000, -1.000000000000000000 ) ) ;
#1553 = CARTESIAN_POINT ( 'NONE',  ( 7.808595820569613300E-016, 3.188101183952083900, -20.21875000000000400 ) ) ;
#1554 = CARTESIAN_POINT ( 'NONE',  ( -1.656854249492380800, 4.000000000000000000, 2.828124999999945400 ) ) ;
#1555 = EDGE_CURVE ( 'NONE', #3307, #96, #2679, .T. ) ;
#1556 = CARTESIAN_POINT ( 'NONE',  ( 4.000000000000000000, -1.479148698904438500E-014, -11.31250000000002100 ) ) ;
#1557 = EDGE_LOOP ( 'NONE', ( #2688, #3897, #3623, #3052 ) ) ;
#1558 = CARTESIAN_POINT ( 'NONE',  ( 4.735680169380810200, 0.9666666666666664500, 4.000000000000000000 ) ) ;
#1559 = CARTESIAN_POINT ( 'NONE',  ( -4.000000000000002700, -1.656854249492375000, -12.95312500000002000 ) ) ;
#1560 = ORIENTED_EDGE ( 'NONE', *, *, #3447, .T. ) ;
#1561 = ORIENTED_EDGE ( 'NONE', *, *, #5455, .F. ) ;
#1562 = LINE ( 'NONE', #202, #3192 ) ;
#1563 = AXIS2_PLACEMENT_3D ( 'NONE', #3423, #4743, #849 ) ;
#1564 = CARTESIAN_POINT ( 'NONE',  ( -1.656854249492367900, 4.000000000000005300, -12.17187500000002100 ) ) ;
#1565 = VERTEX_POINT ( 'NONE', #4039 ) ;
#1566 = CARTESIAN_POINT ( 'NONE',  ( -3.188101183952083900, 6.151653806825543000E-015, -2.406250000000044000 ) ) ;
#1567 = CARTESIAN_POINT ( 'NONE',  ( 2.254327966281379300, 2.254327966281378900, -0.3750000000000489100 ) ) ;
#1568 = ORIENTED_EDGE ( 'NONE', *, *, #2527, .T. ) ;
#1569 =( BOUNDED_CURVE ( )  B_SPLINE_CURVE ( 2, ( #3925, #592, #4032, #5376, #1897, #1468, #1451, #4473, #4918 ),
 .UNSPECIFIED., .F., .T. ) 
 B_SPLINE_CURVE_WITH_KNOTS ( ( 3, 2, 2, 2, 3 ),
 ( 0.4166666666666666300, 0.4226190476190475600, 0.4285714285714284900, 0.4345238095238095300, 0.4404761904761904700 ),
 .UNSPECIFIED. ) 
 CURVE ( )  GEOMETRIC_REPRESENTATION_ITEM ( )  RATIONAL_B_SPLINE_CURVE ( ( 1.000000000000000700, 0.9238795325112860700, 1.000000000000000000, 0.9238795325112867400, 1.000000000000000000, 0.9238795325112867400, 1.000000000000000000, 0.9238795325112867400, 1.000000000000000000 ) ) 
 REPRESENTATION_ITEM ( '' )  );
#1570 = ORIENTED_EDGE ( 'NONE', *, *, #4242, .T. ) ;
#1571 = CARTESIAN_POINT ( 'NONE',  ( -4.000000000000000000, -1.656854249492380400, 0.6406249999999503700 ) ) ;
#1572 = CARTESIAN_POINT ( 'NONE',  ( 2.828427124746189800, -2.828427124746190300, -16.46875000000001100 ) ) ;
#1573 = UNCERTAINTY_MEASURE_WITH_UNIT (LENGTH_MEASURE( 1.000000000000000100E-005 ), #4678, 'distance_accuracy_value', 'NONE');
#1574 = EDGE_CURVE ( 'NONE', #1031, #2953, #1658, .T. ) ;
#1575 = CARTESIAN_POINT ( 'NONE',  ( -3.188101183952083900, -1.320554748610674600, -7.484375000000032900 ) ) ;
#1576 = ORIENTED_EDGE ( 'NONE', *, *, #4066, .T. ) ;
#1577 = CARTESIAN_POINT ( 'NONE',  ( 4.000000000000033800, 1.656854249492330000, -2.484375000000044000 ) ) ;
#1578 = CARTESIAN_POINT ( 'NONE',  ( 3.188101183952083000, -1.320554748610676600, -1.859375000000044900 ) ) ;
#1579 = CARTESIAN_POINT ( 'NONE',  ( -3.188101183952115400, -1.320554748610624800, -6.234375000000038200 ) ) ;
#1580 = CARTESIAN_POINT ( 'NONE',  ( -0.9666666666666766700, 2.851173418023734900, 4.000000000000000000 ) ) ;
#1581 = EDGE_LOOP ( 'NONE', ( #2084, #4866, #1972, #1270 ) ) ;
#1582 = CARTESIAN_POINT ( 'NONE',  ( -1.320554748610674600, 3.188101183952083900, -18.89062500000000400 ) ) ;
#1583 = ORIENTED_EDGE ( 'NONE', *, *, #4255, .F. ) ;
#1584 = CARTESIAN_POINT ( 'NONE',  ( 4.000000000000000000, -8.280375562182076100E-016, -0.06250000000004862800 ) ) ;
#1585 = VECTOR ( 'NONE', #3398, 1000.000000000000200 ) ;
#1586 = CARTESIAN_POINT ( 'NONE',  ( -2.828427124746191200, 2.828427124746189400, -18.34375000000000700 ) ) ;
#1587 = CARTESIAN_POINT ( 'NONE',  ( 3.188101183952083900, -1.727413365488329300E-014, -3.187500000000044400 ) ) ;
#1588 = AXIS2_PLACEMENT_3D ( 'NONE', #3668, #5464, #2389 ) ;
#1589 = CARTESIAN_POINT ( 'NONE',  ( 0.0000000000000000000, -9.324947672979560100E-017, -21.00000000000000000 ) ) ;
#1590 = CARTESIAN_POINT ( 'NONE',  ( 2.828427124746189400, -2.828427124746190700, -16.31250000000001400 ) ) ;
#1591 = CARTESIAN_POINT ( 'NONE',  ( 2.254327966281379300, -2.254327966281379300, -5.843750000000036400 ) ) ;
#1592 = CARTESIAN_POINT ( 'NONE',  ( 0.0000000000000000000, 5.655958496054998300E-018, 15.31370849898476100 ) ) ;
#1593 = CARTESIAN_POINT ( 'NONE',  ( -2.254327966281379300, 2.254327966281379300, 1.187499999999948900 ) ) ;
#1594 = CARTESIAN_POINT ( 'NONE',  ( 4.000000000000000000, -2.164950906426956300E-014, -3.656250000000044900 ) ) ;
#1595 = ORIENTED_EDGE ( 'NONE', *, *, #861, .F. ) ;
#1596 = ORIENTED_EDGE ( 'NONE', *, *, #5315, .T. ) ;
#1597 = CARTESIAN_POINT ( 'NONE',  ( 1.656854249492381200, 4.000000000000000000, -13.57812500000002000 ) ) ;
#1598 =( BOUNDED_CURVE ( )  B_SPLINE_CURVE ( 2, ( #2498, #3812, #3829, #769, #4229, #4672, #1590, #2088, #5575 ),
 .UNSPECIFIED., .F., .T. ) 
 B_SPLINE_CURVE_WITH_KNOTS ( ( 3, 2, 2, 2, 3 ),
 ( 0.2023809523809523300, 0.2083333333333333100, 0.2142857142857142500, 0.2202380952380952300, 0.2261904761904762200 ),
 .UNSPECIFIED. ) 
 CURVE ( )  GEOMETRIC_REPRESENTATION_ITEM ( )  RATIONAL_B_SPLINE_CURVE ( ( 1.000000000000000700, 0.9238795325112860700, 1.000000000000000000, 0.9238795325112867400, 1.000000000000000000, 0.9238795325112867400, 1.000000000000000000, 0.9238795325112864100, 1.000000000000000400 ) ) 
 REPRESENTATION_ITEM ( '' )  );
#1600 = CARTESIAN_POINT ( 'NONE',  ( -0.9666666666666766700, 2.851173418023734900, 4.000000000000000000 ) ) ;
#1599 = CARTESIAN_POINT ( 'NONE',  ( -2.828427124746199200, -2.828427124746181000, -10.37500000000002800 ) ) ;
#1601 = CARTESIAN_POINT ( 'NONE',  ( 3.188101183952099400, 1.320554748610647300, -9.359375000000026600 ) ) ;
#1602 = CARTESIAN_POINT ( 'NONE',  ( -2.828427124746190300, -2.828427124746189800, 0.7187499999999486000 ) ) ;
#1603 = ORIENTED_EDGE ( 'NONE', *, *, #811, .F. ) ;
#1604 = VERTEX_POINT ( 'NONE', #5380 ) ;
#1605 = CARTESIAN_POINT ( 'NONE',  ( -1.656854249492370800, -4.000000000000003600, -7.953125000000029300 ) ) ;
#1606 = CARTESIAN_POINT ( 'NONE',  ( -2.254327966281386400, -2.254327966281371800, -9.750000000000028400 ) ) ;
#1607 = EDGE_CURVE ( 'NONE', #720, #2603, #3016, .T. ) ;
#1608 = CARTESIAN_POINT ( 'NONE',  ( 4.000000000000000000, -1.969007418563379700E-014, -6.156250000000036400 ) ) ;
#1609 = CARTESIAN_POINT ( 'NONE',  ( -1.320554748610675200, -3.188101183952083900, -7.328125000000033800 ) ) ;
#1610 = LINE ( 'NONE', #2906, #312 ) ;
#1611 = CARTESIAN_POINT ( 'NONE',  ( 2.254327966281379300, -2.254327966281379300, 1.812499999999946000 ) ) ;
#1612 = CARTESIAN_POINT ( 'NONE',  ( -4.000000000000040000, -1.656854249492316000, -4.203125000000045300 ) ) ;
#1613 = ORIENTED_EDGE ( 'NONE', *, *, #2272, .F. ) ;
#1614 = CARTESIAN_POINT ( 'NONE',  ( -3.188101183952083900, 8.828250008414060500E-016, -20.06250000000000400 ) ) ;
#1615 = ORIENTED_EDGE ( 'NONE', *, *, #2399, .T. ) ;
#1616 = CARTESIAN_POINT ( 'NONE',  ( 2.592220929356283700, -1.855904041841583100, -0.8118988160479133600 ) ) ;
#1617 = CARTESIAN_POINT ( 'NONE',  ( -1.320554748610674800, 3.188101183952083900, -21.39062500000001100 ) ) ;
#1618 = EDGE_CURVE ( 'NONE', #1465, #3601, #1249, .T. ) ;
#1619 = CARTESIAN_POINT ( 'NONE',  ( -3.904297910284806600E-016, -3.188101183952083900, -21.00000000000000400 ) ) ;
#1620 = CARTESIAN_POINT ( 'NONE',  ( -1.656854249492378600, -4.000000000000000900, -16.70312500000001100 ) ) ;
#1621 = CARTESIAN_POINT ( 'NONE',  ( -3.188101183952083900, 1.466496314483776300E-015, -9.906250000000028400 ) ) ;
#1622 = ORIENTED_EDGE ( 'NONE', *, *, #1910, .F. ) ;
#1623 = ORIENTED_EDGE ( 'NONE', *, *, #1203, .F. ) ;
#1624 = CARTESIAN_POINT ( 'NONE',  ( -1.309756779131173500, -1.309756779131191700, 0.8807309842807566900 ) ) ;
#1625 = CARTESIAN_POINT ( 'NONE',  ( 3.188101183952083400, 1.320554748610675500, -3.109375000000042600 ) ) ;
#1626 = ORIENTED_EDGE ( 'NONE', *, *, #4418, .F. ) ;
#1627 =( BOUNDED_CURVE ( )  B_SPLINE_CURVE ( 2, ( #5480, #2419, #3292, #5496, #2914, #1582, #2018, #4186, #5072 ),
 .UNSPECIFIED., .F., .T. ) 
 B_SPLINE_CURVE_WITH_KNOTS ( ( 3, 2, 2, 2, 3 ),
 ( 0.08333333333333332900, 0.08928571428571430200, 0.09523809523809527400, 0.1011904761904762500, 0.1071428571428572100 ),
 .UNSPECIFIED. ) 
 CURVE ( )  GEOMETRIC_REPRESENTATION_ITEM ( )  RATIONAL_B_SPLINE_CURVE ( ( 1.000000000000000000, 0.9238795325112867400, 1.000000000000000000, 0.9238795325112867400, 1.000000000000000000, 0.9238795325112867400, 1.000000000000000000, 0.9238795325112858500, 1.000000000000000900 ) ) 
 REPRESENTATION_ITEM ( '' )  );
#1628 = CARTESIAN_POINT ( 'NONE',  ( -3.999999999999999100, 1.656854249492382600, -2.015625000000045300 ) ) ;
#1629 = EDGE_LOOP ( 'NONE', ( #4529, #3049, #3969, #258 ) ) ;
#1630 = CARTESIAN_POINT ( 'NONE',  ( -1.320554748610675200, -3.188101183952083900, -0.9218750000000476300 ) ) ;
#1631 = CYLINDRICAL_SURFACE ( 'NONE', #4237, 3.188101183952083900 ) ;
#1632 = DIRECTION ( 'NONE',  ( -0.0000000000000000000, -0.0000000000000000000, -1.000000000000000000 ) ) ;
#1633 = CARTESIAN_POINT ( 'NONE',  ( 1.320554748610674100, 3.188101183952084300, -15.29687500000001800 ) ) ;
#1634 = CARTESIAN_POINT ( 'NONE',  ( 1.656854249492381200, -4.000000000000000000, -11.39062500000002700 ) ) ;
#1635 = CARTESIAN_POINT ( 'NONE',  ( 2.254327966281379300, -2.254327966281379300, -19.43750000000000700 ) ) ;
#1636 = DIRECTION ( 'NONE',  ( 0.0000000000000000000, 0.0000000000000000000, 1.000000000000000000 ) ) ;
#1637 = EDGE_CURVE ( 'NONE', #3653, #1437, #3262, .T. ) ;
#1638 = ORIENTED_EDGE ( 'NONE', *, *, #585, .T. ) ;
#1639 = CARTESIAN_POINT ( 'NONE',  ( -3.188101183952083900, 1.019654187844447800E-016, -1.312500000000046200 ) ) ;
#1640 = LINE ( 'NONE', #507, #2112 ) ;
#1641 = B_SPLINE_CURVE_WITH_KNOTS ( 'NONE', 3,
 ( #1229, #2044, #293, #3350, #4215, #1624 ),
 .UNSPECIFIED., .F., .F.,
 ( 4, 2, 4 ),
 ( 0.0000000000000000000, 0.0009601869924392771600, 0.001920373984878554300 ),
 .UNSPECIFIED. ) ;
#1642 = CARTESIAN_POINT ( 'NONE',  ( 3.188101183952087900, -1.320554748610662400, -6.859375000000034600 ) ) ;
#1643 = CARTESIAN_POINT ( 'NONE',  ( 3.188101183952083900, -6.788941632725165100E-016, 1.968749999999946300 ) ) ;
#1644 = CARTESIAN_POINT ( 'NONE',  ( -1.320554748610677200, -3.188101183952083000, -19.67187500000000700 ) ) ;
#1645 = EDGE_CURVE ( 'NONE', #2609, #2829, #2845, .T. ) ;
#1647 = CARTESIAN_POINT ( 'NONE',  ( -2.815533720748158800, 0.7874938090657109800, 1.952044866385984800 ) ) ;
#1646 =( NAMED_UNIT ( * ) SI_UNIT ( $, .STERADIAN. ) SOLID_ANGLE_UNIT ( ) );
#1648 = CARTESIAN_POINT ( 'NONE',  ( -4.000000000000000000, 1.516798830996750800E-016, -9.281250000000030200 ) ) ;
#1649 = CARTESIAN_POINT ( 'NONE',  ( -2.254327966281379300, 2.254327966281379300, -18.81250000000000700 ) ) ;
#1650 = CARTESIAN_POINT ( 'NONE',  ( 3.188101183952083900, -1.024639741637064300E-014, -14.43750000000001800 ) ) ;
#1651 = ORIENTED_EDGE ( 'NONE', *, *, #563, .T. ) ;
#1652 = CARTESIAN_POINT ( 'NONE',  ( 3.999999999999999100, 1.656854249492381200, -6.078125000000040000 ) ) ;
#1653 = CARTESIAN_POINT ( 'NONE',  ( 3.034465316011985400, 1.461134400386019600, -20.69910695807551400 ) ) ;
#1654 = ORIENTED_EDGE ( 'NONE', *, *, #4519, .F. ) ;
#1655 = ORIENTED_EDGE ( 'NONE', *, *, #5554, .T. ) ;
#1656 = CARTESIAN_POINT ( 'NONE',  ( 3.188101183952083900, 7.721266462540868900E-015, -6.781250000000033800 ) ) ;
#1657 = DIRECTION ( 'NONE',  ( 1.000000000000000000, 0.0000000000000000000, 0.0000000000000000000 ) ) ;
#1658 =( BOUNDED_CURVE ( )  B_SPLINE_CURVE ( 2, ( #1057, #4876, #2271, #576, #3598, #1022, #1456, #2754, #151 ),
 .UNSPECIFIED., .F., .T. ) 
 B_SPLINE_CURVE_WITH_KNOTS ( ( 3, 2, 2, 2, 3 ),
 ( 0.7261904761904761600, 0.7321428571428571000, 0.7380952380952381400, 0.7440476190476190700, 0.7500000000000000000 ),
 .UNSPECIFIED. ) 
 CURVE ( )  GEOMETRIC_REPRESENTATION_ITEM ( )  RATIONAL_B_SPLINE_CURVE ( ( 1.000000000000000000, 0.9238795325112867400, 1.000000000000000000, 0.9238795325112867400, 1.000000000000000000, 0.9238795325112867400, 1.000000000000000000, 0.9238795325112867400, 1.000000000000000000 ) ) 
 REPRESENTATION_ITEM ( '' )  );
#1659 = CARTESIAN_POINT ( 'NONE',  ( 1.656854249492388600, 3.999999999999996400, -4.671875000000040900 ) ) ;
#1660 = CYLINDRICAL_SURFACE ( 'NONE', #3131, 4.000000000000000000 ) ;
#1661 = CARTESIAN_POINT ( 'NONE',  ( 3.188101183952086500, 1.320554748610672100, -20.60937500000000400 ) ) ;
#1662 = CARTESIAN_POINT ( 'NONE',  ( 1.656854249492383200, 3.999999999999999100, -9.671875000000032000 ) ) ;
#1663 = DIRECTION ( 'NONE',  ( 0.0000000000000000000, 0.0000000000000000000, 1.000000000000000000 ) ) ;
#1664 = CARTESIAN_POINT ( 'NONE',  ( -4.898587196589413800E-016, -4.000000000000000000, 4.624999999999941400 ) ) ;
#1665 = EDGE_CURVE ( 'NONE', #5481, #5391, #795, .T. ) ;
#1666 = CARTESIAN_POINT ( 'NONE',  ( -3.188101183952083900, -8.760824316871077100E-016, -13.81250000000002000 ) ) ;
#1667 = CYLINDRICAL_SURFACE ( 'NONE', #1696, 3.188101183952083900 ) ;
#1668 = CARTESIAN_POINT ( 'NONE',  ( -1.656854249492381200, -4.000000000000000000, -7.796875000000035500 ) ) ;
#1669 = ORIENTED_EDGE ( 'NONE', *, *, #4458, .F. ) ;
#1670 = CYLINDRICAL_SURFACE ( 'NONE', #378, 3.188101183952083900 ) ;
#1671 = CARTESIAN_POINT ( 'NONE',  ( 1.194789613695473200, 3.252328518934474800, -20.60204474150710000 ) ) ;
#1672 = EDGE_CURVE ( 'NONE', #2334, #4842, #4888, .T. ) ;
#1673 = CARTESIAN_POINT ( 'NONE',  ( -1.193517872095482700, -3.636662750128410300, -0.1784091826417930600 ) ) ;
#1674 = CARTESIAN_POINT ( 'NONE',  ( 1.320554748610676800, 3.188101183952083000, -20.45312500000000700 ) ) ;
#1675 = CARTESIAN_POINT ( 'NONE',  ( -0.9556547051326789200, 4.703504979265590100, 3.874132703710337500 ) ) ;
#1676 = ORIENTED_EDGE ( 'NONE', *, *, #5554, .F. ) ;
#1677 = CARTESIAN_POINT ( 'NONE',  ( 3.188101183952083000, -1.320554748610676600, 4.390624999999939600 ) ) ;
#1678 = DIRECTION ( 'NONE',  ( -0.9961946980917455500, 0.0000000000000000000, 0.08715574274765836000 ) ) ;
#1679 = EDGE_LOOP ( 'NONE', ( #3844, #1795, #5419, #2075 ) ) ;
#1680 = ORIENTED_EDGE ( 'NONE', *, *, #3244, .F. ) ;
#1681 = CARTESIAN_POINT ( 'NONE',  ( 0.0000000000000000000, -9.324947672979560100E-017, -21.00000000000000000 ) ) ;
#1683 = CARTESIAN_POINT ( 'NONE',  ( -1.867879322305794600, 3.057083257827184500, -20.48811787727843000 ) ) ;
#1682 = CARTESIAN_POINT ( 'NONE',  ( -3.513868119256325800E-015, -3.188101183952083900, -15.84375000000001400 ) ) ;
#1684 = ADVANCED_FACE ( 'NONE', ( #956 ), #672, .T. ) ;
#1685 = COORDINATED_UNIVERSAL_TIME_OFFSET ( 6, 0, .BEHIND. ) ;
#1686 = CARTESIAN_POINT ( 'NONE',  ( 4.000000000000000000, -8.280375562182076100E-016, -11.15625000000002700 ) ) ;
#1687 = CARTESIAN_POINT ( 'NONE',  ( -1.518625914947327100, 1.518625914947316700, 4.000000000000000000 ) ) ;
#1688 = CARTESIAN_POINT ( 'NONE',  ( 3.999999999999999100, 1.656854249492381200, 5.015624999999939600 ) ) ;
#1689 = ORIENTED_EDGE ( 'NONE', *, *, #3885, .T. ) ;
#1690 = ORIENTED_EDGE ( 'NONE', *, *, #4807, .T. ) ;
#1691 = DIRECTION ( 'NONE',  ( -0.0000000000000000000, -0.0000000000000000000, -1.000000000000000000 ) ) ;
#1692 = CARTESIAN_POINT ( 'NONE',  ( 1.320554748610675200, 3.188101183952083900, -14.04687500000001800 ) ) ;
#1693 = VECTOR ( 'NONE', #3046, 1000.000000000000000 ) ;
#1694 =( BOUNDED_CURVE ( )  B_SPLINE_CURVE ( 2, ( #4551, #3689, #3637, #4970, #4076, #683, #187, #5402, #2786 ),
 .UNSPECIFIED., .F., .T. ) 
 B_SPLINE_CURVE_WITH_KNOTS ( ( 3, 2, 2, 2, 3 ),
 ( 0.7023809523809522200, 0.7083333333333332600, 0.7142857142857141900, 0.7202380952380952300, 0.7261904761904761600 ),
 .UNSPECIFIED. ) 
 CURVE ( )  GEOMETRIC_REPRESENTATION_ITEM ( )  RATIONAL_B_SPLINE_CURVE ( ( 1.000000000000001300, 0.9238795325112853000, 1.000000000000000000, 0.9238795325112867400, 1.000000000000000000, 0.9238795325112867400, 1.000000000000000000, 0.9238795325112867400, 1.000000000000000000 ) ) 
 REPRESENTATION_ITEM ( '' )  );
#1695 = CARTESIAN_POINT ( 'NONE',  ( -4.000000000000000000, -1.656854249492380400, -6.703125000000037300 ) ) ;
#1696 = AXIS2_PLACEMENT_3D ( 'NONE', #250, #2405, #2003 ) ;
#1697 = CARTESIAN_POINT ( 'NONE',  ( -3.670181121036530000, -0.2138387436878598800, -0.3298188789647076300 ) ) ;
#1698 = CARTESIAN_POINT ( 'NONE',  ( -3.904297910284806600E-016, -3.188101183952083900, -17.25000000000001100 ) ) ;
#1699 = CARTESIAN_POINT ( 'NONE',  ( -2.254327966281379300, -2.254327966281379300, -1.156250000000046200 ) ) ;
#1700 = CARTESIAN_POINT ( 'NONE',  ( -2.851173418023742000, 0.9666666666666565700, 4.000000000000000000 ) ) ;
#1701 = CARTESIAN_POINT ( 'NONE',  ( -2.828427124746175600, 2.828427124746204500, -8.343750000000030200 ) ) ;
#1702 = DIRECTION ( 'NONE',  ( -0.0000000000000000000, -0.0000000000000000000, 1.000000000000000000 ) ) ;
#1703 = ORIENTED_EDGE ( 'NONE', *, *, #2173, .T. ) ;
#1704 = EDGE_CURVE ( 'NONE', #201, #5581, #1207, .T. ) ;
#1706 = CARTESIAN_POINT ( 'NONE',  ( 4.719593279364899800, -0.9611606702529625900, 3.937066173013112000 ) ) ;
#1705 =( NAMED_UNIT ( * ) PLANE_ANGLE_UNIT ( ) SI_UNIT ( $, .RADIAN. ) );
#1707 = CARTESIAN_POINT ( 'NONE',  ( 3.999999999999999100, 1.656854249492381200, -11.07812500000002700 ) ) ;
#1708 = DIRECTION ( 'NONE',  ( 1.000000000000000000, 0.0000000000000000000, 0.0000000000000000000 ) ) ;
#1709 = CARTESIAN_POINT ( 'NONE',  ( -3.188101183952083900, 1.320554748610674800, -17.48437500000001400 ) ) ;
#1710 = LINE ( 'NONE', #1521, #1171 ) ;
#1711 = ORIENTED_EDGE ( 'NONE', *, *, #2064, .F. ) ;
#1712 = CARTESIAN_POINT ( 'NONE',  ( -1.656854249492380800, 4.000000000000000000, -18.42187500000001400 ) ) ;
#1713 = CARTESIAN_POINT ( 'NONE',  ( 4.000000000000015100, 0.6374915241484312400, -0.03244061165049538800 ) ) ;
#1714 = ORIENTED_EDGE ( 'NONE', *, *, #3859, .T. ) ;
#1715 = EDGE_CURVE ( 'NONE', #555, #807, #539, .T. ) ;
#1716 = CARTESIAN_POINT ( 'NONE',  ( 3.188101183952087900, -1.320554748610664100, -4.359375000000040000 ) ) ;
#1717 = LINE ( 'NONE', #868, #2054 ) ;
#1718 = CARTESIAN_POINT ( 'NONE',  ( 4.000000000000000000, -8.280375562182076100E-016, -6.156250000000036400 ) ) ;
#1719 = ADVANCED_FACE ( 'NONE', ( #1143 ), #4553, .T. ) ;
#1720 = CARTESIAN_POINT ( 'NONE',  ( -0.3626345844386730800, -3.838694011401421900, -0.1500777832913677800 ) ) ;
#1721 = CARTESIAN_POINT ( 'NONE',  ( -1.320554748610674800, 3.188101183952083900, -19.04687500000001100 ) ) ;
#1722 = CARTESIAN_POINT ( 'NONE',  ( -2.254327966281379300, -2.254327966281379300, 0.09374999999994804200 ) ) ;
#1723 = CARTESIAN_POINT ( 'NONE',  ( -2.828427124746174300, 2.828427124746206300, -5.843750000000034600 ) ) ;
#1724 = CARTESIAN_POINT ( 'NONE',  ( -4.000000000000000000, 3.823144357995380600E-015, -8.031250000000033800 ) ) ;
#1725 = CARTESIAN_POINT ( 'NONE',  ( 4.000000000000019500, 1.656854249492349300, -13.57812500000002000 ) ) ;
#1726 = EDGE_CURVE ( 'NONE', #807, #555, #3586, .T. ) ;
#1727 = CARTESIAN_POINT ( 'NONE',  ( 2.828427124746163200, -2.828427124746217400, -5.062500000000039100 ) ) ;
#1729 = DIRECTION ( 'NONE',  ( -0.0000000000000000000, -0.0000000000000000000, -1.000000000000000000 ) ) ;
#1728 = DIRECTION ( 'NONE',  ( 1.000000000000000000, 0.0000000000000000000, 0.0000000000000000000 ) ) ;
#1730 = CARTESIAN_POINT ( 'NONE',  ( -4.000000000000000000, 1.656854249492381000, -11.85937500000002500 ) ) ;
#1731 = CARTESIAN_POINT ( 'NONE',  ( -1.320554748610687400, -3.188101183952078500, -12.17187500000002300 ) ) ;
#1732 = ORIENTED_EDGE ( 'NONE', *, *, #861, .T. ) ;
#1733 = CARTESIAN_POINT ( 'NONE',  ( 3.188101183952083400, 1.320554748610675500, -16.70312500000001400 ) ) ;
#1734 = VERTEX_POINT ( 'NONE', #1530 ) ;
#1735 = CARTESIAN_POINT ( 'NONE',  ( -2.815533720748150300, -0.7874938090657406200, 1.952044866385984600 ) ) ;
#1736 = CARTESIAN_POINT ( 'NONE',  ( -2.254327966281388700, -2.254327966281369600, -4.750000000000039100 ) ) ;
#1737 = ORIENTED_EDGE ( 'NONE', *, *, #2867, .T. ) ;
#1738 = CARTESIAN_POINT ( 'NONE',  ( 1.656854249492379700, -4.000000000000000900, -7.640625000000034600 ) ) ;
#1739 = CARTESIAN_POINT ( 'NONE',  ( 2.104891338744177400, -3.329028644535741800, -0.06706924559963367600 ) ) ;
#1740 = CARTESIAN_POINT ( 'NONE',  ( -3.188101183952083900, 1.320554748610674800, -18.89062500000000700 ) ) ;
#1741 = CARTESIAN_POINT ( 'NONE',  ( 5.998263823987151000E-032, 3.188101183952083900, -0.3750000000000489100 ) ) ;
#1742 = DIRECTION ( 'NONE',  ( -1.035937919421398500E-014, 1.000000000000000000, 0.0000000000000000000 ) ) ;
#1743 = CYLINDRICAL_SURFACE ( 'NONE', #1198, 3.188101183952083900 ) ;
#1744 = CARTESIAN_POINT ( 'NONE',  ( -4.000000000000000000, 1.863709479359616300E-015, -9.437500000000026600 ) ) ;
#1745 = CARTESIAN_POINT ( 'NONE',  ( 4.000000000000019500, 1.656854249492346200, -9.828125000000030200 ) ) ;
#1746 = AXIS2_PLACEMENT_3D ( 'NONE', #1589, #767, #2459 ) ;
#1747 = CARTESIAN_POINT ( 'NONE',  ( -0.4848976302732623800, 3.496517209289598900, -20.54095399147644200 ) ) ;
#1748 = CYLINDRICAL_SURFACE ( 'NONE', #2477, 3.188101183952083900 ) ;
#1749 = ADVANCED_FACE ( 'NONE', ( #3714 ), #4403, .T. ) ;
#1750 = ADVANCED_FACE ( 'NONE', ( #59 ), #1477, .T. ) ;
#1751 = CARTESIAN_POINT ( 'NONE',  ( 2.828427124746189800, -2.828427124746190700, -18.81250000000001100 ) ) ;
#1752 = DIRECTION ( 'NONE',  ( -0.0000000000000000000, -0.0000000000000000000, -1.000000000000000000 ) ) ;
#1753 = CARTESIAN_POINT ( 'NONE',  ( 2.254327966281379300, -2.254327966281379300, -15.68750000000001400 ) ) ;
#1754 = EDGE_CURVE ( 'NONE', #4252, #3277, #1858, .T. ) ;
#1755 = CARTESIAN_POINT ( 'NONE',  ( -4.000000000000005300, -1.656854249492367000, -2.953125000000046200 ) ) ;
#1756 = ORIENTED_EDGE ( 'NONE', *, *, #3272, .T. ) ;
#1757 = CC_DESIGN_DATE_AND_TIME_ASSIGNMENT ( #203, #4867, ( #802 ) ) ;
#1758 = EDGE_LOOP ( 'NONE', ( #224, #4644, #325, #2349 ) ) ;
#1759 = VECTOR ( 'NONE', #2071, 1000.000000000000200 ) ;
#1760 = CARTESIAN_POINT ( 'NONE',  ( -4.000000000000000000, 7.742014115266910900E-015, -3.031250000000044400 ) ) ;
#1761 = DIRECTION ( 'NONE',  ( -0.0000000000000000000, -0.0000000000000000000, 1.000000000000000000 ) ) ;
#1762 = CARTESIAN_POINT ( 'NONE',  ( -1.656854249492380800, 4.000000000000000000, 0.4843749999999466500 ) ) ;
#1763 = CARTESIAN_POINT ( 'NONE',  ( -4.000000000000000000, 1.863709479359616300E-015, -9.437500000000026600 ) ) ;
#1764 = CARTESIAN_POINT ( 'NONE',  ( -2.254327966281379300, -2.254327966281379300, -16.15625000000001400 ) ) ;
#1765 = CARTESIAN_POINT ( 'NONE',  ( 3.188101183952083000, -1.320554748610676600, 1.734374999999944000 ) ) ;
#1766 = CARTESIAN_POINT ( 'NONE',  ( 3.191027522433888200, -0.6628840305076633100, -0.7582038428928279400 ) ) ;
#1767 = ORIENTED_EDGE ( 'NONE', *, *, #2101, .F. ) ;
#1768 = CARTESIAN_POINT ( 'NONE',  ( 3.328887792254223000, -1.780778073558103100, -20.29470413688740400 ) ) ;
#1769 = DIRECTION ( 'NONE',  ( -0.0000000000000000000, -0.0000000000000000000, -1.000000000000000000 ) ) ;
#1770 = FACE_OUTER_BOUND ( 'NONE', #5047, .T. ) ;
#1771 = CARTESIAN_POINT ( 'NONE',  ( 1.320554748610676800, 3.188101183952083000, -10.45312500000002700 ) ) ;
#1772 = VERTEX_POINT ( 'NONE', #2354 ) ;
#1773 = ORIENTED_EDGE ( 'NONE', *, *, #4904, .F. ) ;
#1774 = CARTESIAN_POINT ( 'NONE',  ( -3.188101183952083900, 1.466496314483776300E-015, -9.906250000000028400 ) ) ;
#1775 = ORIENTED_EDGE ( 'NONE', *, *, #710, .T. ) ;
#1776 = CARTESIAN_POINT ( 'NONE',  ( 3.260011879631126200, 0.4556597196734725700, -0.7160576207705418000 ) ) ;
#1777 = CARTESIAN_POINT ( 'NONE',  ( -4.898587196589413800E-016, -4.000000000000000000, -21.46875000000000400 ) ) ;
#1778 = CARTESIAN_POINT ( 'NONE',  ( 0.0000000000000000000, 5.655958496054998300E-018, 15.31370849898476100 ) ) ;
#1779 = CYLINDRICAL_SURFACE ( 'NONE', #3877, 4.000000000000000000 ) ;
#1780 = CARTESIAN_POINT ( 'NONE',  ( 2.254327966281379300, 2.254327966281378900, -16.62500000000001100 ) ) ;
#1781 = CARTESIAN_POINT ( 'NONE',  ( 6.246876656455690600E-015, 3.188101183952083900, -11.46875000000002500 ) ) ;
#1782 =( BOUNDED_CURVE ( )  B_SPLINE_CURVE ( 2, ( #3385, #344, #3365, #5610, #782, #377, #2974, #4308, #3808 ),
 .UNSPECIFIED., .F., .T. ) 
 B_SPLINE_CURVE_WITH_KNOTS ( ( 3, 2, 2, 2, 3 ),
 ( 0.2976190476190476200, 0.3035714285714285500, 0.3095238095238095300, 0.3154761904761904100, 0.3214285714285714000 ),
 .UNSPECIFIED. ) 
 CURVE ( )  GEOMETRIC_REPRESENTATION_ITEM ( )  RATIONAL_B_SPLINE_CURVE ( ( 1.000000000000000000, 0.9238795325112867400, 1.000000000000000000, 0.9238795325112867400, 1.000000000000000000, 0.9238795325112867400, 1.000000000000000000, 0.9238795325112874000, 0.9999999999999993300 ) ) 
 REPRESENTATION_ITEM ( '' )  );
#1783 = CARTESIAN_POINT ( 'NONE',  ( -2.815533720748158800, 0.7874938090657109800, 1.952044866385984800 ) ) ;
#1784 = CARTESIAN_POINT ( 'NONE',  ( 1.656854249492379700, -4.000000000000000900, -0.1406250000000504300 ) ) ;
#1785 = ADVANCED_FACE ( 'NONE', ( #2542 ), #3359, .T. ) ;
#1786 = ADVANCED_FACE ( 'NONE', ( #2363 ), #3643, .T. ) ;
#1787 = CARTESIAN_POINT ( 'NONE',  ( 3.188101183952083900, -7.903818670199758700E-015, -18.18750000000001100 ) ) ;
#1788 = CARTESIAN_POINT ( 'NONE',  ( 2.254327966281379300, -2.254327966281379300, -15.84375000000001400 ) ) ;
#1789 = CARTESIAN_POINT ( 'NONE',  ( -3.904297910284806600E-016, -3.188101183952083900, 0.2499999999999481800 ) ) ;
#1790 = VECTOR ( 'NONE', #5650, 1000.000000000000000 ) ;
#1791 = CARTESIAN_POINT ( 'NONE',  ( -3.655787542339054700, 0.2271139131919976100, -0.3442124576596348700 ) ) ;
#1792 = CARTESIAN_POINT ( 'NONE',  ( 2.828427124746189000, -2.828427124746191600, -15.06250000000001600 ) ) ;
#1793 = CARTESIAN_POINT ( 'NONE',  ( -4.000000000000016000, -1.656854249492365300, -18.10937500000000700 ) ) ;
#1794 = CARTESIAN_POINT ( 'NONE',  ( 1.320554748610676800, 3.188101183952083000, -14.20312500000002000 ) ) ;
#1795 = ORIENTED_EDGE ( 'NONE', *, *, #4284, .T. ) ;
#1796 = FACE_OUTER_BOUND ( 'NONE', #4173, .T. ) ;
#1797 = EDGE_CURVE ( 'NONE', #3975, #1103, #835, .T. ) ;
#1799 = PLANE ( 'NONE',  #4521 ) ;
#1798 = APPROVAL_STATUS ( 'not_yet_approved' ) ;
#1800 = CARTESIAN_POINT ( 'NONE',  ( -0.6117266799727220100, 3.440118600479801900, -0.5132555322992693500 ) ) ;
#1801 = CARTESIAN_POINT ( 'NONE',  ( 2.828427124746190700, 2.828427124746189400, -17.25000000000001100 ) ) ;
#1802 = CARTESIAN_POINT ( 'NONE',  ( 2.254327966281379300, 2.254327966281378900, -14.12500000000001800 ) ) ;
#1803 = CARTESIAN_POINT ( 'NONE',  ( -4.000000000000000000, -1.656854249492380400, -19.35937500000000400 ) ) ;
#1804 = CARTESIAN_POINT ( 'NONE',  ( 2.828427124746195200, 2.828427124746185000, -17.25000000000001100 ) ) ;
#1805 = EDGE_CURVE ( 'NONE', #543, #3538, #3838, .T. ) ;
#1806 = CARTESIAN_POINT ( 'NONE',  ( 1.656854249492379000, 4.000000000000000900, -16.07812500000001400 ) ) ;
#1807 = CARTESIAN_POINT ( 'NONE',  ( -4.000000000000000000, 1.656854249492381000, 0.6406249999999468200 ) ) ;
#1808 = CARTESIAN_POINT ( 'NONE',  ( -4.000000000000000000, 1.516798830996750800E-016, -8.187500000000030200 ) ) ;
#1809 = ORIENTED_EDGE ( 'NONE', *, *, #4528, .T. ) ;
#1810 = CARTESIAN_POINT ( 'NONE',  ( -2.828427124746189800, 2.828427124746190300, -21.93750000000000400 ) ) ;
#1811 = CARTESIAN_POINT ( 'NONE',  ( -2.254327966281379300, 2.254327966281379300, -10.21875000000002800 ) ) ;
#1812 = ORIENTED_EDGE ( 'NONE', *, *, #3061, .F. ) ;
#1813 =( BOUNDED_CURVE ( )  B_SPLINE_CURVE ( 2, ( #1621, #2919, #1606, #2026, #4637, #3795, #2042, #5099, #660 ),
 .UNSPECIFIED., .F., .T. ) 
 B_SPLINE_CURVE_WITH_KNOTS ( ( 3, 2, 2, 2, 3 ),
 ( 0.4404761904761904700, 0.4464285714285714500, 0.4523809523809523300, 0.4583333333333332600, 0.4642857142857142500 ),
 .UNSPECIFIED. ) 
 CURVE ( )  GEOMETRIC_REPRESENTATION_ITEM ( )  RATIONAL_B_SPLINE_CURVE ( ( 1.000000000000000000, 0.9238795325112867400, 1.000000000000000000, 0.9238795325112867400, 1.000000000000000000, 0.9238795325112867400, 1.000000000000000000, 0.9238795325112874000, 0.9999999999999993300 ) ) 
 REPRESENTATION_ITEM ( '' )  );
#1814 = ADVANCED_FACE ( 'NONE', ( #5645 ), #5157, .T. ) ;
#1815 = ADVANCED_FACE ( 'NONE', ( #4542 ), #4245, .T. ) ;
#1816 = CARTESIAN_POINT ( 'NONE',  ( -1.959930063145035700E-014, -4.000000000000000000, -14.12500000000001600 ) ) ;
#1817 = CARTESIAN_POINT ( 'NONE',  ( 1.656854249492383200, 3.999999999999999100, -19.67187500000001400 ) ) ;
#1818 = CARTESIAN_POINT ( 'NONE',  ( 2.254327966281379300, 2.254327966281378900, -10.37500000000002700 ) ) ;
#1819 = CARTESIAN_POINT ( 'NONE',  ( -1.656854249492388600, 3.999999999999996400, -3.265625000000042600 ) ) ;
#1820 = LINE ( 'NONE', #8, #3100 ) ;
#1821 = CARTESIAN_POINT ( 'NONE',  ( -4.000000000000000000, 1.656854249492381000, -15.76562500000001200 ) ) ;
#1822 = CARTESIAN_POINT ( 'NONE',  ( 3.188101183952083900, -9.324947672979560100E-017, -21.00000000000000000 ) ) ;
#1823 = AXIS2_PLACEMENT_3D ( 'NONE', #4397, #4910, #2234 ) ;
#1824 = CARTESIAN_POINT ( 'NONE',  ( 4.000000000000000000, -8.280375562182076100E-016, 1.343749999999945600 ) ) ;
#1825 = LINE ( 'NONE', #5209, #667 ) ;
#1826 = CARTESIAN_POINT ( 'NONE',  ( 4.000000000000000000, -8.280375562182076100E-016, -7.562500000000031100 ) ) ;
#1827 = DIRECTION ( 'NONE',  ( -0.0000000000000000000, -0.0000000000000000000, -1.000000000000000000 ) ) ;
#1828 = CARTESIAN_POINT ( 'NONE',  ( 2.254327966281379300, -2.254327966281379300, 4.156249999999941400 ) ) ;
#1829 = CARTESIAN_POINT ( 'NONE',  ( -4.000000000000001800, 1.656854249492375700, -11.85937500000002500 ) ) ;
#1830 = ORIENTED_EDGE ( 'NONE', *, *, #2238, .T. ) ;
#1831 = LINE ( 'NONE', #1434, #3779 ) ;
#1832 = CARTESIAN_POINT ( 'NONE',  ( -1.320554748610674800, 3.188101183952083900, -11.54687500000002500 ) ) ;
#1833 = ORIENTED_EDGE ( 'NONE', *, *, #2841, .T. ) ;
#1834 = CARTESIAN_POINT ( 'NONE',  ( 3.122220887972349900, 1.123354778114715100, -0.6896175588431624500 ) ) ;
#1835 = CARTESIAN_POINT ( 'NONE',  ( -4.000000000000000000, 1.516798830996750800E-016, -20.53125000000000400 ) ) ;
#1836 = ORIENTED_EDGE ( 'NONE', *, *, #768, .F. ) ;
#1837 = DIRECTION ( 'NONE',  ( -0.0000000000000000000, -0.0000000000000000000, 1.000000000000000000 ) ) ;
#1838 = CARTESIAN_POINT ( 'NONE',  ( 3.188101183952083000, -1.320554748610676600, -11.85937500000002500 ) ) ;
#1839 = EDGE_CURVE ( 'NONE', #298, #2834, #5488, .T. ) ;
#1840 = ORIENTED_EDGE ( 'NONE', *, *, #4177, .F. ) ;
#1841 = CARTESIAN_POINT ( 'NONE',  ( 1.656854249492379700, -4.000000000000000900, -14.04687500000001800 ) ) ;
#1842 = CARTESIAN_POINT ( 'NONE',  ( 2.254327966281379300, 2.254327966281378900, -6.625000000000035500 ) ) ;
#1843 = ORIENTED_EDGE ( 'NONE', *, *, #3539, .F. ) ;
#1844 = DIRECTION ( 'NONE',  ( -0.0000000000000000000, -0.0000000000000000000, -1.000000000000000000 ) ) ;
#1845 = CARTESIAN_POINT ( 'NONE',  ( 4.000000000000000000, -8.280375562182076100E-016, -1.156250000000049500 ) ) ;
#1846 = VERTEX_POINT ( 'NONE', #2761 ) ;
#1847 = CARTESIAN_POINT ( 'NONE',  ( -2.828427124746190300, -2.828427124746189800, -8.031250000000030200 ) ) ;
#1848 = ADVANCED_FACE ( 'NONE', ( #4477 ), #4659, .T. ) ;
#1849 = LINE ( 'NONE', #57, #1693 ) ;
#1850 = CARTESIAN_POINT ( 'NONE',  ( 3.188101183952084300, 1.320554748610673700, -18.10937500000001100 ) ) ;
#1851 = EDGE_CURVE ( 'NONE', #458, #780, #4465, .T. ) ;
#1852 = CARTESIAN_POINT ( 'NONE',  ( 3.999999999999986200, 1.656854249492378800, -6.078125000000036400 ) ) ;
#1853 = CARTESIAN_POINT ( 'NONE',  ( -3.188101183952083900, 2.646189643190794200E-014, -6.312500000000036400 ) ) ;
#1854 = CARTESIAN_POINT ( 'NONE',  ( -4.000000000000000000, 3.714344098498879600E-014, -0.6875000000000457400 ) ) ;
#1855 = CARTESIAN_POINT ( 'NONE',  ( -3.188101183952083900, 1.320554748610674800, -13.89062500000002000 ) ) ;
#1856 = CARTESIAN_POINT ( 'NONE',  ( 0.0000000000000000000, 0.0000000000000000000, 4.000000000000000000 ) ) ;
#1857 = DIRECTION ( 'NONE',  ( 0.08714264840443983200, -0.01733375049385931000, 0.9960450290638855900 ) ) ;
#1858 =( BOUNDED_CURVE ( )  B_SPLINE_CURVE ( 2, ( #5204, #238, #5078, #2918, #1781, #4886, #5373, #4978, #4050 ),
 .UNSPECIFIED., .F., .F. ) 
 B_SPLINE_CURVE_WITH_KNOTS ( ( 3, 2, 2, 2, 3 ),
 ( 0.3690476190476190700, 0.3750000000000000000, 0.3809523809523809300, 0.3869047619047619200, 0.3928571428571428500 ),
 .UNSPECIFIED. ) 
 CURVE ( )  GEOMETRIC_REPRESENTATION_ITEM ( )  RATIONAL_B_SPLINE_CURVE ( ( 1.000000000000000000, 0.9238795325112867400, 1.000000000000000000, 0.9238795325112867400, 1.000000000000000000, 0.9238795325112867400, 1.000000000000000000, 0.9238795325112867400, 1.000000000000000000 ) ) 
 REPRESENTATION_ITEM ( '' )  );
#1859 = CARTESIAN_POINT ( 'NONE',  ( -4.000000000000000000, -1.656854249492380400, -15.45312500000001800 ) ) ;
#1860 = CARTESIAN_POINT ( 'NONE',  ( 2.917253697652666400, -2.053540559948082500, -0.4384143649458957500 ) ) ;
#1861 = CARTESIAN_POINT ( 'NONE',  ( -2.254327966281379300, 2.254327966281379300, -8.812500000000030200 ) ) ;
#1862 = LOCAL_TIME ( 10, 59, 51.00000000000000000, #1987 ) ;
#1863 = CARTESIAN_POINT ( 'NONE',  ( -2.254327966281364200, 2.254327966281394400, -1.312500000000046200 ) ) ;
#1864 = ORIENTED_EDGE ( 'NONE', *, *, #3919, .T. ) ;
#1865 = CARTESIAN_POINT ( 'NONE',  ( -2.828427124746190300, -2.828427124746189800, -15.53125000000001400 ) ) ;
#1866 = CARTESIAN_POINT ( 'NONE',  ( -4.064772864836419000, 0.8958160594109276800, 3.190173853384666600 ) ) ;
#1867 = CARTESIAN_POINT ( 'NONE',  ( -1.656854249492381200, -4.000000000000000000, 2.203124999999944900 ) ) ;
#1868 = CARTESIAN_POINT ( 'NONE',  ( 3.999999999999999100, -1.656854249492382600, -10.14062500000003000 ) ) ;
#1869 = EDGE_LOOP ( 'NONE', ( #3114, #2442, #1075, #4650 ) ) ;
#1870 = ORIENTED_EDGE ( 'NONE', *, *, #4851, .F. ) ;
#1871 = CARTESIAN_POINT ( 'NONE',  ( -4.687415225147669100, -0.9501487722898631600, 3.811199603341277600 ) ) ;
#1872 = CARTESIAN_POINT ( 'NONE',  ( -2.815533720748150300, -0.7874938090657406200, 1.952044866385984600 ) ) ;
#1873 = CARTESIAN_POINT ( 'NONE',  ( -2.828427124746179600, -2.828427124746200500, -9.125000000000030200 ) ) ;
#1874 = CARTESIAN_POINT ( 'NONE',  ( 1.320554748610674100, -3.188101183952084700, -8.421875000000032000 ) ) ;
#1875 = EDGE_CURVE ( 'NONE', #96, #3522, #2017, .T. ) ;
#1876 = AXIS2_PLACEMENT_3D ( 'NONE', #4712, #2520, #2094 ) ;
#1877 = CARTESIAN_POINT ( 'NONE',  ( 3.188101183952083900, -9.324947672979560100E-017, -21.00000000000000000 ) ) ;
#1878 = CARTESIAN_POINT ( 'NONE',  ( 5.998263823987151000E-032, 4.000000000000000000, -14.59375000000002000 ) ) ;
#1879 = CARTESIAN_POINT ( 'NONE',  ( 2.254327966281379300, -2.254327966281379300, -8.187500000000032000 ) ) ;
#1880 = CARTESIAN_POINT ( 'NONE',  ( 1.656854249492383200, 3.999999999999999100, -13.57812500000002000 ) ) ;
#1881 = CARTESIAN_POINT ( 'NONE',  ( -3.188101183952087900, -1.320554748610664100, -2.484375000000045700 ) ) ;
#1882 = VERTEX_POINT ( 'NONE', #4087 ) ;
#1883 = ORIENTED_EDGE ( 'NONE', *, *, #4621, .T. ) ;
#1884 = CARTESIAN_POINT ( 'NONE',  ( 3.999999999999999100, 1.656854249492381200, -3.734375000000039500 ) ) ;
#1885 = CARTESIAN_POINT ( 'NONE',  ( 0.0000000000000000000, 5.655958496054998300E-018, 15.31370849898476100 ) ) ;
#1886 = CARTESIAN_POINT ( 'NONE',  ( -4.000000000000000000, -1.656854249492380400, -9.359375000000026600 ) ) ;
#1887 = CARTESIAN_POINT ( 'NONE',  ( -4.000000000000001800, -1.656854249492375700, -14.20312500000002000 ) ) ;
#1888 = CARTESIAN_POINT ( 'NONE',  ( -4.000000000000000000, 8.839920400417336200E-016, -11.78125000000002700 ) ) ;
#1889 = ORIENTED_EDGE ( 'NONE', *, *, #3707, .F. ) ;
#1890 =( BOUNDED_CURVE ( )  B_SPLINE_CURVE ( 2, ( #4091, #4965, #1968, #231, #2342, #168, #5412, #3216, #2782 ),
 .UNSPECIFIED., .F., .T. ) 
 B_SPLINE_CURVE_WITH_KNOTS ( ( 3, 2, 2, 2, 3 ),
 ( 0.3928571428571428500, 0.3988095238095238400, 0.4047619047619047700, 0.4107142857142856400, 0.4166666666666666300 ),
 .UNSPECIFIED. ) 
 CURVE ( )  GEOMETRIC_REPRESENTATION_ITEM ( )  RATIONAL_B_SPLINE_CURVE ( ( 1.000000000000000000, 0.9238795325112867400, 1.000000000000000000, 0.9238795325112867400, 1.000000000000000000, 0.9238795325112867400, 1.000000000000000000, 0.9238795325112874000, 0.9999999999999993300 ) ) 
 REPRESENTATION_ITEM ( '' )  );
#1891 = DIRECTION ( 'NONE',  ( 0.0000000000000000000, 0.0000000000000000000, 1.000000000000000000 ) ) ;
#1892 = CARTESIAN_POINT ( 'NONE',  ( 3.923821602364237900E-015, -4.000000000000000000, -8.968750000000032000 ) ) ;
#1893 = CARTESIAN_POINT ( 'NONE',  ( -3.188101183952071000, 1.320554748610689200, -18.89062500000000400 ) ) ;
#1894 = LINE ( 'NONE', #4436, #3499 ) ;
#1895 = CARTESIAN_POINT ( 'NONE',  ( -2.851173418023731400, -0.9666666666666866600, 4.000000000000000000 ) ) ;
#1896 = CARTESIAN_POINT ( 'NONE',  ( -4.000000000000000000, 1.656854249492381000, -15.60937500000001600 ) ) ;
#1897 = CARTESIAN_POINT ( 'NONE',  ( 7.027736238512651600E-015, 3.188101183952083900, -10.37500000000002700 ) ) ;
#1898 = CARTESIAN_POINT ( 'NONE',  ( -1.320554748610675200, -3.188101183952083900, -10.92187500000002700 ) ) ;
#1899 = CARTESIAN_POINT ( 'NONE',  ( 2.828427124746214300, 2.828427124746165900, -1.000000000000049500 ) ) ;
#1900 = CARTESIAN_POINT ( 'NONE',  ( 2.828427124746189800, -2.828427124746190700, -16.46875000000001100 ) ) ;
#1901 = CARTESIAN_POINT ( 'NONE',  ( -4.000000000000000000, 1.516798830996750800E-016, -3.187500000000040900 ) ) ;
#1902 = CARTESIAN_POINT ( 'NONE',  ( 2.828427124746190700, 2.828427124746189400, 2.749999999999943600 ) ) ;
#1903 = ORIENTED_EDGE ( 'NONE', *, *, #3244, .T. ) ;
#1904 = CARTESIAN_POINT ( 'NONE',  ( 0.0000000000000000000, 0.0000000000000000000, 0.7500000000000123200 ) ) ;
#1905 = ORIENTED_EDGE ( 'NONE', *, *, #1153, .F. ) ;
#1906 = VECTOR ( 'NONE', #98, 1000.000000000000100 ) ;
#1907 = CARTESIAN_POINT ( 'NONE',  ( 1.656854249492382600, -3.999999999999999100, -13.89062500000002100 ) ) ;
#1908 = DIRECTION ( 'NONE',  ( -1.000000000000000000, 0.0000000000000000000, 0.0000000000000000000 ) ) ;
#1909 = CARTESIAN_POINT ( 'NONE',  ( 3.188101183952083900, -1.415069532665545000E-014, -8.187500000000032000 ) ) ;
#1910 = EDGE_CURVE ( 'NONE', #2603, #1967, #1182, .T. ) ;
#1911 = B_SPLINE_CURVE_WITH_KNOTS ( 'NONE', 3,
 ( #4462, #1866, #4020, #1783 ),
 .UNSPECIFIED., .F., .F.,
 ( 4, 4 ),
 ( 0.01448277062945233000, 0.01712601868346312300 ),
 .UNSPECIFIED. ) ;
#1912 = ORIENTED_EDGE ( 'NONE', *, *, #2460, .F. ) ;
#1913 = PLANE ( 'NONE',  #5004 ) ;
#1914 = FACE_OUTER_BOUND ( 'NONE', #478, .T. ) ;
#1915 = CARTESIAN_POINT ( 'NONE',  ( 3.188101183952083900, -6.788941632725165100E-016, -8.031250000000032000 ) ) ;
#1916 = ORIENTED_EDGE ( 'NONE', *, *, #1482, .T. ) ;
#1917 = EDGE_CURVE ( 'NONE', #4095, #1013, #948, .T. ) ;
#1918 = EDGE_LOOP ( 'NONE', ( #751, #2264, #3660, #4068 ) ) ;
#1919 = ORIENTED_EDGE ( 'NONE', *, *, #1462, .T. ) ;
#1920 = CARTESIAN_POINT ( 'NONE',  ( -4.000000000000000000, -1.656854249492380400, -13.10937500000002000 ) ) ;
#1921 = CARTESIAN_POINT ( 'NONE',  ( 4.000000000000000000, -1.479148698904438500E-014, -12.40625000000002300 ) ) ;
#1922 = CARTESIAN_POINT ( 'NONE',  ( 3.188101183952083900, 4.597828134313024000E-015, -1.937500000000046900 ) ) ;
#1923 = FACE_OUTER_BOUND ( 'NONE', #3482, .T. ) ;
#1924 = CARTESIAN_POINT ( 'NONE',  ( 4.000000000000006200, 1.656854249492373700, -19.98437500000000000 ) ) ;
#1925 = CARTESIAN_POINT ( 'NONE',  ( -1.656854249492380800, 4.000000000000000000, -2.171875000000041700 ) ) ;
#1926 = CARTESIAN_POINT ( 'NONE',  ( 2.828427124746191600, -2.828427124746189400, -20.06250000000000700 ) ) ;
#1927 = EDGE_CURVE ( 'NONE', #4011, #3760, #1034, .T. ) ;
#1928 = CARTESIAN_POINT ( 'NONE',  ( -3.188101183952083900, -1.320554748610674600, -6.234375000000036400 ) ) ;
#1929 = CYLINDRICAL_SURFACE ( 'NONE', #4506, 4.000000000000000000 ) ;
#1930 = CARTESIAN_POINT ( 'NONE',  ( -3.999999999999962700, 1.656854249492435400, -1.859375000000050000 ) ) ;
#1931 = EDGE_LOOP ( 'NONE', ( #5608, #2746, #5113, #4610 ) ) ;
#1932 = CARTESIAN_POINT ( 'NONE',  ( 1.656854249492379700, -4.000000000000000900, -6.546875000000034600 ) ) ;
#1933 = CARTESIAN_POINT ( 'NONE',  ( 2.254327966281379300, -2.254327966281379300, -3.187500000000040900 ) ) ;
#1934 = VERTEX_POINT ( 'NONE', #656 ) ;
#1935 = AXIS2_PLACEMENT_3D ( 'NONE', #4932, #877, #2253 ) ;
#1936 = CYLINDRICAL_SURFACE ( 'NONE', #5329, 3.188101183952083900 ) ;
#1937 = CARTESIAN_POINT ( 'NONE',  ( -4.000000000000000000, 1.516798830996750800E-016, -11.93750000000002100 ) ) ;
#1938 = CARTESIAN_POINT ( 'NONE',  ( -3.188101183952085600, -1.320554748610670300, -12.48437500000002300 ) ) ;
#1939 = CARTESIAN_POINT ( 'NONE',  ( 2.828427124746184100, -2.828427124746196500, -5.218750000000035500 ) ) ;
#1940 = CARTESIAN_POINT ( 'NONE',  ( -4.000000000000000000, 3.823144357995380600E-015, -6.937500000000032000 ) ) ;
#1941 = CARTESIAN_POINT ( 'NONE',  ( 1.656854249492379700, -4.000000000000000900, -5.296875000000037300 ) ) ;
#1942 = CARTESIAN_POINT ( 'NONE',  ( 0.9666666666666665600, 2.851173418023738500, 4.000000000000000000 ) ) ;
#1943 = AXIS2_PLACEMENT_3D ( 'NONE', #239, #3235, #222 ) ;
#1944 = DIRECTION ( 'NONE',  ( -0.0000000000000000000, -0.0000000000000000000, 1.000000000000000000 ) ) ;
#1945 = B_SPLINE_CURVE_WITH_KNOTS ( 'NONE', 3,
 ( #1647, #2115, #2074, #2540, #5177, #3818 ),
 .UNSPECIFIED., .F., .F.,
 ( 4, 2, 4 ),
 ( 0.0000000000000000000, 0.0009601869924392775900, 0.001920373984878554800 ),
 .UNSPECIFIED. ) ;
#1946 = ORIENTED_EDGE ( 'NONE', *, *, #3528, .T. ) ;
#1947 = EDGE_CURVE ( 'NONE', #2550, #3684, #453, .T. ) ;
#1948 = CARTESIAN_POINT ( 'NONE',  ( -3.188101183952083900, -9.522284963014628900E-017, -12.56250000000002100 ) ) ;
#1949 = DIRECTION ( 'NONE',  ( 0.3812272063696567300, -0.9203638919632229900, 0.08715574274765836000 ) ) ;
#1950 = CARTESIAN_POINT ( 'NONE',  ( 3.188101183952083000, -1.320554748610676600, -5.609375000000038200 ) ) ;
#1951 = CARTESIAN_POINT ( 'NONE',  ( 1.201412475624489900E-011, -3.900941469341681500, -20.16155853065831100 ) ) ;
#1952 = VERTEX_POINT ( 'NONE', #5026 ) ;
#1953 = CARTESIAN_POINT ( 'NONE',  ( 1.320554748610701700, 3.188101183952072800, -7.953125000000032900 ) ) ;
#1954 = CARTESIAN_POINT ( 'NONE',  ( 1.115357438333778100, 1.847080742981473100, 1.178179883750175800 ) ) ;
#1955 = CARTESIAN_POINT ( 'NONE',  ( -4.000000000000000000, 3.322457122771727800E-014, -5.687500000000036400 ) ) ;
#1956 = CARTESIAN_POINT ( 'NONE',  ( 2.828427124746190700, 2.828427124746189400, -4.906250000000035500 ) ) ;
#1957 = LINE ( 'NONE', #2236, #2943 ) ;
#1958 = EDGE_CURVE ( 'NONE', #2462, #4729, #4657, .T. ) ;
#1959 =( BOUNDED_CURVE ( )  B_SPLINE_CURVE ( 2, ( #456, #435, #2595, #2179, #953, #1819, #3972, #1385, #4831 ),
 .UNSPECIFIED., .F., .T. ) 
 B_SPLINE_CURVE_WITH_KNOTS ( ( 3, 2, 2, 2, 3 ),
 ( 0.7023809523809522200, 0.7083333333333332600, 0.7142857142857141900, 0.7202380952380952300, 0.7261904761904761600 ),
 .UNSPECIFIED. ) 
 CURVE ( )  GEOMETRIC_REPRESENTATION_ITEM ( )  RATIONAL_B_SPLINE_CURVE ( ( 1.000000000000001300, 0.9238795325112853000, 1.000000000000000000, 0.9238795325112867400, 1.000000000000000000, 0.9238795325112867400, 1.000000000000000000, 0.9238795325112867400, 1.000000000000000000 ) ) 
 REPRESENTATION_ITEM ( '' )  );
#1960 = CARTESIAN_POINT ( 'NONE',  ( -2.254327966281383300, -2.254327966281374900, -16.15625000000001400 ) ) ;
#1961 = AXIS2_PLACEMENT_3D ( 'NONE', #2010, #3257, #4127 ) ;
#1962 = CARTESIAN_POINT ( 'NONE',  ( 4.000000000000000000, -1.381176954972650700E-014, -12.56250000000002000 ) ) ;
#1963 = CARTESIAN_POINT ( 'NONE',  ( 4.689104238142468900E-015, -3.188101183952083900, -10.84375000000002500 ) ) ;
#1964 = ORIENTED_EDGE ( 'NONE', *, *, #4528, .F. ) ;
#1965 = CARTESIAN_POINT ( 'NONE',  ( -1.320554748610674800, 3.188101183952083900, -5.140625000000039100 ) ) ;
#1966 = DIRECTION ( 'NONE',  ( -0.0000000000000000000, -0.0000000000000000000, -1.000000000000000000 ) ) ;
#1967 = VERTEX_POINT ( 'NONE', #1191 ) ;
#1968 = CARTESIAN_POINT ( 'NONE',  ( -2.254327966281385500, -2.254327966281372700, -11.15625000000002500 ) ) ;
#1969 = ORIENTED_EDGE ( 'NONE', *, *, #437, .F. ) ;
#1970 = CARTESIAN_POINT ( 'NONE',  ( 3.188101183952083900, -6.788941632725165100E-016, -20.53125000000000400 ) ) ;
#1971 = CARTESIAN_POINT ( 'NONE',  ( -2.828427124746189800, 2.828427124746190300, -0.8437500000000458500 ) ) ;
#1972 = ORIENTED_EDGE ( 'NONE', *, *, #4214, .T. ) ;
#1973 = CARTESIAN_POINT ( 'NONE',  ( -2.254327966281381500, -2.254327966281376700, -19.90625000000000700 ) ) ;
#1974 = CARTESIAN_POINT ( 'NONE',  ( 2.254327966281380700, 2.254327966281377500, -4.125000000000041700 ) ) ;
#1975 = VERTEX_POINT ( 'NONE', #4996 ) ;
#1976 = EDGE_CURVE ( 'NONE', #5107, #472, #1641, .T. ) ;
#1977 = EDGE_LOOP ( 'NONE', ( #4674, #4212, #4969, #2554 ) ) ;
#1978 = PRODUCT_DEFINITION_FORMATION_WITH_SPECIFIED_SOURCE ( 'ANY', '', #4817, .NOT_KNOWN. ) ;
#1979 = VECTOR ( 'NONE', #3437, 1000.000000000000000 ) ;
#1980 = CARTESIAN_POINT ( 'NONE',  ( 2.828427124746181000, -2.828427124746199200, -0.2187500000000487700 ) ) ;
#1981 = CARTESIAN_POINT ( 'NONE',  ( 0.9556547051327117800, -4.703504979265583000, 3.874132703710337900 ) ) ;
#1982 = CARTESIAN_POINT ( 'NONE',  ( 2.254327966281379300, 2.254327966281378900, -2.875000000000044400 ) ) ;
#1983 = EDGE_CURVE ( 'NONE', #5107, #4128, #1550, .T. ) ;
#1984 =( BOUNDED_CURVE ( )  B_SPLINE_CURVE ( 2, ( #4200, #756, #4641, #4691, #2047, #1213, #5661, #3413, #3003 ),
 .UNSPECIFIED., .F., .T. ) 
 B_SPLINE_CURVE_WITH_KNOTS ( ( 3, 2, 2, 2, 3 ),
 ( 0.1547619047619047100, 0.1607142857142857000, 0.1666666666666666300, 0.1726190476190476200, 0.1785714285714285800 ),
 .UNSPECIFIED. ) 
 CURVE ( )  GEOMETRIC_REPRESENTATION_ITEM ( )  RATIONAL_B_SPLINE_CURVE ( ( 1.000000000000000700, 0.9238795325112860700, 1.000000000000000000, 0.9238795325112867400, 1.000000000000000000, 0.9238795325112867400, 1.000000000000000000, 0.9238795325112867400, 1.000000000000000000 ) ) 
 REPRESENTATION_ITEM ( '' )  );
#1985 = DIRECTION ( 'NONE',  ( -0.0000000000000000000, -0.0000000000000000000, 1.000000000000000000 ) ) ;
#1986 = DIRECTION ( 'NONE',  ( -0.0000000000000000000, -0.0000000000000000000, 1.000000000000000000 ) ) ;
#1987 = COORDINATED_UNIVERSAL_TIME_OFFSET ( 6, 0, .BEHIND. ) ;
#1988 = CARTESIAN_POINT ( 'NONE',  ( 1.656854249492379700, -4.000000000000000900, 0.9531249999999506000 ) ) ;
#1989 = CARTESIAN_POINT ( 'NONE',  ( 4.685157492341767000E-015, 3.188101183952083900, -13.96875000000002000 ) ) ;
#1990 = VERTEX_POINT ( 'NONE', #5152 ) ;
#1991 = CARTESIAN_POINT ( 'NONE',  ( 0.0000000000000000000, 0.0000000000000000000, 5.139227591911661900 ) ) ;
#1992 = VECTOR ( 'NONE', #3062, 1000.000000000000000 ) ;
#1993 = DIRECTION ( 'NONE',  ( -3.491481338843132600E-015, 1.000000000000000000, 0.0000000000000000000 ) ) ;
#1994 = EDGE_LOOP ( 'NONE', ( #1513, #894, #5195, #4078 ) ) ;
#1995 = ORIENTED_EDGE ( 'NONE', *, *, #2807, .F. ) ;
#1996 = CARTESIAN_POINT ( 'NONE',  ( 5.466017074398728800E-015, 3.188101183952083900, -12.87500000000002100 ) ) ;
#1997 = CARTESIAN_POINT ( 'NONE',  ( -3.904297910284806600E-016, -3.188101183952083900, -2.093750000000043500 ) ) ;
#1998 = CARTESIAN_POINT ( 'NONE',  ( 2.254327966281374400, -2.254327966281384200, -5.843750000000036400 ) ) ;
#1999 = DIRECTION ( 'NONE',  ( 0.0000000000000000000, -1.000000000000000000, 0.0000000000000000000 ) ) ;
#2000 = CARTESIAN_POINT ( 'NONE',  ( 0.0000000000000000000, -9.324947672979560100E-017, -21.00000000000000000 ) ) ;
#2002 = CARTESIAN_POINT ( 'NONE',  ( -2.547760526735765300E-014, -4.000000000000000000, -7.718750000000034600 ) ) ;
#2001 = CARTESIAN_POINT ( 'NONE',  ( 1.656854249492379700, -4.000000000000000900, -10.14062500000002800 ) ) ;
#2003 = DIRECTION ( 'NONE',  ( 1.000000000000000000, 0.0000000000000000000, 0.0000000000000000000 ) ) ;
#2004 = CARTESIAN_POINT ( 'NONE',  ( -2.828427124746190300, -2.828427124746189800, 1.968749999999946300 ) ) ;
#2005 = EDGE_CURVE ( 'NONE', #4492, #96, #1344, .T. ) ;
#2006 = ORIENTED_EDGE ( 'NONE', *, *, #38, .T. ) ;
#2007 = CARTESIAN_POINT ( 'NONE',  ( 3.188101183952083900, 4.597828134313024000E-015, -1.937500000000046900 ) ) ;
#2008 = VERTEX_POINT ( 'NONE', #5102 ) ;
#2009 = EDGE_CURVE ( 'NONE', #5391, #5509, #4620, .T. ) ;
#2010 = CARTESIAN_POINT ( 'NONE',  ( 0.0000000000000000000, 0.0000000000000000000, 3.811199603341277600 ) ) ;
#2011 = CARTESIAN_POINT ( 'NONE',  ( -2.254327966281379300, 2.254327966281379300, -6.468750000000035500 ) ) ;
#2012 = CARTESIAN_POINT ( 'NONE',  ( 2.254327966281379300, -2.254327966281379300, -1.937500000000046900 ) ) ;
#2013 = CARTESIAN_POINT ( 'NONE',  ( 3.999999999999968900, -1.656854249492419700, -3.734375000000044900 ) ) ;
#2014 = CARTESIAN_POINT ( 'NONE',  ( 0.0000000000000000000, -9.324947672979560100E-017, -21.00000000000000000 ) ) ;
#2015 = CYLINDRICAL_SURFACE ( 'NONE', #2129, 4.000000000000000000 ) ;
#2016 = CARTESIAN_POINT ( 'NONE',  ( -1.320554748610684600, 3.188101183952079900, -7.796875000000032900 ) ) ;
#2017 =( BOUNDED_CURVE ( )  B_SPLINE_CURVE ( 2, ( #1962, #5064, #5049, #3693, #3273, #1564, #4161, #2820, #3239 ),
 .UNSPECIFIED., .F., .F. ) 
 B_SPLINE_CURVE_WITH_KNOTS ( ( 3, 2, 2, 2, 3 ),
 ( 0.3214285714285714000, 0.3273809523809523300, 0.3333333333333332600, 0.3392857142857143000, 0.3452380952380952300 ),
 .UNSPECIFIED. ) 
 CURVE ( )  GEOMETRIC_REPRESENTATION_ITEM ( )  RATIONAL_B_SPLINE_CURVE ( ( 1.000000000000000700, 0.9238795325112860700, 1.000000000000000000, 0.9238795325112867400, 1.000000000000000000, 0.9238795325112867400, 1.000000000000000000, 0.9238795325112867400, 1.000000000000000000 ) ) 
 REPRESENTATION_ITEM ( '' )  );
#2018 = CARTESIAN_POINT ( 'NONE',  ( -2.254327966281379800, 2.254327966281378400, -18.81250000000000700 ) ) ;
#2019 = CARTESIAN_POINT ( 'NONE',  ( 4.000000000000000000, -1.577120442836226900E-014, -11.15625000000002700 ) ) ;
#2020 = CARTESIAN_POINT ( 'NONE',  ( 2.828427124746189800, -2.828427124746190700, 1.031249999999948900 ) ) ;
#2021 = EDGE_CURVE ( 'NONE', #801, #659, #3621, .T. ) ;
#2022 = CARTESIAN_POINT ( 'NONE',  ( 1.656854249492381700, -3.999999999999999100, -11.54687500000002300 ) ) ;
#2023 = FACE_OUTER_BOUND ( 'NONE', #1629, .T. ) ;
#2024 = CARTESIAN_POINT ( 'NONE',  ( 0.0000000000000000000, -4.132827466703376200E-017, -21.00000000000000000 ) ) ;
#2025 = CARTESIAN_POINT ( 'NONE',  ( 3.999999999999994700, -1.656854249492392400, -7.640625000000032000 ) ) ;
#2026 = CARTESIAN_POINT ( 'NONE',  ( -1.320554748610689200, -3.188101183952078100, -9.671875000000028400 ) ) ;
#2027 = ORIENTED_EDGE ( 'NONE', *, *, #3075, .T. ) ;
#2028 = EDGE_LOOP ( 'NONE', ( #5644, #2205, #3198, #617 ) ) ;
#2029 = FACE_OUTER_BOUND ( 'NONE', #2778, .T. ) ;
#2030 = AXIS2_PLACEMENT_3D ( 'NONE', #3846, #3794, #416 ) ;
#2031 = CARTESIAN_POINT ( 'NONE',  ( -3.188101183952083900, 1.019654187844447800E-016, -3.812500000000041700 ) ) ;
#2032 = CARTESIAN_POINT ( 'NONE',  ( -3.188101183952083900, -1.320554748610674600, 1.421874999999947400 ) ) ;
#2033 = CARTESIAN_POINT ( 'NONE',  ( -1.320554748610668800, -3.188101183952087000, -6.078125000000036400 ) ) ;
#2034 = ORIENTED_EDGE ( 'NONE', *, *, #4593, .F. ) ;
#2036 = CARTESIAN_POINT ( 'NONE',  ( 1.656854249492349500, -4.000000000000013300, -7.640625000000034600 ) ) ;
#2035 = CARTESIAN_POINT ( 'NONE',  ( -4.719593279364893600, 0.9611606702529955600, 3.937066173013112900 ) ) ;
#2037 = CARTESIAN_POINT ( 'NONE',  ( 5.883256481000001800E-015, -4.000000000000000000, -11.46875000000002700 ) ) ;
#2038 = ORIENTED_EDGE ( 'NONE', *, *, #5270, .T. ) ;
#2039 = CARTESIAN_POINT ( 'NONE',  ( -4.000000000000000000, 1.516798830996750800E-016, 3.062499999999943600 ) ) ;
#2040 = ORIENTED_EDGE ( 'NONE', *, *, #1482, .F. ) ;
#2041 = CARTESIAN_POINT ( 'NONE',  ( -1.954483033543058300E-015, -4.000000000000000000, -1.468750000000050000 ) ) ;
#2042 = CARTESIAN_POINT ( 'NONE',  ( 2.254327966281375800, -2.254327966281382400, -9.437500000000028400 ) ) ;
#2043 = EDGE_CURVE ( 'NONE', #2972, #4783, #1598, .T. ) ;
#2044 = CARTESIAN_POINT ( 'NONE',  ( -0.8654053522353251100, -2.580486245206423700, 1.746670891014257700 ) ) ;
#2045 = CARTESIAN_POINT ( 'NONE',  ( 3.188101183952083000, -1.320554748610676600, -7.015625000000033800 ) ) ;
#2046 =( BOUNDED_CURVE ( )  B_SPLINE_CURVE ( 2, ( #491, #2709, #4815, #921, #4764, #68, #666, #5501, #3691 ),
 .UNSPECIFIED., .F., .T. ) 
 B_SPLINE_CURVE_WITH_KNOTS ( ( 3, 2, 2, 2, 3 ),
 ( 0.08333333333333332900, 0.08928571428571430200, 0.09523809523809527400, 0.1011904761904762500, 0.1071428571428572100 ),
 .UNSPECIFIED. ) 
 CURVE ( )  GEOMETRIC_REPRESENTATION_ITEM ( )  RATIONAL_B_SPLINE_CURVE ( ( 1.000000000000000000, 0.9238795325112867400, 1.000000000000000000, 0.9238795325112867400, 1.000000000000000000, 0.9238795325112867400, 1.000000000000000000, 0.9238795325112858500, 1.000000000000000900 ) ) 
 REPRESENTATION_ITEM ( '' )  );
#2047 = CARTESIAN_POINT ( 'NONE',  ( -2.733008537199364400E-015, -3.188101183952083900, -17.09375000000001100 ) ) ;
#2048 = CARTESIAN_POINT ( 'NONE',  ( -3.188101183952083900, 1.019654187844447800E-016, 1.343749999999945600 ) ) ;
#2049 = CARTESIAN_POINT ( 'NONE',  ( 3.188101183952083900, -1.571241449076936900E-014, -5.687500000000036400 ) ) ;
#2050 = FACE_OUTER_BOUND ( 'NONE', #3762, .T. ) ;
#2051 = VERTEX_POINT ( 'NONE', #1608 ) ;
#2052 = ORIENTED_EDGE ( 'NONE', *, *, #5356, .T. ) ;
#2053 = CARTESIAN_POINT ( 'NONE',  ( 2.254327966281379300, 2.254327966281378900, -20.37500000000000400 ) ) ;
#2054 = VECTOR ( 'NONE', #4717, 1000.000000000000000 ) ;
#2055 = CARTESIAN_POINT ( 'NONE',  ( 3.188101183952083900, -1.571241449076936900E-014, -5.531250000000036400 ) ) ;
#2056 = CARTESIAN_POINT ( 'NONE',  ( 0.5206546642638387700, -3.145299330699225000, -0.8118988160479129200 ) ) ;
#2057 = CARTESIAN_POINT ( 'NONE',  ( -3.188101183952083900, 1.320554748610674800, -5.140625000000039100 ) ) ;
#2058 = CARTESIAN_POINT ( 'NONE',  ( 1.656854249492418100, 3.999999999999984500, -2.328125000000041700 ) ) ;
#2059 = ORIENTED_EDGE ( 'NONE', *, *, #1754, .T. ) ;
#2060 = CARTESIAN_POINT ( 'NONE',  ( 3.188101183952083900, -7.903818670199758700E-015, -18.18750000000001100 ) ) ;
#2061 = CARTESIAN_POINT ( 'NONE',  ( -2.851173418023741600, 0.9666666666666565700, 4.000000000000000000 ) ) ;
#2062 = CARTESIAN_POINT ( 'NONE',  ( 3.188101183952083900, -6.788941632725165100E-016, -19.28125000000000700 ) ) ;
#2063 = ORIENTED_EDGE ( 'NONE', *, *, #1203, .T. ) ;
#2064 = EDGE_CURVE ( 'NONE', #131, #2874, #2500, .T. ) ;
#2065 = CARTESIAN_POINT ( 'NONE',  ( 2.828427124746194700, 2.828427124746185900, -17.40625000000000700 ) ) ;
#2066 = LINE ( 'NONE', #281, #4959 ) ;
#2067 = EDGE_CURVE ( 'NONE', #1276, #5101, #1610, .T. ) ;
#2068 = CARTESIAN_POINT ( 'NONE',  ( -2.254327966281379300, 2.254327966281379300, -1.468750000000046400 ) ) ;
#2069 = B_SPLINE_CURVE_WITH_KNOTS ( 'NONE', 3,
 ( #5614, #2977, #810, #1671, #4290, #382, #4246, #3828, #3368, #1244, #5595, #4724, #3810, #1653, #2516, #3388, #5574, #3408, #3850, #4687, #5634, #345, #2121, #361 ),
 .UNSPECIFIED., .F., .F.,
 ( 4, 2, 2, 2, 2, 2, 2, 2, 2, 2, 2, 4 ),
 ( 0.01467702142991641700, 0.01572331838606200500, 0.01624646686413480300, 0.01676961534220759700, 0.01729276382028039100, 0.01781591229835318600, 0.01833906077642598000, 0.01886220925449877400, 0.01990850621064436200, 0.02095480316678995400, 0.02200110012293554600, 0.02304739707908113500 ),
 .UNSPECIFIED. ) ;
#2070 = CIRCLE ( 'NONE', #3664, 4.782744419517950300 ) ;
#2071 = DIRECTION ( 'NONE',  ( -0.01733375049386051700, 0.08714264840443962400, 0.9960450290638855900 ) ) ;
#2072 = DIRECTION ( 'NONE',  ( 1.000000000000000000, 0.0000000000000000000, 0.0000000000000000000 ) ) ;
#2074 = CARTESIAN_POINT ( 'NONE',  ( -2.341951040185850100, 0.9453181673903624500, 1.547174682172033400 ) ) ;
#2073 = APPLICATION_PROTOCOL_DEFINITION ( 'international standard', 'config_control_design', 1994, #2151 ) ;
#2075 = ORIENTED_EDGE ( 'NONE', *, *, #5590, .F. ) ;
#2076 = CYLINDRICAL_SURFACE ( 'NONE', #4269, 4.000000000000000000 ) ;
#2077 = CARTESIAN_POINT ( 'NONE',  ( -2.828427124746189800, 2.828427124746190300, -9.437500000000030200 ) ) ;
#2078 = CARTESIAN_POINT ( 'NONE',  ( -2.254327966281367300, 2.254327966281390400, -8.968750000000030200 ) ) ;
#2079 = CARTESIAN_POINT ( 'NONE',  ( 1.656854249492383200, 3.999999999999999100, 3.921874999999943200 ) ) ;
#2080 = VERTEX_POINT ( 'NONE', #1763 ) ;
#2081 = ORIENTED_EDGE ( 'NONE', *, *, #1574, .T. ) ;
#2082 = LINE ( 'NONE', #2239, #4253 ) ;
#2083 = DIRECTION ( 'NONE',  ( 1.000000000000000000, 0.0000000000000000000, 0.0000000000000000000 ) ) ;
#2084 = ORIENTED_EDGE ( 'NONE', *, *, #1512, .F. ) ;
#2085 = CARTESIAN_POINT ( 'NONE',  ( 5.998263823987151000E-032, 4.000000000000000000, -7.093750000000035500 ) ) ;
#2086 = PERSON_AND_ORGANIZATION ( #3943, #890 ) ;
#2087 = CARTESIAN_POINT ( 'NONE',  ( 3.188101183952083900, -1.336983574459848800E-014, -9.437500000000028400 ) ) ;
#2088 = CARTESIAN_POINT ( 'NONE',  ( 4.000000000000003600, -1.656854249492380800, -16.23437500000001800 ) ) ;
#2089 = EDGE_LOOP ( 'NONE', ( #2933, #3019, #1651, #1905 ) ) ;
#2090 = CARTESIAN_POINT ( 'NONE',  ( -4.000000000000000000, 7.742014115266910900E-015, -1.937500000000043300 ) ) ;
#2091 = ORIENTED_EDGE ( 'NONE', *, *, #2185, .T. ) ;
#2092 = CARTESIAN_POINT ( 'NONE',  ( -1.320554748610674800, 3.188101183952083900, 2.359374999999944900 ) ) ;
#2093 = DIRECTION ( 'NONE',  ( 0.08715574274765836000, 0.0000000000000000000, 0.9961946980917455500 ) ) ;
#2095 = CARTESIAN_POINT ( 'NONE',  ( -2.248641439823396500, -3.099224152785115200, -20.24126415935168300 ) ) ;
#2094 = DIRECTION ( 'NONE',  ( -1.000000000000000000, 0.0000000000000000000, 0.0000000000000000000 ) ) ;
#2096 = AXIS2_PLACEMENT_3D ( 'NONE', #334, #5578, #3374 ) ;
#2097 = CARTESIAN_POINT ( 'NONE',  ( -1.656854249492381200, -4.000000000000000000, -11.54687500000002700 ) ) ;
#2098 = CARTESIAN_POINT ( 'NONE',  ( -4.064769454878736500, -0.8958157618529129000, 3.190170452280508300 ) ) ;
#2099 = CARTESIAN_POINT ( 'NONE',  ( 2.254327966281379300, -2.254327966281379300, -18.18750000000001100 ) ) ;
#2100 = CARTESIAN_POINT ( 'NONE',  ( -2.254327966281369600, 2.254327966281388700, -13.96875000000002000 ) ) ;
#2101 = EDGE_CURVE ( 'NONE', #415, #266, #3238, .T. ) ;
#2102 = ORIENTED_EDGE ( 'NONE', *, *, #4593, .T. ) ;
#2103 = CARTESIAN_POINT ( 'NONE',  ( -2.828427124746190300, -2.828427124746189800, -5.375000000000039100 ) ) ;
#2104 = CARTESIAN_POINT ( 'NONE',  ( -4.000000000000000000, 3.518400610635304000E-014, -3.187500000000040900 ) ) ;
#2105 = CARTESIAN_POINT ( 'NONE',  ( 0.0000000000000000000, 5.655958496054998300E-018, 15.31370849898476100 ) ) ;
#2106 = CARTESIAN_POINT ( 'NONE',  ( 2.254327966281379300, 2.254327966281378900, -19.28125000000000700 ) ) ;
#2107 = ORIENTED_EDGE ( 'NONE', *, *, #2587, .T. ) ;
#2108 = CARTESIAN_POINT ( 'NONE',  ( -3.188101183952083900, 2.971803142986850300E-016, -21.00000000000000000 ) ) ;
#2109 = CARTESIAN_POINT ( 'NONE',  ( 0.0000000000000000000, 0.0000000000000000000, 5.139227591911661900 ) ) ;
#2110 = CARTESIAN_POINT ( 'NONE',  ( -4.000000000000002700, 1.656854249492375000, -13.10937500000002300 ) ) ;
#2111 = ORIENTED_EDGE ( 'NONE', *, *, #3971, .F. ) ;
#2112 = VECTOR ( 'NONE', #4234, 1000.000000000000000 ) ;
#2113 = EDGE_CURVE ( 'NONE', #628, #2939, #2951, .T. ) ;
#2114 = CARTESIAN_POINT ( 'NONE',  ( -1.656854249492369500, 4.000000000000004400, -14.51562500000001800 ) ) ;
#2115 = CARTESIAN_POINT ( 'NONE',  ( -2.580486245206420100, 0.8654053522353343200, 1.746670891014258100 ) ) ;
#2116 = CARTESIAN_POINT ( 'NONE',  ( 1.656854249492383200, 3.999999999999999100, -12.17187500000002500 ) ) ;
#2117 = CARTESIAN_POINT ( 'NONE',  ( -1.320554748610674800, 3.188101183952083900, -18.89062500000000700 ) ) ;
#2118 = ORIENTED_EDGE ( 'NONE', *, *, #637, .T. ) ;
#2119 = CARTESIAN_POINT ( 'NONE',  ( 3.852123412265143500, 1.539659910184212900E-011, -0.1478765877348578200 ) ) ;
#2120 = CARTESIAN_POINT ( 'NONE',  ( -4.000000000000000000, 1.656854249492381000, -4.359375000000040900 ) ) ;
#2121 = CARTESIAN_POINT ( 'NONE',  ( 2.166387086307886500, -2.384415810538479600, -20.86041957002252200 ) ) ;
#2122 = EDGE_LOOP ( 'NONE', ( #2875, #4244, #3409, #4555 ) ) ;
#2123 = CARTESIAN_POINT ( 'NONE',  ( -0.7874938090657308500, 2.815533720748153000, 1.952044866385984600 ) ) ;
#2124 = CARTESIAN_POINT ( 'NONE',  ( 2.254327966281379300, -2.254327966281379300, -17.09375000000001100 ) ) ;
#2125 = CARTESIAN_POINT ( 'NONE',  ( 1.320554748610676800, 3.188101183952083000, 0.7968749999999469300 ) ) ;
#2126 = CARTESIAN_POINT ( 'NONE',  ( 0.8958160594109416700, 4.064772864836413600, 3.190173853384664400 ) ) ;
#2127 = CARTESIAN_POINT ( 'NONE',  ( -3.188101183952083900, -1.320554748610674600, 3.921874999999943200 ) ) ;
#2128 = CARTESIAN_POINT ( 'NONE',  ( -0.1694108695921217900, -3.237431020610019000, -20.82506897938997900 ) ) ;
#2129 = AXIS2_PLACEMENT_3D ( 'NONE', #1592, #707, #2871 ) ;
#2130 = CARTESIAN_POINT ( 'NONE',  ( -2.828427124746178300, 2.828427124746201800, -14.43750000000002000 ) ) ;
#2131 = CARTESIAN_POINT ( 'NONE',  ( -0.4809762468190995100, -3.863645268848006100, -20.17662600142451300 ) ) ;
#2132 = ADVANCED_FACE ( 'NONE', ( #5025 ), #5305, .T. ) ;
#2133 = ORIENTED_EDGE ( 'NONE', *, *, #1645, .F. ) ;
#2134 = CARTESIAN_POINT ( 'NONE',  ( 2.828427124746189800, -2.828427124746190700, -12.56250000000002300 ) ) ;
#2135 = DIRECTION ( 'NONE',  ( 0.0000000000000000000, 0.0000000000000000000, 1.000000000000000000 ) ) ;
#2136 = CARTESIAN_POINT ( 'NONE',  ( 3.188101183952083900, -6.788941632725165100E-016, -18.03125000000001100 ) ) ;
#2137 = EDGE_CURVE ( 'NONE', #4196, #131, #1079, .T. ) ;
#2138 = LINE ( 'NONE', #4412, #3024 ) ;
#2139 = CARTESIAN_POINT ( 'NONE',  ( -4.000000000000000000, 1.656854249492381000, -18.26562500000001100 ) ) ;
#2140 = CARTESIAN_POINT ( 'NONE',  ( -1.656854249492380800, 4.000000000000000000, -7.015625000000035500 ) ) ;
#2141 = ORIENTED_EDGE ( 'NONE', *, *, #4689, .F. ) ;
#2142 = DIRECTION ( 'NONE',  ( -0.0000000000000000000, -0.0000000000000000000, 1.000000000000000000 ) ) ;
#2143 = CARTESIAN_POINT ( 'NONE',  ( -3.188101183952083900, -1.320554748610674600, -19.98437500000000700 ) ) ;
#2144 = CARTESIAN_POINT ( 'NONE',  ( 3.188101183952083900, -6.788941632725165100E-016, 1.812499999999946000 ) ) ;
#2145 = ORIENTED_EDGE ( 'NONE', *, *, #1927, .F. ) ;
#2146 = CARTESIAN_POINT ( 'NONE',  ( -3.993104247387551500E-016, -3.260617061317356800, -20.80188293868264200 ) ) ;
#2147 = PLANE ( 'NONE',  #5592 ) ;
#2148 = ORIENTED_EDGE ( 'NONE', *, *, #2533, .F. ) ;
#2149 = FACE_OUTER_BOUND ( 'NONE', #914, .T. ) ;
#2150 = CARTESIAN_POINT ( 'NONE',  ( -4.000000000000000000, 5.782579236631146200E-015, -5.531250000000040000 ) ) ;
#2152 = DIRECTION ( 'NONE',  ( -0.0000000000000000000, -0.0000000000000000000, 1.000000000000000000 ) ) ;
#2151 = APPLICATION_CONTEXT ( 'configuration controlled 3d designs of mechanical parts and assemblies' ) ;
#2153 = CARTESIAN_POINT ( 'NONE',  ( -4.000000000000000000, 1.516798830996750800E-016, -19.28125000000000700 ) ) ;
#2154 = DIRECTION ( 'NONE',  ( -0.0000000000000000000, -0.0000000000000000000, 1.000000000000000000 ) ) ;
#2155 = CARTESIAN_POINT ( 'NONE',  ( 2.254327966281379300, -2.254327966281379300, -13.18750000000002000 ) ) ;
#2156 = ORIENTED_EDGE ( 'NONE', *, *, #5389, .F. ) ;
#2157 = CARTESIAN_POINT ( 'NONE',  ( 2.254327966281373100, -2.254327966281385100, -3.187500000000040900 ) ) ;
#2158 = CARTESIAN_POINT ( 'NONE',  ( -4.000000000000000000, -1.656854249492380400, -20.60937500000000700 ) ) ;
#2159 = CARTESIAN_POINT ( 'NONE',  ( -1.656854249492370800, 4.000000000000003600, -17.01562500000001400 ) ) ;
#2160 = CARTESIAN_POINT ( 'NONE',  ( 2.254327966281375800, -2.254327966281382400, -9.593750000000030200 ) ) ;
#2161 = ORIENTED_EDGE ( 'NONE', *, *, #4255, .T. ) ;
#2162 = CARTESIAN_POINT ( 'NONE',  ( -2.828427124746189800, 2.828427124746190300, -4.437500000000041700 ) ) ;
#2163 = ADVANCED_FACE ( 'NONE', ( #5229 ), #1748, .T. ) ;
#2164 = ADVANCED_FACE ( 'NONE', ( #3103 ), #789, .T. ) ;
#2165 = CYLINDRICAL_SURFACE ( 'NONE', #5425, 3.188101183952083900 ) ;
#2166 = CARTESIAN_POINT ( 'NONE',  ( 0.2778888464563871700, -3.865901308160131200, -0.1300314143944360500 ) ) ;
#2167 = CARTESIAN_POINT ( 'NONE',  ( -3.188101183952083900, -1.320554748610674600, -17.48437500000001400 ) ) ;
#2168 = CARTESIAN_POINT ( 'NONE',  ( -3.188101183952083900, 1.019654187844447800E-016, 1.187499999999945600 ) ) ;
#2169 = DIRECTION ( 'NONE',  ( -0.0000000000000000000, -0.0000000000000000000, 1.000000000000000000 ) ) ;
#2170 = CARTESIAN_POINT ( 'NONE',  ( -1.959930063145035700E-014, -4.000000000000000000, -15.21875000000001800 ) ) ;
#2171 = CARTESIAN_POINT ( 'NONE',  ( -2.254327966281379300, -2.254327966281379300, -12.40625000000002300 ) ) ;
#2172 = ORIENTED_EDGE ( 'NONE', *, *, #4225, .T. ) ;
#2173 = EDGE_CURVE ( 'NONE', #3763, #4510, #1825, .T. ) ;
#2174 = CARTESIAN_POINT ( 'NONE',  ( -4.000000000000000000, 5.782579236631146200E-015, -5.531250000000040000 ) ) ;
#2175 = CARTESIAN_POINT ( 'NONE',  ( 5.998263823987151000E-032, 4.000000000000000000, -20.84375000000000400 ) ) ;
#2176 = CARTESIAN_POINT ( 'NONE',  ( 0.0000000000000000000, 0.0000000000000000000, 3.811199603341275800 ) ) ;
#2177 = CARTESIAN_POINT ( 'NONE',  ( 3.188101183952083000, -1.320554748610676600, -15.60937500000001600 ) ) ;
#2178 = CYLINDRICAL_SURFACE ( 'NONE', #2850, 4.000000000000000000 ) ;
#2179 = CARTESIAN_POINT ( 'NONE',  ( 1.656854249492418100, 3.999999999999984500, -3.421875000000042600 ) ) ;
#2180 =( BOUNDED_CURVE ( )  B_SPLINE_CURVE ( 2, ( #1042, #5360, #4058, #554, #4946, #2312, #1488, #1473, #3630 ),
 .UNSPECIFIED., .F., .T. ) 
 B_SPLINE_CURVE_WITH_KNOTS ( ( 3, 2, 2, 2, 3 ),
 ( 0.2500000000000000000, 0.2559523809523809300, 0.2619047619047618600, 0.2678571428571427900, 0.2738095238095237800 ),
 .UNSPECIFIED. ) 
 CURVE ( )  GEOMETRIC_REPRESENTATION_ITEM ( )  RATIONAL_B_SPLINE_CURVE ( ( 1.000000000000000000, 0.9238795325112867400, 1.000000000000000000, 0.9238795325112867400, 1.000000000000000000, 0.9238795325112867400, 1.000000000000000000, 0.9238795325112874000, 0.9999999999999993300 ) ) 
 REPRESENTATION_ITEM ( '' )  );
#2181 = ORIENTED_EDGE ( 'NONE', *, *, #5366, .F. ) ;
#2182 = CARTESIAN_POINT ( 'NONE',  ( -4.898587196589413800E-016, -4.000000000000000000, -20.37500000000000400 ) ) ;
#2183 = CARTESIAN_POINT ( 'NONE',  ( 0.9666666666666965400, -2.851173418023728300, 4.000000000000000000 ) ) ;
#2184 = ORIENTED_EDGE ( 'NONE', *, *, #2937, .T. ) ;
#2185 = EDGE_CURVE ( 'NONE', #1990, #1882, #4793, .T. ) ;
#2186 = VECTOR ( 'NONE', #5484, 1000.000000000000000 ) ;
#2187 = CARTESIAN_POINT ( 'NONE',  ( -2.828427124746189800, 2.828427124746190300, -3.187500000000044400 ) ) ;
#2188 = CARTESIAN_POINT ( 'NONE',  ( 3.099295561286217200, -2.522191459908569700, -0.02727014986271252300 ) ) ;
#2189 = CARTESIAN_POINT ( 'NONE',  ( -3.904297910284806600E-016, -3.188101183952083900, -16.00000000000001400 ) ) ;
#2190 = CARTESIAN_POINT ( 'NONE',  ( 5.998263823987151000E-032, 3.188101183952083900, 0.8749999999999487100 ) ) ;
#2191 = CARTESIAN_POINT ( 'NONE',  ( -1.320554748610662400, 3.188101183952087900, -8.890625000000030200 ) ) ;
#2192 = CARTESIAN_POINT ( 'NONE',  ( -2.254327966281379300, 2.254327966281379300, -12.71875000000002100 ) ) ;
#2193 = EDGE_CURVE ( 'NONE', #1094, #2080, #2787, .T. ) ;
#2194 = CARTESIAN_POINT ( 'NONE',  ( 0.0000000000000000000, -9.324947672979560100E-017, -21.00000000000000000 ) ) ;
#2195 = ADVANCED_FACE ( 'NONE', ( #4963 ), #5505, .T. ) ;
#2196 = CARTESIAN_POINT ( 'NONE',  ( -1.690220090790314700, 3.105446816626328000, -0.4716788953525510300 ) ) ;
#2197 = CARTESIAN_POINT ( 'NONE',  ( -1.656854249492380800, 4.000000000000000000, -19.51562500000001100 ) ) ;
#2198 = CARTESIAN_POINT ( 'NONE',  ( 0.5206546642638387700, -3.145299330699225000, -0.8118988160479129200 ) ) ;
#2199 = VERTEX_POINT ( 'NONE', #3939 ) ;
#2200 = CARTESIAN_POINT ( 'NONE',  ( -1.320554748610674800, 3.188101183952083900, -15.14062500000001400 ) ) ;
#2201 = CARTESIAN_POINT ( 'NONE',  ( 1.656854249492379700, -4.000000000000000900, -19.04687500000000700 ) ) ;
#2202 = CARTESIAN_POINT ( 'NONE',  ( -4.000000000000000000, 1.863709479359616300E-015, -10.53125000000002800 ) ) ;
#2203 = AXIS2_PLACEMENT_3D ( 'NONE', #4064, #1476, #4045 ) ;
#2204 = ORIENTED_EDGE ( 'NONE', *, *, #1704, .T. ) ;
#2205 = ORIENTED_EDGE ( 'NONE', *, *, #839, .F. ) ;
#2206 = CARTESIAN_POINT ( 'NONE',  ( 7.027736238512651600E-015, 3.188101183952083900, -10.21875000000002700 ) ) ;
#2207 = CARTESIAN_POINT ( 'NONE',  ( -4.000000000000000000, -1.656854249492380400, 0.7968749999999469300 ) ) ;
#2208 = CARTESIAN_POINT ( 'NONE',  ( 3.188101183952083900, -6.788941632725165100E-016, -14.43750000000001800 ) ) ;
#2209 = CARTESIAN_POINT ( 'NONE',  ( 2.254327966281379300, 2.254327966281378900, -0.5312500000000490700 ) ) ;
#2210 = DIRECTION ( 'NONE',  ( -0.06666269134683257300, 0.06666269134683210100, 0.9955461672694008200 ) ) ;
#2211 = CIRCLE ( 'NONE', #3168, 3.188101183952083900 ) ;
#2212 = CARTESIAN_POINT ( 'NONE',  ( -2.828427124746199200, -2.828427124746181000, -9.281250000000026600 ) ) ;
#2213 = AXIS2_PLACEMENT_3D ( 'NONE', #3774, #2886, #4211 ) ;
#2214 = CARTESIAN_POINT ( 'NONE',  ( 2.254327966281379300, 2.254327966281378900, -14.28125000000001800 ) ) ;
#2215 =( BOUNDED_CURVE ( )  B_SPLINE_CURVE ( 2, ( #3306, #1612, #4643, #3798, #2925, #2481, #5507, #2013, #1594 ),
 .UNSPECIFIED., .F., .F. ) 
 B_SPLINE_CURVE_WITH_KNOTS ( ( 3, 2, 2, 2, 3 ),
 ( 0.6785714285714284900, 0.6845238095238094200, 0.6904761904761903500, 0.6964285714285712900, 0.7023809523809522200 ),
 .UNSPECIFIED. ) 
 CURVE ( )  GEOMETRIC_REPRESENTATION_ITEM ( )  RATIONAL_B_SPLINE_CURVE ( ( 1.000000000000001300, 0.9238795325112853000, 1.000000000000000000, 0.9238795325112867400, 1.000000000000000000, 0.9238795325112867400, 1.000000000000000000, 0.9238795325112881800, 0.9999999999999985600 ) ) 
 REPRESENTATION_ITEM ( '' )  );
#2216 = CARTESIAN_POINT ( 'NONE',  ( 2.815533720748164100, -0.7874938090656914400, 1.952044866385984400 ) ) ;
#2217 = VECTOR ( 'NONE', #2154, 1000.000000000000000 ) ;
#2218 = CARTESIAN_POINT ( 'NONE',  ( 0.7429189624774199500, 3.364688520280074300, -0.5617924098011767300 ) ) ;
#2219 = CARTESIAN_POINT ( 'NONE',  ( 5.998263823987151000E-032, 4.000000000000000000, -17.09375000000001100 ) ) ;
#2220 = DIRECTION ( 'NONE',  ( 0.0000000000000000000, 0.0000000000000000000, 1.000000000000000000 ) ) ;
#2221 = CARTESIAN_POINT ( 'NONE',  ( 2.254327966281379300, 2.254327966281378900, -12.87500000000002000 ) ) ;
#2222 = EDGE_CURVE ( 'NONE', #2960, #1441, #4585, .T. ) ;
#2223 = CARTESIAN_POINT ( 'NONE',  ( 0.9611606702530121100, 4.719593279364890900, 3.937066173013112900 ) ) ;
#2224 = ORIENTED_EDGE ( 'NONE', *, *, #3739, .F. ) ;
#2225 = FACE_OUTER_BOUND ( 'NONE', #2720, .T. ) ;
#2226 = CARTESIAN_POINT ( 'NONE',  ( -1.656854249492380800, 4.000000000000000000, -19.67187500000001100 ) ) ;
#2227 = CARTESIAN_POINT ( 'NONE',  ( -3.188101183952083900, -3.218661177857991300E-015, -17.56250000000001100 ) ) ;
#2228 =( BOUNDED_CURVE ( )  B_SPLINE_CURVE ( 2, ( #5666, #840, #3861, #3458, #862, #1308, #4257, #3008, #3880 ),
 .UNSPECIFIED., .F., .F. ) 
 B_SPLINE_CURVE_WITH_KNOTS ( ( 3, 2, 2, 2, 3 ),
 ( 0.6785714285714284900, 0.6845238095238094200, 0.6904761904761903500, 0.6964285714285712900, 0.7023809523809522200 ),
 .UNSPECIFIED. ) 
 CURVE ( )  GEOMETRIC_REPRESENTATION_ITEM ( )  RATIONAL_B_SPLINE_CURVE ( ( 1.000000000000001300, 0.9238795325112853000, 1.000000000000000000, 0.9238795325112867400, 1.000000000000000000, 0.9238795325112867400, 1.000000000000000000, 0.9238795325112881800, 0.9999999999999985600 ) ) 
 REPRESENTATION_ITEM ( '' )  );
#2229 = CARTESIAN_POINT ( 'NONE',  ( -4.898587196589413800E-016, -4.000000000000000000, 1.031249999999945400 ) ) ;
#2230 = ADVANCED_FACE ( 'NONE', ( #612 ), #4001, .T. ) ;
#2231 = CARTESIAN_POINT ( 'NONE',  ( -2.828427124746190300, -2.828427124746189800, -6.781250000000033800 ) ) ;
#2232 = ADVANCED_FACE ( 'NONE', ( #2023 ), #533, .T. ) ;
#2233 = ORIENTED_EDGE ( 'NONE', *, *, #5039, .T. ) ;
#2234 = DIRECTION ( 'NONE',  ( 0.0000000000000000000, -0.08715574274765836000, 0.9961946980917455500 ) ) ;
#2235 = CARTESIAN_POINT ( 'NONE',  ( -4.000000000000000000, 1.516798830996750800E-016, -21.78125000000000400 ) ) ;
#2236 = CARTESIAN_POINT ( 'NONE',  ( -3.188101183952083900, 2.971803142986850300E-016, -21.00000000000000000 ) ) ;
#2237 = ORIENTED_EDGE ( 'NONE', *, *, #5148, .F. ) ;
#2238 = EDGE_CURVE ( 'NONE', #2584, #864, #3647, .T. ) ;
#2239 = CARTESIAN_POINT ( 'NONE',  ( 1.518625914947322000, 1.518625914947322000, 4.000000000000000000 ) ) ;
#2240 = CARTESIAN_POINT ( 'NONE',  ( 0.0000000000000000000, 5.655958496054998300E-018, 0.0000000000000000000 ) ) ;
#2241 = CARTESIAN_POINT ( 'NONE',  ( -3.188101183952083900, -1.320554748610674600, -9.984375000000028400 ) ) ;
#2242 = VERTEX_POINT ( 'NONE', #4466 ) ;
#2243 = EDGE_LOOP ( 'NONE', ( #5390, #816, #3665, #176 ) ) ;
#2244 = CARTESIAN_POINT ( 'NONE',  ( -1.656854249492380800, 4.000000000000000000, -17.01562500000001400 ) ) ;
#2245 = FACE_OUTER_BOUND ( 'NONE', #4668, .T. ) ;
#2246 = CARTESIAN_POINT ( 'NONE',  ( -3.904297910284806600E-016, -3.188101183952083900, -12.09375000000002300 ) ) ;
#2247 = CARTESIAN_POINT ( 'NONE',  ( -4.687415225147669100, -0.9501487722898631600, 3.811199603341277600 ) ) ;
#2248 = CARTESIAN_POINT ( 'NONE',  ( -4.000000000000000000, 1.516798830996750800E-016, -16.93750000000001100 ) ) ;
#2249 = CARTESIAN_POINT ( 'NONE',  ( -0.5016120939946078200, -3.148392362186617000, -20.87439881604805300 ) ) ;
#2250 = CARTESIAN_POINT ( 'NONE',  ( -3.188101183952083900, 1.466496314483776300E-015, -9.906250000000028400 ) ) ;
#2251 = CARTESIAN_POINT ( 'NONE',  ( 3.999999999999999100, 1.656854249492381200, 1.421874999999943800 ) ) ;
#2252 = CARTESIAN_POINT ( 'NONE',  ( 3.999999999999999100, 1.656854249492381200, -11.23437500000002500 ) ) ;
#2253 = DIRECTION ( 'NONE',  ( 0.9238795325112868500, -0.3826834323650897800, 0.0000000000000000000 ) ) ;
#2254 = CARTESIAN_POINT ( 'NONE',  ( -4.000000000000000000, 1.656854249492381000, -21.85937500000000700 ) ) ;
#2255 = VERTEX_POINT ( 'NONE', #537 ) ;
#2256 = CARTESIAN_POINT ( 'NONE',  ( 4.833333333333332100, 3.252606517456513300E-016, 4.000000000000000000 ) ) ;
#2257 = CARTESIAN_POINT ( 'NONE',  ( 5.998263823987151000E-032, 3.188101183952083900, -10.37500000000002700 ) ) ;
#2258 = LINE ( 'NONE', #872, #4843 ) ;
#2259 = EDGE_CURVE ( 'NONE', #4323, #5172, #441, .T. ) ;
#2260 = ADVANCED_FACE ( 'NONE', ( #3352 ), #2824, .T. ) ;
#2261 = CC_DESIGN_APPROVAL ( #3300, ( #1978 ) ) ;
#2262 =( BOUNDED_CURVE ( )  B_SPLINE_CURVE ( 2, ( #2007, #5552, #3330, #4602, #3773, #700, #2425, #716, #4175 ),
 .UNSPECIFIED., .F., .T. ) 
 B_SPLINE_CURVE_WITH_KNOTS ( ( 3, 2, 2, 2, 3 ),
 ( 0.7500000000000000000, 0.7559523809523809300, 0.7619047619047618600, 0.7678571428571427900, 0.7738095238095237200 ),
 .UNSPECIFIED. ) 
 CURVE ( )  GEOMETRIC_REPRESENTATION_ITEM ( )  RATIONAL_B_SPLINE_CURVE ( ( 1.000000000000000000, 0.9238795325112867400, 1.000000000000000000, 0.9238795325112867400, 1.000000000000000000, 0.9238795325112867400, 1.000000000000000000, 0.9238795325112881800, 0.9999999999999985600 ) ) 
 REPRESENTATION_ITEM ( '' )  );
#2263 = ADVANCED_FACE ( 'NONE', ( #3832 ), #4487, .T. ) ;
#2264 = ORIENTED_EDGE ( 'NONE', *, *, #5013, .F. ) ;
#2265 = CARTESIAN_POINT ( 'NONE',  ( -1.892651663044131200, 2.996125578693739700, -0.4633375723926512200 ) ) ;
#2266 = CARTESIAN_POINT ( 'NONE',  ( 1.656854249492383200, 3.999999999999999100, -15.92187500000001600 ) ) ;
#2267 = CARTESIAN_POINT ( 'NONE',  ( 1.926689648008172800, -2.806745267943618200, -0.6018202222343485000 ) ) ;
#2268 = CARTESIAN_POINT ( 'NONE',  ( 2.254327966281379300, -2.254327966281379300, -11.93750000000002300 ) ) ;
#2269 = DIRECTION ( 'NONE',  ( -0.0000000000000000000, -0.0000000000000000000, -1.000000000000000000 ) ) ;
#2270 = CARTESIAN_POINT ( 'NONE',  ( -1.656854249492381200, -4.000000000000000000, -16.70312500000001100 ) ) ;
#2271 = CARTESIAN_POINT ( 'NONE',  ( -2.254327966281389500, -2.254327966281368700, -2.250000000000043500 ) ) ;
#2272 = EDGE_CURVE ( 'NONE', #3763, #3211, #5617, .T. ) ;
#2273 = CARTESIAN_POINT ( 'NONE',  ( 5.998263823987149900E-032, 3.504707346706588600, -20.55779265329341100 ) ) ;
#2274 = CARTESIAN_POINT ( 'NONE',  ( 2.828427124746190700, 2.828427124746189400, 1.499999999999945800 ) ) ;
#2275 = CARTESIAN_POINT ( 'NONE',  ( -4.898587196589413800E-016, -4.000000000000000000, -10.37500000000002500 ) ) ;
#2276 = CARTESIAN_POINT ( 'NONE',  ( -3.188101183952072300, 1.320554748610689000, -16.39062500000001800 ) ) ;
#2277 = CARTESIAN_POINT ( 'NONE',  ( -1.320554748610673000, -3.188101183952084300, -17.32812500000001100 ) ) ;
#2278 = CARTESIAN_POINT ( 'NONE',  ( 1.656854249492379000, -4.000000000000000900, -8.890625000000032000 ) ) ;
#2279 = CARTESIAN_POINT ( 'NONE',  ( -3.188101183952083900, 1.320554748610674800, -8.890625000000030200 ) ) ;
#2280 = ORIENTED_EDGE ( 'NONE', *, *, #572, .T. ) ;
#2281 = DIRECTION ( 'NONE',  ( 1.000000000000000000, 0.0000000000000000000, 0.0000000000000000000 ) ) ;
#2282 = CARTESIAN_POINT ( 'NONE',  ( 4.000000000000000000, 0.0000000000000000000, 0.7500000000000123200 ) ) ;
#2283 = DIRECTION ( 'NONE',  ( 0.0000000000000000000, 0.0000000000000000000, 1.000000000000000000 ) ) ;
#2284 = CARTESIAN_POINT ( 'NONE',  ( 1.656854249492379700, -4.000000000000000900, -15.14062500000001800 ) ) ;
#2285 = DIRECTION ( 'NONE',  ( -1.000000000000000000, 0.0000000000000000000, 0.0000000000000000000 ) ) ;
#2286 = CARTESIAN_POINT ( 'NONE',  ( -3.188101183952083900, -1.320554748610674600, -8.578125000000030200 ) ) ;
#2287 = CARTESIAN_POINT ( 'NONE',  ( 1.656854249492383200, 3.999999999999999100, -16.07812500000001100 ) ) ;
#2288 = CARTESIAN_POINT ( 'NONE',  ( 1.656854249492382600, -3.999999999999999100, -12.79687500000002000 ) ) ;
#2289 = AXIS2_PLACEMENT_3D ( 'NONE', #3402, #1663, #1708 ) ;
#2290 = CARTESIAN_POINT ( 'NONE',  ( 3.999999999999999100, 1.656854249492381200, 3.921874999999939200 ) ) ;
#2291 = CARTESIAN_POINT ( 'NONE',  ( 1.656854249492379700, -4.000000000000000900, -9.046875000000032000 ) ) ;
#2292 = ADVANCED_FACE ( 'NONE', ( #875 ), #1667, .T. ) ;
#2293 = CARTESIAN_POINT ( 'NONE',  ( 1.320554748610673500, 3.188101183952084300, -16.70312500000001400 ) ) ;
#2294 = CARTESIAN_POINT ( 'NONE',  ( 2.828427124746210300, 2.828427124746170800, -8.500000000000032000 ) ) ;
#2295 =( BOUNDED_CURVE ( )  B_SPLINE_CURVE ( 2, ( #936, #3493, #3956, #1370, #2206, #112, #4834, #2670, #2250 ),
 .UNSPECIFIED., .F., .T. ) 
 B_SPLINE_CURVE_WITH_KNOTS ( ( 3, 2, 2, 2, 3 ),
 ( 0.4166666666666666300, 0.4226190476190475600, 0.4285714285714284900, 0.4345238095238095300, 0.4404761904761904700 ),
 .UNSPECIFIED. ) 
 CURVE ( )  GEOMETRIC_REPRESENTATION_ITEM ( )  RATIONAL_B_SPLINE_CURVE ( ( 1.000000000000000700, 0.9238795325112860700, 1.000000000000000000, 0.9238795325112867400, 1.000000000000000000, 0.9238795325112867400, 1.000000000000000000, 0.9238795325112867400, 1.000000000000000000 ) ) 
 REPRESENTATION_ITEM ( '' )  );
#2296 = CARTESIAN_POINT ( 'NONE',  ( -3.188101183952083900, 1.320554748610674800, -21.39062500000001100 ) ) ;
#2297 = ORIENTED_EDGE ( 'NONE', *, *, #4018, .T. ) ;
#2298 = VECTOR ( 'NONE', #5273, 999.9999999999998900 ) ;
#2299 = AXIS2_PLACEMENT_3D ( 'NONE', #4863, #5286, #4004 ) ;
#2300 = CARTESIAN_POINT ( 'NONE',  ( 5.998263823987151000E-032, 3.188101183952083900, -9.125000000000028400 ) ) ;
#2301 = CARTESIAN_POINT ( 'NONE',  ( 0.0000000000000000000, 0.0000000000000000000, 4.000000000000000000 ) ) ;
#2302 = ORIENTED_EDGE ( 'NONE', *, *, #1307, .F. ) ;
#2303 = CARTESIAN_POINT ( 'NONE',  ( -2.547760526735765300E-014, -4.000000000000000000, -6.625000000000033800 ) ) ;
#2304 = CARTESIAN_POINT ( 'NONE',  ( 3.999999999999999100, -1.656854249492382600, -13.73437500000002100 ) ) ;
#2305 = VERTEX_POINT ( 'NONE', #694 ) ;
#2306 = LINE ( 'NONE', #1700, #1759 ) ;
#2307 = CARTESIAN_POINT ( 'NONE',  ( -4.000000000000000000, -4.014595156547679100E-015, -18.03125000000001400 ) ) ;
#2308 = CARTESIAN_POINT ( 'NONE',  ( -3.188101183952083900, 1.019654187844447800E-016, -8.656250000000030200 ) ) ;
#2309 = EDGE_CURVE ( 'NONE', #3601, #395, #3578, .T. ) ;
#2310 = CARTESIAN_POINT ( 'NONE',  ( 0.0000000000000000000, 5.655958496054998300E-018, 15.31370849898476100 ) ) ;
#2311 = CARTESIAN_POINT ( 'NONE',  ( 3.999999999999999100, 1.656854249492381200, -17.48437500000001400 ) ) ;
#2312 = CARTESIAN_POINT ( 'NONE',  ( 1.320554748610677500, -3.188101183952083000, -14.67187500000002000 ) ) ;
#2313 = CARTESIAN_POINT ( 'NONE',  ( -3.188101183952055400, 1.320554748610715900, -6.234375000000035500 ) ) ;
#2314 = CARTESIAN_POINT ( 'NONE',  ( 1.656854249492379700, -4.000000000000000900, -2.796875000000042200 ) ) ;
#2315 = CARTESIAN_POINT ( 'NONE',  ( 2.828427124746189800, -2.828427124746190700, 2.437499999999943200 ) ) ;
#2316 = ORIENTED_EDGE ( 'NONE', *, *, #1555, .T. ) ;
#2317 = CARTESIAN_POINT ( 'NONE',  ( -1.656854249492380800, 4.000000000000000000, -9.671875000000026600 ) ) ;
#2318 = CARTESIAN_POINT ( 'NONE',  ( -1.656854249492395200, -3.999999999999994200, -14.04687500000002000 ) ) ;
#2319 = EDGE_CURVE ( 'NONE', #35, #4510, #787, .T. ) ;
#2320 = CARTESIAN_POINT ( 'NONE',  ( -4.000000000000000000, 2.111114761735440400E-015, -19.28125000000000700 ) ) ;
#2321 = CARTESIAN_POINT ( 'NONE',  ( -4.000000000000000000, 5.655958496054998300E-018, 15.31370849898476100 ) ) ;
#2322 = LINE ( 'NONE', #4580, #4424 ) ;
#2323 = CARTESIAN_POINT ( 'NONE',  ( -3.188101183952083900, 1.663684582898367500E-015, -18.81250000000001100 ) ) ;
#2324 = CARTESIAN_POINT ( 'NONE',  ( -4.000000000000000000, -9.572539927614896900E-017, -11.93750000000002100 ) ) ;
#2325 = CARTESIAN_POINT ( 'NONE',  ( 4.000000000000000000, -8.280375562182076100E-016, -14.90625000000001800 ) ) ;
#2326 = CARTESIAN_POINT ( 'NONE',  ( -1.320554748610674800, 3.188101183952083900, -3.890625000000040000 ) ) ;
#2327 = CARTESIAN_POINT ( 'NONE',  ( 3.999999999999999100, 1.656854249492381200, -16.23437500000001100 ) ) ;
#2328 = CARTESIAN_POINT ( 'NONE',  ( -2.254327966281389500, -2.254327966281368700, -2.406250000000044000 ) ) ;
#2329 = VECTOR ( 'NONE', #3134, 1000.000000000000000 ) ;
#2330 = CARTESIAN_POINT ( 'NONE',  ( -3.188101183952095900, -1.320554748610645300, -8.578125000000030200 ) ) ;
#2331 = CARTESIAN_POINT ( 'NONE',  ( -1.656854249492381200, -4.000000000000000000, -4.203125000000040900 ) ) ;
#2332 = ORIENTED_EDGE ( 'NONE', *, *, #3572, .T. ) ;
#2333 = CARTESIAN_POINT ( 'NONE',  ( 4.000000000000000000, -1.381176954972650700E-014, -13.65625000000002100 ) ) ;
#2334 = VERTEX_POINT ( 'NONE', #3671 ) ;
#2335 = CIRCLE ( 'NONE', #1588, 4.782744419517950300 ) ;
#2336 = B_SPLINE_CURVE_WITH_KNOTS ( 'NONE', 3,
 ( #2198, #5267, #998, #105, #1360, #2267, #2637, #951, #5334, #1860, #977, #2701, #44, #3553, #4849, #1428, #3079, #2682 ),
 .UNSPECIFIED., .F., .F.,
 ( 4, 2, 2, 2, 2, 2, 2, 2, 4 ),
 ( 0.0000000000000000000, 0.0006284576367023041800, 0.001256915273404608800, 0.001885372910106913200, 0.002513830546809218000, 0.003142288183511522000, 0.003770745820213826400, 0.004399203456916130800, 0.005027661093618436000 ),
 .UNSPECIFIED. ) ;
#2337 = EDGE_CURVE ( 'NONE', #31, #1975, #274, .T. ) ;
#2338 = DIRECTION ( 'NONE',  ( 1.000000000000000000, 0.0000000000000000000, 0.0000000000000000000 ) ) ;
#2339 = CARTESIAN_POINT ( 'NONE',  ( 0.0000000000000000000, 5.655958496054998300E-018, 15.31370849898476100 ) ) ;
#2340 = CARTESIAN_POINT ( 'NONE',  ( -1.320554748610675200, -3.188101183952083900, -4.671875000000040900 ) ) ;
#2341 = CARTESIAN_POINT ( 'NONE',  ( -2.828427124746190300, -2.828427124746189800, -13.03125000000001800 ) ) ;
#2342 = CARTESIAN_POINT ( 'NONE',  ( 4.689104238142468900E-015, -3.188101183952083900, -11.00000000000002500 ) ) ;
#2343 = CARTESIAN_POINT ( 'NONE',  ( -2.828427124746177000, 2.828427124746203200, -10.84375000000002300 ) ) ;
#2344 = ORIENTED_EDGE ( 'NONE', *, *, #5315, .F. ) ;
#2345 = CARTESIAN_POINT ( 'NONE',  ( 2.828427124746190700, 2.828427124746189400, -19.90625000000000400 ) ) ;
#2346 = EDGE_LOOP ( 'NONE', ( #5292, #5037, #5077, #3591 ) ) ;
#2347 = CARTESIAN_POINT ( 'NONE',  ( 5.998263823987151000E-032, 4.000000000000000000, -6.000000000000034600 ) ) ;
#2348 = DIRECTION ( 'NONE',  ( -0.9961946980917455500, -1.031995862879791300E-014, 0.08715574274765836000 ) ) ;
#2349 = ORIENTED_EDGE ( 'NONE', *, *, #1208, .T. ) ;
#2350 = EDGE_LOOP ( 'NONE', ( #4541, #4703, #3697, #5601 ) ) ;
#2351 = CARTESIAN_POINT ( 'NONE',  ( -3.999999999999989800, 1.656854249492406600, -9.359375000000030200 ) ) ;
#2352 = CARTESIAN_POINT ( 'NONE',  ( -2.254327966281379300, -2.254327966281379300, -7.406250000000034600 ) ) ;
#2353 = AXIS2_PLACEMENT_3D ( 'NONE', #3718, #5494, #216 ) ;
#2354 = CARTESIAN_POINT ( 'NONE',  ( 3.188101183952083900, -1.258897616254152600E-014, -10.53125000000002700 ) ) ;
#2355 = DIRECTION ( 'NONE',  ( 1.000000000000000000, 0.0000000000000000000, 0.0000000000000000000 ) ) ;
#2356 = CARTESIAN_POINT ( 'NONE',  ( -1.320554748610674800, 3.188101183952083900, -7.640625000000032000 ) ) ;
#2357 = VECTOR ( 'NONE', #3369, 1000.000000000000000 ) ;
#2358 = CARTESIAN_POINT ( 'NONE',  ( -2.828427124746181000, -2.828427124746199200, -5.531250000000036400 ) ) ;
#2359 = CARTESIAN_POINT ( 'NONE',  ( 4.898587196589413000E-015, 4.000000000000000000, -14.75000000000001400 ) ) ;
#2360 = CARTESIAN_POINT ( 'NONE',  ( 2.828427124746189800, -2.828427124746190700, -1.468750000000046400 ) ) ;
#2361 =( BOUNDED_CURVE ( )  B_SPLINE_CURVE ( 2, ( #5205, #4767, #1736, #1317, #2576, #5656, #4326, #1716, #4347 ),
 .UNSPECIFIED., .F., .T. ) 
 B_SPLINE_CURVE_WITH_KNOTS ( ( 3, 2, 2, 2, 3 ),
 ( 0.6309523809523809300, 0.6369047619047618600, 0.6428571428571429000, 0.6488095238095238400, 0.6547619047619047700 ),
 .UNSPECIFIED. ) 
 CURVE ( )  GEOMETRIC_REPRESENTATION_ITEM ( )  RATIONAL_B_SPLINE_CURVE ( ( 1.000000000000000000, 0.9238795325112867400, 1.000000000000000000, 0.9238795325112867400, 1.000000000000000000, 0.9238795325112867400, 1.000000000000000000, 0.9238795325112867400, 1.000000000000000000 ) ) 
 REPRESENTATION_ITEM ( '' )  );
#2362 = ORIENTED_EDGE ( 'NONE', *, *, #1983, .F. ) ;
#2363 = FACE_OUTER_BOUND ( 'NONE', #2402, .T. ) ;
#2364 = B_SPLINE_CURVE_WITH_KNOTS ( 'NONE', 3,
 ( #1185, #5587, #4170, #4206, #4615, #321 ),
 .UNSPECIFIED., .F., .F.,
 ( 4, 2, 4 ),
 ( 0.0000000000000000000, 0.0009601869924392767300, 0.001920373984878554300 ),
 .UNSPECIFIED. ) ;
#2365 = ORIENTED_EDGE ( 'NONE', *, *, #5670, .F. ) ;
#2366 = CARTESIAN_POINT ( 'NONE',  ( 4.064772864836424300, -0.8958160594108992600, 3.190173853384666200 ) ) ;
#2367 = ORIENTED_EDGE ( 'NONE', *, *, #1704, .F. ) ;
#2368 = CARTESIAN_POINT ( 'NONE',  ( 3.188101183952083900, -7.903818670199758700E-015, -18.18750000000001100 ) ) ;
#2369 = COORDINATED_UNIVERSAL_TIME_OFFSET ( 6, 0, .BEHIND. ) ;
#2370 = CARTESIAN_POINT ( 'NONE',  ( -2.254327966281379300, -2.254327966281379300, -4.750000000000039100 ) ) ;
#2371 = CARTESIAN_POINT ( 'NONE',  ( -3.188101183952083900, 2.971803142986850300E-016, -21.00000000000000000 ) ) ;
#2372 = VERTEX_POINT ( 'NONE', #4565 ) ;
#2373 = EDGE_CURVE ( 'NONE', #5481, #4645, #4498, .T. ) ;
#2374 = PLANE ( 'NONE',  #3420 ) ;
#2375 = ORIENTED_EDGE ( 'NONE', *, *, #5154, .T. ) ;
#2376 = ORIENTED_EDGE ( 'NONE', *, *, #2238, .F. ) ;
#2377 = CARTESIAN_POINT ( 'NONE',  ( -2.851173418023731400, -0.9666666666666866600, 4.000000000000000000 ) ) ;
#2378 = FACE_OUTER_BOUND ( 'NONE', #1869, .T. ) ;
#2379 = CARTESIAN_POINT ( 'NONE',  ( -2.254327966281378900, 2.254327966281379300, -20.06250000000000400 ) ) ;
#2380 = CARTESIAN_POINT ( 'NONE',  ( -4.000000000000000000, 1.656854249492381000, -3.265625000000039500 ) ) ;
#2381 = ORIENTED_EDGE ( 'NONE', *, *, #4904, .T. ) ;
#2382 = CARTESIAN_POINT ( 'NONE',  ( 0.0000000000000000000, 5.655958496054998300E-018, 15.31370849898476100 ) ) ;
#2383 = ORIENTED_EDGE ( 'NONE', *, *, #2021, .F. ) ;
#2384 = CARTESIAN_POINT ( 'NONE',  ( 1.093203414879745800E-014, 3.188101183952083900, -4.125000000000041700 ) ) ;
#2385 = CARTESIAN_POINT ( 'NONE',  ( -3.188101183952083900, -1.320554748610674600, -6.078125000000036400 ) ) ;
#2386 = CARTESIAN_POINT ( 'NONE',  ( 0.0000000000000000000, -9.324947672979560100E-017, -21.00000000000000000 ) ) ;
#2387 = FACE_OUTER_BOUND ( 'NONE', #546, .T. ) ;
#2388 =( BOUNDED_CURVE ( )  B_SPLINE_CURVE ( 2, ( #5021, #2828, #3724, #1124, #4634, #3703, #2552, #3294, #1135 ),
 .UNSPECIFIED., .F., .T. ) 
 B_SPLINE_CURVE_WITH_KNOTS ( ( 3, 2, 2, 2, 3 ),
 ( 0.2500000000000000000, 0.2559523809523809300, 0.2619047619047618600, 0.2678571428571427900, 0.2738095238095237800 ),
 .UNSPECIFIED. ) 
 CURVE ( )  GEOMETRIC_REPRESENTATION_ITEM ( )  RATIONAL_B_SPLINE_CURVE ( ( 1.000000000000000000, 0.9238795325112867400, 1.000000000000000000, 0.9238795325112867400, 1.000000000000000000, 0.9238795325112867400, 1.000000000000000000, 0.9238795325112874000, 0.9999999999999993300 ) ) 
 REPRESENTATION_ITEM ( '' )  );
#2389 = DIRECTION ( 'NONE',  ( 1.000000000000000000, -7.993605777301127100E-015, 0.0000000000000000000 ) ) ;
#2390 = ORIENTED_EDGE ( 'NONE', *, *, #342, .T. ) ;
#2391 = DIRECTION ( 'NONE',  ( 0.0000000000000000000, 0.0000000000000000000, 1.000000000000000000 ) ) ;
#2392 =( BOUNDED_CURVE ( )  B_SPLINE_CURVE ( 2, ( #82, #1745, #1494, #4067, #4885, #3624, #2792, #2351, #5422 ),
 .UNSPECIFIED., .F., .T. ) 
 B_SPLINE_CURVE_WITH_KNOTS ( ( 3, 2, 2, 2, 3 ),
 ( 0.4642857142857142500, 0.4702380952380951800, 0.4761904761904761600, 0.4821428571428571500, 0.4880952380952380800 ),
 .UNSPECIFIED. ) 
 CURVE ( )  GEOMETRIC_REPRESENTATION_ITEM ( )  RATIONAL_B_SPLINE_CURVE ( ( 1.000000000000000700, 0.9238795325112860700, 1.000000000000000000, 0.9238795325112867400, 1.000000000000000000, 0.9238795325112867400, 1.000000000000000000, 0.9238795325112867400, 1.000000000000000000 ) ) 
 REPRESENTATION_ITEM ( '' )  );
#2393 = CARTESIAN_POINT ( 'NONE',  ( 4.000000000000000000, -1.185233467109074100E-014, -15.06250000000001400 ) ) ;
#2394 = CARTESIAN_POINT ( 'NONE',  ( -4.898587196589413800E-016, -4.000000000000000000, -0.3750000000000489100 ) ) ;
#2395 = CARTESIAN_POINT ( 'NONE',  ( 3.188101183952083900, -1.459753745329477600E-015, -19.43750000000000700 ) ) ;
#2396 = CARTESIAN_POINT ( 'NONE',  ( 2.828427124746192100, 2.828427124746188500, -3.656250000000041300 ) ) ;
#2397 = CARTESIAN_POINT ( 'NONE',  ( 0.0000000000000000000, 5.655958496054998300E-018, 15.31370849898476100 ) ) ;
#2398 = CARTESIAN_POINT ( 'NONE',  ( 1.093203414879745800E-014, 3.188101183952083900, -3.968750000000041700 ) ) ;
#2399 = EDGE_CURVE ( 'NONE', #3086, #5156, #4833, .T. ) ;
#2400 = CARTESIAN_POINT ( 'NONE',  ( 2.254327966281397500, 2.254327966281360700, -2.875000000000044400 ) ) ;
#2401 = CARTESIAN_POINT ( 'NONE',  ( 1.320554748610676800, 3.188101183952083000, -0.2968750000000506800 ) ) ;
#2402 = EDGE_LOOP ( 'NONE', ( #5115, #2723, #2490, #1676 ) ) ;
#2403 = VERTEX_POINT ( 'NONE', #3721 ) ;
#2404 = CARTESIAN_POINT ( 'NONE',  ( 3.188101183952083900, -9.324947672979560100E-017, -21.00000000000000000 ) ) ;
#2405 = DIRECTION ( 'NONE',  ( -0.0000000000000000000, -0.0000000000000000000, 1.000000000000000000 ) ) ;
#2406 = CARTESIAN_POINT ( 'NONE',  ( 3.999999999999999100, -1.656854249492382600, 3.609374999999942700 ) ) ;
#2407 = FACE_OUTER_BOUND ( 'NONE', #4096, .T. ) ;
#2408 = CARTESIAN_POINT ( 'NONE',  ( -3.188101183952083900, -8.760824316871077100E-016, -13.65625000000002000 ) ) ;
#2409 = CARTESIAN_POINT ( 'NONE',  ( 3.188101183952083900, 6.159547298426946000E-015, -4.281250000000038200 ) ) ;
#2410 = CARTESIAN_POINT ( 'NONE',  ( 1.518625914947322000, 1.518625914947322000, 4.000000000000000000 ) ) ;
#2411 = CYLINDRICAL_SURFACE ( 'NONE', #3427, 4.000000000000000000 ) ;
#2412 = ORIENTED_EDGE ( 'NONE', *, *, #530, .F. ) ;
#2413 = VECTOR ( 'NONE', #1497, 1000.000000000000200 ) ;
#2414 = CARTESIAN_POINT ( 'NONE',  ( 3.188101183952083000, -1.320554748610676600, -3.109375000000042600 ) ) ;
#2415 = CARTESIAN_POINT ( 'NONE',  ( 2.254327966281380200, -2.254327966281378400, -19.43750000000000700 ) ) ;
#2416 = CARTESIAN_POINT ( 'NONE',  ( -2.254327966281365600, 2.254327966281393100, -3.812500000000041700 ) ) ;
#2417 = ORIENTED_EDGE ( 'NONE', *, *, #4291, .T. ) ;
#2418 =( BOUNDED_SURFACE ( )  B_SPLINE_SURFACE ( 1, 2, ( 
 ( #564, #3584, #1011, #2296, #5369, #2741, #4545, #5002, #1619, #5188, #855, #2559, #4748, #3830, #4705, #1674, #1246, #1265, #2535, #3041, #5636, #2143, #364, #29, #5210, #5257, #404, #2979, #898, #3852, #2106, #3911, #2624, #1721, #3001, #1740, #3429, #2601, #4274, #4331, #1284, #3390, #832, #3871, #3412, #5170, #5231, #4771, #3022, #5616, #3892, #383, #5, #2167, #4293, #4312, #1698, #4726, #2124, #444, #2578, #5659, #1323, #3473, #813, #420, #3451, #878, #1299, #4349, #1764, #4788, #2189, #3496, #1788, #4398, #493, #2651, #5282, #53, #3066, #3519, #469, #918, #3940, #1375, #3087, #1346, #3959, #940, #4373, #4811, #2208, #4864, #2214, #1794, #5303, #12, #4841, #1855, #83, #516, #1421, #3963, #2699, #34, #4451, #3546, #4429, #3944, #923, #4404, #3984, #3135, #2192, #100, #2656, #1329, #2171, #5327, #5262, #450, #3477, #2677, #5240, #1380, #3072, #4819, #1353, #1832, #4379, #5287, #476, #4795, #60, #3092, #497, #946, #3047, #902, #3918, #4356, #3502, #1771, #2257, #3525, #1811, #541, #1397, #2241, #2607, #3112, #2631, #3564, #969, #990, #4006, #588, #1445, #565, #2300, #3587, #5370, #2279, #4913, #4027, #4889, #1012, #4470, #1874, #121, #144, #2742, #3178, #2719, #5346, #3159, #2869, #1496, #4656, #3658, #1575, #2352, #1609, #3220, #5065, #1192, #2045, #2479, #2794, #5084, #2430, #294, #4606, #2011, #4522, #3781, #1928, #5503, #5557, #4640, #5526, #1591, #2889, #3207, #3761, #175, #621, #4198, #4622, #5120, #2057, #3318, #280, #3642, #5103, #737, #4976, #2907, #3303, #719, #1178, #1068, #2461, #4084, #5543, #310, #5426, #2031, #755, #1080, #192, #3333, #4216, #3749, #1162, #2445, #1625, #639, #4162, #4180, #4673, #3351, #4248, #786, #3796, #329, #770, #5576, #2921, #3370, #5136, #2938, #2499, #1210, #347, #3813, #1230, #2068, #4230, #1639, #3002, #1699, #2560, #5189, #4727, #4749, #405, #919, #4332, #2209, #5258, #1741, #899, #3088, #3893, #856, #4374, #1722, #5637, #1789, #494, #5232, #3023, #2625, #3452, #470, #2125, #2190, #4772, #3853, #4313, #2168, #1285, #3430, #3067, #30, #3912, #3872, #1765, #2144, #5211, #879, #2579, #2652, #5660, #421, #1300, #3497, #2602, #6, #4812, #3941, #3520, #3042, #445, #3474, #1324, #4350, #4789, #1347, #5283, #54, #1266, #4294, #3979, #513, #3106, #3542, #941, #1828, #965, #1376, #1395, #4426, #3960, #4399 ),
 ( #4838, #4860, #1810, #2254, #2235, #5300, #2674, #79, #1777, #1382, #950, #1403, #906, #4384, #3967, #3117, #2175, #2681, #2636, #1310, #1835, #5309, #5244, #430, #3460, #2663, #4435, #3948, #17, #4800, #1336, #1817, #4363, #2197, #3055, #4776, #2153, #3901, #43, #4341, #5667, #885, #1751, #3029, #454, #2612, #4848, #5266, #3078, #522, #3532, #482, #4828, #5220, #3508, #3480, #86, #3924, #927, #3552, #2592, #1358, #1801, #4410, #2219, #2244, #5290, #503, #64, #3095, #976, #3987, #4013, #104, #3181, #5375, #4472, #2700, #4917, #2266, #5333, #2726, #3139, #1896, #1427, #1859, #545, #2748, #997, #2284, #1467, #147, #2325, #4454, #4031, #5352, #1878, #4895, #127, #3570, #4051, #3162, #570, #4869, #3590, #1018, #1450, #2304, #591, #3609, #1035, #4495, #4941, #3417, #823, #4319, #3882, #4714, #5129, #1272, #5178, #777, #2134, #5158, #4697, #2543, #2928, #2116, #4758, #2989, #844, #1730, #1254, #5647, #2947, #2097, #4303, #3863, #2488, #3819, #1686, #1707, #412, #5143, #3009, #5603, #4238, #5567, #2570, #2506, #3361, #3801, #5624, #339, #4280, #355, #2522, #4260, #4736, #1662, #2967, #3380, #2077, #1220, #1648, #372, #4679, #5586, #796, #1237, #3401, #3839, #391, #5200, #3440, #865, #1288, #2976, #852, #3039, #3849, #808, #4327, #1668, #5594, #1738, #442, #5186, #379, #5206, #3406, #419, #2085, #2140, #4720, #3809, #4270, #1695, #1243, #2515, #3020, #2577, #3869, #5150, #1718, #1652, #4686, #829, #2952, #2598, #4701, #5166, #360, #5657, #2103, #1262, #4769, #3448, #3469, #3827, #2998, #4289, #1282, #2532, #5612, #3387, #2162, #2120, #2555, #1227, #874, #3424, #5633, #4310, #400, #4745, #5228, #3890, #1296, #2, #4243, #113, #2187, #3494, #3128, #2690, #959, #5253, #3558, #937, #492, #3976, #4348, #3540, #557, #4421, #4856, #3150, #2671, #1414, #4370, #3515, #94, #5316, #895, #5278, #3102, #532, #1845, #916, #4444, #1371, #25, #3908, #3995, #3934, #4784, #2620, #1390, #1318, #73, #1784, #3957, #50, #983, #3083, #4392, #4808, #1343, #1762, #3064, #1807, #465, #2207, #2647, #4835, #2229, #5297, #510, #4879, #1824, #2251, #2274, #5340, #2710, #3188, #3636, #1459, #5363, #5400, #136, #1867, #2770, #1060, #2315, #1026, #1475, #4042, #1902, #1436, #4061, #4929, #3580, #3172, #5382, #580, #4907, #4951, #4502, #601, #4463, #1046, #4021, #2290, #4482, #2736, #1007 ) ),
 .UNSPECIFIED., .F., .F., .F. ) 
 B_SPLINE_SURFACE_WITH_KNOTS ( ( 2, 2 ),
 ( 3, 2, 2, 2, 2, 2, 2, 2, 2, 2, 2, 2, 2, 2, 2, 2, 2, 2, 2, 2, 2, 2, 2, 2, 2, 2, 2, 2, 2, 2, 2, 2, 2, 2, 2, 2, 2, 2, 2, 2, 2, 2, 2, 2, 2, 2, 2, 2, 2, 2, 2, 2, 2, 2, 2, 2, 2, 2, 2, 2, 2, 2, 2, 2, 2, 2, 2, 2, 2, 2, 2, 2, 2, 2, 2, 2, 2, 2, 2, 2, 2, 2, 2, 2, 2, 2, 2, 2, 2, 2, 2, 2, 2, 2, 2, 2, 2, 2, 2, 2, 2, 2, 2, 2, 2, 2, 2, 2, 2, 2, 2, 2, 2, 2, 2, 2, 2, 2, 2, 2, 2, 2, 2, 2, 2, 2, 2, 2, 2, 2, 2, 2, 2, 2, 2, 2, 2, 2, 2, 2, 2, 2, 2, 2, 2, 2, 2, 2, 2, 2, 2, 2, 2, 2, 2, 2, 2, 2, 2, 2, 2, 2, 2, 2, 2, 2, 2, 2, 3 ),
 ( 0.0000000000000000000, 1.000000000000000000 ),
 ( 0.0000000000000000000, 0.005952380952380952100, 0.01190476190476190400, 0.01785714285714285600, 0.02380952380952380800, 0.02976190476190476000, 0.03571428571428571200, 0.04166666666666666400, 0.04761904761904761600, 0.05357142857142856800, 0.05952380952380952100, 0.06547619047619047900, 0.07142857142857142500, 0.07738095238095238400, 0.08333333333333332900, 0.08928571428571428800, 0.09523809523809523300, 0.1011904761904761900, 0.1071428571428571400, 0.1130952380952381000, 0.1190476190476190400, 0.1250000000000000000, 0.1309523809523809600, 0.1369047619047619200, 0.1428571428571428500, 0.1488095238095238100, 0.1547619047619047700, 0.1607142857142857300, 0.1666666666666666600, 0.1726190476190476200, 0.1785714285714285800, 0.1845238095238095300, 0.1904761904761904700, 0.1964285714285714200, 0.2023809523809523800, 0.2083333333333333400, 0.2142857142857142700, 0.2202380952380952300, 0.2261904761904761900, 0.2321428571428571500, 0.2380952380952380800, 0.2440476190476190400, 0.2500000000000000000, 0.2559523809523809300, 0.2619047619047619200, 0.2678571428571428500, 0.2738095238095238400, 0.2797619047619047700, 0.2857142857142857000, 0.2916666666666666900, 0.2976190476190476200, 0.3035714285714285500, 0.3095238095238095300, 0.3154761904761904700, 0.3214285714285714500, 0.3273809523809523800, 0.3333333333333333100, 0.3392857142857143000, 0.3452380952380952300, 0.3511904761904761600, 0.3571428571428571500, 0.3630952380952380800, 0.3690476190476190700, 0.3750000000000000000, 0.3809523809523809300, 0.3869047619047619200, 0.3928571428571428500, 0.3988095238095238400, 0.4047619047619047700, 0.4107142857142857000, 0.4166666666666666900, 0.4226190476190476200, 0.4285714285714285500, 0.4345238095238095300, 0.4404761904761904700, 0.4464285714285714500, 0.4523809523809523800, 0.4583333333333333100, 0.4642857142857143000, 0.4702380952380952300, 0.4761904761904761600, 0.4821428571428571500, 0.4880952380952380800, 0.4940476190476190700, 0.5000000000000000000, 0.5059523809523809300, 0.5119047619047618600, 0.5178571428571429000, 0.5238095238095238400, 0.5297619047619047700, 0.5357142857142857000, 0.5416666666666666300, 0.5476190476190476700, 0.5535714285714286000, 0.5595238095238095300, 0.5654761904761904700, 0.5714285714285714000, 0.5773809523809523300, 0.5833333333333333700, 0.5892857142857143000, 0.5952380952380952300, 0.6011904761904761600, 0.6071428571428571000, 0.6130952380952381400, 0.6190476190476190700, 0.6250000000000000000, 0.6309523809523809300, 0.6369047619047618600, 0.6428571428571429000, 0.6488095238095238400, 0.6547619047619047700, 0.6607142857142857000, 0.6666666666666666300, 0.6726190476190476700, 0.6785714285714286000, 0.6845238095238095300, 0.6904761904761904700, 0.6964285714285714000, 0.7023809523809523300, 0.7083333333333333700, 0.7142857142857143000, 0.7202380952380952300, 0.7261904761904761600, 0.7321428571428571000, 0.7380952380952381400, 0.7440476190476190700, 0.7500000000000000000, 0.7559523809523809300, 0.7619047619047618600, 0.7678571428571429000, 0.7738095238095238400, 0.7797619047619047700, 0.7857142857142857000, 0.7916666666666666300, 0.7976190476190476700, 0.8035714285714286000, 0.8095238095238095300, 0.8154761904761904700, 0.8214285714285714000, 0.8273809523809523300, 0.8333333333333333700, 0.8392857142857143000, 0.8452380952380952300, 0.8511904761904761600, 0.8571428571428571000, 0.8630952380952381400, 0.8690476190476190700, 0.8750000000000000000, 0.8809523809523809300, 0.8869047619047618600, 0.8928571428571429000, 0.8988095238095238400, 0.9047619047619047700, 0.9107142857142857000, 0.9166666666666666300, 0.9226190476190476700, 0.9285714285714286000, 0.9345238095238095300, 0.9404761904761904700, 0.9464285714285714000, 0.9523809523809523300, 0.9583333333333333700, 0.9642857142857143000, 0.9702380952380952300, 0.9761904761904761600, 0.9821428571428571000, 0.9880952380952381400, 0.9940476190476190700, 1.000000000000000000 ),
 .UNSPECIFIED. ) 
 GEOMETRIC_REPRESENTATION_ITEM ( )  RATIONAL_B_SPLINE_SURFACE ( (
 ( 1.000000000000000000, 0.9238795325112867400, 1.000000000000000000, 0.9238795325112867400, 1.000000000000000000, 0.9238795325112867400, 1.000000000000000000, 0.9238795325112867400, 1.000000000000000000, 0.9238795325112867400, 1.000000000000000000, 0.9238795325112867400, 1.000000000000000000, 0.9238795325112867400, 1.000000000000000000, 0.9238795325112867400, 1.000000000000000000, 0.9238795325112867400, 1.000000000000000000, 0.9238795325112867400, 1.000000000000000000, 0.9238795325112867400, 1.000000000000000000, 0.9238795325112867400, 1.000000000000000000, 0.9238795325112867400, 1.000000000000000000, 0.9238795325112867400, 1.000000000000000000, 0.9238795325112867400, 1.000000000000000000, 0.9238795325112867400, 1.000000000000000000, 0.9238795325112867400, 1.000000000000000000, 0.9238795325112867400, 1.000000000000000000, 0.9238795325112867400, 1.000000000000000000, 0.9238795325112867400, 1.000000000000000000, 0.9238795325112867400, 1.000000000000000000, 0.9238795325112867400, 1.000000000000000000, 0.9238795325112867400, 1.000000000000000000, 0.9238795325112867400, 1.000000000000000000, 0.9238795325112867400, 1.000000000000000000, 0.9238795325112867400, 1.000000000000000000, 0.9238795325112867400, 1.000000000000000000, 0.9238795325112867400, 1.000000000000000000, 0.9238795325112867400, 1.000000000000000000, 0.9238795325112867400, 1.000000000000000000, 0.9238795325112867400, 1.000000000000000000, 0.9238795325112867400, 1.000000000000000000, 0.9238795325112867400, 1.000000000000000000, 0.9238795325112867400, 1.000000000000000000, 0.9238795325112867400, 1.000000000000000000, 0.9238795325112867400, 1.000000000000000000, 0.9238795325112867400, 1.000000000000000000, 0.9238795325112867400, 1.000000000000000000, 0.9238795325112867400, 1.000000000000000000, 0.9238795325112867400, 1.000000000000000000, 0.9238795325112867400, 1.000000000000000000, 0.9238795325112867400, 1.000000000000000000, 0.9238795325112867400, 1.000000000000000000, 0.9238795325112867400, 1.000000000000000000, 0.9238795325112867400, 1.000000000000000000, 0.9238795325112867400, 1.000000000000000000, 0.9238795325112867400, 1.000000000000000000, 0.9238795325112867400, 1.000000000000000000, 0.9238795325112867400, 1.000000000000000000, 0.9238795325112867400, 1.000000000000000000, 0.9238795325112867400, 1.000000000000000000, 0.9238795325112867400, 1.000000000000000000, 0.9238795325112867400, 1.000000000000000000, 0.9238795325112867400, 1.000000000000000000, 0.9238795325112867400, 1.000000000000000000, 0.9238795325112867400, 1.000000000000000000, 0.9238795325112867400, 1.000000000000000000, 0.9238795325112867400, 1.000000000000000000, 0.9238795325112867400, 1.000000000000000000, 0.9238795325112867400, 1.000000000000000000, 0.9238795325112867400, 1.000000000000000000, 0.9238795325112867400, 1.000000000000000000, 0.9238795325112867400, 1.000000000000000000, 0.9238795325112867400, 1.000000000000000000, 0.9238795325112867400, 1.000000000000000000, 0.9238795325112867400, 1.000000000000000000, 0.9238795325112867400, 1.000000000000000000, 0.9238795325112867400, 1.000000000000000000, 0.9238795325112867400, 1.000000000000000000, 0.9238795325112867400, 1.000000000000000000, 0.9238795325112867400, 1.000000000000000000, 0.9238795325112867400, 1.000000000000000000, 0.9238795325112867400, 1.000000000000000000, 0.9238795325112867400, 1.000000000000000000, 0.9238795325112867400, 1.000000000000000000, 0.9238795325112867400, 1.000000000000000000, 0.9238795325112867400, 1.000000000000000000, 0.9238795325112867400, 1.000000000000000000, 0.9238795325112867400, 1.000000000000000000, 0.9238795325112867400, 1.000000000000000000, 0.9238795325112867400, 1.000000000000000000, 0.9238795325112867400, 1.000000000000000000, 0.9238795325112867400, 1.000000000000000000, 0.9238795325112867400, 1.000000000000000000, 0.9238795325112867400, 1.000000000000000000, 0.9238795325112867400, 1.000000000000000000, 0.9238795325112867400, 1.000000000000000000, 0.9238795325112867400, 1.000000000000000000, 0.9238795325112867400, 1.000000000000000000, 0.9238795325112867400, 1.000000000000000000, 0.9238795325112867400, 1.000000000000000000, 0.9238795325112867400, 1.000000000000000000, 0.9238795325112867400, 1.000000000000000000, 0.9238795325112867400, 1.000000000000000000, 0.9238795325112867400, 1.000000000000000000, 0.9238795325112867400, 1.000000000000000000, 0.9238795325112867400, 1.000000000000000000, 0.9238795325112867400, 1.000000000000000000, 0.9238795325112867400, 1.000000000000000000, 0.9238795325112867400, 1.000000000000000000, 0.9238795325112867400, 1.000000000000000000, 0.9238795325112867400, 1.000000000000000000, 0.9238795325112867400, 1.000000000000000000, 0.9238795325112867400, 1.000000000000000000, 0.9238795325112867400, 1.000000000000000000, 0.9238795325112867400, 1.000000000000000000, 0.9238795325112867400, 1.000000000000000000, 0.9238795325112867400, 1.000000000000000000, 0.9238795325112867400, 1.000000000000000000, 0.9238795325112867400, 1.000000000000000000, 0.9238795325112867400, 1.000000000000000000, 0.9238795325112867400, 1.000000000000000000, 0.9238795325112867400, 1.000000000000000000, 0.9238795325112867400, 1.000000000000000000, 0.9238795325112867400, 1.000000000000000000, 0.9238795325112867400, 1.000000000000000000, 0.9238795325112867400, 1.000000000000000000, 0.9238795325112867400, 1.000000000000000000, 0.9238795325112867400, 1.000000000000000000, 0.9238795325112867400, 1.000000000000000000, 0.9238795325112867400, 1.000000000000000000, 0.9238795325112867400, 1.000000000000000000, 0.9238795325112867400, 1.000000000000000000, 0.9238795325112867400, 1.000000000000000000, 0.9238795325112867400, 1.000000000000000000, 0.9238795325112867400, 1.000000000000000000, 0.9238795325112867400, 1.000000000000000000, 0.9238795325112867400, 1.000000000000000000, 0.9238795325112867400, 1.000000000000000000, 0.9238795325112867400, 1.000000000000000000, 0.9238795325112867400, 1.000000000000000000, 0.9238795325112867400, 1.000000000000000000, 0.9238795325112867400, 1.000000000000000000, 0.9238795325112867400, 1.000000000000000000, 0.9238795325112867400, 1.000000000000000000, 0.9238795325112867400, 1.000000000000000000, 0.9238795325112867400, 1.000000000000000000, 0.9238795325112867400, 1.000000000000000000, 0.9238795325112867400, 1.000000000000000000, 0.9238795325112867400, 1.000000000000000000, 0.9238795325112867400, 1.000000000000000000, 0.9238795325112867400, 1.000000000000000000, 0.9238795325112867400, 1.000000000000000000, 0.9238795325112867400, 1.000000000000000000, 0.9238795325112867400, 1.000000000000000000, 0.9238795325112867400, 1.000000000000000000, 0.9238795325112867400, 1.000000000000000000, 0.9238795325112867400, 1.000000000000000000, 0.9238795325112867400, 1.000000000000000000, 0.9238795325112867400, 1.000000000000000000, 0.9238795325112867400, 1.000000000000000000, 0.9238795325112867400, 1.000000000000000000, 0.9238795325112867400, 1.000000000000000000, 0.9238795325112867400, 1.000000000000000000, 0.9238795325112867400, 1.000000000000000000, 0.9238795325112867400, 1.000000000000000000, 0.9238795325112867400, 1.000000000000000000, 0.9238795325112867400, 1.000000000000000000, 0.9238795325112867400, 1.000000000000000000, 0.9238795325112867400, 1.000000000000000000, 0.9238795325112867400, 1.000000000000000000, 0.9238795325112867400, 1.000000000000000000, 0.9238795325112867400, 1.000000000000000000, 0.9238795325112867400, 1.000000000000000000, 0.9238795325112867400, 1.000000000000000000, 0.9238795325112867400, 1.000000000000000000, 0.9238795325112867400, 1.000000000000000000, 0.9238795325112867400, 1.000000000000000000),
 ( 1.000000000000000000, 0.9238795325112867400, 1.000000000000000000, 0.9238795325112867400, 1.000000000000000000, 0.9238795325112867400, 1.000000000000000000, 0.9238795325112867400, 1.000000000000000000, 0.9238795325112867400, 1.000000000000000000, 0.9238795325112867400, 1.000000000000000000, 0.9238795325112867400, 1.000000000000000000, 0.9238795325112867400, 1.000000000000000000, 0.9238795325112867400, 1.000000000000000000, 0.9238795325112867400, 1.000000000000000000, 0.9238795325112867400, 1.000000000000000000, 0.9238795325112867400, 1.000000000000000000, 0.9238795325112867400, 1.000000000000000000, 0.9238795325112867400, 1.000000000000000000, 0.9238795325112867400, 1.000000000000000000, 0.9238795325112867400, 1.000000000000000000, 0.9238795325112867400, 1.000000000000000000, 0.9238795325112867400, 1.000000000000000000, 0.9238795325112867400, 1.000000000000000000, 0.9238795325112867400, 1.000000000000000000, 0.9238795325112867400, 1.000000000000000000, 0.9238795325112867400, 1.000000000000000000, 0.9238795325112867400, 1.000000000000000000, 0.9238795325112867400, 1.000000000000000000, 0.9238795325112867400, 1.000000000000000000, 0.9238795325112867400, 1.000000000000000000, 0.9238795325112867400, 1.000000000000000000, 0.9238795325112867400, 1.000000000000000000, 0.9238795325112867400, 1.000000000000000000, 0.9238795325112867400, 1.000000000000000000, 0.9238795325112867400, 1.000000000000000000, 0.9238795325112867400, 1.000000000000000000, 0.9238795325112867400, 1.000000000000000000, 0.9238795325112867400, 1.000000000000000000, 0.9238795325112867400, 1.000000000000000000, 0.9238795325112867400, 1.000000000000000000, 0.9238795325112867400, 1.000000000000000000, 0.9238795325112867400, 1.000000000000000000, 0.9238795325112867400, 1.000000000000000000, 0.9238795325112867400, 1.000000000000000000, 0.9238795325112867400, 1.000000000000000000, 0.9238795325112867400, 1.000000000000000000, 0.9238795325112867400, 1.000000000000000000, 0.9238795325112867400, 1.000000000000000000, 0.9238795325112867400, 1.000000000000000000, 0.9238795325112867400, 1.000000000000000000, 0.9238795325112867400, 1.000000000000000000, 0.9238795325112867400, 1.000000000000000000, 0.9238795325112867400, 1.000000000000000000, 0.9238795325112867400, 1.000000000000000000, 0.9238795325112867400, 1.000000000000000000, 0.9238795325112867400, 1.000000000000000000, 0.9238795325112867400, 1.000000000000000000, 0.9238795325112867400, 1.000000000000000000, 0.9238795325112867400, 1.000000000000000000, 0.9238795325112867400, 1.000000000000000000, 0.9238795325112867400, 1.000000000000000000, 0.9238795325112867400, 1.000000000000000000, 0.9238795325112867400, 1.000000000000000000, 0.9238795325112867400, 1.000000000000000000, 0.9238795325112867400, 1.000000000000000000, 0.9238795325112867400, 1.000000000000000000, 0.9238795325112867400, 1.000000000000000000, 0.9238795325112867400, 1.000000000000000000, 0.9238795325112867400, 1.000000000000000000, 0.9238795325112867400, 1.000000000000000000, 0.9238795325112867400, 1.000000000000000000, 0.9238795325112867400, 1.000000000000000000, 0.9238795325112867400, 1.000000000000000000, 0.9238795325112867400, 1.000000000000000000, 0.9238795325112867400, 1.000000000000000000, 0.9238795325112867400, 1.000000000000000000, 0.9238795325112867400, 1.000000000000000000, 0.9238795325112867400, 1.000000000000000000, 0.9238795325112867400, 1.000000000000000000, 0.9238795325112867400, 1.000000000000000000, 0.9238795325112867400, 1.000000000000000000, 0.9238795325112867400, 1.000000000000000000, 0.9238795325112867400, 1.000000000000000000, 0.9238795325112867400, 1.000000000000000000, 0.9238795325112867400, 1.000000000000000000, 0.9238795325112867400, 1.000000000000000000, 0.9238795325112867400, 1.000000000000000000, 0.9238795325112867400, 1.000000000000000000, 0.9238795325112867400, 1.000000000000000000, 0.9238795325112867400, 1.000000000000000000, 0.9238795325112867400, 1.000000000000000000, 0.9238795325112867400, 1.000000000000000000, 0.9238795325112867400, 1.000000000000000000, 0.9238795325112867400, 1.000000000000000000, 0.9238795325112867400, 1.000000000000000000, 0.9238795325112867400, 1.000000000000000000, 0.9238795325112867400, 1.000000000000000000, 0.9238795325112867400, 1.000000000000000000, 0.9238795325112867400, 1.000000000000000000, 0.9238795325112867400, 1.000000000000000000, 0.9238795325112867400, 1.000000000000000000, 0.9238795325112867400, 1.000000000000000000, 0.9238795325112867400, 1.000000000000000000, 0.9238795325112867400, 1.000000000000000000, 0.9238795325112867400, 1.000000000000000000, 0.9238795325112867400, 1.000000000000000000, 0.9238795325112867400, 1.000000000000000000, 0.9238795325112867400, 1.000000000000000000, 0.9238795325112867400, 1.000000000000000000, 0.9238795325112867400, 1.000000000000000000, 0.9238795325112867400, 1.000000000000000000, 0.9238795325112867400, 1.000000000000000000, 0.9238795325112867400, 1.000000000000000000, 0.9238795325112867400, 1.000000000000000000, 0.9238795325112867400, 1.000000000000000000, 0.9238795325112867400, 1.000000000000000000, 0.9238795325112867400, 1.000000000000000000, 0.9238795325112867400, 1.000000000000000000, 0.9238795325112867400, 1.000000000000000000, 0.9238795325112867400, 1.000000000000000000, 0.9238795325112867400, 1.000000000000000000, 0.9238795325112867400, 1.000000000000000000, 0.9238795325112867400, 1.000000000000000000, 0.9238795325112867400, 1.000000000000000000, 0.9238795325112867400, 1.000000000000000000, 0.9238795325112867400, 1.000000000000000000, 0.9238795325112867400, 1.000000000000000000, 0.9238795325112867400, 1.000000000000000000, 0.9238795325112867400, 1.000000000000000000, 0.9238795325112867400, 1.000000000000000000, 0.9238795325112867400, 1.000000000000000000, 0.9238795325112867400, 1.000000000000000000, 0.9238795325112867400, 1.000000000000000000, 0.9238795325112867400, 1.000000000000000000, 0.9238795325112867400, 1.000000000000000000, 0.9238795325112867400, 1.000000000000000000, 0.9238795325112867400, 1.000000000000000000, 0.9238795325112867400, 1.000000000000000000, 0.9238795325112867400, 1.000000000000000000, 0.9238795325112867400, 1.000000000000000000, 0.9238795325112867400, 1.000000000000000000, 0.9238795325112867400, 1.000000000000000000, 0.9238795325112867400, 1.000000000000000000, 0.9238795325112867400, 1.000000000000000000, 0.9238795325112867400, 1.000000000000000000, 0.9238795325112867400, 1.000000000000000000, 0.9238795325112867400, 1.000000000000000000, 0.9238795325112867400, 1.000000000000000000, 0.9238795325112867400, 1.000000000000000000, 0.9238795325112867400, 1.000000000000000000, 0.9238795325112867400, 1.000000000000000000, 0.9238795325112867400, 1.000000000000000000, 0.9238795325112867400, 1.000000000000000000, 0.9238795325112867400, 1.000000000000000000, 0.9238795325112867400, 1.000000000000000000, 0.9238795325112867400, 1.000000000000000000, 0.9238795325112867400, 1.000000000000000000, 0.9238795325112867400, 1.000000000000000000, 0.9238795325112867400, 1.000000000000000000, 0.9238795325112867400, 1.000000000000000000, 0.9238795325112867400, 1.000000000000000000, 0.9238795325112867400, 1.000000000000000000, 0.9238795325112867400, 1.000000000000000000, 0.9238795325112867400, 1.000000000000000000, 0.9238795325112867400, 1.000000000000000000, 0.9238795325112867400, 1.000000000000000000, 0.9238795325112867400, 1.000000000000000000, 0.9238795325112867400, 1.000000000000000000, 0.9238795325112867400, 1.000000000000000000, 0.9238795325112867400, 1.000000000000000000, 0.9238795325112867400, 1.000000000000000000, 0.9238795325112867400, 1.000000000000000000) ) ) 
 REPRESENTATION_ITEM ( '' )  SURFACE ( )  );
#2419 = CARTESIAN_POINT ( 'NONE',  ( 3.188101183952083900, 1.320554748610674800, -19.20312500000000700 ) ) ;
#2420 = ORIENTED_EDGE ( 'NONE', *, *, #4143, .F. ) ;
#2421 = LINE ( 'NONE', #5362, #4486 ) ;
#2422 = CARTESIAN_POINT ( 'NONE',  ( -2.254327966281382900, 2.254327966281375300, -7.562500000000032900 ) ) ;
#2423 = CARTESIAN_POINT ( 'NONE',  ( -2.828427124746190300, -2.828427124746189800, -0.5312500000000455200 ) ) ;
#2424 = CARTESIAN_POINT ( 'NONE',  ( 6.110772408088341700, 0.0000000000000000000, 5.139227591911661900 ) ) ;
#2425 = CARTESIAN_POINT ( 'NONE',  ( -2.254327966281364200, 2.254327966281394400, -1.468750000000046400 ) ) ;
#2426 = CARTESIAN_POINT ( 'NONE',  ( 3.188101183952071000, -1.320554748610690600, -13.10937500000002100 ) ) ;
#2427 = EDGE_CURVE ( 'NONE', #2758, #3698, #1212, .T. ) ;
#2428 = ORIENTED_EDGE ( 'NONE', *, *, #850, .T. ) ;
#2429 = LINE ( 'NONE', #5349, #5522 ) ;
#2430 = CARTESIAN_POINT ( 'NONE',  ( 1.320554748610676800, 3.188101183952083000, -6.703125000000035500 ) ) ;
#2431 = CARTESIAN_POINT ( 'NONE',  ( 3.188101183952083900, 4.597828134313024000E-015, -1.781250000000046600 ) ) ;
#2432 = CARTESIAN_POINT ( 'NONE',  ( 3.188101183952083000, -1.320554748610676600, 0.6406249999999503700 ) ) ;
#2433 = CARTESIAN_POINT ( 'NONE',  ( 2.254327966281379300, -2.254327966281378900, -18.18750000000001100 ) ) ;
#2434 = CYLINDRICAL_SURFACE ( 'NONE', #5306, 3.188101183952083900 ) ;
#2435 = CARTESIAN_POINT ( 'NONE',  ( -3.188101183952083900, 1.663684582898367500E-015, -18.81250000000001100 ) ) ;
#2436 = CARTESIAN_POINT ( 'NONE',  ( 1.320554748610678800, 3.188101183952082500, -9.203125000000028400 ) ) ;
#2437 = CARTESIAN_POINT ( 'NONE',  ( 3.999999999999999100, 1.656854249492381200, 2.515624999999945400 ) ) ;
#2438 = CARTESIAN_POINT ( 'NONE',  ( -2.155873551008612200E-014, -4.000000000000000000, -11.62500000000002300 ) ) ;
#2439 = CARTESIAN_POINT ( 'NONE',  ( -3.188101183952083900, -8.760824316871077100E-016, -13.81250000000002000 ) ) ;
#2440 = CARTESIAN_POINT ( 'NONE',  ( -2.828427124746183600, -2.828427124746196100, -1.625000000000046600 ) ) ;
#2441 = DIRECTION ( 'NONE',  ( -1.000000000000000000, 0.0000000000000000000, 0.0000000000000000000 ) ) ;
#2442 = ORIENTED_EDGE ( 'NONE', *, *, #5181, .T. ) ;
#2443 = ORIENTED_EDGE ( 'NONE', *, *, #1976, .F. ) ;
#2444 = CARTESIAN_POINT ( 'NONE',  ( -0.8958157618528986800, 4.064769454878740100, 3.190170452280507400 ) ) ;
#2445 = CARTESIAN_POINT ( 'NONE',  ( 3.188101183952083900, -6.788941632725165100E-016, -3.187500000000044400 ) ) ;
#2446 = FACE_OUTER_BOUND ( 'NONE', #1931, .T. ) ;
#2447 =( BOUNDED_CURVE ( )  B_SPLINE_CURVE ( 2, ( #5067, #4607, #226, #5490, #1963, #5009, #212, #4998, #4590 ),
 .UNSPECIFIED., .F., .T. ) 
 B_SPLINE_CURVE_WITH_KNOTS ( ( 3, 2, 2, 2, 3 ),
 ( 0.3928571428571428500, 0.3988095238095238400, 0.4047619047619047700, 0.4107142857142856400, 0.4166666666666666300 ),
 .UNSPECIFIED. ) 
 CURVE ( )  GEOMETRIC_REPRESENTATION_ITEM ( )  RATIONAL_B_SPLINE_CURVE ( ( 1.000000000000000000, 0.9238795325112867400, 1.000000000000000000, 0.9238795325112867400, 1.000000000000000000, 0.9238795325112867400, 1.000000000000000000, 0.9238795325112874000, 0.9999999999999993300 ) ) 
 REPRESENTATION_ITEM ( '' )  );
#2448 = CARTESIAN_POINT ( 'NONE',  ( -0.9666666666666829900, 4.735680169380806600, 4.000000000000000000 ) ) ;
#2449 = CARTESIAN_POINT ( 'NONE',  ( 1.320554748610676800, 3.188101183952083000, 0.9531249999999470400 ) ) ;
#2450 = CARTESIAN_POINT ( 'NONE',  ( 1.591112476001579300, 1.205043578414730900, 1.005636091156929100 ) ) ;
#2451 = CARTESIAN_POINT ( 'NONE',  ( -2.828427124746178300, 2.828427124746201800, -13.34375000000002000 ) ) ;
#2452 = CARTESIAN_POINT ( 'NONE',  ( 3.999999999999983600, -1.656854249492403500, -9.984375000000030200 ) ) ;
#2453 = CARTESIAN_POINT ( 'NONE',  ( 4.000000000000000000, -1.479148698904438500E-014, -11.31250000000002100 ) ) ;
#2454 = CARTESIAN_POINT ( 'NONE',  ( -2.828427124746189800, 2.828427124746190300, 4.156249999999941400 ) ) ;
#2455 = AXIS2_PLACEMENT_3D ( 'NONE', #3561, #3545, #1419 ) ;
#2456 = DIRECTION ( 'NONE',  ( 0.0000000000000000000, -1.000000000000000000, 0.0000000000000000000 ) ) ;
#2457 = ORIENTED_EDGE ( 'NONE', *, *, #5114, .T. ) ;
#2458 = VERTEX_POINT ( 'NONE', #2453 ) ;
#2459 = DIRECTION ( 'NONE',  ( 1.000000000000000000, 0.0000000000000000000, 0.0000000000000000000 ) ) ;
#2460 = EDGE_CURVE ( 'NONE', #2740, #3358, #2547, .T. ) ;
#2461 = CARTESIAN_POINT ( 'NONE',  ( 1.320554748610676800, 3.188101183952083000, -4.203125000000040900 ) ) ;
#2462 = VERTEX_POINT ( 'NONE', #2915 ) ;
#2463 = ORIENTED_EDGE ( 'NONE', *, *, #1851, .T. ) ;
#2464 = CARTESIAN_POINT ( 'NONE',  ( -2.828427124746192500, 2.828427124746188500, -2.093750000000043500 ) ) ;
#2465 = CARTESIAN_POINT ( 'NONE',  ( 5.998263823987151000E-032, 3.188101183952083900, -0.2187500000000487700 ) ) ;
#2466 = CARTESIAN_POINT ( 'NONE',  ( 3.188101183952098100, -1.320554748610667000, -5.765625000000036400 ) ) ;
#2467 = CARTESIAN_POINT ( 'NONE',  ( -4.000000000000000000, 5.782579236631146200E-015, -4.437500000000039100 ) ) ;
#2469 = DIRECTION ( 'NONE',  ( -0.0000000000000000000, -0.0000000000000000000, 1.000000000000000000 ) ) ;
#2468 = CARTESIAN_POINT ( 'NONE',  ( 4.000000000000000000, -1.283205211040862200E-014, -14.90625000000001800 ) ) ;
#2470 = CARTESIAN_POINT ( 'NONE',  ( -3.188101183952083900, -1.320554748610674600, -21.07812500000000400 ) ) ;
#2471 = EDGE_CURVE ( 'NONE', #4729, #543, #2364, .T. ) ;
#2472 = CARTESIAN_POINT ( 'NONE',  ( -4.000000000000000000, 5.655958496054998300E-018, 15.31370849898476100 ) ) ;
#2473 = DIRECTION ( 'NONE',  ( 0.01733375049386022500, 0.08714264840443966500, 0.9960450290638855900 ) ) ;
#2474 = DIRECTION ( 'NONE',  ( -0.0000000000000000000, -0.0000000000000000000, -1.000000000000000000 ) ) ;
#2475 = ORIENTED_EDGE ( 'NONE', *, *, #5486, .F. ) ;
#2476 = ORIENTED_EDGE ( 'NONE', *, *, #4450, .T. ) ;
#2477 = AXIS2_PLACEMENT_3D ( 'NONE', #5635, #2142, #1283 ) ;
#2478 = CARTESIAN_POINT ( 'NONE',  ( 3.188101183952083900, -7.903818670199758700E-015, -18.03125000000001100 ) ) ;
#2479 = CARTESIAN_POINT ( 'NONE',  ( 3.188101183952083900, -6.788941632725165100E-016, -6.937500000000033800 ) ) ;
#2480 = CARTESIAN_POINT ( 'NONE',  ( -1.320554748610675200, -3.188101183952083900, 4.078124999999943200 ) ) ;
#2481 = CARTESIAN_POINT ( 'NONE',  ( 1.656854249492375000, -4.000000000000002700, -3.890625000000043500 ) ) ;
#2482 = ORIENTED_EDGE ( 'NONE', *, *, #229, .F. ) ;
#2483 = ORIENTED_EDGE ( 'NONE', *, *, #4689, .T. ) ;
#2484 = CARTESIAN_POINT ( 'NONE',  ( 3.188101183952083900, -6.788941632725165100E-016, -20.68750000000000400 ) ) ;
#2486 = CARTESIAN_POINT ( 'NONE',  ( 1.656854249492390600, 3.999999999999995600, -1.078125000000044400 ) ) ;
#2485 = DIRECTION ( 'NONE',  ( 1.000000000000000000, 1.047444401652940000E-014, 0.0000000000000000000 ) ) ;
#2487 = AXIS2_PLACEMENT_3D ( 'NONE', #3669, #1552, #3247 ) ;
#2488 = CARTESIAN_POINT ( 'NONE',  ( 2.828427124746189800, -2.828427124746190700, -11.31250000000002500 ) ) ;
#2489 = CARTESIAN_POINT ( 'NONE',  ( 2.254327966281371800, -2.254327966281386400, -0.8437500000000492900 ) ) ;
#2490 = ORIENTED_EDGE ( 'NONE', *, *, #2503, .T. ) ;
#2491 = CARTESIAN_POINT ( 'NONE',  ( 1.320554748610674100, -3.188101183952084700, -20.76562500000000400 ) ) ;
#2492 = ORIENTED_EDGE ( 'NONE', *, *, #1983, .T. ) ;
#2493 = ORIENTED_EDGE ( 'NONE', *, *, #3436, .T. ) ;
#2494 = CARTESIAN_POINT ( 'NONE',  ( 1.115738621203886000, -1.845986693422012800, 1.177419698532014000 ) ) ;
#2495 = FACE_OUTER_BOUND ( 'NONE', #2243, .T. ) ;
#2496 = CARTESIAN_POINT ( 'NONE',  ( 3.999999999999995600, 1.656854249492383500, -16.07812500000001800 ) ) ;
#2497 = EDGE_CURVE ( 'NONE', #1061, #3601, #4116, .T. ) ;
#2498 = CARTESIAN_POINT ( 'NONE',  ( -4.000000000000000000, -3.034877717229796700E-015, -16.78125000000001400 ) ) ;
#2499 = CARTESIAN_POINT ( 'NONE',  ( 3.188101183952083400, 1.320554748610675500, -1.859375000000044900 ) ) ;
#2500 = B_SPLINE_CURVE_WITH_KNOTS ( 'NONE', 3,
 ( #812, #4639, #2444, #5542 ),
 .UNSPECIFIED., .F., .F.,
 ( 4, 4 ),
 ( 0.0000000000000000000, 0.002643265658142925300 ),
 .UNSPECIFIED. ) ;
#2501 = CARTESIAN_POINT ( 'NONE',  ( -3.252606517456513300E-016, -1.135641495829896900E-030, 4.000000000000000000 ) ) ;
#2502 = CARTESIAN_POINT ( 'NONE',  ( -0.3366475177004286700, -3.200199669802353600, -20.84919211763513000 ) ) ;
#2503 = EDGE_CURVE ( 'NONE', #3684, #2403, #51, .T. ) ;
#2505 = CARTESIAN_POINT ( 'NONE',  ( 1.320554748610648400, -3.188101183952093600, -4.671875000000040900 ) ) ;
#2504 = APPLICATION_CONTEXT ( 'configuration controlled 3d designs of mechanical parts and assemblies' ) ;
#2506 = CARTESIAN_POINT ( 'NONE',  ( -4.000000000000000000, -1.656854249492380400, -10.45312500000002800 ) ) ;
#2507 = CARTESIAN_POINT ( 'NONE',  ( -3.188101183952117200, -1.320554748610621700, -1.234375000000049500 ) ) ;
#2508 = VERTEX_POINT ( 'NONE', #4304 ) ;
#2509 = CARTESIAN_POINT ( 'NONE',  ( -3.188101183952083900, -1.320554748610674600, -18.57812500000000700 ) ) ;
#2510 = LINE ( 'NONE', #2619, #1992 ) ;
#2511 = CARTESIAN_POINT ( 'NONE',  ( 1.656854249492378100, 4.000000000000000900, -17.32812500000001100 ) ) ;
#2512 = ORIENTED_EDGE ( 'NONE', *, *, #3835, .F. ) ;
#2513 = DIRECTION ( 'NONE',  ( -0.9203638919632283200, 0.3812272063696438600, 0.08715574274765833200 ) ) ;
#2514 =( BOUNDED_CURVE ( )  B_SPLINE_CURVE ( 2, ( #2467, #5126, #5582, #5565, #742, #3786, #1199, #3355, #774 ),
 .UNSPECIFIED., .F., .T. ) 
 B_SPLINE_CURVE_WITH_KNOTS ( ( 3, 2, 2, 2, 3 ),
 ( 0.6309523809523809300, 0.6369047619047618600, 0.6428571428571429000, 0.6488095238095238400, 0.6547619047619047700 ),
 .UNSPECIFIED. ) 
 CURVE ( )  GEOMETRIC_REPRESENTATION_ITEM ( )  RATIONAL_B_SPLINE_CURVE ( ( 1.000000000000000000, 0.9238795325112867400, 1.000000000000000000, 0.9238795325112867400, 1.000000000000000000, 0.9238795325112867400, 1.000000000000000000, 0.9238795325112867400, 1.000000000000000000 ) ) 
 REPRESENTATION_ITEM ( '' )  );
#2515 = CARTESIAN_POINT ( 'NONE',  ( -1.656854249492381200, -4.000000000000000000, -6.546875000000036400 ) ) ;
#2516 = CARTESIAN_POINT ( 'NONE',  ( 3.101036343928770900, 1.296535936019227200, -20.70593765222309600 ) ) ;
#2517 = CARTESIAN_POINT ( 'NONE',  ( 1.320554748610674100, -3.188101183952084700, 4.234374999999940500 ) ) ;
#2518 = CARTESIAN_POINT ( 'NONE',  ( 1.871556275951000700, -2.580942902325641200, -20.87439881604791800 ) ) ;
#2519 = CARTESIAN_POINT ( 'NONE',  ( 3.188101183952083900, -8.684678252256720500E-015, -16.78125000000001100 ) ) ;
#2521 = CARTESIAN_POINT ( 'NONE',  ( 2.828427124746193400, 2.828427124746186700, -1.156250000000046200 ) ) ;
#2520 = DIRECTION ( 'NONE',  ( -0.0000000000000000000, -0.0000000000000000000, -1.000000000000000000 ) ) ;
#2522 = CARTESIAN_POINT ( 'NONE',  ( 4.000000000000000000, -8.280375562182076100E-016, -9.906250000000030200 ) ) ;
#2523 = CARTESIAN_POINT ( 'NONE',  ( -2.828427124746203200, -2.828427124746177000, -1.781250000000043300 ) ) ;
#2524 = ORIENTED_EDGE ( 'NONE', *, *, #1917, .T. ) ;
#2525 = CARTESIAN_POINT ( 'NONE',  ( -3.188101183952083900, 1.019654187844447800E-016, -18.65625000000000700 ) ) ;
#2526 = ORIENTED_EDGE ( 'NONE', *, *, #3811, .F. ) ;
#2527 = EDGE_CURVE ( 'NONE', #4971, #780, #1495, .T. ) ;
#2528 = CARTESIAN_POINT ( 'NONE',  ( 0.9455493712144342800, -2.341262897730118200, 1.546606194392729000 ) ) ;
#2529 = CARTESIAN_POINT ( 'NONE',  ( -4.000000000000000000, 3.126513634908150300E-014, -8.187500000000030200 ) ) ;
#2530 = CARTESIAN_POINT ( 'NONE',  ( 4.000000000000000000, -1.773063930699803500E-014, -8.656250000000032000 ) ) ;
#2531 = LINE ( 'NONE', #4101, #1417 ) ;
#2532 = CARTESIAN_POINT ( 'NONE',  ( 1.656854249492383200, 3.999999999999999100, -4.671875000000040900 ) ) ;
#2533 = EDGE_CURVE ( 'NONE', #3425, #393, #635, .T. ) ;
#2534 = DIRECTION ( 'NONE',  ( -0.0000000000000000000, -0.0000000000000000000, -1.000000000000000000 ) ) ;
#2535 = CARTESIAN_POINT ( 'NONE',  ( -2.254327966281379300, 2.254327966281379300, -20.21875000000000400 ) ) ;
#2536 = LINE ( 'NONE', #5233, #2821 ) ;
#2537 = CARTESIAN_POINT ( 'NONE',  ( 3.188101183952083000, -1.320554748610676600, 3.140624999999941800 ) ) ;
#2538 = CARTESIAN_POINT ( 'NONE',  ( 9.797174393178826100E-015, 4.000000000000000000, -8.500000000000028400 ) ) ;
#2539 = CARTESIAN_POINT ( 'NONE',  ( -2.743704014599341900E-014, -4.000000000000000000, -5.218750000000039100 ) ) ;
#2540 = CARTESIAN_POINT ( 'NONE',  ( -1.847080742981477500, 1.115357438333771900, 1.178179883750176200 ) ) ;
#2541 = ORIENTED_EDGE ( 'NONE', *, *, #2101, .T. ) ;
#2542 = FACE_OUTER_BOUND ( 'NONE', #4583, .T. ) ;
#2543 = CARTESIAN_POINT ( 'NONE',  ( 3.999999999999999100, 1.656854249492381200, -12.32812500000002500 ) ) ;
#2544 = CARTESIAN_POINT ( 'NONE',  ( -1.656854249492404300, -3.999999999999989800, -1.703125000000044900 ) ) ;
#2545 = CARTESIAN_POINT ( 'NONE',  ( -1.320554748610674800, 3.188101183952083900, -13.89062500000001800 ) ) ;
#2546 = AXIS2_PLACEMENT_3D ( 'NONE', #230, #2857, #267 ) ;
#2547 =( BOUNDED_CURVE ( )  B_SPLINE_CURVE ( 2, ( #4223, #746, #4666, #4680, #5092, #5110, #5533, #301, #1151 ),
 .UNSPECIFIED., .F., .F. ) 
 B_SPLINE_CURVE_WITH_KNOTS ( ( 3, 2, 2, 2, 3 ),
 ( 0.05952380952380957600, 0.06547619047619052100, 0.07142857142857145200, 0.07738095238095239700, 0.08333333333333332900 ),
 .UNSPECIFIED. ) 
 CURVE ( )  GEOMETRIC_REPRESENTATION_ITEM ( )  RATIONAL_B_SPLINE_CURVE ( ( 0.9999999999999993300, 0.9238795325112874000, 1.000000000000000000, 0.9238795325112867400, 1.000000000000000000, 0.9238795325112867400, 1.000000000000000000, 0.9238795325112867400, 1.000000000000000000 ) ) 
 REPRESENTATION_ITEM ( '' )  );
#2548 = CARTESIAN_POINT ( 'NONE',  ( 4.735680169380810200, 0.9666666666666664500, 4.000000000000000000 ) ) ;
#2549 = ORIENTED_EDGE ( 'NONE', *, *, #4796, .T. ) ;
#2550 = VERTEX_POINT ( 'NONE', #1687 ) ;
#2551 = VECTOR ( 'NONE', #4792, 1000.000000000000000 ) ;
#2552 = CARTESIAN_POINT ( 'NONE',  ( 2.254327966281378000, -2.254327966281380200, -14.43750000000001600 ) ) ;
#2553 = DIRECTION ( 'NONE',  ( -0.0000000000000000000, -0.0000000000000000000, 1.000000000000000000 ) ) ;
#2554 = ORIENTED_EDGE ( 'NONE', *, *, #669, .F. ) ;
#2555 = CARTESIAN_POINT ( 'NONE',  ( -4.000000000000000000, 1.516798830996750800E-016, -4.281250000000041700 ) ) ;
#2556 = ADVANCED_FACE ( 'NONE', ( #3648 ), #3237, .T. ) ;
#2557 = CARTESIAN_POINT ( 'NONE',  ( -4.000000000000000000, 8.839920400417336200E-016, -10.68750000000002500 ) ) ;
#2558 = CARTESIAN_POINT ( 'NONE',  ( -1.115738621203873100, 1.845986693422020600, 1.177419698532013300 ) ) ;
#2559 = CARTESIAN_POINT ( 'NONE',  ( 3.188101183952083000, -1.320554748610676600, -20.76562500000000400 ) ) ;
#2560 = CARTESIAN_POINT ( 'NONE',  ( -1.320554748610675200, -3.188101183952083900, -1.078125000000048000 ) ) ;
#2561 = VERTEX_POINT ( 'NONE', #3883 ) ;
#2562 = CARTESIAN_POINT ( 'NONE',  ( -1.656854249492363000, 4.000000000000007100, -5.921875000000034600 ) ) ;
#2563 = ORIENTED_EDGE ( 'NONE', *, *, #3847, .T. ) ;
#2564 = CARTESIAN_POINT ( 'NONE',  ( -3.904297910284806600E-016, -3.188101183952083900, 2.906249999999943600 ) ) ;
#2565 = CARTESIAN_POINT ( 'NONE',  ( 2.828427124746192100, 2.828427124746188500, -4.750000000000042600 ) ) ;
#2566 = LINE ( 'NONE', #338, #5175 ) ;
#2567 = EDGE_CURVE ( 'NONE', #5331, #4547, #190, .T. ) ;
#2569 = CARTESIAN_POINT ( 'NONE',  ( -1.656854249492359000, 4.000000000000008900, -0.9218750000000475200 ) ) ;
#2568 = CARTESIAN_POINT ( 'NONE',  ( 4.000000000000000000, -1.577120442836226900E-014, -10.06250000000002700 ) ) ;
#2570 = CARTESIAN_POINT ( 'NONE',  ( -4.000000000000000000, 1.516798830996750800E-016, -10.53125000000002800 ) ) ;
#2571 = VECTOR ( 'NONE', #1106, 1000.000000000000000 ) ;
#2572 = CARTESIAN_POINT ( 'NONE',  ( -1.320554748610675200, -3.188101183952083900, -14.67187500000002000 ) ) ;
#2573 = DIRECTION ( 'NONE',  ( -1.000000000000000000, 0.0000000000000000000, 0.0000000000000000000 ) ) ;
#2574 = CARTESIAN_POINT ( 'NONE',  ( 0.0000000000000000000, -9.324947672979560100E-017, -21.00000000000000000 ) ) ;
#2575 = EDGE_CURVE ( 'NONE', #2758, #1121, #5571, .T. ) ;
#2576 = CARTESIAN_POINT ( 'NONE',  ( -2.186801504339561700E-014, -3.188101183952083900, -4.593750000000039100 ) ) ;
#2577 = CARTESIAN_POINT ( 'NONE',  ( 1.656854249492379700, -4.000000000000000900, -6.390625000000040000 ) ) ;
#2578 = CARTESIAN_POINT ( 'NONE',  ( 3.188101183952083900, -6.788941632725165100E-016, -16.93750000000001100 ) ) ;
#2579 = CARTESIAN_POINT ( 'NONE',  ( 1.320554748610676800, 3.188101183952083000, 2.046874999999944900 ) ) ;
#2580 = LINE ( 'NONE', #4469, #3616 ) ;
#2581 = CARTESIAN_POINT ( 'NONE',  ( -4.000000000000000000, 3.322457122771727800E-014, -5.687500000000036400 ) ) ;
#2582 = CARTESIAN_POINT ( 'NONE',  ( 2.293149202809204200, -2.769942625755396700, -20.47426661028350000 ) ) ;
#2583 = CARTESIAN_POINT ( 'NONE',  ( -3.999999999999989800, 1.656854249492406600, -8.265625000000030200 ) ) ;
#2584 = VERTEX_POINT ( 'NONE', #3030 ) ;
#2585 = VERTEX_POINT ( 'NONE', #1255 ) ;
#2586 = CYLINDRICAL_SURFACE ( 'NONE', #3625, 3.188101183952083900 ) ;
#2587 = EDGE_CURVE ( 'NONE', #3386, #2462, #2070, .T. ) ;
#2588 = CARTESIAN_POINT ( 'NONE',  ( 4.000000000000000000, 7.751917805452324500E-015, -4.906250000000039100 ) ) ;
#2589 = CARTESIAN_POINT ( 'NONE',  ( 3.188101183952083900, -9.465537834313682300E-015, -15.53125000000001400 ) ) ;
#2590 = ADVANCED_FACE ( 'NONE', ( #5096, #3504 ), #2990, .T. ) ;
#2591 = ADVANCED_FACE ( 'NONE', ( #247 ), #4654, .F. ) ;
#2592 = CARTESIAN_POINT ( 'NONE',  ( 4.000000000000000000, -8.280375562182076100E-016, -17.40625000000001100 ) ) ;
#2593 = CARTESIAN_POINT ( 'NONE',  ( 2.828427124746161900, -2.828427124746218700, -1.468750000000046400 ) ) ;
#2594 = CARTESIAN_POINT ( 'NONE',  ( -1.320554748610674800, 3.188101183952083900, -17.64062500000001100 ) ) ;
#2595 = CARTESIAN_POINT ( 'NONE',  ( 2.828427124746212900, 2.828427124746167200, -3.500000000000044900 ) ) ;
#2596 = CARTESIAN_POINT ( 'NONE',  ( 5.998263823987151000E-032, 4.000000000000000000, -19.75000000000000400 ) ) ;
#2597 = DIRECTION ( 'NONE',  ( 0.3826834323650800700, 0.9238795325112907400, 0.0000000000000000000 ) ) ;
#2598 = CARTESIAN_POINT ( 'NONE',  ( -1.656854249492380800, 4.000000000000000000, -5.765625000000039100 ) ) ;
#2599 = ORIENTED_EDGE ( 'NONE', *, *, #4861, .T. ) ;
#2600 = DIRECTION ( 'NONE',  ( -0.0000000000000000000, -0.0000000000000000000, 1.000000000000000000 ) ) ;
#2601 = CARTESIAN_POINT ( 'NONE',  ( -3.188101183952083900, -1.320554748610674600, -18.73437500000001100 ) ) ;
#2602 = CARTESIAN_POINT ( 'NONE',  ( -3.188101183952083900, -1.320554748610674600, 2.515624999999945400 ) ) ;
#2603 = VERTEX_POINT ( 'NONE', #413 ) ;
#2604 = DIRECTION ( 'NONE',  ( 0.7071067811865489100, 0.0000000000000000000, 0.7071067811865462400 ) ) ;
#2605 = CARTESIAN_POINT ( 'NONE',  ( -4.000000000000000000, -2.055160277911914400E-015, -15.53125000000001800 ) ) ;
#2606 = CARTESIAN_POINT ( 'NONE',  ( 3.123438328227845300E-015, 3.188101183952083900, -16.46875000000001100 ) ) ;
#2607 = CARTESIAN_POINT ( 'NONE',  ( -2.254327966281379300, -2.254327966281379300, -9.906250000000028400 ) ) ;
#2608 = ORIENTED_EDGE ( 'NONE', *, *, #3298, .T. ) ;
#2609 = VERTEX_POINT ( 'NONE', #866 ) ;
#2610 = DIRECTION ( 'NONE',  ( 1.000000000000000000, 0.0000000000000000000, 0.0000000000000000000 ) ) ;
#2611 = CARTESIAN_POINT ( 'NONE',  ( 3.188101183952083900, -9.324947672979560100E-017, -21.00000000000000000 ) ) ;
#2612 = CARTESIAN_POINT ( 'NONE',  ( 3.999999999999999100, 1.656854249492381200, -18.57812500000001400 ) ) ;
#2613 = CARTESIAN_POINT ( 'NONE',  ( 3.188101183952083900, -1.180811658048456500E-014, -11.78125000000002300 ) ) ;
#2614 = CARTESIAN_POINT ( 'NONE',  ( -2.254327966281379300, -2.254327966281379300, -14.75000000000001600 ) ) ;
#2615 = EDGE_CURVE ( 'NONE', #1846, #4252, #3050, .T. ) ;
#2616 = CARTESIAN_POINT ( 'NONE',  ( -1.656854249492404300, -3.999999999999989800, -2.796875000000045700 ) ) ;
#2617 = PRODUCT_RELATED_PRODUCT_CATEGORY ( 'detail', '', ( #4817 ) ) ;
#2618 = CARTESIAN_POINT ( 'NONE',  ( 2.828427124746189800, -2.828427124746190700, -20.21875000000000400 ) ) ;
#2619 = CARTESIAN_POINT ( 'NONE',  ( -3.188101183952083900, 2.971803142986850300E-016, -21.00000000000000000 ) ) ;
#2620 = CARTESIAN_POINT ( 'NONE',  ( -4.000000000000000000, -1.656854249492380400, -0.4531250000000507900 ) ) ;
#2621 = ADVANCED_FACE ( 'NONE', ( #1424 ), #723, .T. ) ;
#2622 = ADVANCED_FACE ( 'NONE', ( #869 ), #4535, .T. ) ;
#2623 = CARTESIAN_POINT ( 'NONE',  ( 2.458832406077398500, -3.094230189609393100, -0.05347465201158892200 ) ) ;
#2624 = CARTESIAN_POINT ( 'NONE',  ( 5.998263823987151000E-032, 3.188101183952083900, -19.12500000000000700 ) ) ;
#2625 = CARTESIAN_POINT ( 'NONE',  ( 3.188101183952083900, -6.788941632725165100E-016, 0.5624999999999484900 ) ) ;
#2626 = CARTESIAN_POINT ( 'NONE',  ( 2.961752064231975900, -1.294921371152089100, -0.7850401114709130200 ) ) ;
#2627 = ORIENTED_EDGE ( 'NONE', *, *, #2193, .T. ) ;
#2628 = CARTESIAN_POINT ( 'NONE',  ( 0.9666666666666665600, 2.851173418023738500, 4.000000000000000000 ) ) ;
#2629 = CARTESIAN_POINT ( 'NONE',  ( 4.000000000000000000, -9.892899792454974100E-015, -17.56250000000000700 ) ) ;
#2630 = ORIENTED_EDGE ( 'NONE', *, *, #2791, .T. ) ;
#2631 = CARTESIAN_POINT ( 'NONE',  ( -3.904297910284806600E-016, -3.188101183952083900, -9.750000000000028400 ) ) ;
#2632 =( BOUNDED_CURVE ( )  B_SPLINE_CURVE ( 2, ( #1511, #5046, #1960, #1157, #3270, #654, #1111, #1544, #5485 ),
 .UNSPECIFIED., .F., .F. ) 
 B_SPLINE_CURVE_WITH_KNOTS ( ( 3, 2, 2, 2, 3 ),
 ( 0.2023809523809523300, 0.2083333333333333100, 0.2142857142857142500, 0.2202380952380952300, 0.2261904761904762200 ),
 .UNSPECIFIED. ) 
 CURVE ( )  GEOMETRIC_REPRESENTATION_ITEM ( )  RATIONAL_B_SPLINE_CURVE ( ( 1.000000000000000700, 0.9238795325112860700, 1.000000000000000000, 0.9238795325112867400, 1.000000000000000000, 0.9238795325112867400, 1.000000000000000000, 0.9238795325112864100, 1.000000000000000400 ) ) 
 REPRESENTATION_ITEM ( '' )  );
#2634 = CARTESIAN_POINT ( 'NONE',  ( -2.449293598294706500E-015, -4.000000000000000000, -18.96875000000001100 ) ) ;
#2633 = SECURITY_CLASSIFICATION_LEVEL ( 'unclassified' ) ;
#2635 = CARTESIAN_POINT ( 'NONE',  ( -1.055334265154338300, 3.348243307857745600, -0.4966836959093859400 ) ) ;
#2636 = CARTESIAN_POINT ( 'NONE',  ( -2.828427124746189800, 2.828427124746190300, -20.68750000000000400 ) ) ;
#2637 = CARTESIAN_POINT ( 'NONE',  ( 2.108828308285973100, -2.708371532593199000, -0.5736488060974208600 ) ) ;
#2638 =( BOUNDED_CURVE ( )  B_SPLINE_CURVE ( 2, ( #3523, #33, #1350, #5237, #2606, #3070, #944, #3501, #922 ),
 .UNSPECIFIED., .F., .T. ) 
 B_SPLINE_CURVE_WITH_KNOTS ( ( 3, 2, 2, 2, 3 ),
 ( 0.1785714285714285800, 0.1845238095238095300, 0.1904761904761904400, 0.1964285714285714000, 0.2023809523809523300 ),
 .UNSPECIFIED. ) 
 CURVE ( )  GEOMETRIC_REPRESENTATION_ITEM ( )  RATIONAL_B_SPLINE_CURVE ( ( 1.000000000000000000, 0.9238795325112867400, 1.000000000000000000, 0.9238795325112867400, 1.000000000000000000, 0.9238795325112867400, 1.000000000000000000, 0.9238795325112874000, 0.9999999999999993300 ) ) 
 REPRESENTATION_ITEM ( '' )  );
#2639 = CARTESIAN_POINT ( 'NONE',  ( -3.188101183952083900, -1.320554748610674600, -16.07812500000001100 ) ) ;
#2640 = EDGE_LOOP ( 'NONE', ( #838, #1411, #257, #1325, #1505, #2443, #5350, #4600, #2705, #1305, #5447, #1439, #3342 ) ) ;
#2641 = CARTESIAN_POINT ( 'NONE',  ( 3.188101183952083900, -9.465537834313682300E-015, -15.68750000000001400 ) ) ;
#2642 = LINE ( 'NONE', #2823, #4742 ) ;
#2643 = CARTESIAN_POINT ( 'NONE',  ( 4.000000000000019500, 1.656854249492346800, -11.07812500000002700 ) ) ;
#2644 = ORIENTED_EDGE ( 'NONE', *, *, #5226, .F. ) ;
#2645 = ORIENTED_EDGE ( 'NONE', *, *, #174, .T. ) ;
#2646 = CARTESIAN_POINT ( 'NONE',  ( -2.828427124746193400, 2.828427124746186700, -5.687500000000040000 ) ) ;
#2647 = CARTESIAN_POINT ( 'NONE',  ( -2.828427124746190300, -2.828427124746189800, 0.8749999999999452700 ) ) ;
#2648 = ORIENTED_EDGE ( 'NONE', *, *, #1112, .F. ) ;
#2649 = LINE ( 'NONE', #2371, #3605 ) ;
#2650 = CARTESIAN_POINT ( 'NONE',  ( 0.0000000000000000000, 5.655958496054998300E-018, 15.31370849898476100 ) ) ;
#2651 = CARTESIAN_POINT ( 'NONE',  ( 3.188101183952083400, 1.320554748610675500, -15.60937500000001600 ) ) ;
#2652 = CARTESIAN_POINT ( 'NONE',  ( 5.998263823987151000E-032, 3.188101183952083900, 2.124999999999946300 ) ) ;
#2653 = CARTESIAN_POINT ( 'NONE',  ( -3.663200995759759300, 2.117910614773364900E-011, -0.3367990042402397300 ) ) ;
#2654 = CARTESIAN_POINT ( 'NONE',  ( 2.492264574049992500, -2.633418203263174100, -20.44459163872368300 ) ) ;
#2655 = DIRECTION ( 'NONE',  ( 0.0000000000000000000, 0.0000000000000000000, 1.000000000000000000 ) ) ;
#2656 = CARTESIAN_POINT ( 'NONE',  ( -3.188101183952083900, 1.019654187844447800E-016, -12.56250000000002100 ) ) ;
#2657 = EDGE_CURVE ( 'NONE', #5312, #1031, #2138, .T. ) ;
#2659 = CARTESIAN_POINT ( 'NONE',  ( 4.735680169380810200, 0.9666666666666664500, 4.000000000000000000 ) ) ;
#2658 = APPROVAL_ROLE ( '' ) ;
#2660 = ADVANCED_FACE ( 'NONE', ( #3421 ), #5383, .F. ) ;
#2661 = AXIS2_PLACEMENT_3D ( 'NONE', #4340, #3964, #1401 ) ;
#2662 = CARTESIAN_POINT ( 'NONE',  ( -3.184903293287804100, 1.738658260991158100, -0.4001863717682551700 ) ) ;
#2663 = CARTESIAN_POINT ( 'NONE',  ( 1.656854249492379700, -4.000000000000000900, -20.14062500000001400 ) ) ;
#2664 = DIRECTION ( 'NONE',  ( 1.000000000000000000, 0.0000000000000000000, 0.0000000000000000000 ) ) ;
#2665 = CARTESIAN_POINT ( 'NONE',  ( 1.320554748610676800, 3.188101183952083000, -10.29687500000002700 ) ) ;
#2666 = CARTESIAN_POINT ( 'NONE',  ( -1.656854249492381200, -4.000000000000000000, -19.20312500000000700 ) ) ;
#2667 = ORIENTED_EDGE ( 'NONE', *, *, #3108, .F. ) ;
#2668 = EDGE_CURVE ( 'NONE', #2609, #4252, #4880, .T. ) ;
#2669 = VECTOR ( 'NONE', #4115, 1000.000000000000000 ) ;
#2670 = CARTESIAN_POINT ( 'NONE',  ( -3.188101183952084700, 1.320554748610672100, -9.984375000000028400 ) ) ;
#2671 = CARTESIAN_POINT ( 'NONE',  ( -2.828427124746189800, 2.828427124746190300, -1.937500000000046900 ) ) ;
#2672 = CARTESIAN_POINT ( 'NONE',  ( -2.828427124746189800, 2.828427124746190300, -10.84375000000002300 ) ) ;
#2673 = CARTESIAN_POINT ( 'NONE',  ( -3.188101183952072300, 1.320554748610687900, -17.64062500000001100 ) ) ;
#2674 = CARTESIAN_POINT ( 'NONE',  ( -2.828427124746190300, -2.828427124746189800, -21.62500000000000400 ) ) ;
#2675 = CARTESIAN_POINT ( 'NONE',  ( -2.351817038872189100E-014, -4.000000000000000000, -9.125000000000026600 ) ) ;
#2676 = CARTESIAN_POINT ( 'NONE',  ( -3.188101183952083900, -3.218661177857991300E-015, -17.56250000000001100 ) ) ;
#2677 = CARTESIAN_POINT ( 'NONE',  ( 3.188101183952083000, -1.320554748610676600, -12.01562500000002300 ) ) ;
#2678 = AXIS2_PLACEMENT_3D ( 'NONE', #2310, #2269, #5336 ) ;
#2679 =( BOUNDED_CURVE ( )  B_SPLINE_CURVE ( 2, ( #2783, #4966, #4441, #1004, #3615, #2288, #2733, #614, #185 ),
 .UNSPECIFIED., .F., .T. ) 
 B_SPLINE_CURVE_WITH_KNOTS ( ( 3, 2, 2, 2, 3 ),
 ( 0.2976190476190476200, 0.3035714285714285500, 0.3095238095238095300, 0.3154761904761904100, 0.3214285714285714000 ),
 .UNSPECIFIED. ) 
 CURVE ( )  GEOMETRIC_REPRESENTATION_ITEM ( )  RATIONAL_B_SPLINE_CURVE ( ( 1.000000000000000000, 0.9238795325112867400, 1.000000000000000000, 0.9238795325112867400, 1.000000000000000000, 0.9238795325112867400, 1.000000000000000000, 0.9238795325112874000, 0.9999999999999993300 ) ) 
 REPRESENTATION_ITEM ( '' )  );
#2680 = CARTESIAN_POINT ( 'NONE',  ( -3.626495665434113400, 0.4553781052662629300, -0.3520004461561860900 ) ) ;
#2681 = CARTESIAN_POINT ( 'NONE',  ( -1.656854249492380800, 4.000000000000000000, -20.76562500000000700 ) ) ;
#2682 = CARTESIAN_POINT ( 'NONE',  ( 3.852123412265143500, 1.539659910184212900E-011, -0.1478765877348578200 ) ) ;
#2683 = CARTESIAN_POINT ( 'NONE',  ( 3.188101183952083000, -1.320554748610676600, -13.10937500000002100 ) ) ;
#2684 = CARTESIAN_POINT ( 'NONE',  ( -4.000000000000000000, 3.322457122771727800E-014, -5.687500000000036400 ) ) ;
#2685 = CARTESIAN_POINT ( 'NONE',  ( 1.656854249492383200, 3.999999999999999100, -17.32812500000001100 ) ) ;
#2686 = CARTESIAN_POINT ( 'NONE',  ( 2.828427124746188500, 2.828427124746192500, -11.15625000000002300 ) ) ;
#2687 = ORIENTED_EDGE ( 'NONE', *, *, #1444, .F. ) ;
#2688 = ORIENTED_EDGE ( 'NONE', *, *, #4890, .F. ) ;
#2689 = DIRECTION ( 'NONE',  ( -0.7071067811865489100, 8.659560562354950100E-017, 0.7071067811865462400 ) ) ;
#2690 = CARTESIAN_POINT ( 'NONE',  ( -4.000000000000000000, -1.656854249492380400, -2.953125000000045700 ) ) ;
#2691 = ADVANCED_FACE ( 'NONE', ( #4718 ), #4801, .T. ) ;
#2692 = CARTESIAN_POINT ( 'NONE',  ( -4.898587196589413800E-016, -4.000000000000000000, -11.62500000000002300 ) ) ;
#2693 = ADVANCED_FACE ( 'NONE', ( #4594 ), #2411, .T. ) ;
#2694 = CARTESIAN_POINT ( 'NONE',  ( -4.000000000000000000, -4.014595156547679100E-015, -18.03125000000001400 ) ) ;
#2695 = VECTOR ( 'NONE', #2210, 1000.000000000000200 ) ;
#2696 = CARTESIAN_POINT ( 'NONE',  ( 4.000000000000008000, 1.656854249492360400, -12.32812500000002500 ) ) ;
#2697 = CARTESIAN_POINT ( 'NONE',  ( 2.828427124746190700, -2.828427124746189400, -17.71875000000000700 ) ) ;
#2698 = AXIS2_PLACEMENT_3D ( 'NONE', #790, #2924, #3895 ) ;
#2699 = CARTESIAN_POINT ( 'NONE',  ( -3.904297910284806600E-016, -3.188101183952083900, -13.50000000000002100 ) ) ;
#2700 = CARTESIAN_POINT ( 'NONE',  ( 3.999999999999999100, 1.656854249492381200, -16.07812500000001800 ) ) ;
#2701 = CARTESIAN_POINT ( 'NONE',  ( 3.300355746402079000, -1.558697061842645900, -0.3559834232595281400 ) ) ;
#2702 = CARTESIAN_POINT ( 'NONE',  ( 3.188101183952083000, -1.320554748610676600, -9.359375000000030200 ) ) ;
#2703 = EDGE_CURVE ( 'NONE', #5509, #629, #2336, .T. ) ;
#2704 = CARTESIAN_POINT ( 'NONE',  ( -1.656854249492387000, 3.999999999999997300, -0.7656250000000509600 ) ) ;
#2705 = ORIENTED_EDGE ( 'NONE', *, *, #4936, .F. ) ;
#2706 = CARTESIAN_POINT ( 'NONE',  ( -1.656854249492381200, -4.000000000000000000, -15.45312500000001400 ) ) ;
#2707 = CARTESIAN_POINT ( 'NONE',  ( 3.188101183952087900, -1.320554748610665700, -2.015625000000045300 ) ) ;
#2708 = CARTESIAN_POINT ( 'NONE',  ( -1.320554748610661200, 3.188101183952089200, -6.390625000000035500 ) ) ;
#2709 = CARTESIAN_POINT ( 'NONE',  ( 4.000000000000000000, 1.656854249492380600, -19.82812500000001100 ) ) ;
#2710 = CARTESIAN_POINT ( 'NONE',  ( 5.998263823987151000E-032, 4.000000000000000000, 1.656249999999946000 ) ) ;
#2711 = ORIENTED_EDGE ( 'NONE', *, *, #260, .T. ) ;
#2712 = CARTESIAN_POINT ( 'NONE',  ( -4.000000000000000000, 1.516798830996750800E-016, -10.68750000000002500 ) ) ;
#2713 = ORIENTED_EDGE ( 'NONE', *, *, #1927, .T. ) ;
#2714 = DIRECTION ( 'NONE',  ( 0.0000000000000000000, -1.000000000000000000, 0.0000000000000000000 ) ) ;
#2715 = ORIENTED_EDGE ( 'NONE', *, *, #1726, .F. ) ;
#2716 =( BOUNDED_CURVE ( )  B_SPLINE_CURVE ( 2, ( #2307, #3610, #3593, #3182, #4052, #4877, #4500, #1412, #1044 ),
 .UNSPECIFIED., .F., .T. ) 
 B_SPLINE_CURVE_WITH_KNOTS ( ( 3, 2, 2, 2, 3 ),
 ( 0.1547619047619047100, 0.1607142857142857000, 0.1666666666666666300, 0.1726190476190476200, 0.1785714285714285800 ),
 .UNSPECIFIED. ) 
 CURVE ( )  GEOMETRIC_REPRESENTATION_ITEM ( )  RATIONAL_B_SPLINE_CURVE ( ( 1.000000000000000700, 0.9238795325112860700, 1.000000000000000000, 0.9238795325112867400, 1.000000000000000000, 0.9238795325112867400, 1.000000000000000000, 0.9238795325112867400, 1.000000000000000000 ) ) 
 REPRESENTATION_ITEM ( '' )  );
#2717 = CARTESIAN_POINT ( 'NONE',  ( -4.000000000000015100, -1.656854249492343700, -9.203125000000030200 ) ) ;
#2718 = APPROVAL_PERSON_ORGANIZATION ( #1099, #4493, #4382 ) ;
#2719 = CARTESIAN_POINT ( 'NONE',  ( 2.254327966281379300, 2.254327966281378900, -8.031250000000032000 ) ) ;
#2720 = EDGE_LOOP ( 'NONE', ( #284, #5238, #4355, #480 ) ) ;
#2721 = CARTESIAN_POINT ( 'NONE',  ( -4.000000000000000000, 3.714344098498879600E-014, -0.6875000000000457400 ) ) ;
#2722 = CARTESIAN_POINT ( 'NONE',  ( 3.188101183952083900, -1.102725699842760400E-014, -13.03125000000002000 ) ) ;
#2723 = ORIENTED_EDGE ( 'NONE', *, *, #3932, .T. ) ;
#2724 = ADVANCED_FACE ( 'NONE', ( #3347 ), #447, .T. ) ;
#2725 = PLANE ( 'NONE',  #3517 ) ;
#2726 = CARTESIAN_POINT ( 'NONE',  ( -1.656854249492380800, 4.000000000000000000, -15.76562500000001400 ) ) ;
#2727 = DIRECTION ( 'NONE',  ( -0.0000000000000000000, -0.0000000000000000000, 1.000000000000000000 ) ) ;
#2728 = FACE_OUTER_BOUND ( 'NONE', #1977, .T. ) ;
#2729 = CARTESIAN_POINT ( 'NONE',  ( 1.320554748610676800, 3.188101183952083000, -9.046875000000032000 ) ) ;
#2730 = AXIS2_PLACEMENT_3D ( 'NONE', #3514, #958, #4390 ) ;
#2731 = CARTESIAN_POINT ( 'NONE',  ( 4.000000000000000000, -2.360894394290533100E-014, -1.156250000000049500 ) ) ;
#2732 = CARTESIAN_POINT ( 'NONE',  ( 2.828427124746190700, 2.828427124746189400, -13.65625000000001800 ) ) ;
#2733 = CARTESIAN_POINT ( 'NONE',  ( 2.828427124746188500, -2.828427124746192100, -12.71875000000002000 ) ) ;
#2734 = CARTESIAN_POINT ( 'NONE',  ( 3.188101183952083900, -9.324947672979560100E-017, -21.00000000000000000 ) ) ;
#2735 = CARTESIAN_POINT ( 'NONE',  ( -4.000000000000000000, 1.656854249492381000, -5.765625000000034600 ) ) ;
#2736 = CARTESIAN_POINT ( 'NONE',  ( 1.656854249492383200, 3.999999999999999100, 4.078124999999939600 ) ) ;
#2737 = CARTESIAN_POINT ( 'NONE',  ( 3.999999999999999100, 1.656854249492381200, -7.484375000000031100 ) ) ;
#2738 = CARTESIAN_POINT ( 'NONE',  ( -1.656854249492366400, 4.000000000000005300, -9.671875000000026600 ) ) ;
#2739 = CARTESIAN_POINT ( 'NONE',  ( -2.828427124746195200, 2.828427124746185400, -8.187500000000033800 ) ) ;
#2740 = VERTEX_POINT ( 'NONE', #3968 ) ;
#2741 = CARTESIAN_POINT ( 'NONE',  ( -3.188101183952083900, -1.320554748610674600, -21.23437500000000400 ) ) ;
#2742 = CARTESIAN_POINT ( 'NONE',  ( 3.188101183952083900, -6.788941632725165100E-016, -8.187500000000032000 ) ) ;
#2743 = VECTOR ( 'NONE', #1170, 1000.000000000000000 ) ;
#2744 = EDGE_CURVE ( 'NONE', #4295, #1465, #2211, .T. ) ;
#2745 = CC_DESIGN_PERSON_AND_ORGANIZATION_ASSIGNMENT ( #2086, #5263, ( #1978 ) ) ;
#2746 = ORIENTED_EDGE ( 'NONE', *, *, #328, .T. ) ;
#2747 = DIRECTION ( 'NONE',  ( -0.0000000000000000000, -0.0000000000000000000, -1.000000000000000000 ) ) ;
#2748 = CARTESIAN_POINT ( 'NONE',  ( -1.656854249492381200, -4.000000000000000000, -15.29687500000002000 ) ) ;
#2749 = CARTESIAN_POINT ( 'NONE',  ( 5.998263823987151000E-032, 3.188101183952083900, -10.21875000000002700 ) ) ;
#2750 = EDGE_LOOP ( 'NONE', ( #2630, #3681, #1840, #550 ) ) ;
#2751 = CARTESIAN_POINT ( 'NONE',  ( -0.9611606702529790200, -4.719593279364897100, 3.937066173013112900 ) ) ;
#2752 = CYLINDRICAL_SURFACE ( 'NONE', #4914, 3.188101183952083900 ) ;
#2753 = CARTESIAN_POINT ( 'NONE',  ( 2.828427124746190700, 2.828427124746189400, -17.40625000000000700 ) ) ;
#2754 = CARTESIAN_POINT ( 'NONE',  ( 3.188101183952087900, -1.320554748610665700, -1.859375000000045100 ) ) ;
#2755 = CARTESIAN_POINT ( 'NONE',  ( -4.000000000000000000, 1.516798830996750800E-016, -4.437500000000039100 ) ) ;
#2756 = DIRECTION ( 'NONE',  ( -0.0000000000000000000, -0.0000000000000000000, -1.000000000000000000 ) ) ;
#2757 = CARTESIAN_POINT ( 'NONE',  ( -4.000000000000000000, 1.656854249492381000, -8.265625000000030200 ) ) ;
#2758 = VERTEX_POINT ( 'NONE', #3988 ) ;
#2759 = AXIS2_PLACEMENT_3D ( 'NONE', #343, #5628, #5570 ) ;
#2760 = ORIENTED_EDGE ( 'NONE', *, *, #3747, .T. ) ;
#2761 = CARTESIAN_POINT ( 'NONE',  ( -3.188101183952083900, -9.522284963014628900E-017, -12.40625000000002100 ) ) ;
#2762 = CARTESIAN_POINT ( 'NONE',  ( 4.000000000000000000, 9.711352684088090000E-015, -6.312500000000033800 ) ) ;
#2763 = CARTESIAN_POINT ( 'NONE',  ( -1.320554748610675200, -3.188101183952083900, -5.921875000000036400 ) ) ;
#2764 = EDGE_LOOP ( 'NONE', ( #4804, #5063, #4134, #1680 ) ) ;
#2765 = VERTEX_POINT ( 'NONE', #128 ) ;
#2766 = CARTESIAN_POINT ( 'NONE',  ( 1.656854249492383200, 3.999999999999999100, -14.82812500000001600 ) ) ;
#2767 = AXIS2_PLACEMENT_3D ( 'NONE', #4296, #3453, #5213 ) ;
#2768 = CARTESIAN_POINT ( 'NONE',  ( -3.188101183952083900, 2.802361559602185900E-014, -3.656250000000041300 ) ) ;
#2769 = CARTESIAN_POINT ( 'NONE',  ( -2.828427124746190300, -2.828427124746189800, -4.281250000000038200 ) ) ;
#2770 = CARTESIAN_POINT ( 'NONE',  ( -4.898587196589413800E-016, -4.000000000000000000, 2.281249999999943200 ) ) ;
#2771 = FACE_OUTER_BOUND ( 'NONE', #4324, .T. ) ;
#2772 = DIRECTION ( 'NONE',  ( 0.9203638919632216600, 0.3812272063696599500, 0.08715574274765834600 ) ) ;
#2773 = CARTESIAN_POINT ( 'NONE',  ( -2.828427124746194300, -2.828427124746185900, -19.12500000000001100 ) ) ;
#2774 = EDGE_CURVE ( 'NONE', #5462, #2080, #5502, .T. ) ;
#2775 = B_SPLINE_CURVE_WITH_KNOTS ( 'NONE', 3,
 ( #4942, #4480, #2098, #3377 ),
 .UNSPECIFIED., .F., .F.,
 ( 4, 4 ),
 ( 0.0000000000000000000, 0.002643265658142925300 ),
 .UNSPECIFIED. ) ;
#2776 = VERTEX_POINT ( 'NONE', #1337 ) ;
#2777 = DIRECTION ( 'NONE',  ( -0.9238795325112894000, 0.3826834323650832900, 0.0000000000000000000 ) ) ;
#2778 = EDGE_LOOP ( 'NONE', ( #1047, #1130, #3344, #1773 ) ) ;
#2779 = CARTESIAN_POINT ( 'NONE',  ( -2.254327966281379300, 2.254327966281379300, -3.812500000000041700 ) ) ;
#2780 = EDGE_CURVE ( 'NONE', #1990, #991, #1894, .T. ) ;
#2781 = CARTESIAN_POINT ( 'NONE',  ( 2.828427124746190700, 2.828427124746189400, -12.40625000000002000 ) ) ;
#2782 = CARTESIAN_POINT ( 'NONE',  ( 3.188101183952083900, -1.258897616254152600E-014, -10.68750000000002700 ) ) ;
#2783 = CARTESIAN_POINT ( 'NONE',  ( -4.000000000000000000, -1.075442838594031600E-015, -13.18750000000001800 ) ) ;
#2784 = CARTESIAN_POINT ( 'NONE',  ( -4.000000000000000000, 1.656854249492381000, -2.015625000000044900 ) ) ;
#2785 = ORIENTED_EDGE ( 'NONE', *, *, #1520, .T. ) ;
#2786 = CARTESIAN_POINT ( 'NONE',  ( -3.188101183952083900, 6.151653806825543000E-015, -2.562500000000044000 ) ) ;
#2787 =( BOUNDED_CURVE ( )  B_SPLINE_CURVE ( 2, ( #403, #1298, #4372, #4810, #3174, #2738, #3154, #4837, #1345 ),
 .UNSPECIFIED., .F., .T. ) 
 B_SPLINE_CURVE_WITH_KNOTS ( ( 3, 2, 2, 2, 3 ),
 ( 0.4166666666666666300, 0.4226190476190475600, 0.4285714285714284900, 0.4345238095238095300, 0.4404761904761904700 ),
 .UNSPECIFIED. ) 
 CURVE ( )  GEOMETRIC_REPRESENTATION_ITEM ( )  RATIONAL_B_SPLINE_CURVE ( ( 1.000000000000000700, 0.9238795325112860700, 1.000000000000000000, 0.9238795325112867400, 1.000000000000000000, 0.9238795325112867400, 1.000000000000000000, 0.9238795325112867400, 1.000000000000000000 ) ) 
 REPRESENTATION_ITEM ( '' )  );
#2788 = ORIENTED_EDGE ( 'NONE', *, *, #3075, .F. ) ;
#2789 = CARTESIAN_POINT ( 'NONE',  ( -3.188101183952083900, 2.971803142986850300E-016, -21.00000000000000000 ) ) ;
#2790 = ORIENTED_EDGE ( 'NONE', *, *, #2668, .F. ) ;
#2791 = EDGE_CURVE ( 'NONE', #1033, #2334, #1569, .T. ) ;
#2792 = CARTESIAN_POINT ( 'NONE',  ( -2.828427124746175600, 2.828427124746204500, -9.437500000000030200 ) ) ;
#2793 = ORIENTED_EDGE ( 'NONE', *, *, #3756, .T. ) ;
#2794 = CARTESIAN_POINT ( 'NONE',  ( 3.188101183952083400, 1.320554748610675500, -6.859375000000036400 ) ) ;
#2795 = FACE_OUTER_BOUND ( 'NONE', #4820, .T. ) ;
#2796 = CARTESIAN_POINT ( 'NONE',  ( 1.320554748610674100, -3.188101183952084700, -5.765625000000039100 ) ) ;
#2797 = AXIS2_PLACEMENT_3D ( 'NONE', #4261, #1289, #2285 ) ;
#2798 = CARTESIAN_POINT ( 'NONE',  ( 0.0000000000000000000, -9.324947672979560100E-017, -21.00000000000000000 ) ) ;
#2799 = CARTESIAN_POINT ( 'NONE',  ( -3.188101183952084300, 1.320554748610673500, -7.484375000000032900 ) ) ;
#2800 = CARTESIAN_POINT ( 'NONE',  ( 3.999999999999999100, -1.656854249492382600, -1.390625000000044600 ) ) ;
#2801 = CARTESIAN_POINT ( 'NONE',  ( 4.000000000000000000, -2.164950906426956300E-014, -2.562500000000044000 ) ) ;
#2802 = ORIENTED_EDGE ( 'NONE', *, *, #1545, .T. ) ;
#2803 = FACE_OUTER_BOUND ( 'NONE', #4338, .T. ) ;
#2804 = CARTESIAN_POINT ( 'NONE',  ( 3.188101183952083900, -6.788941632725165100E-016, -20.53125000000000400 ) ) ;
#2805 = CARTESIAN_POINT ( 'NONE',  ( 0.0000000000000000000, -9.324947672979560100E-017, -21.00000000000000000 ) ) ;
#2806 = B_SPLINE_CURVE_WITH_KNOTS ( 'NONE', 3,
 ( #5461, #5011, #3663, #4892 ),
 .UNSPECIFIED., .F., .F.,
 ( 4, 4 ),
 ( 0.0000000000000000000, 0.002643265658142925700 ),
 .UNSPECIFIED. ) ;
#2807 = EDGE_CURVE ( 'NONE', #864, #1952, #2716, .T. ) ;
#2808 = CARTESIAN_POINT ( 'NONE',  ( 3.188101183952083900, -1.727413365488329300E-014, -3.031250000000044400 ) ) ;
#2809 = CARTESIAN_POINT ( 'NONE',  ( 3.188101183952083000, -1.320554748610676600, -6.859375000000034600 ) ) ;
#2810 =( BOUNDED_CURVE ( )  B_SPLINE_CURVE ( 2, ( #2641, #1314, #1279, #3017, #4832, #5203, #47, #4345, #4389 ),
 .UNSPECIFIED., .F., .T. ) 
 B_SPLINE_CURVE_WITH_KNOTS ( ( 3, 2, 2, 2, 3 ),
 ( 0.2261904761904762200, 0.2321428571428571800, 0.2380952380952380800, 0.2440476190476190400, 0.2500000000000000000 ),
 .UNSPECIFIED. ) 
 CURVE ( )  GEOMETRIC_REPRESENTATION_ITEM ( )  RATIONAL_B_SPLINE_CURVE ( ( 0.9999999999999996700, 0.9238795325112870700, 1.000000000000000000, 0.9238795325112867400, 1.000000000000000000, 0.9238795325112867400, 1.000000000000000000, 0.9238795325112867400, 1.000000000000000000 ) ) 
 REPRESENTATION_ITEM ( '' )  );
#2811 = DIRECTION ( 'NONE',  ( -0.0000000000000000000, -0.0000000000000000000, -1.000000000000000000 ) ) ;
#2812 = ORIENTED_EDGE ( 'NONE', *, *, #2931, .T. ) ;
#2813 =( BOUNDED_CURVE ( )  B_SPLINE_CURVE ( 2, ( #2320, #5406, #2773, #4619, #2634, #124, #3243, #2942, #24 ),
 .UNSPECIFIED., .F., .T. ) 
 B_SPLINE_CURVE_WITH_KNOTS ( ( 3, 2, 2, 2, 3 ),
 ( 0.1071428571428572100, 0.1130952380952381500, 0.1190476190476190700, 0.1250000000000000300, 0.1309523809523809600 ),
 .UNSPECIFIED. ) 
 CURVE ( )  GEOMETRIC_REPRESENTATION_ITEM ( )  RATIONAL_B_SPLINE_CURVE ( ( 0.9999999999999991100, 0.9238795325112876300, 1.000000000000000000, 0.9238795325112867400, 1.000000000000000000, 0.9238795325112867400, 1.000000000000000000, 0.9238795325112867400, 1.000000000000000000 ) ) 
 REPRESENTATION_ITEM ( '' )  );
#2814 = CARTESIAN_POINT ( 'NONE',  ( -3.188101183952087000, -1.320554748610666800, -7.484375000000032900 ) ) ;
#2815 = CARTESIAN_POINT ( 'NONE',  ( -4.898587196589413800E-016, -4.000000000000000000, 3.374999999999944000 ) ) ;
#2816 = EDGE_CURVE ( 'NONE', #1194, #1094, #943, .T. ) ;
#2817 = ORIENTED_EDGE ( 'NONE', *, *, #1307, .T. ) ;
#2818 = ORIENTED_EDGE ( 'NONE', *, *, #5670, .T. ) ;
#2819 = DIRECTION ( 'NONE',  ( -0.0000000000000000000, -0.0000000000000000000, -1.000000000000000000 ) ) ;
#2820 = CARTESIAN_POINT ( 'NONE',  ( -4.000000000000002700, 1.656854249492375000, -12.01562500000002100 ) ) ;
#2821 = VECTOR ( 'NONE', #2604, 999.9999999999998900 ) ;
#2822 = CARTESIAN_POINT ( 'NONE',  ( -3.904297910284806600E-016, -3.188101183952083900, -7.093750000000033800 ) ) ;
#2823 = CARTESIAN_POINT ( 'NONE',  ( 4.000000000000000000, 4.955146781549962200E-016, 15.31370849898476100 ) ) ;
#2824 = CYLINDRICAL_SURFACE ( 'NONE', #2203, 4.000000000000000000 ) ;
#2825 = CARTESIAN_POINT ( 'NONE',  ( 0.8654053522353430900, 2.580486245206417500, 1.746670891014257900 ) ) ;
#2826 = CARTESIAN_POINT ( 'NONE',  ( 3.188101183952086500, 1.320554748610672100, -20.45312500000000000 ) ) ;
#2827 = CARTESIAN_POINT ( 'NONE',  ( 3.999999999999999100, 1.656854249492381200, 1.265624999999947400 ) ) ;
#2828 = CARTESIAN_POINT ( 'NONE',  ( -3.188101183952084700, -1.320554748610672100, -14.82812500000001600 ) ) ;
#2829 = VERTEX_POINT ( 'NONE', #3577 ) ;
#2830 = VECTOR ( 'NONE', #3557, 1000.000000000000000 ) ;
#2831 = DIRECTION ( 'NONE',  ( 1.000000000000000000, 0.0000000000000000000, 0.0000000000000000000 ) ) ;
#2832 = DIRECTION ( 'NONE',  ( -1.000000000000000000, 0.0000000000000000000, 0.0000000000000000000 ) ) ;
#2833 = EDGE_CURVE ( 'NONE', #888, #4547, #3805, .T. ) ;
#2834 = VERTEX_POINT ( 'NONE', #1038 ) ;
#2835 = ORIENTED_EDGE ( 'NONE', *, *, #4054, .T. ) ;
#2836 = CARTESIAN_POINT ( 'NONE',  ( -4.000000000000000000, 1.656854249492381200, -4.515625000000039100 ) ) ;
#2837 = ORIENTED_EDGE ( 'NONE', *, *, #1947, .T. ) ;
#2838 = CARTESIAN_POINT ( 'NONE',  ( -2.254327966281365600, 2.254327966281393100, -3.968750000000041700 ) ) ;
#2839 = CALENDAR_DATE ( 2021, 9, 7 ) ;
#2840 = CARTESIAN_POINT ( 'NONE',  ( 2.254327966281379300, 2.254327966281378900, 0.8749999999999487100 ) ) ;
#2841 = EDGE_CURVE ( 'NONE', #764, #966, #4388, .T. ) ;
#2842 = VERTEX_POINT ( 'NONE', #154 ) ;
#2843 = ORIENTED_EDGE ( 'NONE', *, *, #5241, .T. ) ;
#2844 = CARTESIAN_POINT ( 'NONE',  ( 0.0000000000000000000, 3.252606517456513300E-016, 4.000000000000000000 ) ) ;
#2845 =( BOUNDED_CURVE ( )  B_SPLINE_CURVE ( 2, ( #3233, #619, #3219, #4536, #5421, #652, #4955, #4123, #1076 ),
 .UNSPECIFIED., .F., .T. ) 
 B_SPLINE_CURVE_WITH_KNOTS ( ( 3, 2, 2, 2, 3 ),
 ( 0.3690476190476190700, 0.3750000000000000000, 0.3809523809523809300, 0.3869047619047619200, 0.3928571428571428500 ),
 .UNSPECIFIED. ) 
 CURVE ( )  GEOMETRIC_REPRESENTATION_ITEM ( )  RATIONAL_B_SPLINE_CURVE ( ( 1.000000000000000000, 0.9238795325112867400, 1.000000000000000000, 0.9238795325112867400, 1.000000000000000000, 0.9238795325112867400, 1.000000000000000000, 0.9238795325112867400, 1.000000000000000000 ) ) 
 REPRESENTATION_ITEM ( '' )  );
#2846 = CARTESIAN_POINT ( 'NONE',  ( 2.592220929356283700, -1.855904041841583100, -0.8118988160479133600 ) ) ;
#2847 = LINE ( 'NONE', #3731, #1507 ) ;
#2848 = CARTESIAN_POINT ( 'NONE',  ( 3.999999999999999100, 1.656854249492381200, 0.01562499999995317600 ) ) ;
#2849 = CARTESIAN_POINT ( 'NONE',  ( -2.828427124746179600, -2.828427124746200500, -8.031250000000030200 ) ) ;
#2850 = AXIS2_PLACEMENT_3D ( 'NONE', #1030, #3177, #4047 ) ;
#2851 = CARTESIAN_POINT ( 'NONE',  ( 4.000000000000000000, 4.955146781549962200E-016, 15.31370849898476100 ) ) ;
#2852 = ORIENTED_EDGE ( 'NONE', *, *, #3051, .F. ) ;
#2853 = CARTESIAN_POINT ( 'NONE',  ( -3.188101183952083900, -1.320554748610674600, -1.078125000000048000 ) ) ;
#2854 = CARTESIAN_POINT ( 'NONE',  ( -3.188101183952073200, -1.320554748610685900, -18.57812500000000400 ) ) ;
#2855 = CARTESIAN_POINT ( 'NONE',  ( 4.000000000000000000, 4.955146781549962200E-016, 15.31370849898476100 ) ) ;
#2856 = AXIS2_PLACEMENT_3D ( 'NONE', #5291, #3533, #4385 ) ;
#2857 = DIRECTION ( 'NONE',  ( -0.0000000000000000000, -0.0000000000000000000, -1.000000000000000000 ) ) ;
#2858 = ORIENTED_EDGE ( 'NONE', *, *, #5536, .F. ) ;
#2859 = CARTESIAN_POINT ( 'NONE',  ( 4.703504979265511900, -0.9556547051326150800, 3.874132703710358800 ) ) ;
#2860 = CARTESIAN_POINT ( 'NONE',  ( -2.030629587928169300E-014, -3.188101183952083900, -7.250000000000033800 ) ) ;
#2861 = ORIENTED_EDGE ( 'NONE', *, *, #4719, .T. ) ;
#2862 = CARTESIAN_POINT ( 'NONE',  ( -4.000000000000000000, -1.656854249492380400, -0.6093750000000474100 ) ) ;
#2863 = LINE ( 'NONE', #4298, #1585 ) ;
#2864 = CARTESIAN_POINT ( 'NONE',  ( 4.000000000000000000, 4.955146781549962200E-016, 15.31370849898476100 ) ) ;
#2865 = EDGE_CURVE ( 'NONE', #5404, #966, #3289, .T. ) ;
#2866 = CARTESIAN_POINT ( 'NONE',  ( -4.000000000000040900, -1.656854249492314000, -1.703125000000049500 ) ) ;
#2867 = EDGE_CURVE ( 'NONE', #3666, #2740, #566, .T. ) ;
#2868 = CARTESIAN_POINT ( 'NONE',  ( -1.518625914947327100, 1.518625914947316700, 4.000000000000000000 ) ) ;
#2869 = CARTESIAN_POINT ( 'NONE',  ( -1.320554748610674800, 3.188101183952083900, -7.796875000000032900 ) ) ;
#2870 =( BOUNDED_CURVE ( )  B_SPLINE_CURVE ( 2, ( #4023, #2696, #3132, #4862, #3604, #561, #5323, #1829, #1888 ),
 .UNSPECIFIED., .F., .T. ) 
 B_SPLINE_CURVE_WITH_KNOTS ( ( 3, 2, 2, 2, 3 ),
 ( 0.3690476190476190700, 0.3750000000000000000, 0.3809523809523809300, 0.3869047619047619200, 0.3928571428571428500 ),
 .UNSPECIFIED. ) 
 CURVE ( )  GEOMETRIC_REPRESENTATION_ITEM ( )  RATIONAL_B_SPLINE_CURVE ( ( 1.000000000000000000, 0.9238795325112867400, 1.000000000000000000, 0.9238795325112867400, 1.000000000000000000, 0.9238795325112867400, 1.000000000000000000, 0.9238795325112867400, 1.000000000000000000 ) ) 
 REPRESENTATION_ITEM ( '' )  );
#2871 = DIRECTION ( 'NONE',  ( -1.000000000000000000, 0.0000000000000000000, 0.0000000000000000000 ) ) ;
#2872 = CARTESIAN_POINT ( 'NONE',  ( 3.188101183952083900, -6.788941632725165100E-016, 0.7187499999999486000 ) ) ;
#2873 = CARTESIAN_POINT ( 'NONE',  ( 0.0000000000000000000, -3.716535159873934600E-017, -20.06250000000000400 ) ) ;
#2874 = VERTEX_POINT ( 'NONE', #4514 ) ;
#2875 = ORIENTED_EDGE ( 'NONE', *, *, #5154, .F. ) ;
#2876 = CARTESIAN_POINT ( 'NONE',  ( -3.188101183952084300, 1.320554748610673500, -7.640625000000032900 ) ) ;
#2878 = CARTESIAN_POINT ( 'NONE',  ( -4.000000000000003600, -1.656854249492370800, -7.953125000000032900 ) ) ;
#2877 = CARTESIAN_POINT ( 'NONE',  ( 3.188101183952083900, -9.465537834313682300E-015, -15.53125000000001400 ) ) ;
#2879 = CARTESIAN_POINT ( 'NONE',  ( -2.254327966281374000, -2.254327966281383800, -1.156250000000046200 ) ) ;
#2880 = CARTESIAN_POINT ( 'NONE',  ( 3.999999999999999100, 1.656854249492381200, -1.234375000000044400 ) ) ;
#2881 = EDGE_CURVE ( 'NONE', #3129, #3144, #1138, .T. ) ;
#2882 = CARTESIAN_POINT ( 'NONE',  ( 2.254327966281376700, 2.254327966281381500, -14.12500000000001800 ) ) ;
#2883 = ORIENTED_EDGE ( 'NONE', *, *, #3775, .F. ) ;
#2884 = DIRECTION ( 'NONE',  ( 0.7071067811865489100, 0.0000000000000000000, 0.7071067811865462400 ) ) ;
#2885 = CARTESIAN_POINT ( 'NONE',  ( 1.656854249492372800, -4.000000000000002700, -1.390625000000048000 ) ) ;
#2886 = DIRECTION ( 'NONE',  ( -0.0000000000000000000, 4.440451272847409300E-018, 1.000000000000000000 ) ) ;
#2887 = AXIS2_PLACEMENT_3D ( 'NONE', #684, #665, #3690 ) ;
#2888 = CARTESIAN_POINT ( 'NONE',  ( -2.254327966281379300, 2.254327966281379300, -17.56250000000000700 ) ) ;
#2889 = CARTESIAN_POINT ( 'NONE',  ( 3.188101183952083000, -1.320554748610676600, -5.765625000000039100 ) ) ;
#2890 = CARTESIAN_POINT ( 'NONE',  ( 2.638358928979582400, -3.007461531195189300, -20.07030206724866900 ) ) ;
#2891 = VECTOR ( 'NONE', #5648, 1000.000000000000000 ) ;
#2892 = CARTESIAN_POINT ( 'NONE',  ( -2.254327966281379300, 2.254327966281379300, -1.312500000000046200 ) ) ;
#2893 = EDGE_LOOP ( 'NONE', ( #4187, #3726, #3240, #1812 ) ) ;
#2894 = CARTESIAN_POINT ( 'NONE',  ( -4.703504979265508400, 0.9556547051326480500, 3.874132703710360100 ) ) ;
#2895 = ORIENTED_EDGE ( 'NONE', *, *, #2137, .T. ) ;
#2896 = LINE ( 'NONE', #2864, #259 ) ;
#2897 = CARTESIAN_POINT ( 'NONE',  ( -4.000000000000002700, -1.656854249492373700, -11.70312500000002700 ) ) ;
#2898 = CARTESIAN_POINT ( 'NONE',  ( 1.320554748610676800, 3.188101183952083000, -20.29687500000000700 ) ) ;
#2899 = CARTESIAN_POINT ( 'NONE',  ( 3.999999999999998200, -1.656854249492385500, -16.39062500000001400 ) ) ;
#2900 =( BOUNDED_CURVE ( )  B_SPLINE_CURVE ( 2, ( #4661, #2854, #4232, #5089, #5546, #1215, #2433, #314, #5052 ),
 .UNSPECIFIED., .F., .F. ) 
 B_SPLINE_CURVE_WITH_KNOTS ( ( 3, 2, 2, 2, 3 ),
 ( 0.1071428571428572100, 0.1130952380952381500, 0.1190476190476190700, 0.1250000000000000300, 0.1309523809523809600 ),
 .UNSPECIFIED. ) 
 CURVE ( )  GEOMETRIC_REPRESENTATION_ITEM ( )  RATIONAL_B_SPLINE_CURVE ( ( 0.9999999999999991100, 0.9238795325112876300, 1.000000000000000000, 0.9238795325112867400, 1.000000000000000000, 0.9238795325112867400, 1.000000000000000000, 0.9238795325112867400, 1.000000000000000000 ) ) 
 REPRESENTATION_ITEM ( '' )  );
#2901 = CARTESIAN_POINT ( 'NONE',  ( -2.155873551008612200E-014, -4.000000000000000000, -12.71875000000002300 ) ) ;
#2902 = EDGE_CURVE ( 'NONE', #2242, #35, #1478, .T. ) ;
#2903 = VERTEX_POINT ( 'NONE', #1489 ) ;
#2904 = VECTOR ( 'NONE', #722, 1000.000000000000000 ) ;
#2905 = ORIENTED_EDGE ( 'NONE', *, *, #437, .T. ) ;
#2906 = CARTESIAN_POINT ( 'NONE',  ( 4.000000000000000000, 4.955146781549962200E-016, 15.31370849898476100 ) ) ;
#2907 = CARTESIAN_POINT ( 'NONE',  ( 2.254327966281379300, -2.254327966281379300, -4.593750000000039100 ) ) ;
#2908 = ORIENTED_EDGE ( 'NONE', *, *, #1014, .F. ) ;
#2909 = DIRECTION ( 'NONE',  ( -0.0000000000000000000, -0.0000000000000000000, 1.000000000000000000 ) ) ;
#2910 = ORIENTED_EDGE ( 'NONE', *, *, #223, .F. ) ;
#2911 = CARTESIAN_POINT ( 'NONE',  ( -3.188101183952083900, -1.320554748610674600, 0.1718749999999498500 ) ) ;
#2912 = FACE_OUTER_BOUND ( 'NONE', #5558, .T. ) ;
#2914 = CARTESIAN_POINT ( 'NONE',  ( 1.561719164113922700E-015, 3.188101183952083900, -18.96875000000000700 ) ) ;
#2913 = CARTESIAN_POINT ( 'NONE',  ( -0.9666666666666766700, 2.851173418023734900, 4.000000000000000000 ) ) ;
#2915 = CARTESIAN_POINT ( 'NONE',  ( 4.687415225147684200, -0.9501487722897813400, 3.811199603341275800 ) ) ;
#2916 = CARTESIAN_POINT ( 'NONE',  ( -2.828427124746190300, -2.828427124746189800, 4.468749999999941400 ) ) ;
#2917 = FACE_OUTER_BOUND ( 'NONE', #4024, .T. ) ;
#2918 = CARTESIAN_POINT ( 'NONE',  ( 1.320554748610676600, 3.188101183952083000, -11.54687500000002500 ) ) ;
#2919 = CARTESIAN_POINT ( 'NONE',  ( -3.188101183952085600, -1.320554748610668800, -9.828125000000028400 ) ) ;
#2920 = VERTEX_POINT ( 'NONE', #2768 ) ;
#2921 = CARTESIAN_POINT ( 'NONE',  ( 1.320554748610674100, -3.188101183952084700, -2.171875000000045300 ) ) ;
#2922 = LINE ( 'NONE', #820, #4768 ) ;
#2923 = CARTESIAN_POINT ( 'NONE',  ( -0.9501487722898468400, 4.687415225147672600, 3.811199603341277600 ) ) ;
#2924 = DIRECTION ( 'NONE',  ( -0.0000000000000000000, -0.0000000000000000000, 1.000000000000000000 ) ) ;
#2925 = CARTESIAN_POINT ( 'NONE',  ( 4.951845092706801600E-018, -4.000000000000000000, -3.968750000000041700 ) ) ;
#2926 = CARTESIAN_POINT ( 'NONE',  ( 4.000000000000019500, 1.656854249492349900, -13.73437500000001800 ) ) ;
#2927 = CARTESIAN_POINT ( 'NONE',  ( -4.000000000000000000, 3.714344098498879600E-014, -0.6875000000000457400 ) ) ;
#2928 = CARTESIAN_POINT ( 'NONE',  ( 2.828427124746190700, 2.828427124746189400, -12.25000000000002500 ) ) ;
#2929 = CARTESIAN_POINT ( 'NONE',  ( -1.320554748610662400, 3.188101183952087900, -9.046875000000033800 ) ) ;
#2930 = CARTESIAN_POINT ( 'NONE',  ( 2.828427124746190700, 2.828427124746189400, 3.843749999999944500 ) ) ;
#2931 = EDGE_CURVE ( 'NONE', #5404, #4095, #2775, .T. ) ;
#2932 = CARTESIAN_POINT ( 'NONE',  ( -1.656854249492372100, 4.000000000000003600, -17.17187500000001400 ) ) ;
#2933 = ORIENTED_EDGE ( 'NONE', *, *, #5344, .T. ) ;
#2934 = CARTESIAN_POINT ( 'NONE',  ( -1.656854249492370100, 4.000000000000004400, -15.76562500000001600 ) ) ;
#2935 =( BOUNDED_CURVE ( )  B_SPLINE_CURVE ( 2, ( #595, #4036, #149, #573, #4055, #3185, #1863, #4475, #107 ),
 .UNSPECIFIED., .F., .F. ) 
 B_SPLINE_CURVE_WITH_KNOTS ( ( 3, 2, 2, 2, 3 ),
 ( 0.7500000000000000000, 0.7559523809523809300, 0.7619047619047618600, 0.7678571428571427900, 0.7738095238095237200 ),
 .UNSPECIFIED. ) 
 CURVE ( )  GEOMETRIC_REPRESENTATION_ITEM ( )  RATIONAL_B_SPLINE_CURVE ( ( 1.000000000000000000, 0.9238795325112867400, 1.000000000000000000, 0.9238795325112867400, 1.000000000000000000, 0.9238795325112867400, 1.000000000000000000, 0.9238795325112881800, 0.9999999999999985600 ) ) 
 REPRESENTATION_ITEM ( '' )  );
#2936 = CARTESIAN_POINT ( 'NONE',  ( 1.371604415045035700E-014, 4.000000000000000000, -3.500000000000041300 ) ) ;
#2937 = EDGE_CURVE ( 'NONE', #3277, #1772, #2447, .T. ) ;
#2938 = CARTESIAN_POINT ( 'NONE',  ( 3.188101183952083900, -6.788941632725165100E-016, -1.937500000000046900 ) ) ;
#2939 = VERTEX_POINT ( 'NONE', #4559 ) ;
#2940 = CARTESIAN_POINT ( 'NONE',  ( 1.320554748610649700, -3.188101183952093600, -7.015625000000033800 ) ) ;
#2941 = CARTESIAN_POINT ( 'NONE',  ( -2.254327966281379300, 2.254327966281379300, 3.687499999999940900 ) ) ;
#2942 = CARTESIAN_POINT ( 'NONE',  ( 3.999999999999998200, -1.656854249492384600, -18.73437500000001100 ) ) ;
#2943 = VECTOR ( 'NONE', #55, 1000.000000000000000 ) ;
#2944 = CARTESIAN_POINT ( 'NONE',  ( -4.000000000000000000, -1.075442838594031600E-015, -13.18750000000001800 ) ) ;
#2946 = CARTESIAN_POINT ( 'NONE',  ( -3.999999999999962700, 1.656854249492435400, -0.7656250000000489600 ) ) ;
#2945 = CARTESIAN_POINT ( 'NONE',  ( -1.320554748610673700, -3.188101183952084300, -15.92187500000001600 ) ) ;
#2947 = CARTESIAN_POINT ( 'NONE',  ( -2.828427124746190300, -2.828427124746189800, -11.62500000000002700 ) ) ;
#2948 = CARTESIAN_POINT ( 'NONE',  ( -1.557772418313221000E-015, -3.188101183952083900, -1.000000000000049500 ) ) ;
#2949 = CARTESIAN_POINT ( 'NONE',  ( 1.320554748610676800, 3.188101183952083000, -19.04687500000001100 ) ) ;
#2950 = AXIS2_PLACEMENT_3D ( 'NONE', #5016, #2811, #1131 ) ;
#2951 = LINE ( 'NONE', #5256, #4318 ) ;
#2952 = CARTESIAN_POINT ( 'NONE',  ( 5.998263823987151000E-032, 4.000000000000000000, -5.843750000000040000 ) ) ;
#2953 = VERTEX_POINT ( 'NONE', #2431 ) ;
#2954 = CYLINDRICAL_SURFACE ( 'NONE', #1563, 3.188101183952083900 ) ;
#2955 = CARTESIAN_POINT ( 'NONE',  ( -2.828427124746173000, 2.828427124746207600, -3.343750000000041300 ) ) ;
#2956 = CARTESIAN_POINT ( 'NONE',  ( -4.000000000000000000, 8.839920400417336200E-016, -11.78125000000002700 ) ) ;
#2957 = EDGE_LOOP ( 'NONE', ( #3526, #4278, #1916, #970 ) ) ;
#2958 = CARTESIAN_POINT ( 'NONE',  ( 3.188101183952083000, -1.320554748610676600, 1.890624999999944500 ) ) ;
#2959 = CARTESIAN_POINT ( 'NONE',  ( 3.852123412265143500, 1.539659910184212900E-011, -0.1478765877348578200 ) ) ;
#2960 = VERTEX_POINT ( 'NONE', #2368 ) ;
#2961 = FACE_OUTER_BOUND ( 'NONE', #1918, .T. ) ;
#2962 = ORIENTED_EDGE ( 'NONE', *, *, #1665, .T. ) ;
#2963 = CARTESIAN_POINT ( 'NONE',  ( 4.000000000000019500, 1.656854249492349900, -14.82812500000001800 ) ) ;
#2964 = CARTESIAN_POINT ( 'NONE',  ( -1.844177700254547600, -3.374206726130446500, -20.22498425455507500 ) ) ;
#2965 = AXIS2_PLACEMENT_3D ( 'NONE', #1029, #1010, #1442 ) ;
#2966 = LOCAL_TIME ( 10, 59, 51.00000000000000000, #1219 ) ;
#2967 = CARTESIAN_POINT ( 'NONE',  ( 5.998263823987151000E-032, 4.000000000000000000, -9.593750000000030200 ) ) ;
#2968 = CARTESIAN_POINT ( 'NONE',  ( -2.254327966281385100, -2.254327966281373100, -12.25000000000002300 ) ) ;
#2969 = CARTESIAN_POINT ( 'NONE',  ( 4.000000000000000000, -8.280375562182076100E-016, 3.687499999999944500 ) ) ;
#2970 = ORIENTED_EDGE ( 'NONE', *, *, #4796, .F. ) ;
#2971 =( BOUNDED_CURVE ( )  B_SPLINE_CURVE ( 2, ( #5192, #1348, #4750, #446, #4375, #2562, #1723, #4790, #2581 ),
 .UNSPECIFIED., .F., .F. ) 
 B_SPLINE_CURVE_WITH_KNOTS ( ( 3, 2, 2, 2, 3 ),
 ( 0.5595238095238095300, 0.5654761904761904700, 0.5714285714285714000, 0.5773809523809522200, 0.5833333333333332600 ),
 .UNSPECIFIED. ) 
 CURVE ( )  GEOMETRIC_REPRESENTATION_ITEM ( )  RATIONAL_B_SPLINE_CURVE ( ( 1.000000000000000000, 0.9238795325112867400, 1.000000000000000000, 0.9238795325112867400, 1.000000000000000000, 0.9238795325112867400, 1.000000000000000000, 0.9238795325112881800, 0.9999999999999985600 ) ) 
 REPRESENTATION_ITEM ( '' )  );
#2972 = VERTEX_POINT ( 'NONE', #262 ) ;
#2973 = CARTESIAN_POINT ( 'NONE',  ( 4.000000000000000900, 1.656854249492379500, -17.48437500000001100 ) ) ;
#2974 = CARTESIAN_POINT ( 'NONE',  ( 2.254327966281377500, -2.254327966281380700, -13.34375000000002100 ) ) ;
#2975 = EDGE_CURVE ( 'NONE', #3011, #749, #5191, .T. ) ;
#2976 = CARTESIAN_POINT ( 'NONE',  ( -1.656854249492380800, 4.000000000000000000, -8.265625000000032000 ) ) ;
#2977 = CARTESIAN_POINT ( 'NONE',  ( 0.3486935984137380900, 3.492810556945953800, -20.56968944305404500 ) ) ;
#2978 = CARTESIAN_POINT ( 'NONE',  ( -3.138480727971841400, -2.038566390370663700, -0.2636193064963168700 ) ) ;
#2979 = CARTESIAN_POINT ( 'NONE',  ( 3.188101183952083000, -1.320554748610676600, -19.51562500000000700 ) ) ;
#2980 = CARTESIAN_POINT ( 'NONE',  ( 0.9501487722898305200, 4.687415225147676200, 3.811199603341277600 ) ) ;
#2981 = DIRECTION ( 'NONE',  ( -0.0000000000000000000, -0.0000000000000000000, 1.000000000000000000 ) ) ;
#2982 = CARTESIAN_POINT ( 'NONE',  ( -4.000000000000000000, -4.014595156547679100E-015, -16.93750000000001100 ) ) ;
#2983 = PERSON_AND_ORGANIZATION ( #3943, #890 ) ;
#2984 = EDGE_CURVE ( 'NONE', #208, #393, #3904, .T. ) ;
#2985 = CARTESIAN_POINT ( 'NONE',  ( 4.000000000000005300, -1.656854249492367000, -4.984375000000040900 ) ) ;
#2986 = ORIENTED_EDGE ( 'NONE', *, *, #2816, .F. ) ;
#2988 = CARTESIAN_POINT ( 'NONE',  ( 1.201412475624489900E-011, -3.900941469341681500, -20.16155853065831100 ) ) ;
#2987 = CARTESIAN_POINT ( 'NONE',  ( 2.828427124746186700, -2.828427124746193400, -10.21875000000002500 ) ) ;
#2989 = CARTESIAN_POINT ( 'NONE',  ( -1.656854249492380800, 4.000000000000000000, -12.01562500000002500 ) ) ;
#2990 = PLANE ( 'NONE',  #4132 ) ;
#2991 = CARTESIAN_POINT ( 'NONE',  ( -1.320554748610675200, -3.188101183952083900, -15.92187500000001600 ) ) ;
#2992 = CONICAL_SURFACE ( 'NONE', #1065, 6.110772408088341700, 0.7853981633974501700 ) ;
#2993 = CARTESIAN_POINT ( 'NONE',  ( 4.000000000000000000, -9.892899792454974100E-015, -17.56250000000000700 ) ) ;
#2994 = ORIENTED_EDGE ( 'NONE', *, *, #1378, .F. ) ;
#2995 = CARTESIAN_POINT ( 'NONE',  ( -2.828427124746197800, -2.828427124746182700, -11.78125000000002300 ) ) ;
#2996 = CARTESIAN_POINT ( 'NONE',  ( 4.735680169380820800, -0.9666666666666166000, 4.000000000000000000 ) ) ;
#2997 = ORIENTED_EDGE ( 'NONE', *, *, #4339, .T. ) ;
#2998 = CARTESIAN_POINT ( 'NONE',  ( 4.000000000000000000, -8.280375562182076100E-016, -4.906250000000039100 ) ) ;
#2999 = CARTESIAN_POINT ( 'NONE',  ( -1.656854249492361300, 4.000000000000008000, -3.421875000000039500 ) ) ;
#3000 = DIRECTION ( 'NONE',  ( -0.0000000000000000000, -0.0000000000000000000, -1.000000000000000000 ) ) ;
#3001 = CARTESIAN_POINT ( 'NONE',  ( -2.254327966281379300, 2.254327966281379300, -18.96875000000000700 ) ) ;
#3002 = CARTESIAN_POINT ( 'NONE',  ( -3.188101183952083900, -1.320554748610674600, -1.234375000000048000 ) ) ;
#3003 = CARTESIAN_POINT ( 'NONE',  ( 3.188101183952083900, -8.684678252256720500E-015, -16.78125000000001100 ) ) ;
#3004 = CARTESIAN_POINT ( 'NONE',  ( -3.188101183952083900, 1.019654187844447800E-016, 2.593749999999943200 ) ) ;
#3005 = CARTESIAN_POINT ( 'NONE',  ( 4.000000000000019500, 1.656854249492346200, -8.734375000000026600 ) ) ;
#3006 =( BOUNDED_CURVE ( )  B_SPLINE_CURVE ( 2, ( #4677, #3005, #818, #4707, #2538, #387, #1701, #2583, #5664 ),
 .UNSPECIFIED., .F., .T. ) 
 B_SPLINE_CURVE_WITH_KNOTS ( ( 3, 2, 2, 2, 3 ),
 ( 0.4642857142857142500, 0.4702380952380951800, 0.4761904761904761600, 0.4821428571428571500, 0.4880952380952380800 ),
 .UNSPECIFIED. ) 
 CURVE ( )  GEOMETRIC_REPRESENTATION_ITEM ( )  RATIONAL_B_SPLINE_CURVE ( ( 1.000000000000000700, 0.9238795325112860700, 1.000000000000000000, 0.9238795325112867400, 1.000000000000000000, 0.9238795325112867400, 1.000000000000000000, 0.9238795325112867400, 1.000000000000000000 ) ) 
 REPRESENTATION_ITEM ( '' )  );
#3007 = CARTESIAN_POINT ( 'NONE',  ( -4.000000000000002700, 1.656854249492373700, -14.35937500000002000 ) ) ;
#3008 = CARTESIAN_POINT ( 'NONE',  ( 3.999999999999968900, -1.656854249492419700, -2.640625000000043500 ) ) ;
#3009 = CARTESIAN_POINT ( 'NONE',  ( 5.998263823987151000E-032, 4.000000000000000000, -10.84375000000002700 ) ) ;
#3010 = DIRECTION ( 'NONE',  ( -1.000000000000000000, -6.982962677686265100E-015, 0.0000000000000000000 ) ) ;
#3011 = VERTEX_POINT ( 'NONE', #3285 ) ;
#3012 = CARTESIAN_POINT ( 'NONE',  ( -2.254327966281379300, 2.254327966281379300, -13.81250000000002000 ) ) ;
#3013 = ORIENTED_EDGE ( 'NONE', *, *, #5148, .T. ) ;
#3014 = EDGE_CURVE ( 'NONE', #2842, #5086, #3675, .T. ) ;
#3015 = CARTESIAN_POINT ( 'NONE',  ( 0.0000000000000000000, 5.655958496054998300E-018, 15.31370849898476100 ) ) ;
#3016 =( BOUNDED_CURVE ( )  B_SPLINE_CURVE ( 2, ( #1955, #1524, #2358, #5431, #4548, #648, #1939, #631, #3228 ),
 .UNSPECIFIED., .F., .T. ) 
 B_SPLINE_CURVE_WITH_KNOTS ( ( 3, 2, 2, 2, 3 ),
 ( 0.5833333333333332600, 0.5892857142857141900, 0.5952380952380952300, 0.6011904761904762800, 0.6071428571428572100 ),
 .UNSPECIFIED. ) 
 CURVE ( )  GEOMETRIC_REPRESENTATION_ITEM ( )  RATIONAL_B_SPLINE_CURVE ( ( 1.000000000000001300, 0.9238795325112853000, 1.000000000000000000, 0.9238795325112867400, 1.000000000000000000, 0.9238795325112867400, 1.000000000000000000, 0.9238795325112853000, 1.000000000000001300 ) ) 
 REPRESENTATION_ITEM ( '' )  );
#3017 = CARTESIAN_POINT ( 'NONE',  ( 1.320554748610674100, 3.188101183952084300, -15.45312500000001600 ) ) ;
#3018 = CARTESIAN_POINT ( 'NONE',  ( 4.000000000000000000, -1.185233467109074100E-014, -16.15625000000001400 ) ) ;
#3019 = ORIENTED_EDGE ( 'NONE', *, *, #728, .T. ) ;
#3020 = CARTESIAN_POINT ( 'NONE',  ( -4.898587196589413800E-016, -4.000000000000000000, -6.468750000000037300 ) ) ;
#3021 = CARTESIAN_POINT ( 'NONE',  ( 3.188101183952083900, -8.684678252256720500E-015, -16.93750000000001100 ) ) ;
#3022 = CARTESIAN_POINT ( 'NONE',  ( 5.998263823987151000E-032, 3.188101183952083900, -17.87500000000001100 ) ) ;
#3023 = CARTESIAN_POINT ( 'NONE',  ( 3.188101183952083000, -1.320554748610676600, 0.4843749999999501500 ) ) ;
#3024 = VECTOR ( 'NONE', #483, 1000.000000000000000 ) ;
#3025 = CARTESIAN_POINT ( 'NONE',  ( 1.656854249492384100, -3.999999999999998200, -15.14062500000001800 ) ) ;
#3026 = CARTESIAN_POINT ( 'NONE',  ( 2.851173418023748700, -0.9666666666666367000, 4.000000000000000000 ) ) ;
#3028 = CARTESIAN_POINT ( 'NONE',  ( -3.188101183952115800, -1.320554748610623300, -3.734375000000044400 ) ) ;
#3027 = DIRECTION ( 'NONE',  ( -1.000000000000000000, 0.0000000000000000000, 0.0000000000000000000 ) ) ;
#3029 = CARTESIAN_POINT ( 'NONE',  ( 3.999999999999999100, -1.656854249492382600, -18.73437500000001400 ) ) ;
#3030 = CARTESIAN_POINT ( 'NONE',  ( 4.000000000000000000, -9.892899792454974100E-015, -18.65625000000001100 ) ) ;
#3031 = CARTESIAN_POINT ( 'NONE',  ( 1.320554748610674100, -3.188101183952084700, -15.76562500000001400 ) ) ;
#3032 = CARTESIAN_POINT ( 'NONE',  ( 4.000000000000000000, 4.955146781549962200E-016, 15.31370849898476100 ) ) ;
#3033 = EDGE_LOOP ( 'NONE', ( #3073, #5111, #2280, #4561 ) ) ;
#3034 = ORIENTED_EDGE ( 'NONE', *, *, #1242, .T. ) ;
#3035 = LINE ( 'NONE', #3149, #5163 ) ;
#3036 = CARTESIAN_POINT ( 'NONE',  ( 2.828427124746189800, -2.828427124746190700, -18.96875000000000700 ) ) ;
#3037 = CARTESIAN_POINT ( 'NONE',  ( 3.918869757271530300E-015, 4.000000000000000000, -17.09375000000001100 ) ) ;
#3038 = CARTESIAN_POINT ( 'NONE',  ( -0.7874938090657308500, 2.815533720748153000, 1.952044866385984600 ) ) ;
#3039 = CARTESIAN_POINT ( 'NONE',  ( -4.000000000000000000, 1.656854249492381000, -8.109375000000033800 ) ) ;
#3040 = CARTESIAN_POINT ( 'NONE',  ( 2.627537562920519800, -2.961452479320320700, -0.04676975585627048100 ) ) ;
#3041 = CARTESIAN_POINT ( 'NONE',  ( -3.188101183952083900, 1.320554748610674800, -20.14062500000001400 ) ) ;
#3042 = CARTESIAN_POINT ( 'NONE',  ( 2.254327966281379300, -2.254327966281379300, 2.906249999999943600 ) ) ;
#3043 = DIRECTION ( 'NONE',  ( -0.3826834323650897800, 0.9238795325112867400, 0.0000000000000000000 ) ) ;
#3044 = EDGE_LOOP ( 'NONE', ( #2524, #1919, #1655, #1864, #432 ) ) ;
#3045 = CARTESIAN_POINT ( 'NONE',  ( 2.860257111226416300, -2.323334098968230500, -20.38528109871054600 ) ) ;
#3046 = DIRECTION ( 'NONE',  ( -0.0000000000000000000, -0.0000000000000000000, -1.000000000000000000 ) ) ;
#3047 = CARTESIAN_POINT ( 'NONE',  ( 2.254327966281379300, -2.254327966281379300, -10.84375000000002500 ) ) ;
#3048 = EDGE_LOOP ( 'NONE', ( #4105, #2785, #2102, #261 ) ) ;
#3049 = ORIENTED_EDGE ( 'NONE', *, *, #1139, .F. ) ;
#3050 =( BOUNDED_CURVE ( )  B_SPLINE_CURVE ( 2, ( #5604, #4320, #2968, #1731, #3840, #431, #4281, #5245, #2613 ),
 .UNSPECIFIED., .F., .T. ) 
 B_SPLINE_CURVE_WITH_KNOTS ( ( 3, 2, 2, 2, 3 ),
 ( 0.3452380952380952300, 0.3511904761904761600, 0.3571428571428571500, 0.3630952380952380800, 0.3690476190476190700 ),
 .UNSPECIFIED. ) 
 CURVE ( )  GEOMETRIC_REPRESENTATION_ITEM ( )  RATIONAL_B_SPLINE_CURVE ( ( 1.000000000000000000, 0.9238795325112867400, 1.000000000000000000, 0.9238795325112867400, 1.000000000000000000, 0.9238795325112867400, 1.000000000000000000, 0.9238795325112867400, 1.000000000000000000 ) ) 
 REPRESENTATION_ITEM ( '' )  );
#3051 = EDGE_CURVE ( 'NONE', #5591, #1031, #873, .T. ) ;
#3052 = ORIENTED_EDGE ( 'NONE', *, *, #2615, .F. ) ;
#3053 = ADVANCED_FACE ( 'NONE', ( #607 ), #2015, .T. ) ;
#3054 = CARTESIAN_POINT ( 'NONE',  ( 1.963212051198875100, 2.769138502212203700, -0.6132404592581188800 ) ) ;
#3055 = CARTESIAN_POINT ( 'NONE',  ( -2.828427124746189800, 2.828427124746190300, -19.43750000000000700 ) ) ;
#3056 = LINE ( 'NONE', #2404, #336 ) ;
#3057 = CARTESIAN_POINT ( 'NONE',  ( 3.188101183952083000, -1.320554748610676600, -16.85937500000001400 ) ) ;
#3058 = CARTESIAN_POINT ( 'NONE',  ( 1.656854249492345500, -4.000000000000014200, -2.640625000000045700 ) ) ;
#3059 = CARTESIAN_POINT ( 'NONE',  ( -2.341262897730121800, -0.9455493712144259500, 1.546606194392729000 ) ) ;
#3060 = CARTESIAN_POINT ( 'NONE',  ( 2.828427124746189400, 2.828427124746191600, -11.00000000000002700 ) ) ;
#3061 = EDGE_CURVE ( 'NONE', #4809, #720, #2066, .T. ) ;
#3062 = DIRECTION ( 'NONE',  ( -0.0000000000000000000, -0.0000000000000000000, 1.000000000000000000 ) ) ;
#3063 = CARTESIAN_POINT ( 'NONE',  ( -4.000000000000000000, 1.656854249492381200, -5.609375000000038200 ) ) ;
#3064 = CARTESIAN_POINT ( 'NONE',  ( -2.828427124746189800, 2.828427124746190300, 0.5624999999999484900 ) ) ;
#3065 = CARTESIAN_POINT ( 'NONE',  ( -0.5725642511821874600, -3.806147787415081300, -0.1569594146931907500 ) ) ;
#3066 = CARTESIAN_POINT ( 'NONE',  ( 5.998263823987151000E-032, 3.188101183952083900, -15.37500000000001600 ) ) ;
#3067 = CARTESIAN_POINT ( 'NONE',  ( -1.320554748610675200, -3.188101183952083900, 1.421874999999947400 ) ) ;
#3068 = FACE_OUTER_BOUND ( 'NONE', #5100, .T. ) ;
#3069 = CARTESIAN_POINT ( 'NONE',  ( -4.000000000000002700, -1.656854249492372800, -9.359375000000026600 ) ) ;
#3070 = CARTESIAN_POINT ( 'NONE',  ( -1.320554748610666800, 3.188101183952087000, -16.39062500000001400 ) ) ;
#3071 = VERTEX_POINT ( 'NONE', #4623 ) ;
#3072 = CARTESIAN_POINT ( 'NONE',  ( 2.254327966281379300, 2.254327966281378900, -11.78125000000002500 ) ) ;
#3073 = ORIENTED_EDGE ( 'NONE', *, *, #2173, .F. ) ;
#3074 = CYLINDRICAL_SURFACE ( 'NONE', #2950, 4.000000000000000000 ) ;
#3075 = EDGE_CURVE ( 'NONE', #3657, #3425, #1066, .T. ) ;
#3076 = CARTESIAN_POINT ( 'NONE',  ( -2.254327966281373100, -2.254327966281385100, -3.656250000000041300 ) ) ;
#3077 = CARTESIAN_POINT ( 'NONE',  ( -3.527269274473188600, 0.8960118226722517700, -0.3677105793057423000 ) ) ;
#3078 = CARTESIAN_POINT ( 'NONE',  ( 5.998263823987151000E-032, 4.000000000000000000, -18.34375000000001100 ) ) ;
#3079 = CARTESIAN_POINT ( 'NONE',  ( 3.828216849276354900, -0.2063631821302730200, -0.1717831507244703400 ) ) ;
#3080 = CARTESIAN_POINT ( 'NONE',  ( -3.904297910284806600E-016, -3.188101183952083900, -17.09375000000001100 ) ) ;
#3081 = CARTESIAN_POINT ( 'NONE',  ( 4.000000000000000000, -1.807754995536090300E-015, -19.90625000000000700 ) ) ;
#3082 = CARTESIAN_POINT ( 'NONE',  ( -2.828427124746189800, 2.828427124746190300, -15.84375000000001400 ) ) ;
#3083 = CARTESIAN_POINT ( 'NONE',  ( 3.999999999999999100, 1.656854249492381200, 0.1718749999999463800 ) ) ;
#3084 = ADVANCED_FACE ( 'NONE', ( #2771 ), #4471, .T. ) ;
#3085 = ADVANCED_FACE ( 'NONE', ( #4178 ), #5561, .T. ) ;
#3086 = VERTEX_POINT ( 'NONE', #2956 ) ;
#3087 = CARTESIAN_POINT ( 'NONE',  ( -2.254327966281379300, -2.254327966281379300, -14.90625000000001600 ) ) ;
#3088 = CARTESIAN_POINT ( 'NONE',  ( -2.254327966281379300, 2.254327966281379300, -0.2187500000000487700 ) ) ;
#3089 = CARTESIAN_POINT ( 'NONE',  ( 3.999999999999998200, -8.104582701274269100E-015, -20.06250000000000400 ) ) ;
#3090 = CARTESIAN_POINT ( 'NONE',  ( 4.064769454878741900, 0.8958157618528844700, 3.190170452280507400 ) ) ;
#3091 = AXIS2_PLACEMENT_3D ( 'NONE', #1093, #3706, #1531 ) ;
#3092 = CARTESIAN_POINT ( 'NONE',  ( -1.320554748610675200, -3.188101183952083900, -11.07812500000002500 ) ) ;
#3093 = ORIENTED_EDGE ( 'NONE', *, *, #924, .T. ) ;
#3094 = CARTESIAN_POINT ( 'NONE',  ( 4.000000000000000000, -1.185233467109074100E-014, -16.15625000000001400 ) ) ;
#3095 = CARTESIAN_POINT ( 'NONE',  ( -4.000000000000000000, -1.656854249492380400, -16.70312500000001400 ) ) ;
#3096 = DIRECTION ( 'NONE',  ( 0.9203638919632257700, -0.3812272063696504100, 0.08715574274765834600 ) ) ;
#3097 = CARTESIAN_POINT ( 'NONE',  ( 2.254327966281379300, 2.254327966281378900, -9.125000000000028400 ) ) ;
#3098 = EDGE_CURVE ( 'NONE', #4510, #888, #1281, .T. ) ;
#3099 = CARTESIAN_POINT ( 'NONE',  ( 3.188101183952059400, -1.320554748610706100, -3.109375000000044000 ) ) ;
#3100 = VECTOR ( 'NONE', #3043, 1000.000000000000000 ) ;
#3101 = CARTESIAN_POINT ( 'NONE',  ( 2.828427124746190700, 2.828427124746189400, -18.65625000000000700 ) ) ;
#3102 = CARTESIAN_POINT ( 'NONE',  ( 2.828427124746189800, -2.828427124746190700, -1.312500000000049700 ) ) ;
#3103 = FACE_OUTER_BOUND ( 'NONE', #1758, .T. ) ;
#3104 = CARTESIAN_POINT ( 'NONE',  ( 5.998263823987151000E-032, 4.000000000000000000, -11.00000000000002300 ) ) ;
#3105 = CARTESIAN_POINT ( 'NONE',  ( -3.188101183952083900, -3.218661177857991300E-015, -17.56250000000001100 ) ) ;
#3106 = CARTESIAN_POINT ( 'NONE',  ( -1.320554748610675200, -3.188101183952083900, 3.921874999999943200 ) ) ;
#3107 = CARTESIAN_POINT ( 'NONE',  ( 4.000000000000000000, -1.807754995536090300E-015, -18.81250000000000700 ) ) ;
#3108 = EDGE_CURVE ( 'NONE', #2874, #201, #4110, .T. ) ;
#3109 = ORIENTED_EDGE ( 'NONE', *, *, #133, .T. ) ;
#3110 = VECTOR ( 'NONE', #490, 1000.000000000000000 ) ;
#3111 = B_SPLINE_CURVE_WITH_KNOTS ( 'NONE', 3,
 ( #2959, #836, #1396, #4816 ),
 .UNSPECIFIED., .F., .F.,
 ( 4, 4 ),
 ( 0.005027661093618436000, 0.006279886154024071400 ),
 .UNSPECIFIED. ) ;
#3112 = CARTESIAN_POINT ( 'NONE',  ( -1.320554748610675200, -3.188101183952083900, -9.828125000000028400 ) ) ;
#3113 = DIRECTION ( 'NONE',  ( 0.0000000000000000000, -0.08715574274765836000, -0.9961946980917455500 ) ) ;
#3114 = ORIENTED_EDGE ( 'NONE', *, *, #1958, .T. ) ;
#3115 = ADVANCED_FACE ( 'NONE', ( #5639 ), #1743, .T. ) ;
#3116 = CARTESIAN_POINT ( 'NONE',  ( 1.656854249492384100, -3.999999999999998200, -14.04687500000001800 ) ) ;
#3117 = CARTESIAN_POINT ( 'NONE',  ( 1.656854249492383200, 3.999999999999999100, -20.92187500000001400 ) ) ;
#3118 = ORIENTED_EDGE ( 'NONE', *, *, #3811, .T. ) ;
#3119 = FACE_OUTER_BOUND ( 'NONE', #3931, .T. ) ;
#3120 = DIRECTION ( 'NONE',  ( 0.0000000000000000000, -4.440451272847397000E-018, -1.000000000000000000 ) ) ;
#3121 = CARTESIAN_POINT ( 'NONE',  ( -3.188101183952083900, -1.320554748610674600, -11.07812500000002500 ) ) ;
#3122 = ORIENTED_EDGE ( 'NONE', *, *, #2744, .F. ) ;
#3123 = CARTESIAN_POINT ( 'NONE',  ( -4.000000000000000000, 7.742014115266910900E-015, -3.031250000000044400 ) ) ;
#3124 = CARTESIAN_POINT ( 'NONE',  ( 2.828427124746190700, 2.828427124746189400, -16.15625000000001100 ) ) ;
#3125 = COORDINATED_UNIVERSAL_TIME_OFFSET ( 6, 0, .BEHIND. ) ;
#3126 = CARTESIAN_POINT ( 'NONE',  ( 0.0000000000000000000, -9.324947672979560100E-017, -21.00000000000000000 ) ) ;
#3127 = EDGE_LOOP ( 'NONE', ( #4184, #1499, #3547, #2512 ) ) ;
#3128 = CARTESIAN_POINT ( 'NONE',  ( -4.000000000000000000, 1.516798830996750800E-016, -3.031250000000044400 ) ) ;
#3129 = VERTEX_POINT ( 'NONE', #3782 ) ;
#3130 = CARTESIAN_POINT ( 'NONE',  ( 5.998263823987151000E-032, 4.000000000000000000, -7.250000000000032900 ) ) ;
#3131 = AXIS2_PLACEMENT_3D ( 'NONE', #4453, #502, #1402 ) ;
#3132 = CARTESIAN_POINT ( 'NONE',  ( 2.828427124746188500, 2.828427124746192500, -12.25000000000002500 ) ) ;
#3133 =( BOUNDED_CURVE ( )  B_SPLINE_CURVE ( 2, ( #4479, #1881, #2328, #5413, #5396, #3576, #3993, #2707, #1922 ),
 .UNSPECIFIED., .F., .T. ) 
 B_SPLINE_CURVE_WITH_KNOTS ( ( 3, 2, 2, 2, 3 ),
 ( 0.7261904761904761600, 0.7321428571428571000, 0.7380952380952381400, 0.7440476190476190700, 0.7500000000000000000 ),
 .UNSPECIFIED. ) 
 CURVE ( )  GEOMETRIC_REPRESENTATION_ITEM ( )  RATIONAL_B_SPLINE_CURVE ( ( 1.000000000000000000, 0.9238795325112867400, 1.000000000000000000, 0.9238795325112867400, 1.000000000000000000, 0.9238795325112867400, 1.000000000000000000, 0.9238795325112867400, 1.000000000000000000 ) ) 
 REPRESENTATION_ITEM ( '' )  );
#3134 = DIRECTION ( 'NONE',  ( -0.0000000000000000000, -0.0000000000000000000, -1.000000000000000000 ) ) ;
#3135 = CARTESIAN_POINT ( 'NONE',  ( -1.320554748610674800, 3.188101183952083900, -12.79687500000002100 ) ) ;
#3136 = EDGE_CURVE ( 'NONE', #3653, #4921, #3641, .T. ) ;
#3137 = CARTESIAN_POINT ( 'NONE',  ( 0.0000000000000000000, -9.324947672979560100E-017, -21.00000000000000000 ) ) ;
#3138 = CARTESIAN_POINT ( 'NONE',  ( 3.275335046949186900, 0.2286324404552448600, -0.7246649530508143500 ) ) ;
#3139 = CARTESIAN_POINT ( 'NONE',  ( -2.828427124746189800, 2.828427124746190300, -15.68750000000001800 ) ) ;
#3140 = CARTESIAN_POINT ( 'NONE',  ( 0.0000000000000000000, 3.252606517456513300E-016, 4.000000000000000000 ) ) ;
#3141 = CARTESIAN_POINT ( 'NONE',  ( 3.188101183952083900, -6.788941632725165100E-016, -9.281250000000028400 ) ) ;
#3142 = DATE_AND_TIME ( #4753, #1862 ) ;
#3143 = DIRECTION ( 'NONE',  ( -0.0000000000000000000, -0.0000000000000000000, -1.000000000000000000 ) ) ;
#3144 = VERTEX_POINT ( 'NONE', #1195 ) ;
#3145 = CARTESIAN_POINT ( 'NONE',  ( -2.828427124746190300, -2.828427124746189800, -14.28125000000001600 ) ) ;
#3146 = EDGE_CURVE ( 'NONE', #659, #991, #1984, .T. ) ;
#3147 = LINE ( 'NONE', #5442, #3268 ) ;
#3148 = CARTESIAN_POINT ( 'NONE',  ( -3.188101183952083900, 2.490017726779401800E-014, -8.656250000000030200 ) ) ;
#3149 = CARTESIAN_POINT ( 'NONE',  ( -7.249999999999999100, 8.878689293818310100E-016, 4.000000000000000000 ) ) ;
#3150 = CARTESIAN_POINT ( 'NONE',  ( -1.656854249492380800, 4.000000000000000000, -2.015625000000048800 ) ) ;
#3151 = CARTESIAN_POINT ( 'NONE',  ( 3.999999999999999100, 1.656854249492381200, -8.734375000000028400 ) ) ;
#3152 = ADVANCED_FACE ( 'NONE', ( #5564 ), #5439, .T. ) ;
#3153 = ORIENTED_EDGE ( 'NONE', *, *, #980, .T. ) ;
#3154 = CARTESIAN_POINT ( 'NONE',  ( -2.828427124746176100, 2.828427124746204100, -9.593750000000028400 ) ) ;
#3155 = ORIENTED_EDGE ( 'NONE', *, *, #4944, .F. ) ;
#3156 = CONICAL_SURFACE ( 'NONE', #5407, 4.833333333333333000, 0.2617993877991500700 ) ;
#3157 = CARTESIAN_POINT ( 'NONE',  ( -3.188101183952083900, 2.490017726779401800E-014, -8.812500000000030200 ) ) ;
#3158 = CARTESIAN_POINT ( 'NONE',  ( 2.828427124746185400, -2.828427124746195200, -8.812500000000032000 ) ) ;
#3159 = CARTESIAN_POINT ( 'NONE',  ( 5.998263823987151000E-032, 3.188101183952083900, -7.875000000000032900 ) ) ;
#3160 = AXIS2_PLACEMENT_3D ( 'NONE', #3015, #1691, #2573 ) ;
#3161 = CARTESIAN_POINT ( 'NONE',  ( 1.567547902908612100E-014, 4.000000000000000000, -2.093750000000047100 ) ) ;
#3162 = CARTESIAN_POINT ( 'NONE',  ( -4.000000000000000000, -1.656854249492380400, -14.20312500000002300 ) ) ;
#3163 = CARTESIAN_POINT ( 'NONE',  ( -2.254327966281379300, 2.254327966281379300, -11.31250000000002300 ) ) ;
#3164 = CARTESIAN_POINT ( 'NONE',  ( -1.176651296200000400E-014, 4.000000000000000000, -0.8437500000000492900 ) ) ;
#3165 = CARTESIAN_POINT ( 'NONE',  ( 2.828427124746189800, -2.828427124746190700, -17.71875000000000700 ) ) ;
#3166 = CARTESIAN_POINT ( 'NONE',  ( -4.000000000000000000, 8.839920400417336200E-016, -10.68750000000002500 ) ) ;
#3167 = ORIENTED_EDGE ( 'NONE', *, *, #1208, .F. ) ;
#3168 = AXIS2_PLACEMENT_3D ( 'NONE', #907, #3120, #523 ) ;
#3169 = CARTESIAN_POINT ( 'NONE',  ( 1.320554748610679700, 3.188101183952082500, -6.546875000000034600 ) ) ;
#3170 = ORIENTED_EDGE ( 'NONE', *, *, #3328, .T. ) ;
#3171 = CARTESIAN_POINT ( 'NONE',  ( 3.999999999999999100, -1.656854249492382600, -2.640625000000042200 ) ) ;
#3172 = CARTESIAN_POINT ( 'NONE',  ( -4.000000000000000000, 1.656854249492381000, 3.140624999999941800 ) ) ;
#3173 = CARTESIAN_POINT ( 'NONE',  ( 2.828427124746189800, -2.828427124746190700, -11.46875000000002300 ) ) ;
#3174 = CARTESIAN_POINT ( 'NONE',  ( 8.817456953860943300E-015, 4.000000000000000000, -9.750000000000026600 ) ) ;
#3175 = CARTESIAN_POINT ( 'NONE',  ( 3.188101183952079900, -1.320554748610684600, -8.265625000000032000 ) ) ;
#3176 = EDGE_CURVE ( 'NONE', #2199, #5012, #3206, .T. ) ;
#3177 = DIRECTION ( 'NONE',  ( -0.0000000000000000000, -0.0000000000000000000, -1.000000000000000000 ) ) ;
#3178 = CARTESIAN_POINT ( 'NONE',  ( 3.188101183952083400, 1.320554748610675500, -8.109375000000032000 ) ) ;
#3179 = CARTESIAN_POINT ( 'NONE',  ( -4.000000000000000000, 3.714344098498879600E-014, -1.781250000000046600 ) ) ;
#3180 = CARTESIAN_POINT ( 'NONE',  ( 2.828427124746164500, -2.828427124746215600, -6.468750000000033800 ) ) ;
#3181 = CARTESIAN_POINT ( 'NONE',  ( 2.828427124746189800, -2.828427124746190700, -16.31250000000001400 ) ) ;
#3182 = CARTESIAN_POINT ( 'NONE',  ( -1.656854249492378600, -4.000000000000000900, -17.79687500000001100 ) ) ;
#3183 = CARTESIAN_POINT ( 'NONE',  ( -3.188101183952083900, -1.320554748610674600, -9.828125000000028400 ) ) ;
#3184 = EDGE_CURVE ( 'NONE', #582, #720, #2971, .T. ) ;
#3185 = CARTESIAN_POINT ( 'NONE',  ( -1.320554748610657700, 3.188101183952090500, -1.390625000000048000 ) ) ;
#3186 = CARTESIAN_POINT ( 'NONE',  ( -4.898587196589413800E-016, -4.000000000000000000, -16.62500000000001100 ) ) ;
#3187 = CARTESIAN_POINT ( 'NONE',  ( -1.656854249492381200, -4.000000000000000000, -5.453125000000036400 ) ) ;
#3188 = CARTESIAN_POINT ( 'NONE',  ( -1.656854249492380800, 4.000000000000000000, 1.734374999999944000 ) ) ;
#3189 = ORIENTED_EDGE ( 'NONE', *, *, #1118, .T. ) ;
#3190 = CARTESIAN_POINT ( 'NONE',  ( 1.656854249492379700, -4.000000000000000900, -7.796875000000031100 ) ) ;
#3191 = EDGE_LOOP ( 'NONE', ( #1714, #4439, #365, #4780 ) ) ;
#3192 = VECTOR ( 'NONE', #651, 999.9999999999998900 ) ;
#3193 = EDGE_CURVE ( 'NONE', #1121, #2242, #3457, .T. ) ;
#3194 = CARTESIAN_POINT ( 'NONE',  ( 3.127385074028546800E-015, -3.188101183952083900, -8.500000000000032000 ) ) ;
#3195 = ORIENTED_EDGE ( 'NONE', *, *, #1462, .F. ) ;
#3196 = DIRECTION ( 'NONE',  ( -0.9203638919632243200, -0.3812272063696535200, 0.08715574274765833200 ) ) ;
#3197 = CARTESIAN_POINT ( 'NONE',  ( -2.254327966281379300, -2.254327966281379300, -3.500000000000041300 ) ) ;
#3198 = ORIENTED_EDGE ( 'NONE', *, *, #3061, .T. ) ;
#3199 = ORIENTED_EDGE ( 'NONE', *, *, #3716, .F. ) ;
#3200 = CARTESIAN_POINT ( 'NONE',  ( 3.999999999999999100, -1.656854249492382600, -13.89062500000001800 ) ) ;
#3201 = CYLINDRICAL_SURFACE ( 'NONE', #664, 3.188101183952083900 ) ;
#3202 = CARTESIAN_POINT ( 'NONE',  ( 1.656854249492383200, 3.999999999999999100, -6.078125000000034600 ) ) ;
#3203 = CARTESIAN_POINT ( 'NONE',  ( 3.188101183952083900, -1.336983574459848800E-014, -9.281250000000028400 ) ) ;
#3204 =( BOUNDED_CURVE ( )  B_SPLINE_CURVE ( 2, ( #3467, #463, #3490, #3907, #4309, #1, #851, #1280, #893 ),
 .UNSPECIFIED., .F., .F. ) 
 B_SPLINE_CURVE_WITH_KNOTS ( ( 3, 2, 2, 2, 3 ),
 ( 0.6071428571428572100, 0.6130952380952382500, 0.6190476190476190700, 0.6250000000000000000, 0.6309523809523809300 ),
 .UNSPECIFIED. ) 
 CURVE ( )  GEOMETRIC_REPRESENTATION_ITEM ( )  RATIONAL_B_SPLINE_CURVE ( ( 0.9999999999999985600, 0.9238795325112881800, 1.000000000000000000, 0.9238795325112867400, 1.000000000000000000, 0.9238795325112867400, 1.000000000000000000, 0.9238795325112867400, 1.000000000000000000 ) ) 
 REPRESENTATION_ITEM ( '' )  );
#3205 = CARTESIAN_POINT ( 'NONE',  ( -1.320554748610661200, 3.188101183952089200, -6.546875000000034600 ) ) ;
#3206 = B_SPLINE_CURVE_WITH_KNOTS ( 'NONE', 3,
 ( #2980, #2126, #833, #920 ),
 .UNSPECIFIED., .F., .F.,
 ( 4, 4 ),
 ( 0.01448277062945233100, 0.01712601868346312600 ),
 .UNSPECIFIED. ) ;
#3207 = CARTESIAN_POINT ( 'NONE',  ( 3.188101183952083900, -6.788941632725165100E-016, -5.687500000000036400 ) ) ;
#3208 = CYLINDRICAL_SURFACE ( 'NONE', #2678, 4.000000000000000000 ) ;
#3209 = EDGE_CURVE ( 'NONE', #3698, #2242, #1491, .T. ) ;
#3210 = CARTESIAN_POINT ( 'NONE',  ( 4.000000000000000000, 1.656854249492381200, -2.328125000000045300 ) ) ;
#3211 = VERTEX_POINT ( 'NONE', #471 ) ;
#3212 = CARTESIAN_POINT ( 'NONE',  ( 0.0000000000000000000, 3.252606517456513300E-016, 4.000000000000000000 ) ) ;
#3213 = CARTESIAN_POINT ( 'NONE',  ( -2.254327966281379300, 2.254327966281379300, -6.312500000000035500 ) ) ;
#3214 = ORIENTED_EDGE ( 'NONE', *, *, #4977, .T. ) ;
#3215 = CARTESIAN_POINT ( 'NONE',  ( -2.828427124746190300, -2.828427124746189800, -11.78125000000002300 ) ) ;
#3216 = CARTESIAN_POINT ( 'NONE',  ( 3.188101183952070500, -1.320554748610692300, -10.76562500000002800 ) ) ;
#3217 = CARTESIAN_POINT ( 'NONE',  ( -3.188101183952083900, 2.646189643190794200E-014, -6.156250000000036400 ) ) ;
#3218 = CARTESIAN_POINT ( 'NONE',  ( -4.000000000000000000, 1.516798830996750800E-016, -1.937500000000043300 ) ) ;
#3219 = CARTESIAN_POINT ( 'NONE',  ( 2.254327966281377500, 2.254327966281380700, -11.78125000000002500 ) ) ;
#3220 = CARTESIAN_POINT ( 'NONE',  ( -3.904297910284806600E-016, -3.188101183952083900, -7.250000000000033800 ) ) ;
#3221 = ORIENTED_EDGE ( 'NONE', *, *, #5631, .F. ) ;
#3222 = CARTESIAN_POINT ( 'NONE',  ( -4.000000000000000000, 6.888638245203861900E-016, 0.7500000000000123200 ) ) ;
#3223 = CARTESIAN_POINT ( 'NONE',  ( 3.188101183952083000, -1.320554748610676600, -8.109375000000032000 ) ) ;
#3224 = ORIENTED_EDGE ( 'NONE', *, *, #5631, .T. ) ;
#3225 =( BOUNDED_CURVE ( )  B_SPLINE_CURVE ( 2, ( #2722, #644, #3260, #4147, #1086, #4103, #3696, #1549, #5030 ),
 .UNSPECIFIED., .F., .T. ) 
 B_SPLINE_CURVE_WITH_KNOTS ( ( 3, 2, 2, 2, 3 ),
 ( 0.3214285714285714000, 0.3273809523809523300, 0.3333333333333332600, 0.3392857142857143000, 0.3452380952380952300 ),
 .UNSPECIFIED. ) 
 CURVE ( )  GEOMETRIC_REPRESENTATION_ITEM ( )  RATIONAL_B_SPLINE_CURVE ( ( 1.000000000000000700, 0.9238795325112860700, 1.000000000000000000, 0.9238795325112867400, 1.000000000000000000, 0.9238795325112867400, 1.000000000000000000, 0.9238795325112867400, 1.000000000000000000 ) ) 
 REPRESENTATION_ITEM ( '' )  );
#3226 = CARTESIAN_POINT ( 'NONE',  ( -3.188101183952095900, -1.320554748610662400, -18.73437500000000400 ) ) ;
#3227 = CARTESIAN_POINT ( 'NONE',  ( 3.188101183952083900, -1.180811658048456500E-014, -11.93750000000002300 ) ) ;
#3228 = CARTESIAN_POINT ( 'NONE',  ( 4.000000000000000000, -1.969007418563379700E-014, -5.062500000000035500 ) ) ;
#3229 = CARTESIAN_POINT ( 'NONE',  ( -3.188101183952083900, 3.028215478597698500E-015, -7.406250000000032900 ) ) ;
#3230 = CARTESIAN_POINT ( 'NONE',  ( 3.999999999999999100, 1.656854249492381200, -6.234375000000034600 ) ) ;
#3231 = VECTOR ( 'NONE', #1115, 1000.000000000000000 ) ;
#3232 = DIRECTION ( 'NONE',  ( 0.9238795325112894000, -0.3826834323650832900, 0.0000000000000000000 ) ) ;
#3233 = CARTESIAN_POINT ( 'NONE',  ( 3.188101183952083900, -1.180811658048456500E-014, -11.93750000000002300 ) ) ;
#3234 =( BOUNDED_CURVE ( )  B_SPLINE_CURVE ( 2, ( #3356, #1183, #3769, #3734, #4612, #1147, #3787, #4168, #300 ),
 .UNSPECIFIED., .F., .T. ) 
 B_SPLINE_CURVE_WITH_KNOTS ( ( 3, 2, 2, 2, 3 ),
 ( 0.2023809523809523300, 0.2083333333333333100, 0.2142857142857142500, 0.2202380952380952300, 0.2261904761904762200 ),
 .UNSPECIFIED. ) 
 CURVE ( )  GEOMETRIC_REPRESENTATION_ITEM ( )  RATIONAL_B_SPLINE_CURVE ( ( 1.000000000000000700, 0.9238795325112860700, 1.000000000000000000, 0.9238795325112867400, 1.000000000000000000, 0.9238795325112867400, 1.000000000000000000, 0.9238795325112864100, 1.000000000000000400 ) ) 
 REPRESENTATION_ITEM ( '' )  );
#3235 = DIRECTION ( 'NONE',  ( -0.0000000000000000000, -0.0000000000000000000, -1.000000000000000000 ) ) ;
#3236 = EDGE_CURVE ( 'NONE', #5086, #1359, #1340, .T. ) ;
#3237 = CONICAL_SURFACE ( 'NONE', #2289, 4.000000000000000000, 0.7853981633974500600 ) ;
#3238 = B_SPLINE_CURVE_WITH_KNOTS ( 'NONE', 3,
 ( #309, #754, #2188, #3040, #2623, #1739, #3428, #3411, #28, #5169, #4747, #2166, #4272, #1720, #3065, #4330, #1673, #5615, #468, #3495, #443, #4704, #5658, #831, #2978, #917, #5230, #897, #854, #3472, #1697, #3910 ),
 .UNSPECIFIED., .F., .F.,
 ( 4, 2, 2, 2, 2, 2, 2, 2, 2, 2, 2, 2, 2, 2, 2, 4 ),
 ( 8.569191527953265500E-023, 0.001275178899005535500, 0.001912768348508302500, 0.002550357798011070000, 0.003187947247513836700, 0.003825536697016602900, 0.004463126146519369100, 0.005100715596022136600, 0.005738305045524903300, 0.006375894495027669900, 0.007013483944530436500, 0.007651073394033202300, 0.008288662843535969000, 0.008926252293038736500, 0.009563841742541502300, 0.01020143119204426800 ),
 .UNSPECIFIED. ) ;
#3239 = CARTESIAN_POINT ( 'NONE',  ( -4.000000000000000000, -9.572539927614896900E-017, -11.93750000000002100 ) ) ;
#3240 = ORIENTED_EDGE ( 'NONE', *, *, #3184, .T. ) ;
#3241 = FACE_OUTER_BOUND ( 'NONE', #5436, .T. ) ;
#3242 = CARTESIAN_POINT ( 'NONE',  ( 1.320554748610674100, -3.188101183952084700, -4.515625000000040000 ) ) ;
#3243 = CARTESIAN_POINT ( 'NONE',  ( 2.828427124746190700, -2.828427124746189400, -18.81250000000001100 ) ) ;
#3244 = EDGE_CURVE ( 'NONE', #4971, #555, #2536, .T. ) ;
#3245 = CARTESIAN_POINT ( 'NONE',  ( 1.518625914947337800, -1.518625914947306000, 4.000000000000000000 ) ) ;
#3246 = ORIENTED_EDGE ( 'NONE', *, *, #1851, .F. ) ;
#3247 = DIRECTION ( 'NONE',  ( -1.000000000000000000, 0.0000000000000000000, 0.0000000000000000000 ) ) ;
#3248 = ORIENTED_EDGE ( 'NONE', *, *, #2005, .T. ) ;
#3249 = CIRCLE ( 'NONE', #27, 4.000000000000000000 ) ;
#3250 = CARTESIAN_POINT ( 'NONE',  ( -3.188101183952091900, 1.320554748610667200, -19.98437500000000400 ) ) ;
#3251 = CARTESIAN_POINT ( 'NONE',  ( -4.000000000000000000, 1.656854249492381000, 1.734374999999947600 ) ) ;
#3252 = ORIENTED_EDGE ( 'NONE', *, *, #5536, .T. ) ;
#3253 = PERSON_AND_ORGANIZATION ( #3943, #890 ) ;
#3254 = ORIENTED_EDGE ( 'NONE', *, *, #4944, .T. ) ;
#3255 = DIRECTION ( 'NONE',  ( -0.0000000000000000000, -0.0000000000000000000, -1.000000000000000000 ) ) ;
#3256 = ORIENTED_EDGE ( 'NONE', *, *, #38, .F. ) ;
#3257 = DIRECTION ( 'NONE',  ( -0.0000000000000000000, -0.0000000000000000000, -1.000000000000000000 ) ) ;
#3258 = CARTESIAN_POINT ( 'NONE',  ( 0.9501487722898796000, -4.687415225147666400, 3.811199603341277600 ) ) ;
#3259 = CARTESIAN_POINT ( 'NONE',  ( -3.188101183952083900, 1.019654187844447800E-016, -7.406250000000032900 ) ) ;
#3260 = CARTESIAN_POINT ( 'NONE',  ( 2.254327966281377100, 2.254327966281381100, -12.87500000000002000 ) ) ;
#3261 = CARTESIAN_POINT ( 'NONE',  ( 3.188101183952082500, -1.320554748610678800, -18.26562500000000700 ) ) ;
#3262 =( BOUNDED_CURVE ( )  B_SPLINE_CURVE ( 2, ( #4092, #4079, #4504 ),
 .UNSPECIFIED., .F., .T. ) 
 B_SPLINE_CURVE_WITH_KNOTS ( ( 3, 3 ),
 ( 0.07738095238095235600, 0.08333333333333332900 ),
 .UNSPECIFIED. ) 
 CURVE ( )  GEOMETRIC_REPRESENTATION_ITEM ( )  RATIONAL_B_SPLINE_CURVE ( ( 1.000000000000000400, 0.9238795325112864100, 1.000000000000000000 ) ) 
 REPRESENTATION_ITEM ( '' )  );
#3263 = CARTESIAN_POINT ( 'NONE',  ( 3.188101183952083900, -1.459753745329477600E-015, -19.28125000000000700 ) ) ;
#3264 = CARTESIAN_POINT ( 'NONE',  ( 2.828427124746190700, 2.828427124746189400, 2.593749999999946700 ) ) ;
#3265 = PLANE ( 'NONE',  #1043 ) ;
#3266 = EDGE_LOOP ( 'NONE', ( #1964, #4778, #4007, #4721 ) ) ;
#3267 = DIRECTION ( 'NONE',  ( -1.000000000000000000, 0.0000000000000000000, 0.0000000000000000000 ) ) ;
#3268 = VECTOR ( 'NONE', #215, 1000.000000000000000 ) ;
#3269 = CARTESIAN_POINT ( 'NONE',  ( -1.518625914947311400, -1.518625914947332500, 4.000000000000000000 ) ) ;
#3270 = CARTESIAN_POINT ( 'NONE',  ( -3.513868119256325800E-015, -3.188101183952083900, -16.00000000000001400 ) ) ;
#3271 = EDGE_LOOP ( 'NONE', ( #1870, #4213, #2332, #220 ) ) ;
#3272 = EDGE_CURVE ( 'NONE', #4128, #319, #5020, .T. ) ;
#3273 = CARTESIAN_POINT ( 'NONE',  ( 6.858022075225178600E-015, 4.000000000000000000, -12.25000000000002100 ) ) ;
#3274 = CYLINDRICAL_SURFACE ( 'NONE', #4430, 3.188101183952083900 ) ;
#3275 = CARTESIAN_POINT ( 'NONE',  ( -3.188101183952083900, -1.320554748610674600, -2.328125000000045300 ) ) ;
#3276 = CARTESIAN_POINT ( 'NONE',  ( -0.7874938090657012100, -2.815533720748161400, 1.952044866385984400 ) ) ;
#3277 = VERTEX_POINT ( 'NONE', #3498 ) ;
#3278 = CARTESIAN_POINT ( 'NONE',  ( -2.254327966281387300, -2.254327966281370900, -7.406250000000034600 ) ) ;
#3279 = CARTESIAN_POINT ( 'NONE',  ( -4.000000000000000000, -1.656854249492380400, 1.890624999999947800 ) ) ;
#3280 = CARTESIAN_POINT ( 'NONE',  ( -1.320554748610665700, 3.188101183952087900, -13.89062500000001800 ) ) ;
#3281 = ORIENTED_EDGE ( 'NONE', *, *, #5430, .F. ) ;
#3282 = CARTESIAN_POINT ( 'NONE',  ( -3.188101183952083900, -1.656942013744068800E-015, -14.90625000000001600 ) ) ;
#3283 = CARTESIAN_POINT ( 'NONE',  ( 2.254327966281377100, 2.254327966281381100, -13.03125000000002000 ) ) ;
#3284 =( BOUNDED_CURVE ( )  B_SPLINE_CURVE ( 2, ( #5417, #1090, #1973, #663, #1506, #4063, #1048, #4993, #2395 ),
 .UNSPECIFIED., .F., .F. ) 
 B_SPLINE_CURVE_WITH_KNOTS ( ( 3, 2, 2, 2, 3 ),
 ( 0.05952380952380957600, 0.06547619047619052100, 0.07142857142857145200, 0.07738095238095239700, 0.08333333333333332900 ),
 .UNSPECIFIED. ) 
 CURVE ( )  GEOMETRIC_REPRESENTATION_ITEM ( )  RATIONAL_B_SPLINE_CURVE ( ( 0.9999999999999993300, 0.9238795325112874000, 1.000000000000000000, 0.9238795325112867400, 1.000000000000000000, 0.9238795325112867400, 1.000000000000000000, 0.9238795325112867400, 1.000000000000000000 ) ) 
 REPRESENTATION_ITEM ( '' )  );
#3285 = CARTESIAN_POINT ( 'NONE',  ( 3.188101183952083900, 6.159547298426946000E-015, -4.437500000000039100 ) ) ;
#3286 = CARTESIAN_POINT ( 'NONE',  ( -3.188101183952083900, 1.019654187844447800E-016, -2.406250000000044000 ) ) ;
#3287 = CARTESIAN_POINT ( 'NONE',  ( -0.7874938090657012100, -2.815533720748161400, 1.952044866385984400 ) ) ;
#3288 = CARTESIAN_POINT ( 'NONE',  ( 1.656854249492388600, 3.999999999999996400, -3.578125000000039100 ) ) ;
#3289 = LINE ( 'NONE', #598, #4062 ) ;
#3290 = CARTESIAN_POINT ( 'NONE',  ( 2.254327966281395300, 2.254327966281363300, -8.031250000000032000 ) ) ;
#3292 = CARTESIAN_POINT ( 'NONE',  ( 2.254327966281382000, 2.254327966281376200, -19.12500000000000700 ) ) ;
#3291 = CARTESIAN_POINT ( 'NONE',  ( 2.254327966281383800, 2.254327966281374400, -15.37500000000001600 ) ) ;
#3293 = CARTESIAN_POINT ( 'NONE',  ( -1.656854249492381200, -4.000000000000000000, 0.7968749999999504800 ) ) ;
#3294 = CARTESIAN_POINT ( 'NONE',  ( 3.188101183952071900, -1.320554748610689900, -14.35937500000002000 ) ) ;
#3295 = ORIENTED_EDGE ( 'NONE', *, *, #4633, .F. ) ;
#3296 = DIRECTION ( 'NONE',  ( -0.9238795325112827400, -0.3826834323650995000, 0.0000000000000000000 ) ) ;
#3297 = CARTESIAN_POINT ( 'NONE',  ( 3.188101183952083900, -1.102725699842760400E-014, -13.03125000000002000 ) ) ;
#3298 = EDGE_CURVE ( 'NONE', #3301, #4645, #4083, .T. ) ;
#3299 = ORIENTED_EDGE ( 'NONE', *, *, #5241, .F. ) ;
#3300 = APPROVAL ( #1798, 'UNSPECIFIED' ) ;
#3301 = VERTEX_POINT ( 'NONE', #80 ) ;
#3302 = LINE ( 'NONE', #2628, #1906 ) ;
#3303 = CARTESIAN_POINT ( 'NONE',  ( 3.188101183952083000, -1.320554748610676600, -4.515625000000040000 ) ) ;
#3304 = DIRECTION ( 'NONE',  ( -0.0000000000000000000, -0.0000000000000000000, -1.000000000000000000 ) ) ;
#3305 = CARTESIAN_POINT ( 'NONE',  ( -1.320554748610674800, 3.188101183952083900, -0.1406250000000504300 ) ) ;
#3306 = CARTESIAN_POINT ( 'NONE',  ( -4.000000000000000000, 3.518400610635304000E-014, -4.281250000000041700 ) ) ;
#3307 = VERTEX_POINT ( 'NONE', #3521 ) ;
#3308 = CARTESIAN_POINT ( 'NONE',  ( -3.188101183952083900, 6.151653806825543000E-015, -2.406250000000044000 ) ) ;
#3310 = CARTESIAN_POINT ( 'NONE',  ( 4.000000000000000000, -1.969007418563379700E-014, -6.156250000000036400 ) ) ;
#3309 = CARTESIAN_POINT ( 'NONE',  ( -3.188101183952087000, 1.320554748610668800, -14.98437500000001400 ) ) ;
#3311 = CYLINDRICAL_SURFACE ( 'NONE', #2455, 4.000000000000000000 ) ;
#3312 = CARTESIAN_POINT ( 'NONE',  ( -4.000000000000000000, 8.839920400417336200E-016, -11.78125000000002700 ) ) ;
#3313 = CARTESIAN_POINT ( 'NONE',  ( -4.000000000000000000, 1.516798830996750800E-016, 0.5624999999999519300 ) ) ;
#3314 = EDGE_LOOP ( 'NONE', ( #380, #4122, #2383, #3778 ) ) ;
#3315 = CARTESIAN_POINT ( 'NONE',  ( 2.828427124746187600, -2.828427124746193000, -11.46875000000002300 ) ) ;
#3316 = CARTESIAN_POINT ( 'NONE',  ( -1.320554748610689200, -3.188101183952078100, -9.828125000000028400 ) ) ;
#3317 = CARTESIAN_POINT ( 'NONE',  ( 2.828427124746187600, -2.828427124746193000, -12.56250000000002300 ) ) ;
#3318 = CARTESIAN_POINT ( 'NONE',  ( -3.188101183952083900, 1.019654187844447800E-016, -5.062500000000039100 ) ) ;
#3319 = CARTESIAN_POINT ( 'NONE',  ( 2.828427124746210300, 2.828427124746170800, -7.406250000000031100 ) ) ;
#3320 = CARTESIAN_POINT ( 'NONE',  ( -3.904297910284806600E-016, -3.188101183952083900, 1.656249999999946000 ) ) ;
#3321 = CARTESIAN_POINT ( 'NONE',  ( 4.000000000000000000, -1.675092186768015000E-014, -8.812500000000028400 ) ) ;
#3322 = LINE ( 'NONE', #3596, #5414 ) ;
#3323 = ORIENTED_EDGE ( 'NONE', *, *, #3739, .T. ) ;
#3324 = CARTESIAN_POINT ( 'NONE',  ( -4.000000000000000000, 1.863709479359616300E-015, -10.53125000000002800 ) ) ;
#3325 = CARTESIAN_POINT ( 'NONE',  ( 2.439651216833672400, -2.069004715729087600, -0.8282447588179183700 ) ) ;
#3326 = ORIENTED_EDGE ( 'NONE', *, *, #934, .F. ) ;
#3327 = CARTESIAN_POINT ( 'NONE',  ( -3.188101183952083900, 1.320554748610674800, -19.98437500000000700 ) ) ;
#3328 = EDGE_CURVE ( 'NONE', #4011, #5527, #4467, .T. ) ;
#3329 = CARTESIAN_POINT ( 'NONE',  ( -1.320554748610668800, -3.188101183952087000, -5.921875000000036400 ) ) ;
#3330 = CARTESIAN_POINT ( 'NONE',  ( 2.254327966281381500, 2.254327966281376700, -1.781250000000046600 ) ) ;
#3331 = CARTESIAN_POINT ( 'NONE',  ( 3.188101183952083900, -1.415069532665545000E-014, -8.187500000000032000 ) ) ;
#3332 = EDGE_CURVE ( 'NONE', #4196, #2550, #4233, .T. ) ;
#3333 = CARTESIAN_POINT ( 'NONE',  ( -3.904297910284806600E-016, -3.188101183952083900, -3.500000000000041300 ) ) ;
#3334 = CARTESIAN_POINT ( 'NONE',  ( 0.5201878347750373800, -3.891047270099645700, -20.14533135803365500 ) ) ;
#3335 = CARTESIAN_POINT ( 'NONE',  ( 2.254327966281379300, 2.254327966281378900, -1.625000000000046600 ) ) ;
#3336 = CARTESIAN_POINT ( 'NONE',  ( -3.188101183952083900, 8.828250008414060500E-016, -19.90625000000000400 ) ) ;
#3337 = EDGE_LOOP ( 'NONE', ( #1189, #2711, #4979, #4984, #4933, #90, #5252, #604, #1711, #538, #2141, #4603, #3195 ) ) ;
#3338 = ORIENTED_EDGE ( 'NONE', *, *, #4291, .F. ) ;
#3339 = CARTESIAN_POINT ( 'NONE',  ( 4.000000000000000000, -2.164950906426956300E-014, -3.656250000000044900 ) ) ;
#3340 = CARTESIAN_POINT ( 'NONE',  ( 3.188101183952083900, -9.324947672979560100E-017, -21.00000000000000000 ) ) ;
#3341 = CARTESIAN_POINT ( 'NONE',  ( 3.188101183952083000, -1.320554748610676600, -20.60937500000000700 ) ) ;
#3342 = ORIENTED_EDGE ( 'NONE', *, *, #2587, .F. ) ;
#3343 = EDGE_CURVE ( 'NONE', #4288, #3631, #1820, .T. ) ;
#3344 = ORIENTED_EDGE ( 'NONE', *, *, #3236, .T. ) ;
#3345 = CARTESIAN_POINT ( 'NONE',  ( 4.000000000000000000, -1.773063930699803500E-014, -7.562500000000031100 ) ) ;
#3346 = CARTESIAN_POINT ( 'NONE',  ( -4.000000000000000000, 5.655958496054998300E-018, 15.31370849898476100 ) ) ;
#3347 = FACE_OUTER_BOUND ( 'NONE', #4628, .T. ) ;
#3348 =( BOUNDED_CURVE ( )  B_SPLINE_CURVE ( 2, ( #291, #3759, #5500, #1620, #3725, #4157, #1572, #2899, #4142 ),
 .UNSPECIFIED., .F., .F. ) 
 B_SPLINE_CURVE_WITH_KNOTS ( ( 3, 2, 2, 2, 3 ),
 ( 0.1547619047619047100, 0.1607142857142857000, 0.1666666666666666300, 0.1726190476190476200, 0.1785714285714285800 ),
 .UNSPECIFIED. ) 
 CURVE ( )  GEOMETRIC_REPRESENTATION_ITEM ( )  RATIONAL_B_SPLINE_CURVE ( ( 1.000000000000000700, 0.9238795325112860700, 1.000000000000000000, 0.9238795325112867400, 1.000000000000000000, 0.9238795325112867400, 1.000000000000000000, 0.9238795325112867400, 1.000000000000000000 ) ) 
 REPRESENTATION_ITEM ( '' )  );
#3349 =( BOUNDED_CURVE ( )  B_SPLINE_CURVE ( 2, ( #2676, #515, #3640, #2277, #1078, #5368, #1051, #636, #4912 ),
 .UNSPECIFIED., .F., .F. ) 
 B_SPLINE_CURVE_WITH_KNOTS ( ( 3, 2, 2, 2, 3 ),
 ( 0.1547619047619047100, 0.1607142857142857000, 0.1666666666666666300, 0.1726190476190476200, 0.1785714285714285800 ),
 .UNSPECIFIED. ) 
 CURVE ( )  GEOMETRIC_REPRESENTATION_ITEM ( )  RATIONAL_B_SPLINE_CURVE ( ( 1.000000000000000700, 0.9238795325112860700, 1.000000000000000000, 0.9238795325112867400, 1.000000000000000000, 0.9238795325112867400, 1.000000000000000000, 0.9238795325112867400, 1.000000000000000000 ) ) 
 REPRESENTATION_ITEM ( '' )  );
#3350 = CARTESIAN_POINT ( 'NONE',  ( -1.115357438333765200, -1.847080742981480200, 1.178179883750175800 ) ) ;
#3351 = CARTESIAN_POINT ( 'NONE',  ( -2.254327966281379300, 2.254327966281379300, -2.718750000000044000 ) ) ;
#3352 = FACE_OUTER_BOUND ( 'NONE', #1447, .T. ) ;
#3353 = CARTESIAN_POINT ( 'NONE',  ( -3.188101183952083900, -1.320554748610674600, 2.671874999999945400 ) ) ;
#3354 = CARTESIAN_POINT ( 'NONE',  ( -3.188101183952083900, 2.646189643190794200E-014, -6.312500000000036400 ) ) ;
#3355 = CARTESIAN_POINT ( 'NONE',  ( 4.000000000000005300, -1.656854249492367000, -3.890625000000039500 ) ) ;
#3357 = CARTESIAN_POINT ( 'NONE',  ( -2.828427124746171600, 2.828427124746208900, -0.8437500000000458500 ) ) ;
#3356 = CARTESIAN_POINT ( 'NONE',  ( -4.000000000000000000, -3.034877717229796700E-015, -15.68750000000001400 ) ) ;
#3358 = VERTEX_POINT ( 'NONE', #3107 ) ;
#3359 = CONICAL_SURFACE ( 'NONE', #278, 3.999999999999998200, 0.7853981633974473900 ) ;
#3360 = AXIS2_PLACEMENT_3D ( 'NONE', #3650, #2391, #4988 ) ;
#3361 = CARTESIAN_POINT ( 'NONE',  ( -2.828427124746190300, -2.828427124746189800, -10.37500000000002800 ) ) ;
#3362 = CARTESIAN_POINT ( 'NONE',  ( -3.188101183952083900, 2.490017726779401800E-014, -8.812500000000030200 ) ) ;
#3363 = CARTESIAN_POINT ( 'NONE',  ( -4.000000000000000000, 1.516798830996750800E-016, 4.312499999999941400 ) ) ;
#3364 = VERTEX_POINT ( 'NONE', #4813 ) ;
#3365 = CARTESIAN_POINT ( 'NONE',  ( -2.254327966281384700, -2.254327966281373600, -13.65625000000002000 ) ) ;
#3366 = EDGE_CURVE ( 'NONE', #1882, #2372, #1957, .T. ) ;
#3367 = ORIENTED_EDGE ( 'NONE', *, *, #88, .T. ) ;
#3368 = CARTESIAN_POINT ( 'NONE',  ( 2.225676355028801900, 2.595883590006872900, -20.64759324244906200 ) ) ;
#3369 = DIRECTION ( 'NONE',  ( -0.0000000000000000000, -0.0000000000000000000, -1.000000000000000000 ) ) ;
#3370 = CARTESIAN_POINT ( 'NONE',  ( 2.254327966281379300, -2.254327966281379300, -2.093750000000047100 ) ) ;
#3371 = VERTEX_POINT ( 'NONE', #5284 ) ;
#3372 = CARTESIAN_POINT ( 'NONE',  ( 4.311747102017224400E-014, 4.000000000000000000, -2.250000000000043500 ) ) ;
#3373 = ORIENTED_EDGE ( 'NONE', *, *, #451, .F. ) ;
#3374 = DIRECTION ( 'NONE',  ( -1.000000000000000000, 0.0000000000000000000, 0.0000000000000000000 ) ) ;
#3375 = FACE_OUTER_BOUND ( 'NONE', #3033, .T. ) ;
#3376 = EDGE_CURVE ( 'NONE', #266, #3301, #4520, .T. ) ;
#3377 = CARTESIAN_POINT ( 'NONE',  ( -4.687415225147669100, -0.9501487722898631600, 3.811199603341277600 ) ) ;
#3379 = CARTESIAN_POINT ( 'NONE',  ( -3.341460160319670100, 1.488613099077480400, -20.41260912192249300 ) ) ;
#3378 = CARTESIAN_POINT ( 'NONE',  ( -4.000000000000000000, 8.839920400417336200E-016, -10.68750000000002500 ) ) ;
#3380 = CARTESIAN_POINT ( 'NONE',  ( -1.656854249492380800, 4.000000000000000000, -9.515625000000030200 ) ) ;
#3381 = DIRECTION ( 'NONE',  ( -0.0000000000000000000, -0.0000000000000000000, 1.000000000000000000 ) ) ;
#3382 = CARTESIAN_POINT ( 'NONE',  ( -2.254327966281379300, 2.254327966281379300, -21.31250000000000000 ) ) ;
#3383 =( BOUNDED_CURVE ( )  B_SPLINE_CURVE ( 2, ( #3354, #1579, #5124, #2033, #4202, #740, #1998, #2466, #2049 ),
 .UNSPECIFIED., .F., .T. ) 
 B_SPLINE_CURVE_WITH_KNOTS ( ( 3, 2, 2, 2, 3 ),
 ( 0.5833333333333332600, 0.5892857142857141900, 0.5952380952380952300, 0.6011904761904762800, 0.6071428571428572100 ),
 .UNSPECIFIED. ) 
 CURVE ( )  GEOMETRIC_REPRESENTATION_ITEM ( )  RATIONAL_B_SPLINE_CURVE ( ( 1.000000000000001300, 0.9238795325112853000, 1.000000000000000000, 0.9238795325112867400, 1.000000000000000000, 0.9238795325112867400, 1.000000000000000000, 0.9238795325112853000, 1.000000000000001300 ) ) 
 REPRESENTATION_ITEM ( '' )  );
#3384 = DIRECTION ( 'NONE',  ( -0.0000000000000000000, -0.0000000000000000000, 1.000000000000000000 ) ) ;
#3385 = CARTESIAN_POINT ( 'NONE',  ( -3.188101183952083900, -8.760824316871077100E-016, -13.81250000000002000 ) ) ;
#3386 = VERTEX_POINT ( 'NONE', #942 ) ;
#3387 = CARTESIAN_POINT ( 'NONE',  ( -1.656854249492380800, 4.000000000000000000, -4.515625000000040000 ) ) ;
#3388 = CARTESIAN_POINT ( 'NONE',  ( 3.259617626511816600, 0.7929926635446356000, -20.72629553166609600 ) ) ;
#3389 = CARTESIAN_POINT ( 'NONE',  ( -2.254327966281374000, -2.254327966281383800, -1.000000000000046000 ) ) ;
#3390 = CARTESIAN_POINT ( 'NONE',  ( 1.320554748610674100, -3.188101183952084700, -18.42187500000001400 ) ) ;
#3391 = FACE_OUTER_BOUND ( 'NONE', #599, .T. ) ;
#3392 =( BOUNDED_CURVE ( )  B_SPLINE_CURVE ( 2, ( #3378, #1252, #4695, #5218, #426, #3817, #2987, #1235, #2568 ),
 .UNSPECIFIED., .F., .T. ) 
 B_SPLINE_CURVE_WITH_KNOTS ( ( 3, 2, 2, 2, 3 ),
 ( 0.3928571428571428500, 0.3988095238095238400, 0.4047619047619047700, 0.4107142857142856400, 0.4166666666666666300 ),
 .UNSPECIFIED. ) 
 CURVE ( )  GEOMETRIC_REPRESENTATION_ITEM ( )  RATIONAL_B_SPLINE_CURVE ( ( 1.000000000000000000, 0.9238795325112867400, 1.000000000000000000, 0.9238795325112867400, 1.000000000000000000, 0.9238795325112867400, 1.000000000000000000, 0.9238795325112874000, 0.9999999999999993300 ) ) 
 REPRESENTATION_ITEM ( '' )  );
#3393 = CARTESIAN_POINT ( 'NONE',  ( -1.320554748610690100, -3.188101183952077200, -7.171875000000034600 ) ) ;
#3394 = CARTESIAN_POINT ( 'NONE',  ( 5.998263823987151000E-032, 3.188101183952083900, 3.531249999999944000 ) ) ;
#3395 = CARTESIAN_POINT ( 'NONE',  ( 0.9666666666666665600, 2.851173418023738500, 4.000000000000000000 ) ) ;
#3396 = ORIENTED_EDGE ( 'NONE', *, *, #4567, .F. ) ;
#3397 = AXIS2_PLACEMENT_3D ( 'NONE', #1141, #5104, #4219 ) ;
#3398 = DIRECTION ( 'NONE',  ( -0.06666269134683186500, -0.06666269134683279500, 0.9955461672694008200 ) ) ;
#3400 = CARTESIAN_POINT ( 'NONE',  ( -2.932263417128098100, -2.413867601481163300, -20.27229370985561700 ) ) ;
#3399 = MECHANICAL_CONTEXT ( 'NONE', #2151, 'mechanical' ) ;
#3401 = CARTESIAN_POINT ( 'NONE',  ( 2.828427124746189800, -2.828427124746190700, -8.812500000000032000 ) ) ;
#3402 = CARTESIAN_POINT ( 'NONE',  ( 0.0000000000000000000, 5.655958496054998300E-018, 0.0000000000000000000 ) ) ;
#3403 = CARTESIAN_POINT ( 'NONE',  ( -3.188101183952083900, -1.320554748610674600, -19.82812500000000700 ) ) ;
#3404 = EDGE_CURVE ( 'NONE', #1975, #4631, #4710, .T. ) ;
#3405 = CARTESIAN_POINT ( 'NONE',  ( 1.656854249492379700, 4.000000000000000900, -15.92187500000001600 ) ) ;
#3406 = CARTESIAN_POINT ( 'NONE',  ( 2.828427124746190700, 2.828427124746189400, -7.250000000000035500 ) ) ;
#3407 = ADVANCED_FACE ( 'NONE', ( #783 ), #1660, .T. ) ;
#3408 = CARTESIAN_POINT ( 'NONE',  ( 3.305639892881912200, -0.2605712350777926200, -20.76543828608023600 ) ) ;
#3409 = ORIENTED_EDGE ( 'NONE', *, *, #1081, .T. ) ;
#3410 = EDGE_CURVE ( 'NONE', #65, #415, #5358, .T. ) ;
#3411 = CARTESIAN_POINT ( 'NONE',  ( 1.527965549594966700, -3.607500363756031900, -0.08811014546185769200 ) ) ;
#3412 = CARTESIAN_POINT ( 'NONE',  ( 3.188101183952083900, -6.788941632725165100E-016, -18.18750000000001100 ) ) ;
#3413 = CARTESIAN_POINT ( 'NONE',  ( 3.188101183952082500, -1.320554748610678800, -16.85937500000001400 ) ) ;
#3414 = CARTESIAN_POINT ( 'NONE',  ( 5.998263823987151000E-032, 3.188101183952083900, 4.781249999999938700 ) ) ;
#3415 = CIRCLE ( 'NONE', #315, 4.000000000000000000 ) ;
#3416 = CARTESIAN_POINT ( 'NONE',  ( 3.188101183952083900, 6.159547298426946000E-015, -4.437500000000039100 ) ) ;
#3417 = CARTESIAN_POINT ( 'NONE',  ( -1.656854249492380800, 4.000000000000000000, -13.26562500000002300 ) ) ;
#3418 = DIRECTION ( 'NONE',  ( 0.0000000000000000000, 0.0000000000000000000, 1.000000000000000000 ) ) ;
#3419 = CARTESIAN_POINT ( 'NONE',  ( -2.254327966281379300, -2.254327966281379300, -13.50000000000002000 ) ) ;
#3420 = AXIS2_PLACEMENT_3D ( 'NONE', #3245, #1102, #3296 ) ;
#3421 = FACE_OUTER_BOUND ( 'NONE', #3894, .T. ) ;
#3422 =( BOUNDED_CURVE ( )  B_SPLINE_CURVE ( 2, ( #5151, #4271, #5168, #3329, #4210, #4635, #3772, #5518, #2055 ),
 .UNSPECIFIED., .F., .T. ) 
 B_SPLINE_CURVE_WITH_KNOTS ( ( 3, 2, 2, 2, 3 ),
 ( 0.5833333333333332600, 0.5892857142857141900, 0.5952380952380952300, 0.6011904761904762800, 0.6071428571428572100 ),
 .UNSPECIFIED. ) 
 CURVE ( )  GEOMETRIC_REPRESENTATION_ITEM ( )  RATIONAL_B_SPLINE_CURVE ( ( 1.000000000000001300, 0.9238795325112853000, 1.000000000000000000, 0.9238795325112867400, 1.000000000000000000, 0.9238795325112867400, 1.000000000000000000, 0.9238795325112853000, 1.000000000000001300 ) ) 
 REPRESENTATION_ITEM ( '' )  );
#3423 = CARTESIAN_POINT ( 'NONE',  ( 0.0000000000000000000, -9.324947672979560100E-017, -21.00000000000000000 ) ) ;
#3424 = CARTESIAN_POINT ( 'NONE',  ( -1.656854249492381200, -4.000000000000000000, -4.046875000000043500 ) ) ;
#3425 = VERTEX_POINT ( 'NONE', #521 ) ;
#3426 = CIRCLE ( 'NONE', #2730, 3.062500000000002700 ) ;
#3427 = AXIS2_PLACEMENT_3D ( 'NONE', #1778, #928, #548 ) ;
#3428 = CARTESIAN_POINT ( 'NONE',  ( 1.918816094332298300, -3.431839979426448900, -0.07399369752825119000 ) ) ;
#3429 = CARTESIAN_POINT ( 'NONE',  ( -3.188101183952083900, 1.019654187844447800E-016, -18.81250000000001100 ) ) ;
#3430 = CARTESIAN_POINT ( 'NONE',  ( -2.254327966281379300, -2.254327966281379300, 1.343749999999945600 ) ) ;
#3431 = CARTESIAN_POINT ( 'NONE',  ( 0.9666666666667160800, -4.735680169380800400, 4.000000000000000000 ) ) ;
#3432 = VERTEX_POINT ( 'NONE', #949 ) ;
#3433 = CARTESIAN_POINT ( 'NONE',  ( -2.254327966281379300, -2.254327966281379300, 3.999999999999940900 ) ) ;
#3434 = VERTEX_POINT ( 'NONE', #3479 ) ;
#3435 = CONICAL_SURFACE ( 'NONE', #603, 6.110772408088341700, 0.7853981633974501700 ) ;
#3436 = EDGE_CURVE ( 'NONE', #2960, #801, #3702, .T. ) ;
#3438 = CARTESIAN_POINT ( 'NONE',  ( -3.188101183952087900, -1.320554748610665700, -4.984375000000037300 ) ) ;
#3437 = DIRECTION ( 'NONE',  ( -0.7071067811865487900, 8.659560562354948900E-017, 0.7071067811865463500 ) ) ;
#3439 = ADVANCED_FACE ( 'NONE', ( #5302 ), #1547, .T. ) ;
#3440 = CARTESIAN_POINT ( 'NONE',  ( 2.828427124746190700, 2.828427124746189400, -8.500000000000032000 ) ) ;
#3441 = CARTESIAN_POINT ( 'NONE',  ( -2.254327966281379300, 2.254327966281379300, -16.31250000000001400 ) ) ;
#3442 = ORIENTED_EDGE ( 'NONE', *, *, #5524, .F. ) ;
#3443 = CARTESIAN_POINT ( 'NONE',  ( -2.828427124746190300, 2.828427124746189800, -17.09375000000001100 ) ) ;
#3444 = CARTESIAN_POINT ( 'NONE',  ( -2.828427124746189800, 2.828427124746190300, -20.84375000000000000 ) ) ;
#3445 = VECTOR ( 'NONE', #1857, 1000.000000000000100 ) ;
#3446 = CARTESIAN_POINT ( 'NONE',  ( 0.0000000000000000000, 3.252606517456513300E-016, 4.000000000000000000 ) ) ;
#3447 = EDGE_CURVE ( 'NONE', #4900, #199, #2531, .T. ) ;
#3448 = CARTESIAN_POINT ( 'NONE',  ( 1.656854249492379700, -4.000000000000000900, -5.140625000000040900 ) ) ;
#3449 = CIRCLE ( 'NONE', #3360, 4.833333333333332100 ) ;
#3450 = CARTESIAN_POINT ( 'NONE',  ( 2.254327966281382900, 2.254327966281375300, -16.78125000000001100 ) ) ;
#3451 = CARTESIAN_POINT ( 'NONE',  ( -2.254327966281379300, 2.254327966281379300, -16.46875000000001400 ) ) ;
#3452 = CARTESIAN_POINT ( 'NONE',  ( 3.188101183952083400, 1.320554748610675500, 0.6406249999999468200 ) ) ;
#3453 = DIRECTION ( 'NONE',  ( -0.0000000000000000000, -0.0000000000000000000, 1.000000000000000000 ) ) ;
#3454 = CARTESIAN_POINT ( 'NONE',  ( 3.188101183952083900, -1.102725699842760400E-014, -13.18750000000002000 ) ) ;
#3455 = CARTESIAN_POINT ( 'NONE',  ( -1.656854249492361300, 4.000000000000008000, -4.515625000000041700 ) ) ;
#3456 = EDGE_CURVE ( 'NONE', #4357, #35, #3574, .T. ) ;
#3457 =( BOUNDED_CURVE ( )  B_SPLINE_CURVE ( 2, ( #3855, #900, #3913, #4728, #858, #2191, #3942, #5638, #3874 ),
 .UNSPECIFIED., .F., .T. ) 
 B_SPLINE_CURVE_WITH_KNOTS ( ( 3, 2, 2, 2, 3 ),
 ( 0.4642857142857142500, 0.4702380952380951800, 0.4761904761904761600, 0.4821428571428571500, 0.4880952380952380800 ),
 .UNSPECIFIED. ) 
 CURVE ( )  GEOMETRIC_REPRESENTATION_ITEM ( )  RATIONAL_B_SPLINE_CURVE ( ( 1.000000000000000700, 0.9238795325112860700, 1.000000000000000000, 0.9238795325112867400, 1.000000000000000000, 0.9238795325112867400, 1.000000000000000000, 0.9238795325112867400, 1.000000000000000000 ) ) 
 REPRESENTATION_ITEM ( '' )  );
#3459 = CARTESIAN_POINT ( 'NONE',  ( 2.254327966281379300, -2.254327966281379300, -20.84375000000000400 ) ) ;
#3458 = CARTESIAN_POINT ( 'NONE',  ( -1.656854249492375000, -4.000000000000002700, -2.953125000000042600 ) ) ;
#3460 = CARTESIAN_POINT ( 'NONE',  ( -4.898587196589413800E-016, -4.000000000000000000, -20.21875000000000700 ) ) ;
#3461 = CARTESIAN_POINT ( 'NONE',  ( 4.000000000000004400, -1.656854249492369500, -1.390625000000044600 ) ) ;
#3462 = CARTESIAN_POINT ( 'NONE',  ( 3.188101183952083000, -1.320554748610676600, -18.10937500000001100 ) ) ;
#3463 = ORIENTED_EDGE ( 'NONE', *, *, #5493, .F. ) ;
#3464 = ORIENTED_EDGE ( 'NONE', *, *, #2567, .T. ) ;
#3465 = DIRECTION ( 'NONE',  ( 1.000000000000000000, 0.0000000000000000000, 0.0000000000000000000 ) ) ;
#3466 = ORIENTED_EDGE ( 'NONE', *, *, #799, .F. ) ;
#3467 = CARTESIAN_POINT ( 'NONE',  ( 3.188101183952083900, -1.571241449076936900E-014, -5.531250000000036400 ) ) ;
#3468 = CYLINDRICAL_SURFACE ( 'NONE', #3727, 3.188101183952083900 ) ;
#3469 = CARTESIAN_POINT ( 'NONE',  ( 2.828427124746189800, -2.828427124746190700, -5.062500000000039100 ) ) ;
#3470 = ADVANCED_FACE ( 'NONE', ( #3980 ), #2725, .T. ) ;
#3471 = ADVANCED_FACE ( 'NONE', ( #4874 ), #4589, .T. ) ;
#3472 = CARTESIAN_POINT ( 'NONE',  ( -3.658738422312144000, -0.4261757679484492500, -0.3226764004336930600 ) ) ;
#3473 = CARTESIAN_POINT ( 'NONE',  ( 1.320554748610676800, 3.188101183952083000, -16.70312500000001400 ) ) ;
#3474 = CARTESIAN_POINT ( 'NONE',  ( 3.188101183952083900, -6.788941632725165100E-016, 3.062499999999943600 ) ) ;
#3475 = CARTESIAN_POINT ( 'NONE',  ( 3.688331160545281300, -1.156961466245728800, -20.20422745576621200 ) ) ;
#3476 = CARTESIAN_POINT ( 'NONE',  ( -2.828427124746194300, -2.828427124746185900, -18.03125000000001100 ) ) ;
#3477 = CARTESIAN_POINT ( 'NONE',  ( 2.254327966281379300, -2.254327966281379300, -12.09375000000002300 ) ) ;
#3478 = DIRECTION ( 'NONE',  ( -0.0000000000000000000, -0.0000000000000000000, 1.000000000000000000 ) ) ;
#3479 = CARTESIAN_POINT ( 'NONE',  ( 0.7874938090657505100, -2.815533720748147700, 1.952044866385984400 ) ) ;
#3480 = CARTESIAN_POINT ( 'NONE',  ( -1.656854249492381200, -4.000000000000000000, -17.79687500000001100 ) ) ;
#3481 = CARTESIAN_POINT ( 'NONE',  ( 3.188101183952083900, -9.324947672979560100E-017, -21.00000000000000000 ) ) ;
#3482 = EDGE_LOOP ( 'NONE', ( #3802, #3776, #623, #773 ) ) ;
#3483 = CARTESIAN_POINT ( 'NONE',  ( 1.320554748610674100, -3.188101183952084700, -14.51562500000001800 ) ) ;
#3484 = ORIENTED_EDGE ( 'NONE', *, *, #2259, .F. ) ;
#3485 = EDGE_CURVE ( 'NONE', #65, #458, #526, .T. ) ;
#3486 = CARTESIAN_POINT ( 'NONE',  ( 2.828427124746161900, -2.828427124746218700, -2.562500000000047500 ) ) ;
#3487 = SECURITY_CLASSIFICATION ( '', '', #2633 ) ;
#3488 = CARTESIAN_POINT ( 'NONE',  ( -1.656854249492381200, -4.000000000000000000, -20.45312500000000400 ) ) ;
#3489 = CARTESIAN_POINT ( 'NONE',  ( 8.817456953860943300E-015, 4.000000000000000000, -10.84375000000002700 ) ) ;
#3490 = CARTESIAN_POINT ( 'NONE',  ( 2.254327966281396600, 2.254327966281361600, -5.375000000000036400 ) ) ;
#3491 = VERTEX_POINT ( 'NONE', #3222 ) ;
#3492 = ORIENTED_EDGE ( 'NONE', *, *, #2902, .T. ) ;
#3493 = CARTESIAN_POINT ( 'NONE',  ( 3.188101183952099400, 1.320554748610648100, -10.45312500000002500 ) ) ;
#3494 = CARTESIAN_POINT ( 'NONE',  ( -4.000000000000000000, 1.656854249492381000, -3.109375000000045700 ) ) ;
#3495 = CARTESIAN_POINT ( 'NONE',  ( -2.130799441785003800, -3.136165987904447200, -0.2144703426993251100 ) ) ;
#3496 = CARTESIAN_POINT ( 'NONE',  ( 1.320554748610674100, -3.188101183952084700, -15.92187500000001600 ) ) ;
#3497 = CARTESIAN_POINT ( 'NONE',  ( -3.188101183952083900, 1.019654187844447800E-016, 2.437499999999943200 ) ) ;
#3498 = CARTESIAN_POINT ( 'NONE',  ( -3.188101183952083900, 6.856367324268150400E-016, -11.15625000000002500 ) ) ;
#3499 = VECTOR ( 'NONE', #2727, 1000.000000000000000 ) ;
#3500 = CARTESIAN_POINT ( 'NONE',  ( 1.656854249492379700, -4.000000000000000900, -9.046875000000030200 ) ) ;
#3501 = CARTESIAN_POINT ( 'NONE',  ( -3.188101183952072300, 1.320554748610689000, -16.23437500000001400 ) ) ;
#3502 = CARTESIAN_POINT ( 'NONE',  ( 2.254327966281379300, 2.254327966281378900, -10.53125000000002700 ) ) ;
#3503 = CARTESIAN_POINT ( 'NONE',  ( 1.871556275951000700, -2.580942902325641200, -20.87439881604791800 ) ) ;
#3504 = FACE_OUTER_BOUND ( 'NONE', #1542, .T. ) ;
#3505 = ADVANCED_FACE ( 'NONE', ( #2407 ), #5580, .F. ) ;
#3506 = ADVANCED_FACE ( 'NONE', ( #369 ), #4494, .T. ) ;
#3507 = CARTESIAN_POINT ( 'NONE',  ( -1.271058365406038800, 3.281396402753377300, -0.4883682351980221900 ) ) ;
#3508 = CARTESIAN_POINT ( 'NONE',  ( -2.828427124746190300, -2.828427124746189800, -17.87500000000001100 ) ) ;
#3509 = DIRECTION ( 'NONE',  ( -0.0000000000000000000, -0.0000000000000000000, -1.000000000000000000 ) ) ;
#3510 = CARTESIAN_POINT ( 'NONE',  ( -3.188101183952083900, 1.019654187844447800E-016, -17.40625000000001100 ) ) ;
#3511 = ORIENTED_EDGE ( 'NONE', *, *, #2471, .T. ) ;
#3512 = VECTOR ( 'NONE', #1944, 1000.000000000000000 ) ;
#3513 = CARTESIAN_POINT ( 'NONE',  ( -4.000000000000000000, 1.656854249492381000, -19.51562500000000700 ) ) ;
#3514 = CARTESIAN_POINT ( 'NONE',  ( 0.0000000000000000000, -4.132827466703376200E-017, -21.00000000000000000 ) ) ;
#3515 = CARTESIAN_POINT ( 'NONE',  ( -4.000000000000000000, -1.656854249492380400, -1.703125000000048400 ) ) ;
#3516 = ORIENTED_EDGE ( 'NONE', *, *, #1839, .F. ) ;
#3517 = AXIS2_PLACEMENT_3D ( 'NONE', #1466, #3196, #1517 ) ;
#3518 = CARTESIAN_POINT ( 'NONE',  ( 4.000000000000000000, -9.892899792454974100E-015, -18.65625000000001100 ) ) ;
#3519 = CARTESIAN_POINT ( 'NONE',  ( -1.320554748610674800, 3.188101183952083900, -15.29687500000001800 ) ) ;
#3520 = CARTESIAN_POINT ( 'NONE',  ( 1.320554748610674100, -3.188101183952084700, 2.828124999999941400 ) ) ;
#3521 = CARTESIAN_POINT ( 'NONE',  ( -4.000000000000000000, -1.075442838594031600E-015, -13.18750000000001800 ) ) ;
#3522 = VERTEX_POINT ( 'NONE', #2324 ) ;
#3523 = CARTESIAN_POINT ( 'NONE',  ( 3.188101183952083900, -8.684678252256720500E-015, -16.78125000000001100 ) ) ;
#3524 = APPROVAL_DATE_TIME ( #4005, #3300 ) ;
#3525 = CARTESIAN_POINT ( 'NONE',  ( -1.320554748610674800, 3.188101183952083900, -10.29687500000002700 ) ) ;
#3526 = ORIENTED_EDGE ( 'NONE', *, *, #1399, .F. ) ;
#3527 = EDGE_LOOP ( 'NONE', ( #1351, #5504, #794, #2644, #3898 ) ) ;
#3528 = EDGE_CURVE ( 'NONE', #3491, #4971, #3415, .T. ) ;
#3529 = CARTESIAN_POINT ( 'NONE',  ( 3.188101183952083900, -1.727413365488329300E-014, -3.187500000000044400 ) ) ;
#3530 = ORIENTED_EDGE ( 'NONE', *, *, #3919, .F. ) ;
#3531 = CARTESIAN_POINT ( 'NONE',  ( 2.955806731297004200, 1.546260256045566300, -0.6719139301811502000 ) ) ;
#3532 = CARTESIAN_POINT ( 'NONE',  ( -2.828427124746189800, 2.828427124746190300, -18.18750000000001100 ) ) ;
#3533 = DIRECTION ( 'NONE',  ( -0.0000000000000000000, -0.0000000000000000000, -1.000000000000000000 ) ) ;
#3534 = CARTESIAN_POINT ( 'NONE',  ( -3.188101183952083900, -1.320554748610674600, -12.32812500000002100 ) ) ;
#3535 = CARTESIAN_POINT ( 'NONE',  ( 4.735680169380810200, 0.9666666666666664500, 4.000000000000000000 ) ) ;
#3536 = CARTESIAN_POINT ( 'NONE',  ( -4.000000000000000000, 1.516798830996750800E-016, -15.68750000000001400 ) ) ;
#3537 = CARTESIAN_POINT ( 'NONE',  ( 4.000000000000000000, -1.479148698904438500E-014, -11.31250000000002100 ) ) ;
#3538 = VERTEX_POINT ( 'NONE', #4540 ) ;
#3539 = EDGE_CURVE ( 'NONE', #705, #582, #108, .T. ) ;
#3540 = CARTESIAN_POINT ( 'NONE',  ( 3.999999999999999100, 1.656854249492381200, -2.328125000000045300 ) ) ;
#3541 = CARTESIAN_POINT ( 'NONE',  ( 1.656854249492379700, -4.000000000000000900, -11.54687500000002300 ) ) ;
#3542 = CARTESIAN_POINT ( 'NONE',  ( -3.904297910284806600E-016, -3.188101183952083900, 3.999999999999940900 ) ) ;
#3543 = EDGE_LOOP ( 'NONE', ( #5216, #1114, #440, #1224 ) ) ;
#3544 =( BOUNDED_CURVE ( )  B_SPLINE_CURVE ( 2, ( #317, #2926, #4185, #1597, #5140, #4627, #2451, #5530, #2944 ),
 .UNSPECIFIED., .F., .T. ) 
 B_SPLINE_CURVE_WITH_KNOTS ( ( 3, 2, 2, 2, 3 ),
 ( 0.2738095238095237800, 0.2797619047619047100, 0.2857142857142857000, 0.2916666666666666900, 0.2976190476190476200 ),
 .UNSPECIFIED. ) 
 CURVE ( )  GEOMETRIC_REPRESENTATION_ITEM ( )  RATIONAL_B_SPLINE_CURVE ( ( 1.000000000000000700, 0.9238795325112860700, 1.000000000000000000, 0.9238795325112867400, 1.000000000000000000, 0.9238795325112867400, 1.000000000000000000, 0.9238795325112867400, 1.000000000000000000 ) ) 
 REPRESENTATION_ITEM ( '' )  );
#3545 = DIRECTION ( 'NONE',  ( -0.0000000000000000000, -0.0000000000000000000, -1.000000000000000000 ) ) ;
#3546 = CARTESIAN_POINT ( 'NONE',  ( 3.188101183952083000, -1.320554748610676600, -13.26562500000002100 ) ) ;
#3547 = ORIENTED_EDGE ( 'NONE', *, *, #2703, .F. ) ;
#3548 = LINE ( 'NONE', #988, #1301 ) ;
#3549 = CARTESIAN_POINT ( 'NONE',  ( 3.188101183952059400, -1.320554748610706100, -3.265625000000043500 ) ) ;
#3550 = ORIENTED_EDGE ( 'NONE', *, *, #2744, .T. ) ;
#3551 = CARTESIAN_POINT ( 'NONE',  ( 3.279201704420535700, -2.377652545071842200, -0.03244061165049592900 ) ) ;
#3552 = CARTESIAN_POINT ( 'NONE',  ( 3.999999999999999100, -1.656854249492382600, -17.48437500000001800 ) ) ;
#3553 = CARTESIAN_POINT ( 'NONE',  ( 3.592148881119762800, -1.007308833183549600, -0.2749533392508857200 ) ) ;
#3554 = CARTESIAN_POINT ( 'NONE',  ( -3.188101183952083900, 1.019654187844447800E-016, -12.40625000000002100 ) ) ;
#3555 = CARTESIAN_POINT ( 'NONE',  ( -4.735680169380803900, -0.9666666666666995400, 4.000000000000000000 ) ) ;
#3556 = CARTESIAN_POINT ( 'NONE',  ( -4.000000000000000000, -1.656854249492380400, -14.35937500000001600 ) ) ;
#3557 = DIRECTION ( 'NONE',  ( 0.9238795325112827400, 0.3826834323650994400, 0.0000000000000000000 ) ) ;
#3558 = CARTESIAN_POINT ( 'NONE',  ( -4.898587196589413800E-016, -4.000000000000000000, -2.718750000000044000 ) ) ;
#3559 = CARTESIAN_POINT ( 'NONE',  ( -1.656854249492380800, 4.000000000000000000, -8.421875000000030200 ) ) ;
#3560 = CARTESIAN_POINT ( 'NONE',  ( 4.000000000000009800, 1.656854249492357300, -8.578125000000032000 ) ) ;
#3561 = CARTESIAN_POINT ( 'NONE',  ( 0.0000000000000000000, 5.655958496054998300E-018, 15.31370849898476100 ) ) ;
#3562 = CARTESIAN_POINT ( 'NONE',  ( -1.309756779131173500, -1.309756779131191700, 0.8807309842807566900 ) ) ;
#3563 = AXIS2_PLACEMENT_3D ( 'NONE', #509, #1389, #4855 ) ;
#3564 = CARTESIAN_POINT ( 'NONE',  ( 1.320554748610674100, -3.188101183952084700, -9.671875000000032000 ) ) ;
#3565 = EDGE_LOOP ( 'NONE', ( #4150, #2962, #2412, #2034 ) ) ;
#3566 = ORIENTED_EDGE ( 'NONE', *, *, #2460, .T. ) ;
#3567 = APPROVAL_STATUS ( 'not_yet_approved' ) ;
#3568 = ADVANCED_FACE ( 'NONE', ( #1261 ), #1913, .T. ) ;
#3569 = CARTESIAN_POINT ( 'NONE',  ( -4.000000000000006200, -1.656854249492365000, -0.4531250000000507400 ) ) ;
#3570 = CARTESIAN_POINT ( 'NONE',  ( -4.000000000000000000, 1.656854249492381000, -14.35937500000002000 ) ) ;
#3571 = CARTESIAN_POINT ( 'NONE',  ( -1.320554748610674800, 3.188101183952083900, -10.14062500000003000 ) ) ;
#3572 = EDGE_CURVE ( 'NONE', #4337, #705, #4922, .T. ) ;
#3573 = CARTESIAN_POINT ( 'NONE',  ( 4.000000000000035500, 1.656854249492328000, -1.078125000000049500 ) ) ;
#3574 = LINE ( 'NONE', #1877, #5149 ) ;
#3575 = CARTESIAN_POINT ( 'NONE',  ( 3.999999999999999100, -1.656854249492382600, -17.64062500000000700 ) ) ;
#3576 = CARTESIAN_POINT ( 'NONE',  ( 1.320554748610646800, -3.188101183952095000, -2.171875000000045300 ) ) ;
#3577 = CARTESIAN_POINT ( 'NONE',  ( -3.188101183952083900, 6.856367324268150400E-016, -11.31250000000002500 ) ) ;
#3578 =( BOUNDED_CURVE ( )  B_SPLINE_CURVE ( 2, ( #1970, #2826, #3736, #5018, #1553, #5056, #2379, #3250, #661 ),
 .UNSPECIFIED., .F., .T. ) 
 B_SPLINE_CURVE_WITH_KNOTS ( ( 3, 2, 2, 2, 3 ),
 ( 0.03571428571428569100, 0.04166666666666666400, 0.04761904761904763000, 0.05357142857142860300, 0.05952380952380957600 ),
 .UNSPECIFIED. ) 
 CURVE ( )  GEOMETRIC_REPRESENTATION_ITEM ( )  RATIONAL_B_SPLINE_CURVE ( ( 1.000000000000000200, 0.9238795325112865200, 1.000000000000000000, 0.9238795325112867400, 1.000000000000000000, 0.9238795325112867400, 1.000000000000000000, 0.9238795325112860700, 1.000000000000000700 ) ) 
 REPRESENTATION_ITEM ( '' )  );
#3579 = CARTESIAN_POINT ( 'NONE',  ( -3.999999999999985800, 1.656854249492398100, -15.76562500000001200 ) ) ;
#3580 = CARTESIAN_POINT ( 'NONE',  ( -2.828427124746189800, 2.828427124746190300, 3.062499999999940500 ) ) ;
#3581 = CARTESIAN_POINT ( 'NONE',  ( 2.828427124746189800, -2.828427124746190700, -7.718750000000031100 ) ) ;
#3582 = CARTESIAN_POINT ( 'NONE',  ( 4.000000000000000900, 1.656854249492378600, -16.23437500000001400 ) ) ;
#3583 = CARTESIAN_POINT ( 'NONE',  ( -2.254327966281370900, -2.254327966281387300, -8.656250000000030200 ) ) ;
#3584 = CARTESIAN_POINT ( 'NONE',  ( -1.320554748610674800, 3.188101183952083900, -21.54687500000000400 ) ) ;
#3585 = ORIENTED_EDGE ( 'NONE', *, *, #174, .F. ) ;
#3586 = CIRCLE ( 'NONE', #506, 7.249999999999999100 ) ;
#3587 = CARTESIAN_POINT ( 'NONE',  ( -1.320554748610674800, 3.188101183952083900, -9.046875000000033800 ) ) ;
#3588 = DIRECTION ( 'NONE',  ( 0.0000000000000000000, 0.0000000000000000000, 1.000000000000000000 ) ) ;
#3589 = ORIENTED_EDGE ( 'NONE', *, *, #2497, .F. ) ;
#3590 = CARTESIAN_POINT ( 'NONE',  ( -4.898587196589413800E-016, -4.000000000000000000, -13.96875000000002100 ) ) ;
#3591 = ORIENTED_EDGE ( 'NONE', *, *, #5486, .T. ) ;
#3592 = FACE_OUTER_BOUND ( 'NONE', #3565, .T. ) ;
#3593 = CARTESIAN_POINT ( 'NONE',  ( -2.828427124746195200, -2.828427124746185400, -17.87500000000001100 ) ) ;
#3594 = CARTESIAN_POINT ( 'NONE',  ( -3.904297910284806600E-016, -3.188101183952083900, -8.343750000000032000 ) ) ;
#3595 = AXIS2_PLACEMENT_3D ( 'NONE', #4065, #2819, #1908 ) ;
#3596 = CARTESIAN_POINT ( 'NONE',  ( 4.000000000000000000, 5.655958496054998300E-018, 0.0000000000000000000 ) ) ;
#3597 = CARTESIAN_POINT ( 'NONE',  ( -1.656854249492380800, 4.000000000000000000, -17.17187500000001100 ) ) ;
#3598 = CARTESIAN_POINT ( 'NONE',  ( -2.342973420750953800E-014, -3.188101183952083900, -2.093750000000043500 ) ) ;
#3599 = CARTESIAN_POINT ( 'NONE',  ( 3.188101183952083900, 7.721266462540868900E-015, -6.781250000000033800 ) ) ;
#3600 = CARTESIAN_POINT ( 'NONE',  ( 1.656854249492383200, 3.999999999999999100, -2.328125000000041700 ) ) ;
#3601 = VERTEX_POINT ( 'NONE', #234 ) ;
#3602 = CARTESIAN_POINT ( 'NONE',  ( 3.999999999999999100, -1.656854249492382600, -8.890625000000028400 ) ) ;
#3603 = ADVANCED_FACE ( 'NONE', ( #2029 ), #3265, .T. ) ;
#3604 = CARTESIAN_POINT ( 'NONE',  ( 7.837739514543060500E-015, 4.000000000000000000, -12.09375000000002500 ) ) ;
#3605 = VECTOR ( 'NONE', #1129, 1000.000000000000000 ) ;
#3606 = EDGE_CURVE ( 'NONE', #324, #1565, #3720, .T. ) ;
#3607 = CARTESIAN_POINT ( 'NONE',  ( 2.828427124746193400, 2.828427124746186700, -2.250000000000047100 ) ) ;
#3608 = CARTESIAN_POINT ( 'NONE',  ( 4.000000000000006200, -1.656854249492365000, -6.390625000000034600 ) ) ;
#3609 = CARTESIAN_POINT ( 'NONE',  ( 3.999999999999999100, 1.656854249492381200, -13.57812500000002300 ) ) ;
#3610 = CARTESIAN_POINT ( 'NONE',  ( -4.000000000000012400, -1.656854249492366800, -17.95312500000001100 ) ) ;
#3611 = CARTESIAN_POINT ( 'NONE',  ( 2.254327966281379300, 2.254327966281378900, -11.62500000000002500 ) ) ;
#3612 = APPROVAL_PERSON_ORGANIZATION ( #2983, #703, #2658 ) ;
#3613 = CARTESIAN_POINT ( 'NONE',  ( -2.828427124746190700, 2.828427124746189400, -0.6875000000000491800 ) ) ;
#3614 = CARTESIAN_POINT ( 'NONE',  ( 1.656854249492379700, -4.000000000000000900, -17.79687500000000700 ) ) ;
#3615 = CARTESIAN_POINT ( 'NONE',  ( 7.842691359635766500E-015, -4.000000000000000000, -12.87500000000002000 ) ) ;
#3616 = VECTOR ( 'NONE', #4026, 1000.000000000000000 ) ;
#3617 = DIRECTION ( 'NONE',  ( -0.01733375049385960800, -0.08714264840443979000, 0.9960450290638855900 ) ) ;
#3618 = CARTESIAN_POINT ( 'NONE',  ( -1.656854249492380800, 4.000000000000000000, -3.421875000000039500 ) ) ;
#3619 = CARTESIAN_POINT ( 'NONE',  ( -0.9666666666666331500, -4.735680169380817300, 4.000000000000000000 ) ) ;
#3620 = CARTESIAN_POINT ( 'NONE',  ( -1.656854249492380800, 4.000000000000000000, -7.171875000000032900 ) ) ;
#3621 =( BOUNDED_CURVE ( )  B_SPLINE_CURVE ( 2, ( #2478, #363, #1209, #5525, #5597, #736, #2888, #5556, #5135 ),
 .UNSPECIFIED., .F., .T. ) 
 B_SPLINE_CURVE_WITH_KNOTS ( ( 3, 2, 2, 2, 3 ),
 ( 0.1309523809523809600, 0.1369047619047619200, 0.1428571428571428200, 0.1488095238095237800, 0.1547619047619047100 ),
 .UNSPECIFIED. ) 
 CURVE ( )  GEOMETRIC_REPRESENTATION_ITEM ( )  RATIONAL_B_SPLINE_CURVE ( ( 1.000000000000000000, 0.9238795325112867400, 1.000000000000000000, 0.9238795325112867400, 1.000000000000000000, 0.9238795325112867400, 1.000000000000000000, 0.9238795325112874000, 0.9999999999999993300 ) ) 
 REPRESENTATION_ITEM ( '' )  );
#3622 = ORIENTED_EDGE ( 'NONE', *, *, #887, .T. ) ;
#3623 = ORIENTED_EDGE ( 'NONE', *, *, #2668, .T. ) ;
#3624 = CARTESIAN_POINT ( 'NONE',  ( -1.656854249492365000, 4.000000000000006200, -9.515625000000030200 ) ) ;
#3625 = AXIS2_PLACEMENT_3D ( 'NONE', #1681, #5176, #424 ) ;
#3626 = CARTESIAN_POINT ( 'NONE',  ( -2.851173418023741600, 0.9666666666666565700, 4.000000000000000000 ) ) ;
#3627 = CARTESIAN_POINT ( 'NONE',  ( -3.188101183952083900, -1.320554748610674600, -7.328125000000032000 ) ) ;
#3628 = CARTESIAN_POINT ( 'NONE',  ( 5.998263823987151000E-032, 4.000000000000000000, -12.25000000000002100 ) ) ;
#3629 = CARTESIAN_POINT ( 'NONE',  ( -3.188101183952083900, 2.646189643190794200E-014, -6.156250000000036400 ) ) ;
#3630 = CARTESIAN_POINT ( 'NONE',  ( 3.188101183952083900, -1.024639741637064300E-014, -14.43750000000001800 ) ) ;
#3631 = VERTEX_POINT ( 'NONE', #1942 ) ;
#3632 = AXIS2_PLACEMENT_3D ( 'NONE', #5528, #4675, #5598 ) ;
#3633 = CARTESIAN_POINT ( 'NONE',  ( 3.127385074028546800E-015, -3.188101183952083900, -8.343750000000032000 ) ) ;
#3634 = ORIENTED_EDGE ( 'NONE', *, *, #4284, .F. ) ;
#3635 = CARTESIAN_POINT ( 'NONE',  ( -4.000000000000000000, -1.656854249492380400, -5.609375000000036400 ) ) ;
#3636 = CARTESIAN_POINT ( 'NONE',  ( -2.828427124746189800, 2.828427124746190300, 1.812499999999942700 ) ) ;
#3637 = CARTESIAN_POINT ( 'NONE',  ( 2.254327966281397500, 2.254327966281360700, -3.031250000000044400 ) ) ;
#3638 = VERTEX_POINT ( 'NONE', #1492 ) ;
#3639 = ORIENTED_EDGE ( 'NONE', *, *, #1545, .F. ) ;
#3640 = CARTESIAN_POINT ( 'NONE',  ( -2.254327966281382900, -2.254327966281375300, -17.40625000000001100 ) ) ;
#3641 = B_SPLINE_CURVE_WITH_KNOTS ( 'NONE', 3,
 ( #3815, #2890, #1231, #311, #1179, #788, #295, #3334, #738, #4249 ),
 .UNSPECIFIED., .F., .F.,
 ( 4, 2, 2, 2, 4 ),
 ( 5.376593445242228000E-017, 0.0007725609959993894500, 0.001545121991998725100, 0.002317682987998061600, 0.003090243983997397800 ),
 .UNSPECIFIED. ) ;
#3642 = CARTESIAN_POINT ( 'NONE',  ( -2.254327966281379300, -2.254327966281379300, -4.906250000000039100 ) ) ;
#3643 = PLANE ( 'NONE',  #594 ) ;
#3644 = VECTOR ( 'NONE', #1404, 1000.000000000000000 ) ;
#3645 = CARTESIAN_POINT ( 'NONE',  ( -1.320554748610675200, -3.188101183952083900, -3.421875000000042600 ) ) ;
#3646 = EDGE_CURVE ( 'NONE', #1193, #5312, #1694, .T. ) ;
#3647 =( BOUNDED_CURVE ( )  B_SPLINE_CURVE ( 2, ( #3518, #1416, #5299, #512, #964, #1394, #4425, #5321, #2694 ),
 .UNSPECIFIED., .F., .F. ) 
 B_SPLINE_CURVE_WITH_KNOTS ( ( 3, 2, 2, 2, 3 ),
 ( 0.1309523809523809600, 0.1369047619047619200, 0.1428571428571428200, 0.1488095238095237800, 0.1547619047619047100 ),
 .UNSPECIFIED. ) 
 CURVE ( )  GEOMETRIC_REPRESENTATION_ITEM ( )  RATIONAL_B_SPLINE_CURVE ( ( 1.000000000000000000, 0.9238795325112867400, 1.000000000000000000, 0.9238795325112867400, 1.000000000000000000, 0.9238795325112867400, 1.000000000000000000, 0.9238795325112874000, 0.9999999999999993300 ) ) 
 REPRESENTATION_ITEM ( '' )  );
#3648 = FACE_OUTER_BOUND ( 'NONE', #3127, .T. ) ;
#3649 = CARTESIAN_POINT ( 'NONE',  ( -1.656854249492381200, -4.000000000000000000, -12.95312500000002100 ) ) ;
#3650 = CARTESIAN_POINT ( 'NONE',  ( 0.0000000000000000000, 3.252606517456513300E-016, 4.000000000000000000 ) ) ;
#3651 = CARTESIAN_POINT ( 'NONE',  ( -4.000000000000000000, 1.131397322417557600E-015, -19.43750000000000400 ) ) ;
#3652 = CARTESIAN_POINT ( 'NONE',  ( 2.828427124746190700, 2.828427124746189400, -3.656250000000041300 ) ) ;
#3653 = VERTEX_POINT ( 'NONE', #1926 ) ;
#3654 = ORIENTED_EDGE ( 'NONE', *, *, #1839, .T. ) ;
#3655 = DIRECTION ( 'NONE',  ( 3.376416516527718700E-015, -1.000000000000000000, 0.0000000000000000000 ) ) ;
#3656 = EDGE_CURVE ( 'NONE', #1734, #3975, #3284, .T. ) ;
#3657 = VERTEX_POINT ( 'NONE', #2801 ) ;
#3658 = CARTESIAN_POINT ( 'NONE',  ( -3.188101183952083900, 1.019654187844447800E-016, -7.562500000000032900 ) ) ;
#3659 = CARTESIAN_POINT ( 'NONE',  ( 1.561719164113922700E-015, 3.188101183952083900, -19.12500000000000700 ) ) ;
#3660 = ORIENTED_EDGE ( 'NONE', *, *, #4366, .T. ) ;
#3661 = LINE ( 'NONE', #3026, #4195 ) ;
#3662 = CARTESIAN_POINT ( 'NONE',  ( 5.998263823987151000E-032, 3.188101183952083900, -6.468750000000035500 ) ) ;
#3663 = CARTESIAN_POINT ( 'NONE',  ( 0.8958157618529271100, -4.064769454878733000, 3.190170452280508300 ) ) ;
#3664 = AXIS2_PLACEMENT_3D ( 'NONE', #2176, #1752, #4777 ) ;
#3665 = ORIENTED_EDGE ( 'NONE', *, *, #3193, .F. ) ;
#3666 = VERTEX_POINT ( 'NONE', #1527 ) ;
#3667 = ORIENTED_EDGE ( 'NONE', *, *, #4682, .F. ) ;
#3668 = CARTESIAN_POINT ( 'NONE',  ( 0.0000000000000000000, 0.0000000000000000000, 3.811199603341275800 ) ) ;
#3669 = CARTESIAN_POINT ( 'NONE',  ( 0.0000000000000000000, 5.655958496054998300E-018, 15.31370849898476100 ) ) ;
#3670 = CARTESIAN_POINT ( 'NONE',  ( -0.5016120939946078200, -3.148392362186617000, -20.87439881604805300 ) ) ;
#3671 = CARTESIAN_POINT ( 'NONE',  ( -3.188101183952083900, 1.466496314483776300E-015, -10.06250000000002800 ) ) ;
#3672 = CARTESIAN_POINT ( 'NONE',  ( 1.656854249492379700, -4.000000000000000900, -4.046875000000040900 ) ) ;
#3673 = CARTESIAN_POINT ( 'NONE',  ( -4.000000000000000000, 5.655958496054998300E-018, 15.31370849898476100 ) ) ;
#3674 = AXIS2_PLACEMENT_3D ( 'NONE', #3887, #3952, #3465 ) ;
#3675 = B_SPLINE_CURVE_WITH_KNOTS ( 'NONE', 3,
 ( #3258, #1981, #5027, #5440 ),
 .UNSPECIFIED., .F., .F.,
 ( 4, 4 ),
 ( 0.001420673074166257900, 0.001616243865009599400 ),
 .UNSPECIFIED. ) ;
#3676 = EDGE_CURVE ( 'NONE', #966, #645, #678, .T. ) ;
#3677 = CARTESIAN_POINT ( 'NONE',  ( 4.000000000000000000, -1.185233467109074100E-014, -15.06250000000001400 ) ) ;
#3678 = CARTESIAN_POINT ( 'NONE',  ( 2.254327966281380700, 2.254327966281377500, -4.281250000000041700 ) ) ;
#3679 = CARTESIAN_POINT ( 'NONE',  ( 5.998263823987151000E-032, 3.188101183952083900, -5.218750000000039100 ) ) ;
#3680 = CARTESIAN_POINT ( 'NONE',  ( -3.999999999999965400, 1.656854249492431700, -6.859375000000036400 ) ) ;
#3681 = ORIENTED_EDGE ( 'NONE', *, *, #1672, .T. ) ;
#3682 = DIRECTION ( 'NONE',  ( -0.0000000000000000000, -0.0000000000000000000, -1.000000000000000000 ) ) ;
#3683 = VECTOR ( 'NONE', #290, 1000.000000000000000 ) ;
#3684 = VERTEX_POINT ( 'NONE', #4516 ) ;
#3685 = CARTESIAN_POINT ( 'NONE',  ( -4.000000000000000000, 3.322457122771727800E-014, -6.781250000000037300 ) ) ;
#3686 = CARTESIAN_POINT ( 'NONE',  ( 3.188101183952091400, 1.320554748610656400, -7.953125000000031100 ) ) ;
#3687 = CARTESIAN_POINT ( 'NONE',  ( 2.828427124746189800, -2.828427124746190700, 3.531249999999944000 ) ) ;
#3688 = EDGE_CURVE ( 'NONE', #1934, #1013, #1562, .T. ) ;
#3689 = CARTESIAN_POINT ( 'NONE',  ( 3.188101183952111400, 1.320554748610633900, -3.109375000000044400 ) ) ;
#3690 = DIRECTION ( 'NONE',  ( 0.08715574274765836000, 0.0000000000000000000, -0.9961946980917455500 ) ) ;
#3691 = CARTESIAN_POINT ( 'NONE',  ( -4.000000000000000000, 2.111114761735440400E-015, -19.28125000000000700 ) ) ;
#3692 = AXIS2_PLACEMENT_3D ( 'NONE', #5147, #2513, #827 ) ;
#3693 = CARTESIAN_POINT ( 'NONE',  ( 1.656854249492381700, 3.999999999999999100, -12.32812500000002000 ) ) ;
#3694 = CARTESIAN_POINT ( 'NONE',  ( -1.320554748610659500, 3.188101183952090100, -4.046875000000040000 ) ) ;
#3695 = CARTESIAN_POINT ( 'NONE',  ( -2.254327966281379300, -2.254327966281379300, -6.000000000000036400 ) ) ;
#3696 = CARTESIAN_POINT ( 'NONE',  ( -2.254327966281369100, 2.254327966281389100, -12.56250000000002100 ) ) ;
#3697 = ORIENTED_EDGE ( 'NONE', *, *, #1023, .T. ) ;
#3698 = VERTEX_POINT ( 'NONE', #5446 ) ;
#3699 = CARTESIAN_POINT ( 'NONE',  ( 3.188101183952091400, 1.320554748610656400, -8.109375000000032000 ) ) ;
#3700 = CARTESIAN_POINT ( 'NONE',  ( -4.000000000000000000, -2.055160277911914400E-015, -14.43750000000001600 ) ) ;
#3701 = CARTESIAN_POINT ( 'NONE',  ( 4.000000000000000000, -8.280375562182076100E-016, -1.312500000000046200 ) ) ;
#3702 = LINE ( 'NONE', #2611, #4708 ) ;
#3703 = CARTESIAN_POINT ( 'NONE',  ( 1.320554748610677500, -3.188101183952083000, -14.51562500000001800 ) ) ;
#3704 = CARTESIAN_POINT ( 'NONE',  ( 3.188101183952083000, 1.320554748610676600, -4.203125000000040000 ) ) ;
#3705 = CARTESIAN_POINT ( 'NONE',  ( -3.252606517456513300E-016, -1.135641495829896900E-030, 4.000000000000000000 ) ) ;
#3706 = DIRECTION ( 'NONE',  ( 0.0000000000000000000, 0.0000000000000000000, 1.000000000000000000 ) ) ;
#3707 = EDGE_CURVE ( 'NONE', #3792, #2740, #140, .T. ) ;
#3708 = VECTOR ( 'NONE', #1742, 1000.000000000000000 ) ;
#3709 = CC_DESIGN_PERSON_AND_ORGANIZATION_ASSIGNMENT ( #5326, #4775, ( #3487 ) ) ;
#3710 = CARTESIAN_POINT ( 'NONE',  ( -1.656854249492390600, 3.999999999999995600, -4.671875000000037300 ) ) ;
#3711 =( BOUNDED_CURVE ( )  B_SPLINE_CURVE ( 2, ( #5061, #256, #4124, #4572, #5438, #5024, #3728, #2426, #3297 ),
 .UNSPECIFIED., .F., .F. ) 
 B_SPLINE_CURVE_WITH_KNOTS ( ( 3, 2, 2, 2, 3 ),
 ( 0.2976190476190476200, 0.3035714285714285500, 0.3095238095238095300, 0.3154761904761904100, 0.3214285714285714000 ),
 .UNSPECIFIED. ) 
 CURVE ( )  GEOMETRIC_REPRESENTATION_ITEM ( )  RATIONAL_B_SPLINE_CURVE ( ( 1.000000000000000000, 0.9238795325112867400, 1.000000000000000000, 0.9238795325112867400, 1.000000000000000000, 0.9238795325112867400, 1.000000000000000000, 0.9238795325112874000, 0.9999999999999993300 ) ) 
 REPRESENTATION_ITEM ( '' )  );
#3712 = CARTESIAN_POINT ( 'NONE',  ( -3.188101183952083000, 1.320554748610676600, -2.484375000000045700 ) ) ;
#3713 = ORIENTED_EDGE ( 'NONE', *, *, #5430, .T. ) ;
#3714 = FACE_OUTER_BOUND ( 'NONE', #2350, .T. ) ;
#3715 = CARTESIAN_POINT ( 'NONE',  ( -1.320554748610674800, 3.188101183952083900, -1.390625000000048200 ) ) ;
#3716 = EDGE_CURVE ( 'NONE', #4971, #3491, #3249, .T. ) ;
#3717 = ORIENTED_EDGE ( 'NONE', *, *, #3209, .F. ) ;
#3718 = CARTESIAN_POINT ( 'NONE',  ( 0.0000000000000000000, -3.716535159873934600E-017, -20.06250000000000400 ) ) ;
#3719 = ORIENTED_EDGE ( 'NONE', *, *, #3485, .F. ) ;
#3720 = LINE ( 'NONE', #5469, #734 ) ;
#3721 = CARTESIAN_POINT ( 'NONE',  ( -4.735680169380813700, 0.9666666666666496900, 4.000000000000000000 ) ) ;
#3722 = CARTESIAN_POINT ( 'NONE',  ( -1.656854249492381200, -4.000000000000000000, -0.4531250000000473000 ) ) ;
#3723 = ORIENTED_EDGE ( 'NONE', *, *, #5455, .T. ) ;
#3724 = CARTESIAN_POINT ( 'NONE',  ( -2.254327966281384200, -2.254327966281374400, -14.75000000000001600 ) ) ;
#3725 = CARTESIAN_POINT ( 'NONE',  ( -3.429011037612589300E-015, -4.000000000000000000, -16.62500000000001100 ) ) ;
#3726 = ORIENTED_EDGE ( 'NONE', *, *, #1512, .T. ) ;
#3727 = AXIS2_PLACEMENT_3D ( 'NONE', #2000, #1985, #5054 ) ;
#3728 = CARTESIAN_POINT ( 'NONE',  ( 2.254327966281377500, -2.254327966281380700, -13.18750000000002000 ) ) ;
#3729 = ORIENTED_EDGE ( 'NONE', *, *, #223, .T. ) ;
#3730 = CARTESIAN_POINT ( 'NONE',  ( 1.320554748610674100, -3.188101183952084700, -2.015625000000044900 ) ) ;
#3731 = CARTESIAN_POINT ( 'NONE',  ( 4.000000000000000000, 4.955146781549962200E-016, 15.31370849898476100 ) ) ;
#3732 = CARTESIAN_POINT ( 'NONE',  ( -4.000000000000000000, 9.701448993902676400E-015, -0.5312500000000490700 ) ) ;
#3733 = FACE_OUTER_BOUND ( 'NONE', #2028, .T. ) ;
#3735 = CARTESIAN_POINT ( 'NONE',  ( 4.000000000000017800, -1.656854249492370600, -6.234375000000035500 ) ) ;
#3734 = CARTESIAN_POINT ( 'NONE',  ( -1.656854249492379500, -4.000000000000000900, -15.45312500000001400 ) ) ;
#3736 = CARTESIAN_POINT ( 'NONE',  ( 2.254327966281379300, 2.254327966281378900, -20.37500000000000400 ) ) ;
#3737 = CARTESIAN_POINT ( 'NONE',  ( 2.828427124746189800, -2.828427124746190700, 2.281249999999946700 ) ) ;
#3738 = CARTESIAN_POINT ( 'NONE',  ( -3.188101183952083900, 3.028215478597698500E-015, -7.562500000000032900 ) ) ;
#3739 = EDGE_CURVE ( 'NONE', #1142, #2939, #2388, .T. ) ;
#3740 = AXIS2_PLACEMENT_3D ( 'NONE', #692, #1729, #3946 ) ;
#3741 = DIRECTION ( 'NONE',  ( 0.0000000000000000000, -4.440451272847397000E-018, -1.000000000000000000 ) ) ;
#3742 = LINE ( 'NONE', #2424, #5537 ) ;
#3743 = CARTESIAN_POINT ( 'NONE',  ( -4.000000000000015100, -1.656854249492343700, -8.109375000000030200 ) ) ;
#3744 = DIRECTION ( 'NONE',  ( 1.000000000000000000, 0.0000000000000000000, 0.0000000000000000000 ) ) ;
#3745 = ORIENTED_EDGE ( 'NONE', *, *, #3885, .F. ) ;
#3746 = ORIENTED_EDGE ( 'NONE', *, *, #934, .T. ) ;
#3747 = EDGE_CURVE ( 'NONE', #4323, #1975, #4605, .T. ) ;
#3748 = CARTESIAN_POINT ( 'NONE',  ( -2.828427124746183600, -2.828427124746196100, -0.5312500000000455200 ) ) ;
#3749 = CARTESIAN_POINT ( 'NONE',  ( 2.254327966281379300, -2.254327966281379300, -3.343750000000041300 ) ) ;
#3750 = CARTESIAN_POINT ( 'NONE',  ( -2.254327966281380700, 2.254327966281377500, -2.562500000000044000 ) ) ;
#3751 = CARTESIAN_POINT ( 'NONE',  ( 5.998263823987151000E-032, 3.188101183952083900, 1.031249999999948900 ) ) ;
#3752 = CARTESIAN_POINT ( 'NONE',  ( 2.254327966281379300, 2.254327966281378900, -20.53125000000000400 ) ) ;
#3753 = CARTESIAN_POINT ( 'NONE',  ( 4.000000000000006200, -1.656854249492365000, -7.484375000000035500 ) ) ;
#3754 = CARTESIAN_POINT ( 'NONE',  ( 3.999999999999984500, -1.656854249492402300, -11.23437500000002700 ) ) ;
#3755 = CARTESIAN_POINT ( 'NONE',  ( 5.998263823987151000E-032, 4.000000000000000000, 0.2499999999999516500 ) ) ;
#3756 = EDGE_CURVE ( 'NONE', #3358, #1188, #366, .T. ) ;
#3757 = CARTESIAN_POINT ( 'NONE',  ( -3.188101183952083900, 2.971803142986850300E-016, -21.00000000000000000 ) ) ;
#3758 = ORIENTED_EDGE ( 'NONE', *, *, #2009, .F. ) ;
#3759 = CARTESIAN_POINT ( 'NONE',  ( -4.000000000000012400, -1.656854249492366800, -16.85937500000001100 ) ) ;
#3760 = VERTEX_POINT ( 'NONE', #252 ) ;
#3761 = CARTESIAN_POINT ( 'NONE',  ( 3.188101183952083400, 1.320554748610675500, -5.609375000000038200 ) ) ;
#3762 = EDGE_LOOP ( 'NONE', ( #3256, #4254, #1690, #1234 ) ) ;
#3763 = VERTEX_POINT ( 'NONE', #3738 ) ;
#3764 = CARTESIAN_POINT ( 'NONE',  ( 1.656854249492414100, 3.999999999999986200, -7.328125000000032900 ) ) ;
#3765 = CARTESIAN_POINT ( 'NONE',  ( 1.320554748610674100, -3.188101183952084700, 1.734374999999947600 ) ) ;
#3766 = CARTESIAN_POINT ( 'NONE',  ( 3.188101183952083000, -1.320554748610677500, -19.35937500000000400 ) ) ;
#3767 = VECTOR ( 'NONE', #4059, 1000.000000000000000 ) ;
#3768 = CARTESIAN_POINT ( 'NONE',  ( -4.782744419517952000, 5.857172644502525800E-016, 3.811199603341277600 ) ) ;
#3770 = CARTESIAN_POINT ( 'NONE',  ( 1.964386723728471900E-015, -4.000000000000000000, -6.468750000000037300 ) ) ;
#3769 = CARTESIAN_POINT ( 'NONE',  ( -2.828427124746195600, -2.828427124746184500, -15.53125000000001400 ) ) ;
#3771 = CARTESIAN_POINT ( 'NONE',  ( 5.998263823987151000E-032, 4.000000000000000000, 5.249999999999938700 ) ) ;
#3772 = CARTESIAN_POINT ( 'NONE',  ( 2.254327966281374400, -2.254327966281384200, -5.687500000000036400 ) ) ;
#3773 = CARTESIAN_POINT ( 'NONE',  ( 1.249375331291138100E-014, 3.188101183952083900, -1.625000000000046600 ) ) ;
#3774 = CARTESIAN_POINT ( 'NONE',  ( 0.0000000000000000000, -4.132827466703378100E-017, -21.00000000000000000 ) ) ;
#3775 = EDGE_CURVE ( 'NONE', #3522, #2458, #4299, .T. ) ;
#3776 = ORIENTED_EDGE ( 'NONE', *, *, #2067, .T. ) ;
#3777 =( BOUNDED_CURVE ( )  B_SPLINE_CURVE ( 2, ( #676, #3699, #3290, #1953, #691, #2016, #4117, #2876, #711 ),
 .UNSPECIFIED., .F., .F. ) 
 B_SPLINE_CURVE_WITH_KNOTS ( ( 3, 2, 2, 2, 3 ),
 ( 0.5119047619047618600, 0.5178571428571429000, 0.5238095238095238400, 0.5297619047619047700, 0.5357142857142857000 ),
 .UNSPECIFIED. ) 
 CURVE ( )  GEOMETRIC_REPRESENTATION_ITEM ( )  RATIONAL_B_SPLINE_CURVE ( ( 1.000000000000000000, 0.9238795325112867400, 1.000000000000000000, 0.9238795325112867400, 1.000000000000000000, 0.9238795325112867400, 1.000000000000000000, 0.9238795325112867400, 1.000000000000000000 ) ) 
 REPRESENTATION_ITEM ( '' )  );
#3778 = ORIENTED_EDGE ( 'NONE', *, *, #3436, .F. ) ;
#3779 = VECTOR ( 'NONE', #4924, 1000.000000000000000 ) ;
#3780 = CARTESIAN_POINT ( 'NONE',  ( -1.320554748610672100, -3.188101183952084700, -0.9218750000000475200 ) ) ;
#3781 = CARTESIAN_POINT ( 'NONE',  ( -3.188101183952083900, 1.019654187844447800E-016, -6.312500000000036400 ) ) ;
#3782 = CARTESIAN_POINT ( 'NONE',  ( 3.188101183952083900, -9.465537834313682300E-015, -15.68750000000001400 ) ) ;
#3783 = CARTESIAN_POINT ( 'NONE',  ( 1.320554748610676800, 3.188101183952083000, -2.796875000000042200 ) ) ;
#3784 = CARTESIAN_POINT ( 'NONE',  ( 4.000000000000000000, -1.381176954972650700E-014, -13.65625000000002100 ) ) ;
#3785 = ORIENTED_EDGE ( 'NONE', *, *, #3146, .F. ) ;
#3786 = CARTESIAN_POINT ( 'NONE',  ( 1.656854249492347300, -4.000000000000013300, -4.046875000000040000 ) ) ;
#3788 = CARTESIAN_POINT ( 'NONE',  ( -3.993104247387551500E-016, -3.260617061317356800, -20.80188293868264200 ) ) ;
#3787 = CARTESIAN_POINT ( 'NONE',  ( 2.828427124746189400, -2.828427124746190700, -15.21875000000001400 ) ) ;
#3789 = ORIENTED_EDGE ( 'NONE', *, *, #3456, .F. ) ;
#3790 = CARTESIAN_POINT ( 'NONE',  ( 1.656854249492383200, 3.999999999999999100, 5.171874999999941400 ) ) ;
#3791 = ORIENTED_EDGE ( 'NONE', *, *, #1520, .F. ) ;
#3792 = VERTEX_POINT ( 'NONE', #376 ) ;
#3793 = FACE_OUTER_BOUND ( 'NONE', #1498, .T. ) ;
#3794 = DIRECTION ( 'NONE',  ( -0.0000000000000000000, -0.0000000000000000000, 1.000000000000000000 ) ) ;
#3795 = CARTESIAN_POINT ( 'NONE',  ( 1.320554748610674100, -3.188101183952084300, -9.515625000000028400 ) ) ;
#3796 = CARTESIAN_POINT ( 'NONE',  ( -3.188101183952083900, -1.320554748610674600, -2.484375000000045300 ) ) ;
#3797 = CARTESIAN_POINT ( 'NONE',  ( 1.320554748610676800, 3.188101183952083000, 4.703124999999939600 ) ) ;
#3798 = CARTESIAN_POINT ( 'NONE',  ( -1.656854249492375000, -4.000000000000002700, -4.046875000000043500 ) ) ;
#3800 = CARTESIAN_POINT ( 'NONE',  ( -3.318277655399909600, -1.796799503115207500, -20.29671799671273600 ) ) ;
#3799 = DIRECTION ( 'NONE',  ( 0.2588190451025213500, 0.0000000000000000000, 0.9659258262890680900 ) ) ;
#3801 = CARTESIAN_POINT ( 'NONE',  ( -1.656854249492381200, -4.000000000000000000, -10.29687500000002800 ) ) ;
#3802 = ORIENTED_EDGE ( 'NONE', *, *, #4086, .F. ) ;
#3803 = CARTESIAN_POINT ( 'NONE',  ( -3.188101183952083900, 1.019654187844447800E-016, -21.15625000000000000 ) ) ;
#3804 = LINE ( 'NONE', #438, #699 ) ;
#3805 =( BOUNDED_CURVE ( )  B_SPLINE_CURVE ( 2, ( #3599, #5338, #1842, #3169, #4019, #2708, #578, #2313, #3217 ),
 .UNSPECIFIED., .F., .F. ) 
 B_SPLINE_CURVE_WITH_KNOTS ( ( 3, 2, 2, 2, 3 ),
 ( 0.5595238095238095300, 0.5654761904761904700, 0.5714285714285714000, 0.5773809523809522200, 0.5833333333333332600 ),
 .UNSPECIFIED. ) 
 CURVE ( )  GEOMETRIC_REPRESENTATION_ITEM ( )  RATIONAL_B_SPLINE_CURVE ( ( 1.000000000000000000, 0.9238795325112867400, 1.000000000000000000, 0.9238795325112867400, 1.000000000000000000, 0.9238795325112867400, 1.000000000000000000, 0.9238795325112881800, 0.9999999999999985600 ) ) 
 REPRESENTATION_ITEM ( '' )  );
#3806 = EDGE_CURVE ( 'NONE', #2939, #1565, #3879, .T. ) ;
#3807 = DIRECTION ( 'NONE',  ( 1.000000000000000000, 0.0000000000000000000, 0.0000000000000000000 ) ) ;
#3808 = CARTESIAN_POINT ( 'NONE',  ( 3.188101183952083900, -1.102725699842760400E-014, -13.18750000000002000 ) ) ;
#3809 = CARTESIAN_POINT ( 'NONE',  ( -4.000000000000000000, 1.656854249492381000, -6.859375000000036400 ) ) ;
#3810 = CARTESIAN_POINT ( 'NONE',  ( 2.878571024801206000, 1.773860564037050400, -20.68577500233348600 ) ) ;
#3811 = EDGE_CURVE ( 'NONE', #1437, #3666, #2896, .T. ) ;
#3812 = CARTESIAN_POINT ( 'NONE',  ( -4.000000000000012400, -1.656854249492365900, -16.70312500000001400 ) ) ;
#3813 = CARTESIAN_POINT ( 'NONE',  ( 5.998263823987151000E-032, 3.188101183952083900, -1.625000000000046600 ) ) ;
#3814 =( BOUNDED_CURVE ( )  B_SPLINE_CURVE ( 2, ( #2877, #5511, #3291, #1633, #5127, #285, #5108, #3309, #725 ),
 .UNSPECIFIED., .F., .T. ) 
 B_SPLINE_CURVE_WITH_KNOTS ( ( 3, 2, 2, 2, 3 ),
 ( 0.2261904761904762200, 0.2321428571428571800, 0.2380952380952380800, 0.2440476190476190400, 0.2500000000000000000 ),
 .UNSPECIFIED. ) 
 CURVE ( )  GEOMETRIC_REPRESENTATION_ITEM ( )  RATIONAL_B_SPLINE_CURVE ( ( 0.9999999999999996700, 0.9238795325112870700, 1.000000000000000000, 0.9238795325112867400, 1.000000000000000000, 0.9238795325112867400, 1.000000000000000000, 0.9238795325112867400, 1.000000000000000000 ) ) 
 REPRESENTATION_ITEM ( '' )  );
#3815 = CARTESIAN_POINT ( 'NONE',  ( 2.828427124746191600, -2.828427124746189400, -20.06250000000000700 ) ) ;
#3816 = CARTESIAN_POINT ( 'NONE',  ( -4.000000000000000900, 1.656854249492379000, -7.015625000000032000 ) ) ;
#3818 = CARTESIAN_POINT ( 'NONE',  ( -1.309756779131187000, 1.309756779131177900, 0.8807309842807564700 ) ) ;
#3817 = CARTESIAN_POINT ( 'NONE',  ( 1.656854249492381200, -4.000000000000000000, -10.29687500000002500 ) ) ;
#3819 = CARTESIAN_POINT ( 'NONE',  ( 3.999999999999999100, -1.656854249492382600, -11.23437500000002700 ) ) ;
#3820 = ORIENTED_EDGE ( 'NONE', *, *, #4490, .T. ) ;
#3821 = CARTESIAN_POINT ( 'NONE',  ( -3.904297910284806600E-016, -3.188101183952083900, -18.34375000000001100 ) ) ;
#3822 = ORIENTED_EDGE ( 'NONE', *, *, #1618, .F. ) ;
#3823 = AXIS2_PLACEMENT_3D ( 'NONE', #3834, #1251, #1087 ) ;
#3824 = CARTESIAN_POINT ( 'NONE',  ( -3.188101183952085600, 1.320554748610669700, -13.89062500000002000 ) ) ;
#3825 = CARTESIAN_POINT ( 'NONE',  ( 3.801835597702579100, 1.243401016583743200, 2.778446867978223700E-016 ) ) ;
#3826 = VECTOR ( 'NONE', #1302, 1000.000000000000000 ) ;
#3827 = CARTESIAN_POINT ( 'NONE',  ( 3.999999999999999100, -1.656854249492382600, -4.984375000000040900 ) ) ;
#3828 = CARTESIAN_POINT ( 'NONE',  ( 2.094388266881163800, 2.710891413558521400, -20.64126427836365400 ) ) ;
#3829 = CARTESIAN_POINT ( 'NONE',  ( -2.828427124746195600, -2.828427124746184500, -16.62500000000001400 ) ) ;
#3830 = CARTESIAN_POINT ( 'NONE',  ( 3.188101183952083400, 1.320554748610675500, -20.60937500000000700 ) ) ;
#3831 = CARTESIAN_POINT ( 'NONE',  ( -1.656854249492388600, 3.999999999999996400, -2.171875000000041700 ) ) ;
#3832 = FACE_OUTER_BOUND ( 'NONE', #3996, .T. ) ;
#3833 = CARTESIAN_POINT ( 'NONE',  ( 1.371604415045035700E-014, 4.000000000000000000, -4.593750000000042600 ) ) ;
#3834 = CARTESIAN_POINT ( 'NONE',  ( 0.0000000000000000000, 5.655958496054998300E-018, 15.31370849898476100 ) ) ;
#3835 = EDGE_CURVE ( 'NONE', #4645, #5509, #1095, .T. ) ;
#3836 = CARTESIAN_POINT ( 'NONE',  ( -3.188101183952083900, 4.589934642711620200E-015, -5.062500000000039100 ) ) ;
#3837 = ORIENTED_EDGE ( 'NONE', *, *, #3328, .F. ) ;
#3838 = LINE ( 'NONE', #123, #2413 ) ;
#3839 = CARTESIAN_POINT ( 'NONE',  ( 3.999999999999999100, -1.656854249492382600, -8.734375000000032000 ) ) ;
#3840 = CARTESIAN_POINT ( 'NONE',  ( -1.718285755105384900E-014, -3.188101183952083900, -12.09375000000002300 ) ) ;
#3841 = CARTESIAN_POINT ( 'NONE',  ( -3.188101183952083900, 1.019654187844447800E-016, -19.90625000000000400 ) ) ;
#3842 = CARTESIAN_POINT ( 'NONE',  ( 0.9501487722898305200, 4.687415225147676200, 3.811199603341277600 ) ) ;
#3843 = ORIENTED_EDGE ( 'NONE', *, *, #425, .F. ) ;
#3844 = ORIENTED_EDGE ( 'NONE', *, *, #3366, .F. ) ;
#3845 = FACE_OUTER_BOUND ( 'NONE', #2640, .T. ) ;
#3846 = CARTESIAN_POINT ( 'NONE',  ( 0.0000000000000000000, -9.324947672979560100E-017, -21.00000000000000000 ) ) ;
#3847 = EDGE_CURVE ( 'NONE', #2842, #655, #3999, .T. ) ;
#3848 = ORIENTED_EDGE ( 'NONE', *, *, #4242, .F. ) ;
#3849 = CARTESIAN_POINT ( 'NONE',  ( -4.000000000000000000, 1.516798830996750800E-016, -8.031250000000033800 ) ) ;
#3850 = CARTESIAN_POINT ( 'NONE',  ( 3.247257993703720500, -0.6045430229331947300, -20.77841765015685700 ) ) ;
#3851 = CARTESIAN_POINT ( 'NONE',  ( -1.309756779131187000, 1.309756779131177900, 0.8807309842807564700 ) ) ;
#3852 = CARTESIAN_POINT ( 'NONE',  ( 3.188101183952083400, 1.320554748610675500, -19.35937500000000400 ) ) ;
#3853 = CARTESIAN_POINT ( 'NONE',  ( -2.254327966281379300, 2.254327966281379300, 1.031249999999948900 ) ) ;
#3854 = ORIENTED_EDGE ( 'NONE', *, *, #1645, .T. ) ;
#3855 = CARTESIAN_POINT ( 'NONE',  ( 3.188101183952083900, -1.336983574459848800E-014, -9.281250000000028400 ) ) ;
#3856 = ORIENTED_EDGE ( 'NONE', *, *, #2185, .F. ) ;
#3857 = CARTESIAN_POINT ( 'NONE',  ( -2.254327966281379300, -2.254327966281379300, 2.749999999999943600 ) ) ;
#3858 = LINE ( 'NONE', #4629, #398 ) ;
#3859 = EDGE_CURVE ( 'NONE', #472, #5404, #1514, .T. ) ;
#3860 = CARTESIAN_POINT ( 'NONE',  ( -4.000000000000004400, -1.656854249492369500, -5.453125000000039100 ) ) ;
#3862 = CARTESIAN_POINT ( 'NONE',  ( -0.2415111188116031700, -3.893538511653834400, -20.16896148834686300 ) ) ;
#3861 = CARTESIAN_POINT ( 'NONE',  ( -2.828427124746182700, -2.828427124746197800, -3.031250000000040900 ) ) ;
#3863 = CARTESIAN_POINT ( 'NONE',  ( 1.656854249492379700, -4.000000000000000900, -11.39062500000002800 ) ) ;
#3864 = CARTESIAN_POINT ( 'NONE',  ( -3.188101183952083900, -1.320554748610674600, -17.32812500000001100 ) ) ;
#3865 = CARTESIAN_POINT ( 'NONE',  ( 1.309756779131196100, -1.309756779131168800, 0.8807309842807565800 ) ) ;
#3866 = CARTESIAN_POINT ( 'NONE',  ( 5.998263823987151000E-032, 4.000000000000000000, -18.50000000000000700 ) ) ;
#3867 = AXIS2_PLACEMENT_3D ( 'NONE', #2397, #5471, #2832 ) ;
#3868 = VERTEX_POINT ( 'NONE', #1760 ) ;
#3869 = CARTESIAN_POINT ( 'NONE',  ( 2.828427124746189800, -2.828427124746190700, -6.312500000000036400 ) ) ;
#3870 = DIRECTION ( 'NONE',  ( -0.0000000000000000000, -0.0000000000000000000, 1.000000000000000000 ) ) ;
#3871 = CARTESIAN_POINT ( 'NONE',  ( 3.188101183952083000, -1.320554748610676600, -18.26562500000001100 ) ) ;
#3872 = CARTESIAN_POINT ( 'NONE',  ( 2.254327966281379300, -2.254327966281379300, 1.656249999999946000 ) ) ;
#3873 = VECTOR ( 'NONE', #4273, 1000.000000000000000 ) ;
#3874 = CARTESIAN_POINT ( 'NONE',  ( -3.188101183952083900, 2.490017726779401800E-014, -8.656250000000030200 ) ) ;
#3875 = CARTESIAN_POINT ( 'NONE',  ( -3.999999999999963600, 1.656854249492433700, -4.359375000000040900 ) ) ;
#3876 = ORIENTED_EDGE ( 'NONE', *, *, #2319, .T. ) ;
#3877 = AXIS2_PLACEMENT_3D ( 'NONE', #2382, #3255, #2441 ) ;
#3878 = VERTEX_POINT ( 'NONE', #2529 ) ;
#3879 =( BOUNDED_CURVE ( )  B_SPLINE_CURVE ( 2, ( #4582, #4189, #2882, #1692, #1989, #3280, #5038, #5058, #2408 ),
 .UNSPECIFIED., .F., .T. ) 
 B_SPLINE_CURVE_WITH_KNOTS ( ( 3, 2, 2, 2, 3 ),
 ( 0.2738095238095237800, 0.2797619047619047100, 0.2857142857142857000, 0.2916666666666666900, 0.2976190476190476200 ),
 .UNSPECIFIED. ) 
 CURVE ( )  GEOMETRIC_REPRESENTATION_ITEM ( )  RATIONAL_B_SPLINE_CURVE ( ( 1.000000000000000700, 0.9238795325112860700, 1.000000000000000000, 0.9238795325112867400, 1.000000000000000000, 0.9238795325112867400, 1.000000000000000000, 0.9238795325112867400, 1.000000000000000000 ) ) 
 REPRESENTATION_ITEM ( '' )  );
#3881 = CARTESIAN_POINT ( 'NONE',  ( 1.567547902908612100E-014, 4.000000000000000000, -1.000000000000046000 ) ) ;
#3880 = CARTESIAN_POINT ( 'NONE',  ( 4.000000000000000000, -2.164950906426956300E-014, -2.562500000000044000 ) ) ;
#3882 = CARTESIAN_POINT ( 'NONE',  ( -4.000000000000000000, 1.516798830996750800E-016, -13.03125000000002100 ) ) ;
#3883 = CARTESIAN_POINT ( 'NONE',  ( 0.0000000000000000000, -3.062500000000002700, -21.00000000000000000 ) ) ;
#3884 = CARTESIAN_POINT ( 'NONE',  ( -1.320554748610675200, -3.188101183952083900, -13.42187500000001800 ) ) ;
#3885 = EDGE_CURVE ( 'NONE', #3129, #2585, #2810, .T. ) ;
#3886 = CARTESIAN_POINT ( 'NONE',  ( 0.9556547051326643700, 4.703504979265504800, 3.874132703710360100 ) ) ;
#3887 = CARTESIAN_POINT ( 'NONE',  ( 0.0000000000000000000, 0.0000000000000000000, 3.811199603341277600 ) ) ;
#3888 = CARTESIAN_POINT ( 'NONE',  ( 4.000000000000000000, -1.577120442836226900E-014, -11.15625000000002700 ) ) ;
#3889 = DIRECTION ( 'NONE',  ( 0.0000000000000000000, -0.7071067811865469100, 0.7071067811865482400 ) ) ;
#3890 = CARTESIAN_POINT ( 'NONE',  ( 3.999999999999999100, 1.656854249492381200, -3.578125000000043100 ) ) ;
#3891 = ORIENTED_EDGE ( 'NONE', *, *, #3343, .F. ) ;
#3892 = CARTESIAN_POINT ( 'NONE',  ( -2.254327966281379300, 2.254327966281379300, -17.71875000000001100 ) ) ;
#3893 = CARTESIAN_POINT ( 'NONE',  ( -3.188101183952083900, 1.320554748610674800, -0.1406250000000504300 ) ) ;
#3894 = EDGE_LOOP ( 'NONE', ( #1503, #2107, #5208, #3820 ) ) ;
#3895 = DIRECTION ( 'NONE',  ( 1.000000000000000000, 0.0000000000000000000, 0.0000000000000000000 ) ) ;
#3896 = CARTESIAN_POINT ( 'NONE',  ( -4.000000000000000000, -9.572539927614896900E-017, -13.03125000000002100 ) ) ;
#3897 = ORIENTED_EDGE ( 'NONE', *, *, #4519, .T. ) ;
#3898 = ORIENTED_EDGE ( 'NONE', *, *, #486, .F. ) ;
#3899 = ADVANCED_FACE ( 'NONE', ( #3119 ), #992, .T. ) ;
#3900 = ADVANCED_FACE ( 'NONE', ( #3845 ), #3435, .F. ) ;
#3901 = CARTESIAN_POINT ( 'NONE',  ( -4.000000000000000000, -1.656854249492380400, -19.20312500000001100 ) ) ;
#3902 = CARTESIAN_POINT ( 'NONE',  ( 5.998263823987151000E-032, 3.188101183952083900, -16.46875000000001100 ) ) ;
#3903 = CARTESIAN_POINT ( 'NONE',  ( 4.719593279364798600, 0.9611606702530138800, 3.937066173013135600 ) ) ;
#3904 = LINE ( 'NONE', #4112, #3231 ) ;
#3905 = CARTESIAN_POINT ( 'NONE',  ( 4.000000000000000000, -8.280375562182076100E-016, -20.06250000000000400 ) ) ;
#3906 = CARTESIAN_POINT ( 'NONE',  ( -2.828427124746189800, 2.828427124746190300, -16.93750000000001400 ) ) ;
#3907 = CARTESIAN_POINT ( 'NONE',  ( 1.320554748610703200, 3.188101183952071400, -5.296875000000037300 ) ) ;
#3908 = CARTESIAN_POINT ( 'NONE',  ( -1.656854249492380800, 4.000000000000000000, -0.7656250000000509600 ) ) ;
#3909 = VECTOR ( 'NONE', #3381, 1000.000000000000000 ) ;
#3910 = CARTESIAN_POINT ( 'NONE',  ( -3.663200995759759300, 2.117910614773364900E-011, -0.3367990042402397300 ) ) ;
#3911 = CARTESIAN_POINT ( 'NONE',  ( 1.320554748610676800, 3.188101183952083000, -19.20312500000001100 ) ) ;
#3912 = CARTESIAN_POINT ( 'NONE',  ( 1.320554748610674100, -3.188101183952084700, 1.578124999999947600 ) ) ;
#3913 = CARTESIAN_POINT ( 'NONE',  ( 2.254327966281378900, 2.254327966281379300, -9.125000000000028400 ) ) ;
#3914 = ORIENTED_EDGE ( 'NONE', *, *, #5007, .T. ) ;
#3915 = CARTESIAN_POINT ( 'NONE',  ( 0.2364326723202386500, -3.292975891527971200, -20.76952410847201600 ) ) ;
#3916 = DIRECTION ( 'NONE',  ( 1.000000000000000000, 0.0000000000000000000, 0.0000000000000000000 ) ) ;
#3917 = ORIENTED_EDGE ( 'NONE', *, *, #3343, .T. ) ;
#3918 = CARTESIAN_POINT ( 'NONE',  ( 3.188101183952083900, -6.788941632725165100E-016, -10.68750000000002700 ) ) ;
#3919 = EDGE_CURVE ( 'NONE', #2403, #764, #5454, .T. ) ;
#3921 = DIRECTION ( 'NONE',  ( 1.000000000000000000, 0.0000000000000000000, 0.0000000000000000000 ) ) ;
#3920 = PERSON_AND_ORGANIZATION_ROLE ( 'creator' ) ;
#3922 = AXIS2_PLACEMENT_3D ( 'NONE', #2194, #971, #84 ) ;
#3923 = CARTESIAN_POINT ( 'NONE',  ( 4.000000000000000000, -1.283205211040862200E-014, -13.81250000000001800 ) ) ;
#3924 = CARTESIAN_POINT ( 'NONE',  ( 1.656854249492379700, -4.000000000000000900, -17.64062500000001400 ) ) ;
#3925 = CARTESIAN_POINT ( 'NONE',  ( 3.188101183952083900, -1.258897616254152600E-014, -10.68750000000002700 ) ) ;
#3926 = CARTESIAN_POINT ( 'NONE',  ( 5.998263823987151000E-032, 3.188101183952083900, -15.21875000000001600 ) ) ;
#3927 = EDGE_LOOP ( 'NONE', ( #5044, #2006, #1304, #685 ) ) ;
#3928 = CARTESIAN_POINT ( 'NONE',  ( 4.000000000000000000, 5.792482926816559800E-015, -2.406250000000047100 ) ) ;
#3929 = CARTESIAN_POINT ( 'NONE',  ( -2.828427124746190300, -2.828427124746189800, -20.53125000000000000 ) ) ;
#3930 = VECTOR ( 'NONE', #390, 1000.000000000000000 ) ;
#3931 = EDGE_LOOP ( 'NONE', ( #1480, #846, #4821, #1883, #4381, #4986, #4250, #2052, #4422, #5457, #3323, #1485, #2417, #3214, #5492, #2059, #2184, #853, #1484, #4207, #3492, #3876, #74, #5626, #686, #3109, #1073, #4906, #434, #5523, #2081, #316, #1091, #4987, #5079, #1388, #3246, #3667, #2148, #2788, #2365, #5062, #2648, #1622, #5539, #236, #1843, #498, #3167, #362, #732, #70, #3221, #2040, #2883, #5551, #3954, #409, #4550, #935, #2475, #4411, #929, #987, #3299, #1446, #1912, #1508, #4263, #2237 ) ) ;
#3932 = EDGE_CURVE ( 'NONE', #4333, #3684, #2306, .T. ) ;
#3933 = ORIENTED_EDGE ( 'NONE', *, *, #5048, .F. ) ;
#3934 = CARTESIAN_POINT ( 'NONE',  ( -4.000000000000000000, 1.656854249492381000, -0.6093750000000508500 ) ) ;
#3935 = ORIENTED_EDGE ( 'NONE', *, *, #3981, .T. ) ;
#3936 = ADVANCED_FACE ( 'NONE', ( #3592 ), #1278, .T. ) ;
#3937 = ADVANCED_FACE ( 'NONE', ( #2149 ), #618, .T. ) ;
#3938 = VECTOR ( 'NONE', #2152, 1000.000000000000000 ) ;
#3939 = CARTESIAN_POINT ( 'NONE',  ( 0.9501487722898305200, 4.687415225147676200, 3.811199603341277600 ) ) ;
#3940 = CARTESIAN_POINT ( 'NONE',  ( -3.188101183952083900, 1.019654187844447800E-016, -15.06250000000001600 ) ) ;
#3941 = CARTESIAN_POINT ( 'NONE',  ( -3.904297910284806600E-016, -3.188101183952083900, 2.749999999999943600 ) ) ;
#3942 = CARTESIAN_POINT ( 'NONE',  ( -2.254327966281367300, 2.254327966281390400, -8.812500000000030200 ) ) ;
#3943 = PERSON ( 'UNSPECIFIED', 'UNSPECIFIED', 'UNSPECIFIED', ('UNSPECIFIED'), ('UNSPECIFIED'), ('UNSPECIFIED') ) ;
#3944 = CARTESIAN_POINT ( 'NONE',  ( 3.188101183952083400, 1.320554748610675500, -13.10937500000002100 ) ) ;
#3945 = EDGE_CURVE ( 'NONE', #5172, #4631, #1037, .T. ) ;
#3946 = DIRECTION ( 'NONE',  ( -1.000000000000000000, 0.0000000000000000000, 0.0000000000000000000 ) ) ;
#3947 = CARTESIAN_POINT ( 'NONE',  ( 3.266966873125719300, -4.733073513444242700E-014, -0.7330331268742756900 ) ) ;
#3948 = CARTESIAN_POINT ( 'NONE',  ( 3.999999999999999100, -1.656854249492382600, -19.98437500000000700 ) ) ;
#3949 = CARTESIAN_POINT ( 'NONE',  ( -2.254327966281379300, -2.254327966281379300, -16.00000000000001400 ) ) ;
#3950 = CYLINDRICAL_SURFACE ( 'NONE', #2759, 4.000000000000000000 ) ;
#3951 = CARTESIAN_POINT ( 'NONE',  ( 3.188101183952083900, -7.903818670199758700E-015, -18.03125000000001100 ) ) ;
#3952 = DIRECTION ( 'NONE',  ( -0.0000000000000000000, -0.0000000000000000000, -1.000000000000000000 ) ) ;
#3953 = DIRECTION ( 'NONE',  ( 1.000000000000000000, 0.0000000000000000000, 0.0000000000000000000 ) ) ;
#3954 = ORIENTED_EDGE ( 'NONE', *, *, #1555, .F. ) ;
#3955 = LINE ( 'NONE', #1580, #418 ) ;
#3956 = CARTESIAN_POINT ( 'NONE',  ( 2.254327966281378400, 2.254327966281380200, -10.37500000000002700 ) ) ;
#3957 = CARTESIAN_POINT ( 'NONE',  ( 2.828427124746189800, -2.828427124746190700, -0.06250000000005209700 ) ) ;
#3958 = CARTESIAN_POINT ( 'NONE',  ( -4.000000000000000000, 1.656854249492381000, -7.015625000000032000 ) ) ;
#3959 = CARTESIAN_POINT ( 'NONE',  ( -3.904297910284806600E-016, -3.188101183952083900, -14.75000000000001600 ) ) ;
#3960 = CARTESIAN_POINT ( 'NONE',  ( 1.320554748610676800, 3.188101183952083000, 4.546874999999941400 ) ) ;
#3961 = CARTESIAN_POINT ( 'NONE',  ( 3.780445803743812700, -0.9370958683945027600, -20.17495029466289600 ) ) ;
#3962 = AXIS2_PLACEMENT_3D ( 'NONE', #2501, #5562, #4314 ) ;
#3963 = CARTESIAN_POINT ( 'NONE',  ( -1.320554748610675200, -3.188101183952083900, -13.57812500000002100 ) ) ;
#3964 = DIRECTION ( 'NONE',  ( -1.043458559472539600E-014, 0.9961946980917455500, 0.08715574274765836000 ) ) ;
#3965 = ADVANCED_FACE ( 'NONE', ( #4897 ), #4732, .T. ) ;
#3966 = CARTESIAN_POINT ( 'NONE',  ( -3.135590990326495000E-014, -4.000000000000000000, -0.2187500000000522400 ) ) ;
#3967 = CARTESIAN_POINT ( 'NONE',  ( 2.828427124746190700, 2.828427124746189400, -21.00000000000000400 ) ) ;
#3968 = CARTESIAN_POINT ( 'NONE',  ( -4.000000000000000000, 1.131397322417557600E-015, -19.43750000000000400 ) ) ;
#3969 = ORIENTED_EDGE ( 'NONE', *, *, #4143, .T. ) ;
#3970 = CARTESIAN_POINT ( 'NONE',  ( -1.320554748610674800, 3.188101183952083900, -11.39062500000002500 ) ) ;
#3971 = EDGE_CURVE ( 'NONE', #3071, #4288, #2082, .T. ) ;
#3972 = CARTESIAN_POINT ( 'NONE',  ( -2.828427124746192500, 2.828427124746188500, -3.187500000000044400 ) ) ;
#3973 = CARTESIAN_POINT ( 'NONE',  ( -4.000000000000000000, 1.656854249492381000, -13.26562500000002000 ) ) ;
#3974 = VERTEX_POINT ( 'NONE', #1303 ) ;
#3975 = VERTEX_POINT ( 'NONE', #9 ) ;
#3976 = CARTESIAN_POINT ( 'NONE',  ( 3.999999999999999100, -1.656854249492382600, -2.484375000000045300 ) ) ;
#3977 = CARTESIAN_POINT ( 'NONE',  ( 1.656854249492379700, -4.000000000000000900, -10.29687500000002500 ) ) ;
#3978 = CARTESIAN_POINT ( 'NONE',  ( -2.254327966281379300, 2.254327966281379300, -17.71875000000001100 ) ) ;
#3979 = CARTESIAN_POINT ( 'NONE',  ( -3.188101183952083900, -1.320554748610674600, 3.765624999999942700 ) ) ;
#3980 = FACE_OUTER_BOUND ( 'NONE', #4846, .T. ) ;
#3981 = EDGE_CURVE ( 'NONE', #2080, #5101, #4652, .T. ) ;
#3982 = CARTESIAN_POINT ( 'NONE',  ( 3.923218953893477400, -0.4783687510038208700, -20.11742621209863600 ) ) ;
#3983 = DIRECTION ( 'NONE',  ( 8.659560562354926700E-017, 0.7071067811865469100, 0.7071067811865482400 ) ) ;
#3984 = CARTESIAN_POINT ( 'NONE',  ( 5.998263823987151000E-032, 3.188101183952083900, -12.87500000000002100 ) ) ;
#3985 = DIRECTION ( 'NONE',  ( -1.146269659274848700E-016, -0.9961946980917455500, 0.08715574274765836000 ) ) ;
#3986 = CARTESIAN_POINT ( 'NONE',  ( 2.828427124746189000, -2.828427124746191600, -13.96875000000001600 ) ) ;
#3987 = CARTESIAN_POINT ( 'NONE',  ( -1.656854249492381200, -4.000000000000000000, -16.54687500000001800 ) ) ;
#3988 = CARTESIAN_POINT ( 'NONE',  ( 3.188101183952083900, -1.336983574459848800E-014, -9.437500000000028400 ) ) ;
#3989 = CARTESIAN_POINT ( 'NONE',  ( 1.320554748610674100, -3.188101183952084700, -12.01562500000002300 ) ) ;
#3990 = CARTESIAN_POINT ( 'NONE',  ( -1.320554748610670300, -3.188101183952085600, -3.421875000000042600 ) ) ;
#3991 = ORIENTED_EDGE ( 'NONE', *, *, #48, .T. ) ;
#3992 = CARTESIAN_POINT ( 'NONE',  ( -4.898587196589413800E-016, -4.000000000000000000, -15.37500000000001400 ) ) ;
#3993 = CARTESIAN_POINT ( 'NONE',  ( 2.254327966281356700, -2.254327966281402000, -2.093750000000047100 ) ) ;
#3994 =( BOUNDED_CURVE ( )  B_SPLINE_CURVE ( 2, ( #2605, #1349, #4334, #4376, #2170, #3025, #1792, #514, #1379 ),
 .UNSPECIFIED., .F., .T. ) 
 B_SPLINE_CURVE_WITH_KNOTS ( ( 3, 2, 2, 2, 3 ),
 ( 0.2500000000000000000, 0.2559523809523809300, 0.2619047619047618600, 0.2678571428571427900, 0.2738095238095237800 ),
 .UNSPECIFIED. ) 
 CURVE ( )  GEOMETRIC_REPRESENTATION_ITEM ( )  RATIONAL_B_SPLINE_CURVE ( ( 1.000000000000000000, 0.9238795325112867400, 1.000000000000000000, 0.9238795325112867400, 1.000000000000000000, 0.9238795325112867400, 1.000000000000000000, 0.9238795325112874000, 0.9999999999999993300 ) ) 
 REPRESENTATION_ITEM ( '' )  );
#3995 = CARTESIAN_POINT ( 'NONE',  ( -2.828427124746189800, 2.828427124746190300, -0.6875000000000491800 ) ) ;
#3996 = EDGE_LOOP ( 'NONE', ( #2457, #1217, #583, #2111 ) ) ;
#3997 = CARTESIAN_POINT ( 'NONE',  ( 4.000000000000000000, -8.280375562182076100E-016, -10.06250000000002700 ) ) ;
#3998 = ORIENTED_EDGE ( 'NONE', *, *, #519, .F. ) ;
#3999 = CIRCLE ( 'NONE', #3674, 4.782744419517952000 ) ;
#4000 = AXIS2_PLACEMENT_3D ( 'NONE', #5353, #3509, #4898 ) ;
#4001 = PLANE ( 'NONE',  #1823 ) ;
#4002 = ORIENTED_EDGE ( 'NONE', *, *, #5517, .T. ) ;
#4003 = CARTESIAN_POINT ( 'NONE',  ( 3.919860126290071300E-014, 4.000000000000000000, -8.343750000000033800 ) ) ;
#4004 = DIRECTION ( 'NONE',  ( 1.000000000000000000, 0.0000000000000000000, 0.0000000000000000000 ) ) ;
#4005 = DATE_AND_TIME ( #968, #5459 ) ;
#4006 = CARTESIAN_POINT ( 'NONE',  ( 3.188101183952083900, -6.788941632725165100E-016, -9.437500000000028400 ) ) ;
#4007 = ORIENTED_EDGE ( 'NONE', *, *, #1410, .T. ) ;
#4008 = EDGE_CURVE ( 'NONE', #5432, #5540, #3994, .T. ) ;
#4010 = CARTESIAN_POINT ( 'NONE',  ( 1.656854249492387000, 3.999999999999997300, -7.171875000000036400 ) ) ;
#4009 = PERSON_AND_ORGANIZATION_ROLE ( 'design_supplier' ) ;
#4011 = VERTEX_POINT ( 'NONE', #3454 ) ;
#4012 = CARTESIAN_POINT ( 'NONE',  ( -2.828427124746204500, -2.828427124746175600, -0.3750000000000524000 ) ) ;
#4013 = CARTESIAN_POINT ( 'NONE',  ( -4.898587196589413800E-016, -4.000000000000000000, -16.46875000000001400 ) ) ;
#4014 = CIRCLE ( 'NONE', #1515, 4.000000000000000000 ) ;
#4015 = CARTESIAN_POINT ( 'NONE',  ( 5.998263823987151000E-032, 3.188101183952083900, -8.968750000000028400 ) ) ;
#4016 = CARTESIAN_POINT ( 'NONE',  ( 5.998263823987151000E-032, 4.000000000000000000, -16.00000000000001400 ) ) ;
#4017 = CARTESIAN_POINT ( 'NONE',  ( -4.000000000000001800, 1.656854249492375700, -10.76562500000002300 ) ) ;
#4018 = EDGE_CURVE ( 'NONE', #4604, #3666, #4556, .T. ) ;
#4019 = CARTESIAN_POINT ( 'NONE',  ( 9.370314984683533900E-015, 3.188101183952083900, -6.468750000000035500 ) ) ;
#4020 = CARTESIAN_POINT ( 'NONE',  ( -3.441676448002635200, 0.8415227507677758300, 2.569598495903453000 ) ) ;
#4021 = CARTESIAN_POINT ( 'NONE',  ( 4.000000000000000000, -8.280375562182076100E-016, 3.843749999999940900 ) ) ;
#4022 = CARTESIAN_POINT ( 'NONE',  ( -4.898587196589413800E-016, -4.000000000000000000, -7.875000000000031100 ) ) ;
#4023 = CARTESIAN_POINT ( 'NONE',  ( 4.000000000000000000, -1.479148698904438500E-014, -12.40625000000002300 ) ) ;
#4024 = EDGE_LOOP ( 'NONE', ( #3281, #806, #2627, #4688 ) ) ;
#4025 = CARTESIAN_POINT ( 'NONE',  ( -3.188101183952095900, -1.320554748610645300, -8.734375000000030200 ) ) ;
#4026 = DIRECTION ( 'NONE',  ( -0.0000000000000000000, -0.0000000000000000000, 1.000000000000000000 ) ) ;
#4027 = CARTESIAN_POINT ( 'NONE',  ( -3.188101183952083900, -1.320554748610674600, -8.734375000000030200 ) ) ;
#4028 = CONICAL_SURFACE ( 'NONE', #750, 4.833333333333333000, 0.2617993877991500700 ) ;
#4029 = ADVANCED_FACE ( 'NONE', ( #2961 ), #1150, .T. ) ;
#4030 = VERTEX_POINT ( 'NONE', #1724 ) ;
#4031 = CARTESIAN_POINT ( 'NONE',  ( 2.828427124746190700, 2.828427124746189400, -14.75000000000001800 ) ) ;
#4032 = CARTESIAN_POINT ( 'NONE',  ( 2.254327966281378400, 2.254327966281380200, -10.53125000000002700 ) ) ;
#4033 = CARTESIAN_POINT ( 'NONE',  ( 1.320554748610674100, -3.188101183952084700, -8.265625000000032000 ) ) ;
#4034 = EDGE_LOOP ( 'NONE', ( #2118, #2381, #955, #4135 ) ) ;
#4035 =( BOUNDED_CURVE ( )  B_SPLINE_CURVE ( 2, ( #4315, #1268, #2565, #1659, #3833, #3455, #4752, #3875, #5138 ),
 .UNSPECIFIED., .F., .T. ) 
 B_SPLINE_CURVE_WITH_KNOTS ( ( 3, 2, 2, 2, 3 ),
 ( 0.6547619047619047700, 0.6607142857142857000, 0.6666666666666665200, 0.6726190476190475600, 0.6785714285714284900 ),
 .UNSPECIFIED. ) 
 CURVE ( )  GEOMETRIC_REPRESENTATION_ITEM ( )  RATIONAL_B_SPLINE_CURVE ( ( 1.000000000000000000, 0.9238795325112867400, 1.000000000000000000, 0.9238795325112867400, 1.000000000000000000, 0.9238795325112867400, 1.000000000000000000, 0.9238795325112881800, 0.9999999999999985600 ) ) 
 REPRESENTATION_ITEM ( '' )  );
#4036 = CARTESIAN_POINT ( 'NONE',  ( 3.188101183952083900, 1.320554748610675200, -1.703125000000044900 ) ) ;
#4037 = CYLINDRICAL_SURFACE ( 'NONE', #2546, 4.000000000000000000 ) ;
#4038 = CARTESIAN_POINT ( 'NONE',  ( -1.656854249492380800, 4.000000000000000000, -15.92187500000001200 ) ) ;
#4039 = CARTESIAN_POINT ( 'NONE',  ( -3.188101183952083900, -8.760824316871077100E-016, -13.65625000000002000 ) ) ;
#4040 = CARTESIAN_POINT ( 'NONE',  ( 9.797174393178825700E-016, 4.000000000000000000, -19.75000000000000400 ) ) ;
#4041 = CARTESIAN_POINT ( 'NONE',  ( -1.656854249492380800, 4.000000000000000000, -4.671875000000037300 ) ) ;
#4042 = CARTESIAN_POINT ( 'NONE',  ( 3.999999999999999100, 1.656854249492381200, 2.671874999999941400 ) ) ;
#4043 = CARTESIAN_POINT ( 'NONE',  ( -1.656854249492380800, 4.000000000000000000, -10.92187500000002300 ) ) ;
#4044 =( BOUNDED_CURVE ( )  B_SPLINE_CURVE ( 2, ( #5387, #2717, #1873, #120, #1892, #2278, #3158, #1420, #587 ),
 .UNSPECIFIED., .F., .T. ) 
 B_SPLINE_CURVE_WITH_KNOTS ( ( 3, 2, 2, 2, 3 ),
 ( 0.4880952380952380800, 0.4940476190476190700, 0.5000000000000000000, 0.5059523809523809300, 0.5119047619047618600 ),
 .UNSPECIFIED. ) 
 CURVE ( )  GEOMETRIC_REPRESENTATION_ITEM ( )  RATIONAL_B_SPLINE_CURVE ( ( 1.000000000000000000, 0.9238795325112867400, 1.000000000000000000, 0.9238795325112867400, 1.000000000000000000, 0.9238795325112867400, 1.000000000000000000, 0.9238795325112867400, 1.000000000000000000 ) ) 
 REPRESENTATION_ITEM ( '' )  );
#4045 = DIRECTION ( 'NONE',  ( -1.000000000000000000, 0.0000000000000000000, 0.0000000000000000000 ) ) ;
#4046 = EDGE_CURVE ( 'NONE', #5012, #3631, #3302, .T. ) ;
#4047 = DIRECTION ( 'NONE',  ( -1.000000000000000000, 0.0000000000000000000, 0.0000000000000000000 ) ) ;
#4048 = EDGE_LOOP ( 'NONE', ( #2895, #71, #5589, #352 ) ) ;
#4049 = ORIENTED_EDGE ( 'NONE', *, *, #2427, .F. ) ;
#4050 = CARTESIAN_POINT ( 'NONE',  ( -3.188101183952083900, 6.856367324268150400E-016, -11.15625000000002500 ) ) ;
#4051 = CARTESIAN_POINT ( 'NONE',  ( -4.000000000000000000, 1.516798830996750800E-016, -14.28125000000002000 ) ) ;
#4052 = CARTESIAN_POINT ( 'NONE',  ( -3.429011037612589300E-015, -4.000000000000000000, -17.71875000000001100 ) ) ;
#4053 = CARTESIAN_POINT ( 'NONE',  ( 1.320554748610676800, 3.188101183952083000, -12.79687500000002100 ) ) ;
#4054 = EDGE_CURVE ( 'NONE', #4492, #3086, #2870, .T. ) ;
#4055 = CARTESIAN_POINT ( 'NONE',  ( 1.249375331291138100E-014, 3.188101183952083900, -1.468750000000046400 ) ) ;
#4056 = ORIENTED_EDGE ( 'NONE', *, *, #2527, .F. ) ;
#4057 = CARTESIAN_POINT ( 'NONE',  ( -4.000000000000000000, 1.656854249492381000, -14.51562500000001400 ) ) ;
#4058 = CARTESIAN_POINT ( 'NONE',  ( -2.254327966281384200, -2.254327966281374400, -14.90625000000001600 ) ) ;
#4059 = DIRECTION ( 'NONE',  ( -0.0000000000000000000, -0.0000000000000000000, 1.000000000000000000 ) ) ;
#4060 = CARTESIAN_POINT ( 'NONE',  ( 5.998263823987151000E-032, 4.000000000000000000, -4.750000000000039100 ) ) ;
#4061 = CARTESIAN_POINT ( 'NONE',  ( 5.998263823987151000E-032, 4.000000000000000000, 2.906249999999943600 ) ) ;
#4062 = VECTOR ( 'NONE', #3617, 1000.000000000000100 ) ;
#4063 = CARTESIAN_POINT ( 'NONE',  ( 1.320554748610674800, -3.188101183952083900, -19.67187500000000700 ) ) ;
#4064 = CARTESIAN_POINT ( 'NONE',  ( 0.0000000000000000000, 5.655958496054998300E-018, 15.31370849898476100 ) ) ;
#4065 = CARTESIAN_POINT ( 'NONE',  ( 0.0000000000000000000, 0.0000000000000000000, 4.000000000000000000 ) ) ;
#4066 = EDGE_CURVE ( 'NONE', #2874, #2199, #5514, .T. ) ;
#4067 = CARTESIAN_POINT ( 'NONE',  ( 1.656854249492384600, 3.999999999999998200, -9.671875000000032000 ) ) ;
#4068 = ORIENTED_EDGE ( 'NONE', *, *, #1112, .T. ) ;
#4069 = ORIENTED_EDGE ( 'NONE', *, *, #980, .F. ) ;
#4070 = CARTESIAN_POINT ( 'NONE',  ( 1.320554748610676800, 3.188101183952083000, -5.296875000000037300 ) ) ;
#4071 =( BOUNDED_CURVE ( )  B_SPLINE_CURVE ( 2, ( #744, #2878, #4596, #5109, #2002, #2036, #5532, #3753, #4222 ),
 .UNSPECIFIED., .F., .T. ) 
 B_SPLINE_CURVE_WITH_KNOTS ( ( 3, 2, 2, 2, 3 ),
 ( 0.5357142857142857000, 0.5416666666666666300, 0.5476190476190476700, 0.5535714285714286000, 0.5595238095238095300 ),
 .UNSPECIFIED. ) 
 CURVE ( )  GEOMETRIC_REPRESENTATION_ITEM ( )  RATIONAL_B_SPLINE_CURVE ( ( 1.000000000000000000, 0.9238795325112867400, 1.000000000000000000, 0.9238795325112867400, 1.000000000000000000, 0.9238795325112867400, 1.000000000000000000, 0.9238795325112867400, 1.000000000000000000 ) ) 
 REPRESENTATION_ITEM ( '' )  );
#4072 = CARTESIAN_POINT ( 'NONE',  ( 3.999999999999999100, -1.656854249492382600, -12.64062500000002000 ) ) ;
#4073 = CARTESIAN_POINT ( 'NONE',  ( 7.837739514543060500E-015, 4.000000000000000000, -11.00000000000002300 ) ) ;
#4074 = CARTESIAN_POINT ( 'NONE',  ( 5.998263823987151000E-032, 4.000000000000000000, -3.500000000000041300 ) ) ;
#4075 = ORIENTED_EDGE ( 'NONE', *, *, #1362, .F. ) ;
#4076 = CARTESIAN_POINT ( 'NONE',  ( 3.436571510210769900E-014, 3.188101183952083900, -2.875000000000044400 ) ) ;
#4077 = SHAPE_DEFINITION_REPRESENTATION ( #4985, #4844 ) ;
#4078 = ORIENTED_EDGE ( 'NONE', *, *, #2113, .F. ) ;
#4079 = CARTESIAN_POINT ( 'NONE',  ( 3.999999999999998200, -1.656854249492392400, -19.98437500000000700 ) ) ;
#4080 = ORIENTED_EDGE ( 'NONE', *, *, #3332, .T. ) ;
#4081 = CARTESIAN_POINT ( 'NONE',  ( -3.188101183952083900, 2.958533476013578200E-014, -1.156250000000046200 ) ) ;
#4082 = VERTEX_POINT ( 'NONE', #118 ) ;
#4083 = B_SPLINE_CURVE_WITH_KNOTS ( 'NONE', 3,
 ( #1326, #4352, #1766, #2626, #5618, #384 ),
 .UNSPECIFIED., .F., .F.,
 ( 4, 2, 4 ),
 ( 0.02103617010689920800, 0.02203312753008148500, 0.02303008495326376200 ),
 .UNSPECIFIED. ) ;
#4084 = CARTESIAN_POINT ( 'NONE',  ( 5.998263823987151000E-032, 3.188101183952083900, -4.125000000000041700 ) ) ;
#4085 = CYLINDRICAL_SURFACE ( 'NONE', #1746, 3.188101183952083900 ) ;
#4086 = EDGE_CURVE ( 'NONE', #1276, #4030, #698, .T. ) ;
#4087 = CARTESIAN_POINT ( 'NONE',  ( -3.188101183952083900, -2.437801595801029900E-015, -16.31250000000001400 ) ) ;
#4088 = CARTESIAN_POINT ( 'NONE',  ( -1.656854249492400100, -3.999999999999992500, -6.703125000000033800 ) ) ;
#4089 = CARTESIAN_POINT ( 'NONE',  ( 1.320554748610674100, -3.188101183952084700, -3.265625000000042600 ) ) ;
#4090 = CARTESIAN_POINT ( 'NONE',  ( -1.656854249492381200, -4.000000000000000000, -11.70312500000002300 ) ) ;
#4091 = CARTESIAN_POINT ( 'NONE',  ( -3.188101183952083900, 6.856367324268150400E-016, -11.31250000000002500 ) ) ;
#4092 = CARTESIAN_POINT ( 'NONE',  ( 2.828427124746191600, -2.828427124746189400, -20.06250000000000700 ) ) ;
#4093 = CARTESIAN_POINT ( 'NONE',  ( -1.320554748610684600, 3.188101183952079900, -7.640625000000032900 ) ) ;
#4094 = CARTESIAN_POINT ( 'NONE',  ( -1.656854249492381200, -4.000000000000000000, -1.703125000000044900 ) ) ;
#4095 = VERTEX_POINT ( 'NONE', #1871 ) ;
#4096 = EDGE_LOOP ( 'NONE', ( #3093, #4002, #4152, #1295 ) ) ;
#4097 = FACE_OUTER_BOUND ( 'NONE', #1256, .T. ) ;
#4098 = CARTESIAN_POINT ( 'NONE',  ( 0.0000000000000000000, -9.324947672979560100E-017, -21.00000000000000000 ) ) ;
#4099 = CARTESIAN_POINT ( 'NONE',  ( 3.188101183952082500, 1.320554748610678800, -6.859375000000036400 ) ) ;
#4100 =( BOUNDED_CURVE ( )  B_SPLINE_CURVE ( 2, ( #1328, #1793, #3476, #5261, #4354, #10, #2697, #99, #2629 ),
 .UNSPECIFIED., .F., .T. ) 
 B_SPLINE_CURVE_WITH_KNOTS ( ( 3, 2, 2, 2, 3 ),
 ( 0.1071428571428570700, 0.1130952380952380400, 0.1190476190476190100, 0.1249999999999999900, 0.1309523809523809600 ),
 .UNSPECIFIED. ) 
 CURVE ( )  GEOMETRIC_REPRESENTATION_ITEM ( )  RATIONAL_B_SPLINE_CURVE ( ( 1.000000000000000700, 0.9238795325112857400, 1.000000000000000000, 0.9238795325112867400, 1.000000000000000000, 0.9238795325112867400, 1.000000000000000000, 0.9238795325112867400, 1.000000000000000000 ) ) 
 REPRESENTATION_ITEM ( '' )  );
#4101 = CARTESIAN_POINT ( 'NONE',  ( -4.000000000000000000, 5.655958496054998300E-018, 15.31370849898476100 ) ) ;
#4102 = CARTESIAN_POINT ( 'NONE',  ( -3.188101183952083900, 1.320554748610674800, -3.734375000000039500 ) ) ;
#4103 = CARTESIAN_POINT ( 'NONE',  ( -1.320554748610664800, 3.188101183952087900, -12.64062500000002100 ) ) ;
#4104 = CARTESIAN_POINT ( 'NONE',  ( -1.320554748610678100, -3.188101183952083000, -18.57812500000000700 ) ) ;
#4105 = ORIENTED_EDGE ( 'NONE', *, *, #2657, .F. ) ;
#4106 = CARTESIAN_POINT ( 'NONE',  ( 4.000000000000000000, -8.280375562182076100E-016, -6.312500000000033800 ) ) ;
#4107 = ORIENTED_EDGE ( 'NONE', *, *, #2503, .F. ) ;
#4108 = CARTESIAN_POINT ( 'NONE',  ( -4.000000000000000000, -9.572539927614896900E-017, -13.03125000000002100 ) ) ;
#4109 = EDGE_CURVE ( 'NONE', #3364, #1604, #4158, .T. ) ;
#4110 = B_SPLINE_CURVE_WITH_KNOTS ( 'NONE', 3,
 ( #2923, #1675, #332, #2448 ),
 .UNSPECIFIED., .F., .F.,
 ( 4, 4 ),
 ( 0.001420673074165412200, 0.001616243865008753700 ),
 .UNSPECIFIED. ) ;
#4111 = CARTESIAN_POINT ( 'NONE',  ( -3.188101183952085600, 1.320554748610670300, -12.64062500000002100 ) ) ;
#4112 = CARTESIAN_POINT ( 'NONE',  ( 4.000000000000000000, 4.955146781549962200E-016, 15.31370849898476100 ) ) ;
#4113 = CARTESIAN_POINT ( 'NONE',  ( -2.254327966281379300, -2.254327966281379300, -7.250000000000033800 ) ) ;
#4114 = EDGE_CURVE ( 'NONE', #2051, #4809, #5276, .T. ) ;
#4115 = DIRECTION ( 'NONE',  ( 0.0000000000000000000, 1.000000000000000000, 0.0000000000000000000 ) ) ;
#4116 = LINE ( 'NONE', #3340, #3909 ) ;
#4117 = CARTESIAN_POINT ( 'NONE',  ( -2.254327966281382900, 2.254327966281375300, -7.718750000000032900 ) ) ;
#4118 = DIRECTION ( 'NONE',  ( 1.000000000000000000, 0.0000000000000000000, 0.0000000000000000000 ) ) ;
#4119 = CARTESIAN_POINT ( 'NONE',  ( 2.254327966281395300, 2.254327966281363300, -7.875000000000031100 ) ) ;
#4120 = CARTESIAN_POINT ( 'NONE',  ( -1.656854249492380800, 4.000000000000000000, -0.9218750000000476300 ) ) ;
#4121 = DIRECTION ( 'NONE',  ( -0.0000000000000000000, -0.0000000000000000000, 1.000000000000000000 ) ) ;
#4122 = ORIENTED_EDGE ( 'NONE', *, *, #402, .T. ) ;
#4123 = CARTESIAN_POINT ( 'NONE',  ( -3.188101183952084700, 1.320554748610670800, -11.39062500000002500 ) ) ;
#4124 = CARTESIAN_POINT ( 'NONE',  ( -2.254327966281384700, -2.254327966281373600, -13.50000000000002000 ) ) ;
#4125 = ORIENTED_EDGE ( 'NONE', *, *, #2309, .F. ) ;
#4126 = VERTEX_POINT ( 'NONE', #531 ) ;
#4127 = DIRECTION ( 'NONE',  ( 1.000000000000000000, 7.105427357601001900E-015, 0.0000000000000000000 ) ) ;
#4128 = VERTEX_POINT ( 'NONE', #1006 ) ;
#4129 =( BOUNDED_CURVE ( )  B_SPLINE_CURVE ( 2, ( #3888, #2643, #3060, #4806, #3489, #913, #4369, #5314, #2202 ),
 .UNSPECIFIED., .F., .T. ) 
 B_SPLINE_CURVE_WITH_KNOTS ( ( 3, 2, 2, 2, 3 ),
 ( 0.4166666666666666300, 0.4226190476190475600, 0.4285714285714284900, 0.4345238095238095300, 0.4404761904761904700 ),
 .UNSPECIFIED. ) 
 CURVE ( )  GEOMETRIC_REPRESENTATION_ITEM ( )  RATIONAL_B_SPLINE_CURVE ( ( 1.000000000000000700, 0.9238795325112860700, 1.000000000000000000, 0.9238795325112867400, 1.000000000000000000, 0.9238795325112867400, 1.000000000000000000, 0.9238795325112867400, 1.000000000000000000 ) ) 
 REPRESENTATION_ITEM ( '' )  );
#4130 = CARTESIAN_POINT ( 'NONE',  ( -3.188101183952083900, 2.802361559602185900E-014, -3.812500000000041700 ) ) ;
#4131 = CARTESIAN_POINT ( 'NONE',  ( 3.188101183952083400, 1.320554748610675500, -4.203125000000040900 ) ) ;
#4132 = AXIS2_PLACEMENT_3D ( 'NONE', #824, #3418, #5668 ) ;
#4133 =( BOUNDED_CURVE ( )  B_SPLINE_CURVE ( 2, ( #5386, #4099, #620, #4449, #562, #3205, #4518, #4974, #1853 ),
 .UNSPECIFIED., .F., .F. ) 
 B_SPLINE_CURVE_WITH_KNOTS ( ( 3, 2, 2, 2, 3 ),
 ( 0.5595238095238095300, 0.5654761904761904700, 0.5714285714285714000, 0.5773809523809522200, 0.5833333333333332600 ),
 .UNSPECIFIED. ) 
 CURVE ( )  GEOMETRIC_REPRESENTATION_ITEM ( )  RATIONAL_B_SPLINE_CURVE ( ( 1.000000000000000000, 0.9238795325112867400, 1.000000000000000000, 0.9238795325112867400, 1.000000000000000000, 0.9238795325112867400, 1.000000000000000000, 0.9238795325112881800, 0.9999999999999985600 ) ) 
 REPRESENTATION_ITEM ( '' )  );
#4134 = ORIENTED_EDGE ( 'NONE', *, *, #1726, .T. ) ;
#4135 = ORIENTED_EDGE ( 'NONE', *, *, #1805, .F. ) ;
#4136 = DIRECTION ( 'NONE',  ( -0.0000000000000000000, -0.0000000000000000000, 1.000000000000000000 ) ) ;
#4137 = CARTESIAN_POINT ( 'NONE',  ( -1.718285755105384900E-014, -3.188101183952083900, -12.25000000000002300 ) ) ;
#4138 = FACE_OUTER_BOUND ( 'NONE', #237, .T. ) ;
#4139 = CARTESIAN_POINT ( 'NONE',  ( -4.000000000000000000, 1.516798830996750800E-016, 1.812499999999946000 ) ) ;
#4140 = EDGE_CURVE ( 'NONE', #2903, #4333, #1911, .T. ) ;
#4141 = DIRECTION ( 'NONE',  ( 0.0000000000000000000, 0.0000000000000000000, 1.000000000000000000 ) ) ;
#4142 = CARTESIAN_POINT ( 'NONE',  ( 4.000000000000000000, -1.087261723177285700E-014, -16.31250000000001100 ) ) ;
#4143 = EDGE_CURVE ( 'NONE', #2834, #3425, #2421, .T. ) ;
#4144 = ORIENTED_EDGE ( 'NONE', *, *, #5596, .F. ) ;
#4145 = CARTESIAN_POINT ( 'NONE',  ( 3.188101183952111400, 1.320554748610633900, -2.953125000000044000 ) ) ;
#4146 = CARTESIAN_POINT ( 'NONE',  ( 3.188101183952083400, 1.320554748610675500, -0.4531250000000473000 ) ) ;
#4147 = CARTESIAN_POINT ( 'NONE',  ( 1.320554748610675500, 3.188101183952083400, -12.79687500000002100 ) ) ;
#4148 = CIRCLE ( 'NONE', #5134, 3.188101183952083900 ) ;
#4149 = CARTESIAN_POINT ( 'NONE',  ( 0.0000000000000000000, -3.999999999999998200, -20.06250000000000400 ) ) ;
#4150 = ORIENTED_EDGE ( 'NONE', *, *, #1136, .T. ) ;
#4151 = CARTESIAN_POINT ( 'NONE',  ( -3.188101183952083900, 2.958533476013578200E-014, -1.312500000000046200 ) ) ;
#4152 = ORIENTED_EDGE ( 'NONE', *, *, #4155, .T. ) ;
#4153 = CARTESIAN_POINT ( 'NONE',  ( -4.000000000000000000, 1.656854249492381000, -0.7656250000000475200 ) ) ;
#4154 = LINE ( 'NONE', #4241, #909 ) ;
#4155 = EDGE_CURVE ( 'NONE', #5328, #37, #804, .T. ) ;
#4156 = CARTESIAN_POINT ( 'NONE',  ( 1.656854249492384100, 3.999999999999998200, -18.57812500000000700 ) ) ;
#4157 = CARTESIAN_POINT ( 'NONE',  ( 1.656854249492371500, -4.000000000000003600, -16.54687500000001100 ) ) ;
#4158 =( BOUNDED_CURVE ( )  B_SPLINE_CURVE ( 2, ( #4884, #3582, #586, #1806, #72, #5296, #3082, #3579, #1435 ),
 .UNSPECIFIED., .F., .T. ) 
 B_SPLINE_CURVE_WITH_KNOTS ( ( 3, 2, 2, 2, 3 ),
 ( 0.1785714285714285800, 0.1845238095238095300, 0.1904761904761904400, 0.1964285714285714000, 0.2023809523809523300 ),
 .UNSPECIFIED. ) 
 CURVE ( )  GEOMETRIC_REPRESENTATION_ITEM ( )  RATIONAL_B_SPLINE_CURVE ( ( 1.000000000000000000, 0.9238795325112867400, 1.000000000000000000, 0.9238795325112867400, 1.000000000000000000, 0.9238795325112867400, 1.000000000000000000, 0.9238795325112874000, 0.9999999999999993300 ) ) 
 REPRESENTATION_ITEM ( '' )  );
#4159 = CARTESIAN_POINT ( 'NONE',  ( 4.000000000000000000, -1.773063930699803500E-014, -7.562500000000031100 ) ) ;
#4160 = AXIS2_PLACEMENT_3D ( 'NONE', #2574, #399, #2083 ) ;
#4161 = CARTESIAN_POINT ( 'NONE',  ( -2.828427124746177400, 2.828427124746202700, -12.09375000000002100 ) ) ;
#4162 = CARTESIAN_POINT ( 'NONE',  ( 1.320554748610676800, 3.188101183952083000, -2.953125000000042600 ) ) ;
#4163 = CARTESIAN_POINT ( 'NONE',  ( 4.000000000000000000, -2.164950906426956300E-014, -2.562500000000044000 ) ) ;
#4164 = CARTESIAN_POINT ( 'NONE',  ( 2.254327966281379300, -2.254327966281379300, 0.5624999999999484900 ) ) ;
#4165 = DIRECTION ( 'NONE',  ( -0.0000000000000000000, 4.440451272847397000E-018, 1.000000000000000000 ) ) ;
#4166 = EDGE_LOOP ( 'NONE', ( #1626, #4419, #1732, #3933 ) ) ;
#4167 = ORIENTED_EDGE ( 'NONE', *, *, #1139, .T. ) ;
#4169 = CARTESIAN_POINT ( 'NONE',  ( -3.188101183952083900, 1.320554748610675200, -5.140625000000038200 ) ) ;
#4168 = CARTESIAN_POINT ( 'NONE',  ( 4.000000000000003600, -1.656854249492380800, -15.14062500000001800 ) ) ;
#4170 = CARTESIAN_POINT ( 'NONE',  ( 2.341951040185855400, -0.9453181673903463500, 1.547174682172032700 ) ) ;
#4171 = CARTESIAN_POINT ( 'NONE',  ( 4.000000000000000000, -8.280375562182076100E-016, 2.437499999999946700 ) ) ;
#4172 = CARTESIAN_POINT ( 'NONE',  ( 1.959434878635765100E-015, 4.000000000000000000, -18.50000000000000700 ) ) ;
#4173 = EDGE_LOOP ( 'NONE', ( #1576, #627, #3034, #2667 ) ) ;
#4174 = CARTESIAN_POINT ( 'NONE',  ( -3.188101183952083900, 1.466496314483776300E-015, -10.06250000000002800 ) ) ;
#4175 = CARTESIAN_POINT ( 'NONE',  ( -3.188101183952083900, 2.958533476013578200E-014, -1.312500000000046200 ) ) ;
#4176 = CARTESIAN_POINT ( 'NONE',  ( -3.188101183952083900, 2.971803142986850300E-016, -21.00000000000000000 ) ) ;
#4177 = EDGE_CURVE ( 'NONE', #1772, #4842, #2295, .T. ) ;
#4178 = FACE_OUTER_BOUND ( 'NONE', #1223, .T. ) ;
#4179 = DIRECTION ( 'NONE',  ( -0.08714264840443955400, -0.01733375049386081500, 0.9960450290638855900 ) ) ;
#4180 = CARTESIAN_POINT ( 'NONE',  ( 5.998263823987151000E-032, 3.188101183952083900, -2.875000000000044400 ) ) ;
#4181 = CARTESIAN_POINT ( 'NONE',  ( 1.320554748610681200, 3.188101183952081200, -4.203125000000040000 ) ) ;
#4182 = CARTESIAN_POINT ( 'NONE',  ( 3.188101183952083900, -6.788941632725165100E-016, -0.5312500000000490700 ) ) ;
#4183 = CARTESIAN_POINT ( 'NONE',  ( -4.000000000000000000, 5.655958496054998300E-018, 15.31370849898476100 ) ) ;
#4184 = ORIENTED_EDGE ( 'NONE', *, *, #3298, .F. ) ;
#4185 = CARTESIAN_POINT ( 'NONE',  ( 2.828427124746186700, 2.828427124746193400, -13.65625000000001800 ) ) ;
#4186 = CARTESIAN_POINT ( 'NONE',  ( -3.188101183952095000, 1.320554748610665900, -18.73437500000001100 ) ) ;
#4187 = ORIENTED_EDGE ( 'NONE', *, *, #4114, .F. ) ;
#4188 = CARTESIAN_POINT ( 'NONE',  ( -2.828427124746189800, 2.828427124746190300, 1.656249999999949400 ) ) ;
#4189 = CARTESIAN_POINT ( 'NONE',  ( 3.188101183952099400, 1.320554748610650400, -14.20312500000001800 ) ) ;
#4190 = CARTESIAN_POINT ( 'NONE',  ( -0.9666666666666331500, -4.735680169380817300, 4.000000000000000000 ) ) ;
#4191 = CARTESIAN_POINT ( 'NONE',  ( -4.000000000000000000, 3.126513634908150300E-014, -8.187500000000030200 ) ) ;
#4192 = DIRECTION ( 'NONE',  ( 1.000000000000000000, 0.0000000000000000000, 0.0000000000000000000 ) ) ;
#4193 = ORIENTED_EDGE ( 'NONE', *, *, #4807, .F. ) ;
#4194 =( BOUNDED_CURVE ( )  B_SPLINE_CURVE ( 2, ( #2150, #3860, #5641, #5621, #2539, #5665, #1727, #2985, #2588 ),
 .UNSPECIFIED., .F., .T. ) 
 B_SPLINE_CURVE_WITH_KNOTS ( ( 3, 2, 2, 2, 3 ),
 ( 0.6309523809523809300, 0.6369047619047618600, 0.6428571428571429000, 0.6488095238095238400, 0.6547619047619047700 ),
 .UNSPECIFIED. ) 
 CURVE ( )  GEOMETRIC_REPRESENTATION_ITEM ( )  RATIONAL_B_SPLINE_CURVE ( ( 1.000000000000000000, 0.9238795325112867400, 1.000000000000000000, 0.9238795325112867400, 1.000000000000000000, 0.9238795325112867400, 1.000000000000000000, 0.9238795325112867400, 1.000000000000000000 ) ) 
 REPRESENTATION_ITEM ( '' )  );
#4195 = VECTOR ( 'NONE', #407, 1000.000000000000100 ) ;
#4196 = VERTEX_POINT ( 'NONE', #464 ) ;
#4197 = CARTESIAN_POINT ( 'NONE',  ( 4.000000000000000000, 4.955146781549962200E-016, 15.31370849898476100 ) ) ;
#4198 = CARTESIAN_POINT ( 'NONE',  ( 5.998263823987151000E-032, 3.188101183952083900, -5.375000000000039100 ) ) ;
#4199 = ORIENTED_EDGE ( 'NONE', *, *, #3136, .T. ) ;
#4200 = CARTESIAN_POINT ( 'NONE',  ( -3.188101183952083900, -3.218661177857991300E-015, -17.40625000000001100 ) ) ;
#4201 = CARTESIAN_POINT ( 'NONE',  ( 3.188101183952083400, 1.320554748610675500, 0.7968749999999469300 ) ) ;
#4202 = CARTESIAN_POINT ( 'NONE',  ( 1.565665909914624200E-015, -3.188101183952083900, -6.000000000000036400 ) ) ;
#4203 = FACE_OUTER_BOUND ( 'NONE', #26, .T. ) ;
#4204 = CARTESIAN_POINT ( 'NONE',  ( 3.188101183952083900, -6.788941632725165100E-016, -20.68750000000000400 ) ) ;
#4205 = CARTESIAN_POINT ( 'NONE',  ( 2.828427124746184100, -2.828427124746196500, -6.312500000000036400 ) ) ;
#4206 = CARTESIAN_POINT ( 'NONE',  ( 1.847080742981484200, -1.115357438333759000, 1.178179883750175600 ) ) ;
#4207 = ORIENTED_EDGE ( 'NONE', *, *, #3193, .T. ) ;
#4208 = CARTESIAN_POINT ( 'NONE',  ( 3.999999999999999100, 1.656854249492381200, 3.765624999999942700 ) ) ;
#4209 = EDGE_CURVE ( 'NONE', #3491, #807, #3035, .T. ) ;
#4210 = CARTESIAN_POINT ( 'NONE',  ( 1.565665909914624200E-015, -3.188101183952083900, -5.843750000000036400 ) ) ;
#4211 = DIRECTION ( 'NONE',  ( 0.0000000000000000000, -1.000000000000000000, 4.440451272847409300E-018 ) ) ;
#4212 = ORIENTED_EDGE ( 'NONE', *, *, #4046, .T. ) ;
#4213 = ORIENTED_EDGE ( 'NONE', *, *, #4956, .T. ) ;
#4214 = EDGE_CURVE ( 'NONE', #110, #705, #5392, .T. ) ;
#4215 = CARTESIAN_POINT ( 'NONE',  ( -1.204619352169674200, -1.592252336783060300, 1.006142121190267500 ) ) ;
#4216 = CARTESIAN_POINT ( 'NONE',  ( 1.320554748610674100, -3.188101183952084700, -3.421875000000042600 ) ) ;
#4217 = LINE ( 'NONE', #4149, #5275 ) ;
#4218 = DESIGN_CONTEXT ( 'detailed design', #2504, 'design' ) ;
#4219 = DIRECTION ( 'NONE',  ( 1.000000000000000000, 0.0000000000000000000, 0.0000000000000000000 ) ) ;
#4220 = CARTESIAN_POINT ( 'NONE',  ( -1.320554748610675200, -3.188101183952083900, -2.171875000000045300 ) ) ;
#4221 = CARTESIAN_POINT ( 'NONE',  ( -3.188101183952074100, -1.320554748610684600, -19.82812500000000400 ) ) ;
#4222 = CARTESIAN_POINT ( 'NONE',  ( 4.000000000000000000, 9.711352684088090000E-015, -7.406250000000034600 ) ) ;
#4223 = CARTESIAN_POINT ( 'NONE',  ( -4.000000000000000000, 1.131397322417557600E-015, -19.43750000000000400 ) ) ;
#4224 = CARTESIAN_POINT ( 'NONE',  ( -3.904297910284806600E-016, -3.188101183952083900, -20.84375000000000400 ) ) ;
#4225 = EDGE_CURVE ( 'NONE', #3538, #1528, #5034, .T. ) ;
#4226 =( BOUNDED_CURVE ( )  B_SPLINE_CURVE ( 2, ( #3836, #3438, #841, #4713, #371, #2505, #4735, #411, #3416 ),
 .UNSPECIFIED., .F., .T. ) 
 B_SPLINE_CURVE_WITH_KNOTS ( ( 3, 2, 2, 2, 3 ),
 ( 0.6309523809523809300, 0.6369047619047618600, 0.6428571428571429000, 0.6488095238095238400, 0.6547619047619047700 ),
 .UNSPECIFIED. ) 
 CURVE ( )  GEOMETRIC_REPRESENTATION_ITEM ( )  RATIONAL_B_SPLINE_CURVE ( ( 1.000000000000000000, 0.9238795325112867400, 1.000000000000000000, 0.9238795325112867400, 1.000000000000000000, 0.9238795325112867400, 1.000000000000000000, 0.9238795325112867400, 1.000000000000000000 ) ) 
 REPRESENTATION_ITEM ( '' )  );
#4227 = ORIENTED_EDGE ( 'NONE', *, *, #2902, .F. ) ;
#4228 = CARTESIAN_POINT ( 'NONE',  ( 4.000000000000000000, -1.479148698904438500E-014, -12.40625000000002300 ) ) ;
#4229 = CARTESIAN_POINT ( 'NONE',  ( -4.408728476930471600E-015, -4.000000000000000000, -16.46875000000001400 ) ) ;
#4230 = CARTESIAN_POINT ( 'NONE',  ( -3.188101183952083900, 1.320554748610674800, -1.390625000000048200 ) ) ;
#4231 = VERTEX_POINT ( 'NONE', #2273 ) ;
#4232 = CARTESIAN_POINT ( 'NONE',  ( -2.254327966281382400, -2.254327966281375800, -18.50000000000001100 ) ) ;
#4233 = LINE ( 'NONE', #1377, #2695 ) ;
#4234 = DIRECTION ( 'NONE',  ( -0.0000000000000000000, -0.0000000000000000000, 1.000000000000000000 ) ) ;
#4236 = CARTESIAN_POINT ( 'NONE',  ( -3.685179572974447600, 0.3301198333241978100, -20.37044104202927000 ) ) ;
#4235 = CARTESIAN_POINT ( 'NONE',  ( -4.000000000000002700, -1.656854249492372800, -10.45312500000002800 ) ) ;
#4237 = AXIS2_PLACEMENT_3D ( 'NONE', #2798, #1487, #4118 ) ;
#4238 = CARTESIAN_POINT ( 'NONE',  ( -2.828427124746189800, 2.828427124746190300, -10.68750000000002800 ) ) ;
#4239 = CARTESIAN_POINT ( 'NONE',  ( -1.320554748610674800, 3.188101183952083900, -20.14062500000001400 ) ) ;
#4240 = VECTOR ( 'NONE', #4575, 1000.000000000000000 ) ;
#4241 = CARTESIAN_POINT ( 'NONE',  ( -3.188101183952083900, 2.971803142986850300E-016, -21.00000000000000000 ) ) ;
#4242 = EDGE_CURVE ( 'NONE', #1437, #3792, #2046, .T. ) ;
#4243 = CARTESIAN_POINT ( 'NONE',  ( 5.998263823987151000E-032, 4.000000000000000000, -3.343750000000044400 ) ) ;
#4244 = ORIENTED_EDGE ( 'NONE', *, *, #3945, .T. ) ;
#4245 = CONICAL_SURFACE ( 'NONE', #210, 7.249999999999999100, 0.7853981633974501700 ) ;
#4246 = CARTESIAN_POINT ( 'NONE',  ( 1.814613740401623200, 2.920784123053956600, -20.62836804056917500 ) ) ;
#4247 = CARTESIAN_POINT ( 'NONE',  ( -1.557772418313221000E-015, -3.188101183952083900, -0.8437500000000492900 ) ) ;
#4248 = CARTESIAN_POINT ( 'NONE',  ( -3.188101183952083900, 1.320554748610674800, -2.640625000000045700 ) ) ;
#4249 = CARTESIAN_POINT ( 'NONE',  ( 1.201412475624489900E-011, -3.900941469341681500, -20.16155853065831100 ) ) ;
#4250 = ORIENTED_EDGE ( 'NONE', *, *, #3146, .T. ) ;
#4251 = CARTESIAN_POINT ( 'NONE',  ( -3.188101183952083900, 1.019654187844447800E-016, 3.843749999999940900 ) ) ;
#4252 = VERTEX_POINT ( 'NONE', #4538 ) ;
#4253 = VECTOR ( 'NONE', #32, 1000.000000000000200 ) ;
#4254 = ORIENTED_EDGE ( 'NONE', *, *, #2043, .F. ) ;
#4255 = EDGE_CURVE ( 'NONE', #298, #3657, #1134, .T. ) ;
#4256 = CARTESIAN_POINT ( 'NONE',  ( -1.320554748610675500, 3.188101183952083900, -20.29687500000000700 ) ) ;
#4258 = CARTESIAN_POINT ( 'NONE',  ( 4.000000000000000000, 1.656854249492381200, -1.234375000000044400 ) ) ;
#4257 = CARTESIAN_POINT ( 'NONE',  ( 2.828427124746182700, -2.828427124746197800, -2.718750000000040400 ) ) ;
#4259 = PERSON_AND_ORGANIZATION ( #3943, #890 ) ;
#4260 = CARTESIAN_POINT ( 'NONE',  ( 3.999999999999999100, 1.656854249492381200, -9.828125000000030200 ) ) ;
#4261 = CARTESIAN_POINT ( 'NONE',  ( 0.0000000000000000000, 5.655958496054998300E-018, 15.31370849898476100 ) ) ;
#4262 = CARTESIAN_POINT ( 'NONE',  ( 1.320554748610674100, -3.188101183952084700, -18.26562500000001100 ) ) ;
#4263 = ORIENTED_EDGE ( 'NONE', *, *, #4018, .F. ) ;
#4264 = ORIENTED_EDGE ( 'NONE', *, *, #2064, .T. ) ;
#4265 = CARTESIAN_POINT ( 'NONE',  ( 2.254327966281376700, 2.254327966281381500, -14.28125000000001800 ) ) ;
#4266 =( BOUNDED_CURVE ( )  B_SPLINE_CURVE ( 2, ( #5519, #2866, #2440, #5043, #2041, #2885, #5118, #306, #277 ),
 .UNSPECIFIED., .F., .T. ) 
 B_SPLINE_CURVE_WITH_KNOTS ( ( 3, 2, 2, 2, 3 ),
 ( 0.7738095238095237200, 0.7797619047619046600, 0.7857142857142855900, 0.7916666666666665200, 0.7976190476190475600 ),
 .UNSPECIFIED. ) 
 CURVE ( )  GEOMETRIC_REPRESENTATION_ITEM ( )  RATIONAL_B_SPLINE_CURVE ( ( 1.000000000000001300, 0.9238795325112853000, 1.000000000000000000, 0.9238795325112867400, 1.000000000000000000, 0.9238795325112867400, 1.000000000000000000, 0.9238795325112881800, 0.9999999999999985600 ) ) 
 REPRESENTATION_ITEM ( '' )  );
#4267 = CYLINDRICAL_SURFACE ( 'NONE', #1943, 4.000000000000000000 ) ;
#4268 = CARTESIAN_POINT ( 'NONE',  ( 4.898587196589413000E-015, 4.000000000000000000, -15.84375000000001800 ) ) ;
#4269 = AXIS2_PLACEMENT_3D ( 'NONE', #461, #4765, #1294 ) ;
#4270 = CARTESIAN_POINT ( 'NONE',  ( -4.000000000000000000, 1.516798830996750800E-016, -6.781250000000037300 ) ) ;
#4271 = CARTESIAN_POINT ( 'NONE',  ( -3.188101183952115400, -1.320554748610624800, -6.078125000000039100 ) ) ;
#4272 = CARTESIAN_POINT ( 'NONE',  ( 0.06160503616368244500, -3.868656733510934800, -0.1366949871998487700 ) ) ;
#4273 = DIRECTION ( 'NONE',  ( -0.0000000000000000000, -0.0000000000000000000, -1.000000000000000000 ) ) ;
#4274 = CARTESIAN_POINT ( 'NONE',  ( -2.254327966281379300, -2.254327966281379300, -18.65625000000001100 ) ) ;
#4275 = CARTESIAN_POINT ( 'NONE',  ( -2.030629587928169300E-014, -3.188101183952083900, -7.093750000000033800 ) ) ;
#4276 = CARTESIAN_POINT ( 'NONE',  ( 3.188101183952083400, 1.320554748610675500, 4.546874999999941400 ) ) ;
#4277 = CARTESIAN_POINT ( 'NONE',  ( 4.000000000000000000, -1.381176954972650700E-014, -13.65625000000002100 ) ) ;
#4278 = ORIENTED_EDGE ( 'NONE', *, *, #5119, .T. ) ;
#4279 = CARTESIAN_POINT ( 'NONE',  ( -2.272617084506500400, 2.791428556298964000, -20.47107435703328400 ) ) ;
#4280 = CARTESIAN_POINT ( 'NONE',  ( 2.828427124746189800, -2.828427124746190700, -10.06250000000003000 ) ) ;
#4281 = CARTESIAN_POINT ( 'NONE',  ( 2.254327966281377100, -2.254327966281381100, -11.93750000000002300 ) ) ;
#4282 = CARTESIAN_POINT ( 'NONE',  ( 2.828427124746189800, -2.828427124746190700, 4.781249999999941400 ) ) ;
#4283 = ORIENTED_EDGE ( 'NONE', *, *, #359, .F. ) ;
#4284 = EDGE_CURVE ( 'NONE', #1882, #3129, #2632, .T. ) ;
#4285 = CARTESIAN_POINT ( 'NONE',  ( -0.9501487722897977700, -4.687415225147683300, 3.811199603341277600 ) ) ;
#4286 = ORIENTED_EDGE ( 'NONE', *, *, #3014, .F. ) ;
#4287 = CARTESIAN_POINT ( 'NONE',  ( -4.000000000000000000, 2.111114761735440400E-015, -18.18750000000001100 ) ) ;
#4288 = VERTEX_POINT ( 'NONE', #2410 ) ;
#4289 = CARTESIAN_POINT ( 'NONE',  ( 3.999999999999999100, 1.656854249492381200, -4.828125000000040900 ) ) ;
#4290 = CARTESIAN_POINT ( 'NONE',  ( 1.354653402678903700, 3.182036330560070500, -20.60857683216954700 ) ) ;
#4291 = EDGE_CURVE ( 'NONE', #1565, #5527, #3711, .T. ) ;
#4292 = CARTESIAN_POINT ( 'NONE',  ( -1.205043578414736000, 1.591112476001575100, 1.005636091156929300 ) ) ;
#4293 = CARTESIAN_POINT ( 'NONE',  ( -2.254327966281379300, -2.254327966281379300, -17.40625000000001100 ) ) ;
#4294 = CARTESIAN_POINT ( 'NONE',  ( -3.188101183952083900, 1.019654187844447800E-016, 3.687499999999940900 ) ) ;
#4295 = VERTEX_POINT ( 'NONE', #5472 ) ;
#4296 = CARTESIAN_POINT ( 'NONE',  ( 0.0000000000000000000, -9.324947672979560100E-017, -21.00000000000000000 ) ) ;
#4297 = CARTESIAN_POINT ( 'NONE',  ( -3.188101183952083900, 1.320554748610674800, 3.765624999999942700 ) ) ;
#4298 = CARTESIAN_POINT ( 'NONE',  ( -1.518625914947311400, -1.518625914947332200, 4.000000000000000000 ) ) ;
#4299 =( BOUNDED_CURVE ( )  B_SPLINE_CURVE ( 2, ( #5183, #5499, #2995, #696, #2438, #2022, #3315, #5075, #1556 ),
 .UNSPECIFIED., .F., .T. ) 
 B_SPLINE_CURVE_WITH_KNOTS ( ( 3, 2, 2, 2, 3 ),
 ( 0.3452380952380952300, 0.3511904761904761600, 0.3571428571428571500, 0.3630952380952380800, 0.3690476190476190700 ),
 .UNSPECIFIED. ) 
 CURVE ( )  GEOMETRIC_REPRESENTATION_ITEM ( )  RATIONAL_B_SPLINE_CURVE ( ( 1.000000000000000000, 0.9238795325112867400, 1.000000000000000000, 0.9238795325112867400, 1.000000000000000000, 0.9238795325112867400, 1.000000000000000000, 0.9238795325112867400, 1.000000000000000000 ) ) 
 REPRESENTATION_ITEM ( '' )  );
#4301 = CARTESIAN_POINT ( 'NONE',  ( -3.203818480175570000, -2.009432100839350100, -20.28850895619239100 ) ) ;
#4300 = CARTESIAN_POINT ( 'NONE',  ( 0.0000000000000000000, 5.655958496054998300E-018, 15.31370849898476100 ) ) ;
#4302 = ADVANCED_FACE ( 'NONE', ( #1167 ), #752, .T. ) ;
#4303 = CARTESIAN_POINT ( 'NONE',  ( -4.898587196589413800E-016, -4.000000000000000000, -11.46875000000002700 ) ) ;
#4304 = CARTESIAN_POINT ( 'NONE',  ( 4.000000000000000000, 7.751917805452324500E-015, -4.906250000000039100 ) ) ;
#4305 = ORIENTED_EDGE ( 'NONE', *, *, #1023, .F. ) ;
#4306 = CARTESIAN_POINT ( 'NONE',  ( 1.320554748610676800, 3.188101183952083000, -15.29687500000001800 ) ) ;
#4307 = CARTESIAN_POINT ( 'NONE',  ( 1.656854249492383200, 3.999999999999999100, -19.82812500000000700 ) ) ;
#4308 = CARTESIAN_POINT ( 'NONE',  ( 3.188101183952071000, -1.320554748610690600, -13.26562500000002100 ) ) ;
#4309 = CARTESIAN_POINT ( 'NONE',  ( -1.250164680451278300E-014, 3.188101183952083900, -5.218750000000039100 ) ) ;
#4310 = CARTESIAN_POINT ( 'NONE',  ( 1.656854249492379700, -4.000000000000000900, -3.890625000000043100 ) ) ;
#4311 = CARTESIAN_POINT ( 'NONE',  ( 3.188101183952084300, 1.320554748610673000, -16.85937500000001400 ) ) ;
#4312 = CARTESIAN_POINT ( 'NONE',  ( -1.320554748610675200, -3.188101183952083900, -17.32812500000001100 ) ) ;
#4313 = CARTESIAN_POINT ( 'NONE',  ( -3.188101183952083900, 1.320554748610674800, 1.109374999999947200 ) ) ;
#4314 = DIRECTION ( 'NONE',  ( -3.491481338843132600E-015, 1.000000000000000000, 0.0000000000000000000 ) ) ;
#4315 = CARTESIAN_POINT ( 'NONE',  ( 4.000000000000000000, 7.751917805452324500E-015, -4.906250000000039100 ) ) ;
#4316 = CARTESIAN_POINT ( 'NONE',  ( 1.656854249492381200, 4.000000000000000000, -14.67187500000002000 ) ) ;
#4317 = ORIENTED_EDGE ( 'NONE', *, *, #702, .T. ) ;
#4318 = VECTOR ( 'NONE', #3870, 1000.000000000000000 ) ;
#4319 = CARTESIAN_POINT ( 'NONE',  ( -4.000000000000000000, 1.656854249492381000, -13.10937500000002500 ) ) ;
#4320 = CARTESIAN_POINT ( 'NONE',  ( -3.188101183952085600, -1.320554748610670300, -12.32812500000002000 ) ) ;
#4321 = CARTESIAN_POINT ( 'NONE',  ( 1.320554748610674100, -3.188101183952084700, -13.26562500000002100 ) ) ;
#4322 = CARTESIAN_POINT ( 'NONE',  ( -1.518625914947311400, -1.518625914947332500, 4.000000000000000000 ) ) ;
#4323 = VERTEX_POINT ( 'NONE', #5451 ) ;
#4324 = EDGE_LOOP ( 'NONE', ( #4954, #3464, #4407, #439 ) ) ;
#4325 = EDGE_CURVE ( 'NONE', #319, #5086, #1290, .T. ) ;
#4326 = CARTESIAN_POINT ( 'NONE',  ( 2.254327966281358000, -2.254327966281400600, -4.437500000000039100 ) ) ;
#4327 = CARTESIAN_POINT ( 'NONE',  ( -2.828427124746190300, -2.828427124746189800, -7.875000000000034600 ) ) ;
#4328 = ADVANCED_FACE ( 'NONE', ( #2795 ), #3201, .T. ) ;
#4329 = ADVANCED_FACE ( 'NONE', ( #1923 ), #4267, .T. ) ;
#4330 = CARTESIAN_POINT ( 'NONE',  ( -0.9879751139334835800, -3.705381755851607600, -0.1711204091420434300 ) ) ;
#4331 = CARTESIAN_POINT ( 'NONE',  ( -1.320554748610675200, -3.188101183952083900, -18.57812500000000700 ) ) ;
#4332 = CARTESIAN_POINT ( 'NONE',  ( 3.188101183952083400, 1.320554748610675500, -0.6093750000000474100 ) ) ;
#4333 = VERTEX_POINT ( 'NONE', #1137 ) ;
#4334 = CARTESIAN_POINT ( 'NONE',  ( -2.828427124746196500, -2.828427124746184100, -15.37500000000001800 ) ) ;
#4335 = CARTESIAN_POINT ( 'NONE',  ( 2.815533720748155700, 0.7874938090657209700, 1.952044866385984400 ) ) ;
#4336 = FACE_OUTER_BOUND ( 'NONE', #4763, .T. ) ;
#4337 = VERTEX_POINT ( 'NONE', #4159 ) ;
#4338 = EDGE_LOOP ( 'NONE', ( #2970, #2802, #5343, #2224 ) ) ;
#4339 = EDGE_CURVE ( 'NONE', #4523, #4492, #23, .T. ) ;
#4340 = CARTESIAN_POINT ( 'NONE',  ( 2.851173418023748200, -0.9666666666666367000, 4.000000000000000000 ) ) ;
#4341 = CARTESIAN_POINT ( 'NONE',  ( -1.656854249492381200, -4.000000000000000000, -19.04687500000001100 ) ) ;
#4342 = DIRECTION ( 'NONE',  ( -0.0000000000000000000, -0.0000000000000000000, -1.000000000000000000 ) ) ;
#4343 = LINE ( 'NONE', #1600, #276 ) ;
#4344 = CARTESIAN_POINT ( 'NONE',  ( -3.188101183952083900, 1.320554748610674800, -13.73437500000002000 ) ) ;
#4345 = CARTESIAN_POINT ( 'NONE',  ( -3.188101183952087000, 1.320554748610668800, -15.14062500000001600 ) ) ;
#4346 = CARTESIAN_POINT ( 'NONE',  ( 2.851173418023748200, -0.9666666666666367000, 4.000000000000000000 ) ) ;
#4347 = CARTESIAN_POINT ( 'NONE',  ( 3.188101183952083900, 6.159547298426946000E-015, -4.281250000000038200 ) ) ;
#4348 = CARTESIAN_POINT ( 'NONE',  ( 4.000000000000000000, -8.280375562182076100E-016, -2.406250000000047100 ) ) ;
#4349 = CARTESIAN_POINT ( 'NONE',  ( -3.188101183952083900, -1.320554748610674600, -16.23437500000001100 ) ) ;
#4350 = CARTESIAN_POINT ( 'NONE',  ( 2.254327966281379300, 2.254327966281378900, 3.218749999999944000 ) ) ;
#4351 = FACE_OUTER_BOUND ( 'NONE', #2750, .T. ) ;
#4352 = CARTESIAN_POINT ( 'NONE',  ( 3.254646926218137400, -0.3366014601491931200, -0.7453530737818553400 ) ) ;
#4353 = CARTESIAN_POINT ( 'NONE',  ( 2.828427124746185900, -2.828427124746194300, -8.968750000000028400 ) ) ;
#4354 = CARTESIAN_POINT ( 'NONE',  ( -2.449293598294706500E-015, -4.000000000000000000, -17.87500000000001100 ) ) ;
#4355 = ORIENTED_EDGE ( 'NONE', *, *, #133, .F. ) ;
#4356 = CARTESIAN_POINT ( 'NONE',  ( 3.188101183952083400, 1.320554748610675500, -10.60937500000002700 ) ) ;
#4357 = VERTEX_POINT ( 'NONE', #3331 ) ;
#4358 = VECTOR ( 'NONE', #2473, 1000.000000000000100 ) ;
#4359 = CARTESIAN_POINT ( 'NONE',  ( 4.000000000000000000, 9.711352684088090000E-015, -7.406250000000034600 ) ) ;
#4360 = ADVANCED_FACE ( 'NONE', ( #3733 ), #1779, .T. ) ;
#4361 = ADVANCED_FACE ( 'NONE', ( #5255 ), #5520, .F. ) ;
#4362 = CARTESIAN_POINT ( 'NONE',  ( 3.183997160099070600, 0.9013380448459017400, -0.6986029470486540000 ) ) ;
#4363 = CARTESIAN_POINT ( 'NONE',  ( 5.998263823987151000E-032, 4.000000000000000000, -19.59375000000000700 ) ) ;
#4364 = CARTESIAN_POINT ( 'NONE',  ( 3.188101183952083900, -9.324947672979560100E-017, -21.00000000000000000 ) ) ;
#4365 = CARTESIAN_POINT ( 'NONE',  ( -2.254327966281379300, -2.254327966281379300, -17.25000000000001100 ) ) ;
#4366 = EDGE_CURVE ( 'NONE', #5463, #1967, #5593, .T. ) ;
#4367 = CARTESIAN_POINT ( 'NONE',  ( 0.9666666666666662300, 4.735680169380810200, 4.000000000000000000 ) ) ;
#4368 = CARTESIAN_POINT ( 'NONE',  ( 0.0000000000000000000, 5.655958496054998300E-018, -0.8118988160479135900 ) ) ;
#4369 = CARTESIAN_POINT ( 'NONE',  ( -2.828427124746176100, 2.828427124746204100, -10.68750000000002800 ) ) ;
#4370 = CARTESIAN_POINT ( 'NONE',  ( -4.000000000000000000, 1.516798830996750800E-016, -1.781250000000046600 ) ) ;
#4371 = VERTEX_POINT ( 'NONE', #5080 ) ;
#4372 = CARTESIAN_POINT ( 'NONE',  ( 2.828427124746189400, 2.828427124746191600, -9.906250000000026600 ) ) ;
#4373 = CARTESIAN_POINT ( 'NONE',  ( 2.254327966281379300, -2.254327966281379300, -14.59375000000001600 ) ) ;
#4374 = CARTESIAN_POINT ( 'NONE',  ( -3.188101183952083900, -1.320554748610674600, 0.01562499999994970700 ) ) ;
#4375 = CARTESIAN_POINT ( 'NONE',  ( 1.175660927181459200E-014, 4.000000000000000000, -6.000000000000034600 ) ) ;
#4376 = CARTESIAN_POINT ( 'NONE',  ( -1.656854249492394300, -3.999999999999994200, -15.29687500000002100 ) ) ;
#4377 =( BOUNDED_CURVE ( )  B_SPLINE_CURVE ( 2, ( #933, #4417, #1804, #871, #3037, #2159, #3906, #5673, #5250 ),
 .UNSPECIFIED., .F., .T. ) 
 B_SPLINE_CURVE_WITH_KNOTS ( ( 3, 2, 2, 2, 3 ),
 ( 0.1785714285714285800, 0.1845238095238095300, 0.1904761904761904400, 0.1964285714285714000, 0.2023809523809523300 ),
 .UNSPECIFIED. ) 
 CURVE ( )  GEOMETRIC_REPRESENTATION_ITEM ( )  RATIONAL_B_SPLINE_CURVE ( ( 1.000000000000000000, 0.9238795325112867400, 1.000000000000000000, 0.9238795325112867400, 1.000000000000000000, 0.9238795325112867400, 1.000000000000000000, 0.9238795325112874000, 0.9999999999999993300 ) ) 
 REPRESENTATION_ITEM ( '' )  );
#4378 = B_SPLINE_CURVE_WITH_KNOTS ( 'NONE', 3,
 ( #5071, #2894, #2035, #5495 ),
 .UNSPECIFIED., .F., .F.,
 ( 4, 4 ),
 ( 0.0000000000000000000, 0.0001955707939723183900 ),
 .UNSPECIFIED. ) ;
#4379 = CARTESIAN_POINT ( 'NONE',  ( -2.254327966281379300, 2.254327966281379300, -11.46875000000002500 ) ) ;
#4380 = ORIENTED_EDGE ( 'NONE', *, *, #4114, .T. ) ;
#4381 = ORIENTED_EDGE ( 'NONE', *, *, #5081, .T. ) ;
#4382 = APPROVAL_ROLE ( '' ) ;
#4383 = CARTESIAN_POINT ( 'NONE',  ( -4.000000000000000000, -2.055160277911914400E-015, -14.43750000000001600 ) ) ;
#4384 = CARTESIAN_POINT ( 'NONE',  ( 3.999999999999999100, 1.656854249492381200, -21.07812500000000400 ) ) ;
#4385 = DIRECTION ( 'NONE',  ( -1.000000000000000000, 0.0000000000000000000, 0.0000000000000000000 ) ) ;
#4386 = CARTESIAN_POINT ( 'NONE',  ( 3.188101183952083400, 1.320554748610675500, -14.20312500000002000 ) ) ;
#4387 = CARTESIAN_POINT ( 'NONE',  ( -0.9501487722897977700, -4.687415225147683300, 3.811199603341277600 ) ) ;
#4388 = LINE ( 'NONE', #4948, #5224 ) ;
#4389 = CARTESIAN_POINT ( 'NONE',  ( -3.188101183952083900, -1.656942013744068800E-015, -15.06250000000001600 ) ) ;
#4390 = DIRECTION ( 'NONE',  ( 0.0000000000000000000, -1.000000000000000000, 0.0000000000000000000 ) ) ;
#4391 = CARTESIAN_POINT ( 'NONE',  ( 2.828427124746211600, 2.828427124746169000, -6.000000000000036400 ) ) ;
#4392 = CARTESIAN_POINT ( 'NONE',  ( 2.828427124746190700, 2.828427124746189400, 0.2499999999999481800 ) ) ;
#4393 = VECTOR ( 'NONE', #5159, 1000.000000000000000 ) ;
#4394 = ADVANCED_FACE ( 'NONE', ( #4203 ), #1374, .T. ) ;
#4395 = CARTESIAN_POINT ( 'NONE',  ( 1.656854249492383200, 3.999999999999999100, -9.828125000000026600 ) ) ;
#4396 = ADVANCED_FACE ( 'NONE', ( #3793 ), #4085, .T. ) ;
#4397 = CARTESIAN_POINT ( 'NONE',  ( -4.735680169380803900, -0.9666666666666995400, 4.000000000000000000 ) ) ;
#4398 = CARTESIAN_POINT ( 'NONE',  ( 3.188101183952083000, -1.320554748610676600, -15.76562500000001400 ) ) ;
#4399 = CARTESIAN_POINT ( 'NONE',  ( 5.998263823987151000E-032, 3.188101183952083900, 4.624999999999937800 ) ) ;
#4400 = CARTESIAN_POINT ( 'NONE',  ( 3.188101183952083900, -9.324947672979560100E-017, -21.00000000000000000 ) ) ;
#4401 = CARTESIAN_POINT ( 'NONE',  ( 4.898587196589410900E-016, 3.999999999999998200, -20.06250000000000400 ) ) ;
#4402 = EDGE_LOOP ( 'NONE', ( #4865, #165, #2852, #1623 ) ) ;
#4403 = CYLINDRICAL_SURFACE ( 'NONE', #3867, 4.000000000000000000 ) ;
#4404 = CARTESIAN_POINT ( 'NONE',  ( 1.320554748610676800, 3.188101183952083000, -12.95312500000002100 ) ) ;
#4405 = EDGE_CURVE ( 'NONE', #4842, #1121, #1813, .T. ) ;
#4406 = CARTESIAN_POINT ( 'NONE',  ( -1.320554748610670300, -3.188101183952085600, -3.578125000000043100 ) ) ;
#4407 = ORIENTED_EDGE ( 'NONE', *, *, #2833, .F. ) ;
#4408 = AXIS2_PLACEMENT_3D ( 'NONE', #3137, #994, #228 ) ;
#4409 = CARTESIAN_POINT ( 'NONE',  ( 2.828427124746160500, -2.828427124746220000, -0.06250000000005209700 ) ) ;
#4410 = CARTESIAN_POINT ( 'NONE',  ( 1.656854249492383200, 3.999999999999999100, -17.17187500000001100 ) ) ;
#4411 = ORIENTED_EDGE ( 'NONE', *, *, #4109, .F. ) ;
#4412 = CARTESIAN_POINT ( 'NONE',  ( -3.188101183952083900, 2.971803142986850300E-016, -21.00000000000000000 ) ) ;
#4413 = CARTESIAN_POINT ( 'NONE',  ( 3.188101183952083400, 1.320554748610675500, -10.45312500000002700 ) ) ;
#4414 = VERTEX_POINT ( 'NONE', #4564 ) ;
#4415 = DIRECTION ( 'NONE',  ( -0.0000000000000000000, -0.0000000000000000000, -1.000000000000000000 ) ) ;
#4416 = CARTESIAN_POINT ( 'NONE',  ( -4.000000000000000000, -1.656854249492380400, -16.85937500000001100 ) ) ;
#4417 = CARTESIAN_POINT ( 'NONE',  ( 4.000000000000000900, 1.656854249492378600, -17.32812500000001400 ) ) ;
#4418 = EDGE_CURVE ( 'NONE', #1734, #395, #153, .T. ) ;
#4419 = ORIENTED_EDGE ( 'NONE', *, *, #3656, .T. ) ;
#4420 =( BOUNDED_CURVE ( )  B_SPLINE_CURVE ( 2, ( #3503, #4797, #3459, #479, #5264 ),
 .UNSPECIFIED., .F., .T. ) 
 B_SPLINE_CURVE_WITH_KNOTS ( ( 3, 2, 3 ),
 ( 0.02854967546550664000, 0.02976190476190475700, 0.03571428571428569100 ),
 .UNSPECIFIED. ) 
 CURVE ( )  GEOMETRIC_REPRESENTATION_ITEM ( )  RATIONAL_B_SPLINE_CURVE ( ( 0.9753096629729483000, 0.9844977225947830800, 1.000000000000000000, 0.9238795325112869600, 0.9999999999999997800 ) ) 
 REPRESENTATION_ITEM ( '' )  );
#4421 = CARTESIAN_POINT ( 'NONE',  ( 1.656854249492383200, 3.999999999999999100, -2.171875000000045300 ) ) ;
#4422 = ORIENTED_EDGE ( 'NONE', *, *, #5590, .T. ) ;
#4423 = CARTESIAN_POINT ( 'NONE',  ( 2.828427124746190700, 2.828427124746189400, -8.656250000000028400 ) ) ;
#4424 = VECTOR ( 'NONE', #1986, 1000.000000000000000 ) ;
#4425 = CARTESIAN_POINT ( 'NONE',  ( -2.828427124746190300, 2.828427124746189800, -18.18750000000001100 ) ) ;
#4426 = CARTESIAN_POINT ( 'NONE',  ( 2.254327966281379300, 2.254327966281378900, 4.468749999999941400 ) ) ;
#4427 = CARTESIAN_POINT ( 'NONE',  ( 4.000000000000000000, -1.969007418563379700E-014, -6.156250000000036400 ) ) ;
#4428 = CARTESIAN_POINT ( 'NONE',  ( -3.188101183952083900, 4.589934642711620200E-015, -5.062500000000039100 ) ) ;
#4429 = CARTESIAN_POINT ( 'NONE',  ( 3.188101183952083900, -6.788941632725165100E-016, -13.18750000000002000 ) ) ;
#4430 = AXIS2_PLACEMENT_3D ( 'NONE', #1181, #5600, #2072 ) ;
#4431 = CARTESIAN_POINT ( 'NONE',  ( -3.188101183952083900, 2.971803142986850300E-016, -21.00000000000000000 ) ) ;
#4432 = ADVANCED_FACE ( 'NONE', ( #1164 ), #1107, .T. ) ;
#4433 = ADVANCED_FACE ( 'NONE', ( #4618 ), #1631, .T. ) ;
#4434 = CARTESIAN_POINT ( 'NONE',  ( -3.457364395766278100, 1.110883210238444100, -0.3757125904012973400 ) ) ;
#4435 = CARTESIAN_POINT ( 'NONE',  ( 2.828427124746189800, -2.828427124746190700, -20.06250000000000700 ) ) ;
#4436 = CARTESIAN_POINT ( 'NONE',  ( 3.188101183952083900, -9.324947672979560100E-017, -21.00000000000000000 ) ) ;
#4437 = CARTESIAN_POINT ( 'NONE',  ( 2.254327966281379300, -2.254327966281379300, -9.437500000000028400 ) ) ;
#4438 = CARTESIAN_POINT ( 'NONE',  ( 4.687415225147674400, 0.9501487722898303000, 3.811199603341275800 ) ) ;
#4439 = ORIENTED_EDGE ( 'NONE', *, *, #2865, .T. ) ;
#4440 = CARTESIAN_POINT ( 'NONE',  ( 5.998263823987151000E-032, 4.000000000000000000, -17.25000000000000700 ) ) ;
#4441 = CARTESIAN_POINT ( 'NONE',  ( -2.828427124746197000, -2.828427124746183200, -13.03125000000001800 ) ) ;
#4442 = AXIS2_PLACEMENT_3D ( 'NONE', #2105, #1245, #1322 ) ;
#4443 = CYLINDRICAL_SURFACE ( 'NONE', #4733, 3.188101183952083900 ) ;
#4444 = CARTESIAN_POINT ( 'NONE',  ( 2.828427124746190700, 2.828427124746189400, -1.000000000000049500 ) ) ;
#4445 = CARTESIAN_POINT ( 'NONE',  ( -4.000000000000000000, 1.516798830996750800E-016, -9.437500000000026600 ) ) ;
#4446 = ORIENTED_EDGE ( 'NONE', *, *, #2984, .T. ) ;
#4447 = CIRCLE ( 'NONE', #2353, 3.999999999999998200 ) ;
#4448 = CARTESIAN_POINT ( 'NONE',  ( -4.000000000000000900, 1.656854249492379000, -8.109375000000033800 ) ) ;
#4449 = CARTESIAN_POINT ( 'NONE',  ( 1.320554748610679700, 3.188101183952082500, -6.703125000000035500 ) ) ;
#4450 = EDGE_CURVE ( 'NONE', #5012, #3071, #4975, .T. ) ;
#4451 = CARTESIAN_POINT ( 'NONE',  ( 2.254327966281379300, -2.254327966281379300, -13.34375000000002100 ) ) ;
#4452 = DIRECTION ( 'NONE',  ( -0.0000000000000000000, -0.0000000000000000000, -1.000000000000000000 ) ) ;
#4453 = CARTESIAN_POINT ( 'NONE',  ( 0.0000000000000000000, 5.655958496054998300E-018, 15.31370849898476100 ) ) ;
#4454 = CARTESIAN_POINT ( 'NONE',  ( 3.999999999999999100, 1.656854249492381200, -14.82812500000002100 ) ) ;
#4455 = CARTESIAN_POINT ( 'NONE',  ( -4.000000000000000000, 5.655958496054998300E-018, 15.31370849898476100 ) ) ;
#4456 = CARTESIAN_POINT ( 'NONE',  ( 3.188101183952083900, -6.788941632725165100E-016, -10.53125000000002700 ) ) ;
#4457 =( BOUNDED_CURVE ( )  B_SPLINE_CURVE ( 2, ( #3784, #1725, #5215, #368, #5194, #791, #351, #2110, #3896 ),
 .UNSPECIFIED., .F., .F. ) 
 B_SPLINE_CURVE_WITH_KNOTS ( ( 3, 2, 2, 2, 3 ),
 ( 0.3214285714285714000, 0.3273809523809523300, 0.3333333333333332600, 0.3392857142857143000, 0.3452380952380952300 ),
 .UNSPECIFIED. ) 
 CURVE ( )  GEOMETRIC_REPRESENTATION_ITEM ( )  RATIONAL_B_SPLINE_CURVE ( ( 1.000000000000000700, 0.9238795325112860700, 1.000000000000000000, 0.9238795325112867400, 1.000000000000000000, 0.9238795325112867400, 1.000000000000000000, 0.9238795325112867400, 1.000000000000000000 ) ) 
 REPRESENTATION_ITEM ( '' )  );
#4458 = EDGE_CURVE ( 'NONE', #2829, #1033, #1890, .T. ) ;
#4459 = CARTESIAN_POINT ( 'NONE',  ( -2.828427124746189800, 2.828427124746190300, -15.84375000000001400 ) ) ;
#4460 = VERTEX_POINT ( 'NONE', #3263 ) ;
#4461 = CARTESIAN_POINT ( 'NONE',  ( 1.320554748610673500, -3.188101183952084300, -8.265625000000032000 ) ) ;
#4462 = CARTESIAN_POINT ( 'NONE',  ( -4.687415225147679700, 0.9501487722898142000, 3.811199603341277600 ) ) ;
#4463 = CARTESIAN_POINT ( 'NONE',  ( 2.828427124746189800, -2.828427124746190700, 3.687499999999940900 ) ) ;
#4464 = CARTESIAN_POINT ( 'NONE',  ( -2.828427124746190300, -2.828427124746189800, -10.53125000000002500 ) ) ;
#4465 =( BOUNDED_CURVE ( )  B_SPLINE_CURVE ( 2, ( #2721, #1015, #3748, #5008, #241, #4558, #1980, #4588, #670 ),
 .UNSPECIFIED., .F., .T. ) 
 B_SPLINE_CURVE_WITH_KNOTS ( ( 3, 2, 2, 2, 3 ),
 ( 0.7738095238095237200, 0.7797619047619046600, 0.7857142857142855900, 0.7916666666666665200, 0.7976190476190475600 ),
 .UNSPECIFIED. ) 
 CURVE ( )  GEOMETRIC_REPRESENTATION_ITEM ( )  RATIONAL_B_SPLINE_CURVE ( ( 1.000000000000001300, 0.9238795325112853000, 1.000000000000000000, 0.9238795325112867400, 1.000000000000000000, 0.9238795325112867400, 1.000000000000000000, 0.9238795325112881800, 0.9999999999999985600 ) ) 
 REPRESENTATION_ITEM ( '' )  );
#4466 = CARTESIAN_POINT ( 'NONE',  ( -3.188101183952083900, 2.490017726779401800E-014, -8.656250000000030200 ) ) ;
#4467 = LINE ( 'NONE', #4400, #242 ) ;
#4468 = CARTESIAN_POINT ( 'NONE',  ( -1.320554748610666800, -3.188101183952087000, -8.578125000000030200 ) ) ;
#4469 = CARTESIAN_POINT ( 'NONE',  ( -3.188101183952083900, 2.971803142986850300E-016, -21.00000000000000000 ) ) ;
#4470 = CARTESIAN_POINT ( 'NONE',  ( -3.904297910284806600E-016, -3.188101183952083900, -8.500000000000032000 ) ) ;
#4471 = CYLINDRICAL_SURFACE ( 'NONE', #3397, 3.188101183952083900 ) ;
#4472 = CARTESIAN_POINT ( 'NONE',  ( 4.000000000000000000, -8.280375562182076100E-016, -16.15625000000001400 ) ) ;
#4473 = CARTESIAN_POINT ( 'NONE',  ( -3.188101183952084700, 1.320554748610672100, -10.14062500000002800 ) ) ;
#4474 = CARTESIAN_POINT ( 'NONE',  ( 3.188101183952083400, 1.320554748610675500, -9.203125000000030200 ) ) ;
#4475 = CARTESIAN_POINT ( 'NONE',  ( -3.188101183952054100, 1.320554748610718500, -1.234375000000049300 ) ) ;
#4476 = ORIENTED_EDGE ( 'NONE', *, *, #4339, .F. ) ;
#4477 = FACE_OUTER_BOUND ( 'NONE', #2764, .T. ) ;
#4478 = CARTESIAN_POINT ( 'NONE',  ( -2.828427124746190300, -2.828427124746189800, -16.78125000000001100 ) ) ;
#4479 = CARTESIAN_POINT ( 'NONE',  ( -3.188101183952083900, 6.151653806825543000E-015, -2.562500000000044000 ) ) ;
#4480 = CARTESIAN_POINT ( 'NONE',  ( -3.441664636719068000, -0.8415217315894162300, 2.569586846641084100 ) ) ;
#4481 = CARTESIAN_POINT ( 'NONE',  ( 2.828427124746190700, 2.828427124746189400, -6.156250000000034600 ) ) ;
#4482 = CARTESIAN_POINT ( 'NONE',  ( 2.828427124746190700, 2.828427124746189400, 3.999999999999940900 ) ) ;
#4483 = ORIENTED_EDGE ( 'NONE', *, *, #323, .T. ) ;
#4484 = CARTESIAN_POINT ( 'NONE',  ( 3.999999999999999100, -1.656854249492382600, -11.39062500000002300 ) ) ;
#4485 = ORIENTED_EDGE ( 'NONE', *, *, #2567, .F. ) ;
#4486 = VECTOR ( 'NONE', #1413, 1000.000000000000000 ) ;
#4487 = PLANE ( 'NONE',  #1935 ) ;
#4488 = CARTESIAN_POINT ( 'NONE',  ( 3.188101183952083900, -1.571241449076936900E-014, -5.531250000000036400 ) ) ;
#4489 = DIRECTION ( 'NONE',  ( 1.000000000000000000, 0.0000000000000000000, 0.0000000000000000000 ) ) ;
#4490 = EDGE_CURVE ( 'NONE', #1330, #5328, #3449, .T. ) ;
#4491 = CARTESIAN_POINT ( 'NONE',  ( -1.320554748610674600, 3.188101183952083900, -19.04687500000000700 ) ) ;
#4492 = VERTEX_POINT ( 'NONE', #1921 ) ;
#4493 = APPROVAL ( #3567, 'UNSPECIFIED' ) ;
#4494 = PLANE ( 'NONE',  #5106 ) ;
#4495 = CARTESIAN_POINT ( 'NONE',  ( 1.656854249492383200, 3.999999999999999100, -13.42187500000002100 ) ) ;
#4496 = CARTESIAN_POINT ( 'NONE',  ( -1.320554748610675200, -3.188101183952083900, -12.17187500000002300 ) ) ;
#4497 = ORIENTED_EDGE ( 'NONE', *, *, #4851, .T. ) ;
#4498 =( BOUNDED_CURVE ( )  B_SPLINE_CURVE ( 2, ( #4151, #2507, #2879, #5144, #2948, #287, #2489, #3325, #1616 ),
 .UNSPECIFIED., .F., .F. ) 
 B_SPLINE_CURVE_WITH_KNOTS ( ( 3, 2, 2, 2, 3 ),
 ( 0.7738095238095237200, 0.7797619047619046600, 0.7857142857142857000, 0.7916666666666666300, 0.7929247797019330900 ),
 .UNSPECIFIED. ) 
 CURVE ( )  GEOMETRIC_REPRESENTATION_ITEM ( )  RATIONAL_B_SPLINE_CURVE ( ( 1.000000000000001300, 0.9238795325112853000, 1.000000000000000000, 0.9238795325112867400, 1.000000000000000000, 0.9238795325112867400, 1.000000000000000000, 0.9839109503971149600, 0.9746231600524570800 ) ) 
 REPRESENTATION_ITEM ( '' )  );
#4499 = CARTESIAN_POINT ( 'NONE',  ( -2.828427124746189800, 2.828427124746190300, -13.34375000000002000 ) ) ;
#4500 = CARTESIAN_POINT ( 'NONE',  ( 2.828427124746189800, -2.828427124746190300, -17.56250000000001100 ) ) ;
#4501 = CARTESIAN_POINT ( 'NONE',  ( -4.000000000000000000, -1.656854249492380400, -4.359375000000037300 ) ) ;
#4502 = CARTESIAN_POINT ( 'NONE',  ( -4.898587196589413800E-016, -4.000000000000000000, 3.531249999999940500 ) ) ;
#4503 = CARTESIAN_POINT ( 'NONE',  ( 3.999999999999985800, -1.656854249492400100, -13.73437500000002100 ) ) ;
#4504 = CARTESIAN_POINT ( 'NONE',  ( 4.000000000000000000, -1.807754995536090300E-015, -19.90625000000000700 ) ) ;
#4505 = FACE_OUTER_BOUND ( 'NONE', #3044, .T. ) ;
#4506 = AXIS2_PLACEMENT_3D ( 'NONE', #1885, #2756, #156 ) ;
#4507 = CARTESIAN_POINT ( 'NONE',  ( 1.656854249492390600, 3.999999999999995600, -2.171875000000045300 ) ) ;
#4508 = ORIENTED_EDGE ( 'NONE', *, *, #5013, .T. ) ;
#4509 = CARTESIAN_POINT ( 'NONE',  ( -2.254327966281379300, 2.254327966281379300, -5.062500000000039100 ) ) ;
#4510 = VERTEX_POINT ( 'NONE', #184 ) ;
#4511 = LINE ( 'NONE', #5155, #5357 ) ;
#4512 = CARTESIAN_POINT ( 'NONE',  ( 1.656854249492383200, 3.999999999999999100, -12.32812500000002100 ) ) ;
#4513 = CARTESIAN_POINT ( 'NONE',  ( 0.7874938090657208600, 2.815533720748156100, 1.952044866385984800 ) ) ;
#4514 = CARTESIAN_POINT ( 'NONE',  ( -0.9501487722898468400, 4.687415225147672600, 3.811199603341277600 ) ) ;
#4515 = CARTESIAN_POINT ( 'NONE',  ( 3.999999999999999100, 1.656854249492381200, -2.484375000000042200 ) ) ;
#4516 = CARTESIAN_POINT ( 'NONE',  ( -2.851173418023741600, 0.9666666666666565700, 4.000000000000000000 ) ) ;
#4517 = DIRECTION ( 'NONE',  ( -0.0000000000000000000, -0.0000000000000000000, -1.000000000000000000 ) ) ;
#4518 = CARTESIAN_POINT ( 'NONE',  ( -2.254327966281366400, 2.254327966281391800, -6.468750000000035500 ) ) ;
#4519 = EDGE_CURVE ( 'NONE', #3760, #2609, #206, .T. ) ;
#4520 = B_SPLINE_CURVE_WITH_KNOTS ( 'NONE', 3,
 ( #2653, #1791, #2680, #3077, #4434, #2662, #5308, #4799, #16, #2265, #2196, #3507, #2635, #1800, #42, #996, #103, #2218, #481, #926, #63, #3054, #4847, #1357, #905, #5332, #3531, #1834, #4362, #1776, #3138, #3947 ),
 .UNSPECIFIED., .F., .F.,
 ( 4, 2, 2, 2, 2, 2, 2, 2, 2, 2, 2, 2, 2, 2, 2, 4 ),
 ( 0.01020143119204426800, 0.01087860237422270300, 0.01155577355640113700, 0.01291011592075800400, 0.01358728710293643700, 0.01426445828511487200, 0.01494162946729330600, 0.01561880064947174100, 0.01629597183165017500, 0.01697314301382860800, 0.01765031419600704400, 0.01832748537818547400, 0.01900465656036391000, 0.01968182774254234300, 0.02035899892472077500, 0.02103617010689920800 ),
 .UNSPECIFIED. ) ;
#4521 = AXIS2_PLACEMENT_3D ( 'NONE', #2659, #3985, #3113 ) ;
#4522 = CARTESIAN_POINT ( 'NONE',  ( -3.188101183952083900, 1.320554748610674800, -6.390625000000035500 ) ) ;
#4523 = VERTEX_POINT ( 'NONE', #5444 ) ;
#4524 = ORIENTED_EDGE ( 'NONE', *, *, #5270, .F. ) ;
#4525 = CARTESIAN_POINT ( 'NONE',  ( -2.254327966281379800, 2.254327966281378400, -18.96875000000000700 ) ) ;
#4526 = CARTESIAN_POINT ( 'NONE',  ( -2.828427124746200500, -2.828427124746179600, -6.781250000000033800 ) ) ;
#4527 = CARTESIAN_POINT ( 'NONE',  ( -3.188101183952083900, 1.019654187844447800E-016, -6.156250000000036400 ) ) ;
#4528 = EDGE_CURVE ( 'NONE', #2829, #3277, #2322, .T. ) ;
#4529 = ORIENTED_EDGE ( 'NONE', *, *, #2984, .F. ) ;
#4530 = ORIENTED_EDGE ( 'NONE', *, *, #4890, .T. ) ;
#4531 = CARTESIAN_POINT ( 'NONE',  ( -4.000000000000000000, 1.516798830996750800E-016, -13.18750000000001800 ) ) ;
#4532 = CARTESIAN_POINT ( 'NONE',  ( 3.188101183952081200, -1.320554748610682100, -12.01562500000002300 ) ) ;
#4533 = CARTESIAN_POINT ( 'NONE',  ( -0.2523777699929009600, -3.188101183952083400, -20.85868085637035900 ) ) ;
#4534 = CARTESIAN_POINT ( 'NONE',  ( -4.898587196589413800E-016, -4.000000000000000000, -1.625000000000043100 ) ) ;
#4535 = CYLINDRICAL_SURFACE ( 'NONE', #2856, 4.000000000000000000 ) ;
#4536 = CARTESIAN_POINT ( 'NONE',  ( 1.320554748610676600, 3.188101183952083000, -11.70312500000002500 ) ) ;
#4537 = AXIS2_PLACEMENT_3D ( 'NONE', #5042, #235, #3267 ) ;
#4538 = CARTESIAN_POINT ( 'NONE',  ( 3.188101183952083900, -1.180811658048456500E-014, -11.78125000000002300 ) ) ;
#4539 = CARTESIAN_POINT ( 'NONE',  ( 3.188101183952083900, -1.102725699842760400E-014, -13.18750000000002000 ) ) ;
#4540 = CARTESIAN_POINT ( 'NONE',  ( 1.518625914947337800, -1.518625914947306000, 4.000000000000000000 ) ) ;
#4541 = ORIENTED_EDGE ( 'NONE', *, *, #5119, .F. ) ;
#4542 = FACE_OUTER_BOUND ( 'NONE', #4651, .T. ) ;
#4543 = CARTESIAN_POINT ( 'NONE',  ( 3.188101183952083400, 1.320554748610675500, -5.453125000000039100 ) ) ;
#4544 = DIRECTION ( 'NONE',  ( -0.0000000000000000000, -0.0000000000000000000, 1.000000000000000000 ) ) ;
#4545 = CARTESIAN_POINT ( 'NONE',  ( -2.254327966281379300, -2.254327966281379300, -21.15625000000000000 ) ) ;
#4546 = CARTESIAN_POINT ( 'NONE',  ( 2.254327966281379300, -2.254327966281378900, -18.34375000000001100 ) ) ;
#4547 = VERTEX_POINT ( 'NONE', #3629 ) ;
#4548 = CARTESIAN_POINT ( 'NONE',  ( 1.964386723728471900E-015, -4.000000000000000000, -5.375000000000036400 ) ) ;
#4549 = CARTESIAN_POINT ( 'NONE',  ( 3.999999999999999100, -1.656854249492382600, -5.140625000000039100 ) ) ;
#4550 = ORIENTED_EDGE ( 'NONE', *, *, #3404, .F. ) ;
#4551 = CARTESIAN_POINT ( 'NONE',  ( 3.188101183952083900, -1.727413365488329300E-014, -3.187500000000044400 ) ) ;
#4552 = LOCAL_TIME ( 10, 59, 51.00000000000000000, #2369 ) ;
#4553 = PLANE ( 'NONE',  #2887 ) ;
#4554 = ORIENTED_EDGE ( 'NONE', *, *, #3404, .T. ) ;
#4555 = ORIENTED_EDGE ( 'NONE', *, *, #292, .F. ) ;
#4556 = B_SPLINE_CURVE_WITH_KNOTS ( 'NONE', 3,
 ( #2146, #3915, #448, #4751, #5214, #5285, #5235, #2582, #2654, #3045, #1327, #1768, #56, #3475, #3961, #3982, #5663, #3089 ),
 .UNSPECIFIED., .F., .F.,
 ( 4, 2, 2, 2, 2, 2, 2, 2, 4 ),
 ( 0.0005176426259253570200, 0.001240073421827462200, 0.001962504217729567800, 0.002684935013631673300, 0.003407365809533778400, 0.004129796605435883500, 0.004852227401337989500, 0.005574658197240094600, 0.006297088993142199700 ),
 .UNSPECIFIED. ) ;
#4557 = EDGE_CURVE ( 'NONE', #110, #2051, #5516, .T. ) ;
#4558 = CARTESIAN_POINT ( 'NONE',  ( 1.656854249492372800, -4.000000000000002700, -0.2968750000000470700 ) ) ;
#4559 = CARTESIAN_POINT ( 'NONE',  ( 3.188101183952083900, -1.024639741637064300E-014, -14.28125000000001800 ) ) ;
#4560 = CARTESIAN_POINT ( 'NONE',  ( -3.188101183952083900, 1.320554748610674800, -6.234375000000034600 ) ) ;
#4561 = ORIENTED_EDGE ( 'NONE', *, *, #3098, .F. ) ;
#4562 = CARTESIAN_POINT ( 'NONE',  ( -3.188101183952083900, 8.828250008414060500E-016, -19.90625000000000400 ) ) ;
#4563 = CARTESIAN_POINT ( 'NONE',  ( 3.188101183952083900, 7.721266462540868900E-015, -6.781250000000033800 ) ) ;
#4564 = CARTESIAN_POINT ( 'NONE',  ( 4.000000000000000000, 9.711352684088090000E-015, -7.406250000000034600 ) ) ;
#4565 = CARTESIAN_POINT ( 'NONE',  ( -3.188101183952083900, -2.437801595801029900E-015, -16.15625000000001400 ) ) ;
#4566 = CARTESIAN_POINT ( 'NONE',  ( 1.656854249492383200, 3.999999999999999100, -1.078125000000044200 ) ) ;
#4567 = EDGE_CURVE ( 'NONE', #4371, #5247, #5095, .T. ) ;
#4568 = CARTESIAN_POINT ( 'NONE',  ( -4.000000000000000000, 5.655958496054998300E-018, 15.31370849898476100 ) ) ;
#4569 = EDGE_LOOP ( 'NONE', ( #2563, #5185, #288, #4286 ) ) ;
#4570 = LINE ( 'NONE', #2321, #2329 ) ;
#4571 = CARTESIAN_POINT ( 'NONE',  ( 3.188101183952079400, -1.320554748610680100, -20.60937500000001400 ) ) ;
#4572 = CARTESIAN_POINT ( 'NONE',  ( -1.320554748610686800, -3.188101183952079000, -13.42187500000002000 ) ) ;
#4573 = VERTEX_POINT ( 'NONE', #269 ) ;
#4574 = AXIS2_PLACEMENT_3D ( 'NONE', #4098, #1092, #4973 ) ;
#4575 = DIRECTION ( 'NONE',  ( -0.9238795325112854100, -0.3826834323650930000, 0.0000000000000000000 ) ) ;
#4576 = CARTESIAN_POINT ( 'NONE',  ( 1.320554748610705000, 3.188101183952071000, -2.796875000000042200 ) ) ;
#4577 = CARTESIAN_POINT ( 'NONE',  ( 1.320554748610676800, 3.188101183952083000, -4.046875000000040900 ) ) ;
#4578 = CARTESIAN_POINT ( 'NONE',  ( -4.000000000000000000, 1.863709479359616300E-015, -10.53125000000002800 ) ) ;
#4579 = CARTESIAN_POINT ( 'NONE',  ( -1.952148955142403000E-015, -3.188101183952083900, -18.50000000000001100 ) ) ;
#4580 = CARTESIAN_POINT ( 'NONE',  ( -3.188101183952083900, 2.971803142986850300E-016, -21.00000000000000000 ) ) ;
#4581 = CARTESIAN_POINT ( 'NONE',  ( -1.656854249492381200, -4.000000000000000000, 3.296874999999945800 ) ) ;
#4582 = CARTESIAN_POINT ( 'NONE',  ( 3.188101183952083900, -1.024639741637064300E-014, -14.28125000000001800 ) ) ;
#4583 = EDGE_LOOP ( 'NONE', ( #3585, #2297, #3326, #4199 ) ) ;
#4584 = CARTESIAN_POINT ( 'NONE',  ( 1.656854249492379000, -4.000000000000000900, -7.796875000000031100 ) ) ;
#4585 =( BOUNDED_CURVE ( )  B_SPLINE_CURVE ( 2, ( #1787, #1850, #5365, #78, #1440, #5281, #3978, #2673, #3105 ),
 .UNSPECIFIED., .F., .T. ) 
 B_SPLINE_CURVE_WITH_KNOTS ( ( 3, 2, 2, 2, 3 ),
 ( 0.1309523809523809600, 0.1369047619047619200, 0.1428571428571428200, 0.1488095238095237800, 0.1547619047619047100 ),
 .UNSPECIFIED. ) 
 CURVE ( )  GEOMETRIC_REPRESENTATION_ITEM ( )  RATIONAL_B_SPLINE_CURVE ( ( 1.000000000000000000, 0.9238795325112867400, 1.000000000000000000, 0.9238795325112867400, 1.000000000000000000, 0.9238795325112867400, 1.000000000000000000, 0.9238795325112874000, 0.9999999999999993300 ) ) 
 REPRESENTATION_ITEM ( '' )  );
#4586 = DIRECTION ( 'NONE',  ( -0.0000000000000000000, -0.0000000000000000000, -1.000000000000000000 ) ) ;
#4587 = EDGE_CURVE ( 'NONE', #4030, #4414, #4071, .T. ) ;
#4588 = CARTESIAN_POINT ( 'NONE',  ( 3.999999999999968900, -1.656854249492421700, -0.1406250000000485400 ) ) ;
#4589 = CYLINDRICAL_SURFACE ( 'NONE', #693, 4.000000000000000000 ) ;
#4590 = CARTESIAN_POINT ( 'NONE',  ( 3.188101183952083900, -1.258897616254152600E-014, -10.53125000000002700 ) ) ;
#4591 = CARTESIAN_POINT ( 'NONE',  ( -2.254327966281379300, 2.254327966281379300, -0.06250000000004862800 ) ) ;
#4592 = DIRECTION ( 'NONE',  ( -0.0000000000000000000, -0.0000000000000000000, 1.000000000000000000 ) ) ;
#4593 = EDGE_CURVE ( 'NONE', #2305, #2953, #3056, .T. ) ;
#4594 = FACE_OUTER_BOUND ( 'NONE', #5479, .T. ) ;
#4596 = CARTESIAN_POINT ( 'NONE',  ( -2.828427124746200500, -2.828427124746179600, -7.875000000000034600 ) ) ;
#4595 = CARTESIAN_POINT ( 'NONE',  ( -1.656854249492398300, -3.999999999999993300, -10.29687500000002800 ) ) ;
#4597 = CARTESIAN_POINT ( 'NONE',  ( 3.188101183952083900, 7.721266462540868900E-015, -6.937500000000033800 ) ) ;
#4598 = CARTESIAN_POINT ( 'NONE',  ( 4.000000000000000000, -8.280375562182076100E-016, 1.187499999999948900 ) ) ;
#4599 = DIRECTION ( 'NONE',  ( -0.0000000000000000000, -0.0000000000000000000, -1.000000000000000000 ) ) ;
#4600 = ORIENTED_EDGE ( 'NONE', *, *, #3847, .F. ) ;
#4601 = FACE_OUTER_BOUND ( 'NONE', #1994, .T. ) ;
#4602 = CARTESIAN_POINT ( 'NONE',  ( 1.320554748610682800, 3.188101183952080300, -1.703125000000044900 ) ) ;
#4603 = ORIENTED_EDGE ( 'NONE', *, *, #4140, .F. ) ;
#4604 = VERTEX_POINT ( 'NONE', #3788 ) ;
#4605 = LINE ( 'NONE', #4568, #963 ) ;
#4606 = CARTESIAN_POINT ( 'NONE',  ( -1.320554748610674800, 3.188101183952083900, -6.546875000000034600 ) ) ;
#4607 = CARTESIAN_POINT ( 'NONE',  ( -3.188101183952085600, -1.320554748610669700, -11.07812500000002500 ) ) ;
#4608 = CARTESIAN_POINT ( 'NONE',  ( -2.254327966281379300, -2.254327966281379300, -1.000000000000046000 ) ) ;
#4609 = CARTESIAN_POINT ( 'NONE',  ( 3.188101183952083900, -1.459753745329477600E-015, -19.28125000000000700 ) ) ;
#4610 = ORIENTED_EDGE ( 'NONE', *, *, #4405, .F. ) ;
#4611 = DIRECTION ( 'NONE',  ( 1.000000000000000000, 0.0000000000000000000, 0.0000000000000000000 ) ) ;
#4613 = CARTESIAN_POINT ( 'NONE',  ( 1.320554748610703200, 3.188101183952071400, -5.453125000000039100 ) ) ;
#4612 = CARTESIAN_POINT ( 'NONE',  ( -4.408728476930471600E-015, -4.000000000000000000, -15.37500000000001400 ) ) ;
#4614 = CYLINDRICAL_SURFACE ( 'NONE', #5040, 4.000000000000000000 ) ;
#4615 = CARTESIAN_POINT ( 'NONE',  ( 1.592252336783064500, -1.204619352169669100, 1.006142121190267700 ) ) ;
#4616 = CARTESIAN_POINT ( 'NONE',  ( -2.828427124746189800, 2.828427124746190300, 0.4062499999999518200 ) ) ;
#4617 = CARTESIAN_POINT ( 'NONE',  ( -3.188101183952085600, -1.320554748610668800, -9.984375000000028400 ) ) ;
#4618 = FACE_OUTER_BOUND ( 'NONE', #605, .T. ) ;
#4619 = CARTESIAN_POINT ( 'NONE',  ( -1.656854249492384400, -3.999999999999998200, -19.04687500000000700 ) ) ;
#4620 =( BOUNDED_CURVE ( )  B_SPLINE_CURVE ( 2, ( #785, #5083, #3389, #3780, #4247, #4655, #2056 ),
 .UNSPECIFIED., .F., .F. ) 
 B_SPLINE_CURVE_WITH_KNOTS ( ( 3, 2, 2, 3 ),
 ( 0.7738095238095237200, 0.7797619047619046600, 0.7857142857142857000, 0.7869723987495521600 ),
 .UNSPECIFIED. ) 
 CURVE ( )  GEOMETRIC_REPRESENTATION_ITEM ( )  RATIONAL_B_SPLINE_CURVE ( ( 1.000000000000001300, 0.9238795325112853000, 1.000000000000000000, 0.9238795325112867400, 1.000000000000000000, 0.9839109503971146300, 0.9746231600524566400 ) ) 
 REPRESENTATION_ITEM ( '' )  );
#4621 = EDGE_CURVE ( 'NONE', #4460, #4573, #1627, .T. ) ;
#4622 = CARTESIAN_POINT ( 'NONE',  ( -1.320554748610674800, 3.188101183952083900, -5.296875000000037300 ) ) ;
#4623 = CARTESIAN_POINT ( 'NONE',  ( 1.309756779131182600, 1.309756779131182600, 0.8807309842807566900 ) ) ;
#4624 = CARTESIAN_POINT ( 'NONE',  ( -3.188101183952083900, 1.320554748610674800, 1.265624999999947400 ) ) ;
#4625 = CARTESIAN_POINT ( 'NONE',  ( 1.309756779131182600, 1.309756779131182600, 0.8807309842807566900 ) ) ;
#4626 = ORIENTED_EDGE ( 'NONE', *, *, #839, .T. ) ;
#4627 = CARTESIAN_POINT ( 'NONE',  ( -1.656854249492369500, 4.000000000000004400, -13.42187500000001600 ) ) ;
#4628 = EDGE_LOOP ( 'NONE', ( #5251, #3248, #67, #4305 ) ) ;
#4629 = CARTESIAN_POINT ( 'NONE',  ( 2.851173418023748200, -0.9666666666666367000, 4.000000000000000000 ) ) ;
#4630 = CARTESIAN_POINT ( 'NONE',  ( 7.808595820569611900E-015, 3.188101183952083900, -9.125000000000028400 ) ) ;
#4631 = VERTEX_POINT ( 'NONE', #5512 ) ;
#4632 = CARTESIAN_POINT ( 'NONE',  ( -2.828427124746189800, 2.828427124746190300, 2.906249999999943600 ) ) ;
#4633 = EDGE_CURVE ( 'NONE', #131, #5581, #4343, .T. ) ;
#4634 = CARTESIAN_POINT ( 'NONE',  ( -1.562113838693992600E-014, -3.188101183952083900, -14.59375000000001600 ) ) ;
#4635 = CARTESIAN_POINT ( 'NONE',  ( 1.320554748610672100, -3.188101183952084700, -5.765625000000039100 ) ) ;
#4636 = CARTESIAN_POINT ( 'NONE',  ( 2.828427124746185400, -2.828427124746195200, -7.718750000000031100 ) ) ;
#4637 = CARTESIAN_POINT ( 'NONE',  ( -1.874457671516777300E-014, -3.188101183952083900, -9.593750000000028400 ) ) ;
#4638 = CARTESIAN_POINT ( 'NONE',  ( 3.188101183952083900, -1.415069532665545000E-014, -8.031250000000032000 ) ) ;
#4639 = CARTESIAN_POINT ( 'NONE',  ( -0.8415217315894043500, 3.441664636719071100, 2.569586846641084100 ) ) ;
#4640 = CARTESIAN_POINT ( 'NONE',  ( -3.904297910284806600E-016, -3.188101183952083900, -6.000000000000036400 ) ) ;
#4641 = CARTESIAN_POINT ( 'NONE',  ( -2.254327966281382900, -2.254327966281375300, -17.25000000000001100 ) ) ;
#4642 = CARTESIAN_POINT ( 'NONE',  ( 3.188101183952083900, -6.788941632725165100E-016, -3.031250000000044400 ) ) ;
#4643 = CARTESIAN_POINT ( 'NONE',  ( -2.828427124746182700, -2.828427124746197800, -4.125000000000041700 ) ) ;
#4644 = ORIENTED_EDGE ( 'NONE', *, *, #4587, .F. ) ;
#4645 = VERTEX_POINT ( 'NONE', #2846 ) ;
#4646 = CARTESIAN_POINT ( 'NONE',  ( 7.808595820569613300E-016, 3.188101183952083900, -20.37500000000000400 ) ) ;
#4648 = CARTESIAN_POINT ( 'NONE',  ( 2.254327966281396600, 2.254327966281361600, -5.531250000000036400 ) ) ;
#4647 = CARTESIAN_POINT ( 'NONE',  ( 3.188101183952083900, -1.727413365488329300E-014, -3.031250000000044400 ) ) ;
#4649 = CARTESIAN_POINT ( 'NONE',  ( -3.188101183952083900, 1.320554748610674800, -21.23437500000000400 ) ) ;
#4650 = ORIENTED_EDGE ( 'NONE', *, *, #4653, .F. ) ;
#4651 = EDGE_LOOP ( 'NONE', ( #196, #3199, #1903, #5295 ) ) ;
#4652 =( BOUNDED_CURVE ( )  B_SPLINE_CURVE ( 2, ( #1744, #3069, #2212, #473, #2675, #3500, #4353, #4773, #81 ),
 .UNSPECIFIED., .F., .T. ) 
 B_SPLINE_CURVE_WITH_KNOTS ( ( 3, 2, 2, 2, 3 ),
 ( 0.4404761904761904700, 0.4464285714285714500, 0.4523809523809523300, 0.4583333333333332600, 0.4642857142857142500 ),
 .UNSPECIFIED. ) 
 CURVE ( )  GEOMETRIC_REPRESENTATION_ITEM ( )  RATIONAL_B_SPLINE_CURVE ( ( 1.000000000000000000, 0.9238795325112867400, 1.000000000000000000, 0.9238795325112867400, 1.000000000000000000, 0.9238795325112867400, 1.000000000000000000, 0.9238795325112874000, 0.9999999999999993300 ) ) 
 REPRESENTATION_ITEM ( '' )  );
#4653 = EDGE_CURVE ( 'NONE', #2462, #1330, #5424, .T. ) ;
#4654 = CONICAL_SURFACE ( 'NONE', #462, 4.833333333333333000, 0.2617993877991500700 ) ;
#4655 = CARTESIAN_POINT ( 'NONE',  ( 0.2620866543541328100, -3.188101183952083900, -0.8282447588179179300 ) ) ;
#4656 = CARTESIAN_POINT ( 'NONE',  ( -3.188101183952083900, 1.320554748610674800, -7.640625000000032000 ) ) ;
#4657 = B_SPLINE_CURVE_WITH_KNOTS ( 'NONE', 3,
 ( #1140, #2366, #1127, #1097 ),
 .UNSPECIFIED., .F., .F.,
 ( 4, 4 ),
 ( 0.01448277062945233000, 0.01712601868346312300 ),
 .UNSPECIFIED. ) ;
#4658 = CARTESIAN_POINT ( 'NONE',  ( -3.188101183952087000, -1.320554748610666800, -7.328125000000032900 ) ) ;
#4659 = CONICAL_SURFACE ( 'NONE', #4872, 7.249999999999999100, 0.7853981633974501700 ) ;
#4660 = DIRECTION ( 'NONE',  ( 0.0000000000000000000, 0.0000000000000000000, 1.000000000000000000 ) ) ;
#4661 = CARTESIAN_POINT ( 'NONE',  ( -3.188101183952083900, 1.663684582898367500E-015, -18.65625000000000700 ) ) ;
#4662 = CARTESIAN_POINT ( 'NONE',  ( 1.320554748610676800, 3.188101183952083000, -20.45312500000000700 ) ) ;
#4663 = CARTESIAN_POINT ( 'NONE',  ( 2.828427124746185900, -2.828427124746194300, -10.06250000000003000 ) ) ;
#4664 = ORIENTED_EDGE ( 'NONE', *, *, #1976, .T. ) ;
#4665 = VECTOR ( 'NONE', #3655, 1000.000000000000000 ) ;
#4666 = CARTESIAN_POINT ( 'NONE',  ( -2.828427124746193400, -2.828427124746186700, -19.28125000000000700 ) ) ;
#4667 = CARTESIAN_POINT ( 'NONE',  ( 3.188101183952083000, -1.320554748610676600, -19.35937500000000400 ) ) ;
#4668 = EDGE_LOOP ( 'NONE', ( #1363, #299, #828, #3758 ) ) ;
#4669 = ORIENTED_EDGE ( 'NONE', *, *, #947, .F. ) ;
#4670 = PERSON_AND_ORGANIZATION ( #3943, #890 ) ;
#4671 = EDGE_LOOP ( 'NONE', ( #2599, #2492, #1756, #3466 ) ) ;
#4672 = CARTESIAN_POINT ( 'NONE',  ( 1.656854249492370400, -4.000000000000004400, -16.39062500000001800 ) ) ;
#4673 = CARTESIAN_POINT ( 'NONE',  ( -1.320554748610674800, 3.188101183952083900, -2.796875000000042200 ) ) ;
#4674 = ORIENTED_EDGE ( 'NONE', *, *, #3176, .T. ) ;
#4675 = DIRECTION ( 'NONE',  ( 0.9961946980917455500, 3.363568232314313800E-015, 0.08715574274765836000 ) ) ;
#4676 = EDGE_LOOP ( 'NONE', ( #4664, #2428, #5033, #2362 ) ) ;
#4677 = CARTESIAN_POINT ( 'NONE',  ( 4.000000000000000000, -1.675092186768015000E-014, -8.812500000000028400 ) ) ;
#4678 =( LENGTH_UNIT ( ) NAMED_UNIT ( * ) SI_UNIT ( .MILLI., .METRE. ) );
#4679 = CARTESIAN_POINT ( 'NONE',  ( -2.828427124746190300, -2.828427124746189800, -9.125000000000030200 ) ) ;
#4680 = CARTESIAN_POINT ( 'NONE',  ( -1.656854249492383700, -3.999999999999998200, -19.20312500000000400 ) ) ;
#4681 = CARTESIAN_POINT ( 'NONE',  ( 3.188101183952083900, -6.788941632725165100E-016, -20.53125000000000400 ) ) ;
#4682 = EDGE_CURVE ( 'NONE', #393, #458, #5450, .T. ) ;
#4683 = CARTESIAN_POINT ( 'NONE',  ( 1.309756779131196100, -1.309756779131168800, 0.8807309842807565800 ) ) ;
#4684 = PLANE ( 'NONE',  #3692 ) ;
#4685 = ORIENTED_EDGE ( 'NONE', *, *, #3707, .T. ) ;
#4686 = CARTESIAN_POINT ( 'NONE',  ( 2.828427124746190700, 2.828427124746189400, -6.000000000000036400 ) ) ;
#4687 = CARTESIAN_POINT ( 'NONE',  ( 3.017553287356840000, -1.273759080763470700, -20.80625520358699600 ) ) ;
#4688 = ORIENTED_EDGE ( 'NONE', *, *, #2774, .F. ) ;
#4689 = EDGE_CURVE ( 'NONE', #4333, #4196, #1945, .T. ) ;
#4690 = CYLINDRICAL_SURFACE ( 'NONE', #622, 3.188101183952083900 ) ;
#4691 = CARTESIAN_POINT ( 'NONE',  ( -1.320554748610673000, -3.188101183952084300, -17.17187500000001400 ) ) ;
#4692 = CARTESIAN_POINT ( 'NONE',  ( 1.320554748610676800, 3.188101183952083000, 2.203124999999944900 ) ) ;
#4693 = ORIENTED_EDGE ( 'NONE', *, *, #342, .F. ) ;
#4694 = CARTESIAN_POINT ( 'NONE',  ( -2.254327966281378900, 2.254327966281379300, -20.21875000000000400 ) ) ;
#4696 = CARTESIAN_POINT ( 'NONE',  ( -0.9557333700557006900, -3.757992242872034700, -20.19250571170529100 ) ) ;
#4695 = CARTESIAN_POINT ( 'NONE',  ( -2.828427124746198300, -2.828427124746181900, -10.53125000000002500 ) ) ;
#4697 = CARTESIAN_POINT ( 'NONE',  ( 4.000000000000000000, -8.280375562182076100E-016, -12.40625000000002300 ) ) ;
#4698 = CARTESIAN_POINT ( 'NONE',  ( 3.188101183952083400, 1.320554748610675500, -19.20312500000001100 ) ) ;
#4699 = CARTESIAN_POINT ( 'NONE',  ( 0.7874938090657505100, -2.815533720748147700, 1.952044866385984400 ) ) ;
#4700 = CARTESIAN_POINT ( 'NONE',  ( -4.000000000000000000, -2.055160277911914400E-015, -15.53125000000001800 ) ) ;
#4701 = CARTESIAN_POINT ( 'NONE',  ( -2.828427124746189800, 2.828427124746190300, -5.687500000000040000 ) ) ;
#4702 = CARTESIAN_POINT ( 'NONE',  ( -3.999999999999963600, 1.656854249492433700, -3.265625000000040400 ) ) ;
#4703 = ORIENTED_EDGE ( 'NONE', *, *, #2399, .F. ) ;
#4704 = CARTESIAN_POINT ( 'NONE',  ( -2.615828986406734100, -2.715458939405763300, -0.2355603306682977100 ) ) ;
#4705 = CARTESIAN_POINT ( 'NONE',  ( 2.254327966281379300, 2.254327966281378900, -20.53125000000000400 ) ) ;
#4706 = ORIENTED_EDGE ( 'NONE', *, *, #5356, .F. ) ;
#4707 = CARTESIAN_POINT ( 'NONE',  ( 1.656854249492384600, 3.999999999999998200, -8.578125000000028400 ) ) ;
#4708 = VECTOR ( 'NONE', #1449, 1000.000000000000000 ) ;
#4709 = CARTESIAN_POINT ( 'NONE',  ( 5.878304635907295800E-015, 4.000000000000000000, -14.59375000000002000 ) ) ;
#4710 =( BOUNDED_CURVE ( )  B_SPLINE_CURVE ( 2, ( #4383, #85, #5265, #4827, #1816, #3116, #3986, #5289, #3923 ),
 .UNSPECIFIED., .F., .T. ) 
 B_SPLINE_CURVE_WITH_KNOTS ( ( 3, 2, 2, 2, 3 ),
 ( 0.2500000000000000000, 0.2559523809523809300, 0.2619047619047618600, 0.2678571428571427900, 0.2738095238095237800 ),
 .UNSPECIFIED. ) 
 CURVE ( )  GEOMETRIC_REPRESENTATION_ITEM ( )  RATIONAL_B_SPLINE_CURVE ( ( 1.000000000000000000, 0.9238795325112867400, 1.000000000000000000, 0.9238795325112867400, 1.000000000000000000, 0.9238795325112867400, 1.000000000000000000, 0.9238795325112874000, 0.9999999999999993300 ) ) 
 REPRESENTATION_ITEM ( '' )  );
#4711 = EDGE_CURVE ( 'NONE', #5247, #3011, #4226, .T. ) ;
#4713 = CARTESIAN_POINT ( 'NONE',  ( -1.320554748610692300, -3.188101183952076800, -4.828125000000040900 ) ) ;
#4712 = CARTESIAN_POINT ( 'NONE',  ( 0.0000000000000000000, 5.655958496054998300E-018, 15.31370849898476100 ) ) ;
#4714 = CARTESIAN_POINT ( 'NONE',  ( -4.000000000000000000, -1.656854249492380400, -12.95312500000002100 ) ) ;
#4715 = CARTESIAN_POINT ( 'NONE',  ( 4.000000000000000000, 5.792482926816559800E-015, -1.312500000000046200 ) ) ;
#4716 = CARTESIAN_POINT ( 'NONE',  ( -1.320554748610675200, -3.188101183952083900, -20.92187500000000400 ) ) ;
#4717 = DIRECTION ( 'NONE',  ( -0.0000000000000000000, -0.0000000000000000000, 1.000000000000000000 ) ) ;
#4718 = FACE_OUTER_BOUND ( 'NONE', #4048, .T. ) ;
#4719 = EDGE_CURVE ( 'NONE', #4921, #4231, #191, .T. ) ;
#4720 = CARTESIAN_POINT ( 'NONE',  ( -2.828427124746189800, 2.828427124746190300, -6.937500000000035500 ) ) ;
#4721 = ORIENTED_EDGE ( 'NONE', *, *, #2937, .F. ) ;
#4722 = FACE_OUTER_BOUND ( 'NONE', #4896, .T. ) ;
#4723 = ADVANCED_FACE ( 'NONE', ( #2912 ), #4829, .T. ) ;
#4724 = CARTESIAN_POINT ( 'NONE',  ( 2.788825882893946500, 1.923475496294522000, -20.67921416432584500 ) ) ;
#4725 = CARTESIAN_POINT ( 'NONE',  ( -0.9455493712144177300, 2.341262897730124400, 1.546606194392728100 ) ) ;
#4726 = CARTESIAN_POINT ( 'NONE',  ( 1.320554748610674100, -3.188101183952084700, -17.17187500000001100 ) ) ;
#4727 = CARTESIAN_POINT ( 'NONE',  ( 1.320554748610674100, -3.188101183952084700, -0.9218750000000476300 ) ) ;
#4728 = CARTESIAN_POINT ( 'NONE',  ( 1.320554748610678800, 3.188101183952082500, -9.046875000000030200 ) ) ;
#4729 = VERTEX_POINT ( 'NONE', #2216 ) ;
#4730 = CARTESIAN_POINT ( 'NONE',  ( 1.320554748610676800, 3.188101183952083000, 3.453124999999942700 ) ) ;
#4731 = EDGE_LOOP ( 'NONE', ( #4485, #2233, #3189, #2482 ) ) ;
#4732 = CYLINDRICAL_SURFACE ( 'NONE', #2698, 3.188101183952083900 ) ;
#4733 = AXIS2_PLACEMENT_3D ( 'NONE', #2014, #4592, #5508 ) ;
#4734 = CARTESIAN_POINT ( 'NONE',  ( -7.249999999999999100, 8.878689293818310100E-016, 4.000000000000000000 ) ) ;
#4735 = CARTESIAN_POINT ( 'NONE',  ( 2.254327966281358000, -2.254327966281400600, -4.593750000000039100 ) ) ;
#4736 = CARTESIAN_POINT ( 'NONE',  ( 2.828427124746190700, 2.828427124746189400, -9.750000000000030200 ) ) ;
#4737 = CARTESIAN_POINT ( 'NONE',  ( 2.271282991659793700E-030, -3.252606517456513300E-016, 4.000000000000000000 ) ) ;
#4738 = CARTESIAN_POINT ( 'NONE',  ( -2.254327966281379300, 2.254327966281379300, -15.06250000000001600 ) ) ;
#4739 = ORIENTED_EDGE ( 'NONE', *, *, #1805, .T. ) ;
#4740 = CARTESIAN_POINT ( 'NONE',  ( 3.188101183952083900, -1.024639741637064300E-014, -14.43750000000001800 ) ) ;
#4741 = CARTESIAN_POINT ( 'NONE',  ( -2.828427124746189800, 2.828427124746190300, -18.34375000000000700 ) ) ;
#4742 = VECTOR ( 'NONE', #1966, 1000.000000000000000 ) ;
#4743 = DIRECTION ( 'NONE',  ( -0.0000000000000000000, -0.0000000000000000000, 1.000000000000000000 ) ) ;
#4744 = AXIS2_PLACEMENT_3D ( 'NONE', #891, #1315, #529 ) ;
#4745 = CARTESIAN_POINT ( 'NONE',  ( 3.999999999999999100, -1.656854249492382600, -3.734375000000043100 ) ) ;
#4746 = LINE ( 'NONE', #214, #3445 ) ;
#4747 = CARTESIAN_POINT ( 'NONE',  ( 0.7040134557147066400, -3.825393660495591200, -0.1162500953663269900 ) ) ;
#4748 = CARTESIAN_POINT ( 'NONE',  ( 3.188101183952083900, -6.788941632725165100E-016, -20.68750000000000400 ) ) ;
#4749 = CARTESIAN_POINT ( 'NONE',  ( 2.254327966281379300, -2.254327966281379300, -0.8437500000000492900 ) ) ;
#4750 = CARTESIAN_POINT ( 'NONE',  ( 2.828427124746190700, 2.828427124746189400, -6.156250000000034600 ) ) ;
#4751 = CARTESIAN_POINT ( 'NONE',  ( 0.9558977798301802100, -3.264854102223405000, -20.66883836816532500 ) ) ;
#4752 = CARTESIAN_POINT ( 'NONE',  ( -2.828427124746173000, 2.828427124746207600, -4.437500000000041700 ) ) ;
#4753 = CALENDAR_DATE ( 2021, 9, 7 ) ;
#4754 = CARTESIAN_POINT ( 'NONE',  ( 4.000000000000000000, -1.283205211040862200E-014, -14.90625000000001800 ) ) ;
#4756 = CARTESIAN_POINT ( 'NONE',  ( -3.578638668575130100, -1.115559032084048300, -20.32185188217512800 ) ) ;
#4755 = CARTESIAN_POINT ( 'NONE',  ( 4.000000000000000000, 4.955146781549962200E-016, 15.31370849898476100 ) ) ;
#4757 = ADVANCED_FACE ( 'NONE', ( #484 ), #1799, .T. ) ;
#4758 = CARTESIAN_POINT ( 'NONE',  ( 5.998263823987151000E-032, 4.000000000000000000, -12.09375000000002500 ) ) ;
#4759 = CARTESIAN_POINT ( 'NONE',  ( -3.188101183952083900, 1.019654187844447800E-016, -16.15625000000001400 ) ) ;
#4760 = VECTOR ( 'NONE', #5053, 1000.000000000000000 ) ;
#4761 = EDGE_CURVE ( 'NONE', #749, #1193, #1398, .T. ) ;
#4762 = CARTESIAN_POINT ( 'NONE',  ( 3.946745800701455100E-018, -3.188101183952083900, -3.343750000000041300 ) ) ;
#4763 = EDGE_LOOP ( 'NONE', ( #4693, #1561, #4685, #3566 ) ) ;
#4764 = CARTESIAN_POINT ( 'NONE',  ( 1.959434878635765100E-015, 4.000000000000000000, -19.59375000000000700 ) ) ;
#4765 = DIRECTION ( 'NONE',  ( -0.0000000000000000000, -0.0000000000000000000, -1.000000000000000000 ) ) ;
#4766 = EDGE_LOOP ( 'NONE', ( #2687, #3254, #5031, #4193 ) ) ;
#4767 = CARTESIAN_POINT ( 'NONE',  ( -3.188101183952087900, -1.320554748610665700, -4.828125000000039100 ) ) ;
#4768 = VECTOR ( 'NONE', #1702, 1000.000000000000000 ) ;
#4769 = CARTESIAN_POINT ( 'NONE',  ( -4.898587196589413800E-016, -4.000000000000000000, -5.218750000000039100 ) ) ;
#4770 = CARTESIAN_POINT ( 'NONE',  ( -0.8653997344440774700, 2.580503193242652300, 1.746685699450583900 ) ) ;
#4771 = CARTESIAN_POINT ( 'NONE',  ( 1.320554748610676800, 3.188101183952083000, -17.95312500000001800 ) ) ;
#4772 = CARTESIAN_POINT ( 'NONE',  ( -1.320554748610674800, 3.188101183952083900, 0.9531249999999470400 ) ) ;
#4773 = CARTESIAN_POINT ( 'NONE',  ( 3.999999999999983600, -1.656854249492403500, -8.890625000000028400 ) ) ;
#4774 = CARTESIAN_POINT ( 'NONE',  ( -3.188101183952083900, 6.151653806825543000E-015, -2.562500000000044000 ) ) ;
#4775 = PERSON_AND_ORGANIZATION_ROLE ( 'classification_officer' ) ;
#4776 = CARTESIAN_POINT ( 'NONE',  ( -4.000000000000000000, 1.656854249492381000, -19.35937500000000700 ) ) ;
#4777 = DIRECTION ( 'NONE',  ( 1.000000000000000000, 0.0000000000000000000, 0.0000000000000000000 ) ) ;
#4778 = ORIENTED_EDGE ( 'NONE', *, *, #4458, .T. ) ;
#4779 = CARTESIAN_POINT ( 'NONE',  ( 3.188101183952083400, 1.320554748610675500, -15.45312500000001600 ) ) ;
#4780 = ORIENTED_EDGE ( 'NONE', *, *, #850, .F. ) ;
#4781 = CARTESIAN_POINT ( 'NONE',  ( 3.999999999999999100, 1.656854249492382600, -3.734375000000039500 ) ) ;
#4782 = ORIENTED_EDGE ( 'NONE', *, *, #5007, .F. ) ;
#4783 = VERTEX_POINT ( 'NONE', #3094 ) ;
#4784 = CARTESIAN_POINT ( 'NONE',  ( -4.000000000000000000, 1.516798830996750800E-016, -0.5312500000000490700 ) ) ;
#4785 = ADVANCED_FACE ( 'NONE', ( #2378 ), #427, .T. ) ;
#4786 = ADVANCED_FACE ( 'NONE', ( #5117 ), #978, .T. ) ;
#4787 = AXIS2_PLACEMENT_3D ( 'NONE', #4368, #1293, #508 ) ;
#4788 = CARTESIAN_POINT ( 'NONE',  ( -1.320554748610675200, -3.188101183952083900, -16.07812500000001100 ) ) ;
#4789 = CARTESIAN_POINT ( 'NONE',  ( 1.320554748610676800, 3.188101183952083000, 3.296874999999941800 ) ) ;
#4790 = CARTESIAN_POINT ( 'NONE',  ( -3.999999999999965400, 1.656854249492431700, -5.765625000000034600 ) ) ;
#4791 = VECTOR ( 'NONE', #2169, 1000.000000000000000 ) ;
#4792 = DIRECTION ( 'NONE',  ( -0.0000000000000000000, -0.0000000000000000000, -1.000000000000000000 ) ) ;
#4793 =( BOUNDED_CURVE ( )  B_SPLINE_CURVE ( 2, ( #3021, #4311, #3450, #2293, #141, #52, #5342, #2276, #116 ),
 .UNSPECIFIED., .F., .T. ) 
 B_SPLINE_CURVE_WITH_KNOTS ( ( 3, 2, 2, 2, 3 ),
 ( 0.1785714285714285800, 0.1845238095238095300, 0.1904761904761904400, 0.1964285714285714000, 0.2023809523809523300 ),
 .UNSPECIFIED. ) 
 CURVE ( )  GEOMETRIC_REPRESENTATION_ITEM ( )  RATIONAL_B_SPLINE_CURVE ( ( 1.000000000000000000, 0.9238795325112867400, 1.000000000000000000, 0.9238795325112867400, 1.000000000000000000, 0.9238795325112867400, 1.000000000000000000, 0.9238795325112874000, 0.9999999999999993300 ) ) 
 REPRESENTATION_ITEM ( '' )  );
#4794 = CARTESIAN_POINT ( 'NONE',  ( 4.687415225147674400, 0.9501487722898303000, 3.811199603341275800 ) ) ;
#4795 = CARTESIAN_POINT ( 'NONE',  ( -3.188101183952083900, -1.320554748610674600, -11.23437500000002500 ) ) ;
#4796 = EDGE_CURVE ( 'NONE', #2585, #1142, #896, .T. ) ;
#4797 = CARTESIAN_POINT ( 'NONE',  ( 2.075869933699399100, -2.432785998863359100, -20.85868085637029500 ) ) ;
#4798 = VECTOR ( 'NONE', #4342, 1000.000000000000000 ) ;
#4799 = CARTESIAN_POINT ( 'NONE',  ( -2.442176154926857900, 2.600728851761324700, -0.4396833078882804700 ) ) ;
#4800 = CARTESIAN_POINT ( 'NONE',  ( 3.999999999999999100, 1.656854249492381200, -19.82812500000001100 ) ) ;
#4801 = PLANE ( 'NONE',  #152 ) ;
#4802 = CARTESIAN_POINT ( 'NONE',  ( -3.188101183952083900, 1.320554748610674800, -16.23437500000001100 ) ) ;
#4803 = EDGE_LOOP ( 'NONE', ( #715, #5320, #162, #1321 ) ) ;
#4804 = ORIENTED_EDGE ( 'NONE', *, *, #3528, .F. ) ;
#4805 = CARTESIAN_POINT ( 'NONE',  ( -4.898587196589413800E-016, -4.000000000000000000, -19.12500000000000700 ) ) ;
#4806 = CARTESIAN_POINT ( 'NONE',  ( 1.656854249492384100, 3.999999999999998200, -10.92187500000002700 ) ) ;
#4807 = EDGE_CURVE ( 'NONE', #2972, #5161, #4990, .T. ) ;
#4808 = CARTESIAN_POINT ( 'NONE',  ( 1.656854249492383200, 3.999999999999999100, 0.3281249999999465400 ) ) ;
#4809 = VERTEX_POINT ( 'NONE', #2174 ) ;
#4810 = CARTESIAN_POINT ( 'NONE',  ( 1.656854249492384100, 3.999999999999998200, -9.828125000000026600 ) ) ;
#4811 = CARTESIAN_POINT ( 'NONE',  ( 3.188101183952083000, -1.320554748610676600, -14.51562500000001800 ) ) ;
#4812 = CARTESIAN_POINT ( 'NONE',  ( -1.320554748610675200, -3.188101183952083900, 2.671874999999945400 ) ) ;
#4813 = CARTESIAN_POINT ( 'NONE',  ( 4.000000000000000000, -1.087261723177285700E-014, -16.31250000000001100 ) ) ;
#4814 = ORIENTED_EDGE ( 'NONE', *, *, #272, .T. ) ;
#4815 = CARTESIAN_POINT ( 'NONE',  ( 2.828427124746193800, 2.828427124746186300, -19.75000000000000700 ) ) ;
#4816 = CARTESIAN_POINT ( 'NONE',  ( 3.801835597702579100, 1.243401016583743200, 2.778446867978223700E-016 ) ) ;
#4817 = PRODUCT ( '91420A530_Steel Phillips Flat Head Screws', '91420A530_Steel Phillips Flat Head Screws', '', ( #3399 ) ) ;
#4818 = CONICAL_SURFACE ( 'NONE', #2299, 4.000000000000000000, 0.7853981633974500600 ) ;
#4819 = CARTESIAN_POINT ( 'NONE',  ( 1.320554748610676800, 3.188101183952083000, -11.70312500000002500 ) ) ;
#4820 = EDGE_LOOP ( 'NONE', ( #704, #4814, #5162, #1595 ) ) ;
#4821 = ORIENTED_EDGE ( 'NONE', *, *, #5048, .T. ) ;
#4822 = EDGE_CURVE ( 'NONE', #5212, #1061, #4420, .T. ) ;
#4823 = CARTESIAN_POINT ( 'NONE',  ( 5.998263823987149900E-032, 3.504707346706588600, -20.55779265329341100 ) ) ;
#4824 = ORIENTED_EDGE ( 'NONE', *, *, #5423, .F. ) ;
#4825 = ADVANCED_FACE ( 'NONE', ( #2495 ), #209, .T. ) ;
#4826 = ADVANCED_FACE ( 'NONE', ( #77 ), #2165, .T. ) ;
#4827 = CARTESIAN_POINT ( 'NONE',  ( -1.656854249492394300, -3.999999999999994200, -14.20312500000001600 ) ) ;
#4828 = CARTESIAN_POINT ( 'NONE',  ( -4.000000000000000000, 1.516798830996750800E-016, -18.03125000000001400 ) ) ;
#4829 = CYLINDRICAL_SURFACE ( 'NONE', #3740, 4.000000000000000000 ) ;
#4830 = CARTESIAN_POINT ( 'NONE',  ( 1.320554748610676800, 3.188101183952083000, -14.04687500000001800 ) ) ;
#4831 = CARTESIAN_POINT ( 'NONE',  ( -4.000000000000000000, 7.742014115266910900E-015, -3.031250000000044400 ) ) ;
#4832 = CARTESIAN_POINT ( 'NONE',  ( 3.904297910284805900E-015, 3.188101183952083900, -15.37500000000001600 ) ) ;
#4833 =( BOUNDED_CURVE ( )  B_SPLINE_CURVE ( 2, ( #3312, #2897, #5568, #778, #2037, #1634, #726, #3754, #2019 ),
 .UNSPECIFIED., .F., .F. ) 
 B_SPLINE_CURVE_WITH_KNOTS ( ( 3, 2, 2, 2, 3 ),
 ( 0.3928571428571428500, 0.3988095238095238400, 0.4047619047619047700, 0.4107142857142856400, 0.4166666666666666300 ),
 .UNSPECIFIED. ) 
 CURVE ( )  GEOMETRIC_REPRESENTATION_ITEM ( )  RATIONAL_B_SPLINE_CURVE ( ( 1.000000000000000000, 0.9238795325112867400, 1.000000000000000000, 0.9238795325112867400, 1.000000000000000000, 0.9238795325112867400, 1.000000000000000000, 0.9238795325112874000, 0.9999999999999993300 ) ) 
 REPRESENTATION_ITEM ( '' )  );
#4834 = CARTESIAN_POINT ( 'NONE',  ( -2.254327966281367800, 2.254327966281390400, -10.06250000000002800 ) ) ;
#4835 = CARTESIAN_POINT ( 'NONE',  ( -1.656854249492381200, -4.000000000000000000, 0.9531249999999470400 ) ) ;
#4836 = CARTESIAN_POINT ( 'NONE',  ( -4.000000000000000000, -1.656854249492380400, -6.859375000000032000 ) ) ;
#4837 = CARTESIAN_POINT ( 'NONE',  ( -4.000000000000001800, 1.656854249492376800, -9.515625000000028400 ) ) ;
#4838 = CARTESIAN_POINT ( 'NONE',  ( 5.998263823987151000E-032, 4.000000000000000000, -22.09375000000000400 ) ) ;
#4839 = DIRECTION ( 'NONE',  ( -0.0000000000000000000, -0.0000000000000000000, 1.000000000000000000 ) ) ;
#4840 = CARTESIAN_POINT ( 'NONE',  ( 4.000000000000000000, 4.955146781549962200E-016, 15.31370849898476100 ) ) ;
#4841 = CARTESIAN_POINT ( 'NONE',  ( -2.254327966281379300, 2.254327966281379300, -13.96875000000002000 ) ) ;
#4842 = VERTEX_POINT ( 'NONE', #1774 ) ;
#4843 = VECTOR ( 'NONE', #2597, 1000.000000000000000 ) ;
#4844 = ADVANCED_BREP_SHAPE_REPRESENTATION ( '91420A530_Steel Phillips Flat Head Screws', ( #527, #488 ), #5555 ) ;
#4845 = APPLICATION_PROTOCOL_DEFINITION ( 'international standard', 'config_control_design', 1994, #2504 ) ;
#4846 = EDGE_LOOP ( 'NONE', ( #2476, #803, #3917, #762 ) ) ;
#4847 = CARTESIAN_POINT ( 'NONE',  ( 2.138030357981723900, 2.625537202639646800, -0.6216068699740041600 ) ) ;
#4848 = CARTESIAN_POINT ( 'NONE',  ( 2.828427124746190700, 2.828427124746189400, -18.50000000000001100 ) ) ;
#4849 = CARTESIAN_POINT ( 'NONE',  ( 3.667858666391380600, -0.8140337587991075500, -0.2486487336103310700 ) ) ;
#4850 = CARTESIAN_POINT ( 'NONE',  ( -2.254327966281379300, 2.254327966281379300, -10.06250000000002800 ) ) ;
#4851 = EDGE_CURVE ( 'NONE', #4414, #110, #5023, .T. ) ;
#4852 = CARTESIAN_POINT ( 'NONE',  ( -4.000000000000000000, 3.518400610635304000E-014, -3.187500000000040900 ) ) ;
#4853 = CARTESIAN_POINT ( 'NONE',  ( -2.828427124746189800, 2.828427124746190300, -14.59375000000001600 ) ) ;
#4854 = CARTESIAN_POINT ( 'NONE',  ( -4.000000000000000000, 5.655958496054998300E-018, 15.31370849898476100 ) ) ;
#4855 = DIRECTION ( 'NONE',  ( 1.000000000000000000, 0.0000000000000000000, 0.0000000000000000000 ) ) ;
#4856 = CARTESIAN_POINT ( 'NONE',  ( 5.998263823987151000E-032, 4.000000000000000000, -2.093750000000047100 ) ) ;
#4857 = ADVANCED_FACE ( 'NONE', ( #3375 ), #1457, .T. ) ;
#4858 = CARTESIAN_POINT ( 'NONE',  ( 1.656854249492383200, 3.999999999999999100, -7.328125000000032000 ) ) ;
#4859 = ADVANCED_FACE ( 'NONE', ( #2245 ), #2434, .T. ) ;
#4860 = CARTESIAN_POINT ( 'NONE',  ( -1.656854249492380800, 4.000000000000000000, -22.01562500000000400 ) ) ;
#4861 = EDGE_CURVE ( 'NONE', #655, #5107, #638, .T. ) ;
#4862 = CARTESIAN_POINT ( 'NONE',  ( 1.656854249492382600, 3.999999999999999100, -12.17187500000002500 ) ) ;
#4863 = CARTESIAN_POINT ( 'NONE',  ( 0.0000000000000000000, 5.655958496054998300E-018, 0.0000000000000000000 ) ) ;
#4864 = CARTESIAN_POINT ( 'NONE',  ( 3.188101183952083400, 1.320554748610675500, -14.35937500000001800 ) ) ;
#4865 = ORIENTED_EDGE ( 'NONE', *, *, #3646, .T. ) ;
#4866 = ORIENTED_EDGE ( 'NONE', *, *, #4557, .F. ) ;
#4868 = CARTESIAN_POINT ( 'NONE',  ( -4.000000000000000000, 3.322457122771727800E-014, -6.781250000000037300 ) ) ;
#4867 = DATE_TIME_ROLE ( 'creation_date' ) ;
#4869 = CARTESIAN_POINT ( 'NONE',  ( -1.656854249492381200, -4.000000000000000000, -14.04687500000002000 ) ) ;
#4870 = CARTESIAN_POINT ( 'NONE',  ( -0.9666666666666766700, 2.851173418023734900, 4.000000000000000000 ) ) ;
#4871 = CARTESIAN_POINT ( 'NONE',  ( -2.254327966281379300, -2.254327966281379300, -11.00000000000002500 ) ) ;
#4872 = AXIS2_PLACEMENT_3D ( 'NONE', #1856, #3588, #2281 ) ;
#4873 = CARTESIAN_POINT ( 'NONE',  ( 0.0000000000000000000, -9.324947672979560100E-017, -21.00000000000000000 ) ) ;
#4874 = FACE_OUTER_BOUND ( 'NONE', #2122, .T. ) ;
#4875 = CARTESIAN_POINT ( 'NONE',  ( -4.000000000000000000, -1.656854249492380400, -18.10937500000000700 ) ) ;
#4876 = CARTESIAN_POINT ( 'NONE',  ( -3.188101183952087900, -1.320554748610664100, -2.328125000000045300 ) ) ;
#4877 = CARTESIAN_POINT ( 'NONE',  ( 1.656854249492371500, -4.000000000000003600, -17.64062500000001400 ) ) ;
#4878 = CARTESIAN_POINT ( 'NONE',  ( -1.568538271927153300E-014, 4.000000000000000000, -5.843750000000040000 ) ) ;
#4879 = CARTESIAN_POINT ( 'NONE',  ( 3.999999999999999100, -1.656854249492382600, 1.265624999999943600 ) ) ;
#4880 = LINE ( 'NONE', #4364, #5090 ) ;
#4881 = CARTESIAN_POINT ( 'NONE',  ( 1.656854249492383200, 3.999999999999999100, -11.07812500000002300 ) ) ;
#4882 =( BOUNDED_CURVE ( )  B_SPLINE_CURVE ( 2, ( #3537, #1387, #2686, #169, #4073, #4903, #2343, #4017, #3166 ),
 .UNSPECIFIED., .F., .F. ) 
 B_SPLINE_CURVE_WITH_KNOTS ( ( 3, 2, 2, 2, 3 ),
 ( 0.3690476190476190700, 0.3750000000000000000, 0.3809523809523809300, 0.3869047619047619200, 0.3928571428571428500 ),
 .UNSPECIFIED. ) 
 CURVE ( )  GEOMETRIC_REPRESENTATION_ITEM ( )  RATIONAL_B_SPLINE_CURVE ( ( 1.000000000000000000, 0.9238795325112867400, 1.000000000000000000, 0.9238795325112867400, 1.000000000000000000, 0.9238795325112867400, 1.000000000000000000, 0.9238795325112867400, 1.000000000000000000 ) ) 
 REPRESENTATION_ITEM ( '' )  );
#4883 = DIRECTION ( 'NONE',  ( -0.0000000000000000000, 4.440451272847397000E-018, 1.000000000000000000 ) ) ;
#4884 = CARTESIAN_POINT ( 'NONE',  ( 4.000000000000000000, -1.087261723177285700E-014, -16.31250000000001100 ) ) ;
#4885 = CARTESIAN_POINT ( 'NONE',  ( 9.797174393178826100E-015, 4.000000000000000000, -9.593750000000030200 ) ) ;
#4886 = CARTESIAN_POINT ( 'NONE',  ( -1.320554748610664100, 3.188101183952087900, -11.39062500000002500 ) ) ;
#4887 = ORIENTED_EDGE ( 'NONE', *, *, #519, .T. ) ;
#4888 = LINE ( 'NONE', #2789, #3512 ) ;
#4889 = CARTESIAN_POINT ( 'NONE',  ( -2.254327966281379300, -2.254327966281379300, -8.656250000000030200 ) ) ;
#4890 = EDGE_CURVE ( 'NONE', #3760, #1846, #2649, .T. ) ;
#4891 = CARTESIAN_POINT ( 'NONE',  ( 0.0000000000000000000, 5.655958496054998300E-018, 15.31370849898476100 ) ) ;
#4892 = CARTESIAN_POINT ( 'NONE',  ( 0.9501487722898796000, -4.687415225147666400, 3.811199603341277600 ) ) ;
#4893 = ORIENTED_EDGE ( 'NONE', *, *, #1637, .T. ) ;
#4894 = ADVANCED_FACE ( 'NONE', ( #5466 ), #745, .T. ) ;
#4895 = CARTESIAN_POINT ( 'NONE',  ( -1.656854249492380800, 4.000000000000000000, -14.51562500000001800 ) ) ;
#4896 = EDGE_LOOP ( 'NONE', ( #1532, #205, #4125, #3589 ) ) ;
#4897 = FACE_OUTER_BOUND ( 'NONE', #3266, .T. ) ;
#4898 = DIRECTION ( 'NONE',  ( -1.000000000000000000, 0.0000000000000000000, 0.0000000000000000000 ) ) ;
#4899 = CARTESIAN_POINT ( 'NONE',  ( -3.188101183952083900, 1.320554748610674800, -8.734375000000030200 ) ) ;
#4900 = VERTEX_POINT ( 'NONE', #4578 ) ;
#4901 = EDGE_LOOP ( 'NONE', ( #4524, #4075, #3622, #3550, #3013, #2645, #2861 ) ) ;
#4902 = CARTESIAN_POINT ( 'NONE',  ( 3.999999999999999100, 1.656854249492381200, -13.73437500000001800 ) ) ;
#4903 = CARTESIAN_POINT ( 'NONE',  ( -1.656854249492367000, 4.000000000000005300, -10.92187500000002300 ) ) ;
#4904 = EDGE_CURVE ( 'NONE', #3434, #1359, #4746, .T. ) ;
#4905 = CARTESIAN_POINT ( 'NONE',  ( -1.656854249492381200, 4.000000000000000000, -19.67187500000000700 ) ) ;
#4906 = ORIENTED_EDGE ( 'NONE', *, *, #61, .T. ) ;
#4907 = CARTESIAN_POINT ( 'NONE',  ( -2.828427124746190300, -2.828427124746189800, 3.374999999999940500 ) ) ;
#4908 = ORIENTED_EDGE ( 'NONE', *, *, #2319, .F. ) ;
#4909 = CARTESIAN_POINT ( 'NONE',  ( -4.898587196589413800E-016, -4.000000000000000000, -9.125000000000026600 ) ) ;
#4910 = DIRECTION ( 'NONE',  ( -6.841763430556113400E-015, 0.9961946980917455500, 0.08715574274765836000 ) ) ;
#4911 = CARTESIAN_POINT ( 'NONE',  ( 4.000000000000000000, -1.773063930699803500E-014, -8.656250000000032000 ) ) ;
#4912 = CARTESIAN_POINT ( 'NONE',  ( 3.188101183952083900, -8.684678252256720500E-015, -16.93750000000001100 ) ) ;
#4913 = CARTESIAN_POINT ( 'NONE',  ( -3.188101183952083900, 1.019654187844447800E-016, -8.812500000000030200 ) ) ;
#4914 = AXIS2_PLACEMENT_3D ( 'NONE', #5070, #1105, #5443 ) ;
#4915 = CARTESIAN_POINT ( 'NONE',  ( 4.000000000000000000, -1.969007418563379700E-014, -5.062500000000035500 ) ) ;
#4916 = DIRECTION ( 'NONE',  ( -0.0000000000000000000, -0.0000000000000000000, -1.000000000000000000 ) ) ;
#4917 = CARTESIAN_POINT ( 'NONE',  ( 2.828427124746190700, 2.828427124746189400, -16.00000000000001400 ) ) ;
#4918 = CARTESIAN_POINT ( 'NONE',  ( -3.188101183952083900, 1.466496314483776300E-015, -10.06250000000002800 ) ) ;
#4919 = CARTESIAN_POINT ( 'NONE',  ( 3.188101183952083900, -6.788941632725165100E-016, -13.03125000000002000 ) ) ;
#4920 = CARTESIAN_POINT ( 'NONE',  ( -4.000000000000000000, 9.701448993902676400E-015, -0.5312500000000490700 ) ) ;
#4921 = VERTEX_POINT ( 'NONE', #1951 ) ;
#4922 =( BOUNDED_CURVE ( )  B_SPLINE_CURVE ( 2, ( #179, #624, #3319, #3764, #5301, #5473, #1461, #3816, #1940 ),
 .UNSPECIFIED., .F., .F. ) 
 B_SPLINE_CURVE_WITH_KNOTS ( ( 3, 2, 2, 2, 3 ),
 ( 0.5119047619047618600, 0.5178571428571429000, 0.5238095238095238400, 0.5297619047619047700, 0.5357142857142857000 ),
 .UNSPECIFIED. ) 
 CURVE ( )  GEOMETRIC_REPRESENTATION_ITEM ( )  RATIONAL_B_SPLINE_CURVE ( ( 1.000000000000000000, 0.9238795325112867400, 1.000000000000000000, 0.9238795325112867400, 1.000000000000000000, 0.9238795325112867400, 1.000000000000000000, 0.9238795325112867400, 1.000000000000000000 ) ) 
 REPRESENTATION_ITEM ( '' )  );
#4923 = CARTESIAN_POINT ( 'NONE',  ( 5.998263823987151000E-032, 4.000000000000000000, -13.50000000000002000 ) ) ;
#4924 = DIRECTION ( 'NONE',  ( -0.0000000000000000000, -0.0000000000000000000, -1.000000000000000000 ) ) ;
#4925 = AXIS2_PLACEMENT_3D ( 'NONE', #2650, #1827, #560 ) ;
#4926 = CIRCLE ( 'NONE', #5640, 3.062500000000002700 ) ;
#4927 = DIRECTION ( 'NONE',  ( -0.0000000000000000000, -0.0000000000000000000, -1.000000000000000000 ) ) ;
#4928 = CARTESIAN_POINT ( 'NONE',  ( 1.656854249492383200, 3.999999999999999100, -3.578125000000039500 ) ) ;
#4929 = CARTESIAN_POINT ( 'NONE',  ( -1.656854249492380800, 4.000000000000000000, 2.984374999999941800 ) ) ;
#4930 = CARTESIAN_POINT ( 'NONE',  ( 4.000000000000000000, -8.280375562182076100E-016, -8.812500000000028400 ) ) ;
#4931 = ORIENTED_EDGE ( 'NONE', *, *, #4822, .F. ) ;
#4932 = CARTESIAN_POINT ( 'NONE',  ( 2.851173418023738500, 0.9666666666666666700, 4.000000000000000000 ) ) ;
#4933 = ORIENTED_EDGE ( 'NONE', *, *, #5114, .F. ) ;
#4934 = CYLINDRICAL_SURFACE ( 'NONE', #3823, 4.000000000000000000 ) ;
#4935 = DIRECTION ( 'NONE',  ( 1.000000000000000000, 0.0000000000000000000, 0.0000000000000000000 ) ) ;
#4936 = EDGE_CURVE ( 'NONE', #3434, #2842, #2806, .T. ) ;
#4937 = DIRECTION ( 'NONE',  ( -0.0000000000000000000, -0.0000000000000000000, 1.000000000000000000 ) ) ;
#4938 = AXIS2_PLACEMENT_3D ( 'NONE', #5242, #5219, #2610 ) ;
#4939 = CARTESIAN_POINT ( 'NONE',  ( 3.188101183952083900, -1.459753745329477600E-015, -19.43750000000000700 ) ) ;
#4940 = CARTESIAN_POINT ( 'NONE',  ( -4.000000000000000000, 5.655958496054998300E-018, 15.31370849898476100 ) ) ;
#4941 = CARTESIAN_POINT ( 'NONE',  ( 5.998263823987151000E-032, 4.000000000000000000, -13.34375000000002300 ) ) ;
#4942 = CARTESIAN_POINT ( 'NONE',  ( -2.815533720748150300, -0.7874938090657406200, 1.952044866385984600 ) ) ;
#4943 = CARTESIAN_POINT ( 'NONE',  ( 5.998263823987151000E-032, 3.188101183952083900, -3.968750000000041700 ) ) ;
#4944 = EDGE_CURVE ( 'NONE', #1952, #5453, #2429, .T. ) ;
#4945 = CARTESIAN_POINT ( 'NONE',  ( 3.999999999999999100, -1.656854249492382600, -16.39062500000001400 ) ) ;
#4946 = CARTESIAN_POINT ( 'NONE',  ( -1.562113838693992600E-014, -3.188101183952083900, -14.75000000000001600 ) ) ;
#4947 = ORIENTED_EDGE ( 'NONE', *, *, #3366, .T. ) ;
#4948 = CARTESIAN_POINT ( 'NONE',  ( -4.735680169380803900, -0.9666666666666995400, 4.000000000000000000 ) ) ;
#4949 = ORIENTED_EDGE ( 'NONE', *, *, #2780, .F. ) ;
#4950 = CARTESIAN_POINT ( 'NONE',  ( 2.828427124746190700, 2.828427124746189400, -2.406250000000044000 ) ) ;
#4951 = CARTESIAN_POINT ( 'NONE',  ( -1.656854249492381200, -4.000000000000000000, 3.453124999999942700 ) ) ;
#4952 = DIRECTION ( 'NONE',  ( -0.0000000000000000000, -0.0000000000000000000, -1.000000000000000000 ) ) ;
#4953 = CARTESIAN_POINT ( 'NONE',  ( -2.828427124746197000, -2.828427124746183200, -14.12500000000002000 ) ) ;
#4954 = ORIENTED_EDGE ( 'NONE', *, *, #5423, .T. ) ;
#4955 = CARTESIAN_POINT ( 'NONE',  ( -2.254327966281368700, 2.254327966281389500, -11.46875000000002500 ) ) ;
#4956 = EDGE_CURVE ( 'NONE', #4414, #4337, #2642, .T. ) ;
#4957 = ORIENTED_EDGE ( 'NONE', *, *, #2975, .F. ) ;
#4958 = CARTESIAN_POINT ( 'NONE',  ( 3.188101183952083900, 1.320554748610674800, -19.35937500000000400 ) ) ;
#4959 = VECTOR ( 'NONE', #3304, 1000.000000000000000 ) ;
#4960 = CARTESIAN_POINT ( 'NONE',  ( -1.518625914947327100, 1.518625914947316700, 4.000000000000000000 ) ) ;
#4961 = CARTESIAN_POINT ( 'NONE',  ( -3.188101183952083900, -1.320554748610674600, -4.828125000000039100 ) ) ;
#4962 = AXIS2_PLACEMENT_3D ( 'NONE', #1264, #3000, #4 ) ;
#4963 = FACE_OUTER_BOUND ( 'NONE', #4901, .T. ) ;
#4964 = CARTESIAN_POINT ( 'NONE',  ( -1.656854249492380800, 4.000000000000000000, -12.17187500000002100 ) ) ;
#4965 = CARTESIAN_POINT ( 'NONE',  ( -3.188101183952085600, -1.320554748610669700, -11.23437500000002300 ) ) ;
#4966 = CARTESIAN_POINT ( 'NONE',  ( -4.000000000000001800, -1.656854249492375700, -13.10937500000001800 ) ) ;
#4967 = CARTESIAN_POINT ( 'NONE',  ( 3.188101183952079900, -1.320554748610684600, -8.109375000000032000 ) ) ;
#4968 = CARTESIAN_POINT ( 'NONE',  ( -4.898587196589413800E-016, -4.000000000000000000, -2.875000000000040900 ) ) ;
#4969 = ORIENTED_EDGE ( 'NONE', *, *, #359, .T. ) ;
#4970 = CARTESIAN_POINT ( 'NONE',  ( 1.320554748610705000, 3.188101183952071000, -2.953125000000042600 ) ) ;
#4971 = VERTEX_POINT ( 'NONE', #2282 ) ;
#4972 = LINE ( 'NONE', #21, #2298 ) ;
#4973 = DIRECTION ( 'NONE',  ( 1.000000000000000000, 0.0000000000000000000, 0.0000000000000000000 ) ) ;
#4974 = CARTESIAN_POINT ( 'NONE',  ( -3.188101183952055400, 1.320554748610715900, -6.390625000000036400 ) ) ;
#4975 = B_SPLINE_CURVE_WITH_KNOTS ( 'NONE', 3,
 ( #4513, #2825, #198, #1954, #1523, #5395 ),
 .UNSPECIFIED., .F., .F.,
 ( 4, 2, 4 ),
 ( 0.0000000000000000000, 0.0009601869924392769400, 0.001920373984878554800 ),
 .UNSPECIFIED. ) ;
#4976 = CARTESIAN_POINT ( 'NONE',  ( 1.320554748610674100, -3.188101183952084700, -4.671875000000040900 ) ) ;
#4977 = EDGE_CURVE ( 'NONE', #5527, #1846, #3225, .T. ) ;
#4978 = CARTESIAN_POINT ( 'NONE',  ( -3.188101183952084700, 1.320554748610670800, -11.23437500000002300 ) ) ;
#4979 = ORIENTED_EDGE ( 'NONE', *, *, #924, .F. ) ;
#4980 = CC_DESIGN_SECURITY_CLASSIFICATION ( #3487, ( #1978 ) ) ;
#4981 = CARTESIAN_POINT ( 'NONE',  ( 3.999999999999999100, -1.656854249492382600, -6.390625000000032900 ) ) ;
#4982 = CYLINDRICAL_SURFACE ( 'NONE', #1083, 4.000000000000000000 ) ;
#4983 = CARTESIAN_POINT ( 'NONE',  ( 1.320554748610676800, 3.188101183952083000, -7.796875000000032900 ) ) ;
#4984 = ORIENTED_EDGE ( 'NONE', *, *, #5344, .F. ) ;
#4985 = PRODUCT_DEFINITION_SHAPE ( 'NONE', 'NONE',  #802 ) ;
#4986 = ORIENTED_EDGE ( 'NONE', *, *, #2021, .T. ) ;
#4987 = ORIENTED_EDGE ( 'NONE', *, *, #2703, .T. ) ;
#4988 = DIRECTION ( 'NONE',  ( 1.000000000000000000, 0.0000000000000000000, 0.0000000000000000000 ) ) ;
#4989 = CARTESIAN_POINT ( 'NONE',  ( -3.904297910284806600E-016, -3.188101183952083900, -20.84375000000000400 ) ) ;
#4990 = LINE ( 'NONE', #15, #1226 ) ;
#4991 = CARTESIAN_POINT ( 'NONE',  ( 3.999999999999995600, 1.656854249492383500, -14.98437500000001600 ) ) ;
#4992 = CARTESIAN_POINT ( 'NONE',  ( 1.656854249492379700, -4.000000000000000900, -1.546875000000044600 ) ) ;
#4993 = CARTESIAN_POINT ( 'NONE',  ( 3.188101183952083000, -1.320554748610677500, -19.51562500000000400 ) ) ;
#4994 = CARTESIAN_POINT ( 'NONE',  ( 1.320554748610674100, -3.188101183952084300, -20.76562500000000400 ) ) ;
#4995 = CARTESIAN_POINT ( 'NONE',  ( 0.0000000000000000000, -9.324947672979560100E-017, -21.00000000000000000 ) ) ;
#4996 = CARTESIAN_POINT ( 'NONE',  ( -4.000000000000000000, -2.055160277911914400E-015, -14.43750000000001600 ) ) ;
#4997 =( BOUNDED_CURVE ( )  B_SPLINE_CURVE ( 2, ( #2731, #3573, #1899, #1001, #3164, #2704, #3613, #5378, #4920 ),
 .UNSPECIFIED., .F., .T. ) 
 B_SPLINE_CURVE_WITH_KNOTS ( ( 3, 2, 2, 2, 3 ),
 ( 0.7976190476190475600, 0.8035714285714284900, 0.8095238095238095300, 0.8154761904761904700, 0.8214285714285714000 ),
 .UNSPECIFIED. ) 
 CURVE ( )  GEOMETRIC_REPRESENTATION_ITEM ( )  RATIONAL_B_SPLINE_CURVE ( ( 1.000000000000001300, 0.9238795325112853000, 1.000000000000000000, 0.9238795325112867400, 1.000000000000000000, 0.9238795325112867400, 1.000000000000000000, 0.9238795325112867400, 1.000000000000000000 ) ) 
 REPRESENTATION_ITEM ( '' )  );
#4998 = CARTESIAN_POINT ( 'NONE',  ( 3.188101183952070500, -1.320554748610692300, -10.60937500000002700 ) ) ;
#4999 = CARTESIAN_POINT ( 'NONE',  ( -3.188101183952083900, 1.019654187844447800E-016, -4.906250000000039100 ) ) ;
#5000 = CARTESIAN_POINT ( 'NONE',  ( -1.656854249492363000, 4.000000000000007100, -7.015625000000035500 ) ) ;
#5001 = EDGE_LOOP ( 'NONE', ( #3848, #3118, #1737, #1889 ) ) ;
#5002 = CARTESIAN_POINT ( 'NONE',  ( -1.320554748610675200, -3.188101183952083900, -21.07812500000000400 ) ) ;
#5003 = LINE ( 'NONE', #1536, #2669 ) ;
#5004 = AXIS2_PLACEMENT_3D ( 'NONE', #4960, #1949, #5409 ) ;
#5005 = CARTESIAN_POINT ( 'NONE',  ( -4.000000000000000000, 1.656854249492381000, -4.515625000000038200 ) ) ;
#5006 = DIRECTION ( 'NONE',  ( -0.0000000000000000000, -0.0000000000000000000, -1.000000000000000000 ) ) ;
#5007 = EDGE_CURVE ( 'NONE', #3868, #717, #819, .T. ) ;
#5008 = CARTESIAN_POINT ( 'NONE',  ( -1.656854249492376800, -4.000000000000001800, -0.4531250000000474100 ) ) ;
#5009 = CARTESIAN_POINT ( 'NONE',  ( 1.320554748610675200, -3.188101183952083900, -10.76562500000002700 ) ) ;
#5010 = CARTESIAN_POINT ( 'NONE',  ( 1.320554748610676800, 3.188101183952083000, -6.546875000000034600 ) ) ;
#5011 = CARTESIAN_POINT ( 'NONE',  ( 0.8415217315894282200, -3.441664636719065800, 2.569586846641084100 ) ) ;
#5012 = VERTEX_POINT ( 'NONE', #1197 ) ;
#5013 = EDGE_CURVE ( 'NONE', #5463, #1098, #2215, .T. ) ;
#5014 = CARTESIAN_POINT ( 'NONE',  ( 4.000000000000000000, 5.792482926816559800E-015, -1.312500000000046200 ) ) ;
#5015 = ORIENTED_EDGE ( 'NONE', *, *, #887, .F. ) ;
#5016 = CARTESIAN_POINT ( 'NONE',  ( 0.0000000000000000000, 5.655958496054998300E-018, 15.31370849898476100 ) ) ;
#5017 = CARTESIAN_POINT ( 'NONE',  ( -1.320554748610687400, -3.188101183952078500, -12.32812500000002300 ) ) ;
#5018 = CARTESIAN_POINT ( 'NONE',  ( 1.320554748610676800, 3.188101183952083000, -20.29687500000000700 ) ) ;
#5019 = CARTESIAN_POINT ( 'NONE',  ( -4.000000000000000000, 1.516798830996750800E-016, -0.6875000000000457400 ) ) ;
#5020 = LINE ( 'NONE', #5259, #3826 ) ;
#5021 = CARTESIAN_POINT ( 'NONE',  ( -3.188101183952083900, -1.656942013744068800E-015, -14.90625000000001600 ) ) ;
#5022 = CARTESIAN_POINT ( 'NONE',  ( 1.320554748610681200, 3.188101183952081200, -4.046875000000040000 ) ) ;
#5023 =( BOUNDED_CURVE ( )  B_SPLINE_CURVE ( 2, ( #4359, #39, #690, #4010, #5477, #5000, #1535, #3680, #4868 ),
 .UNSPECIFIED., .F., .T. ) 
 B_SPLINE_CURVE_WITH_KNOTS ( ( 3, 2, 2, 2, 3 ),
 ( 0.5595238095238095300, 0.5654761904761904700, 0.5714285714285714000, 0.5773809523809522200, 0.5833333333333332600 ),
 .UNSPECIFIED. ) 
 CURVE ( )  GEOMETRIC_REPRESENTATION_ITEM ( )  RATIONAL_B_SPLINE_CURVE ( ( 1.000000000000000000, 0.9238795325112867400, 1.000000000000000000, 0.9238795325112867400, 1.000000000000000000, 0.9238795325112867400, 1.000000000000000000, 0.9238795325112881800, 0.9999999999999985600 ) ) 
 REPRESENTATION_ITEM ( '' )  );
#5024 = CARTESIAN_POINT ( 'NONE',  ( 1.320554748610676600, -3.188101183952083000, -13.26562500000002100 ) ) ;
#5025 = FACE_OUTER_BOUND ( 'NONE', #254, .T. ) ;
#5026 = CARTESIAN_POINT ( 'NONE',  ( 4.000000000000000000, -1.087261723177285700E-014, -17.40625000000001100 ) ) ;
#5027 = CARTESIAN_POINT ( 'NONE',  ( 0.9611606702530634000, -4.719593279364790600, 3.937066173013135600 ) ) ;
#5028 = ORIENTED_EDGE ( 'NONE', *, *, #5437, .T. ) ;
#5029 = CARTESIAN_POINT ( 'NONE',  ( -3.188101183952083900, 1.320554748610674800, 0.01562499999994970700 ) ) ;
#5030 = CARTESIAN_POINT ( 'NONE',  ( -3.188101183952083900, -9.522284963014628900E-017, -12.40625000000002100 ) ) ;
#5031 = ORIENTED_EDGE ( 'NONE', *, *, #606, .T. ) ;
#5032 = CARTESIAN_POINT ( 'NONE',  ( 3.188101183952083900, -1.571241449076936900E-014, -5.687500000000036400 ) ) ;
#5033 = ORIENTED_EDGE ( 'NONE', *, *, #451, .T. ) ;
#5034 = LINE ( 'NONE', #5339, #2830 ) ;
#5035 = CARTESIAN_POINT ( 'NONE',  ( 3.188101183952087900, -1.320554748610662400, -7.015625000000033800 ) ) ;
#5036 = CARTESIAN_POINT ( 'NONE',  ( 5.998263823987151000E-032, 4.000000000000000000, 1.499999999999949400 ) ) ;
#5037 = ORIENTED_EDGE ( 'NONE', *, *, #4008, .F. ) ;
#5038 = CARTESIAN_POINT ( 'NONE',  ( -2.254327966281369600, 2.254327966281388700, -13.81250000000002000 ) ) ;
#5039 = EDGE_CURVE ( 'NONE', #5331, #4371, #3383, .T. ) ;
#5040 = AXIS2_PLACEMENT_3D ( 'NONE', #449, #1769, #901 ) ;
#5041 = CALENDAR_DATE ( 2021, 9, 7 ) ;
#5042 = CARTESIAN_POINT ( 'NONE',  ( 0.0000000000000000000, 5.655958496054998300E-018, 15.31370849898476100 ) ) ;
#5043 = CARTESIAN_POINT ( 'NONE',  ( -1.656854249492376800, -4.000000000000001800, -1.546875000000048200 ) ) ;
#5044 = ORIENTED_EDGE ( 'NONE', *, *, #1274, .F. ) ;
#5045 = DIRECTION ( 'NONE',  ( 0.0000000000000000000, 0.0000000000000000000, 1.000000000000000000 ) ) ;
#5046 = CARTESIAN_POINT ( 'NONE',  ( -3.188101183952093600, -1.320554748610663000, -16.23437500000001400 ) ) ;
#5047 = EDGE_LOOP ( 'NONE', ( #4144, #1767, #1258 ) ) ;
#5048 = EDGE_CURVE ( 'NONE', #395, #4460, #5388, .T. ) ;
#5049 = CARTESIAN_POINT ( 'NONE',  ( 2.828427124746187600, 2.828427124746193000, -12.40625000000002000 ) ) ;
#5050 = CARTESIAN_POINT ( 'NONE',  ( 3.188101183952083000, 1.320554748610676600, -4.359375000000040000 ) ) ;
#5051 = CARTESIAN_POINT ( 'NONE',  ( 3.188101183952083900, -6.788941632725165100E-016, -1.781250000000046600 ) ) ;
#5052 = CARTESIAN_POINT ( 'NONE',  ( 3.188101183952083900, -7.903818670199758700E-015, -18.03125000000001100 ) ) ;
#5053 = DIRECTION ( 'NONE',  ( -0.0000000000000000000, -0.0000000000000000000, -1.000000000000000000 ) ) ;
#5054 = DIRECTION ( 'NONE',  ( 1.000000000000000000, 0.0000000000000000000, 0.0000000000000000000 ) ) ;
#5055 = CARTESIAN_POINT ( 'NONE',  ( 4.687415225147684200, -0.9501487722897813400, 3.811199603341275800 ) ) ;
#5056 = CARTESIAN_POINT ( 'NONE',  ( -1.320554748610675500, 3.188101183952083900, -20.14062500000001400 ) ) ;
#5057 = CARTESIAN_POINT ( 'NONE',  ( 1.656854249492379700, -4.000000000000000900, 2.203124999999948500 ) ) ;
#5058 = CARTESIAN_POINT ( 'NONE',  ( -3.188101183952085600, 1.320554748610669700, -13.73437500000002000 ) ) ;
#5059 = EDGE_LOOP ( 'NONE', ( #11, #4476, #13, #2316 ) ) ;
#5060 = LINE ( 'NONE', #3757, #2743 ) ;
#5061 = CARTESIAN_POINT ( 'NONE',  ( -3.188101183952083900, -8.760824316871077100E-016, -13.65625000000002000 ) ) ;
#5062 = ORIENTED_EDGE ( 'NONE', *, *, #193, .F. ) ;
#5063 = ORIENTED_EDGE ( 'NONE', *, *, #4209, .T. ) ;
#5064 = CARTESIAN_POINT ( 'NONE',  ( 4.000000000000019500, 1.656854249492349300, -12.48437500000001800 ) ) ;
#5065 = CARTESIAN_POINT ( 'NONE',  ( 1.320554748610674100, -3.188101183952084700, -7.171875000000035500 ) ) ;
#5066 = VECTOR ( 'NONE', #3384, 1000.000000000000000 ) ;
#5067 = CARTESIAN_POINT ( 'NONE',  ( -3.188101183952083900, 6.856367324268150400E-016, -11.15625000000002500 ) ) ;
#5068 = CARTESIAN_POINT ( 'NONE',  ( 1.320554748610674100, -3.188101183952084700, -0.7656250000000475200 ) ) ;
#5069 = CARTESIAN_POINT ( 'NONE',  ( -3.188101183952054600, 1.320554748610717000, -3.734375000000040400 ) ) ;
#5070 = CARTESIAN_POINT ( 'NONE',  ( 0.0000000000000000000, -9.324947672979560100E-017, -21.00000000000000000 ) ) ;
#5072 = CARTESIAN_POINT ( 'NONE',  ( -3.188101183952083900, 1.663684582898367500E-015, -18.65625000000000700 ) ) ;
#5071 = CARTESIAN_POINT ( 'NONE',  ( -4.687415225147679700, 0.9501487722898142000, 3.811199603341277600 ) ) ;
#5073 = AXIS2_PLACEMENT_3D ( 'NONE', #5260, #422, #495 ) ;
#5074 = CARTESIAN_POINT ( 'NONE',  ( 1.656854249492383200, 3.999999999999999100, 1.421874999999947400 ) ) ;
#5075 = CARTESIAN_POINT ( 'NONE',  ( 3.999999999999995600, -1.656854249492389700, -11.39062500000002300 ) ) ;
#5076 = CARTESIAN_POINT ( 'NONE',  ( -2.254327966281386400, -2.254327966281371800, -9.906250000000028400 ) ) ;
#5077 = ORIENTED_EDGE ( 'NONE', *, *, #394, .T. ) ;
#5078 = CARTESIAN_POINT ( 'NONE',  ( 2.254327966281377500, 2.254327966281380700, -11.62500000000002500 ) ) ;
#5079 = ORIENTED_EDGE ( 'NONE', *, *, #5226, .T. ) ;
#5080 = CARTESIAN_POINT ( 'NONE',  ( 3.188101183952083900, -1.571241449076936900E-014, -5.687500000000036400 ) ) ;
#5081 = EDGE_CURVE ( 'NONE', #4573, #801, #2900, .T. ) ;
#5082 = CC_DESIGN_PERSON_AND_ORGANIZATION_ASSIGNMENT ( #4259, #4009, ( #1978 ) ) ;
#5083 = CARTESIAN_POINT ( 'NONE',  ( -3.188101183952117200, -1.320554748610621700, -1.078125000000049500 ) ) ;
#5084 = CARTESIAN_POINT ( 'NONE',  ( 2.254327966281379300, 2.254327966281378900, -6.781250000000035500 ) ) ;
#5085 = ORIENTED_EDGE ( 'NONE', *, *, #1274, .T. ) ;
#5086 = VERTEX_POINT ( 'NONE', #297 ) ;
#5087 = DIRECTION ( 'NONE',  ( 1.000000000000000000, 0.0000000000000000000, 0.0000000000000000000 ) ) ;
#5088 = CARTESIAN_POINT ( 'NONE',  ( -3.188101183952083900, 1.320554748610674800, -2.484375000000045300 ) ) ;
#5089 = CARTESIAN_POINT ( 'NONE',  ( -1.320554748610678100, -3.188101183952083000, -18.42187500000001400 ) ) ;
#5090 = VECTOR ( 'NONE', #1837, 1000.000000000000000 ) ;
#5091 = DIRECTION ( 'NONE',  ( -0.08714264840443972100, 0.01733375049385990600, 0.9960450290638855900 ) ) ;
#5092 = CARTESIAN_POINT ( 'NONE',  ( -1.469576158976823900E-015, -4.000000000000000000, -19.12500000000000700 ) ) ;
#5093 = CARTESIAN_POINT ( 'NONE',  ( -4.000000000000000000, -1.656854249492380400, 3.140624999999945800 ) ) ;
#5094 = CARTESIAN_POINT ( 'NONE',  ( 4.000000000000000000, 1.656854249492380600, -18.73437500000000400 ) ) ;
#5095 =( BOUNDED_CURVE ( )  B_SPLINE_CURVE ( 2, ( #5032, #1148, #4648, #4613, #5549, #1200, #249, #4169, #286 ),
 .UNSPECIFIED., .F., .F. ) 
 B_SPLINE_CURVE_WITH_KNOTS ( ( 3, 2, 2, 2, 3 ),
 ( 0.6071428571428572100, 0.6130952380952382500, 0.6190476190476190700, 0.6250000000000000000, 0.6309523809523809300 ),
 .UNSPECIFIED. ) 
 CURVE ( )  GEOMETRIC_REPRESENTATION_ITEM ( )  RATIONAL_B_SPLINE_CURVE ( ( 0.9999999999999985600, 0.9238795325112881800, 1.000000000000000000, 0.9238795325112867400, 1.000000000000000000, 0.9238795325112867400, 1.000000000000000000, 0.9238795325112867400, 1.000000000000000000 ) ) 
 REPRESENTATION_ITEM ( '' )  );
#5096 = FACE_BOUND ( 'NONE', #1241, .T. ) ;
#5097 = CARTESIAN_POINT ( 'NONE',  ( 1.320554748610674100, -3.188101183952084300, -9.671875000000032000 ) ) ;
#5098 = CARTESIAN_POINT ( 'NONE',  ( 2.851173418023738500, 0.9666666666666666700, 4.000000000000000000 ) ) ;
#5099 = CARTESIAN_POINT ( 'NONE',  ( 3.188101183952069700, -1.320554748610693200, -9.359375000000030200 ) ) ;
#5100 = EDGE_LOOP ( 'NONE', ( #814, #3484, #2760, #4554 ) ) ;
#5101 = VERTEX_POINT ( 'NONE', #3321 ) ;
#5102 = CARTESIAN_POINT ( 'NONE',  ( 2.851173418023738500, 0.9666666666666666700, 4.000000000000000000 ) ) ;
#5103 = CARTESIAN_POINT ( 'NONE',  ( -1.320554748610675200, -3.188101183952083900, -4.828125000000040900 ) ) ;
#5104 = DIRECTION ( 'NONE',  ( -0.0000000000000000000, -0.0000000000000000000, 1.000000000000000000 ) ) ;
#5105 = CARTESIAN_POINT ( 'NONE',  ( -2.254327966281379300, -2.254327966281379300, -2.250000000000043500 ) ) ;
#5106 = AXIS2_PLACEMENT_3D ( 'NONE', #1895, #569, #2777 ) ;
#5107 = VERTEX_POINT ( 'NONE', #3287 ) ;
#5109 = CARTESIAN_POINT ( 'NONE',  ( -1.656854249492400100, -3.999999999999992500, -7.796875000000035500 ) ) ;
#5108 = CARTESIAN_POINT ( 'NONE',  ( -2.254327966281370400, 2.254327966281388200, -15.06250000000001600 ) ) ;
#5110 = CARTESIAN_POINT ( 'NONE',  ( 1.656854249492380800, -4.000000000000000000, -19.04687500000000000 ) ) ;
#5111 = ORIENTED_EDGE ( 'NONE', *, *, #2272, .T. ) ;
#5112 = CARTESIAN_POINT ( 'NONE',  ( -2.254327966281379300, 2.254327966281379300, -20.06250000000000400 ) ) ;
#5113 = ORIENTED_EDGE ( 'NONE', *, *, #2575, .T. ) ;
#5114 = EDGE_CURVE ( 'NONE', #3071, #3432, #945, .T. ) ;
#5115 = ORIENTED_EDGE ( 'NONE', *, *, #4140, .T. ) ;
#5116 = CARTESIAN_POINT ( 'NONE',  ( -3.663200995759759300, 2.117910614773364900E-011, -0.3367990042402397300 ) ) ;
#5117 = FACE_OUTER_BOUND ( 'NONE', #477, .T. ) ;
#5118 = CARTESIAN_POINT ( 'NONE',  ( 2.828427124746181000, -2.828427124746199200, -1.312500000000049700 ) ) ;
#5119 = EDGE_CURVE ( 'NONE', #5156, #2458, #2847, .T. ) ;
#5120 = CARTESIAN_POINT ( 'NONE',  ( -2.254327966281379300, 2.254327966281379300, -5.218750000000039100 ) ) ;
#5121 = B_SPLINE_CURVE_WITH_KNOTS ( 'NONE', 3,
 ( #2247, #46, #1407, #3555 ),
 .UNSPECIFIED., .F., .F.,
 ( 4, 4 ),
 ( 0.001420673074167212200, 0.001616243865010554800 ),
 .UNSPECIFIED. ) ;
#5122 = CARTESIAN_POINT ( 'NONE',  ( 0.0000000000000000000, -9.324947672979560100E-017, -21.00000000000000000 ) ) ;
#5123 = CARTESIAN_POINT ( 'NONE',  ( -2.254327966281379300, 2.254327966281379300, 2.437499999999943200 ) ) ;
#5124 = CARTESIAN_POINT ( 'NONE',  ( -2.254327966281371800, -2.254327966281386400, -6.156250000000036400 ) ) ;
#5125 = CYLINDRICAL_SURFACE ( 'NONE', #1422, 4.000000000000000000 ) ;
#5126 = CARTESIAN_POINT ( 'NONE',  ( -4.000000000000004400, -1.656854249492369500, -4.359375000000037300 ) ) ;
#5128 = CARTESIAN_POINT ( 'NONE',  ( -3.676496246535645000, -0.6407825343717664700, -20.33844997694071600 ) ) ;
#5127 = CARTESIAN_POINT ( 'NONE',  ( 3.904297910284805900E-015, 3.188101183952083900, -15.21875000000001600 ) ) ;
#5129 = CARTESIAN_POINT ( 'NONE',  ( -2.828427124746190300, -2.828427124746189800, -12.87500000000002300 ) ) ;
#5130 = CARTESIAN_POINT ( 'NONE',  ( 2.254327966281378900, 2.254327966281379300, -9.281250000000028400 ) ) ;
#5131 = ORIENTED_EDGE ( 'NONE', *, *, #2259, .T. ) ;
#5132 = CARTESIAN_POINT ( 'NONE',  ( -2.254327966281379300, -2.254327966281379300, -21.00000000000000000 ) ) ;
#5133 = FACE_OUTER_BOUND ( 'NONE', #389, .T. ) ;
#5134 = AXIS2_PLACEMENT_3D ( 'NONE', #305, #3741, #1187 ) ;
#5135 = CARTESIAN_POINT ( 'NONE',  ( -3.188101183952083900, -3.218661177857991300E-015, -17.40625000000001100 ) ) ;
#5136 = CARTESIAN_POINT ( 'NONE',  ( 3.188101183952083000, -1.320554748610676600, -2.015625000000044900 ) ) ;
#5137 = CARTESIAN_POINT ( 'NONE',  ( 0.0000000000000000000, -9.324947672979560100E-017, -21.00000000000000000 ) ) ;
#5138 = CARTESIAN_POINT ( 'NONE',  ( -4.000000000000000000, 3.518400610635304000E-014, -4.281250000000041700 ) ) ;
#5139 = EDGE_LOOP ( 'NONE', ( #1946, #1568, #1409, #5028, #2344 ) ) ;
#5140 = CARTESIAN_POINT ( 'NONE',  ( 5.878304635907295800E-015, 4.000000000000000000, -13.50000000000002000 ) ) ;
#5142 = CARTESIAN_POINT ( 'NONE',  ( -2.435316426695112800, -2.944268426487113700, -20.24919509199226300 ) ) ;
#5141 = PERSON_AND_ORGANIZATION_ROLE ( 'design_owner' ) ;
#5143 = CARTESIAN_POINT ( 'NONE',  ( 1.656854249492383200, 3.999999999999999100, -10.92187500000002800 ) ) ;
#5144 = CARTESIAN_POINT ( 'NONE',  ( -1.320554748610672100, -3.188101183952084700, -1.078125000000047700 ) ) ;
#5145 = CARTESIAN_POINT ( 'NONE',  ( -3.188101183952083900, 1.320554748610674800, -18.73437500000001100 ) ) ;
#5146 = ORIENTED_EDGE ( 'NONE', *, *, #646, .F. ) ;
#5147 = CARTESIAN_POINT ( 'NONE',  ( 0.9666666666666965400, -2.851173418023728300, 4.000000000000000000 ) ) ;
#5148 = EDGE_CURVE ( 'NONE', #1465, #4604, #540, .T. ) ;
#5149 = VECTOR ( 'NONE', #590, 1000.000000000000000 ) ;
#5150 = CARTESIAN_POINT ( 'NONE',  ( 3.999999999999999100, -1.656854249492382600, -6.234375000000038200 ) ) ;
#5151 = CARTESIAN_POINT ( 'NONE',  ( -3.188101183952083900, 2.646189643190794200E-014, -6.156250000000036400 ) ) ;
#5152 = CARTESIAN_POINT ( 'NONE',  ( 3.188101183952083900, -8.684678252256720500E-015, -16.93750000000001100 ) ) ;
#5153 = CARTESIAN_POINT ( 'NONE',  ( -1.320554748610675200, -3.188101183952083900, 2.828124999999945400 ) ) ;
#5154 = EDGE_CURVE ( 'NONE', #5172, #4523, #4457, .T. ) ;
#5155 = CARTESIAN_POINT ( 'NONE',  ( -4.000000000000000000, 5.655958496054998300E-018, 15.31370849898476100 ) ) ;
#5156 = VERTEX_POINT ( 'NONE', #5174 ) ;
#5157 = CYLINDRICAL_SURFACE ( 'NONE', #1384, 4.000000000000000000 ) ;
#5158 = CARTESIAN_POINT ( 'NONE',  ( 3.999999999999999100, -1.656854249492382600, -12.48437500000002700 ) ) ;
#5159 = DIRECTION ( 'NONE',  ( -0.0000000000000000000, -0.0000000000000000000, 1.000000000000000000 ) ) ;
#5160 = CARTESIAN_POINT ( 'NONE',  ( -1.656854249492381200, -4.000000000000000000, 4.546874999999943200 ) ) ;
#5161 = VERTEX_POINT ( 'NONE', #2982 ) ;
#5162 = ORIENTED_EDGE ( 'NONE', *, *, #4621, .F. ) ;
#5163 = VECTOR ( 'NONE', #2689, 999.9999999999998900 ) ;
#5164 = DIRECTION ( 'NONE',  ( 1.000000000000000000, 0.0000000000000000000, 0.0000000000000000000 ) ) ;
#5165 = ORIENTED_EDGE ( 'NONE', *, *, #402, .F. ) ;
#5166 = CARTESIAN_POINT ( 'NONE',  ( -4.000000000000000000, 1.656854249492381000, -5.609375000000038200 ) ) ;
#5167 = APPROVAL_PERSON_ORGANIZATION ( #4670, #3300, #993 ) ;
#5168 = CARTESIAN_POINT ( 'NONE',  ( -2.254327966281371800, -2.254327966281386400, -6.000000000000036400 ) ) ;
#5169 = CARTESIAN_POINT ( 'NONE',  ( 0.9132948823695179500, -3.787961548549055200, -0.1092927553406789300 ) ) ;
#5170 = CARTESIAN_POINT ( 'NONE',  ( 3.188101183952083400, 1.320554748610675500, -18.10937500000001100 ) ) ;
#5171 = ORIENTED_EDGE ( 'NONE', *, *, #3656, .F. ) ;
#5172 = VERTEX_POINT ( 'NONE', #4277 ) ;
#5173 = CARTESIAN_POINT ( 'NONE',  ( 2.254327966281379300, 2.254327966281378900, 2.124999999999946300 ) ) ;
#5174 = CARTESIAN_POINT ( 'NONE',  ( 4.000000000000000000, -1.577120442836226900E-014, -11.15625000000002700 ) ) ;
#5175 = VECTOR ( 'NONE', #3799, 1000.000000000000000 ) ;
#5176 = DIRECTION ( 'NONE',  ( -0.0000000000000000000, -0.0000000000000000000, 1.000000000000000000 ) ) ;
#5177 = CARTESIAN_POINT ( 'NONE',  ( -1.592252336783056600, 1.204619352169679500, 1.006142121190267900 ) ) ;
#5178 = CARTESIAN_POINT ( 'NONE',  ( -4.898587196589413800E-016, -4.000000000000000000, -12.71875000000002300 ) ) ;
#5179 = CARTESIAN_POINT ( 'NONE',  ( -4.000000000000005300, -1.656854249492367000, -1.859375000000045100 ) ) ;
#5180 = CARTESIAN_POINT ( 'NONE',  ( 5.998263823987151000E-032, 3.188101183952083900, -13.96875000000002000 ) ) ;
#5181 = EDGE_CURVE ( 'NONE', #4729, #1528, #3661, .T. ) ;
#5182 = CARTESIAN_POINT ( 'NONE',  ( 4.685157492341767000E-015, 3.188101183952083900, -14.12500000000002000 ) ) ;
#5183 = CARTESIAN_POINT ( 'NONE',  ( -4.000000000000000000, -9.572539927614896900E-017, -11.93750000000002100 ) ) ;
#5184 = DATE_AND_TIME ( #5041, #553 ) ;
#5185 = ORIENTED_EDGE ( 'NONE', *, *, #799, .T. ) ;
#5186 = CARTESIAN_POINT ( 'NONE',  ( 3.999999999999999100, -1.656854249492382600, -7.484375000000035500 ) ) ;
#5187 = EDGE_CURVE ( 'NONE', #2508, #5463, #4035, .T. ) ;
#5188 = CARTESIAN_POINT ( 'NONE',  ( 1.320554748610674100, -3.188101183952084700, -20.92187500000000400 ) ) ;
#5189 = CARTESIAN_POINT ( 'NONE',  ( -3.904297910284806600E-016, -3.188101183952083900, -1.000000000000049500 ) ) ;
#5190 = FACE_OUTER_BOUND ( 'NONE', #5577, .T. ) ;
#5191 =( BOUNDED_CURVE ( )  B_SPLINE_CURVE ( 2, ( #657, #5050, #3678, #4181, #2384, #3694, #2838, #5458, #4130 ),
 .UNSPECIFIED., .F., .F. ) 
 B_SPLINE_CURVE_WITH_KNOTS ( ( 3, 2, 2, 2, 3 ),
 ( 0.6547619047619047700, 0.6607142857142857000, 0.6666666666666665200, 0.6726190476190475600, 0.6785714285714284900 ),
 .UNSPECIFIED. ) 
 CURVE ( )  GEOMETRIC_REPRESENTATION_ITEM ( )  RATIONAL_B_SPLINE_CURVE ( ( 1.000000000000000000, 0.9238795325112867400, 1.000000000000000000, 0.9238795325112867400, 1.000000000000000000, 0.9238795325112867400, 1.000000000000000000, 0.9238795325112881800, 0.9999999999999985600 ) ) 
 REPRESENTATION_ITEM ( '' )  );
#5192 = CARTESIAN_POINT ( 'NONE',  ( 4.000000000000000000, 9.711352684088090000E-015, -6.312500000000033800 ) ) ;
#5193 = CARTESIAN_POINT ( 'NONE',  ( 3.188101183952083900, -6.788941632725165100E-016, 4.468749999999941400 ) ) ;
#5194 = CARTESIAN_POINT ( 'NONE',  ( 6.858022075225178600E-015, 4.000000000000000000, -13.34375000000002300 ) ) ;
#5195 = ORIENTED_EDGE ( 'NONE', *, *, #3806, .F. ) ;
#5196 = ORIENTED_EDGE ( 'NONE', *, *, #1797, .F. ) ;
#5197 = FACE_OUTER_BOUND ( 'NONE', #1050, .T. ) ;
#5199 = CARTESIAN_POINT ( 'NONE',  ( -2.776408548992733900, -2.602735024945059400, -20.26454190424753700 ) ) ;
#5198 = CARTESIAN_POINT ( 'NONE',  ( 0.0000000000000000000, 0.0000000000000000000, 0.0000000000000000000 ) ) ;
#5200 = CARTESIAN_POINT ( 'NONE',  ( 3.999999999999999100, 1.656854249492381200, -8.578125000000032000 ) ) ;
#5201 = CARTESIAN_POINT ( 'NONE',  ( -3.188101183952083900, -1.320554748610674600, -14.82812500000001800 ) ) ;
#5202 = CARTESIAN_POINT ( 'NONE',  ( 3.188101183952099400, 1.320554748610650400, -14.35937500000001800 ) ) ;
#5203 = CARTESIAN_POINT ( 'NONE',  ( -1.320554748610666600, 3.188101183952087900, -15.29687500000001800 ) ) ;
#5204 = CARTESIAN_POINT ( 'NONE',  ( 3.188101183952083900, -1.180811658048456500E-014, -11.78125000000002300 ) ) ;
#5205 = CARTESIAN_POINT ( 'NONE',  ( -3.188101183952083900, 4.589934642711620200E-015, -4.906250000000039100 ) ) ;
#5206 = CARTESIAN_POINT ( 'NONE',  ( 3.999999999999999100, 1.656854249492381200, -7.328125000000035500 ) ) ;
#5207 = ADVANCED_FACE ( 'NONE', ( #2728 ), #2147, .T. ) ;
#5208 = ORIENTED_EDGE ( 'NONE', *, *, #4653, .T. ) ;
#5209 = CARTESIAN_POINT ( 'NONE',  ( -3.188101183952083900, 2.971803142986850300E-016, -21.00000000000000000 ) ) ;
#5210 = CARTESIAN_POINT ( 'NONE',  ( -3.904297910284806600E-016, -3.188101183952083900, -19.75000000000000700 ) ) ;
#5211 = CARTESIAN_POINT ( 'NONE',  ( 3.188101183952083400, 1.320554748610675500, 1.890624999999944500 ) ) ;
#5212 = VERTEX_POINT ( 'NONE', #2518 ) ;
#5213 = DIRECTION ( 'NONE',  ( 1.000000000000000000, 0.0000000000000000000, 0.0000000000000000000 ) ) ;
#5214 = CARTESIAN_POINT ( 'NONE',  ( 1.190256337827054800, -3.222391085870393900, -20.63553360042616400 ) ) ;
#5215 = CARTESIAN_POINT ( 'NONE',  ( 2.828427124746187600, 2.828427124746193000, -13.50000000000002100 ) ) ;
#5216 = ORIENTED_EDGE ( 'NONE', *, *, #5187, .F. ) ;
#5217 = EDGE_CURVE ( 'NONE', #5101, #3878, #3006, .T. ) ;
#5219 = DIRECTION ( 'NONE',  ( -0.0000000000000000000, -0.0000000000000000000, 1.000000000000000000 ) ) ;
#5218 = CARTESIAN_POINT ( 'NONE',  ( -1.656854249492397700, -3.999999999999993300, -10.45312500000002500 ) ) ;
#5220 = CARTESIAN_POINT ( 'NONE',  ( -4.000000000000000000, -1.656854249492380400, -17.95312500000001800 ) ) ;
#5221 = CARTESIAN_POINT ( 'NONE',  ( 4.000000000000000000, 4.955146781549962200E-016, 15.31370849898476100 ) ) ;
#5222 = CARTESIAN_POINT ( 'NONE',  ( 1.320554748610676800, 3.188101183952083000, -17.79687500000001100 ) ) ;
#5223 = CARTESIAN_POINT ( 'NONE',  ( 1.320554748610670300, -3.188101183952085600, -3.265625000000042600 ) ) ;
#5224 = VECTOR ( 'NONE', #1005, 1000.000000000000000 ) ;
#5225 = CARTESIAN_POINT ( 'NONE',  ( 1.656854249492379700, -4.000000000000000900, -20.29687500000000400 ) ) ;
#5226 = EDGE_CURVE ( 'NONE', #629, #2765, #3111, .T. ) ;
#5227 = CARTESIAN_POINT ( 'NONE',  ( 4.000000000000000000, 7.751917805452324500E-015, -3.812500000000038200 ) ) ;
#5228 = CARTESIAN_POINT ( 'NONE',  ( 4.000000000000000000, -8.280375562182076100E-016, -3.656250000000044900 ) ) ;
#5229 = FACE_OUTER_BOUND ( 'NONE', #1000, .T. ) ;
#5230 = CARTESIAN_POINT ( 'NONE',  ( -3.419476484685369100, -1.465994696831283400, -0.2856580066621090000 ) ) ;
#5231 = CARTESIAN_POINT ( 'NONE',  ( 2.254327966281379300, 2.254327966281378900, -18.03125000000001100 ) ) ;
#5232 = CARTESIAN_POINT ( 'NONE',  ( 2.254327966281379300, -2.254327966281379300, 0.4062499999999483200 ) ) ;
#5233 = CARTESIAN_POINT ( 'NONE',  ( 7.249999999999999100, 0.0000000000000000000, 4.000000000000000000 ) ) ;
#5234 = ORIENTED_EDGE ( 'NONE', *, *, #159, .F. ) ;
#5235 = CARTESIAN_POINT ( 'NONE',  ( 1.874072445228697900, -2.995884652755281600, -20.53662765044801100 ) ) ;
#5236 =( BOUNDED_CURVE ( )  B_SPLINE_CURVE ( 2, ( #4191, #3743, #2849, #1605, #1156, #4584, #4636, #2025, #3345 ),
 .UNSPECIFIED., .F., .T. ) 
 B_SPLINE_CURVE_WITH_KNOTS ( ( 3, 2, 2, 2, 3 ),
 ( 0.4880952380952380800, 0.4940476190476190700, 0.5000000000000000000, 0.5059523809523809300, 0.5119047619047618600 ),
 .UNSPECIFIED. ) 
 CURVE ( )  GEOMETRIC_REPRESENTATION_ITEM ( )  RATIONAL_B_SPLINE_CURVE ( ( 1.000000000000000000, 0.9238795325112867400, 1.000000000000000000, 0.9238795325112867400, 1.000000000000000000, 0.9238795325112867400, 1.000000000000000000, 0.9238795325112867400, 1.000000000000000000 ) ) 
 REPRESENTATION_ITEM ( '' )  );
#5237 = CARTESIAN_POINT ( 'NONE',  ( 1.320554748610673500, 3.188101183952084300, -16.54687500000001400 ) ) ;
#5238 = ORIENTED_EDGE ( 'NONE', *, *, #122, .T. ) ;
#5239 = VECTOR ( 'NONE', #1844, 1000.000000000000000 ) ;
#5240 = CARTESIAN_POINT ( 'NONE',  ( 3.188101183952083900, -6.788941632725165100E-016, -11.93750000000002300 ) ) ;
#5241 = EDGE_CURVE ( 'NONE', #1188, #5453, #4100, .T. ) ;
#5242 = CARTESIAN_POINT ( 'NONE',  ( 0.0000000000000000000, -9.324947672979560100E-017, -21.00000000000000000 ) ) ;
#5243 = ADVANCED_FACE ( 'NONE', ( #326 ), #4614, .T. ) ;
#5244 = CARTESIAN_POINT ( 'NONE',  ( -2.828427124746190300, -2.828427124746189800, -20.37500000000000700 ) ) ;
#5245 = CARTESIAN_POINT ( 'NONE',  ( 3.188101183952081200, -1.320554748610682100, -11.85937500000002500 ) ) ;
#5246 = CARTESIAN_POINT ( 'NONE',  ( -3.188101183952083900, 1.019654187844447800E-016, -14.90625000000001600 ) ) ;
#5247 = VERTEX_POINT ( 'NONE', #4428 ) ;
#5248 = CARTESIAN_POINT ( 'NONE',  ( -2.828427124746203200, -2.828427124746177000, -2.875000000000044400 ) ) ;
#5249 = CARTESIAN_POINT ( 'NONE',  ( -4.000000000000000000, 1.516798830996750800E-016, -20.68750000000000000 ) ) ;
#5250 = CARTESIAN_POINT ( 'NONE',  ( -4.000000000000000000, -3.034877717229796700E-015, -16.78125000000001400 ) ) ;
#5251 = ORIENTED_EDGE ( 'NONE', *, *, #4054, .F. ) ;
#5252 = ORIENTED_EDGE ( 'NONE', *, *, #3176, .F. ) ;
#5253 = CARTESIAN_POINT ( 'NONE',  ( -1.656854249492381200, -4.000000000000000000, -2.796875000000045700 ) ) ;
#5254 = ORIENTED_EDGE ( 'NONE', *, *, #1316, .F. ) ;
#5255 = FACE_OUTER_BOUND ( 'NONE', #5401, .T. ) ;
#5256 = CARTESIAN_POINT ( 'NONE',  ( 3.188101183952083900, -9.324947672979560100E-017, -21.00000000000000000 ) ) ;
#5257 = CARTESIAN_POINT ( 'NONE',  ( 1.320554748610674100, -3.188101183952084700, -19.67187500000001100 ) ) ;
#5258 = CARTESIAN_POINT ( 'NONE',  ( 1.320554748610676800, 3.188101183952083000, -0.4531250000000507900 ) ) ;
#5259 = CARTESIAN_POINT ( 'NONE',  ( -0.9666666666666465800, -2.851173418023745100, 4.000000000000000000 ) ) ;
#5260 = CARTESIAN_POINT ( 'NONE',  ( 0.0000000000000000000, 5.655958496054998300E-018, 15.31370849898476100 ) ) ;
#5261 = CARTESIAN_POINT ( 'NONE',  ( -1.656854249492384400, -3.999999999999998200, -17.95312500000000700 ) ) ;
#5262 = CARTESIAN_POINT ( 'NONE',  ( -3.904297910284806600E-016, -3.188101183952083900, -12.25000000000002300 ) ) ;
#5264 = CARTESIAN_POINT ( 'NONE',  ( 3.188101183952083900, -6.788941632725165100E-016, -20.68750000000000400 ) ) ;
#5263 = PERSON_AND_ORGANIZATION_ROLE ( 'creator' ) ;
#5265 = CARTESIAN_POINT ( 'NONE',  ( -2.828427124746196500, -2.828427124746184100, -14.28125000000001600 ) ) ;
#5266 = CARTESIAN_POINT ( 'NONE',  ( 1.656854249492383200, 3.999999999999999100, -18.42187500000001400 ) ) ;
#5267 = CARTESIAN_POINT ( 'NONE',  ( 0.7303218547995965500, -3.141621688458453600, -0.7812859498351462100 ) ) ;
#5268 = CARTESIAN_POINT ( 'NONE',  ( 1.320554748610676800, 3.188101183952083000, -16.54687500000001400 ) ) ;
#5269 = LINE ( 'NONE', #2548, #1790 ) ;
#5270 = EDGE_CURVE ( 'NONE', #2255, #4231, #270, .T. ) ;
#5271 = ORIENTED_EDGE ( 'NONE', *, *, #3410, .F. ) ;
#5272 = CARTESIAN_POINT ( 'NONE',  ( 3.999999999999999100, 1.656854249492381200, -18.73437500000000700 ) ) ;
#5273 = DIRECTION ( 'NONE',  ( -0.9238795325112868500, 0.3826834323650897800, 0.0000000000000000000 ) ) ;
#5274 = ORIENTED_EDGE ( 'NONE', *, *, #5039, .F. ) ;
#5275 = VECTOR ( 'NONE', #5510, 1000.000000000000000 ) ;
#5276 =( BOUNDED_CURVE ( )  B_SPLINE_CURVE ( 2, ( #4427, #1852, #4391, #5277, #4878, #556, #2646, #3063, #49 ),
 .UNSPECIFIED., .F., .T. ) 
 B_SPLINE_CURVE_WITH_KNOTS ( ( 3, 2, 2, 2, 3 ),
 ( 0.6071428571428572100, 0.6130952380952382500, 0.6190476190476190700, 0.6250000000000000000, 0.6309523809523809300 ),
 .UNSPECIFIED. ) 
 CURVE ( )  GEOMETRIC_REPRESENTATION_ITEM ( )  RATIONAL_B_SPLINE_CURVE ( ( 0.9999999999999985600, 0.9238795325112881800, 1.000000000000000000, 0.9238795325112867400, 1.000000000000000000, 0.9238795325112867400, 1.000000000000000000, 0.9238795325112867400, 1.000000000000000000 ) ) 
 REPRESENTATION_ITEM ( '' )  );
#5277 = CARTESIAN_POINT ( 'NONE',  ( 1.656854249492416300, 3.999999999999985800, -5.921875000000038200 ) ) ;
#5278 = CARTESIAN_POINT ( 'NONE',  ( 1.656854249492379700, -4.000000000000000900, -1.390625000000048200 ) ) ;
#5279 = ADVANCED_FACE ( 'NONE', ( #4138 ), #3311, .T. ) ;
#5280 = ADVANCED_FACE ( 'NONE', ( #475 ), #4818, .T. ) ;
#5281 = CARTESIAN_POINT ( 'NONE',  ( -1.320554748610668100, 3.188101183952087000, -17.79687500000001100 ) ) ;
#5282 = CARTESIAN_POINT ( 'NONE',  ( 2.254327966281379300, 2.254327966281378900, -15.53125000000001600 ) ) ;
#5283 = CARTESIAN_POINT ( 'NONE',  ( -1.320554748610674800, 3.188101183952083900, 3.453124999999942700 ) ) ;
#5284 = CARTESIAN_POINT ( 'NONE',  ( -4.000000000000000000, 5.655958496054998300E-018, 0.0000000000000000000 ) ) ;
#5285 = CARTESIAN_POINT ( 'NONE',  ( 1.650633317353153800, -3.087818922841112800, -20.56924932299648000 ) ) ;
#5286 = DIRECTION ( 'NONE',  ( 0.0000000000000000000, 0.0000000000000000000, 1.000000000000000000 ) ) ;
#5287 = CARTESIAN_POINT ( 'NONE',  ( -3.188101183952083900, 1.320554748610674800, -11.39062500000002500 ) ) ;
#5288 = CARTESIAN_POINT ( 'NONE',  ( -0.2413413263023517500, 3.512941472691795100, -20.54955852730820700 ) ) ;
#5289 = CARTESIAN_POINT ( 'NONE',  ( 3.999999999999985800, -1.656854249492399000, -13.89062500000001600 ) ) ;
#5290 = CARTESIAN_POINT ( 'NONE',  ( -2.828427124746189800, 2.828427124746190300, -16.93750000000001400 ) ) ;
#5291 = CARTESIAN_POINT ( 'NONE',  ( 0.0000000000000000000, 5.655958496054998300E-018, 15.31370849898476100 ) ) ;
#5292 = ORIENTED_EDGE ( 'NONE', *, *, #88, .F. ) ;
#5293 = CARTESIAN_POINT ( 'NONE',  ( -3.188101183952083900, 1.320554748610674800, -9.984375000000028400 ) ) ;
#5294 = CARTESIAN_POINT ( 'NONE',  ( 4.000000000000000000, -8.280375562182076100E-016, -18.81250000000000700 ) ) ;
#5295 = ORIENTED_EDGE ( 'NONE', *, *, #1715, .T. ) ;
#5296 = CARTESIAN_POINT ( 'NONE',  ( -1.656854249492370800, 4.000000000000003600, -15.92187500000001200 ) ) ;
#5297 = CARTESIAN_POINT ( 'NONE',  ( 1.656854249492379700, -4.000000000000000900, 1.109374999999947200 ) ) ;
#5298 = CARTESIAN_POINT ( 'NONE',  ( -1.656854249492381200, -4.000000000000000000, -6.703125000000033800 ) ) ;
#5299 = CARTESIAN_POINT ( 'NONE',  ( 2.828427124746194700, 2.828427124746185900, -18.50000000000001100 ) ) ;
#5300 = CARTESIAN_POINT ( 'NONE',  ( -4.000000000000000000, -1.656854249492380400, -21.70312500000000700 ) ) ;
#5301 = CARTESIAN_POINT ( 'NONE',  ( 3.919860126290071300E-014, 4.000000000000000000, -7.250000000000032900 ) ) ;
#5302 = FACE_OUTER_BOUND ( 'NONE', #4803, .T. ) ;
#5303 = CARTESIAN_POINT ( 'NONE',  ( 5.998263823987151000E-032, 3.188101183952083900, -14.12500000000002000 ) ) ;
#5304 = CARTESIAN_POINT ( 'NONE',  ( 1.320554748610670300, -3.188101183952085600, -3.421875000000042600 ) ) ;
#5305 = CYLINDRICAL_SURFACE ( 'NONE', #4442, 4.000000000000000000 ) ;
#5306 = AXIS2_PLACEMENT_3D ( 'NONE', #1117, #4544, #5330 ) ;
#5307 = ADVANCED_FACE ( 'NONE', ( #1770 ), #1159, .T. ) ;
#5308 = CARTESIAN_POINT ( 'NONE',  ( -2.927566409671460400, 2.116603714848355600, -0.4164240718305712900 ) ) ;
#5309 = CARTESIAN_POINT ( 'NONE',  ( -4.000000000000000000, -1.656854249492380400, -20.45312500000000700 ) ) ;
#5310 = CARTESIAN_POINT ( 'NONE',  ( 3.188101183952083900, -6.788941632725165100E-016, -11.78125000000002300 ) ) ;
#5311 = CARTESIAN_POINT ( 'NONE',  ( 4.703504979265592700, 0.9556547051326623700, 3.874132703710336100 ) ) ;
#5312 = VERTEX_POINT ( 'NONE', #4774 ) ;
#5313 = CARTESIAN_POINT ( 'NONE',  ( 4.000000000000000000, -8.280375562182076100E-016, -17.56250000000000700 ) ) ;
#5314 = CARTESIAN_POINT ( 'NONE',  ( -4.000000000000001800, 1.656854249492376800, -10.60937500000002800 ) ) ;
#5315 = EDGE_CURVE ( 'NONE', #3491, #3371, #1849, .T. ) ;
#5316 = CARTESIAN_POINT ( 'NONE',  ( -1.656854249492381200, -4.000000000000000000, -1.546875000000048200 ) ) ;
#5317 = ORIENTED_EDGE ( 'NONE', *, *, #4008, .T. ) ;
#5318 = CARTESIAN_POINT ( 'NONE',  ( 1.656854249492383200, 3.999999999999999100, -8.578125000000028400 ) ) ;
#5319 =( BOUNDED_CURVE ( )  B_SPLINE_CURVE ( 2, ( #4174, #4617, #5076, #3316, #730, #5097, #2160, #22, #2087 ),
 .UNSPECIFIED., .F., .T. ) 
 B_SPLINE_CURVE_WITH_KNOTS ( ( 3, 2, 2, 2, 3 ),
 ( 0.4404761904761904700, 0.4464285714285714500, 0.4523809523809523300, 0.4583333333333332600, 0.4642857142857142500 ),
 .UNSPECIFIED. ) 
 CURVE ( )  GEOMETRIC_REPRESENTATION_ITEM ( )  RATIONAL_B_SPLINE_CURVE ( ( 1.000000000000000000, 0.9238795325112867400, 1.000000000000000000, 0.9238795325112867400, 1.000000000000000000, 0.9238795325112867400, 1.000000000000000000, 0.9238795325112874000, 0.9999999999999993300 ) ) 
 REPRESENTATION_ITEM ( '' )  );
#5320 = ORIENTED_EDGE ( 'NONE', *, *, #1316, .T. ) ;
#5321 = CARTESIAN_POINT ( 'NONE',  ( -3.999999999999986200, 1.656854249492396800, -18.10937500000001100 ) ) ;
#5322 = EDGE_LOOP ( 'NONE', ( #330, #911, #1638, #5234 ) ) ;
#5323 = CARTESIAN_POINT ( 'NONE',  ( -2.828427124746177000, 2.828427124746203200, -11.93750000000002500 ) ) ;
#5324 = CARTESIAN_POINT ( 'NONE',  ( 3.441664636719073700, 0.8415217315893921400, 2.569586846641083200 ) ) ;
#5325 = CARTESIAN_POINT ( 'NONE',  ( 0.0000000000000000000, -9.324947672979560100E-017, -21.00000000000000000 ) ) ;
#5326 = PERSON_AND_ORGANIZATION ( #3943, #890 ) ;
#5327 = CARTESIAN_POINT ( 'NONE',  ( -1.320554748610675200, -3.188101183952083900, -12.32812500000002300 ) ) ;
#5328 = VERTEX_POINT ( 'NONE', #2256 ) ;
#5329 = AXIS2_PLACEMENT_3D ( 'NONE', #1120, #4136, #1146 ) ;
#5330 = DIRECTION ( 'NONE',  ( 1.000000000000000000, 0.0000000000000000000, 0.0000000000000000000 ) ) ;
#5331 = VERTEX_POINT ( 'NONE', #496 ) ;
#5332 = CARTESIAN_POINT ( 'NONE',  ( 2.852020905838262600, 1.746848730277076100, -0.6632170537172142900 ) ) ;
#5333 = CARTESIAN_POINT ( 'NONE',  ( 5.998263823987151000E-032, 4.000000000000000000, -15.84375000000001800 ) ) ;
#5334 = CARTESIAN_POINT ( 'NONE',  ( 2.618388772603650800, -2.342743055312838300, -0.4925936853969863900 ) ) ;
#5335 = CARTESIAN_POINT ( 'NONE',  ( 1.320554748610674100, -3.188101183952084700, -10.76562500000002800 ) ) ;
#5336 = DIRECTION ( 'NONE',  ( -1.000000000000000000, 0.0000000000000000000, 0.0000000000000000000 ) ) ;
#5337 = CARTESIAN_POINT ( 'NONE',  ( 4.000000000000000000, -8.280375562182076100E-016, -16.31250000000001100 ) ) ;
#5338 = CARTESIAN_POINT ( 'NONE',  ( 3.188101183952082500, 1.320554748610678800, -6.703125000000035500 ) ) ;
#5339 = CARTESIAN_POINT ( 'NONE',  ( 1.518625914947337800, -1.518625914947306000, 4.000000000000000000 ) ) ;
#5340 = CARTESIAN_POINT ( 'NONE',  ( 1.656854249492383200, 3.999999999999999100, 1.578124999999944000 ) ) ;
#5341 = CARTESIAN_POINT ( 'NONE',  ( 2.828427124746189800, -2.828427124746190700, -10.21875000000002500 ) ) ;
#5342 = CARTESIAN_POINT ( 'NONE',  ( -2.254327966281379300, 2.254327966281379300, -16.46875000000001400 ) ) ;
#5343 = ORIENTED_EDGE ( 'NONE', *, *, #2113, .T. ) ;
#5344 = EDGE_CURVE ( 'NONE', #3432, #2776, #989, .T. ) ;
#5345 = DIRECTION ( 'NONE',  ( 0.3826834323650962200, -0.9238795325112840700, 0.0000000000000000000 ) ) ;
#5346 = CARTESIAN_POINT ( 'NONE',  ( 1.320554748610676800, 3.188101183952083000, -7.953125000000032900 ) ) ;
#5347 = LINE ( 'NONE', #5563, #3873 ) ;
#5348 = CARTESIAN_POINT ( 'NONE',  ( 1.320554748610677700, 3.188101183952083000, -19.20312500000000700 ) ) ;
#5349 = CARTESIAN_POINT ( 'NONE',  ( 4.000000000000000000, 4.955146781549962200E-016, 15.31370849898476100 ) ) ;
#5350 = ORIENTED_EDGE ( 'NONE', *, *, #4861, .F. ) ;
#5351 = CARTESIAN_POINT ( 'NONE',  ( 2.828427124746189800, -2.828427124746190700, -6.468750000000033800 ) ) ;
#5352 = CARTESIAN_POINT ( 'NONE',  ( 1.656854249492383200, 3.999999999999999100, -14.67187500000002000 ) ) ;
#5353 = CARTESIAN_POINT ( 'NONE',  ( 0.0000000000000000000, 5.655958496054998300E-018, 15.31370849898476100 ) ) ;
#5354 = CARTESIAN_POINT ( 'NONE',  ( -3.188101183952083900, 1.320554748610674800, -12.48437500000002500 ) ) ;
#5355 = ORIENTED_EDGE ( 'NONE', *, *, #2807, .T. ) ;
#5356 = EDGE_CURVE ( 'NONE', #991, #2372, #2638, .T. ) ;
#5357 = VECTOR ( 'NONE', #1632, 1000.000000000000000 ) ;
#5358 =( BOUNDED_CURVE ( )  B_SPLINE_CURVE ( 2, ( #544, #3569, #4012, #1426, #3966, #1381, #4409, #3551, #975 ),
 .UNSPECIFIED., .F., .F. ) 
 B_SPLINE_CURVE_WITH_KNOTS ( ( 3, 2, 2, 2, 3 ),
 ( 0.8214285714285714000, 0.8273809523809523300, 0.8333333333333333700, 0.8392857142857143000, 0.8416884805740105800 ),
 .UNSPECIFIED. ) 
 CURVE ( )  GEOMETRIC_REPRESENTATION_ITEM ( )  RATIONAL_B_SPLINE_CURVE ( ( 1.000000000000000000, 0.9238795325112867400, 1.000000000000000000, 0.9238795325112867400, 1.000000000000000000, 0.9238795325112867400, 1.000000000000000000, 0.9692728515539528200, 0.9633526356655759400 ) ) 
 REPRESENTATION_ITEM ( '' )  );
#5359 = CARTESIAN_POINT ( 'NONE',  ( 2.828427124746190700, 2.828427124746189400, -14.90625000000001400 ) ) ;
#5360 = CARTESIAN_POINT ( 'NONE',  ( -3.188101183952084700, -1.320554748610672100, -14.98437500000001600 ) ) ;
#5361 = CARTESIAN_POINT ( 'NONE',  ( 2.254327966281375300, -2.254327966281382900, -8.187500000000032000 ) ) ;
#5362 = CARTESIAN_POINT ( 'NONE',  ( -4.000000000000000000, 5.655958496054998300E-018, 15.31370849898476100 ) ) ;
#5363 = CARTESIAN_POINT ( 'NONE',  ( -4.000000000000000000, 1.516798830996750800E-016, 1.968749999999942700 ) ) ;
#5364 = CARTESIAN_POINT ( 'NONE',  ( 3.999999999999999100, -1.656854249492382600, -7.640625000000031100 ) ) ;
#5365 = CARTESIAN_POINT ( 'NONE',  ( 2.254327966281382900, 2.254327966281375800, -18.03125000000001100 ) ) ;
#5366 = EDGE_CURVE ( 'NONE', #1441, #1990, #3349, .T. ) ;
#5367 = CARTESIAN_POINT ( 'NONE',  ( 1.656854249492414100, 3.999999999999986200, -8.421875000000033800 ) ) ;
#5368 = CARTESIAN_POINT ( 'NONE',  ( 1.320554748610667700, -3.188101183952087000, -17.17187500000001400 ) ) ;
#5369 = CARTESIAN_POINT ( 'NONE',  ( -3.188101183952083900, 1.019654187844447800E-016, -21.31250000000000000 ) ) ;
#5370 = CARTESIAN_POINT ( 'NONE',  ( -2.254327966281379300, 2.254327966281379300, -8.968750000000030200 ) ) ;
#5371 = ORIENTED_EDGE ( 'NONE', *, *, #1399, .T. ) ;
#5372 = ORIENTED_EDGE ( 'NONE', *, *, #4682, .T. ) ;
#5373 = CARTESIAN_POINT ( 'NONE',  ( -2.254327966281368700, 2.254327966281389500, -11.31250000000002300 ) ) ;
#5374 = DIRECTION ( 'NONE',  ( -0.0000000000000000000, -0.0000000000000000000, 1.000000000000000000 ) ) ;
#5375 = CARTESIAN_POINT ( 'NONE',  ( 3.999999999999999100, -1.656854249492382600, -16.23437500000001400 ) ) ;
#5376 = CARTESIAN_POINT ( 'NONE',  ( 1.320554748610677500, 3.188101183952083000, -10.45312500000002700 ) ) ;
#5377 = CARTESIAN_POINT ( 'NONE',  ( -2.254327966281379300, -2.254327966281379300, -12.25000000000002300 ) ) ;
#5378 = CARTESIAN_POINT ( 'NONE',  ( -3.999999999999998200, 1.656854249492384600, -0.6093750000000508500 ) ) ;
#5379 = CARTESIAN_POINT ( 'NONE',  ( -1.656854249492380800, 4.000000000000000000, -13.42187500000001600 ) ) ;
#5380 = CARTESIAN_POINT ( 'NONE',  ( -4.000000000000000000, -3.034877717229796700E-015, -15.68750000000001400 ) ) ;
#5381 = CARTESIAN_POINT ( 'NONE',  ( 2.828427124746189800, -2.828427124746190700, -2.718750000000040400 ) ) ;
#5382 = CARTESIAN_POINT ( 'NONE',  ( -4.000000000000000000, 1.516798830996750800E-016, 3.218749999999940500 ) ) ;
#5383 = CONICAL_SURFACE ( 'NONE', #246, 4.833333333333332100, 0.2617993877991500700 ) ;
#5384 = CARTESIAN_POINT ( 'NONE',  ( -2.828427124746189800, 2.828427124746190300, -8.343750000000030200 ) ) ;
#5385 = CARTESIAN_POINT ( 'NONE',  ( -4.000000000000000000, -1.075442838594031600E-015, -14.28125000000002000 ) ) ;
#5386 = CARTESIAN_POINT ( 'NONE',  ( 3.188101183952083900, 7.721266462540868900E-015, -6.937500000000033800 ) ) ;
#5387 = CARTESIAN_POINT ( 'NONE',  ( -4.000000000000000000, 3.126513634908150300E-014, -9.281250000000030200 ) ) ;
#5388 =( BOUNDED_CURVE ( )  B_SPLINE_CURVE ( 2, ( #3336, #4221, #758, #1644, #335, #264, #2415, #3766, #4609 ),
 .UNSPECIFIED., .F., .T. ) 
 B_SPLINE_CURVE_WITH_KNOTS ( ( 3, 2, 2, 2, 3 ),
 ( 0.05952380952380957600, 0.06547619047619052100, 0.07142857142857145200, 0.07738095238095239700, 0.08333333333333332900 ),
 .UNSPECIFIED. ) 
 CURVE ( )  GEOMETRIC_REPRESENTATION_ITEM ( )  RATIONAL_B_SPLINE_CURVE ( ( 0.9999999999999993300, 0.9238795325112874000, 1.000000000000000000, 0.9238795325112867400, 1.000000000000000000, 0.9238795325112867400, 1.000000000000000000, 0.9238795325112867400, 1.000000000000000000 ) ) 
 REPRESENTATION_ITEM ( '' )  );
#5389 = EDGE_CURVE ( 'NONE', #3698, #4357, #640, .T. ) ;
#5390 = ORIENTED_EDGE ( 'NONE', *, *, #2427, .T. ) ;
#5391 = VERTEX_POINT ( 'NONE', #4081 ) ;
#5392 = LINE ( 'NONE', #93, #5239 ) ;
#5393 = CARTESIAN_POINT ( 'NONE',  ( -2.254327966281379300, 2.254327966281379300, -7.562500000000032900 ) ) ;
#5394 = CARTESIAN_POINT ( 'NONE',  ( 4.000000000000000000, -8.280375562182076100E-016, -15.06250000000001400 ) ) ;
#5395 = CARTESIAN_POINT ( 'NONE',  ( 1.309756779131182600, 1.309756779131182600, 0.8807309842807566900 ) ) ;
#5396 = CARTESIAN_POINT ( 'NONE',  ( -2.342973420750953800E-014, -3.188101183952083900, -2.250000000000043500 ) ) ;
#5397 = CARTESIAN_POINT ( 'NONE',  ( -1.320554748610659500, 3.188101183952090100, -3.890625000000039500 ) ) ;
#5398 = CARTESIAN_POINT ( 'NONE',  ( -2.254327966281370900, -2.254327966281387300, -8.500000000000030200 ) ) ;
#5399 = CARTESIAN_POINT ( 'NONE',  ( -2.828427124746189800, 2.828427124746190300, -3.343750000000041300 ) ) ;
#5400 = CARTESIAN_POINT ( 'NONE',  ( -4.000000000000000000, -1.656854249492380400, 2.046874999999944900 ) ) ;
#5401 = EDGE_LOOP ( 'NONE', ( #1077, #4483 ) ) ;
#5402 = CARTESIAN_POINT ( 'NONE',  ( -3.188101183952083000, 1.320554748610676600, -2.640625000000045700 ) ) ;
#5403 = LINE ( 'NONE', #5623, #1979 ) ;
#5404 = VERTEX_POINT ( 'NONE', #1872 ) ;
#5405 = ORIENTED_EDGE ( 'NONE', *, *, #1444, .T. ) ;
#5406 = CARTESIAN_POINT ( 'NONE',  ( -3.999999999999986200, -1.656854249492394600, -19.20312500000000400 ) ) ;
#5407 = AXIS2_PLACEMENT_3D ( 'NONE', #2844, #248, #4611 ) ;
#5408 = CARTESIAN_POINT ( 'NONE',  ( -1.656854249492359000, 4.000000000000008900, -2.015625000000048800 ) ) ;
#5409 = DIRECTION ( 'NONE',  ( 0.9238795325112854100, 0.3826834323650930000, 0.0000000000000000000 ) ) ;
#5410 = CARTESIAN_POINT ( 'NONE',  ( 3.188101183952083900, -6.788941632725165100E-016, -4.281250000000038200 ) ) ;
#5411 = CARTESIAN_POINT ( 'NONE',  ( -2.828427124746189800, 2.828427124746190300, -12.09375000000002100 ) ) ;
#5412 = CARTESIAN_POINT ( 'NONE',  ( 2.254327966281376700, -2.254327966281381500, -10.84375000000002500 ) ) ;
#5413 = CARTESIAN_POINT ( 'NONE',  ( -1.320554748610693900, -3.188101183952075900, -2.328125000000045300 ) ) ;
#5414 = VECTOR ( 'NONE', #130, 1000.000000000000000 ) ;
#5415 = CARTESIAN_POINT ( 'NONE',  ( 3.999999999999998200, -8.104582701274269100E-015, -20.06250000000000400 ) ) ;
#5416 = CARTESIAN_POINT ( 'NONE',  ( -2.828427124746189800, 2.828427124746190300, -2.093750000000043500 ) ) ;
#5417 = CARTESIAN_POINT ( 'NONE',  ( -3.188101183952083900, 8.828250008414060500E-016, -20.06250000000000400 ) ) ;
#5418 = VERTEX_POINT ( 'NONE', #4488 ) ;
#5419 = ORIENTED_EDGE ( 'NONE', *, *, #2881, .T. ) ;
#5420 = LINE ( 'NONE', #3032, #1306 ) ;
#5421 = CARTESIAN_POINT ( 'NONE',  ( 6.246876656455690600E-015, 3.188101183952083900, -11.62500000000002500 ) ) ;
#5422 = CARTESIAN_POINT ( 'NONE',  ( -4.000000000000000000, 3.126513634908150300E-014, -9.281250000000030200 ) ) ;
#5423 = EDGE_CURVE ( 'NONE', #3211, #5331, #4133, .T. ) ;
#5424 = B_SPLINE_CURVE_WITH_KNOTS ( 'NONE', 3,
 ( #5055, #2859, #1706, #5643 ),
 .UNSPECIFIED., .F., .F.,
 ( 4, 4 ),
 ( 0.0000000000000000000, 0.0001955707939723205300 ),
 .UNSPECIFIED. ) ;
#5425 = AXIS2_PLACEMENT_3D ( 'NONE', #452, #3478, #3921 ) ;
#5426 = CARTESIAN_POINT ( 'NONE',  ( -3.188101183952083900, 1.320554748610674800, -3.890625000000040000 ) ) ;
#5427 = CARTESIAN_POINT ( 'NONE',  ( 0.0000000000000000000, -3.716535159873934600E-017, -20.06250000000000400 ) ) ;
#5428 = DIRECTION ( 'NONE',  ( -0.0000000000000000000, -0.0000000000000000000, -1.000000000000000000 ) ) ;
#5429 = CARTESIAN_POINT ( 'NONE',  ( -1.320554748610675200, -3.188101183952083900, -7.171875000000035500 ) ) ;
#5430 = EDGE_CURVE ( 'NONE', #1194, #5462, #2392, .T. ) ;
#5431 = CARTESIAN_POINT ( 'NONE',  ( -1.656854249492372800, -4.000000000000003600, -5.453125000000036400 ) ) ;
#5432 = VERTEX_POINT ( 'NONE', #119 ) ;
#5433 = CARTESIAN_POINT ( 'NONE',  ( -4.000000000000003600, 1.656854249492372800, -14.51562500000001400 ) ) ;
#5434 = CARTESIAN_POINT ( 'NONE',  ( -4.898587196589413800E-016, -4.000000000000000000, -5.375000000000036400 ) ) ;
#5435 = CARTESIAN_POINT ( 'NONE',  ( -2.851173418023731400, -0.9666666666666866600, 4.000000000000000000 ) ) ;
#5436 = EDGE_LOOP ( 'NONE', ( #3717, #1158, #5579, #4227 ) ) ;
#5437 = EDGE_CURVE ( 'NONE', #2765, #3371, #4014, .T. ) ;
#5438 = CARTESIAN_POINT ( 'NONE',  ( 6.250823402256391700E-015, -3.188101183952083900, -13.34375000000002100 ) ) ;
#5439 = CYLINDRICAL_SURFACE ( 'NONE', #2767, 3.188101183952083900 ) ;
#5440 = CARTESIAN_POINT ( 'NONE',  ( 0.9666666666667160800, -4.735680169380800400, 4.000000000000000000 ) ) ;
#5441 = CARTESIAN_POINT ( 'NONE',  ( 2.254327966281379300, 2.254327966281378900, -7.875000000000031100 ) ) ;
#5442 = CARTESIAN_POINT ( 'NONE',  ( 4.000000000000000000, 4.955146781549962200E-016, 15.31370849898476100 ) ) ;
#5443 = DIRECTION ( 'NONE',  ( 1.000000000000000000, 0.0000000000000000000, 0.0000000000000000000 ) ) ;
#5444 = CARTESIAN_POINT ( 'NONE',  ( -4.000000000000000000, -9.572539927614896900E-017, -13.03125000000002100 ) ) ;
#5445 = CARTESIAN_POINT ( 'NONE',  ( -2.828427124746190300, -2.828427124746189800, 3.218749999999944000 ) ) ;
#5446 = CARTESIAN_POINT ( 'NONE',  ( -3.188101183952083900, 2.490017726779401800E-014, -8.812500000000030200 ) ) ;
#5447 = ORIENTED_EDGE ( 'NONE', *, *, #2471, .F. ) ;
#5448 = CIRCLE ( 'NONE', #4744, 4.782744419517952000 ) ;
#5449 = DIRECTION ( 'NONE',  ( -1.000000000000000000, 0.0000000000000000000, 0.0000000000000000000 ) ) ;
#5450 =( BOUNDED_CURVE ( )  B_SPLINE_CURVE ( 2, ( #863, #4258, #2521, #2486, #3881, #2569, #3357, #2946, #2927 ),
 .UNSPECIFIED., .F., .T. ) 
 B_SPLINE_CURVE_WITH_KNOTS ( ( 3, 2, 2, 2, 3 ),
 ( 0.7500000000000000000, 0.7559523809523809300, 0.7619047619047618600, 0.7678571428571427900, 0.7738095238095237200 ),
 .UNSPECIFIED. ) 
 CURVE ( )  GEOMETRIC_REPRESENTATION_ITEM ( )  RATIONAL_B_SPLINE_CURVE ( ( 1.000000000000000000, 0.9238795325112867400, 1.000000000000000000, 0.9238795325112867400, 1.000000000000000000, 0.9238795325112867400, 1.000000000000000000, 0.9238795325112881800, 0.9999999999999985600 ) ) 
 REPRESENTATION_ITEM ( '' )  );
#5451 = CARTESIAN_POINT ( 'NONE',  ( -4.000000000000000000, -1.075442838594031600E-015, -14.28125000000002000 ) ) ;
#5452 = ORIENTED_EDGE ( 'NONE', *, *, #735, .F. ) ;
#5453 = VERTEX_POINT ( 'NONE', #1479 ) ;
#5454 = CIRCLE ( 'NONE', #3962, 4.833333333333333000 ) ;
#5455 = EDGE_CURVE ( 'NONE', #3792, #2584, #2813, .T. ) ;
#5456 = CARTESIAN_POINT ( 'NONE',  ( 1.656854249492416300, 3.999999999999985800, -4.828125000000039100 ) ) ;
#5457 = ORIENTED_EDGE ( 'NONE', *, *, #5524, .T. ) ;
#5458 = CARTESIAN_POINT ( 'NONE',  ( -3.188101183952054600, 1.320554748610717000, -3.890625000000040900 ) ) ;
#5459 = LOCAL_TIME ( 10, 59, 51.00000000000000000, #1685 ) ;
#5460 = CARTESIAN_POINT ( 'NONE',  ( 3.188101183952083900, -6.788941632725165100E-016, -5.531250000000036400 ) ) ;
#5461 = CARTESIAN_POINT ( 'NONE',  ( 0.7874938090657505100, -2.815533720748147700, 1.952044866385984400 ) ) ;
#5462 = VERTEX_POINT ( 'NONE', #5531 ) ;
#5463 = VERTEX_POINT ( 'NONE', #775 ) ;
#5464 = DIRECTION ( 'NONE',  ( -0.0000000000000000000, -0.0000000000000000000, -1.000000000000000000 ) ) ;
#5465 = CARTESIAN_POINT ( 'NONE',  ( 2.254327966281377100, -2.254327966281381100, -12.09375000000002300 ) ) ;
#5466 = FACE_OUTER_BOUND ( 'NONE', #3048, .T. ) ;
#5467 = CARTESIAN_POINT ( 'NONE',  ( 2.828427124746196100, 2.828427124746184100, -14.90625000000001400 ) ) ;
#5468 = CARTESIAN_POINT ( 'NONE',  ( 1.656854249492383200, 3.999999999999999100, 0.1718749999999498500 ) ) ;
#5469 = CARTESIAN_POINT ( 'NONE',  ( -3.188101183952083900, 2.971803142986850300E-016, -21.00000000000000000 ) ) ;
#5470 = CARTESIAN_POINT ( 'NONE',  ( -4.000000000000000000, 3.322457122771727800E-014, -6.781250000000037300 ) ) ;
#5471 = DIRECTION ( 'NONE',  ( -0.0000000000000000000, -0.0000000000000000000, -1.000000000000000000 ) ) ;
#5472 = CARTESIAN_POINT ( 'NONE',  ( 0.0000000000000000000, -3.188101183952084700, -20.87439881604791800 ) ) ;
#5473 = CARTESIAN_POINT ( 'NONE',  ( -1.656854249492392400, 3.999999999999994700, -7.171875000000032900 ) ) ;
#5474 = ORIENTED_EDGE ( 'NONE', *, *, #3236, .F. ) ;
#5475 = CARTESIAN_POINT ( 'NONE',  ( -1.320554748610681200, 3.188101183952081200, -2.640625000000042200 ) ) ;
#5476 = CARTESIAN_POINT ( 'NONE',  ( -3.904297910284806600E-016, -3.188101183952083900, 0.4062499999999483200 ) ) ;
#5477 = CARTESIAN_POINT ( 'NONE',  ( 1.175660927181459200E-014, 4.000000000000000000, -7.093750000000035500 ) ) ;
#5478 = FACE_OUTER_BOUND ( 'NONE', #303, .T. ) ;
#5479 = EDGE_LOOP ( 'NONE', ( #4056, #417, #1596, #3991, #5271, #333, #2463 ) ) ;
#5480 = CARTESIAN_POINT ( 'NONE',  ( 3.188101183952083900, -1.459753745329477600E-015, -19.28125000000000700 ) ) ;
#5481 = VERTEX_POINT ( 'NONE', #712 ) ;
#5482 = CARTESIAN_POINT ( 'NONE',  ( 3.999999999999999100, -1.656854249492382600, -0.1406250000000470200 ) ) ;
#5483 = DIRECTION ( 'NONE',  ( 1.000000000000000000, 0.0000000000000000000, 0.0000000000000000000 ) ) ;
#5484 = DIRECTION ( 'NONE',  ( -0.0000000000000000000, -0.0000000000000000000, 1.000000000000000000 ) ) ;
#5485 = CARTESIAN_POINT ( 'NONE',  ( 3.188101183952083900, -9.465537834313682300E-015, -15.68750000000001400 ) ) ;
#5486 = EDGE_CURVE ( 'NONE', #1604, #31, #3234, .T. ) ;
#5487 = CC_DESIGN_PERSON_AND_ORGANIZATION_ASSIGNMENT ( #3253, #3920, ( #802 ) ) ;
#5488 =( BOUNDED_CURVE ( )  B_SPLINE_CURVE ( 2, ( #1082, #3210, #3607, #4507, #3161, #5408, #194, #1930, #3179 ),
 .UNSPECIFIED., .F., .T. ) 
 B_SPLINE_CURVE_WITH_KNOTS ( ( 3, 2, 2, 2, 3 ),
 ( 0.7500000000000000000, 0.7559523809523809300, 0.7619047619047618600, 0.7678571428571427900, 0.7738095238095237200 ),
 .UNSPECIFIED. ) 
 CURVE ( )  GEOMETRIC_REPRESENTATION_ITEM ( )  RATIONAL_B_SPLINE_CURVE ( ( 1.000000000000000000, 0.9238795325112867400, 1.000000000000000000, 0.9238795325112867400, 1.000000000000000000, 0.9238795325112867400, 1.000000000000000000, 0.9238795325112881800, 0.9999999999999985600 ) ) 
 REPRESENTATION_ITEM ( '' )  );
#5489 = CARTESIAN_POINT ( 'NONE',  ( -1.320554748610664800, 3.188101183952087900, -12.79687500000002100 ) ) ;
#5490 = CARTESIAN_POINT ( 'NONE',  ( -1.320554748610688300, -3.188101183952078100, -10.92187500000002300 ) ) ;
#5491 = CARTESIAN_POINT ( 'NONE',  ( 5.998263823987151000E-032, 3.188101183952083900, -2.718750000000044000 ) ) ;
#5492 = ORIENTED_EDGE ( 'NONE', *, *, #2615, .T. ) ;
#5493 = EDGE_CURVE ( 'NONE', #1528, #1330, #3858, .T. ) ;
#5494 = DIRECTION ( 'NONE',  ( -0.0000000000000000000, 4.440451272847397000E-018, 1.000000000000000000 ) ) ;
#5496 = CARTESIAN_POINT ( 'NONE',  ( 1.320554748610677700, 3.188101183952083000, -19.04687500000000700 ) ) ;
#5495 = CARTESIAN_POINT ( 'NONE',  ( -4.735680169380813700, 0.9666666666666496900, 4.000000000000000000 ) ) ;
#5497 = CARTESIAN_POINT ( 'NONE',  ( -3.188101183952083900, 3.028215478597698500E-015, -7.562500000000032900 ) ) ;
#5498 = CARTESIAN_POINT ( 'NONE',  ( -1.656854249492381200, -4.000000000000000000, 2.046874999999948000 ) ) ;
#5499 = CARTESIAN_POINT ( 'NONE',  ( -4.000000000000002700, -1.656854249492375000, -11.85937500000002300 ) ) ;
#5500 = CARTESIAN_POINT ( 'NONE',  ( -2.828427124746195200, -2.828427124746185400, -16.78125000000001100 ) ) ;
#5501 = CARTESIAN_POINT ( 'NONE',  ( -4.000000000000013300, 1.656854249492369300, -19.35937500000000700 ) ) ;
#5502 = LINE ( 'NONE', #4455, #3644 ) ;
#5503 = CARTESIAN_POINT ( 'NONE',  ( -2.254327966281379300, -2.254327966281379300, -6.156250000000036400 ) ) ;
#5504 = ORIENTED_EDGE ( 'NONE', *, *, #5596, .T. ) ;
#5505 = CONICAL_SURFACE ( 'NONE', #5541, 3.999999999999998200, 0.7853981633974473900 ) ;
#5506 = CARTESIAN_POINT ( 'NONE',  ( -3.188101183952083900, 1.019654187844447800E-016, -1.156250000000046200 ) ) ;
#5507 = CARTESIAN_POINT ( 'NONE',  ( 2.828427124746182700, -2.828427124746197800, -3.812500000000041700 ) ) ;
#5508 = DIRECTION ( 'NONE',  ( 1.000000000000000000, 0.0000000000000000000, 0.0000000000000000000 ) ) ;
#5509 = VERTEX_POINT ( 'NONE', #268 ) ;
#5510 = DIRECTION ( 'NONE',  ( 0.0000000000000000000, -0.7071067811865469100, 0.7071067811865482400 ) ) ;
#5512 = CARTESIAN_POINT ( 'NONE',  ( 4.000000000000000000, -1.283205211040862200E-014, -13.81250000000001800 ) ) ;
#5511 = CARTESIAN_POINT ( 'NONE',  ( 3.188101183952080300, 1.320554748610677200, -15.45312500000001600 ) ) ;
#5513 = ORIENTED_EDGE ( 'NONE', *, *, #2222, .F. ) ;
#5514 = CIRCLE ( 'NONE', #2965, 4.782744419517952000 ) ;
#5515 = CARTESIAN_POINT ( 'NONE',  ( 5.998263823987151000E-032, 4.000000000000000000, -1.000000000000046000 ) ) ;
#5516 =( BOUNDED_CURVE ( )  B_SPLINE_CURVE ( 2, ( #3685, #1056, #713, #1132, #3770, #1184, #4205, #3735, #3310 ),
 .UNSPECIFIED., .F., .T. ) 
 B_SPLINE_CURVE_WITH_KNOTS ( ( 3, 2, 2, 2, 3 ),
 ( 0.5833333333333332600, 0.5892857142857141900, 0.5952380952380952300, 0.6011904761904762800, 0.6071428571428572100 ),
 .UNSPECIFIED. ) 
 CURVE ( )  GEOMETRIC_REPRESENTATION_ITEM ( )  RATIONAL_B_SPLINE_CURVE ( ( 1.000000000000001300, 0.9238795325112853000, 1.000000000000000000, 0.9238795325112867400, 1.000000000000000000, 0.9238795325112867400, 1.000000000000000000, 0.9238795325112853000, 1.000000000000001300 ) ) 
 REPRESENTATION_ITEM ( '' )  );
#5517 = EDGE_CURVE ( 'NONE', #3386, #5328, #2566, .T. ) ;
#5518 = CARTESIAN_POINT ( 'NONE',  ( 3.188101183952098100, -1.320554748610667000, -5.609375000000035500 ) ) ;
#5519 = CARTESIAN_POINT ( 'NONE',  ( -4.000000000000000000, 3.714344098498879600E-014, -1.781250000000046600 ) ) ;
#5520 = PLANE ( 'NONE',  #2213 ) ;
#5521 = ORIENTED_EDGE ( 'NONE', *, *, #1136, .F. ) ;
#5522 = VECTOR ( 'NONE', #101, 1000.000000000000000 ) ;
#5523 = ORIENTED_EDGE ( 'NONE', *, *, #3051, .T. ) ;
#5524 = EDGE_CURVE ( 'NONE', #3144, #1142, #3814, .T. ) ;
#5525 = CARTESIAN_POINT ( 'NONE',  ( 1.320554748610672600, 3.188101183952084300, -17.79687500000001100 ) ) ;
#5526 = CARTESIAN_POINT ( 'NONE',  ( 1.320554748610674100, -3.188101183952084700, -5.921875000000038200 ) ) ;
#5527 = VERTEX_POINT ( 'NONE', #1165 ) ;
#5528 = CARTESIAN_POINT ( 'NONE',  ( -0.9666666666666829900, 4.735680169380806600, 4.000000000000000000 ) ) ;
#5529 = CARTESIAN_POINT ( 'NONE',  ( -2.254327966281379300, -2.254327966281379300, 1.499999999999945800 ) ) ;
#5530 = CARTESIAN_POINT ( 'NONE',  ( -4.000000000000002700, 1.656854249492373700, -13.26562500000002000 ) ) ;
#5532 = CARTESIAN_POINT ( 'NONE',  ( 2.828427124746164500, -2.828427124746215600, -7.562500000000034600 ) ) ;
#5531 = CARTESIAN_POINT ( 'NONE',  ( -4.000000000000000000, 3.126513634908150300E-014, -9.281250000000030200 ) ) ;
#5533 = CARTESIAN_POINT ( 'NONE',  ( 2.828427124746191600, -2.828427124746189400, -18.96875000000000700 ) ) ;
#5534 = ORIENTED_EDGE ( 'NONE', *, *, #3376, .T. ) ;
#5535 = CARTESIAN_POINT ( 'NONE',  ( 1.656854249492379700, -4.000000000000000900, 4.703124999999939600 ) ) ;
#5536 = EDGE_CURVE ( 'NONE', #4900, #1194, #36, .T. ) ;
#5537 = VECTOR ( 'NONE', #2884, 999.9999999999998900 ) ;
#5538 = CARTESIAN_POINT ( 'NONE',  ( 4.000000000000000000, -1.675092186768015000E-014, -9.906250000000030200 ) ) ;
#5539 = ORIENTED_EDGE ( 'NONE', *, *, #1607, .F. ) ;
#5540 = VERTEX_POINT ( 'NONE', #2468 ) ;
#5541 = AXIS2_PLACEMENT_3D ( 'NONE', #985, #4883, #2714 ) ;
#5542 = CARTESIAN_POINT ( 'NONE',  ( -0.9501487722898468400, 4.687415225147672600, 3.811199603341277600 ) ) ;
#5543 = CARTESIAN_POINT ( 'NONE',  ( -1.320554748610674800, 3.188101183952083900, -4.046875000000040900 ) ) ;
#5544 = CARTESIAN_POINT ( 'NONE',  ( -2.254327966281387300, -2.254327966281370900, -7.250000000000033800 ) ) ;
#5545 = CARTESIAN_POINT ( 'NONE',  ( 3.188101183952083400, 1.320554748610675500, -1.703125000000044900 ) ) ;
#5546 = CARTESIAN_POINT ( 'NONE',  ( -1.952148955142403000E-015, -3.188101183952083900, -18.34375000000001100 ) ) ;
#5547 = CARTESIAN_POINT ( 'NONE',  ( -3.188101183952091900, 1.320554748610667200, -20.14062500000000700 ) ) ;
#5549 = CARTESIAN_POINT ( 'NONE',  ( -1.250164680451278300E-014, 3.188101183952083900, -5.375000000000039100 ) ) ;
#5548 = CARTESIAN_POINT ( 'NONE',  ( -2.351817038872189100E-014, -4.000000000000000000, -10.21875000000002800 ) ) ;
#5550 = CARTESIAN_POINT ( 'NONE',  ( -3.904297910284806600E-016, -3.188101183952083900, -19.59375000000000700 ) ) ;
#5551 = ORIENTED_EDGE ( 'NONE', *, *, #1875, .F. ) ;
#5552 = CARTESIAN_POINT ( 'NONE',  ( 3.188101183952083900, 1.320554748610675200, -1.859375000000045100 ) ) ;
#5553 = CARTESIAN_POINT ( 'NONE',  ( 0.0000000000000000000, -9.324947672979560100E-017, -21.00000000000000000 ) ) ;
#5554 = EDGE_CURVE ( 'NONE', #2903, #2403, #4378, .T. ) ;
#5555 =( GEOMETRIC_REPRESENTATION_CONTEXT ( 3 ) GLOBAL_UNCERTAINTY_ASSIGNED_CONTEXT ( ( #1573 ) ) GLOBAL_UNIT_ASSIGNED_CONTEXT ( ( #4678, #1705, #1646 ) ) REPRESENTATION_CONTEXT ( 'NONE', 'WORKASPACE' ) );
#5556 = CARTESIAN_POINT ( 'NONE',  ( -3.188101183952072300, 1.320554748610687900, -17.48437500000001400 ) ) ;
#5557 = CARTESIAN_POINT ( 'NONE',  ( -1.320554748610675200, -3.188101183952083900, -6.078125000000036400 ) ) ;
#5558 = EDGE_LOOP ( 'NONE', ( #1583, #1836, #3914, #2818 ) ) ;
#5559 = B_SPLINE_CURVE_WITH_KNOTS ( 'NONE', 3,
 ( #4387, #1313, #2751, #3619 ),
 .UNSPECIFIED., .F., .F.,
 ( 4, 4 ),
 ( 0.0000000000000000000, 0.0001955707939723183900 ),
 .UNSPECIFIED. ) ;
#5560 = ORIENTED_EDGE ( 'NONE', *, *, #2791, .F. ) ;
#5561 = PLANE ( 'NONE',  #3632 ) ;
#5562 = DIRECTION ( 'NONE',  ( 0.0000000000000000000, 0.0000000000000000000, 1.000000000000000000 ) ) ;
#5563 = CARTESIAN_POINT ( 'NONE',  ( 4.000000000000000000, 4.955146781549962200E-016, 15.31370849898476100 ) ) ;
#5564 = FACE_OUTER_BOUND ( 'NONE', #616, .T. ) ;
#5565 = CARTESIAN_POINT ( 'NONE',  ( -1.656854249492402300, -3.999999999999990700, -4.203125000000040000 ) ) ;
#5566 = CARTESIAN_POINT ( 'NONE',  ( -3.702206487940055400, -0.4007288550663305500, -20.34658076974934500 ) ) ;
#5567 = CARTESIAN_POINT ( 'NONE',  ( -4.000000000000000000, 1.656854249492381000, -10.60937500000002800 ) ) ;
#5568 = CARTESIAN_POINT ( 'NONE',  ( -2.828427124746198300, -2.828427124746181900, -11.62500000000002700 ) ) ;
#5569 = CARTESIAN_POINT ( 'NONE',  ( 5.998263823987151000E-032, 3.188101183952083900, -18.96875000000000700 ) ) ;
#5570 = DIRECTION ( 'NONE',  ( -1.000000000000000000, 0.0000000000000000000, 0.0000000000000000000 ) ) ;
#5571 = LINE ( 'NONE', #3481, #4393 ) ;
#5572 = CARTESIAN_POINT ( 'NONE',  ( -2.828427124746179200, 2.828427124746201400, -15.68750000000001800 ) ) ;
#5573 = ORIENTED_EDGE ( 'NONE', *, *, #1242, .F. ) ;
#5574 = CARTESIAN_POINT ( 'NONE',  ( 3.311677935195915800, 0.4456683731423778400, -20.73965565806701900 ) ) ;
#5575 = CARTESIAN_POINT ( 'NONE',  ( 4.000000000000000000, -1.185233467109074100E-014, -16.15625000000001400 ) ) ;
#5576 = CARTESIAN_POINT ( 'NONE',  ( -3.904297910284806600E-016, -3.188101183952083900, -2.250000000000043500 ) ) ;
#5577 = EDGE_LOOP ( 'NONE', ( #3511, #4739, #2172, #1277 ) ) ;
#5578 = DIRECTION ( 'NONE',  ( -0.0000000000000000000, -0.0000000000000000000, -1.000000000000000000 ) ) ;
#5579 = ORIENTED_EDGE ( 'NONE', *, *, #3456, .T. ) ;
#5580 = CONICAL_SURFACE ( 'NONE', #115, 4.833333333333332100, 0.2617993877991500700 ) ;
#5581 = VERTEX_POINT ( 'NONE', #2913 ) ;
#5582 = CARTESIAN_POINT ( 'NONE',  ( -2.828427124746201800, -2.828427124746178300, -4.281250000000038200 ) ) ;
#5583 =( BOUNDED_CURVE ( )  B_SPLINE_CURVE ( 2, ( #4204, #1661, #3752, #4662, #4646, #4256, #4694, #5547, #1614 ),
 .UNSPECIFIED., .F., .F. ) 
 B_SPLINE_CURVE_WITH_KNOTS ( ( 3, 2, 2, 2, 3 ),
 ( 0.03571428571428569100, 0.04166666666666666400, 0.04761904761904763000, 0.05357142857142860300, 0.05952380952380957600 ),
 .UNSPECIFIED. ) 
 CURVE ( )  GEOMETRIC_REPRESENTATION_ITEM ( )  RATIONAL_B_SPLINE_CURVE ( ( 1.000000000000000200, 0.9238795325112865200, 1.000000000000000000, 0.9238795325112867400, 1.000000000000000000, 0.9238795325112867400, 1.000000000000000000, 0.9238795325112860700, 1.000000000000000700 ) ) 
 REPRESENTATION_ITEM ( '' )  );
#5584 = CARTESIAN_POINT ( 'NONE',  ( -3.706987097041555000, 0.08473312320356365900, -20.36249023367251400 ) ) ;
#5585 = APPROVAL_DATE_TIME ( #1367, #4493 ) ;
#5586 = CARTESIAN_POINT ( 'NONE',  ( -1.656854249492381200, -4.000000000000000000, -9.046875000000033800 ) ) ;
#5587 = CARTESIAN_POINT ( 'NONE',  ( 2.580486245206426300, -0.8654053522353162300, 1.746670891014257900 ) ) ;
#5588 = CARTESIAN_POINT ( 'NONE',  ( 2.828427124746190700, 2.828427124746189400, 5.093749999999942300 ) ) ;
#5589 = ORIENTED_EDGE ( 'NONE', *, *, #1014, .T. ) ;
#5590 = EDGE_CURVE ( 'NONE', #2372, #3144, #1405, .T. ) ;
#5591 = VERTEX_POINT ( 'NONE', #4647 ) ;
#5592 = AXIS2_PLACEMENT_3D ( 'NONE', #3395, #1678, #2093 ) ;
#5593 = LINE ( 'NONE', #3346, #1516 ) ;
#5594 = CARTESIAN_POINT ( 'NONE',  ( -4.898587196589413800E-016, -4.000000000000000000, -7.718750000000034600 ) ) ;
#5595 = CARTESIAN_POINT ( 'NONE',  ( 2.585509434206475300, 2.209077062631727100, -20.66629686135457400 ) ) ;
#5596 = EDGE_CURVE ( 'NONE', #266, #3371, #5403, .T. ) ;
#5597 = CARTESIAN_POINT ( 'NONE',  ( 2.342578746170883500E-015, 3.188101183952083900, -17.71875000000000700 ) ) ;
#5598 = DIRECTION ( 'NONE',  ( 0.08715574274765836000, 0.0000000000000000000, -0.9961946980917455500 ) ) ;
#5599 = CARTESIAN_POINT ( 'NONE',  ( 3.188101183952083400, 1.320554748610675500, 2.046874999999944900 ) ) ;
#5600 = DIRECTION ( 'NONE',  ( -0.0000000000000000000, -0.0000000000000000000, 1.000000000000000000 ) ) ;
#5601 = ORIENTED_EDGE ( 'NONE', *, *, #3775, .T. ) ;
#5602 = CARTESIAN_POINT ( 'NONE',  ( -3.594580476822331500, 0.8044364733054597500, -20.38691860331645200 ) ) ;
#5603 = CARTESIAN_POINT ( 'NONE',  ( -1.656854249492380800, 4.000000000000000000, -10.76562500000003000 ) ) ;
#5604 = CARTESIAN_POINT ( 'NONE',  ( -3.188101183952083900, -9.522284963014628900E-017, -12.40625000000002100 ) ) ;
#5605 = CARTESIAN_POINT ( 'NONE',  ( -4.000000000000000000, 1.656854249492381000, 4.234374999999943200 ) ) ;
#5606 = CYLINDRICAL_SURFACE ( 'NONE', #4537, 4.000000000000000000 ) ;
#5607 = CARTESIAN_POINT ( 'NONE',  ( 2.939152317953647900E-015, 4.000000000000000000, -17.25000000000000700 ) ) ;
#5608 = ORIENTED_EDGE ( 'NONE', *, *, #1672, .F. ) ;
#5609 = CARTESIAN_POINT ( 'NONE',  ( -1.591112476001571400, -1.205043578414741700, 1.005636091156929100 ) ) ;
#5610 = CARTESIAN_POINT ( 'NONE',  ( -1.320554748610686800, -3.188101183952079000, -13.57812500000002100 ) ) ;
#5611 = FACE_OUTER_BOUND ( 'NONE', #204, .T. ) ;
#5612 = CARTESIAN_POINT ( 'NONE',  ( 5.998263823987151000E-032, 4.000000000000000000, -4.593750000000042600 ) ) ;
#5613 = ADVANCED_FACE ( 'NONE', ( #4336 ), #4982, .T. ) ;
#5614 = CARTESIAN_POINT ( 'NONE',  ( 5.998263823987149900E-032, 3.504707346706588600, -20.55779265329341100 ) ) ;
#5615 = CARTESIAN_POINT ( 'NONE',  ( -1.584469199161380600, -3.468308015996250500, -0.1928411324126928800 ) ) ;
#5616 = CARTESIAN_POINT ( 'NONE',  ( -1.320554748610674800, 3.188101183952083900, -17.79687500000001100 ) ) ;
#5617 =( BOUNDED_CURVE ( )  B_SPLINE_CURVE ( 2, ( #5497, #2814, #3278, #1108, #2860, #1122, #1525, #5035, #4597 ),
 .UNSPECIFIED., .F., .T. ) 
 B_SPLINE_CURVE_WITH_KNOTS ( ( 3, 2, 2, 2, 3 ),
 ( 0.5357142857142857000, 0.5416666666666666300, 0.5476190476190476700, 0.5535714285714286000, 0.5595238095238095300 ),
 .UNSPECIFIED. ) 
 CURVE ( )  GEOMETRIC_REPRESENTATION_ITEM ( )  RATIONAL_B_SPLINE_CURVE ( ( 1.000000000000000000, 0.9238795325112867400, 1.000000000000000000, 0.9238795325112867400, 1.000000000000000000, 0.9238795325112867400, 1.000000000000000000, 0.9238795325112867400, 1.000000000000000000 ) ) 
 REPRESENTATION_ITEM ( '' )  );
#5618 = CARTESIAN_POINT ( 'NONE',  ( 2.799386876208425500, -1.589453157297004100, -0.7985640354846477200 ) ) ;
#5619 = CARTESIAN_POINT ( 'NONE',  ( 3.188101183952083900, -6.788941632725165100E-016, 3.218749999999944000 ) ) ;
#5620 = CARTESIAN_POINT ( 'NONE',  ( 1.845986693422023700, 1.115738621203866500, 1.177419698532014000 ) ) ;
#5621 = CARTESIAN_POINT ( 'NONE',  ( -1.656854249492402300, -3.999999999999990700, -5.296875000000040900 ) ) ;
#5622 = EDGE_CURVE ( 'NONE', #2508, #2603, #1452, .T. ) ;
#5623 = CARTESIAN_POINT ( 'NONE',  ( -4.000000000000000000, 4.955146781549962200E-016, 0.0000000000000000000 ) ) ;
#5624 = CARTESIAN_POINT ( 'NONE',  ( -4.898587196589413800E-016, -4.000000000000000000, -10.21875000000002800 ) ) ;
#5625 = CARTESIAN_POINT ( 'NONE',  ( 1.656854249492345500, -4.000000000000014200, -1.546875000000044900 ) ) ;
#5626 = ORIENTED_EDGE ( 'NONE', *, *, #2833, .T. ) ;
#5627 = CARTESIAN_POINT ( 'NONE',  ( -2.254327966281379300, 2.254327966281379300, -17.56250000000000700 ) ) ;
#5628 = DIRECTION ( 'NONE',  ( -0.0000000000000000000, -0.0000000000000000000, -1.000000000000000000 ) ) ;
#5629 = CARTESIAN_POINT ( 'NONE',  ( 2.828427124746193800, 2.828427124746186300, -18.65625000000000700 ) ) ;
#5630 = CARTESIAN_POINT ( 'NONE',  ( -4.000000000000003600, 1.656854249492372800, -15.60937500000001600 ) ) ;
#5631 = EDGE_CURVE ( 'NONE', #199, #1094, #3392, .T. ) ;
#5632 = VECTOR ( 'NONE', #4586, 1000.000000000000000 ) ;
#5633 = CARTESIAN_POINT ( 'NONE',  ( -4.898587196589413800E-016, -4.000000000000000000, -3.968750000000041700 ) ) ;
#5634 = CARTESIAN_POINT ( 'NONE',  ( 2.852017831006466300, -1.582124611266636100, -20.82016070286658000 ) ) ;
#5635 = CARTESIAN_POINT ( 'NONE',  ( 0.0000000000000000000, -9.324947672979560100E-017, -21.00000000000000000 ) ) ;
#5636 = CARTESIAN_POINT ( 'NONE',  ( -3.188101183952083900, 1.019654187844447800E-016, -20.06250000000000400 ) ) ;
#5637 = CARTESIAN_POINT ( 'NONE',  ( -1.320554748610675200, -3.188101183952083900, 0.1718749999999498500 ) ) ;
#5638 = CARTESIAN_POINT ( 'NONE',  ( -3.188101183952075400, 1.320554748610695200, -8.734375000000030200 ) ) ;
#5639 = FACE_OUTER_BOUND ( 'NONE', #5322, .T. ) ;
#5640 = AXIS2_PLACEMENT_3D ( 'NONE', #2024, #1155, #2456 ) ;
#5641 = CARTESIAN_POINT ( 'NONE',  ( -2.828427124746201800, -2.828427124746178300, -5.375000000000039100 ) ) ;
#5643 = CARTESIAN_POINT ( 'NONE',  ( 4.735680169380820800, -0.9666666666666166000, 4.000000000000000000 ) ) ;
#5642 = DIRECTION ( 'NONE',  ( 0.0000000000000000000, 0.0000000000000000000, 1.000000000000000000 ) ) ;
#5644 = ORIENTED_EDGE ( 'NONE', *, *, #5622, .F. ) ;
#5645 = FACE_OUTER_BOUND ( 'NONE', #3543, .T. ) ;
#5646 = ADVANCED_FACE ( 'NONE', ( #1914 ), #625, .T. ) ;
#5647 = CARTESIAN_POINT ( 'NONE',  ( -4.000000000000000000, -1.656854249492380400, -11.70312500000002700 ) ) ;
#5648 = DIRECTION ( 'NONE',  ( -1.000000000000000000, -3.491481338843133400E-015, 0.0000000000000000000 ) ) ;
#5649 = CARTESIAN_POINT ( 'NONE',  ( 3.188101183952083900, -6.788941632725165100E-016, -14.28125000000001800 ) ) ;
#5650 = DIRECTION ( 'NONE',  ( -1.000000000000000000, 1.150648223154146700E-016, 0.0000000000000000000 ) ) ;
#5651 = ORIENTED_EDGE ( 'NONE', *, *, #2497, .T. ) ;
#5652 = ORIENTED_EDGE ( 'NONE', *, *, #2373, .F. ) ;
#5653 = VECTOR ( 'NONE', #5006, 1000.000000000000000 ) ;
#5654 = CARTESIAN_POINT ( 'NONE',  ( 5.998263823987151000E-032, 4.000000000000000000, -21.00000000000000000 ) ) ;
#5655 = CARTESIAN_POINT ( 'NONE',  ( 0.0000000000000000000, -9.324947672979560100E-017, -21.00000000000000000 ) ) ;
#5656 = CARTESIAN_POINT ( 'NONE',  ( 1.320554748610648400, -3.188101183952093600, -4.515625000000041700 ) ) ;
#5657 = CARTESIAN_POINT ( 'NONE',  ( -4.000000000000000000, -1.656854249492380400, -5.453125000000039100 ) ) ;
#5658 = CARTESIAN_POINT ( 'NONE',  ( -2.759892375908951300, -2.559233985914639600, -0.2421974951481381500 ) ) ;
#5659 = CARTESIAN_POINT ( 'NONE',  ( 3.188101183952083400, 1.320554748610675500, -16.85937500000001400 ) ) ;
#5660 = CARTESIAN_POINT ( 'NONE',  ( -1.320554748610674800, 3.188101183952083900, 2.203124999999944900 ) ) ;
#5661 = CARTESIAN_POINT ( 'NONE',  ( 2.254327966281379300, -2.254327966281379300, -16.93750000000001100 ) ) ;
#5662 = ORIENTED_EDGE ( 'NONE', *, *, #768, .T. ) ;
#5663 = CARTESIAN_POINT ( 'NONE',  ( 3.973163628904582200, -0.2405462888804089600, -20.08933637109542400 ) ) ;
#5664 = CARTESIAN_POINT ( 'NONE',  ( -4.000000000000000000, 3.126513634908150300E-014, -8.187500000000030200 ) ) ;
#5665 = CARTESIAN_POINT ( 'NONE',  ( 1.656854249492347300, -4.000000000000013300, -5.140625000000040900 ) ) ;
#5666 = CARTESIAN_POINT ( 'NONE',  ( -4.000000000000000000, 3.518400610635304000E-014, -3.187500000000040900 ) ) ;
#5667 = CARTESIAN_POINT ( 'NONE',  ( -4.898587196589413800E-016, -4.000000000000000000, -18.96875000000001100 ) ) ;
#5668 = DIRECTION ( 'NONE',  ( 1.000000000000000000, 0.0000000000000000000, -0.0000000000000000000 ) ) ;
#5669 = CARTESIAN_POINT ( 'NONE',  ( -1.320554748610675200, -3.188101183952083900, -17.17187500000001100 ) ) ;
#5670 = EDGE_CURVE ( 'NONE', #717, #3657, #2228, .T. ) ;
#5671 = CARTESIAN_POINT ( 'NONE',  ( 3.188101183952083900, -1.727413365488329300E-014, -3.031250000000044400 ) ) ;
#5672 = CARTESIAN_POINT ( 'NONE',  ( -2.828427124746189800, 2.828427124746190300, -19.59375000000000400 ) ) ;
#5673 = CARTESIAN_POINT ( 'NONE',  ( -3.999999999999985800, 1.656854249492398100, -16.85937500000001400 ) ) ;
ENDSEC;
END-ISO-10303-21;
