ISO-10303-21;
HEADER;
/* Generated by software containing ST-Developer
 * from STEP Tools, Inc. (www.steptools.com) 
 */
/* OPTION: using custom renumber hook */

FILE_DESCRIPTION(
/* description */ ('STEP AP242',
'CAx-IF Rec.Pracs.---Representation and Presentation of Product Manufa
cturing Information (PMI)---4.0---2014-10-13',
'CAx-IF Rec.Pracs.---3D Tessellated Geometry---0.4---2014-09-14','2;1'),

/* implementation_level */ '2;1');

FILE_NAME(
/* name */ '683424f1fe473b6e1abc223f',
/* time_stamp */ '2025-05-26T08:23:14Z',
/* author */ (''),
/* organization */ (''),
/* preprocessor_version */ 'ST-DEVELOPER v20',
/* originating_system */ 'ONSHAPE BY PTC INC, 1.198',
/* authorisation */ '  ');

FILE_SCHEMA (('AP242_MANAGED_MODEL_BASED_3D_ENGINEERING_MIM_LF { 1 0 10303 442 1 1 4 }'));
ENDSEC;

DATA;
#10=SHAPE_REPRESENTATION_RELATIONSHIP('','',#2183,#11);
#11=ADVANCED_BREP_SHAPE_REPRESENTATION('',(#2181),#5666);
#12=(
BOUNDED_SURFACE()
B_SPLINE_SURFACE(3,2,((#4504,#4505,#4506),(#4507,#4508,#4509),(#4510,#4511,
#4512),(#4513,#4514,#4515)),.UNSPECIFIED.,.F.,.F.,.F.)
B_SPLINE_SURFACE_WITH_KNOTS((4,4),(3,3),(5.85312641004261,5.88574359594256),
(0.,1.),.PIECEWISE_BEZIER_KNOTS.)
GEOMETRIC_REPRESENTATION_ITEM()
RATIONAL_B_SPLINE_SURFACE(((1.,0.756872672764396,1.),(1.,0.757112700066418,
1.),(1.,0.757344078487499,1.),(1.,0.757566708880008,1.)))
REPRESENTATION_ITEM('')
SURFACE()
);
#13=(
BOUNDED_SURFACE()
B_SPLINE_SURFACE(3,2,((#4533,#4534,#4535),(#4536,#4537,#4538),(#4539,#4540,
#4541),(#4542,#4543,#4544),(#4545,#4546,#4547)),.UNSPECIFIED.,.F.,.F.,.F.)
B_SPLINE_SURFACE_WITH_KNOTS((4,1,4),(3,3),(4.20670442924376E-17,0.00107394437255226,
0.00214788874510448),(0.,1.),.UNSPECIFIED.)
GEOMETRIC_REPRESENTATION_ITEM()
RATIONAL_B_SPLINE_SURFACE(((1.,0.984450839617382,1.),(1.,0.984450839170961,
1.),(1.,0.980537380931041,1.),(1.,0.970922266599831,1.),(1.,0.964847466236744,
1.)))
REPRESENTATION_ITEM('')
SURFACE()
);
#14=(
BOUNDED_SURFACE()
B_SPLINE_SURFACE(3,2,((#4552,#4553,#4554),(#4555,#4556,#4557),(#4558,#4559,
#4560),(#4561,#4562,#4563)),.UNSPECIFIED.,.F.,.F.,.F.)
B_SPLINE_SURFACE_WITH_KNOTS((4,4),(3,3),(3.89552238554863,4.71238898038469),
(0.,1.),.PIECEWISE_BEZIER_KNOTS.)
GEOMETRIC_REPRESENTATION_ITEM()
RATIONAL_B_SPLINE_SURFACE(((1.,0.657734455720732,1.),(1.,0.670831214982396,
1.),(1.,0.689309634726276,1.),(1.,0.707106781186547,1.)))
REPRESENTATION_ITEM('')
SURFACE()
);
#15=(
BOUNDED_SURFACE()
B_SPLINE_SURFACE(3,2,((#4573,#4574,#4575),(#4576,#4577,#4578),(#4579,#4580,
#4581),(#4582,#4583,#4584),(#4585,#4586,#4587)),.UNSPECIFIED.,.F.,.F.,.F.)
B_SPLINE_SURFACE_WITH_KNOTS((4,1,4),(3,3),(-6.50521303491303E-19,0.00195563243549774,
0.00391126487099549),(0.,0.461377571209416),.UNSPECIFIED.)
GEOMETRIC_REPRESENTATION_ITEM()
RATIONAL_B_SPLINE_SURFACE(((1.,0.864865638080141,0.85442720353932),(1.,
0.867069321372441,0.856801110033687),(1.,0.870830876876398,0.860853226356831),
(1.,0.872167379633048,0.862292967078575),(1.,0.872167379646807,0.862292967093397)))
REPRESENTATION_ITEM('')
SURFACE()
);
#16=(
BOUNDED_SURFACE()
B_SPLINE_SURFACE(3,2,((#4593,#4594,#4595),(#4596,#4597,#4598),(#4599,#4600,
#4601),(#4602,#4603,#4604)),.UNSPECIFIED.,.F.,.F.,.F.)
B_SPLINE_SURFACE_WITH_KNOTS((4,4),(3,3),(4.98732999343332E-18,0.00177282030095045),
(0.,1.),.PIECEWISE_BEZIER_KNOTS.)
GEOMETRIC_REPRESENTATION_ITEM()
RATIONAL_B_SPLINE_SURFACE(((1.,0.70710678118655,1.),(1.,0.682738000541678,
1.),(1.,0.682737987085735,1.),(1.,0.707106781186565,1.)))
REPRESENTATION_ITEM('')
SURFACE()
);
#17=(
BOUNDED_SURFACE()
B_SPLINE_SURFACE(3,2,((#5245,#5246,#5247),(#5248,#5249,#5250),(#5251,#5252,
#5253),(#5254,#5255,#5256),(#5257,#5258,#5259),(#5260,#5261,#5262),(#5263,
#5264,#5265),(#5266,#5267,#5268),(#5269,#5270,#5271),(#5272,#5273,#5274),
(#5275,#5276,#5277),(#5278,#5279,#5280),(#5281,#5282,#5283),(#5284,#5285,
#5286),(#5287,#5288,#5289)),.UNSPECIFIED.,.F.,.F.,.F.)
B_SPLINE_SURFACE_WITH_KNOTS((4,1,1,1,1,1,1,1,1,1,1,1,4),(3,3),(0.0511257063493056,
0.0521304644684054,0.0531352225875052,0.0551447388257048,0.0571542550639044,
0.0591637713021039,0.0631828037785031,0.0672018362549023,0.0712208687313015,
0.0752399012077007,0.0772494174459002,0.0792589336840998,0.083277966160499),
(0.,1.),.UNSPECIFIED.)
GEOMETRIC_REPRESENTATION_ITEM()
RATIONAL_B_SPLINE_SURFACE(((1.,0.710251439679691,1.),(1.,0.709341909075901,
1.),(1.,0.706120294458396,1.),(1.,0.703033975731686,1.),(1.,0.702909311941937,
1.),(1.,0.710089282875316,1.),(1.,0.728272009211566,1.),(1.,0.765567462372091,
1.),(1.,0.820462485261548,1.),(1.,0.875024505703614,1.),(1.,0.912760414272139,
1.),(1.,0.93091558523034,1.),(1.,0.938055097095253,1.),(1.,0.929076435908647,
1.),(1.,0.919186512322362,1.)))
REPRESENTATION_ITEM('')
SURFACE()
);
#18=(
BOUNDED_SURFACE()
B_SPLINE_SURFACE(3,2,((#5310,#5311,#5312),(#5313,#5314,#5315),(#5316,#5317,
#5318),(#5319,#5320,#5321),(#5322,#5323,#5324),(#5325,#5326,#5327),(#5328,
#5329,#5330),(#5331,#5332,#5333),(#5334,#5335,#5336),(#5337,#5338,#5339),
(#5340,#5341,#5342),(#5343,#5344,#5345),(#5346,#5347,#5348),(#5349,#5350,
#5351),(#5352,#5353,#5354),(#5355,#5356,#5357),(#5358,#5359,#5360),(#5361,
#5362,#5363)),.UNSPECIFIED.,.F.,.F.,.F.)
B_SPLINE_SURFACE_WITH_KNOTS((4,1,1,1,1,1,1,1,1,1,1,1,1,1,1,4),(3,3),(0.0422199485882133,
0.0425250092340309,0.0428300698798484,0.043135130525666,0.0434401911714836,
0.0440503124631188,0.044660433754754,0.0458806763380243,0.0471009189212947,
0.0495414040878354,0.0519818892543761,0.0544223744209169,0.0568628595874576,
0.0593033447539983,0.0605235873372686,0.061743829920539),(0.,1.),
 .UNSPECIFIED.)
GEOMETRIC_REPRESENTATION_ITEM()
RATIONAL_B_SPLINE_SURFACE(((1.,0.721531656912688,1.),(1.,0.726036739936363,
1.),(1.,0.734668312935724,1.),(1.,0.748388948471128,1.),(1.,0.754802710906624,
1.),(1.,0.765639909071989,1.),(1.,0.777963290885523,1.),(1.,0.797440161134167,
1.),(1.,0.820374514057293,1.),(1.,0.854674014253374,1.),(1.,0.892972106266904,
1.),(1.,0.930211308725035,1.),(1.,0.95738737544624,1.),(1.,0.968783068223212,
1.),(1.,0.959431193815215,1.),(1.,0.942748933376257,1.),(1.,0.934048561532064,
1.),(1.,0.929313364274472,1.)))
REPRESENTATION_ITEM('')
SURFACE()
);
#19=(
BOUNDED_SURFACE()
B_SPLINE_SURFACE(3,2,((#5379,#5380,#5381),(#5382,#5383,#5384),(#5385,#5386,
#5387),(#5388,#5389,#5390),(#5391,#5392,#5393),(#5394,#5395,#5396),(#5397,
#5398,#5399),(#5400,#5401,#5402),(#5403,#5404,#5405),(#5406,#5407,#5408),
(#5409,#5410,#5411),(#5412,#5413,#5414),(#5415,#5416,#5417),(#5418,#5419,
#5420)),.UNSPECIFIED.,.F.,.F.,.F.)
B_SPLINE_SURFACE_WITH_KNOTS((4,1,1,1,1,1,1,1,1,1,1,4),(3,3),(0.0470482193044341,
0.0477953516035202,0.0485424839026063,0.0500367485007785,0.0515310130989507,
0.0530252776971229,0.0560138068934672,0.0590023360898116,0.061990865286156,
0.0649793944825003,0.0679679236788447,0.0709564528751891),(0.,1.),
 .UNSPECIFIED.)
GEOMETRIC_REPRESENTATION_ITEM()
RATIONAL_B_SPLINE_SURFACE(((1.,0.709303450866402,1.),(1.,0.709984655266951,
1.),(1.,0.712675539697155,1.),(1.,0.718491711973117,1.),(1.,0.727706600510426,
1.),(1.,0.740941804052643,1.),(1.,0.761165436468114,1.),(1.,0.788528823739602,
1.),(1.,0.820228932700789,1.),(1.,0.843249212572283,1.),(1.,0.853311280883164,
1.),(1.,0.838618504375469,1.),(1.,0.826488229933329,1.),(1.,0.81781496973863,
1.)))
REPRESENTATION_ITEM('')
SURFACE()
);
#20=(
BOUNDED_SURFACE()
B_SPLINE_SURFACE(3,2,((#5426,#5427,#5428),(#5429,#5430,#5431),(#5432,#5433,
#5434),(#5435,#5436,#5437),(#5438,#5439,#5440),(#5441,#5442,#5443),(#5444,
#5445,#5446),(#5447,#5448,#5449),(#5450,#5451,#5452),(#5453,#5454,#5455),
(#5456,#5457,#5458),(#5459,#5460,#5461)),.UNSPECIFIED.,.F.,.F.,.F.)
B_SPLINE_SURFACE_WITH_KNOTS((4,1,1,1,1,1,1,1,1,4),(3,3),(0.0403500168327182,
0.0459010884838034,0.048676624309346,0.0514521601348886,0.0542276959604312,
0.0570032317859738,0.0597787676115164,0.0611665355242877,0.0618604194806734,
0.062554303437059),(0.,1.),.UNSPECIFIED.)
GEOMETRIC_REPRESENTATION_ITEM()
RATIONAL_B_SPLINE_SURFACE(((1.,0.827881756044006,1.),(1.,0.815519469854718,
1.),(1.,0.78923655474618,1.),(1.,0.754941768028861,1.),(1.,0.734797386358236,
1.),(1.,0.723916110618953,1.),(1.,0.725323564859075,1.),(1.,0.736523056494438,
1.),(1.,0.749872254426087,1.),(1.,0.75695737561747,1.),(1.,0.763989910106713,
1.),(1.,0.767147354048831,1.)))
REPRESENTATION_ITEM('')
SURFACE()
);
#21=(
BOUNDED_SURFACE()
B_SPLINE_SURFACE(3,2,((#5462,#5463,#5464),(#5465,#5466,#5467),(#5468,#5469,
#5470),(#5471,#5472,#5473),(#5474,#5475,#5476),(#5477,#5478,#5479),(#5480,
#5481,#5482),(#5483,#5484,#5485),(#5486,#5487,#5488),(#5489,#5490,#5491),
(#5492,#5493,#5494),(#5495,#5496,#5497)),.UNSPECIFIED.,.F.,.F.,.F.)
B_SPLINE_SURFACE_WITH_KNOTS((4,1,1,1,1,1,1,1,1,4),(3,3),(-4.36499794642664E-15,
0.00201123430222496,0.00301685145333963,0.00402246860445429,0.00502808575556895,
0.00603370290668362,0.00653651148224095,0.00703932005779828,0.00754212863335561,
0.00804493720891295),(0.,1.),.UNSPECIFIED.)
GEOMETRIC_REPRESENTATION_ITEM()
RATIONAL_B_SPLINE_SURFACE(((1.,0.9543696103496,1.),(1.,0.953571939449203,
1.),(1.,0.952649776057382,1.),(1.,0.953026350454996,1.),(1.,0.95482470420518,
1.),(1.,0.959500380260122,1.),(1.,0.968212796651705,1.),(1.,0.979203399286621,
1.),(1.,0.989405813950983,1.),(1.,0.998333869091026,1.),(1.,1.00000000054401,
1.),(1.,1.,1.)))
REPRESENTATION_ITEM('')
SURFACE()
);
#22=(
BOUNDED_SURFACE()
B_SPLINE_SURFACE(3,2,((#5499,#5500,#5501),(#5502,#5503,#5504),(#5505,#5506,
#5507),(#5508,#5509,#5510)),.UNSPECIFIED.,.F.,.F.,.F.)
B_SPLINE_SURFACE_WITH_KNOTS((4,4),(3,3),(1.73472347597681E-18,0.000975213326784846),
(0.,1.),.PIECEWISE_BEZIER_KNOTS.)
GEOMETRIC_REPRESENTATION_ITEM()
RATIONAL_B_SPLINE_SURFACE(((1.,0.954369610349614,1.),(1.,0.953871249961278,
1.),(1.,0.952631993867394,1.),(1.,0.950978076038919,1.)))
REPRESENTATION_ITEM('')
SURFACE()
);
#23=(
BOUNDED_SURFACE()
B_SPLINE_SURFACE(3,2,((#5512,#5513,#5514),(#5515,#5516,#5517),(#5518,#5519,
#5520),(#5521,#5522,#5523),(#5524,#5525,#5526),(#5527,#5528,#5529)),
 .UNSPECIFIED.,.F.,.F.,.F.)
B_SPLINE_SURFACE_WITH_KNOTS((4,1,1,4),(3,3),(-7.80625564189563E-18,0.00146778252383746,
0.00220167378575619,0.00293556504767493),(0.,1.),.UNSPECIFIED.)
GEOMETRIC_REPRESENTATION_ITEM()
RATIONAL_B_SPLINE_SURFACE(((1.,0.950978076038926,1.),(1.,0.950011721810274,
1.),(1.,0.948914438335737,1.),(1.,0.948159237881868,1.),(1.,0.948026046666084,
1.),(1.,0.948036035165634,1.)))
REPRESENTATION_ITEM('')
SURFACE()
);
#24=(
BOUNDED_SURFACE()
B_SPLINE_SURFACE(3,2,((#5531,#5532,#5533),(#5534,#5535,#5536),(#5537,#5538,
#5539),(#5540,#5541,#5542),(#5543,#5544,#5545),(#5546,#5547,#5548),(#5549,
#5550,#5551),(#5552,#5553,#5554),(#5555,#5556,#5557),(#5558,#5559,#5560),
(#5561,#5562,#5563),(#5564,#5565,#5566),(#5567,#5568,#5569),(#5570,#5571,
#5572),(#5573,#5574,#5575),(#5576,#5577,#5578),(#5579,#5580,#5581),(#5582,
#5583,#5584),(#5585,#5586,#5587)),.UNSPECIFIED.,.F.,.F.,.F.)
B_SPLINE_SURFACE_WITH_KNOTS((4,1,1,1,1,1,1,1,1,1,1,1,1,1,1,1,4),(3,3),(-1.99493199737333E-17,
0.00132668275140308,0.00199002412710463,0.00265336550280618,0.00398004825420928,
0.00530673100561238,0.00663341375701547,0.00729675513271703,0.00796009650841857,
0.00862343788412012,0.00928677925982167,0.00961844994767245,0.00995012063552322,
0.010281791323374,0.0104476266672994,0.0105305443392621,0.0106134620112248),
(0.,1.),.UNSPECIFIED.)
GEOMETRIC_REPRESENTATION_ITEM()
RATIONAL_B_SPLINE_SURFACE(((1.,0.948036035165633,1.),(1.,0.948054152777105,
1.),(1.,0.948330896295057,1.),(1.,0.949441689931848,1.),(1.,0.95089562578393,
1.),(1.,0.953672387135848,1.),(1.,0.958458887903453,1.),(1.,0.964584886243427,
1.),(1.,0.971355142299224,1.),(1.,0.9775903980868,1.),(1.,0.985180783285573,
1.),(1.,0.990540037558069,1.),(1.,0.993514822343682,1.),(1.,0.995213040125668,
1.),(1.,0.996240882272341,1.),(1.,0.996835903360459,1.),(1.,0.99710663857905,
1.),(1.,0.997293525449742,1.),(1.,0.997375666033025,1.)))
REPRESENTATION_ITEM('')
SURFACE()
);
#25=(
BOUNDED_SURFACE()
B_SPLINE_SURFACE(3,2,((#5592,#5593,#5594),(#5595,#5596,#5597),(#5598,#5599,
#5600),(#5601,#5602,#5603),(#5604,#5605,#5606),(#5607,#5608,#5609),(#5610,
#5611,#5612),(#5613,#5614,#5615)),.UNSPECIFIED.,.F.,.F.,.F.)
B_SPLINE_SURFACE_WITH_KNOTS((4,1,1,1,1,4),(3,3),(-3.68628738645072E-18,
0.000215952646750095,0.000431905293500194,0.000647857940250292,0.000755834263625342,
0.000863810587000391),(0.,1.),.UNSPECIFIED.)
GEOMETRIC_REPRESENTATION_ITEM()
RATIONAL_B_SPLINE_SURFACE(((1.,0.997172676661365,1.),(1.,0.997354359504587,
1.),(1.,0.997681314887502,1.),(1.,0.998081527987369,1.),(1.,0.998360519391972,
1.),(1.,0.998543344903487,1.),(1.,0.998646695925749,1.),(1.,0.998679228731142,
1.)))
REPRESENTATION_ITEM('')
SURFACE()
);
#26=TOROIDAL_SURFACE('',#2219,0.0157294196569489,0.004);
#27=TOROIDAL_SURFACE('',#2256,0.0157294196569489,0.004);
#28=TOROIDAL_SURFACE('',#2259,0.01925,0.0015);
#29=TOROIDAL_SURFACE('',#2262,0.0055,0.0015);
#30=TOROIDAL_SURFACE('',#2265,0.0055,0.0015);
#31=TOROIDAL_SURFACE('',#2272,0.003,0.001);
#32=TOROIDAL_SURFACE('',#2276,0.003,0.001);
#33=TOROIDAL_SURFACE('',#2280,0.0085,0.001);
#34=ELLIPSE('',#2199,0.00212132034355965,0.0015);
#35=ELLIPSE('',#2202,0.492097370224552,0.0197294196569489);
#36=ELLIPSE('',#2203,0.0201927638584916,0.0197294196569489);
#37=ELLIPSE('',#2210,0.0201927638584916,0.0197294196569489);
#38=ELLIPSE('',#2212,0.00665265209835848,0.0065);
#39=ELLIPSE('',#2247,0.00254384815186984,0.0025);
#40=ELLIPSE('',#2249,0.0192114034496147,0.019);
#41=ELLIPSE('',#2254,0.0069787340598749,0.001);
#42=ELLIPSE('',#2255,0.0177292984210844,0.0175);
#43=ELLIPSE('',#2258,0.0015719934541122,0.0015);
#44=ELLIPSE('',#2310,0.012,0.01);
#45=ELLIPSE('',#2312,0.012,0.01);
#46=ELLIPSE('',#2332,0.000707106781186548,0.0005);
#47=ELLIPSE('',#2333,0.000707106781186548,0.0005);
#48=ELLIPSE('',#2335,0.000707106781186548,0.0005);
#49=ELLIPSE('',#2337,0.000707106781186548,0.0005);
#50=B_SPLINE_SURFACE_WITH_KNOTS('',3,1,((#2909,#2910),(#2911,#2912),(#2913,
#2914),(#2915,#2916),(#2917,#2918),(#2919,#2920),(#2921,#2922),(#2923,#2924),
(#2925,#2926),(#2927,#2928),(#2929,#2930),(#2931,#2932),(#2933,#2934),(#2935,
#2936),(#2937,#2938),(#2939,#2940),(#2941,#2942),(#2943,#2944),(#2945,#2946),
(#2947,#2948),(#2949,#2950),(#2951,#2952),(#2953,#2954),(#2955,#2956),(#2957,
#2958),(#2959,#2960),(#2961,#2962),(#2963,#2964),(#2965,#2966),(#2967,#2968),
(#2969,#2970),(#2971,#2972),(#2973,#2974),(#2975,#2976),(#2977,#2978),(#2979,
#2980),(#2981,#2982),(#2983,#2984),(#2985,#2986),(#2987,#2988),(#2989,#2990),
(#2991,#2992)),.RULED_SURF.,.F.,.F.,.F.,(4,2,2,2,2,2,2,2,2,2,2,2,2,2,2,
2,2,2,2,2,4),(2,2),(0.,0.0625,0.125,0.15625,0.1875,0.25,0.3125,0.375,0.5,
0.5625,0.625,0.6875,0.75,0.78125,0.8125,0.84375,0.875,0.9375,0.96875,0.984375,
1.),(0.,1.),.UNSPECIFIED.);
#51=B_SPLINE_SURFACE_WITH_KNOTS('',3,3,((#3024,#3025,#3026,#3027,#3028),
(#3029,#3030,#3031,#3032,#3033),(#3034,#3035,#3036,#3037,#3038),(#3039,
#3040,#3041,#3042,#3043),(#3044,#3045,#3046,#3047,#3048),(#3049,#3050,#3051,
#3052,#3053),(#3054,#3055,#3056,#3057,#3058),(#3059,#3060,#3061,#3062,#3063),
(#3064,#3065,#3066,#3067,#3068),(#3069,#3070,#3071,#3072,#3073),(#3074,
#3075,#3076,#3077,#3078),(#3079,#3080,#3081,#3082,#3083),(#3084,#3085,#3086,
#3087,#3088),(#3089,#3090,#3091,#3092,#3093),(#3094,#3095,#3096,#3097,#3098),
(#3099,#3100,#3101,#3102,#3103),(#3104,#3105,#3106,#3107,#3108),(#3109,
#3110,#3111,#3112,#3113)),.UNSPECIFIED.,.F.,.F.,.F.,(4,1,1,1,1,1,1,1,1,
1,1,1,1,1,1,4),(4,1,4),(-0.0354618100722972,-0.01930893180559,-0.0112324926722364,
-0.00450212672777513,0.000882166027793927,0.00626645878336298,0.0156889711056088,
0.0345339957501005,0.0614554595279458,0.104529801572498,0.158372729128189,
0.244521413217294,0.352207268328675,0.524504636506885,0.696802004685094,
0.998322398996961),(-0.0239382086432778,0.495569350258576,1.01507690916043),
 .UNSPECIFIED.);
#52=B_SPLINE_SURFACE_WITH_KNOTS('',3,3,((#3154,#3155,#3156,#3157,#3158,
#3159,#3160,#3161,#3162,#3163,#3164,#3165,#3166,#3167,#3168),(#3169,#3170,
#3171,#3172,#3173,#3174,#3175,#3176,#3177,#3178,#3179,#3180,#3181,#3182,
#3183),(#3184,#3185,#3186,#3187,#3188,#3189,#3190,#3191,#3192,#3193,#3194,
#3195,#3196,#3197,#3198),(#3199,#3200,#3201,#3202,#3203,#3204,#3205,#3206,
#3207,#3208,#3209,#3210,#3211,#3212,#3213),(#3214,#3215,#3216,#3217,#3218,
#3219,#3220,#3221,#3222,#3223,#3224,#3225,#3226,#3227,#3228),(#3229,#3230,
#3231,#3232,#3233,#3234,#3235,#3236,#3237,#3238,#3239,#3240,#3241,#3242,
#3243),(#3244,#3245,#3246,#3247,#3248,#3249,#3250,#3251,#3252,#3253,#3254,
#3255,#3256,#3257,#3258),(#3259,#3260,#3261,#3262,#3263,#3264,#3265,#3266,
#3267,#3268,#3269,#3270,#3271,#3272,#3273),(#3274,#3275,#3276,#3277,#3278,
#3279,#3280,#3281,#3282,#3283,#3284,#3285,#3286,#3287,#3288),(#3289,#3290,
#3291,#3292,#3293,#3294,#3295,#3296,#3297,#3298,#3299,#3300,#3301,#3302,
#3303),(#3304,#3305,#3306,#3307,#3308,#3309,#3310,#3311,#3312,#3313,#3314,
#3315,#3316,#3317,#3318),(#3319,#3320,#3321,#3322,#3323,#3324,#3325,#3326,
#3327,#3328,#3329,#3330,#3331,#3332,#3333),(#3334,#3335,#3336,#3337,#3338,
#3339,#3340,#3341,#3342,#3343,#3344,#3345,#3346,#3347,#3348),(#3349,#3350,
#3351,#3352,#3353,#3354,#3355,#3356,#3357,#3358,#3359,#3360,#3361,#3362,
#3363),(#3364,#3365,#3366,#3367,#3368,#3369,#3370,#3371,#3372,#3373,#3374,
#3375,#3376,#3377,#3378),(#3379,#3380,#3381,#3382,#3383,#3384,#3385,#3386,
#3387,#3388,#3389,#3390,#3391,#3392,#3393),(#3394,#3395,#3396,#3397,#3398,
#3399,#3400,#3401,#3402,#3403,#3404,#3405,#3406,#3407,#3408),(#3409,#3410,
#3411,#3412,#3413,#3414,#3415,#3416,#3417,#3418,#3419,#3420,#3421,#3422,
#3423),(#3424,#3425,#3426,#3427,#3428,#3429,#3430,#3431,#3432,#3433,#3434,
#3435,#3436,#3437,#3438),(#3439,#3440,#3441,#3442,#3443,#3444,#3445,#3446,
#3447,#3448,#3449,#3450,#3451,#3452,#3453),(#3454,#3455,#3456,#3457,#3458,
#3459,#3460,#3461,#3462,#3463,#3464,#3465,#3466,#3467,#3468),(#3469,#3470,
#3471,#3472,#3473,#3474,#3475,#3476,#3477,#3478,#3479,#3480,#3481,#3482,
#3483),(#3484,#3485,#3486,#3487,#3488,#3489,#3490,#3491,#3492,#3493,#3494,
#3495,#3496,#3497,#3498),(#3499,#3500,#3501,#3502,#3503,#3504,#3505,#3506,
#3507,#3508,#3509,#3510,#3511,#3512,#3513),(#3514,#3515,#3516,#3517,#3518,
#3519,#3520,#3521,#3522,#3523,#3524,#3525,#3526,#3527,#3528),(#3529,#3530,
#3531,#3532,#3533,#3534,#3535,#3536,#3537,#3538,#3539,#3540,#3541,#3542,
#3543),(#3544,#3545,#3546,#3547,#3548,#3549,#3550,#3551,#3552,#3553,#3554,
#3555,#3556,#3557,#3558),(#3559,#3560,#3561,#3562,#3563,#3564,#3565,#3566,
#3567,#3568,#3569,#3570,#3571,#3572,#3573),(#3574,#3575,#3576,#3577,#3578,
#3579,#3580,#3581,#3582,#3583,#3584,#3585,#3586,#3587,#3588),(#3589,#3590,
#3591,#3592,#3593,#3594,#3595,#3596,#3597,#3598,#3599,#3600,#3601,#3602,
#3603),(#3604,#3605,#3606,#3607,#3608,#3609,#3610,#3611,#3612,#3613,#3614,
#3615,#3616,#3617,#3618),(#3619,#3620,#3621,#3622,#3623,#3624,#3625,#3626,
#3627,#3628,#3629,#3630,#3631,#3632,#3633),(#3634,#3635,#3636,#3637,#3638,
#3639,#3640,#3641,#3642,#3643,#3644,#3645,#3646,#3647,#3648)),
 .UNSPECIFIED.,.F.,.F.,.F.,(4,1,1,1,1,1,1,1,1,1,1,1,1,1,1,1,1,1,1,1,1,1,
1,1,1,1,1,1,1,1,4),(4,1,1,1,1,1,1,1,1,1,1,1,4),(0.,0.127848468505146,0.191772702757719,
0.255696937010293,0.319621171262866,0.383545405515439,0.436815600725917,
0.479431756894299,0.511393874020585,0.543355991146872,0.585972147315254,
0.639242342525732,0.703166576778305,0.767090811030878,0.820361006241355,
0.862977162409738,0.894939279536024,0.921574377141263,0.942882455225454,
0.958863513788597,0.972181062591217,0.982835101633312,0.989493876034622,
0.994155018115539,0.996818527876063,0.99848322147639,0.999814976356652,
1.00114673123691,1.00347730227737,1.00813844435829,1.02278774804117),(-0.00582941951718333,
0.0118999558055478,0.029629331128279,0.0549570101607521,0.0853502249997198,
0.125874511451677,0.176529869516623,0.257578442420537,0.358889158550429,
0.4804620179063,0.602034877262171,0.723607736618042,0.966753455329784),
 .UNSPECIFIED.);
#53=B_SPLINE_SURFACE_WITH_KNOTS('',3,1,((#3831,#3832),(#3833,#3834),(#3835,
#3836),(#3837,#3838),(#3839,#3840),(#3841,#3842),(#3843,#3844),(#3845,#3846),
(#3847,#3848),(#3849,#3850),(#3851,#3852),(#3853,#3854),(#3855,#3856),(#3857,
#3858),(#3859,#3860),(#3861,#3862),(#3863,#3864),(#3865,#3866)),
 .RULED_SURF.,.F.,.F.,.F.,(4,2,2,2,2,2,2,2,4),(2,2),(0.,0.25,0.5,0.5625,
0.625,0.75,0.8125,0.875,1.),(0.,1.),.UNSPECIFIED.);
#54=B_SPLINE_SURFACE_WITH_KNOTS('',3,1,((#3880,#3881),(#3882,#3883),(#3884,
#3885),(#3886,#3887),(#3888,#3889),(#3890,#3891),(#3892,#3893),(#3894,#3895),
(#3896,#3897),(#3898,#3899),(#3900,#3901),(#3902,#3903),(#3904,#3905),(#3906,
#3907),(#3908,#3909),(#3910,#3911),(#3912,#3913),(#3914,#3915),(#3916,#3917),
(#3918,#3919)),.RULED_SURF.,.F.,.F.,.F.,(4,2,2,2,2,2,2,2,2,4),(2,2),(0.,
0.126584384678811,0.243586258929324,0.360588120501082,0.477589996843376,
0.594591864537567,0.711593733653531,0.828595606434415,0.945596971022229,
1.),(0.,1.),.UNSPECIFIED.);
#55=B_SPLINE_SURFACE_WITH_KNOTS('',3,3,((#3932,#3933,#3934,#3935),(#3936,
#3937,#3938,#3939),(#3940,#3941,#3942,#3943),(#3944,#3945,#3946,#3947),
(#3948,#3949,#3950,#3951),(#3952,#3953,#3954,#3955)),.UNSPECIFIED.,.F.,
 .F.,.F.,(4,2,4),(4,4),(0.,0.5,1.),(0.,1.),.UNSPECIFIED.);
#56=B_SPLINE_SURFACE_WITH_KNOTS('',3,1,((#3964,#3965),(#3966,#3967),(#3968,
#3969),(#3970,#3971),(#3972,#3973),(#3974,#3975),(#3976,#3977),(#3978,#3979),
(#3980,#3981),(#3982,#3983),(#3984,#3985),(#3986,#3987)),.RULED_SURF.,.F.,
 .F.,.F.,(4,2,2,2,2,4),(2,2),(0.,0.125,0.25,0.5,0.75,1.),(0.,1.),
 .UNSPECIFIED.);
#57=B_SPLINE_SURFACE_WITH_KNOTS('',3,1,((#3996,#3997),(#3998,#3999),(#4000,
#4001),(#4002,#4003),(#4004,#4005),(#4006,#4007),(#4008,#4009),(#4010,#4011),
(#4012,#4013),(#4014,#4015)),.RULED_SURF.,.F.,.F.,.F.,(4,2,2,2,4),(2,2),
(0.,0.132819313668258,0.421879527263891,0.710938482541988,1.),(0.,1.),
 .UNSPECIFIED.);
#58=B_SPLINE_SURFACE_WITH_KNOTS('',3,1,((#4027,#4028),(#4029,#4030),(#4031,
#4032),(#4033,#4034),(#4035,#4036),(#4037,#4038),(#4039,#4040),(#4041,#4042),
(#4043,#4044),(#4045,#4046)),.RULED_SURF.,.F.,.F.,.F.,(4,2,2,2,4),(2,2),
(0.,0.265452761896811,0.554586169493003,0.843719559741132,1.),(0.,1.),
 .UNSPECIFIED.);
#59=B_SPLINE_SURFACE_WITH_KNOTS('',3,1,((#4052,#4053),(#4054,#4055),(#4056,
#4057),(#4058,#4059),(#4060,#4061),(#4062,#4063),(#4064,#4065),(#4066,#4067),
(#4068,#4069),(#4070,#4071)),.RULED_SURF.,.F.,.F.,.F.,(4,2,2,2,4),(2,2),
(0.,0.5,0.75,0.875,1.),(0.,1.),.UNSPECIFIED.);
#60=B_SPLINE_SURFACE_WITH_KNOTS('',3,1,((#4075,#4076),(#4077,#4078),(#4079,
#4080),(#4081,#4082)),.RULED_SURF.,.F.,.F.,.F.,(4,4),(2,2),(0.,1.),(0.,
1.),.PIECEWISE_BEZIER_KNOTS.);
#61=B_SPLINE_SURFACE_WITH_KNOTS('',3,1,((#4105,#4106),(#4107,#4108),(#4109,
#4110),(#4111,#4112),(#4113,#4114),(#4115,#4116)),.RULED_SURF.,.F.,.F.,
 .F.,(4,2,4),(2,2),(0.,0.5,1.),(0.180652207650866,1.),.UNSPECIFIED.);
#62=B_SPLINE_SURFACE_WITH_KNOTS('',3,1,((#4130,#4131),(#4132,#4133),(#4134,
#4135),(#4136,#4137),(#4138,#4139),(#4140,#4141),(#4142,#4143),(#4144,#4145)),
 .RULED_SURF.,.F.,.F.,.F.,(4,2,2,4),(2,2),(0.,0.25,0.5,1.),(0.,1.),
 .UNSPECIFIED.);
#63=B_SPLINE_SURFACE_WITH_KNOTS('',3,1,((#4156,#4157),(#4158,#4159),(#4160,
#4161),(#4162,#4163),(#4164,#4165),(#4166,#4167),(#4168,#4169),(#4170,#4171),
(#4172,#4173),(#4174,#4175),(#4176,#4177),(#4178,#4179),(#4180,#4181),(#4182,
#4183),(#4184,#4185),(#4186,#4187),(#4188,#4189),(#4190,#4191),(#4192,#4193),
(#4194,#4195),(#4196,#4197),(#4198,#4199),(#4200,#4201),(#4202,#4203),(#4204,
#4205),(#4206,#4207),(#4208,#4209),(#4210,#4211),(#4212,#4213),(#4214,#4215),
(#4216,#4217),(#4218,#4219)),.RULED_SURF.,.F.,.F.,.F.,(4,2,2,2,2,2,2,2,
2,2,2,2,2,2,2,4),(2,2),(0.,0.095318789699145,0.158947060489265,0.222575331279384,
0.286186071918866,0.350841490002121,0.416923785285349,0.484526631223418,
0.55073776151098,0.617640336851582,0.684454321571644,0.750391690560937,
0.814837664026843,0.877618759014809,0.938809379507405,1.),(0.,0.98491965030106),
 .UNSPECIFIED.);
#64=B_SPLINE_SURFACE_WITH_KNOTS('',3,1,((#4248,#4249),(#4250,#4251),(#4252,
#4253),(#4254,#4255)),.RULED_SURF.,.F.,.F.,.F.,(4,4),(2,2),(0.,1.),(0.,
1.),.PIECEWISE_BEZIER_KNOTS.);
#65=B_SPLINE_SURFACE_WITH_KNOTS('',3,1,((#4265,#4266),(#4267,#4268),(#4269,
#4270),(#4271,#4272)),.RULED_SURF.,.F.,.F.,.F.,(4,4),(2,2),(0.,1.),(0.,
1.),.PIECEWISE_BEZIER_KNOTS.);
#66=B_SPLINE_SURFACE_WITH_KNOTS('',3,1,((#4278,#4279),(#4280,#4281),(#4282,
#4283),(#4284,#4285)),.RULED_SURF.,.F.,.F.,.F.,(4,4),(2,2),(0.979544576651686,
1.),(0.,1.),.PIECEWISE_BEZIER_KNOTS.);
#67=B_SPLINE_SURFACE_WITH_KNOTS('',3,1,((#4292,#4293,#4294),(#4295,#4296,
#4297),(#4298,#4299,#4300),(#4301,#4302,#4303)),.RULED_SURF.,.F.,.F.,.F.,
(4,4),(2,1,2),(0.,1.),(-0.0344659260651992,0.,1.),
 .PIECEWISE_BEZIER_KNOTS.);
#68=B_SPLINE_SURFACE_WITH_KNOTS('',3,3,((#4328,#4329,#4330,#4331),(#4332,
#4333,#4334,#4335),(#4336,#4337,#4338,#4339),(#4340,#4341,#4342,#4343)),
 .UNSPECIFIED.,.F.,.F.,.F.,(4,4),(4,4),(0.,1.),(0.,1.),
 .PIECEWISE_BEZIER_KNOTS.);
#69=B_SPLINE_SURFACE_WITH_KNOTS('',3,1,((#4352,#4353),(#4354,#4355),(#4356,
#4357),(#4358,#4359)),.RULED_SURF.,.F.,.F.,.F.,(4,4),(2,2),(0.,1.),(0.,
1.),.PIECEWISE_BEZIER_KNOTS.);
#70=B_SPLINE_SURFACE_WITH_KNOTS('',3,3,((#4605,#4606,#4607,#4608),(#4609,
#4610,#4611,#4612),(#4613,#4614,#4615,#4616),(#4617,#4618,#4619,#4620),
(#4621,#4622,#4623,#4624),(#4625,#4626,#4627,#4628),(#4629,#4630,#4631,
#4632),(#4633,#4634,#4635,#4636),(#4637,#4638,#4639,#4640),(#4641,#4642,
#4643,#4644),(#4645,#4646,#4647,#4648),(#4649,#4650,#4651,#4652),(#4653,
#4654,#4655,#4656)),.UNSPECIFIED.,.F.,.F.,.F.,(4,1,1,1,1,1,1,1,1,1,4),(4,
4),(-0.0150370350982387,-0.00512172690621524,-0.00196685611784414,-0.000164072810203512,
0.00163871049743712,0.0038921896319879,0.00749775624726916,0.0120047145163707,
0.0192158477469332,0.0318353309004177,0.0714965636685115),(-0.0102053828337852,
0.980233482301269),.UNSPECIFIED.);
#71=B_SPLINE_SURFACE_WITH_KNOTS('',3,1,((#4668,#4669,#4670),(#4671,#4672,
#4673),(#4674,#4675,#4676),(#4677,#4678,#4679),(#4680,#4681,#4682),(#4683,
#4684,#4685),(#4686,#4687,#4688),(#4689,#4690,#4691),(#4692,#4693,#4694),
(#4695,#4696,#4697),(#4698,#4699,#4700),(#4701,#4702,#4703),(#4704,#4705,
#4706)),.RULED_SURF.,.F.,.F.,.F.,(4,2,2,2,3,4),(2,1,2),(0.,0.25,0.5,0.75,
1.,1.00713408007333),(0.,1.,1.00666297827498),.UNSPECIFIED.);
#72=B_SPLINE_SURFACE_WITH_KNOTS('',3,1,((#4744,#4745),(#4746,#4747),(#4748,
#4749),(#4750,#4751),(#4752,#4753),(#4754,#4755),(#4756,#4757),(#4758,#4759),
(#4760,#4761),(#4762,#4763),(#4764,#4765),(#4766,#4767),(#4768,#4769),(#4770,
#4771),(#4772,#4773),(#4774,#4775),(#4776,#4777),(#4778,#4779)),
 .RULED_SURF.,.F.,.F.,.F.,(4,2,2,2,2,2,2,2,4),(2,2),(0.,0.125,0.25,0.375,
0.5,0.625,0.75,0.875,1.),(0.,1.),.UNSPECIFIED.);
#73=B_SPLINE_SURFACE_WITH_KNOTS('',3,1,((#4781,#4782,#4783),(#4784,#4785,
#4786),(#4787,#4788,#4789),(#4790,#4791,#4792),(#4793,#4794,#4795),(#4796,
#4797,#4798),(#4799,#4800,#4801)),.RULED_SURF.,.F.,.F.,.F.,(4,3,4),(2,1,
2),(-0.0033474414857474,0.,0.0713800067498217),(0.,1.,1.03094966527386),
 .PIECEWISE_BEZIER_KNOTS.);
#74=B_SPLINE_SURFACE_WITH_KNOTS('',3,3,((#4810,#4811,#4812,#4813),(#4814,
#4815,#4816,#4817),(#4818,#4819,#4820,#4821),(#4822,#4823,#4824,#4825),
(#4826,#4827,#4828,#4829),(#4830,#4831,#4832,#4833),(#4834,#4835,#4836,
#4837),(#4838,#4839,#4840,#4841),(#4842,#4843,#4844,#4845),(#4846,#4847,
#4848,#4849),(#4850,#4851,#4852,#4853),(#4854,#4855,#4856,#4857),(#4858,
#4859,#4860,#4861),(#4862,#4863,#4864,#4865),(#4866,#4867,#4868,#4869),
(#4870,#4871,#4872,#4873),(#4874,#4875,#4876,#4877),(#4878,#4879,#4880,
#4881),(#4882,#4883,#4884,#4885),(#4886,#4887,#4888,#4889)),
 .UNSPECIFIED.,.F.,.F.,.F.,(4,2,2,2,2,2,2,2,2,4),(4,4),(0.,0.126313480852851,
0.189470221279276,0.252626961705701,0.378940442558552,0.505253923411403,
0.628940442558552,0.752626961705701,0.876313480852851,1.),(0.,0.982151645844147),
 .UNSPECIFIED.);
#75=B_SPLINE_SURFACE_WITH_KNOTS('',3,3,((#4928,#4929,#4930,#4931),(#4932,
#4933,#4934,#4935),(#4936,#4937,#4938,#4939),(#4940,#4941,#4942,#4943),
(#4944,#4945,#4946,#4947),(#4948,#4949,#4950,#4951),(#4952,#4953,#4954,
#4955),(#4956,#4957,#4958,#4959),(#4960,#4961,#4962,#4963),(#4964,#4965,
#4966,#4967),(#4968,#4969,#4970,#4971),(#4972,#4973,#4974,#4975),(#4976,
#4977,#4978,#4979),(#4980,#4981,#4982,#4983),(#4984,#4985,#4986,#4987),
(#4988,#4989,#4990,#4991),(#4992,#4993,#4994,#4995)),.UNSPECIFIED.,.F.,
 .F.,.F.,(4,1,1,1,1,1,1,1,1,1,1,1,1,1,4),(4,4),(0.,0.253665818568817,0.380498727853226,
0.507331637137635,0.634164546422043,0.739858637492384,0.824413910348656,
0.877260955883826,0.919538592311963,0.945962115079548,0.967100933293616,
0.980312694677408,0.990882103784442,0.998809160614718,1.01466327427527),
(-0.0299893747445963,1.01570279465698),.UNSPECIFIED.);
#76=B_SPLINE_SURFACE_WITH_KNOTS('',3,3,((#5001,#5002,#5003,#5004),(#5005,
#5006,#5007,#5008),(#5009,#5010,#5011,#5012),(#5013,#5014,#5015,#5016)),
 .UNSPECIFIED.,.F.,.F.,.F.,(4,4),(4,4),(0.984326198788703,1.00009348191577),
(-0.00589984688504712,0.989207661059574),.UNSPECIFIED.);
#77=B_SPLINE_SURFACE_WITH_KNOTS('',3,1,((#5108,#5109),(#5110,#5111),(#5112,
#5113),(#5114,#5115),(#5116,#5117),(#5118,#5119),(#5120,#5121),(#5122,#5123),
(#5124,#5125),(#5126,#5127),(#5128,#5129),(#5130,#5131),(#5132,#5133),(#5134,
#5135),(#5136,#5137),(#5138,#5139),(#5140,#5141),(#5142,#5143),(#5144,#5145)),
 .SURF_OF_LINEAR_EXTRUSION.,.T.,.F.,.F.,(1,1,1,1,1,1,1,1,1,1,1,1,1,1,1,
1,1,1,1,1,1,1,1),(2,2),(-1.17809724509617,-0.785398163397448,-0.392699081698725,
1.46957615897682E-16,0.392699081698724,0.785398163397448,1.17809724509617,
1.5707963267949,1.96349540849362,2.35619449019234,2.74889357189107,3.14159265358979,
3.53429173528852,3.92699081698724,4.31968989868597,4.71238898038469,5.10508806208341,
5.49778714378214,5.89048622548086,6.28318530717959,6.67588438887831,7.06858347057703,
7.46128255227576),(0.,1.),.UNSPECIFIED.);
#78=B_SPLINE_SURFACE_WITH_KNOTS('',3,1,((#5208,#5209),(#5210,#5211),(#5212,
#5213),(#5214,#5215),(#5216,#5217)),.SURF_OF_LINEAR_EXTRUSION.,.F.,.F.,
 .F.,(4,1,4),(2,2),(4.20430886055905,4.92779120902279,5.65127355748653),
(0.,1.),.UNSPECIFIED.);
#79=B_SPLINE_CURVE_WITH_KNOTS('',3,(#2877,#2878,#2879,#2880,#2881),
 .UNSPECIFIED.,.F.,.F.,(4,1,4),(0.,0.47301269006132,1.),.UNSPECIFIED.);
#80=B_SPLINE_CURVE_WITH_KNOTS('',3,(#2884,#2885,#2886,#2887),
 .UNSPECIFIED.,.F.,.F.,(4,4),(-5.99999999894997E-8,0.000154402398694039),
 .UNSPECIFIED.);
#81=B_SPLINE_CURVE_WITH_KNOTS('',3,(#2894,#2895,#2896,#2897,#2898,#2899,
#2900),.UNSPECIFIED.,.F.,.F.,(4,1,1,1,4),(0.00692846078569714,0.00856291473344453,
0.0101973686811919,0.0118318226289393,0.0134662765766867),.UNSPECIFIED.);
#82=B_SPLINE_CURVE_WITH_KNOTS('',3,(#2902,#2903,#2904,#2905,#2906),
 .UNSPECIFIED.,.F.,.F.,(4,1,4),(0.00208109435543429,0.00432663482691615,
0.006572175298398),.UNSPECIFIED.);
#83=B_SPLINE_CURVE_WITH_KNOTS('',3,(#2993,#2994,#2995,#2996),
 .UNSPECIFIED.,.F.,.F.,(4,4),(0.00622964285471897,0.0124628459575338),
 .UNSPECIFIED.);
#84=B_SPLINE_CURVE_WITH_KNOTS('',3,(#2998,#2999,#3000,#3001,#3002,#3003),
 .UNSPECIFIED.,.F.,.F.,(4,1,1,4),(0.,0.00213903078620789,0.00427806157241578,
0.00855612314483157),.UNSPECIFIED.);
#85=B_SPLINE_CURVE_WITH_KNOTS('',3,(#3011,#3012,#3013,#3014,#3015,#3016,
#3017,#3018,#3019,#3020,#3021,#3022,#3023),.UNSPECIFIED.,.F.,.F.,(4,1,1,
1,1,1,1,1,1,1,4),(0.00120399616218267,0.00419061039606566,0.00717722462994865,
0.0101638388638316,0.0131504530977146,0.0161370673315976,0.0176303744485391,
0.0191236815654806,0.0221102957993636,0.0236036029163051,0.0250969100332466),
 .UNSPECIFIED.);
#86=B_SPLINE_CURVE_WITH_KNOTS('',3,(#3114,#3115,#3116,#3117,#3118,#3119,
#3120,#3121,#3122,#3123),.UNSPECIFIED.,.F.,.F.,(4,1,1,1,1,1,1,4),(0.00013479707968968,
0.00115476988192951,0.00217474268416933,0.00319471548640916,0.00421468828864898,
0.00523466109088881,0.00625463389312863,0.00829457949760828),
 .UNSPECIFIED.);
#87=B_SPLINE_CURVE_WITH_KNOTS('',3,(#3126,#3127,#3128,#3129,#3130),
 .UNSPECIFIED.,.F.,.F.,(4,1,4),(0.0277270038681676,0.0345534000290044,0.0413797961898412),
 .UNSPECIFIED.);
#88=B_SPLINE_CURVE_WITH_KNOTS('',3,(#3132,#3133,#3134,#3135,#3136,#3137,
#3138),.UNSPECIFIED.,.F.,.F.,(4,1,1,1,4),(0.0221280427331337,0.0260125936245856,
0.0298971445160375,0.0337816954074894,0.0376662462989413),.UNSPECIFIED.);
#89=B_SPLINE_CURVE_WITH_KNOTS('',3,(#3140,#3141,#3142,#3143),
 .UNSPECIFIED.,.F.,.F.,(4,4),(8.67574721464019E-5,0.0170974699996616),
 .UNSPECIFIED.);
#90=B_SPLINE_CURVE_WITH_KNOTS('',3,(#3145,#3146,#3147,#3148),
 .UNSPECIFIED.,.F.,.F.,(4,4),(0.0176000801342398,0.0231657728889238),
 .UNSPECIFIED.);
#91=B_SPLINE_CURVE_WITH_KNOTS('',3,(#3150,#3151,#3152,#3153),
 .UNSPECIFIED.,.F.,.F.,(4,4),(0.0231657728889238,0.0270651520928729),
 .UNSPECIFIED.);
#92=B_SPLINE_CURVE_WITH_KNOTS('',3,(#3649,#3650,#3651,#3652),
 .UNSPECIFIED.,.F.,.F.,(4,4),(0.0049197349697957,0.00738042655785489),
 .UNSPECIFIED.);
#93=B_SPLINE_CURVE_WITH_KNOTS('',3,(#3653,#3654,#3655,#3656),
 .UNSPECIFIED.,.F.,.F.,(4,4),(0.0291187161138408,0.0383750175407787),
 .UNSPECIFIED.);
#94=B_SPLINE_CURVE_WITH_KNOTS('',3,(#3658,#3659,#3660,#3661,#3662),
 .UNSPECIFIED.,.F.,.F.,(4,1,4),(-3.43971903463448E-5,0.00383817336070987,
0.00771074391176609),.UNSPECIFIED.);
#95=B_SPLINE_CURVE_WITH_KNOTS('',3,(#3664,#3665,#3666,#3667,#3668,#3669,
#3670,#3671,#3672,#3673,#3674,#3675,#3676,#3677,#3678),.UNSPECIFIED.,.F.,
 .F.,(4,1,1,1,1,1,1,1,1,1,1,1,4),(0.,0.00245311791916201,0.00490623583832402,
0.00735935375748603,0.00981247167664804,0.0147187075149721,0.0196249433532961,
0.0245311791916201,0.0294374150299441,0.0318905329491061,0.0343436508682681,
0.0367967687874301,0.0392498867065922),.UNSPECIFIED.);
#96=B_SPLINE_CURVE_WITH_KNOTS('',3,(#3689,#3690,#3691,#3692),
 .UNSPECIFIED.,.F.,.F.,(4,4),(0.000845728882056905,0.0178637273146087),
 .UNSPECIFIED.);
#97=B_SPLINE_CURVE_WITH_KNOTS('',3,(#3694,#3695,#3696,#3697),
 .UNSPECIFIED.,.F.,.F.,(4,4),(0.,0.028387966194599),.UNSPECIFIED.);
#98=B_SPLINE_CURVE_WITH_KNOTS('',3,(#3705,#3706,#3707,#3708),
 .UNSPECIFIED.,.F.,.F.,(4,4),(2.83318501444402E-7,0.000198033394063499),
 .UNSPECIFIED.);
#99=B_SPLINE_CURVE_WITH_KNOTS('',3,(#3716,#3717,#3718,#3719),
 .UNSPECIFIED.,.F.,.F.,(4,4),(0.0109578193231883,0.0131120381250788),
 .UNSPECIFIED.);
#100=B_SPLINE_CURVE_WITH_KNOTS('',3,(#3725,#3726,#3727,#3728),
 .UNSPECIFIED.,.F.,.F.,(4,4),(0.,0.0170248324396635),.UNSPECIFIED.);
#101=B_SPLINE_CURVE_WITH_KNOTS('',3,(#3751,#3752,#3753,#3754,#3755),
 .UNSPECIFIED.,.F.,.F.,(4,1,4),(0.,0.00106195852042721,0.00212391704085441),
 .UNSPECIFIED.);
#102=B_SPLINE_CURVE_WITH_KNOTS('',3,(#3762,#3763,#3764,#3765),
 .UNSPECIFIED.,.F.,.F.,(4,4),(0.,0.0283533756642707),.UNSPECIFIED.);
#103=B_SPLINE_CURVE_WITH_KNOTS('',3,(#3767,#3768,#3769,#3770),
 .UNSPECIFIED.,.F.,.F.,(4,4),(0.000428018914535751,0.0171376788706542),
 .UNSPECIFIED.);
#104=B_SPLINE_CURVE_WITH_KNOTS('',3,(#3772,#3773,#3774,#3775),
 .UNSPECIFIED.,.F.,.F.,(4,4),(0.000106160931615019,0.000428018914535701),
 .UNSPECIFIED.);
#105=B_SPLINE_CURVE_WITH_KNOTS('',3,(#3811,#3812,#3813,#3814,#3815),
 .UNSPECIFIED.,.F.,.F.,(4,1,4),(0.,0.00193020150237968,0.00386040300475937),
 .UNSPECIFIED.);
#106=B_SPLINE_CURVE_WITH_KNOTS('',3,(#3826,#3827,#3828,#3829,#3830),
 .UNSPECIFIED.,.F.,.F.,(4,1,4),(0.0100702646915457,0.0168389497726362,0.0236076348537268),
 .UNSPECIFIED.);
#107=B_SPLINE_CURVE_WITH_KNOTS('',3,(#3867,#3868,#3869,#3870,#3871,#3872),
 .UNSPECIFIED.,.F.,.F.,(4,1,1,4),(0.0600486863037606,0.0639027448797663,
0.067756803455772,0.0754649206077833),.UNSPECIFIED.);
#108=B_SPLINE_CURVE_WITH_KNOTS('',3,(#3923,#3924,#3925,#3926,#3927),
 .UNSPECIFIED.,.F.,.F.,(4,1,4),(0.0334593200861405,0.300535960131511,0.567612600176882),
 .UNSPECIFIED.);
#109=B_SPLINE_CURVE_WITH_KNOTS('',3,(#3956,#3957,#3958,#3959),
 .UNSPECIFIED.,.F.,.F.,(4,4),(0.0754649206077833,0.0812234949934455),
 .UNSPECIFIED.);
#110=B_SPLINE_CURVE_WITH_KNOTS('',3,(#3991,#3992,#3993,#3994,#3995),
 .UNSPECIFIED.,.F.,.F.,(4,1,4),(0.0812234949934455,0.084102776556077,0.0869820581187086),
 .UNSPECIFIED.);
#111=B_SPLINE_CURVE_WITH_KNOTS('',3,(#4023,#4024,#4025,#4026),
 .UNSPECIFIED.,.F.,.F.,(4,4),(0.783806267344425,1.),.UNSPECIFIED.);
#112=B_SPLINE_CURVE_WITH_KNOTS('',3,(#4048,#4049,#4050,#4051),
 .UNSPECIFIED.,.F.,.F.,(4,4),(0.567612600176879,0.783806267344425),
 .UNSPECIFIED.);
#113=B_SPLINE_CURVE_WITH_KNOTS('',3,(#4083,#4084,#4085,#4086,#4087,#4088,
#4089,#4090),.UNSPECIFIED.,.F.,.F.,(4,1,1,1,1,4),(4.04250126835843E-16,
0.000633431712376339,0.00126686342475227,0.00253372684950415,0.00380059027425602,
0.00506745369900789),.UNSPECIFIED.);
#114=B_SPLINE_CURVE_WITH_KNOTS('',3,(#4094,#4095,#4096,#4097),
 .UNSPECIFIED.,.F.,.F.,(4,4),(3.86643060816677E-15,0.000279269283342954),
 .UNSPECIFIED.);
#115=B_SPLINE_CURVE_WITH_KNOTS('',3,(#4100,#4101,#4102,#4103,#4104),
 .UNSPECIFIED.,.F.,.F.,(4,1,4),(0.,0.47301269006132,1.),.UNSPECIFIED.);
#116=B_SPLINE_CURVE_WITH_KNOTS('',3,(#4117,#4118,#4119,#4120,#4121,#4122,
#4123),.UNSPECIFIED.,.F.,.F.,(4,1,1,1,4),(-5.99999999558626E-8,0.00434156920674039,
0.00868319841348074,0.0130248276202211,0.0173664568269614),
 .UNSPECIFIED.);
#117=B_SPLINE_CURVE_WITH_KNOTS('',3,(#4126,#4127,#4128,#4129),
 .UNSPECIFIED.,.F.,.F.,(4,4),(0.,0.000276154969973233),.UNSPECIFIED.);
#118=B_SPLINE_CURVE_WITH_KNOTS('',3,(#4146,#4147,#4148,#4149),
 .UNSPECIFIED.,.F.,.F.,(4,4),(0.,0.00877114010314809),.UNSPECIFIED.);
#119=B_SPLINE_CURVE_WITH_KNOTS('',3,(#4151,#4152,#4153,#4154),
 .UNSPECIFIED.,.F.,.F.,(4,4),(0.0041685869837267,0.0133244886210173),
 .UNSPECIFIED.);
#120=B_SPLINE_CURVE_WITH_KNOTS('',3,(#4220,#4221,#4222,#4223),
 .UNSPECIFIED.,.F.,.F.,(4,4),(1.67982151794268E-15,0.0044810833321452),
 .UNSPECIFIED.);
#121=B_SPLINE_CURVE_WITH_KNOTS('',3,(#4226,#4227,#4228,#4229,#4230,#4231,
#4232,#4233,#4234),.UNSPECIFIED.,.F.,.F.,(4,1,1,1,1,1,4),(0.,0.00484369976290971,
0.00968739952581942,0.0121092494072743,0.0145310992887291,0.016952949170184,
0.0193747990516388),.UNSPECIFIED.);
#122=B_SPLINE_CURVE_WITH_KNOTS('',3,(#4237,#4238,#4239,#4240,#4241,#4242,
#4243,#4244,#4245,#4246,#4247),.UNSPECIFIED.,.F.,.F.,(4,1,1,1,1,1,1,1,4),
(-2.63806754385966E-8,0.00309844605821281,0.00619691849710106,0.0092953909359893,
0.0123938633748776,0.0154923358137658,0.018590808252654,0.0216892806915423,
0.0247877531304305),.UNSPECIFIED.);
#123=B_SPLINE_CURVE_WITH_KNOTS('',3,(#4256,#4257,#4258,#4259),
 .UNSPECIFIED.,.F.,.F.,(4,4),(-6.00000000017548E-8,0.00159687369174832),
 .UNSPECIFIED.);
#124=B_SPLINE_CURVE_WITH_KNOTS('',3,(#4261,#4262,#4263,#4264),
 .UNSPECIFIED.,.F.,.F.,(4,4),(0.,0.000427547844088751),.UNSPECIFIED.);
#125=B_SPLINE_CURVE_WITH_KNOTS('',3,(#4273,#4274,#4275,#4276),
 .UNSPECIFIED.,.F.,.F.,(4,4),(0.0539877057864651,0.0554611864142512),
 .UNSPECIFIED.);
#126=B_SPLINE_CURVE_WITH_KNOTS('',3,(#4288,#4289,#4290,#4291),
 .UNSPECIFIED.,.F.,.F.,(4,4),(0.0126381840100846,0.0130999058286082),
 .UNSPECIFIED.);
#127=B_SPLINE_CURVE_WITH_KNOTS('',3,(#4307,#4308,#4309,#4310,#4311,#4312),
 .UNSPECIFIED.,.F.,.F.,(4,1,1,4),(0.,0.000142161363369059,0.000284322726738119,
0.000568645453476237),.UNSPECIFIED.);
#128=B_SPLINE_CURVE_WITH_KNOTS('',3,(#4314,#4315,#4316,#4317),
 .UNSPECIFIED.,.F.,.F.,(4,4),(0.,0.000321860647606206),.UNSPECIFIED.);
#129=B_SPLINE_CURVE_WITH_KNOTS('',3,(#4319,#4320,#4321,#4322),
 .UNSPECIFIED.,.F.,.F.,(4,4),(9.75781955236954E-19,7.61324204752852E-5),
 .UNSPECIFIED.);
#130=B_SPLINE_CURVE_WITH_KNOTS('',3,(#4324,#4325,#4326,#4327),
 .UNSPECIFIED.,.F.,.F.,(4,4),(0.,0.000923790793647149),.UNSPECIFIED.);
#131=B_SPLINE_CURVE_WITH_KNOTS('',3,(#4344,#4345,#4346,#4347),
 .UNSPECIFIED.,.F.,.F.,(4,4),(0.0597226339056726,0.0600486863037606),
 .UNSPECIFIED.);
#132=B_SPLINE_CURVE_WITH_KNOTS('',3,(#4360,#4361,#4362,#4363),
 .UNSPECIFIED.,.F.,.F.,(4,4),(0.0593965863308065,0.0597226339056725),
 .UNSPECIFIED.);
#133=B_SPLINE_CURVE_WITH_KNOTS('',3,(#4379,#4380,#4381,#4382),
 .UNSPECIFIED.,.F.,.F.,(4,4),(0.,0.00156425324394655),.UNSPECIFIED.);
#134=B_SPLINE_CURVE_WITH_KNOTS('',3,(#4415,#4416,#4417,#4418),
 .UNSPECIFIED.,.F.,.F.,(4,4),(0.00110568712585935,0.00478078607306044),
 .UNSPECIFIED.);
#135=B_SPLINE_CURVE_WITH_KNOTS('',3,(#4422,#4423,#4424,#4425,#4426),
 .UNSPECIFIED.,.F.,.F.,(4,1,4),(0.,0.00205670587323292,0.00411341174646584),
 .UNSPECIFIED.);
#136=B_SPLINE_CURVE_WITH_KNOTS('',3,(#4439,#4440,#4441,#4442),
 .UNSPECIFIED.,.F.,.F.,(4,4),(5.42101086242752E-20,0.000267790188262782),
 .UNSPECIFIED.);
#137=B_SPLINE_CURVE_WITH_KNOTS('',3,(#4444,#4445,#4446,#4447,#4448,#4449,
#4450,#4451,#4452,#4453,#4454,#4455,#4456,#4457,#4458),.UNSPECIFIED.,.F.,
 .F.,(4,1,1,1,1,1,1,1,1,1,1,1,4),(3.87413924977714E-6,0.000741491661578631,
0.00147910918390748,0.00295434422856519,0.0044295792732229,0.0059048143178806,
0.00738004936253831,0.00885528440719602,0.0118057544965114,0.0147562245858268,
0.0177066946751423,0.0206571647644577,0.0236076348537731),.UNSPECIFIED.);
#138=B_SPLINE_CURVE_WITH_KNOTS('',3,(#4460,#4461,#4462,#4463),
 .UNSPECIFIED.,.F.,.F.,(4,4),(0.0226053526822869,0.0226512311515361),
 .UNSPECIFIED.);
#139=B_SPLINE_CURVE_WITH_KNOTS('',3,(#4464,#4465,#4466,#4467,#4468),
 .UNSPECIFIED.,.F.,.F.,(4,1,4),(5.34097553868682E-15,0.000761755408259777,
0.00152351081651421),.UNSPECIFIED.);
#140=B_SPLINE_CURVE_WITH_KNOTS('',3,(#4470,#4471,#4472,#4473,#4474),
 .UNSPECIFIED.,.F.,.F.,(4,1,4),(-0.000897244826982489,-0.000115660099856382,
0.000665924627269725),.UNSPECIFIED.);
#141=B_SPLINE_CURVE_WITH_KNOTS('',3,(#4476,#4477,#4478,#4479,#4480),
 .UNSPECIFIED.,.F.,.F.,(4,1,4),(0.,0.000752454932149451,0.0015049098642989),
 .UNSPECIFIED.);
#142=B_SPLINE_CURVE_WITH_KNOTS('',3,(#4483,#4484,#4485,#4486,#4487,#4488,
#4489,#4490,#4491,#4492,#4493),.UNSPECIFIED.,.F.,.F.,(4,1,1,1,1,1,1,1,4),
(0.,0.25,0.375,0.4375,0.5,0.5625,0.625,0.75,1.),.UNSPECIFIED.);
#143=B_SPLINE_CURVE_WITH_KNOTS('',3,(#4495,#4496,#4497,#4498,#4499),
 .UNSPECIFIED.,.F.,.F.,(4,1,4),(0.,0.00117349357844012,0.00234698715688023),
 .UNSPECIFIED.);
#144=B_SPLINE_CURVE_WITH_KNOTS('',3,(#4500,#4501,#4502,#4503),
 .UNSPECIFIED.,.F.,.F.,(4,4),(0.,0.0017848367124038),.UNSPECIFIED.);
#145=B_SPLINE_CURVE_WITH_KNOTS('',3,(#4516,#4517,#4518,#4519,#4520),
 .UNSPECIFIED.,.F.,.F.,(4,1,4),(0.,0.00104387394850208,0.00208774789700416),
 .UNSPECIFIED.);
#146=B_SPLINE_CURVE_WITH_KNOTS('',3,(#4548,#4549,#4550,#4551),
 .UNSPECIFIED.,.F.,.F.,(4,4),(0.,0.000600941273941318),.UNSPECIFIED.);
#147=B_SPLINE_CURVE_WITH_KNOTS('',3,(#4657,#4658,#4659,#4660),
 .UNSPECIFIED.,.F.,.F.,(4,4),(0.0589150607695555,0.0606175250583925),
 .UNSPECIFIED.);
#148=B_SPLINE_CURVE_WITH_KNOTS('',3,(#4662,#4663,#4664,#4665),
 .UNSPECIFIED.,.F.,.F.,(4,4),(0.00773746411502682,0.00777177818382909),
 .UNSPECIFIED.);
#149=B_SPLINE_CURVE_WITH_KNOTS('',3,(#4710,#4711,#4712,#4713),
 .UNSPECIFIED.,.F.,.F.,(4,4),(0.,0.000205582605477273),.UNSPECIFIED.);
#150=B_SPLINE_CURVE_WITH_KNOTS('',3,(#4715,#4716,#4717,#4718),
 .UNSPECIFIED.,.F.,.F.,(4,4),(0.,2.24816978292842E-5),.UNSPECIFIED.);
#151=B_SPLINE_CURVE_WITH_KNOTS('',3,(#4720,#4721,#4722,#4723,#4724,#4725,
#4726,#4727,#4728,#4729,#4730),.UNSPECIFIED.,.F.,.F.,(4,1,1,1,1,1,1,1,4),
(-5.99999999959705E-8,0.00120066305302008,0.00240138610604016,0.00480283221208032,
0.00720427831812047,0.00960572442416063,0.0144086166362409,0.0168100627422811,
0.0192115088483212),.UNSPECIFIED.);
#152=B_SPLINE_CURVE_WITH_KNOTS('',3,(#4732,#4733,#4734,#4735),
 .UNSPECIFIED.,.F.,.F.,(4,4),(-6.00000000447228E-8,1.13806397696619E-5),
 .UNSPECIFIED.);
#153=B_SPLINE_CURVE_WITH_KNOTS('',3,(#4737,#4738,#4739,#4740),
 .UNSPECIFIED.,.F.,.F.,(4,4),(3.22793772023079E-17,8.39117209413076E-5),
 .UNSPECIFIED.);
#154=B_SPLINE_CURVE_WITH_KNOTS('',3,(#4802,#4803,#4804,#4805),
 .UNSPECIFIED.,.F.,.F.,(4,4),(0.,0.000829422322386455),.UNSPECIFIED.);
#155=B_SPLINE_CURVE_WITH_KNOTS('',3,(#4890,#4891,#4892,#4893),
 .UNSPECIFIED.,.F.,.F.,(4,4),(-5.99999999742349E-8,0.0018118083695073),
 .UNSPECIFIED.);
#156=B_SPLINE_CURVE_WITH_KNOTS('',3,(#4895,#4896,#4897,#4898,#4899,#4900,
#4901,#4902,#4903),.UNSPECIFIED.,.F.,.F.,(4,1,1,1,1,1,4),(0.,0.0022664141487505,
0.004532828297501,0.0067992424462515,0.009065656595002,0.013598484892503,
0.018131313190004),.UNSPECIFIED.);
#157=B_SPLINE_CURVE_WITH_KNOTS('',3,(#4905,#4906,#4907,#4908),
 .UNSPECIFIED.,.F.,.F.,(4,4),(0.,0.00360736773107456),.UNSPECIFIED.);
#158=B_SPLINE_CURVE_WITH_KNOTS('',3,(#4910,#4911,#4912,#4913),
 .UNSPECIFIED.,.F.,.F.,(4,4),(0.,0.00128005780771229),.UNSPECIFIED.);
#159=B_SPLINE_CURVE_WITH_KNOTS('',3,(#4915,#4916,#4917,#4918,#4919,#4920,
#4921,#4922),.UNSPECIFIED.,.F.,.F.,(4,1,1,1,1,4),(0.0023295907408889,0.00425833150445676,
0.00618707226802461,0.0100445537951603,0.013902035322296,0.0177595168494318),
 .UNSPECIFIED.);
#160=B_SPLINE_CURVE_WITH_KNOTS('',3,(#4997,#4998,#4999,#5000),
 .UNSPECIFIED.,.F.,.F.,(4,4),(-9.53871311260027E-5,0.0166248150767392),
 .UNSPECIFIED.);
#161=B_SPLINE_CURVE_WITH_KNOTS('',3,(#5040,#5041,#5042,#5043,#5044,#5045,
#5046,#5047,#5048,#5049,#5050),.UNSPECIFIED.,.T.,.F.,(1,1,1,1,1,1,1,1,1,
1,1,1,1,1,1),(-0.00475903648482249,-0.00317269098988166,-0.00158634549494083,
0.,0.00158634549494083,0.00317269098988166,0.00475903648482249,0.00634538197976332,
0.00793172747470416,0.00951807296964499,0.0111044184645858,0.0126907639595266,
0.0142771094544675,0.0158634549494083,0.0174498004443491),.UNSPECIFIED.);
#162=B_SPLINE_CURVE_WITH_KNOTS('',3,(#5052,#5053,#5054,#5055,#5056,#5057,
#5058,#5059,#5060,#5061,#5062),.UNSPECIFIED.,.T.,.F.,(1,1,1,1,1,1,1,1,1,
1,1,1,1,1,1),(-0.00475903648482248,-0.00317269098988165,-0.00158634549494083,
0.,0.00158634549494083,0.00317269098988165,0.00475903648482248,0.0063453819797633,
0.00793172747470413,0.00951807296964496,0.0111044184645858,0.0126907639595266,
0.0142771094544674,0.0158634549494083,0.0174498004443491),.UNSPECIFIED.);
#163=B_SPLINE_CURVE_WITH_KNOTS('',3,(#5064,#5065,#5066,#5067,#5068,#5069,
#5070,#5071,#5072,#5073,#5074),.UNSPECIFIED.,.T.,.F.,(1,1,1,1,1,1,1,1,1,
1,1,1,1,1,1),(-0.00475903648482249,-0.00317269098988166,-0.00158634549494083,
0.,0.00158634549494083,0.00317269098988166,0.00475903648482249,0.00634538197976332,
0.00793172747470415,0.00951807296964498,0.0111044184645858,0.0126907639595266,
0.0142771094544675,0.0158634549494083,0.0174498004443491),.UNSPECIFIED.);
#164=B_SPLINE_CURVE_WITH_KNOTS('',3,(#5146,#5147,#5148,#5149,#5150,#5151,
#5152,#5153,#5154),.UNSPECIFIED.,.F.,.F.,(4,1,1,1,1,1,4),(0.,0.0044024297530517,
0.0088048595061034,0.0110060743826293,0.0132072892591551,0.015408504135681,
0.0176097190122068),.UNSPECIFIED.);
#165=B_SPLINE_CURVE_WITH_KNOTS('',3,(#5157,#5158,#5159,#5160,#5161,#5162,
#5163,#5164),.UNSPECIFIED.,.F.,.F.,(4,1,1,1,1,4),(0.,0.00423206044339455,
0.0084641208867891,0.0126961813301837,0.0148122115518809,0.0169282417735782),
 .UNSPECIFIED.);
#166=B_SPLINE_CURVE_WITH_KNOTS('',3,(#5166,#5167,#5168,#5169,#5170,#5171,
#5172,#5173,#5174,#5175,#5176,#5177,#5178),.UNSPECIFIED.,.F.,.F.,(4,1,1,
1,1,1,1,1,1,1,4),(0.,0.00198766764597349,0.00397533529194698,0.00596300293792047,
0.00795067058389396,0.00993833822986746,0.0109321720528542,0.0119260058758409,
0.0129198396988277,0.0139136735218144,0.0159013411677879),.UNSPECIFIED.);
#167=B_SPLINE_CURVE_WITH_KNOTS('',3,(#5180,#5181,#5182,#5183,#5184,#5185,
#5186,#5187,#5188,#5189,#5190,#5191,#5192),.UNSPECIFIED.,.F.,.F.,(4,1,1,
1,1,1,1,1,1,1,4),(0.,0.00156198186297219,0.00312396372594439,0.00468594558891658,
0.00624792745188878,0.00937189117783316,0.0124958549037776,0.0156198186297219,
0.0187437823556663,0.0218677460816107,0.0249917098075551),.UNSPECIFIED.);
#168=B_SPLINE_CURVE_WITH_KNOTS('',3,(#5290,#5291,#5292,#5293,#5294,#5295,
#5296,#5297,#5298,#5299),.UNSPECIFIED.,.F.,.F.,(4,1,1,1,1,1,1,4),(0.,0.000602133103667276,
0.00120426620733455,0.00180639931100183,0.0024085324146691,0.00301066551833638,
0.00361279862200365,0.00481706482933821),.UNSPECIFIED.);
#169=B_SPLINE_CURVE_WITH_KNOTS('',3,(#5301,#5302,#5303,#5304),
 .UNSPECIFIED.,.F.,.F.,(4,4),(0.,0.000311128592397609),.UNSPECIFIED.);
#170=B_SPLINE_CURVE_WITH_KNOTS('',3,(#5305,#5306,#5307,#5308,#5309),
 .UNSPECIFIED.,.F.,.F.,(4,1,4),(0.,0.5,1.),.UNSPECIFIED.);
#171=B_SPLINE_CURVE_WITH_KNOTS('',3,(#5364,#5365,#5366,#5367,#5368,#5369,
#5370,#5371,#5372,#5373),.UNSPECIFIED.,.F.,.F.,(4,1,1,1,1,1,1,4),(1.42416465785485E-16,
0.00053885482862073,0.00107770965724132,0.00161656448586191,0.00215541931448249,
0.00269427414310308,0.00323312897172367,0.00431083862896484),
 .UNSPECIFIED.);
#172=B_SPLINE_CURVE_WITH_KNOTS('',3,(#5374,#5375,#5376,#5377,#5378),
 .UNSPECIFIED.,.F.,.F.,(4,1,4),(1.73472347597681E-18,0.00260985427525742,
0.00521970855051484),.UNSPECIFIED.);
#173=B_SPLINE_CURVE_WITH_KNOTS('',3,(#5421,#5422,#5423,#5424,#5425),
 .UNSPECIFIED.,.F.,.F.,(4,1,4),(0.,0.00220265504594041,0.00440531009188082),
 .UNSPECIFIED.);
#174=B_SPLINE_CURVE_WITH_KNOTS('',3,(#5588,#5589,#5590,#5591),
 .UNSPECIFIED.,.F.,.F.,(4,4),(0.,1.),.UNSPECIFIED.);
#175=CYLINDRICAL_SURFACE('',#2193,0.0734096389897568);
#176=CYLINDRICAL_SURFACE('',#2194,0.00475);
#177=CYLINDRICAL_SURFACE('',#2201,0.0197294196569489);
#178=CYLINDRICAL_SURFACE('',#2211,0.0065);
#179=CYLINDRICAL_SURFACE('',#2230,0.02075);
#180=CYLINDRICAL_SURFACE('',#2233,0.0075);
#181=CYLINDRICAL_SURFACE('',#2248,0.019);
#182=CYLINDRICAL_SURFACE('',#2257,0.0015);
#183=CYLINDRICAL_SURFACE('',#2260,0.0015);
#184=CYLINDRICAL_SURFACE('',#2267,0.001);
#185=CYLINDRICAL_SURFACE('',#2270,0.001);
#186=CYLINDRICAL_SURFACE('',#2274,0.001);
#187=CYLINDRICAL_SURFACE('',#2279,0.001);
#188=CYLINDRICAL_SURFACE('',#2296,0.0175);
#189=CYLINDRICAL_SURFACE('',#2299,0.0245);
#190=CYLINDRICAL_SURFACE('',#2301,0.024499999999997);
#191=CYLINDRICAL_SURFACE('',#2302,0.0225);
#192=CYLINDRICAL_SURFACE('',#2303,0.0225);
#193=CYLINDRICAL_SURFACE('',#2328,0.002);
#194=CYLINDRICAL_SURFACE('',#2329,0.002);
#195=CYLINDRICAL_SURFACE('',#2330,0.002);
#196=CYLINDRICAL_SURFACE('',#2331,0.0005);
#197=CYLINDRICAL_SURFACE('',#2334,0.0005);
#198=CYLINDRICAL_SURFACE('',#2336,0.0005);
#199=CYLINDRICAL_SURFACE('',#2338,0.0005);
#200=CYLINDRICAL_SURFACE('',#2339,0.001625);
#201=CYLINDRICAL_SURFACE('',#2342,0.001625);
#202=CYLINDRICAL_SURFACE('',#2347,0.001625);
#203=CYLINDRICAL_SURFACE('',#2348,0.0015);
#204=CYLINDRICAL_SURFACE('',#2351,0.0015);
#205=CYLINDRICAL_SURFACE('',#2354,0.0015);
#206=CIRCLE('',#2187,0.001625);
#207=CIRCLE('',#2188,0.001625);
#208=CIRCLE('',#2189,0.001625);
#209=CIRCLE('',#2190,0.0175);
#210=CIRCLE('',#2191,0.024499999999997);
#211=CIRCLE('',#2192,0.0245);
#212=CIRCLE('',#2195,0.00475);
#213=CIRCLE('',#2196,0.00475);
#214=CIRCLE('',#2197,0.0177294196569489);
#215=CIRCLE('',#2204,0.0197294196569489);
#216=CIRCLE('',#2205,0.0197294196569489);
#217=CIRCLE('',#2206,0.0197294196569489);
#218=CIRCLE('',#2207,0.0197294196569489);
#219=CIRCLE('',#2208,0.0197294196569471);
#220=CIRCLE('',#2209,0.0197294196569489);
#221=CIRCLE('',#2213,0.0065);
#222=CIRCLE('',#2214,0.0065);
#223=CIRCLE('',#2215,0.0065);
#224=CIRCLE('',#2217,0.0055);
#225=CIRCLE('',#2218,0.0055);
#226=CIRCLE('',#2220,0.01875);
#227=CIRCLE('',#2221,0.02075);
#228=CIRCLE('',#2222,0.01875);
#229=CIRCLE('',#2223,0.02075);
#230=CIRCLE('',#2224,0.0177294196569488);
#231=CIRCLE('',#2225,0.0177294196569489);
#232=CIRCLE('',#2226,0.021);
#233=CIRCLE('',#2227,0.02075);
#234=CIRCLE('',#2228,0.0187499999999973);
#235=CIRCLE('',#2229,0.0170000000011899);
#236=CIRCLE('',#2231,0.02075);
#237=CIRCLE('',#2234,0.0075);
#238=CIRCLE('',#2235,0.0075);
#239=CIRCLE('',#2237,0.01925);
#240=CIRCLE('',#2238,0.0085);
#241=CIRCLE('',#2239,0.01925);
#242=CIRCLE('',#2240,0.003);
#243=CIRCLE('',#2241,0.003);
#244=CIRCLE('',#2243,0.0015);
#245=CIRCLE('',#2244,0.0015);
#246=CIRCLE('',#2245,0.0015);
#247=CIRCLE('',#2251,0.0055);
#248=CIRCLE('',#2252,0.0157294196569489);
#249=CIRCLE('',#2261,0.0015);
#250=CIRCLE('',#2263,0.004);
#251=CIRCLE('',#2264,0.0015);
#252=CIRCLE('',#2266,0.004);
#253=CIRCLE('',#2268,0.001);
#254=CIRCLE('',#2269,0.001);
#255=CIRCLE('',#2271,0.001);
#256=CIRCLE('',#2273,0.001);
#257=CIRCLE('',#2275,0.001);
#258=CIRCLE('',#2277,0.001);
#259=CIRCLE('',#2278,0.001);
#260=CIRCLE('',#2281,0.001);
#261=CIRCLE('',#2282,0.001);
#262=CIRCLE('',#2283,0.0225);
#263=CIRCLE('',#2284,0.0225);
#264=CIRCLE('',#2285,0.0225);
#265=CIRCLE('',#2286,0.0175);
#266=CIRCLE('',#2288,0.0225);
#267=CIRCLE('',#2289,0.0245);
#268=CIRCLE('',#2291,0.0225);
#269=CIRCLE('',#2292,0.024499999999997);
#270=CIRCLE('',#2321,0.008);
#271=CIRCLE('',#2322,0.008);
#272=CIRCLE('',#2323,0.008);
#273=CIRCLE('',#2325,0.002);
#274=CIRCLE('',#2326,0.002);
#275=CIRCLE('',#2327,0.002);
#276=CIRCLE('',#2340,0.001625);
#277=CIRCLE('',#2343,0.001625);
#278=CIRCLE('',#2346,0.001625);
#279=CIRCLE('',#2349,0.0015);
#280=CIRCLE('',#2352,0.0015);
#281=CIRCLE('',#2355,0.0015);
#282=ORIENTED_EDGE('',*,*,#918,.F.);
#283=ORIENTED_EDGE('',*,*,#919,.F.);
#284=ORIENTED_EDGE('',*,*,#920,.F.);
#285=ORIENTED_EDGE('',*,*,#921,.T.);
#286=ORIENTED_EDGE('',*,*,#922,.F.);
#287=ORIENTED_EDGE('',*,*,#923,.F.);
#288=ORIENTED_EDGE('',*,*,#924,.F.);
#289=ORIENTED_EDGE('',*,*,#925,.T.);
#290=ORIENTED_EDGE('',*,*,#926,.F.);
#291=ORIENTED_EDGE('',*,*,#927,.F.);
#292=ORIENTED_EDGE('',*,*,#928,.T.);
#293=ORIENTED_EDGE('',*,*,#929,.T.);
#294=ORIENTED_EDGE('',*,*,#930,.F.);
#295=ORIENTED_EDGE('',*,*,#931,.T.);
#296=ORIENTED_EDGE('',*,*,#932,.T.);
#297=ORIENTED_EDGE('',*,*,#933,.F.);
#298=ORIENTED_EDGE('',*,*,#934,.F.);
#299=ORIENTED_EDGE('',*,*,#935,.F.);
#300=ORIENTED_EDGE('',*,*,#936,.F.);
#301=ORIENTED_EDGE('',*,*,#937,.T.);
#302=ORIENTED_EDGE('',*,*,#938,.T.);
#303=ORIENTED_EDGE('',*,*,#939,.T.);
#304=ORIENTED_EDGE('',*,*,#940,.F.);
#305=ORIENTED_EDGE('',*,*,#941,.F.);
#306=ORIENTED_EDGE('',*,*,#942,.T.);
#307=ORIENTED_EDGE('',*,*,#943,.F.);
#308=ORIENTED_EDGE('',*,*,#944,.T.);
#309=ORIENTED_EDGE('',*,*,#942,.F.);
#310=ORIENTED_EDGE('',*,*,#945,.T.);
#311=ORIENTED_EDGE('',*,*,#946,.F.);
#312=ORIENTED_EDGE('',*,*,#947,.T.);
#313=ORIENTED_EDGE('',*,*,#948,.T.);
#314=ORIENTED_EDGE('',*,*,#949,.T.);
#315=ORIENTED_EDGE('',*,*,#950,.F.);
#316=ORIENTED_EDGE('',*,*,#951,.F.);
#317=ORIENTED_EDGE('',*,*,#952,.F.);
#318=ORIENTED_EDGE('',*,*,#953,.F.);
#319=ORIENTED_EDGE('',*,*,#954,.T.);
#320=ORIENTED_EDGE('',*,*,#955,.T.);
#321=ORIENTED_EDGE('',*,*,#956,.F.);
#322=ORIENTED_EDGE('',*,*,#957,.F.);
#323=ORIENTED_EDGE('',*,*,#943,.T.);
#324=ORIENTED_EDGE('',*,*,#950,.T.);
#325=ORIENTED_EDGE('',*,*,#958,.F.);
#326=ORIENTED_EDGE('',*,*,#959,.F.);
#327=ORIENTED_EDGE('',*,*,#960,.F.);
#328=ORIENTED_EDGE('',*,*,#961,.T.);
#329=ORIENTED_EDGE('',*,*,#952,.T.);
#330=ORIENTED_EDGE('',*,*,#962,.F.);
#331=ORIENTED_EDGE('',*,*,#963,.F.);
#332=ORIENTED_EDGE('',*,*,#964,.T.);
#333=ORIENTED_EDGE('',*,*,#929,.F.);
#334=ORIENTED_EDGE('',*,*,#965,.F.);
#335=ORIENTED_EDGE('',*,*,#966,.F.);
#336=ORIENTED_EDGE('',*,*,#967,.T.);
#337=ORIENTED_EDGE('',*,*,#968,.F.);
#338=ORIENTED_EDGE('',*,*,#969,.T.);
#339=ORIENTED_EDGE('',*,*,#970,.T.);
#340=ORIENTED_EDGE('',*,*,#971,.T.);
#341=ORIENTED_EDGE('',*,*,#972,.T.);
#342=ORIENTED_EDGE('',*,*,#973,.F.);
#343=ORIENTED_EDGE('',*,*,#974,.F.);
#344=ORIENTED_EDGE('',*,*,#975,.T.);
#345=ORIENTED_EDGE('',*,*,#976,.F.);
#346=ORIENTED_EDGE('',*,*,#977,.F.);
#347=ORIENTED_EDGE('',*,*,#978,.T.);
#348=ORIENTED_EDGE('',*,*,#979,.T.);
#349=ORIENTED_EDGE('',*,*,#980,.F.);
#350=ORIENTED_EDGE('',*,*,#981,.T.);
#351=ORIENTED_EDGE('',*,*,#933,.T.);
#352=ORIENTED_EDGE('',*,*,#982,.F.);
#353=ORIENTED_EDGE('',*,*,#983,.T.);
#354=ORIENTED_EDGE('',*,*,#937,.F.);
#355=ORIENTED_EDGE('',*,*,#984,.F.);
#356=ORIENTED_EDGE('',*,*,#985,.T.);
#357=ORIENTED_EDGE('',*,*,#986,.F.);
#358=ORIENTED_EDGE('',*,*,#987,.T.);
#359=ORIENTED_EDGE('',*,*,#988,.F.);
#360=ORIENTED_EDGE('',*,*,#989,.F.);
#361=ORIENTED_EDGE('',*,*,#990,.T.);
#362=ORIENTED_EDGE('',*,*,#991,.F.);
#363=ORIENTED_EDGE('',*,*,#992,.F.);
#364=ORIENTED_EDGE('',*,*,#969,.F.);
#365=ORIENTED_EDGE('',*,*,#993,.F.);
#366=ORIENTED_EDGE('',*,*,#994,.T.);
#367=ORIENTED_EDGE('',*,*,#995,.F.);
#368=ORIENTED_EDGE('',*,*,#996,.F.);
#369=ORIENTED_EDGE('',*,*,#997,.T.);
#370=ORIENTED_EDGE('',*,*,#927,.T.);
#371=ORIENTED_EDGE('',*,*,#998,.F.);
#372=ORIENTED_EDGE('',*,*,#999,.F.);
#373=ORIENTED_EDGE('',*,*,#919,.T.);
#374=ORIENTED_EDGE('',*,*,#1000,.F.);
#375=ORIENTED_EDGE('',*,*,#1001,.T.);
#376=ORIENTED_EDGE('',*,*,#1002,.T.);
#377=ORIENTED_EDGE('',*,*,#1003,.T.);
#378=ORIENTED_EDGE('',*,*,#1004,.T.);
#379=ORIENTED_EDGE('',*,*,#1005,.F.);
#380=ORIENTED_EDGE('',*,*,#1006,.F.);
#381=ORIENTED_EDGE('',*,*,#1007,.T.);
#382=ORIENTED_EDGE('',*,*,#976,.T.);
#383=ORIENTED_EDGE('',*,*,#1008,.T.);
#384=ORIENTED_EDGE('',*,*,#1009,.F.);
#385=ORIENTED_EDGE('',*,*,#1010,.F.);
#386=ORIENTED_EDGE('',*,*,#1011,.T.);
#387=ORIENTED_EDGE('',*,*,#1012,.T.);
#388=ORIENTED_EDGE('',*,*,#1013,.T.);
#389=ORIENTED_EDGE('',*,*,#1014,.T.);
#390=ORIENTED_EDGE('',*,*,#1015,.T.);
#391=ORIENTED_EDGE('',*,*,#1016,.F.);
#392=ORIENTED_EDGE('',*,*,#1013,.F.);
#393=ORIENTED_EDGE('',*,*,#1017,.T.);
#394=ORIENTED_EDGE('',*,*,#972,.F.);
#395=ORIENTED_EDGE('',*,*,#1018,.T.);
#396=ORIENTED_EDGE('',*,*,#1019,.T.);
#397=ORIENTED_EDGE('',*,*,#975,.F.);
#398=ORIENTED_EDGE('',*,*,#1020,.T.);
#399=ORIENTED_EDGE('',*,*,#1008,.F.);
#400=ORIENTED_EDGE('',*,*,#1021,.F.);
#401=ORIENTED_EDGE('',*,*,#1022,.F.);
#402=ORIENTED_EDGE('',*,*,#1023,.T.);
#403=ORIENTED_EDGE('',*,*,#1024,.T.);
#404=ORIENTED_EDGE('',*,*,#1025,.T.);
#405=ORIENTED_EDGE('',*,*,#1026,.F.);
#406=ORIENTED_EDGE('',*,*,#1027,.F.);
#407=ORIENTED_EDGE('',*,*,#1028,.T.);
#408=ORIENTED_EDGE('',*,*,#1029,.T.);
#409=ORIENTED_EDGE('',*,*,#1024,.F.);
#410=ORIENTED_EDGE('',*,*,#1030,.F.);
#411=ORIENTED_EDGE('',*,*,#1031,.F.);
#412=ORIENTED_EDGE('',*,*,#1031,.T.);
#413=ORIENTED_EDGE('',*,*,#1032,.F.);
#414=ORIENTED_EDGE('',*,*,#1033,.F.);
#415=ORIENTED_EDGE('',*,*,#1034,.T.);
#416=ORIENTED_EDGE('',*,*,#1035,.T.);
#417=ORIENTED_EDGE('',*,*,#1036,.F.);
#418=ORIENTED_EDGE('',*,*,#1037,.F.);
#419=ORIENTED_EDGE('',*,*,#1038,.T.);
#420=ORIENTED_EDGE('',*,*,#1037,.T.);
#421=ORIENTED_EDGE('',*,*,#1039,.F.);
#422=ORIENTED_EDGE('',*,*,#1027,.T.);
#423=ORIENTED_EDGE('',*,*,#1040,.T.);
#424=ORIENTED_EDGE('',*,*,#1033,.T.);
#425=ORIENTED_EDGE('',*,*,#1041,.F.);
#426=ORIENTED_EDGE('',*,*,#1042,.F.);
#427=ORIENTED_EDGE('',*,*,#955,.F.);
#428=ORIENTED_EDGE('',*,*,#940,.T.);
#429=ORIENTED_EDGE('',*,*,#1043,.T.);
#430=ORIENTED_EDGE('',*,*,#1044,.T.);
#431=ORIENTED_EDGE('',*,*,#1045,.T.);
#432=ORIENTED_EDGE('',*,*,#1046,.F.);
#433=ORIENTED_EDGE('',*,*,#1035,.F.);
#434=ORIENTED_EDGE('',*,*,#1047,.T.);
#435=ORIENTED_EDGE('',*,*,#1044,.F.);
#436=ORIENTED_EDGE('',*,*,#1048,.T.);
#437=ORIENTED_EDGE('',*,*,#1049,.T.);
#438=ORIENTED_EDGE('',*,*,#1004,.F.);
#439=ORIENTED_EDGE('',*,*,#1050,.T.);
#440=ORIENTED_EDGE('',*,*,#1051,.F.);
#441=ORIENTED_EDGE('',*,*,#1052,.T.);
#442=ORIENTED_EDGE('',*,*,#956,.T.);
#443=ORIENTED_EDGE('',*,*,#1042,.T.);
#444=ORIENTED_EDGE('',*,*,#1053,.F.);
#445=ORIENTED_EDGE('',*,*,#947,.F.);
#446=ORIENTED_EDGE('',*,*,#1054,.T.);
#447=ORIENTED_EDGE('',*,*,#1055,.T.);
#448=ORIENTED_EDGE('',*,*,#1056,.F.);
#449=ORIENTED_EDGE('',*,*,#1006,.T.);
#450=ORIENTED_EDGE('',*,*,#1005,.T.);
#451=ORIENTED_EDGE('',*,*,#1049,.F.);
#452=ORIENTED_EDGE('',*,*,#1057,.T.);
#453=ORIENTED_EDGE('',*,*,#1056,.T.);
#454=ORIENTED_EDGE('',*,*,#1058,.T.);
#455=ORIENTED_EDGE('',*,*,#1059,.T.);
#456=ORIENTED_EDGE('',*,*,#977,.T.);
#457=ORIENTED_EDGE('',*,*,#1007,.F.);
#458=ORIENTED_EDGE('',*,*,#967,.F.);
#459=ORIENTED_EDGE('',*,*,#1060,.F.);
#460=ORIENTED_EDGE('',*,*,#949,.F.);
#461=ORIENTED_EDGE('',*,*,#1061,.F.);
#462=ORIENTED_EDGE('',*,*,#994,.F.);
#463=ORIENTED_EDGE('',*,*,#1062,.T.);
#464=ORIENTED_EDGE('',*,*,#1063,.F.);
#465=ORIENTED_EDGE('',*,*,#988,.T.);
#466=ORIENTED_EDGE('',*,*,#1064,.T.);
#467=ORIENTED_EDGE('',*,*,#1025,.F.);
#468=ORIENTED_EDGE('',*,*,#1065,.T.);
#469=ORIENTED_EDGE('',*,*,#1066,.T.);
#470=ORIENTED_EDGE('',*,*,#1067,.T.);
#471=ORIENTED_EDGE('',*,*,#1068,.F.);
#472=ORIENTED_EDGE('',*,*,#1069,.F.);
#473=ORIENTED_EDGE('',*,*,#1022,.T.);
#474=ORIENTED_EDGE('',*,*,#1070,.F.);
#475=ORIENTED_EDGE('',*,*,#1071,.F.);
#476=ORIENTED_EDGE('',*,*,#1072,.T.);
#477=ORIENTED_EDGE('',*,*,#1071,.T.);
#478=ORIENTED_EDGE('',*,*,#1073,.F.);
#479=ORIENTED_EDGE('',*,*,#1062,.F.);
#480=ORIENTED_EDGE('',*,*,#1074,.T.);
#481=ORIENTED_EDGE('',*,*,#1075,.T.);
#482=ORIENTED_EDGE('',*,*,#1076,.T.);
#483=ORIENTED_EDGE('',*,*,#1065,.F.);
#484=ORIENTED_EDGE('',*,*,#1028,.F.);
#485=ORIENTED_EDGE('',*,*,#1039,.T.);
#486=ORIENTED_EDGE('',*,*,#1077,.F.);
#487=ORIENTED_EDGE('',*,*,#1046,.T.);
#488=ORIENTED_EDGE('',*,*,#1078,.T.);
#489=ORIENTED_EDGE('',*,*,#1079,.T.);
#490=ORIENTED_EDGE('',*,*,#1077,.T.);
#491=ORIENTED_EDGE('',*,*,#1036,.T.);
#492=ORIENTED_EDGE('',*,*,#1080,.T.);
#493=ORIENTED_EDGE('',*,*,#1081,.T.);
#494=ORIENTED_EDGE('',*,*,#1082,.F.);
#495=ORIENTED_EDGE('',*,*,#1083,.T.);
#496=ORIENTED_EDGE('',*,*,#1084,.T.);
#497=ORIENTED_EDGE('',*,*,#1085,.T.);
#498=ORIENTED_EDGE('',*,*,#1086,.T.);
#499=ORIENTED_EDGE('',*,*,#1087,.T.);
#500=ORIENTED_EDGE('',*,*,#1088,.T.);
#501=ORIENTED_EDGE('',*,*,#1089,.T.);
#502=ORIENTED_EDGE('',*,*,#1090,.T.);
#503=ORIENTED_EDGE('',*,*,#1091,.F.);
#504=ORIENTED_EDGE('',*,*,#1092,.F.);
#505=ORIENTED_EDGE('',*,*,#1093,.F.);
#506=ORIENTED_EDGE('',*,*,#993,.T.);
#507=ORIENTED_EDGE('',*,*,#968,.T.);
#508=ORIENTED_EDGE('',*,*,#1061,.T.);
#509=ORIENTED_EDGE('',*,*,#948,.F.);
#510=ORIENTED_EDGE('',*,*,#1053,.T.);
#511=ORIENTED_EDGE('',*,*,#1041,.T.);
#512=ORIENTED_EDGE('',*,*,#1032,.T.);
#513=ORIENTED_EDGE('',*,*,#1030,.T.);
#514=ORIENTED_EDGE('',*,*,#1023,.F.);
#515=ORIENTED_EDGE('',*,*,#1072,.F.);
#516=ORIENTED_EDGE('',*,*,#1074,.F.);
#517=ORIENTED_EDGE('',*,*,#1082,.T.);
#518=ORIENTED_EDGE('',*,*,#1016,.T.);
#519=ORIENTED_EDGE('',*,*,#1094,.T.);
#520=ORIENTED_EDGE('',*,*,#1095,.T.);
#521=ORIENTED_EDGE('',*,*,#1096,.T.);
#522=ORIENTED_EDGE('',*,*,#1097,.T.);
#523=ORIENTED_EDGE('',*,*,#1098,.T.);
#524=ORIENTED_EDGE('',*,*,#1099,.T.);
#525=ORIENTED_EDGE('',*,*,#989,.T.);
#526=ORIENTED_EDGE('',*,*,#1069,.T.);
#527=ORIENTED_EDGE('',*,*,#1100,.F.);
#528=ORIENTED_EDGE('',*,*,#1015,.F.);
#529=ORIENTED_EDGE('',*,*,#1101,.T.);
#530=ORIENTED_EDGE('',*,*,#1097,.F.);
#531=ORIENTED_EDGE('',*,*,#1102,.T.);
#532=ORIENTED_EDGE('',*,*,#1103,.T.);
#533=ORIENTED_EDGE('',*,*,#991,.T.);
#534=ORIENTED_EDGE('',*,*,#1104,.T.);
#535=ORIENTED_EDGE('',*,*,#1105,.T.);
#536=ORIENTED_EDGE('',*,*,#1106,.F.);
#537=ORIENTED_EDGE('',*,*,#1107,.F.);
#538=ORIENTED_EDGE('',*,*,#1102,.F.);
#539=ORIENTED_EDGE('',*,*,#1096,.F.);
#540=ORIENTED_EDGE('',*,*,#1108,.T.);
#541=ORIENTED_EDGE('',*,*,#1109,.T.);
#542=ORIENTED_EDGE('',*,*,#1002,.F.);
#543=ORIENTED_EDGE('',*,*,#1079,.F.);
#544=ORIENTED_EDGE('',*,*,#1110,.T.);
#545=ORIENTED_EDGE('',*,*,#1111,.T.);
#546=ORIENTED_EDGE('',*,*,#1086,.F.);
#547=ORIENTED_EDGE('',*,*,#1112,.F.);
#548=ORIENTED_EDGE('',*,*,#1083,.F.);
#549=ORIENTED_EDGE('',*,*,#1113,.T.);
#550=ORIENTED_EDGE('',*,*,#1075,.F.);
#551=ORIENTED_EDGE('',*,*,#1112,.T.);
#552=ORIENTED_EDGE('',*,*,#1085,.F.);
#553=ORIENTED_EDGE('',*,*,#1114,.T.);
#554=ORIENTED_EDGE('',*,*,#990,.F.);
#555=ORIENTED_EDGE('',*,*,#1099,.F.);
#556=ORIENTED_EDGE('',*,*,#1068,.T.);
#557=ORIENTED_EDGE('',*,*,#1115,.T.);
#558=ORIENTED_EDGE('',*,*,#1104,.F.);
#559=ORIENTED_EDGE('',*,*,#970,.F.);
#560=ORIENTED_EDGE('',*,*,#1116,.F.);
#561=ORIENTED_EDGE('',*,*,#1117,.F.);
#562=ORIENTED_EDGE('',*,*,#971,.F.);
#563=ORIENTED_EDGE('',*,*,#1117,.T.);
#564=ORIENTED_EDGE('',*,*,#1118,.F.);
#565=ORIENTED_EDGE('',*,*,#1119,.F.);
#566=ORIENTED_EDGE('',*,*,#1018,.F.);
#567=ORIENTED_EDGE('',*,*,#1119,.T.);
#568=ORIENTED_EDGE('',*,*,#1120,.F.);
#569=ORIENTED_EDGE('',*,*,#1098,.F.);
#570=ORIENTED_EDGE('',*,*,#1101,.F.);
#571=ORIENTED_EDGE('',*,*,#1014,.F.);
#572=ORIENTED_EDGE('',*,*,#1019,.F.);
#573=ORIENTED_EDGE('',*,*,#1050,.F.);
#574=ORIENTED_EDGE('',*,*,#1003,.F.);
#575=ORIENTED_EDGE('',*,*,#1121,.F.);
#576=ORIENTED_EDGE('',*,*,#1078,.F.);
#577=ORIENTED_EDGE('',*,*,#1045,.F.);
#578=ORIENTED_EDGE('',*,*,#1109,.F.);
#579=ORIENTED_EDGE('',*,*,#1122,.F.);
#580=ORIENTED_EDGE('',*,*,#1110,.F.);
#581=ORIENTED_EDGE('',*,*,#1121,.T.);
#582=ORIENTED_EDGE('',*,*,#1108,.F.);
#583=ORIENTED_EDGE('',*,*,#1095,.F.);
#584=ORIENTED_EDGE('',*,*,#1123,.F.);
#585=ORIENTED_EDGE('',*,*,#1111,.F.);
#586=ORIENTED_EDGE('',*,*,#1122,.T.);
#587=ORIENTED_EDGE('',*,*,#1123,.T.);
#588=ORIENTED_EDGE('',*,*,#1094,.F.);
#589=ORIENTED_EDGE('',*,*,#1124,.F.);
#590=ORIENTED_EDGE('',*,*,#1087,.F.);
#591=ORIENTED_EDGE('',*,*,#1124,.T.);
#592=ORIENTED_EDGE('',*,*,#1120,.T.);
#593=ORIENTED_EDGE('',*,*,#1125,.F.);
#594=ORIENTED_EDGE('',*,*,#1088,.F.);
#595=ORIENTED_EDGE('',*,*,#1066,.F.);
#596=ORIENTED_EDGE('',*,*,#1076,.F.);
#597=ORIENTED_EDGE('',*,*,#1126,.F.);
#598=ORIENTED_EDGE('',*,*,#1125,.T.);
#599=ORIENTED_EDGE('',*,*,#1118,.T.);
#600=ORIENTED_EDGE('',*,*,#1127,.F.);
#601=ORIENTED_EDGE('',*,*,#1089,.F.);
#602=ORIENTED_EDGE('',*,*,#1126,.T.);
#603=ORIENTED_EDGE('',*,*,#1113,.F.);
#604=ORIENTED_EDGE('',*,*,#1128,.F.);
#605=ORIENTED_EDGE('',*,*,#1105,.F.);
#606=ORIENTED_EDGE('',*,*,#1115,.F.);
#607=ORIENTED_EDGE('',*,*,#1067,.F.);
#608=ORIENTED_EDGE('',*,*,#1127,.T.);
#609=ORIENTED_EDGE('',*,*,#1116,.T.);
#610=ORIENTED_EDGE('',*,*,#992,.T.);
#611=ORIENTED_EDGE('',*,*,#1103,.F.);
#612=ORIENTED_EDGE('',*,*,#1128,.T.);
#613=ORIENTED_EDGE('',*,*,#1090,.F.);
#614=ORIENTED_EDGE('',*,*,#1129,.F.);
#615=ORIENTED_EDGE('',*,*,#1084,.F.);
#616=ORIENTED_EDGE('',*,*,#1130,.F.);
#617=ORIENTED_EDGE('',*,*,#1080,.F.);
#618=ORIENTED_EDGE('',*,*,#1130,.T.);
#619=ORIENTED_EDGE('',*,*,#1114,.F.);
#620=ORIENTED_EDGE('',*,*,#1129,.T.);
#621=ORIENTED_EDGE('',*,*,#1081,.F.);
#622=ORIENTED_EDGE('',*,*,#1060,.T.);
#623=ORIENTED_EDGE('',*,*,#966,.T.);
#624=ORIENTED_EDGE('',*,*,#1131,.F.);
#625=ORIENTED_EDGE('',*,*,#1132,.T.);
#626=ORIENTED_EDGE('',*,*,#1133,.F.);
#627=ORIENTED_EDGE('',*,*,#959,.T.);
#628=ORIENTED_EDGE('',*,*,#958,.T.);
#629=ORIENTED_EDGE('',*,*,#1134,.T.);
#630=ORIENTED_EDGE('',*,*,#1135,.T.);
#631=ORIENTED_EDGE('',*,*,#1136,.T.);
#632=ORIENTED_EDGE('',*,*,#1137,.T.);
#633=ORIENTED_EDGE('',*,*,#1138,.T.);
#634=ORIENTED_EDGE('',*,*,#1139,.T.);
#635=ORIENTED_EDGE('',*,*,#938,.F.);
#636=ORIENTED_EDGE('',*,*,#1047,.F.);
#637=ORIENTED_EDGE('',*,*,#1140,.F.);
#638=ORIENTED_EDGE('',*,*,#1141,.T.);
#639=ORIENTED_EDGE('',*,*,#1140,.T.);
#640=ORIENTED_EDGE('',*,*,#1038,.F.);
#641=ORIENTED_EDGE('',*,*,#1040,.F.);
#642=ORIENTED_EDGE('',*,*,#1026,.T.);
#643=ORIENTED_EDGE('',*,*,#1064,.F.);
#644=ORIENTED_EDGE('',*,*,#987,.F.);
#645=ORIENTED_EDGE('',*,*,#1142,.T.);
#646=ORIENTED_EDGE('',*,*,#978,.F.);
#647=ORIENTED_EDGE('',*,*,#1059,.F.);
#648=ORIENTED_EDGE('',*,*,#1143,.T.);
#649=ORIENTED_EDGE('',*,*,#1144,.F.);
#650=ORIENTED_EDGE('',*,*,#1145,.T.);
#651=ORIENTED_EDGE('',*,*,#1144,.T.);
#652=ORIENTED_EDGE('',*,*,#1146,.T.);
#653=ORIENTED_EDGE('',*,*,#1147,.T.);
#654=ORIENTED_EDGE('',*,*,#1148,.T.);
#655=ORIENTED_EDGE('',*,*,#1149,.T.);
#656=ORIENTED_EDGE('',*,*,#1150,.T.);
#657=ORIENTED_EDGE('',*,*,#1134,.F.);
#658=ORIENTED_EDGE('',*,*,#1151,.T.);
#659=ORIENTED_EDGE('',*,*,#1152,.T.);
#660=ORIENTED_EDGE('',*,*,#1153,.T.);
#661=ORIENTED_EDGE('',*,*,#954,.F.);
#662=ORIENTED_EDGE('',*,*,#1154,.F.);
#663=ORIENTED_EDGE('',*,*,#996,.T.);
#664=ORIENTED_EDGE('',*,*,#1155,.T.);
#665=ORIENTED_EDGE('',*,*,#1073,.T.);
#666=ORIENTED_EDGE('',*,*,#1070,.T.);
#667=ORIENTED_EDGE('',*,*,#1021,.T.);
#668=ORIENTED_EDGE('',*,*,#1029,.F.);
#669=ORIENTED_EDGE('',*,*,#1034,.F.);
#670=ORIENTED_EDGE('',*,*,#1155,.F.);
#671=ORIENTED_EDGE('',*,*,#995,.T.);
#672=ORIENTED_EDGE('',*,*,#1063,.T.);
#673=ORIENTED_EDGE('',*,*,#1156,.T.);
#674=ORIENTED_EDGE('',*,*,#1157,.T.);
#675=ORIENTED_EDGE('',*,*,#985,.F.);
#676=ORIENTED_EDGE('',*,*,#1158,.T.);
#677=ORIENTED_EDGE('',*,*,#980,.T.);
#678=ORIENTED_EDGE('',*,*,#1159,.T.);
#679=ORIENTED_EDGE('',*,*,#1160,.T.);
#680=ORIENTED_EDGE('',*,*,#1161,.T.);
#681=ORIENTED_EDGE('',*,*,#932,.F.);
#682=ORIENTED_EDGE('',*,*,#1162,.F.);
#683=ORIENTED_EDGE('',*,*,#1163,.T.);
#684=ORIENTED_EDGE('',*,*,#962,.T.);
#685=ORIENTED_EDGE('',*,*,#931,.F.);
#686=ORIENTED_EDGE('',*,*,#1164,.F.);
#687=ORIENTED_EDGE('',*,*,#1165,.T.);
#688=ORIENTED_EDGE('',*,*,#1162,.T.);
#689=ORIENTED_EDGE('',*,*,#930,.T.);
#690=ORIENTED_EDGE('',*,*,#964,.F.);
#691=ORIENTED_EDGE('',*,*,#1166,.F.);
#692=ORIENTED_EDGE('',*,*,#1164,.T.);
#693=ORIENTED_EDGE('',*,*,#1167,.F.);
#694=ORIENTED_EDGE('',*,*,#1168,.F.);
#695=ORIENTED_EDGE('',*,*,#1169,.F.);
#696=ORIENTED_EDGE('',*,*,#928,.F.);
#697=ORIENTED_EDGE('',*,*,#997,.F.);
#698=ORIENTED_EDGE('',*,*,#1154,.T.);
#699=ORIENTED_EDGE('',*,*,#953,.T.);
#700=ORIENTED_EDGE('',*,*,#961,.F.);
#701=ORIENTED_EDGE('',*,*,#960,.T.);
#702=ORIENTED_EDGE('',*,*,#1133,.T.);
#703=ORIENTED_EDGE('',*,*,#1132,.F.);
#704=ORIENTED_EDGE('',*,*,#1131,.T.);
#705=ORIENTED_EDGE('',*,*,#965,.T.);
#706=ORIENTED_EDGE('',*,*,#926,.T.);
#707=ORIENTED_EDGE('',*,*,#1170,.F.);
#708=ORIENTED_EDGE('',*,*,#1171,.F.);
#709=ORIENTED_EDGE('',*,*,#998,.T.);
#710=ORIENTED_EDGE('',*,*,#1172,.F.);
#711=ORIENTED_EDGE('',*,*,#1173,.T.);
#712=ORIENTED_EDGE('',*,*,#921,.F.);
#713=ORIENTED_EDGE('',*,*,#1174,.T.);
#714=ORIENTED_EDGE('',*,*,#1170,.T.);
#715=ORIENTED_EDGE('',*,*,#925,.F.);
#716=ORIENTED_EDGE('',*,*,#936,.T.);
#717=ORIENTED_EDGE('',*,*,#1175,.F.);
#718=ORIENTED_EDGE('',*,*,#1158,.F.);
#719=ORIENTED_EDGE('',*,*,#984,.T.);
#720=ORIENTED_EDGE('',*,*,#1176,.F.);
#721=ORIENTED_EDGE('',*,*,#1177,.T.);
#722=ORIENTED_EDGE('',*,*,#1151,.F.);
#723=ORIENTED_EDGE('',*,*,#1178,.T.);
#724=ORIENTED_EDGE('',*,*,#1156,.F.);
#725=ORIENTED_EDGE('',*,*,#1175,.T.);
#726=ORIENTED_EDGE('',*,*,#935,.T.);
#727=ORIENTED_EDGE('',*,*,#1179,.F.);
#728=ORIENTED_EDGE('',*,*,#1160,.F.);
#729=ORIENTED_EDGE('',*,*,#1180,.F.);
#730=ORIENTED_EDGE('',*,*,#1153,.F.);
#731=ORIENTED_EDGE('',*,*,#1181,.F.);
#732=ORIENTED_EDGE('',*,*,#934,.T.);
#733=ORIENTED_EDGE('',*,*,#981,.F.);
#734=ORIENTED_EDGE('',*,*,#1161,.F.);
#735=ORIENTED_EDGE('',*,*,#1179,.T.);
#736=ORIENTED_EDGE('',*,*,#1157,.F.);
#737=ORIENTED_EDGE('',*,*,#1178,.F.);
#738=ORIENTED_EDGE('',*,*,#1141,.F.);
#739=ORIENTED_EDGE('',*,*,#1142,.F.);
#740=ORIENTED_EDGE('',*,*,#986,.T.);
#741=ORIENTED_EDGE('',*,*,#1159,.F.);
#742=ORIENTED_EDGE('',*,*,#979,.F.);
#743=ORIENTED_EDGE('',*,*,#1145,.F.);
#744=ORIENTED_EDGE('',*,*,#1180,.T.);
#745=ORIENTED_EDGE('',*,*,#1000,.T.);
#746=ORIENTED_EDGE('',*,*,#1182,.T.);
#747=ORIENTED_EDGE('',*,*,#1011,.F.);
#748=ORIENTED_EDGE('',*,*,#1183,.F.);
#749=ORIENTED_EDGE('',*,*,#1106,.T.);
#750=ORIENTED_EDGE('',*,*,#1001,.F.);
#751=ORIENTED_EDGE('',*,*,#1182,.F.);
#752=ORIENTED_EDGE('',*,*,#1009,.T.);
#753=ORIENTED_EDGE('',*,*,#1020,.F.);
#754=ORIENTED_EDGE('',*,*,#974,.T.);
#755=ORIENTED_EDGE('',*,*,#1184,.T.);
#756=ORIENTED_EDGE('',*,*,#1184,.F.);
#757=ORIENTED_EDGE('',*,*,#973,.T.);
#758=ORIENTED_EDGE('',*,*,#1017,.F.);
#759=ORIENTED_EDGE('',*,*,#1012,.F.);
#760=ORIENTED_EDGE('',*,*,#1010,.T.);
#761=ORIENTED_EDGE('',*,*,#1100,.T.);
#762=ORIENTED_EDGE('',*,*,#1107,.T.);
#763=ORIENTED_EDGE('',*,*,#1183,.T.);
#764=ORIENTED_EDGE('',*,*,#1174,.F.);
#765=ORIENTED_EDGE('',*,*,#920,.T.);
#766=ORIENTED_EDGE('',*,*,#999,.T.);
#767=ORIENTED_EDGE('',*,*,#1171,.T.);
#768=ORIENTED_EDGE('',*,*,#1163,.F.);
#769=ORIENTED_EDGE('',*,*,#1165,.F.);
#770=ORIENTED_EDGE('',*,*,#1166,.T.);
#771=ORIENTED_EDGE('',*,*,#963,.T.);
#772=ORIENTED_EDGE('',*,*,#1185,.T.);
#773=ORIENTED_EDGE('',*,*,#1186,.T.);
#774=ORIENTED_EDGE('',*,*,#1187,.T.);
#775=ORIENTED_EDGE('',*,*,#1188,.T.);
#776=ORIENTED_EDGE('',*,*,#1189,.F.);
#777=ORIENTED_EDGE('',*,*,#1190,.F.);
#778=ORIENTED_EDGE('',*,*,#1191,.F.);
#779=ORIENTED_EDGE('',*,*,#1192,.F.);
#780=ORIENTED_EDGE('',*,*,#1193,.F.);
#781=ORIENTED_EDGE('',*,*,#1194,.F.);
#782=ORIENTED_EDGE('',*,*,#1195,.F.);
#783=ORIENTED_EDGE('',*,*,#1189,.T.);
#784=ORIENTED_EDGE('',*,*,#1196,.T.);
#785=ORIENTED_EDGE('',*,*,#1051,.T.);
#786=ORIENTED_EDGE('',*,*,#946,.T.);
#787=ORIENTED_EDGE('',*,*,#945,.F.);
#788=ORIENTED_EDGE('',*,*,#941,.T.);
#789=ORIENTED_EDGE('',*,*,#957,.T.);
#790=ORIENTED_EDGE('',*,*,#951,.T.);
#791=ORIENTED_EDGE('',*,*,#1052,.F.);
#792=ORIENTED_EDGE('',*,*,#1196,.F.);
#793=ORIENTED_EDGE('',*,*,#1190,.T.);
#794=ORIENTED_EDGE('',*,*,#1197,.F.);
#795=ORIENTED_EDGE('',*,*,#1198,.F.);
#796=ORIENTED_EDGE('',*,*,#1199,.T.);
#797=ORIENTED_EDGE('',*,*,#1195,.T.);
#798=ORIENTED_EDGE('',*,*,#1200,.F.);
#799=ORIENTED_EDGE('',*,*,#1201,.F.);
#800=ORIENTED_EDGE('',*,*,#1197,.T.);
#801=ORIENTED_EDGE('',*,*,#1194,.T.);
#802=ORIENTED_EDGE('',*,*,#1202,.F.);
#803=ORIENTED_EDGE('',*,*,#1203,.F.);
#804=ORIENTED_EDGE('',*,*,#1200,.T.);
#805=ORIENTED_EDGE('',*,*,#1193,.T.);
#806=ORIENTED_EDGE('',*,*,#1204,.F.);
#807=ORIENTED_EDGE('',*,*,#1205,.F.);
#808=ORIENTED_EDGE('',*,*,#1202,.T.);
#809=ORIENTED_EDGE('',*,*,#1192,.T.);
#810=ORIENTED_EDGE('',*,*,#1206,.F.);
#811=ORIENTED_EDGE('',*,*,#1207,.F.);
#812=ORIENTED_EDGE('',*,*,#1204,.T.);
#813=ORIENTED_EDGE('',*,*,#1191,.T.);
#814=ORIENTED_EDGE('',*,*,#1199,.F.);
#815=ORIENTED_EDGE('',*,*,#1208,.F.);
#816=ORIENTED_EDGE('',*,*,#1206,.T.);
#817=ORIENTED_EDGE('',*,*,#944,.F.);
#818=ORIENTED_EDGE('',*,*,#1198,.T.);
#819=ORIENTED_EDGE('',*,*,#1201,.T.);
#820=ORIENTED_EDGE('',*,*,#1203,.T.);
#821=ORIENTED_EDGE('',*,*,#1205,.T.);
#822=ORIENTED_EDGE('',*,*,#1207,.T.);
#823=ORIENTED_EDGE('',*,*,#1208,.T.);
#824=ORIENTED_EDGE('',*,*,#1209,.T.);
#825=ORIENTED_EDGE('',*,*,#1210,.T.);
#826=ORIENTED_EDGE('',*,*,#1057,.F.);
#827=ORIENTED_EDGE('',*,*,#1211,.F.);
#828=ORIENTED_EDGE('',*,*,#1188,.F.);
#829=ORIENTED_EDGE('',*,*,#1150,.F.);
#830=ORIENTED_EDGE('',*,*,#1212,.T.);
#831=ORIENTED_EDGE('',*,*,#1187,.F.);
#832=ORIENTED_EDGE('',*,*,#1213,.F.);
#833=ORIENTED_EDGE('',*,*,#1135,.F.);
#834=ORIENTED_EDGE('',*,*,#939,.F.);
#835=ORIENTED_EDGE('',*,*,#1139,.F.);
#836=ORIENTED_EDGE('',*,*,#1214,.F.);
#837=ORIENTED_EDGE('',*,*,#1185,.F.);
#838=ORIENTED_EDGE('',*,*,#1211,.T.);
#839=ORIENTED_EDGE('',*,*,#1048,.F.);
#840=ORIENTED_EDGE('',*,*,#1043,.F.);
#841=ORIENTED_EDGE('',*,*,#1213,.T.);
#842=ORIENTED_EDGE('',*,*,#1186,.F.);
#843=ORIENTED_EDGE('',*,*,#1214,.T.);
#844=ORIENTED_EDGE('',*,*,#1138,.F.);
#845=ORIENTED_EDGE('',*,*,#1137,.F.);
#846=ORIENTED_EDGE('',*,*,#1136,.F.);
#847=ORIENTED_EDGE('',*,*,#1209,.F.);
#848=ORIENTED_EDGE('',*,*,#1212,.F.);
#849=ORIENTED_EDGE('',*,*,#1215,.F.);
#850=ORIENTED_EDGE('',*,*,#1215,.T.);
#851=ORIENTED_EDGE('',*,*,#1149,.F.);
#852=ORIENTED_EDGE('',*,*,#1216,.F.);
#853=ORIENTED_EDGE('',*,*,#1210,.F.);
#854=ORIENTED_EDGE('',*,*,#1216,.T.);
#855=ORIENTED_EDGE('',*,*,#1148,.F.);
#856=ORIENTED_EDGE('',*,*,#1217,.F.);
#857=ORIENTED_EDGE('',*,*,#1054,.F.);
#858=ORIENTED_EDGE('',*,*,#1217,.T.);
#859=ORIENTED_EDGE('',*,*,#1147,.F.);
#860=ORIENTED_EDGE('',*,*,#1218,.F.);
#861=ORIENTED_EDGE('',*,*,#1055,.F.);
#862=ORIENTED_EDGE('',*,*,#1218,.T.);
#863=ORIENTED_EDGE('',*,*,#1146,.F.);
#864=ORIENTED_EDGE('',*,*,#1143,.F.);
#865=ORIENTED_EDGE('',*,*,#1058,.F.);
#866=ORIENTED_EDGE('',*,*,#1219,.T.);
#867=ORIENTED_EDGE('',*,*,#1220,.T.);
#868=ORIENTED_EDGE('',*,*,#1221,.T.);
#869=ORIENTED_EDGE('',*,*,#1222,.T.);
#870=ORIENTED_EDGE('',*,*,#1223,.F.);
#871=ORIENTED_EDGE('',*,*,#1224,.F.);
#872=ORIENTED_EDGE('',*,*,#1225,.F.);
#873=ORIENTED_EDGE('',*,*,#1169,.T.);
#874=ORIENTED_EDGE('',*,*,#1225,.T.);
#875=ORIENTED_EDGE('',*,*,#1168,.T.);
#876=ORIENTED_EDGE('',*,*,#1224,.T.);
#877=ORIENTED_EDGE('',*,*,#1167,.T.);
#878=ORIENTED_EDGE('',*,*,#1223,.T.);
#879=ORIENTED_EDGE('',*,*,#1226,.F.);
#880=ORIENTED_EDGE('',*,*,#1152,.F.);
#881=ORIENTED_EDGE('',*,*,#1227,.F.);
#882=ORIENTED_EDGE('',*,*,#1222,.F.);
#883=ORIENTED_EDGE('',*,*,#1227,.T.);
#884=ORIENTED_EDGE('',*,*,#1177,.F.);
#885=ORIENTED_EDGE('',*,*,#1228,.F.);
#886=ORIENTED_EDGE('',*,*,#1219,.F.);
#887=ORIENTED_EDGE('',*,*,#1226,.T.);
#888=ORIENTED_EDGE('',*,*,#1221,.F.);
#889=ORIENTED_EDGE('',*,*,#1229,.F.);
#890=ORIENTED_EDGE('',*,*,#1181,.T.);
#891=ORIENTED_EDGE('',*,*,#1228,.T.);
#892=ORIENTED_EDGE('',*,*,#1176,.T.);
#893=ORIENTED_EDGE('',*,*,#1229,.T.);
#894=ORIENTED_EDGE('',*,*,#1220,.F.);
#895=ORIENTED_EDGE('',*,*,#1230,.F.);
#896=ORIENTED_EDGE('',*,*,#922,.T.);
#897=ORIENTED_EDGE('',*,*,#1230,.T.);
#898=ORIENTED_EDGE('',*,*,#1231,.F.);
#899=ORIENTED_EDGE('',*,*,#923,.T.);
#900=ORIENTED_EDGE('',*,*,#1231,.T.);
#901=ORIENTED_EDGE('',*,*,#982,.T.);
#902=ORIENTED_EDGE('',*,*,#918,.T.);
#903=ORIENTED_EDGE('',*,*,#1173,.F.);
#904=ORIENTED_EDGE('',*,*,#1232,.T.);
#905=ORIENTED_EDGE('',*,*,#1232,.F.);
#906=ORIENTED_EDGE('',*,*,#1172,.T.);
#907=ORIENTED_EDGE('',*,*,#924,.T.);
#908=ORIENTED_EDGE('',*,*,#983,.F.);
#909=ORIENTED_EDGE('',*,*,#1233,.T.);
#910=ORIENTED_EDGE('',*,*,#1093,.T.);
#911=ORIENTED_EDGE('',*,*,#1233,.F.);
#912=ORIENTED_EDGE('',*,*,#1234,.T.);
#913=ORIENTED_EDGE('',*,*,#1092,.T.);
#914=ORIENTED_EDGE('',*,*,#1234,.F.);
#915=ORIENTED_EDGE('',*,*,#1235,.T.);
#916=ORIENTED_EDGE('',*,*,#1091,.T.);
#917=ORIENTED_EDGE('',*,*,#1235,.F.);
#918=EDGE_CURVE('',#1236,#1237,#1448,.T.);
#919=EDGE_CURVE('',#1238,#1236,#1449,.T.);
#920=EDGE_CURVE('',#1239,#1238,#1450,.T.);
#921=EDGE_CURVE('',#1239,#1237,#1451,.T.);
#922=EDGE_CURVE('',#1240,#1240,#206,.T.);
#923=EDGE_CURVE('',#1241,#1241,#207,.T.);
#924=EDGE_CURVE('',#1242,#1243,#208,.T.);
#925=EDGE_CURVE('',#1242,#1244,#1452,.T.);
#926=EDGE_CURVE('',#1245,#1244,#1453,.T.);
#927=EDGE_CURVE('',#1246,#1245,#1454,.T.);
#928=EDGE_CURVE('',#1246,#1247,#209,.T.);
#929=EDGE_CURVE('',#1247,#1248,#1455,.T.);
#930=EDGE_CURVE('',#1249,#1248,#1456,.T.);
#931=EDGE_CURVE('',#1249,#1250,#1457,.T.);
#932=EDGE_CURVE('',#1250,#1251,#1458,.T.);
#933=EDGE_CURVE('',#1252,#1251,#1459,.T.);
#934=EDGE_CURVE('',#1253,#1252,#210,.T.);
#935=EDGE_CURVE('',#1254,#1253,#1460,.T.);
#936=EDGE_CURVE('',#1255,#1254,#211,.T.);
#937=EDGE_CURVE('',#1255,#1243,#1461,.T.);
#938=EDGE_CURVE('',#1256,#1257,#79,.T.);
#939=EDGE_CURVE('',#1257,#1258,#80,.T.);
#940=EDGE_CURVE('',#1256,#1258,#1462,.T.);
#941=EDGE_CURVE('',#1259,#1260,#212,.T.);
#942=EDGE_CURVE('',#1259,#1261,#81,.T.);
#943=EDGE_CURVE('',#1260,#1261,#82,.T.);
#944=EDGE_CURVE('',#1262,#1262,#213,.T.);
#945=EDGE_CURVE('',#1259,#1263,#83,.T.);
#946=EDGE_CURVE('',#1264,#1263,#84,.T.);
#947=EDGE_CURVE('',#1264,#1265,#1463,.T.);
#948=EDGE_CURVE('',#1265,#1266,#214,.T.);
#949=EDGE_CURVE('',#1266,#1267,#1464,.T.);
#950=EDGE_CURVE('',#1261,#1267,#85,.T.);
#951=EDGE_CURVE('',#1268,#1269,#86,.T.);
#952=EDGE_CURVE('',#1270,#1268,#87,.T.);
#953=EDGE_CURVE('',#1271,#1270,#88,.T.);
#954=EDGE_CURVE('',#1271,#1272,#89,.T.);
#955=EDGE_CURVE('',#1272,#1273,#90,.T.);
#956=EDGE_CURVE('',#1269,#1273,#91,.F.);
#957=EDGE_CURVE('',#1260,#1268,#92,.T.);
#958=EDGE_CURVE('',#1274,#1267,#93,.F.);
#959=EDGE_CURVE('',#1275,#1274,#94,.F.);
#960=EDGE_CURVE('',#1276,#1275,#95,.T.);
#961=EDGE_CURVE('',#1276,#1270,#1465,.T.);
#962=EDGE_CURVE('',#1277,#1251,#1466,.T.);
#963=EDGE_CURVE('',#1278,#1277,#1467,.T.);
#964=EDGE_CURVE('',#1278,#1248,#1468,.T.);
#965=EDGE_CURVE('',#1279,#1247,#1469,.T.);
#966=EDGE_CURVE('',#1280,#1279,#96,.T.);
#967=EDGE_CURVE('',#1280,#1281,#97,.T.);
#968=EDGE_CURVE('',#1282,#1281,#1470,.T.);
#969=EDGE_CURVE('',#1282,#1283,#1471,.T.);
#970=EDGE_CURVE('',#1283,#1284,#34,.F.);
#971=EDGE_CURVE('',#1284,#1285,#98,.T.);
#972=EDGE_CURVE('',#1285,#1286,#1472,.T.);
#973=EDGE_CURVE('',#1287,#1286,#1473,.T.);
#974=EDGE_CURVE('',#1288,#1287,#1474,.T.);
#975=EDGE_CURVE('',#1288,#1289,#99,.T.);
#976=EDGE_CURVE('',#1290,#1289,#1475,.F.);
#977=EDGE_CURVE('',#1291,#1290,#1476,.T.);
#978=EDGE_CURVE('',#1291,#1292,#100,.T.);
#979=EDGE_CURVE('',#1292,#1293,#1477,.T.);
#980=EDGE_CURVE('',#1294,#1293,#1478,.T.);
#981=EDGE_CURVE('',#1294,#1252,#1479,.T.);
#982=EDGE_CURVE('',#1295,#1236,#1480,.T.);
#983=EDGE_CURVE('',#1295,#1243,#1481,.T.);
#984=EDGE_CURVE('',#1296,#1255,#1482,.T.);
#985=EDGE_CURVE('',#1296,#1297,#1483,.T.);
#986=EDGE_CURVE('',#1298,#1297,#1484,.T.);
#987=EDGE_CURVE('',#1298,#1299,#1485,.T.);
#988=EDGE_CURVE('',#1300,#1299,#1486,.T.);
#989=EDGE_CURVE('',#1301,#1300,#1487,.T.);
#990=EDGE_CURVE('',#1301,#1302,#101,.T.);
#991=EDGE_CURVE('',#1303,#1302,#1488,.T.);
#992=EDGE_CURVE('',#1283,#1303,#1489,.T.);
#993=EDGE_CURVE('',#1304,#1282,#1490,.T.);
#994=EDGE_CURVE('',#1304,#1305,#102,.T.);
#995=EDGE_CURVE('',#1306,#1305,#103,.T.);
#996=EDGE_CURVE('',#1307,#1306,#104,.T.);
#997=EDGE_CURVE('',#1307,#1246,#1491,.T.);
#998=EDGE_CURVE('',#1308,#1245,#1492,.T.);
#999=EDGE_CURVE('',#1238,#1308,#1493,.T.);
#1000=EDGE_CURVE('',#1309,#1310,#35,.T.);
#1001=EDGE_CURVE('',#1309,#1311,#36,.T.);
#1002=EDGE_CURVE('',#1311,#1312,#215,.F.);
#1003=EDGE_CURVE('',#1312,#1313,#1494,.T.);
#1004=EDGE_CURVE('',#1313,#1314,#216,.T.);
#1005=EDGE_CURVE('',#1315,#1314,#217,.F.);
#1006=EDGE_CURVE('',#1316,#1315,#218,.F.);
#1007=EDGE_CURVE('',#1316,#1290,#219,.T.);
#1008=EDGE_CURVE('',#1289,#1317,#220,.F.);
#1009=EDGE_CURVE('',#1310,#1317,#37,.T.);
#1010=EDGE_CURVE('',#1318,#1319,#1495,.F.);
#1011=EDGE_CURVE('',#1318,#1320,#38,.T.);
#1012=EDGE_CURVE('',#1320,#1321,#1496,.F.);
#1013=EDGE_CURVE('',#1321,#1322,#221,.T.);
#1014=EDGE_CURVE('',#1322,#1323,#105,.T.);
#1015=EDGE_CURVE('',#1323,#1319,#222,.T.);
#1016=EDGE_CURVE('',#1324,#1324,#223,.T.);
#1017=EDGE_CURVE('',#1321,#1286,#1497,.T.);
#1018=EDGE_CURVE('',#1285,#1325,#224,.F.);
#1019=EDGE_CURVE('',#1325,#1322,#225,.F.);
#1020=EDGE_CURVE('',#1288,#1317,#106,.T.);
#1021=EDGE_CURVE('',#1326,#1327,#107,.T.);
#1022=EDGE_CURVE('',#1328,#1326,#1498,.T.);
#1023=EDGE_CURVE('',#1328,#1329,#226,.T.);
#1024=EDGE_CURVE('',#1329,#1327,#1499,.T.);
#1025=EDGE_CURVE('',#1330,#1331,#1500,.T.);
#1026=EDGE_CURVE('',#1332,#1331,#108,.F.);
#1027=EDGE_CURVE('',#1333,#1332,#1501,.T.);
#1028=EDGE_CURVE('',#1333,#1330,#227,.F.);
#1029=EDGE_CURVE('',#1334,#1327,#109,.F.);
#1030=EDGE_CURVE('',#1335,#1329,#228,.F.);
#1031=EDGE_CURVE('',#1334,#1335,#1502,.T.);
#1032=EDGE_CURVE('',#1336,#1335,#1503,.T.);
#1033=EDGE_CURVE('',#1272,#1336,#1504,.T.);
#1034=EDGE_CURVE('',#1272,#1334,#110,.F.);
#1035=EDGE_CURVE('',#1337,#1338,#1505,.T.);
#1036=EDGE_CURVE('',#1339,#1338,#1506,.F.);
#1037=EDGE_CURVE('',#1340,#1339,#1507,.T.);
#1038=EDGE_CURVE('',#1340,#1337,#111,.T.);
#1039=EDGE_CURVE('',#1333,#1339,#229,.T.);
#1040=EDGE_CURVE('',#1332,#1340,#112,.T.);
#1041=EDGE_CURVE('',#1341,#1336,#1508,.T.);
#1042=EDGE_CURVE('',#1273,#1341,#1509,.T.);
#1043=EDGE_CURVE('',#1258,#1342,#113,.T.);
#1044=EDGE_CURVE('',#1342,#1343,#1510,.T.);
#1045=EDGE_CURVE('',#1343,#1344,#114,.T.);
#1046=EDGE_CURVE('',#1338,#1344,#1511,.F.);
#1047=EDGE_CURVE('',#1337,#1256,#115,.T.);
#1048=EDGE_CURVE('',#1342,#1345,#116,.T.);
#1049=EDGE_CURVE('',#1345,#1314,#1512,.T.);
#1050=EDGE_CURVE('',#1313,#1343,#117,.T.);
#1051=EDGE_CURVE('',#1346,#1264,#118,.T.);
#1052=EDGE_CURVE('',#1346,#1269,#119,.T.);
#1053=EDGE_CURVE('',#1265,#1341,#230,.F.);
#1054=EDGE_CURVE('',#1347,#1348,#120,.T.);
#1055=EDGE_CURVE('',#1348,#1349,#121,.T.);
#1056=EDGE_CURVE('',#1316,#1349,#1513,.T.);
#1057=EDGE_CURVE('',#1345,#1347,#122,.T.);
#1058=EDGE_CURVE('',#1349,#1350,#123,.T.);
#1059=EDGE_CURVE('',#1350,#1291,#124,.T.);
#1060=EDGE_CURVE('',#1267,#1280,#125,.F.);
#1061=EDGE_CURVE('',#1281,#1266,#231,.F.);
#1062=EDGE_CURVE('',#1304,#1351,#1514,.T.);
#1063=EDGE_CURVE('',#1305,#1351,#126,.F.);
#1064=EDGE_CURVE('',#1299,#1331,#232,.T.);
#1065=EDGE_CURVE('',#1330,#1352,#233,.F.);
#1066=EDGE_CURVE('',#1352,#1353,#127,.T.);
#1067=EDGE_CURVE('',#1353,#1354,#128,.T.);
#1068=EDGE_CURVE('',#1355,#1354,#129,.T.);
#1069=EDGE_CURVE('',#1300,#1355,#130,.T.);
#1070=EDGE_CURVE('',#1356,#1326,#131,.T.);
#1071=EDGE_CURVE('',#1357,#1356,#1515,.T.);
#1072=EDGE_CURVE('',#1357,#1328,#234,.T.);
#1073=EDGE_CURVE('',#1351,#1356,#132,.T.);
#1074=EDGE_CURVE('',#1304,#1357,#235,.T.);
#1075=EDGE_CURVE('',#1358,#1359,#236,.F.);
#1076=EDGE_CURVE('',#1359,#1352,#1516,.T.);
#1077=EDGE_CURVE('',#1358,#1339,#1517,.T.);
#1078=EDGE_CURVE('',#1344,#1360,#1518,.F.);
#1079=EDGE_CURVE('',#1360,#1358,#1519,.F.);
#1080=EDGE_CURVE('',#1361,#1362,#237,.T.);
#1081=EDGE_CURVE('',#1362,#1361,#133,.T.);
#1082=EDGE_CURVE('',#1363,#1363,#238,.T.);
#1083=EDGE_CURVE('',#1364,#1365,#239,.T.);
#1084=EDGE_CURVE('',#1365,#1366,#240,.F.);
#1085=EDGE_CURVE('',#1366,#1367,#241,.T.);
#1086=EDGE_CURVE('',#1367,#1368,#1520,.T.);
#1087=EDGE_CURVE('',#1368,#1369,#1521,.F.);
#1088=EDGE_CURVE('',#1369,#1370,#242,.T.);
#1089=EDGE_CURVE('',#1370,#1371,#243,.T.);
#1090=EDGE_CURVE('',#1371,#1364,#1522,.T.);
#1091=EDGE_CURVE('',#1372,#1372,#244,.F.);
#1092=EDGE_CURVE('',#1373,#1373,#245,.F.);
#1093=EDGE_CURVE('',#1374,#1374,#246,.F.);
#1094=EDGE_CURVE('',#1375,#1376,#1523,.T.);
#1095=EDGE_CURVE('',#1376,#1377,#39,.F.);
#1096=EDGE_CURVE('',#1377,#1378,#134,.T.);
#1097=EDGE_CURVE('',#1378,#1379,#1524,.T.);
#1098=EDGE_CURVE('',#1379,#1375,#135,.T.);
#1099=EDGE_CURVE('',#1355,#1301,#40,.F.);
#1100=EDGE_CURVE('',#1319,#1380,#1525,.T.);
#1101=EDGE_CURVE('',#1323,#1379,#247,.F.);
#1102=EDGE_CURVE('',#1378,#1380,#248,.T.);
#1103=EDGE_CURVE('',#1381,#1303,#41,.T.);
#1104=EDGE_CURVE('',#1302,#1382,#42,.F.);
#1105=EDGE_CURVE('',#1382,#1381,#136,.T.);
#1106=EDGE_CURVE('',#1383,#1311,#137,.T.);
#1107=EDGE_CURVE('',#1380,#1383,#138,.T.);
#1108=EDGE_CURVE('',#1377,#1384,#139,.T.);
#1109=EDGE_CURVE('',#1384,#1312,#140,.T.);
#1110=EDGE_CURVE('',#1360,#1385,#141,.T.);
#1111=EDGE_CURVE('',#1385,#1368,#43,.F.);
#1112=EDGE_CURVE('',#1358,#1367,#142,.F.);
#1113=EDGE_CURVE('',#1364,#1359,#143,.T.);
#1114=EDGE_CURVE('',#1366,#1365,#144,.T.);
#1115=EDGE_CURVE('',#1354,#1382,#145,.T.);
#1116=EDGE_CURVE('',#1386,#1283,#1526,.T.);
#1117=EDGE_CURVE('',#1284,#1386,#249,.T.);
#1118=EDGE_CURVE('',#1387,#1386,#250,.T.);
#1119=EDGE_CURVE('',#1325,#1387,#251,.T.);
#1120=EDGE_CURVE('',#1375,#1387,#252,.T.);
#1121=EDGE_CURVE('',#1360,#1312,#253,.T.);
#1122=EDGE_CURVE('',#1385,#1384,#146,.F.);
#1123=EDGE_CURVE('',#1368,#1376,#254,.T.);
#1124=EDGE_CURVE('',#1369,#1375,#255,.T.);
#1125=EDGE_CURVE('',#1370,#1387,#256,.T.);
#1126=EDGE_CURVE('',#1353,#1359,#257,.T.);
#1127=EDGE_CURVE('',#1371,#1386,#258,.T.);
#1128=EDGE_CURVE('',#1381,#1364,#259,.T.);
#1129=EDGE_CURVE('',#1366,#1361,#260,.T.);
#1130=EDGE_CURVE('',#1362,#1365,#261,.T.);
#1131=EDGE_CURVE('',#1388,#1279,#147,.F.);
#1132=EDGE_CURVE('',#1388,#1389,#148,.F.);
#1133=EDGE_CURVE('',#1275,#1389,#1527,.T.);
#1134=EDGE_CURVE('',#1390,#1391,#1528,.T.);
#1135=EDGE_CURVE('',#1391,#1392,#149,.T.);
#1136=EDGE_CURVE('',#1392,#1393,#150,.T.);
#1137=EDGE_CURVE('',#1393,#1394,#151,.T.);
#1138=EDGE_CURVE('',#1394,#1395,#152,.T.);
#1139=EDGE_CURVE('',#1395,#1257,#153,.T.);
#1140=EDGE_CURVE('',#1396,#1337,#1529,.T.);
#1141=EDGE_CURVE('',#1396,#1390,#262,.T.);
#1142=EDGE_CURVE('',#1298,#1396,#263,.T.);
#1143=EDGE_CURVE('',#1350,#1397,#154,.T.);
#1144=EDGE_CURVE('',#1398,#1397,#1530,.T.);
#1145=EDGE_CURVE('',#1398,#1292,#264,.T.);
#1146=EDGE_CURVE('',#1397,#1399,#155,.T.);
#1147=EDGE_CURVE('',#1399,#1400,#156,.T.);
#1148=EDGE_CURVE('',#1400,#1401,#157,.T.);
#1149=EDGE_CURVE('',#1401,#1402,#158,.T.);
#1150=EDGE_CURVE('',#1402,#1391,#159,.T.);
#1151=EDGE_CURVE('',#1390,#1403,#1531,.T.);
#1152=EDGE_CURVE('',#1403,#1404,#1532,.T.);
#1153=EDGE_CURVE('',#1404,#1398,#1533,.T.);
#1154=EDGE_CURVE('',#1307,#1271,#265,.T.);
#1155=EDGE_CURVE('',#1306,#1351,#160,.T.);
#1156=EDGE_CURVE('',#1405,#1406,#1534,.T.);
#1157=EDGE_CURVE('',#1406,#1297,#266,.F.);
#1158=EDGE_CURVE('',#1296,#1405,#267,.T.);
#1159=EDGE_CURVE('',#1293,#1407,#268,.F.);
#1160=EDGE_CURVE('',#1407,#1408,#1535,.T.);
#1161=EDGE_CURVE('',#1408,#1294,#269,.T.);
#1162=EDGE_CURVE('',#1409,#1250,#1536,.T.);
#1163=EDGE_CURVE('',#1409,#1277,#1537,.T.);
#1164=EDGE_CURVE('',#1410,#1249,#1538,.T.);
#1165=EDGE_CURVE('',#1410,#1409,#1539,.T.);
#1166=EDGE_CURVE('',#1410,#1278,#1540,.T.);
#1167=EDGE_CURVE('',#1411,#1411,#161,.T.);
#1168=EDGE_CURVE('',#1412,#1412,#162,.T.);
#1169=EDGE_CURVE('',#1413,#1413,#163,.T.);
#1170=EDGE_CURVE('',#1414,#1244,#1541,.T.);
#1171=EDGE_CURVE('',#1308,#1414,#1542,.T.);
#1172=EDGE_CURVE('',#1415,#1242,#1543,.T.);
#1173=EDGE_CURVE('',#1415,#1237,#1544,.T.);
#1174=EDGE_CURVE('',#1239,#1414,#1545,.T.);
#1175=EDGE_CURVE('',#1405,#1254,#1546,.T.);
#1176=EDGE_CURVE('',#1416,#1417,#1547,.T.);
#1177=EDGE_CURVE('',#1416,#1403,#1548,.T.);
#1178=EDGE_CURVE('',#1390,#1406,#1549,.T.);
#1179=EDGE_CURVE('',#1408,#1253,#1550,.T.);
#1180=EDGE_CURVE('',#1398,#1407,#1551,.T.);
#1181=EDGE_CURVE('',#1417,#1404,#1552,.T.);
#1182=EDGE_CURVE('',#1310,#1309,#1553,.T.);
#1183=EDGE_CURVE('',#1383,#1318,#1554,.T.);
#1184=EDGE_CURVE('',#1287,#1320,#1555,.T.);
#1185=EDGE_CURVE('',#1418,#1419,#164,.T.);
#1186=EDGE_CURVE('',#1419,#1420,#165,.T.);
#1187=EDGE_CURVE('',#1420,#1421,#166,.T.);
#1188=EDGE_CURVE('',#1421,#1418,#167,.T.);
#1189=EDGE_CURVE('',#1422,#1422,#44,.T.);
#1190=EDGE_CURVE('',#1423,#1424,#1556,.T.);
#1191=EDGE_CURVE('',#1425,#1423,#1557,.T.);
#1192=EDGE_CURVE('',#1426,#1425,#1558,.T.);
#1193=EDGE_CURVE('',#1427,#1426,#1559,.T.);
#1194=EDGE_CURVE('',#1428,#1427,#1560,.T.);
#1195=EDGE_CURVE('',#1424,#1428,#1561,.T.);
#1196=EDGE_CURVE('',#1263,#1346,#45,.T.);
#1197=EDGE_CURVE('',#1429,#1424,#1562,.T.);
#1198=EDGE_CURVE('',#1430,#1429,#1563,.T.);
#1199=EDGE_CURVE('',#1430,#1423,#1564,.T.);
#1200=EDGE_CURVE('',#1431,#1428,#1565,.T.);
#1201=EDGE_CURVE('',#1429,#1431,#1566,.T.);
#1202=EDGE_CURVE('',#1432,#1427,#1567,.T.);
#1203=EDGE_CURVE('',#1431,#1432,#1568,.T.);
#1204=EDGE_CURVE('',#1433,#1426,#1569,.T.);
#1205=EDGE_CURVE('',#1432,#1433,#1570,.T.);
#1206=EDGE_CURVE('',#1434,#1425,#1571,.T.);
#1207=EDGE_CURVE('',#1433,#1434,#1572,.T.);
#1208=EDGE_CURVE('',#1434,#1430,#1573,.T.);
#1209=EDGE_CURVE('',#1421,#1435,#168,.F.);
#1210=EDGE_CURVE('',#1435,#1347,#169,.T.);
#1211=EDGE_CURVE('',#1418,#1345,#170,.F.);
#1212=EDGE_CURVE('',#1402,#1421,#171,.T.);
#1213=EDGE_CURVE('',#1392,#1420,#172,.T.);
#1214=EDGE_CURVE('',#1419,#1395,#173,.F.);
#1215=EDGE_CURVE('',#1435,#1402,#270,.T.);
#1216=EDGE_CURVE('',#1347,#1401,#271,.T.);
#1217=EDGE_CURVE('',#1348,#1400,#272,.T.);
#1218=EDGE_CURVE('',#1349,#1399,#174,.F.);
#1219=EDGE_CURVE('',#1436,#1437,#1574,.F.);
#1220=EDGE_CURVE('',#1437,#1438,#1575,.T.);
#1221=EDGE_CURVE('',#1438,#1439,#1576,.T.);
#1222=EDGE_CURVE('',#1439,#1436,#1577,.F.);
#1223=EDGE_CURVE('',#1440,#1440,#273,.T.);
#1224=EDGE_CURVE('',#1441,#1441,#274,.T.);
#1225=EDGE_CURVE('',#1442,#1442,#275,.T.);
#1226=EDGE_CURVE('',#1404,#1439,#46,.T.);
#1227=EDGE_CURVE('',#1436,#1403,#47,.F.);
#1228=EDGE_CURVE('',#1437,#1416,#48,.F.);
#1229=EDGE_CURVE('',#1417,#1438,#49,.T.);
#1230=EDGE_CURVE('',#1443,#1443,#276,.T.);
#1231=EDGE_CURVE('',#1444,#1444,#277,.T.);
#1232=EDGE_CURVE('',#1415,#1295,#278,.T.);
#1233=EDGE_CURVE('',#1445,#1445,#279,.T.);
#1234=EDGE_CURVE('',#1446,#1446,#280,.T.);
#1235=EDGE_CURVE('',#1447,#1447,#281,.T.);
#1236=VERTEX_POINT('',#2836);
#1237=VERTEX_POINT('',#2837);
#1238=VERTEX_POINT('',#2839);
#1239=VERTEX_POINT('',#2841);
#1240=VERTEX_POINT('',#2845);
#1241=VERTEX_POINT('',#2847);
#1242=VERTEX_POINT('',#2849);
#1243=VERTEX_POINT('',#2850);
#1244=VERTEX_POINT('',#2852);
#1245=VERTEX_POINT('',#2854);
#1246=VERTEX_POINT('',#2856);
#1247=VERTEX_POINT('',#2858);
#1248=VERTEX_POINT('',#2860);
#1249=VERTEX_POINT('',#2862);
#1250=VERTEX_POINT('',#2864);
#1251=VERTEX_POINT('',#2866);
#1252=VERTEX_POINT('',#2868);
#1253=VERTEX_POINT('',#2870);
#1254=VERTEX_POINT('',#2872);
#1255=VERTEX_POINT('',#2874);
#1256=VERTEX_POINT('',#2882);
#1257=VERTEX_POINT('',#2883);
#1258=VERTEX_POINT('',#2888);
#1259=VERTEX_POINT('',#2892);
#1260=VERTEX_POINT('',#2893);
#1261=VERTEX_POINT('',#2901);
#1262=VERTEX_POINT('',#2908);
#1263=VERTEX_POINT('',#2997);
#1264=VERTEX_POINT('',#3004);
#1265=VERTEX_POINT('',#3006);
#1266=VERTEX_POINT('',#3008);
#1267=VERTEX_POINT('',#3010);
#1268=VERTEX_POINT('',#3124);
#1269=VERTEX_POINT('',#3125);
#1270=VERTEX_POINT('',#3131);
#1271=VERTEX_POINT('',#3139);
#1272=VERTEX_POINT('',#3144);
#1273=VERTEX_POINT('',#3149);
#1274=VERTEX_POINT('',#3657);
#1275=VERTEX_POINT('',#3663);
#1276=VERTEX_POINT('',#3679);
#1277=VERTEX_POINT('',#3683);
#1278=VERTEX_POINT('',#3685);
#1279=VERTEX_POINT('',#3688);
#1280=VERTEX_POINT('',#3693);
#1281=VERTEX_POINT('',#3698);
#1282=VERTEX_POINT('',#3700);
#1283=VERTEX_POINT('',#3702);
#1284=VERTEX_POINT('',#3704);
#1285=VERTEX_POINT('',#3709);
#1286=VERTEX_POINT('',#3711);
#1287=VERTEX_POINT('',#3713);
#1288=VERTEX_POINT('',#3715);
#1289=VERTEX_POINT('',#3720);
#1290=VERTEX_POINT('',#3722);
#1291=VERTEX_POINT('',#3724);
#1292=VERTEX_POINT('',#3729);
#1293=VERTEX_POINT('',#3731);
#1294=VERTEX_POINT('',#3733);
#1295=VERTEX_POINT('',#3737);
#1296=VERTEX_POINT('',#3740);
#1297=VERTEX_POINT('',#3742);
#1298=VERTEX_POINT('',#3744);
#1299=VERTEX_POINT('',#3746);
#1300=VERTEX_POINT('',#3748);
#1301=VERTEX_POINT('',#3750);
#1302=VERTEX_POINT('',#3756);
#1303=VERTEX_POINT('',#3758);
#1304=VERTEX_POINT('',#3761);
#1305=VERTEX_POINT('',#3766);
#1306=VERTEX_POINT('',#3771);
#1307=VERTEX_POINT('',#3776);
#1308=VERTEX_POINT('',#3779);
#1309=VERTEX_POINT('',#3783);
#1310=VERTEX_POINT('',#3784);
#1311=VERTEX_POINT('',#3786);
#1312=VERTEX_POINT('',#3788);
#1313=VERTEX_POINT('',#3790);
#1314=VERTEX_POINT('',#3792);
#1315=VERTEX_POINT('',#3794);
#1316=VERTEX_POINT('',#3796);
#1317=VERTEX_POINT('',#3799);
#1318=VERTEX_POINT('',#3803);
#1319=VERTEX_POINT('',#3804);
#1320=VERTEX_POINT('',#3806);
#1321=VERTEX_POINT('',#3808);
#1322=VERTEX_POINT('',#3810);
#1323=VERTEX_POINT('',#3816);
#1324=VERTEX_POINT('',#3819);
#1325=VERTEX_POINT('',#3823);
#1326=VERTEX_POINT('',#3873);
#1327=VERTEX_POINT('',#3874);
#1328=VERTEX_POINT('',#3876);
#1329=VERTEX_POINT('',#3878);
#1330=VERTEX_POINT('',#3921);
#1331=VERTEX_POINT('',#3922);
#1332=VERTEX_POINT('',#3928);
#1333=VERTEX_POINT('',#3930);
#1334=VERTEX_POINT('',#3960);
#1335=VERTEX_POINT('',#3962);
#1336=VERTEX_POINT('',#3989);
#1337=VERTEX_POINT('',#4017);
#1338=VERTEX_POINT('',#4018);
#1339=VERTEX_POINT('',#4020);
#1340=VERTEX_POINT('',#4022);
#1341=VERTEX_POINT('',#4073);
#1342=VERTEX_POINT('',#4091);
#1343=VERTEX_POINT('',#4093);
#1344=VERTEX_POINT('',#4098);
#1345=VERTEX_POINT('',#4124);
#1346=VERTEX_POINT('',#4150);
#1347=VERTEX_POINT('',#4224);
#1348=VERTEX_POINT('',#4225);
#1349=VERTEX_POINT('',#4235);
#1350=VERTEX_POINT('',#4260);
#1351=VERTEX_POINT('',#4287);
#1352=VERTEX_POINT('',#4306);
#1353=VERTEX_POINT('',#4313);
#1354=VERTEX_POINT('',#4318);
#1355=VERTEX_POINT('',#4323);
#1356=VERTEX_POINT('',#4348);
#1357=VERTEX_POINT('',#4350);
#1358=VERTEX_POINT('',#4367);
#1359=VERTEX_POINT('',#4368);
#1360=VERTEX_POINT('',#4373);
#1361=VERTEX_POINT('',#4377);
#1362=VERTEX_POINT('',#4378);
#1363=VERTEX_POINT('',#4384);
#1364=VERTEX_POINT('',#4387);
#1365=VERTEX_POINT('',#4388);
#1366=VERTEX_POINT('',#4390);
#1367=VERTEX_POINT('',#4392);
#1368=VERTEX_POINT('',#4394);
#1369=VERTEX_POINT('',#4396);
#1370=VERTEX_POINT('',#4398);
#1371=VERTEX_POINT('',#4400);
#1372=VERTEX_POINT('',#4404);
#1373=VERTEX_POINT('',#4406);
#1374=VERTEX_POINT('',#4408);
#1375=VERTEX_POINT('',#4411);
#1376=VERTEX_POINT('',#4412);
#1377=VERTEX_POINT('',#4414);
#1378=VERTEX_POINT('',#4419);
#1379=VERTEX_POINT('',#4421);
#1380=VERTEX_POINT('',#4431);
#1381=VERTEX_POINT('',#4436);
#1382=VERTEX_POINT('',#4438);
#1383=VERTEX_POINT('',#4459);
#1384=VERTEX_POINT('',#4469);
#1385=VERTEX_POINT('',#4481);
#1386=VERTEX_POINT('',#4523);
#1387=VERTEX_POINT('',#4527);
#1388=VERTEX_POINT('',#4661);
#1389=VERTEX_POINT('',#4666);
#1390=VERTEX_POINT('',#4708);
#1391=VERTEX_POINT('',#4709);
#1392=VERTEX_POINT('',#4714);
#1393=VERTEX_POINT('',#4719);
#1394=VERTEX_POINT('',#4731);
#1395=VERTEX_POINT('',#4736);
#1396=VERTEX_POINT('',#4742);
#1397=VERTEX_POINT('',#4806);
#1398=VERTEX_POINT('',#4808);
#1399=VERTEX_POINT('',#4894);
#1400=VERTEX_POINT('',#4904);
#1401=VERTEX_POINT('',#4909);
#1402=VERTEX_POINT('',#4914);
#1403=VERTEX_POINT('',#4924);
#1404=VERTEX_POINT('',#4926);
#1405=VERTEX_POINT('',#5019);
#1406=VERTEX_POINT('',#5020);
#1407=VERTEX_POINT('',#5025);
#1408=VERTEX_POINT('',#5027);
#1409=VERTEX_POINT('',#5031);
#1410=VERTEX_POINT('',#5035);
#1411=VERTEX_POINT('',#5051);
#1412=VERTEX_POINT('',#5063);
#1413=VERTEX_POINT('',#5075);
#1414=VERTEX_POINT('',#5078);
#1415=VERTEX_POINT('',#5082);
#1416=VERTEX_POINT('',#5089);
#1417=VERTEX_POINT('',#5090);
#1418=VERTEX_POINT('',#5155);
#1419=VERTEX_POINT('',#5156);
#1420=VERTEX_POINT('',#5165);
#1421=VERTEX_POINT('',#5179);
#1422=VERTEX_POINT('',#5194);
#1423=VERTEX_POINT('',#5197);
#1424=VERTEX_POINT('',#5198);
#1425=VERTEX_POINT('',#5200);
#1426=VERTEX_POINT('',#5202);
#1427=VERTEX_POINT('',#5204);
#1428=VERTEX_POINT('',#5206);
#1429=VERTEX_POINT('',#5222);
#1430=VERTEX_POINT('',#5224);
#1431=VERTEX_POINT('',#5228);
#1432=VERTEX_POINT('',#5232);
#1433=VERTEX_POINT('',#5236);
#1434=VERTEX_POINT('',#5240);
#1435=VERTEX_POINT('',#5300);
#1436=VERTEX_POINT('',#5618);
#1437=VERTEX_POINT('',#5619);
#1438=VERTEX_POINT('',#5621);
#1439=VERTEX_POINT('',#5623);
#1440=VERTEX_POINT('',#5626);
#1441=VERTEX_POINT('',#5628);
#1442=VERTEX_POINT('',#5630);
#1443=VERTEX_POINT('',#5644);
#1444=VERTEX_POINT('',#5648);
#1445=VERTEX_POINT('',#5655);
#1446=VERTEX_POINT('',#5659);
#1447=VERTEX_POINT('',#5663);
#1448=LINE('',#2835,#1578);
#1449=LINE('',#2838,#1579);
#1450=LINE('',#2840,#1580);
#1451=LINE('',#2842,#1581);
#1452=LINE('',#2851,#1582);
#1453=LINE('',#2853,#1583);
#1454=LINE('',#2855,#1584);
#1455=LINE('',#2859,#1585);
#1456=LINE('',#2861,#1586);
#1457=LINE('',#2863,#1587);
#1458=LINE('',#2865,#1588);
#1459=LINE('',#2867,#1589);
#1460=LINE('',#2871,#1590);
#1461=LINE('',#2875,#1591);
#1462=LINE('',#2889,#1592);
#1463=LINE('',#3005,#1593);
#1464=LINE('',#3009,#1594);
#1465=LINE('',#3680,#1595);
#1466=LINE('',#3682,#1596);
#1467=LINE('',#3684,#1597);
#1468=LINE('',#3686,#1598);
#1469=LINE('',#3687,#1599);
#1470=LINE('',#3699,#1600);
#1471=LINE('',#3701,#1601);
#1472=LINE('',#3710,#1602);
#1473=LINE('',#3712,#1603);
#1474=LINE('',#3714,#1604);
#1475=LINE('',#3721,#1605);
#1476=LINE('',#3723,#1606);
#1477=LINE('',#3730,#1607);
#1478=LINE('',#3732,#1608);
#1479=LINE('',#3734,#1609);
#1480=LINE('',#3736,#1610);
#1481=LINE('',#3738,#1611);
#1482=LINE('',#3739,#1612);
#1483=LINE('',#3741,#1613);
#1484=LINE('',#3743,#1614);
#1485=LINE('',#3745,#1615);
#1486=LINE('',#3747,#1616);
#1487=LINE('',#3749,#1617);
#1488=LINE('',#3757,#1618);
#1489=LINE('',#3759,#1619);
#1490=LINE('',#3760,#1620);
#1491=LINE('',#3777,#1621);
#1492=LINE('',#3778,#1622);
#1493=LINE('',#3780,#1623);
#1494=LINE('',#3789,#1624);
#1495=LINE('',#3802,#1625);
#1496=LINE('',#3807,#1626);
#1497=LINE('',#3821,#1627);
#1498=LINE('',#3875,#1628);
#1499=LINE('',#3879,#1629);
#1500=LINE('',#3920,#1630);
#1501=LINE('',#3929,#1631);
#1502=LINE('',#3963,#1632);
#1503=LINE('',#3988,#1633);
#1504=LINE('',#3990,#1634);
#1505=LINE('',#4016,#1635);
#1506=LINE('',#4019,#1636);
#1507=LINE('',#4021,#1637);
#1508=LINE('',#4072,#1638);
#1509=LINE('',#4074,#1639);
#1510=LINE('',#4092,#1640);
#1511=LINE('',#4099,#1641);
#1512=LINE('',#4125,#1642);
#1513=LINE('',#4236,#1643);
#1514=LINE('',#4286,#1644);
#1515=LINE('',#4349,#1645);
#1516=LINE('',#4369,#1646);
#1517=LINE('',#4370,#1647);
#1518=LINE('',#4372,#1648);
#1519=LINE('',#4374,#1649);
#1520=LINE('',#4393,#1650);
#1521=LINE('',#4395,#1651);
#1522=LINE('',#4401,#1652);
#1523=LINE('',#4410,#1653);
#1524=LINE('',#4420,#1654);
#1525=LINE('',#4430,#1655);
#1526=LINE('',#4522,#1656);
#1527=LINE('',#4667,#1657);
#1528=LINE('',#4707,#1658);
#1529=LINE('',#4741,#1659);
#1530=LINE('',#4807,#1660);
#1531=LINE('',#4923,#1661);
#1532=LINE('',#4925,#1662);
#1533=LINE('',#4927,#1663);
#1534=LINE('',#5018,#1664);
#1535=LINE('',#5026,#1665);
#1536=LINE('',#5030,#1666);
#1537=LINE('',#5032,#1667);
#1538=LINE('',#5034,#1668);
#1539=LINE('',#5036,#1669);
#1540=LINE('',#5038,#1670);
#1541=LINE('',#5077,#1671);
#1542=LINE('',#5079,#1672);
#1543=LINE('',#5081,#1673);
#1544=LINE('',#5083,#1674);
#1545=LINE('',#5084,#1675);
#1546=LINE('',#5086,#1676);
#1547=LINE('',#5088,#1677);
#1548=LINE('',#5091,#1678);
#1549=LINE('',#5092,#1679);
#1550=LINE('',#5093,#1680);
#1551=LINE('',#5094,#1681);
#1552=LINE('',#5095,#1682);
#1553=LINE('',#5100,#1683);
#1554=LINE('',#5102,#1684);
#1555=LINE('',#5103,#1685);
#1556=LINE('',#5196,#1686);
#1557=LINE('',#5199,#1687);
#1558=LINE('',#5201,#1688);
#1559=LINE('',#5203,#1689);
#1560=LINE('',#5205,#1690);
#1561=LINE('',#5207,#1691);
#1562=LINE('',#5221,#1692);
#1563=LINE('',#5223,#1693);
#1564=LINE('',#5225,#1694);
#1565=LINE('',#5227,#1695);
#1566=LINE('',#5229,#1696);
#1567=LINE('',#5231,#1697);
#1568=LINE('',#5233,#1698);
#1569=LINE('',#5235,#1699);
#1570=LINE('',#5237,#1700);
#1571=LINE('',#5239,#1701);
#1572=LINE('',#5241,#1702);
#1573=LINE('',#5243,#1703);
#1574=LINE('',#5617,#1704);
#1575=LINE('',#5620,#1705);
#1576=LINE('',#5622,#1706);
#1577=LINE('',#5624,#1707);
#1578=VECTOR('',#2361,1.);
#1579=VECTOR('',#2362,1.);
#1580=VECTOR('',#2363,1.);
#1581=VECTOR('',#2364,1.);
#1582=VECTOR('',#2373,1.);
#1583=VECTOR('',#2374,1.);
#1584=VECTOR('',#2375,1.);
#1585=VECTOR('',#2378,1.);
#1586=VECTOR('',#2379,1.);
#1587=VECTOR('',#2380,1.);
#1588=VECTOR('',#2381,1.);
#1589=VECTOR('',#2382,1.);
#1590=VECTOR('',#2385,1.);
#1591=VECTOR('',#2388,1.);
#1592=VECTOR('',#2391,1.);
#1593=VECTOR('',#2398,1.);
#1594=VECTOR('',#2401,1.);
#1595=VECTOR('',#2402,1.);
#1596=VECTOR('',#2405,1.);
#1597=VECTOR('',#2406,1.);
#1598=VECTOR('',#2407,1.);
#1599=VECTOR('',#2408,1.);
#1600=VECTOR('',#2409,1.);
#1601=VECTOR('',#2410,1.);
#1602=VECTOR('',#2413,1.);
#1603=VECTOR('',#2414,1.);
#1604=VECTOR('',#2415,1.);
#1605=VECTOR('',#2416,1.);
#1606=VECTOR('',#2417,1.);
#1607=VECTOR('',#2418,1.);
#1608=VECTOR('',#2419,1.);
#1609=VECTOR('',#2420,1.);
#1610=VECTOR('',#2423,1.);
#1611=VECTOR('',#2424,1.);
#1612=VECTOR('',#2425,1.);
#1613=VECTOR('',#2426,1.);
#1614=VECTOR('',#2427,1.);
#1615=VECTOR('',#2428,1.);
#1616=VECTOR('',#2429,1.);
#1617=VECTOR('',#2430,1.);
#1618=VECTOR('',#2431,1.);
#1619=VECTOR('',#2432,1.);
#1620=VECTOR('',#2433,1.);
#1621=VECTOR('',#2434,1.);
#1622=VECTOR('',#2435,1.);
#1623=VECTOR('',#2436,1.);
#1624=VECTOR('',#2445,1.);
#1625=VECTOR('',#2460,1.);
#1626=VECTOR('',#2463,1.);
#1627=VECTOR('',#2472,1.);
#1628=VECTOR('',#2479,1.);
#1629=VECTOR('',#2482,1.);
#1630=VECTOR('',#2483,1.);
#1631=VECTOR('',#2484,1.);
#1632=VECTOR('',#2489,1.);
#1633=VECTOR('',#2490,1.);
#1634=VECTOR('',#2491,1.);
#1635=VECTOR('',#2492,1.);
#1636=VECTOR('',#2493,1.);
#1637=VECTOR('',#2494,1.);
#1638=VECTOR('',#2497,1.);
#1639=VECTOR('',#2498,1.);
#1640=VECTOR('',#2499,1.);
#1641=VECTOR('',#2500,1.);
#1642=VECTOR('',#2501,1.);
#1643=VECTOR('',#2504,1.);
#1644=VECTOR('',#2507,1.);
#1645=VECTOR('',#2512,1.);
#1646=VECTOR('',#2521,1.);
#1647=VECTOR('',#2522,1.);
#1648=VECTOR('',#2525,1.);
#1649=VECTOR('',#2526,1.);
#1650=VECTOR('',#2541,1.);
#1651=VECTOR('',#2542,1.);
#1652=VECTOR('',#2547,1.);
#1653=VECTOR('',#2558,1.);
#1654=VECTOR('',#2561,1.);
#1655=VECTOR('',#2568,1.);
#1656=VECTOR('',#2589,1.);
#1657=VECTOR('',#2634,1.);
#1658=VECTOR('',#2635,1.);
#1659=VECTOR('',#2636,1.);
#1660=VECTOR('',#2641,1.);
#1661=VECTOR('',#2644,1.);
#1662=VECTOR('',#2645,1.);
#1663=VECTOR('',#2646,1.);
#1664=VECTOR('',#2651,1.);
#1665=VECTOR('',#2660,1.);
#1666=VECTOR('',#2665,1.);
#1667=VECTOR('',#2666,1.);
#1668=VECTOR('',#2669,1.);
#1669=VECTOR('',#2670,1.);
#1670=VECTOR('',#2673,1.);
#1671=VECTOR('',#2678,1.);
#1672=VECTOR('',#2679,1.);
#1673=VECTOR('',#2682,1.);
#1674=VECTOR('',#2683,1.);
#1675=VECTOR('',#2684,1.);
#1676=VECTOR('',#2687,1.);
#1677=VECTOR('',#2690,1.);
#1678=VECTOR('',#2691,1.);
#1679=VECTOR('',#2692,1.);
#1680=VECTOR('',#2693,1.);
#1681=VECTOR('',#2694,1.);
#1682=VECTOR('',#2695,1.);
#1683=VECTOR('',#2704,1.);
#1684=VECTOR('',#2707,1.);
#1685=VECTOR('',#2708,1.);
#1686=VECTOR('',#2721,1.);
#1687=VECTOR('',#2722,1.);
#1688=VECTOR('',#2723,1.);
#1689=VECTOR('',#2724,1.);
#1690=VECTOR('',#2725,1.);
#1691=VECTOR('',#2726,1.);
#1692=VECTOR('',#2733,1.);
#1693=VECTOR('',#2734,1.);
#1694=VECTOR('',#2735,1.);
#1695=VECTOR('',#2738,1.);
#1696=VECTOR('',#2739,1.);
#1697=VECTOR('',#2742,1.);
#1698=VECTOR('',#2743,1.);
#1699=VECTOR('',#2746,1.);
#1700=VECTOR('',#2747,1.);
#1701=VECTOR('',#2750,1.);
#1702=VECTOR('',#2751,1.);
#1703=VECTOR('',#2754,1.);
#1704=VECTOR('',#2765,1.);
#1705=VECTOR('',#2766,1.);
#1706=VECTOR('',#2767,1.);
#1707=VECTOR('',#2768,1.);
#1708=EDGE_LOOP('',(#282,#283,#284,#285));
#1709=EDGE_LOOP('',(#286));
#1710=EDGE_LOOP('',(#287));
#1711=EDGE_LOOP('',(#288,#289,#290,#291,#292,#293,#294,#295,#296,#297,#298,
#299,#300,#301));
#1712=EDGE_LOOP('',(#302,#303,#304));
#1713=EDGE_LOOP('',(#305,#306,#307));
#1714=EDGE_LOOP('',(#308));
#1715=EDGE_LOOP('',(#309,#310,#311,#312,#313,#314,#315));
#1716=EDGE_LOOP('',(#316,#317,#318,#319,#320,#321));
#1717=EDGE_LOOP('',(#322,#323,#324,#325,#326,#327,#328,#329));
#1718=EDGE_LOOP('',(#330,#331,#332,#333,#334,#335,#336,#337,#338,#339,#340,
#341,#342,#343,#344,#345,#346,#347,#348,#349,#350,#351));
#1719=EDGE_LOOP('',(#352,#353,#354,#355,#356,#357,#358,#359,#360,#361,#362,
#363,#364,#365,#366,#367,#368,#369,#370,#371,#372,#373));
#1720=EDGE_LOOP('',(#374,#375,#376,#377,#378,#379,#380,#381,#382,#383,#384));
#1721=EDGE_LOOP('',(#385,#386,#387,#388,#389,#390));
#1722=EDGE_LOOP('',(#391));
#1723=EDGE_LOOP('',(#392,#393,#394,#395,#396));
#1724=EDGE_LOOP('',(#397,#398,#399));
#1725=EDGE_LOOP('',(#400,#401,#402,#403));
#1726=EDGE_LOOP('',(#404,#405,#406,#407));
#1727=EDGE_LOOP('',(#408,#409,#410,#411));
#1728=EDGE_LOOP('',(#412,#413,#414,#415));
#1729=EDGE_LOOP('',(#416,#417,#418,#419));
#1730=EDGE_LOOP('',(#420,#421,#422,#423));
#1731=EDGE_LOOP('',(#424,#425,#426,#427));
#1732=EDGE_LOOP('',(#428,#429,#430,#431,#432,#433,#434));
#1733=EDGE_LOOP('',(#435,#436,#437,#438,#439));
#1734=EDGE_LOOP('',(#440,#441,#442,#443,#444,#445));
#1735=EDGE_LOOP('',(#446,#447,#448,#449,#450,#451,#452));
#1736=EDGE_LOOP('',(#453,#454,#455,#456,#457));
#1737=EDGE_LOOP('',(#458,#459,#460,#461));
#1738=EDGE_LOOP('',(#462,#463,#464));
#1739=EDGE_LOOP('',(#465,#466,#467,#468,#469,#470,#471,#472));
#1740=EDGE_LOOP('',(#473,#474,#475,#476));
#1741=EDGE_LOOP('',(#477,#478,#479,#480));
#1742=EDGE_LOOP('',(#481,#482,#483,#484,#485,#486));
#1743=EDGE_LOOP('',(#487,#488,#489,#490,#491));
#1744=EDGE_LOOP('',(#492,#493));
#1745=EDGE_LOOP('',(#494));
#1746=EDGE_LOOP('',(#495,#496,#497,#498,#499,#500,#501,#502));
#1747=EDGE_LOOP('',(#503));
#1748=EDGE_LOOP('',(#504));
#1749=EDGE_LOOP('',(#505));
#1750=EDGE_LOOP('',(#506,#507,#508,#509,#510,#511,#512,#513,#514,#515,#516));
#1751=EDGE_LOOP('',(#517));
#1752=EDGE_LOOP('',(#518));
#1753=EDGE_LOOP('',(#519,#520,#521,#522,#523));
#1754=EDGE_LOOP('',(#524,#525,#526));
#1755=EDGE_LOOP('',(#527,#528,#529,#530,#531));
#1756=EDGE_LOOP('',(#532,#533,#534,#535));
#1757=EDGE_LOOP('',(#536,#537,#538,#539,#540,#541,#542));
#1758=EDGE_LOOP('',(#543,#544,#545,#546,#547));
#1759=EDGE_LOOP('',(#548,#549,#550,#551,#552,#553));
#1760=EDGE_LOOP('',(#554,#555,#556,#557,#558));
#1761=EDGE_LOOP('',(#559,#560,#561));
#1762=EDGE_LOOP('',(#562,#563,#564,#565,#566));
#1763=EDGE_LOOP('',(#567,#568,#569,#570,#571,#572));
#1764=EDGE_LOOP('',(#573,#574,#575,#576,#577));
#1765=EDGE_LOOP('',(#578,#579,#580,#581));
#1766=EDGE_LOOP('',(#582,#583,#584,#585,#586));
#1767=EDGE_LOOP('',(#587,#588,#589,#590));
#1768=EDGE_LOOP('',(#591,#592,#593,#594));
#1769=EDGE_LOOP('',(#595,#596,#597));
#1770=EDGE_LOOP('',(#598,#599,#600,#601));
#1771=EDGE_LOOP('',(#602,#603,#604,#605,#606,#607));
#1772=EDGE_LOOP('',(#608,#609,#610,#611,#612,#613));
#1773=EDGE_LOOP('',(#614,#615,#616,#617));
#1774=EDGE_LOOP('',(#618,#619,#620,#621));
#1775=EDGE_LOOP('',(#622,#623,#624,#625,#626,#627,#628));
#1776=EDGE_LOOP('',(#629,#630,#631,#632,#633,#634,#635,#636,#637,#638));
#1777=EDGE_LOOP('',(#639,#640,#641,#642,#643,#644,#645));
#1778=EDGE_LOOP('',(#646,#647,#648,#649,#650));
#1779=EDGE_LOOP('',(#651,#652,#653,#654,#655,#656,#657,#658,#659,#660));
#1780=EDGE_LOOP('',(#661,#662,#663,#664,#665,#666,#667,#668,#669));
#1781=EDGE_LOOP('',(#670,#671,#672));
#1782=EDGE_LOOP('',(#673,#674,#675,#676));
#1783=EDGE_LOOP('',(#677,#678,#679,#680));
#1784=EDGE_LOOP('',(#681,#682,#683,#684));
#1785=EDGE_LOOP('',(#685,#686,#687,#688));
#1786=EDGE_LOOP('',(#689,#690,#691,#692));
#1787=EDGE_LOOP('',(#693));
#1788=EDGE_LOOP('',(#694));
#1789=EDGE_LOOP('',(#695));
#1790=EDGE_LOOP('',(#696,#697,#698,#699,#700,#701,#702,#703,#704,#705));
#1791=EDGE_LOOP('',(#706,#707,#708,#709));
#1792=EDGE_LOOP('',(#710,#711,#712,#713,#714,#715));
#1793=EDGE_LOOP('',(#716,#717,#718,#719));
#1794=EDGE_LOOP('',(#720,#721,#722,#723,#724,#725,#726,#727,#728,#729,#730,
#731));
#1795=EDGE_LOOP('',(#732,#733,#734,#735));
#1796=EDGE_LOOP('',(#736,#737,#738,#739,#740));
#1797=EDGE_LOOP('',(#741,#742,#743,#744));
#1798=EDGE_LOOP('',(#745,#746));
#1799=EDGE_LOOP('',(#747,#748,#749,#750,#751,#752,#753,#754,#755));
#1800=EDGE_LOOP('',(#756,#757,#758,#759));
#1801=EDGE_LOOP('',(#760,#761,#762,#763));
#1802=EDGE_LOOP('',(#764,#765,#766,#767));
#1803=EDGE_LOOP('',(#768,#769,#770,#771));
#1804=EDGE_LOOP('',(#772,#773,#774,#775));
#1805=EDGE_LOOP('',(#776));
#1806=EDGE_LOOP('',(#777,#778,#779,#780,#781,#782));
#1807=EDGE_LOOP('',(#783));
#1808=EDGE_LOOP('',(#784,#785,#786));
#1809=EDGE_LOOP('',(#787,#788,#789,#790,#791,#792));
#1810=EDGE_LOOP('',(#793,#794,#795,#796));
#1811=EDGE_LOOP('',(#797,#798,#799,#800));
#1812=EDGE_LOOP('',(#801,#802,#803,#804));
#1813=EDGE_LOOP('',(#805,#806,#807,#808));
#1814=EDGE_LOOP('',(#809,#810,#811,#812));
#1815=EDGE_LOOP('',(#813,#814,#815,#816));
#1816=EDGE_LOOP('',(#817));
#1817=EDGE_LOOP('',(#818,#819,#820,#821,#822,#823));
#1818=EDGE_LOOP('',(#824,#825,#826,#827,#828));
#1819=EDGE_LOOP('',(#829,#830,#831,#832,#833));
#1820=EDGE_LOOP('',(#834,#835,#836,#837,#838,#839,#840));
#1821=EDGE_LOOP('',(#841,#842,#843,#844,#845,#846));
#1822=EDGE_LOOP('',(#847,#848,#849));
#1823=EDGE_LOOP('',(#850,#851,#852,#853));
#1824=EDGE_LOOP('',(#854,#855,#856,#857));
#1825=EDGE_LOOP('',(#858,#859,#860,#861));
#1826=EDGE_LOOP('',(#862,#863,#864,#865));
#1827=EDGE_LOOP('',(#866,#867,#868,#869));
#1828=EDGE_LOOP('',(#870));
#1829=EDGE_LOOP('',(#871));
#1830=EDGE_LOOP('',(#872));
#1831=EDGE_LOOP('',(#873));
#1832=EDGE_LOOP('',(#874));
#1833=EDGE_LOOP('',(#875));
#1834=EDGE_LOOP('',(#876));
#1835=EDGE_LOOP('',(#877));
#1836=EDGE_LOOP('',(#878));
#1837=EDGE_LOOP('',(#879,#880,#881,#882));
#1838=EDGE_LOOP('',(#883,#884,#885,#886));
#1839=EDGE_LOOP('',(#887,#888,#889,#890));
#1840=EDGE_LOOP('',(#891,#892,#893,#894));
#1841=EDGE_LOOP('',(#895));
#1842=EDGE_LOOP('',(#896));
#1843=EDGE_LOOP('',(#897));
#1844=EDGE_LOOP('',(#898));
#1845=EDGE_LOOP('',(#899));
#1846=EDGE_LOOP('',(#900));
#1847=EDGE_LOOP('',(#901,#902,#903,#904));
#1848=EDGE_LOOP('',(#905,#906,#907,#908));
#1849=EDGE_LOOP('',(#909));
#1850=EDGE_LOOP('',(#910));
#1851=EDGE_LOOP('',(#911));
#1852=EDGE_LOOP('',(#912));
#1853=EDGE_LOOP('',(#913));
#1854=EDGE_LOOP('',(#914));
#1855=EDGE_LOOP('',(#915));
#1856=EDGE_LOOP('',(#916));
#1857=EDGE_LOOP('',(#917));
#1858=FACE_BOUND('',#1708,.T.);
#1859=FACE_BOUND('',#1709,.T.);
#1860=FACE_BOUND('',#1710,.T.);
#1861=FACE_BOUND('',#1711,.T.);
#1862=FACE_BOUND('',#1712,.T.);
#1863=FACE_BOUND('',#1713,.T.);
#1864=FACE_BOUND('',#1714,.T.);
#1865=FACE_BOUND('',#1715,.T.);
#1866=FACE_BOUND('',#1716,.T.);
#1867=FACE_BOUND('',#1717,.T.);
#1868=FACE_BOUND('',#1718,.T.);
#1869=FACE_BOUND('',#1719,.T.);
#1870=FACE_BOUND('',#1720,.T.);
#1871=FACE_BOUND('',#1721,.T.);
#1872=FACE_BOUND('',#1722,.T.);
#1873=FACE_BOUND('',#1723,.T.);
#1874=FACE_BOUND('',#1724,.T.);
#1875=FACE_BOUND('',#1725,.T.);
#1876=FACE_BOUND('',#1726,.T.);
#1877=FACE_BOUND('',#1727,.T.);
#1878=FACE_BOUND('',#1728,.T.);
#1879=FACE_BOUND('',#1729,.T.);
#1880=FACE_BOUND('',#1730,.T.);
#1881=FACE_BOUND('',#1731,.T.);
#1882=FACE_BOUND('',#1732,.T.);
#1883=FACE_BOUND('',#1733,.T.);
#1884=FACE_BOUND('',#1734,.T.);
#1885=FACE_BOUND('',#1735,.T.);
#1886=FACE_BOUND('',#1736,.T.);
#1887=FACE_BOUND('',#1737,.T.);
#1888=FACE_BOUND('',#1738,.T.);
#1889=FACE_BOUND('',#1739,.T.);
#1890=FACE_BOUND('',#1740,.T.);
#1891=FACE_BOUND('',#1741,.T.);
#1892=FACE_BOUND('',#1742,.T.);
#1893=FACE_BOUND('',#1743,.T.);
#1894=FACE_BOUND('',#1744,.T.);
#1895=FACE_BOUND('',#1745,.T.);
#1896=FACE_BOUND('',#1746,.T.);
#1897=FACE_BOUND('',#1747,.T.);
#1898=FACE_BOUND('',#1748,.T.);
#1899=FACE_BOUND('',#1749,.T.);
#1900=FACE_BOUND('',#1750,.T.);
#1901=FACE_BOUND('',#1751,.T.);
#1902=FACE_BOUND('',#1752,.T.);
#1903=FACE_BOUND('',#1753,.T.);
#1904=FACE_BOUND('',#1754,.T.);
#1905=FACE_BOUND('',#1755,.T.);
#1906=FACE_BOUND('',#1756,.T.);
#1907=FACE_BOUND('',#1757,.T.);
#1908=FACE_BOUND('',#1758,.T.);
#1909=FACE_BOUND('',#1759,.T.);
#1910=FACE_BOUND('',#1760,.T.);
#1911=FACE_BOUND('',#1761,.T.);
#1912=FACE_BOUND('',#1762,.T.);
#1913=FACE_BOUND('',#1763,.T.);
#1914=FACE_BOUND('',#1764,.T.);
#1915=FACE_BOUND('',#1765,.T.);
#1916=FACE_BOUND('',#1766,.T.);
#1917=FACE_BOUND('',#1767,.T.);
#1918=FACE_BOUND('',#1768,.T.);
#1919=FACE_BOUND('',#1769,.T.);
#1920=FACE_BOUND('',#1770,.T.);
#1921=FACE_BOUND('',#1771,.T.);
#1922=FACE_BOUND('',#1772,.T.);
#1923=FACE_BOUND('',#1773,.T.);
#1924=FACE_BOUND('',#1774,.T.);
#1925=FACE_BOUND('',#1775,.T.);
#1926=FACE_BOUND('',#1776,.T.);
#1927=FACE_BOUND('',#1777,.T.);
#1928=FACE_BOUND('',#1778,.T.);
#1929=FACE_BOUND('',#1779,.T.);
#1930=FACE_BOUND('',#1780,.T.);
#1931=FACE_BOUND('',#1781,.T.);
#1932=FACE_BOUND('',#1782,.T.);
#1933=FACE_BOUND('',#1783,.T.);
#1934=FACE_BOUND('',#1784,.T.);
#1935=FACE_BOUND('',#1785,.T.);
#1936=FACE_BOUND('',#1786,.T.);
#1937=FACE_BOUND('',#1787,.T.);
#1938=FACE_BOUND('',#1788,.T.);
#1939=FACE_BOUND('',#1789,.T.);
#1940=FACE_BOUND('',#1790,.T.);
#1941=FACE_BOUND('',#1791,.T.);
#1942=FACE_BOUND('',#1792,.T.);
#1943=FACE_BOUND('',#1793,.T.);
#1944=FACE_BOUND('',#1794,.T.);
#1945=FACE_BOUND('',#1795,.T.);
#1946=FACE_BOUND('',#1796,.T.);
#1947=FACE_BOUND('',#1797,.T.);
#1948=FACE_BOUND('',#1798,.T.);
#1949=FACE_BOUND('',#1799,.T.);
#1950=FACE_BOUND('',#1800,.T.);
#1951=FACE_BOUND('',#1801,.T.);
#1952=FACE_BOUND('',#1802,.T.);
#1953=FACE_BOUND('',#1803,.T.);
#1954=FACE_BOUND('',#1804,.T.);
#1955=FACE_BOUND('',#1805,.T.);
#1956=FACE_BOUND('',#1806,.T.);
#1957=FACE_BOUND('',#1807,.T.);
#1958=FACE_BOUND('',#1808,.T.);
#1959=FACE_BOUND('',#1809,.T.);
#1960=FACE_BOUND('',#1810,.T.);
#1961=FACE_BOUND('',#1811,.T.);
#1962=FACE_BOUND('',#1812,.T.);
#1963=FACE_BOUND('',#1813,.T.);
#1964=FACE_BOUND('',#1814,.T.);
#1965=FACE_BOUND('',#1815,.T.);
#1966=FACE_BOUND('',#1816,.T.);
#1967=FACE_BOUND('',#1817,.T.);
#1968=FACE_BOUND('',#1818,.T.);
#1969=FACE_BOUND('',#1819,.T.);
#1970=FACE_BOUND('',#1820,.T.);
#1971=FACE_BOUND('',#1821,.T.);
#1972=FACE_BOUND('',#1822,.T.);
#1973=FACE_BOUND('',#1823,.T.);
#1974=FACE_BOUND('',#1824,.T.);
#1975=FACE_BOUND('',#1825,.T.);
#1976=FACE_BOUND('',#1826,.T.);
#1977=FACE_BOUND('',#1827,.T.);
#1978=FACE_BOUND('',#1828,.T.);
#1979=FACE_BOUND('',#1829,.T.);
#1980=FACE_BOUND('',#1830,.T.);
#1981=FACE_BOUND('',#1831,.T.);
#1982=FACE_BOUND('',#1832,.T.);
#1983=FACE_BOUND('',#1833,.T.);
#1984=FACE_BOUND('',#1834,.T.);
#1985=FACE_BOUND('',#1835,.T.);
#1986=FACE_BOUND('',#1836,.T.);
#1987=FACE_BOUND('',#1837,.T.);
#1988=FACE_BOUND('',#1838,.T.);
#1989=FACE_BOUND('',#1839,.T.);
#1990=FACE_BOUND('',#1840,.T.);
#1991=FACE_BOUND('',#1841,.T.);
#1992=FACE_BOUND('',#1842,.T.);
#1993=FACE_BOUND('',#1843,.T.);
#1994=FACE_BOUND('',#1844,.T.);
#1995=FACE_BOUND('',#1845,.T.);
#1996=FACE_BOUND('',#1846,.T.);
#1997=FACE_BOUND('',#1847,.T.);
#1998=FACE_BOUND('',#1848,.T.);
#1999=FACE_BOUND('',#1849,.T.);
#2000=FACE_BOUND('',#1850,.T.);
#2001=FACE_BOUND('',#1851,.T.);
#2002=FACE_BOUND('',#1852,.T.);
#2003=FACE_BOUND('',#1853,.T.);
#2004=FACE_BOUND('',#1854,.T.);
#2005=FACE_BOUND('',#1855,.T.);
#2006=FACE_BOUND('',#1856,.T.);
#2007=FACE_BOUND('',#1857,.T.);
#2008=PLANE('',#2185);
#2009=PLANE('',#2186);
#2010=PLANE('',#2198);
#2011=PLANE('',#2200);
#2012=PLANE('',#2216);
#2013=PLANE('',#2232);
#2014=PLANE('',#2236);
#2015=PLANE('',#2242);
#2016=PLANE('',#2246);
#2017=PLANE('',#2250);
#2018=PLANE('',#2253);
#2019=PLANE('',#2287);
#2020=PLANE('',#2290);
#2021=PLANE('',#2293);
#2022=PLANE('',#2294);
#2023=PLANE('',#2295);
#2024=PLANE('',#2297);
#2025=PLANE('',#2298);
#2026=PLANE('',#2300);
#2027=PLANE('',#2304);
#2028=PLANE('',#2305);
#2029=PLANE('',#2306);
#2030=PLANE('',#2307);
#2031=PLANE('',#2308);
#2032=PLANE('',#2309);
#2033=PLANE('',#2311);
#2034=PLANE('',#2313);
#2035=PLANE('',#2314);
#2036=PLANE('',#2315);
#2037=PLANE('',#2316);
#2038=PLANE('',#2317);
#2039=PLANE('',#2318);
#2040=PLANE('',#2319);
#2041=PLANE('',#2320);
#2042=PLANE('',#2324);
#2043=PLANE('',#2341);
#2044=PLANE('',#2344);
#2045=PLANE('',#2345);
#2046=PLANE('',#2350);
#2047=PLANE('',#2353);
#2048=PLANE('',#2356);
#2049=ADVANCED_FACE('',(#1858),#2008,.F.);
#2050=ADVANCED_FACE('',(#1859,#1860,#1861),#2009,.F.);
#2051=ADVANCED_FACE('',(#1862),#175,.F.);
#2052=ADVANCED_FACE('',(#1863,#1864),#176,.F.);
#2053=ADVANCED_FACE('',(#1865),#50,.T.);
#2054=ADVANCED_FACE('',(#1866),#51,.F.);
#2055=ADVANCED_FACE('',(#1867),#52,.F.);
#2056=ADVANCED_FACE('',(#1868),#2010,.F.);
#2057=ADVANCED_FACE('',(#1869),#2011,.F.);
#2058=ADVANCED_FACE('',(#1870),#177,.T.);
#2059=ADVANCED_FACE('',(#1871,#1872),#178,.F.);
#2060=ADVANCED_FACE('',(#1873),#2012,.T.);
#2061=ADVANCED_FACE('',(#1874),#26,.T.);
#2062=ADVANCED_FACE('',(#1875),#53,.T.);
#2063=ADVANCED_FACE('',(#1876),#54,.T.);
#2064=ADVANCED_FACE('',(#1877),#55,.T.);
#2065=ADVANCED_FACE('',(#1878),#56,.T.);
#2066=ADVANCED_FACE('',(#1879),#57,.T.);
#2067=ADVANCED_FACE('',(#1880),#58,.T.);
#2068=ADVANCED_FACE('',(#1881),#59,.T.);
#2069=ADVANCED_FACE('',(#1882),#60,.T.);
#2070=ADVANCED_FACE('',(#1883),#61,.T.);
#2071=ADVANCED_FACE('',(#1884),#62,.T.);
#2072=ADVANCED_FACE('',(#1885),#63,.T.);
#2073=ADVANCED_FACE('',(#1886),#64,.T.);
#2074=ADVANCED_FACE('',(#1887),#65,.T.);
#2075=ADVANCED_FACE('',(#1888),#66,.T.);
#2076=ADVANCED_FACE('',(#1889),#67,.T.);
#2077=ADVANCED_FACE('',(#1890),#68,.T.);
#2078=ADVANCED_FACE('',(#1891),#69,.T.);
#2079=ADVANCED_FACE('',(#1892),#179,.T.);
#2080=ADVANCED_FACE('',(#1893),#2013,.T.);
#2081=ADVANCED_FACE('',(#1894,#1895),#180,.F.);
#2082=ADVANCED_FACE('',(#1896),#2014,.T.);
#2083=ADVANCED_FACE('',(#1897,#1898,#1899,#1900,#1901,#1902),#2015,.F.);
#2084=ADVANCED_FACE('',(#1903),#2016,.T.);
#2085=ADVANCED_FACE('',(#1904),#181,.T.);
#2086=ADVANCED_FACE('',(#1905),#2017,.T.);
#2087=ADVANCED_FACE('',(#1906),#2018,.F.);
#2088=ADVANCED_FACE('',(#1907),#27,.T.);
#2089=ADVANCED_FACE('',(#1908),#182,.T.);
#2090=ADVANCED_FACE('',(#1909),#28,.T.);
#2091=ADVANCED_FACE('',(#1910),#12,.T.);
#2092=ADVANCED_FACE('',(#1911),#183,.T.);
#2093=ADVANCED_FACE('',(#1912),#29,.T.);
#2094=ADVANCED_FACE('',(#1913),#30,.T.);
#2095=ADVANCED_FACE('',(#1914),#184,.F.);
#2096=ADVANCED_FACE('',(#1915),#13,.F.);
#2097=ADVANCED_FACE('',(#1916),#14,.F.);
#2098=ADVANCED_FACE('',(#1917),#185,.F.);
#2099=ADVANCED_FACE('',(#1918),#31,.F.);
#2100=ADVANCED_FACE('',(#1919),#186,.F.);
#2101=ADVANCED_FACE('',(#1920),#32,.F.);
#2102=ADVANCED_FACE('',(#1921),#15,.F.);
#2103=ADVANCED_FACE('',(#1922),#187,.F.);
#2104=ADVANCED_FACE('',(#1923),#33,.T.);
#2105=ADVANCED_FACE('',(#1924),#16,.T.);
#2106=ADVANCED_FACE('',(#1925),#70,.F.);
#2107=ADVANCED_FACE('',(#1926),#71,.T.);
#2108=ADVANCED_FACE('',(#1927),#72,.T.);
#2109=ADVANCED_FACE('',(#1928),#73,.T.);
#2110=ADVANCED_FACE('',(#1929),#74,.T.);
#2111=ADVANCED_FACE('',(#1930),#75,.F.);
#2112=ADVANCED_FACE('',(#1931),#76,.F.);
#2113=ADVANCED_FACE('',(#1932),#2019,.T.);
#2114=ADVANCED_FACE('',(#1933),#2020,.T.);
#2115=ADVANCED_FACE('',(#1934),#2021,.T.);
#2116=ADVANCED_FACE('',(#1935),#2022,.T.);
#2117=ADVANCED_FACE('',(#1936),#2023,.F.);
#2118=ADVANCED_FACE('',(#1937,#1938,#1939,#1940),#188,.F.);
#2119=ADVANCED_FACE('',(#1941),#2024,.F.);
#2120=ADVANCED_FACE('',(#1942),#2025,.T.);
#2121=ADVANCED_FACE('',(#1943),#189,.T.);
#2122=ADVANCED_FACE('',(#1944),#2026,.F.);
#2123=ADVANCED_FACE('',(#1945),#190,.T.);
#2124=ADVANCED_FACE('',(#1946),#191,.T.);
#2125=ADVANCED_FACE('',(#1947),#192,.T.);
#2126=ADVANCED_FACE('',(#1948),#2027,.T.);
#2127=ADVANCED_FACE('',(#1949),#2028,.T.);
#2128=ADVANCED_FACE('',(#1950),#2029,.T.);
#2129=ADVANCED_FACE('',(#1951),#2030,.F.);
#2130=ADVANCED_FACE('',(#1952),#2031,.T.);
#2131=ADVANCED_FACE('',(#1953),#2032,.T.);
#2132=ADVANCED_FACE('',(#1954,#1955),#77,.T.);
#2133=ADVANCED_FACE('',(#1956,#1957),#2033,.T.);
#2134=ADVANCED_FACE('',(#1958),#78,.T.);
#2135=ADVANCED_FACE('',(#1959),#2034,.F.);
#2136=ADVANCED_FACE('',(#1960),#2035,.F.);
#2137=ADVANCED_FACE('',(#1961),#2036,.F.);
#2138=ADVANCED_FACE('',(#1962),#2037,.F.);
#2139=ADVANCED_FACE('',(#1963),#2038,.F.);
#2140=ADVANCED_FACE('',(#1964),#2039,.F.);
#2141=ADVANCED_FACE('',(#1965),#2040,.F.);
#2142=ADVANCED_FACE('',(#1966,#1967),#2041,.T.);
#2143=ADVANCED_FACE('',(#1968),#17,.F.);
#2144=ADVANCED_FACE('',(#1969),#18,.F.);
#2145=ADVANCED_FACE('',(#1970),#19,.F.);
#2146=ADVANCED_FACE('',(#1971),#20,.F.);
#2147=ADVANCED_FACE('',(#1972),#21,.T.);
#2148=ADVANCED_FACE('',(#1973),#22,.T.);
#2149=ADVANCED_FACE('',(#1974),#23,.T.);
#2150=ADVANCED_FACE('',(#1975),#24,.T.);
#2151=ADVANCED_FACE('',(#1976),#25,.T.);
#2152=ADVANCED_FACE('',(#1977,#1978,#1979,#1980),#2042,.T.);
#2153=ADVANCED_FACE('',(#1981,#1982),#193,.F.);
#2154=ADVANCED_FACE('',(#1983,#1984),#194,.F.);
#2155=ADVANCED_FACE('',(#1985,#1986),#195,.F.);
#2156=ADVANCED_FACE('',(#1987),#196,.F.);
#2157=ADVANCED_FACE('',(#1988),#197,.F.);
#2158=ADVANCED_FACE('',(#1989),#198,.F.);
#2159=ADVANCED_FACE('',(#1990),#199,.F.);
#2160=ADVANCED_FACE('',(#1991,#1992),#200,.F.);
#2161=ADVANCED_FACE('',(#1993),#2043,.T.);
#2162=ADVANCED_FACE('',(#1994,#1995),#201,.F.);
#2163=ADVANCED_FACE('',(#1996),#2044,.T.);
#2164=ADVANCED_FACE('',(#1997),#2045,.T.);
#2165=ADVANCED_FACE('',(#1998),#202,.F.);
#2166=ADVANCED_FACE('',(#1999,#2000),#203,.F.);
#2167=ADVANCED_FACE('',(#2001),#2046,.F.);
#2168=ADVANCED_FACE('',(#2002,#2003),#204,.F.);
#2169=ADVANCED_FACE('',(#2004),#2047,.F.);
#2170=ADVANCED_FACE('',(#2005,#2006),#205,.F.);
#2171=ADVANCED_FACE('',(#2007),#2048,.F.);
#2172=CLOSED_SHELL('',(#2049,#2050,#2051,#2052,#2053,#2054,#2055,#2056,
#2057,#2058,#2059,#2060,#2061,#2062,#2063,#2064,#2065,#2066,#2067,#2068,
#2069,#2070,#2071,#2072,#2073,#2074,#2075,#2076,#2077,#2078,#2079,#2080,
#2081,#2082,#2083,#2084,#2085,#2086,#2087,#2088,#2089,#2090,#2091,#2092,
#2093,#2094,#2095,#2096,#2097,#2098,#2099,#2100,#2101,#2102,#2103,#2104,
#2105,#2106,#2107,#2108,#2109,#2110,#2111,#2112,#2113,#2114,#2115,#2116,
#2117,#2118,#2119,#2120,#2121,#2122,#2123,#2124,#2125,#2126,#2127,#2128,
#2129,#2130,#2131,#2132,#2133,#2134,#2135,#2136,#2137,#2138,#2139,#2140,
#2141,#2142,#2143,#2144,#2145,#2146,#2147,#2148,#2149,#2150,#2151,#2152,
#2153,#2154,#2155,#2156,#2157,#2158,#2159,#2160,#2161,#2162,#2163,#2164,
#2165,#2166,#2167,#2168,#2169,#2170,#2171));
#2173=STYLED_ITEM('',(#2174),#2181);
#2174=PRESENTATION_STYLE_ASSIGNMENT((#2175));
#2175=SURFACE_STYLE_USAGE(.BOTH.,#2176);
#2176=SURFACE_SIDE_STYLE('',(#2177));
#2177=SURFACE_STYLE_FILL_AREA(#2178);
#2178=FILL_AREA_STYLE('',(#2179));
#2179=FILL_AREA_STYLE_COLOUR('',#2180);
#2180=COLOUR_RGB('',0.768627450980392,0.886274509803922,0.952941176470588);
#2181=MANIFOLD_SOLID_BREP('Front_Grip_B',#2172);
#2182=SHAPE_DEFINITION_REPRESENTATION(#5671,#2183);
#2183=SHAPE_REPRESENTATION('Front_Grip_B',(#2184),#5666);
#2184=AXIS2_PLACEMENT_3D('',#2833,#2357,#2358);
#2185=AXIS2_PLACEMENT_3D('',#2834,#2359,#2360);
#2186=AXIS2_PLACEMENT_3D('',#2843,#2365,#2366);
#2187=AXIS2_PLACEMENT_3D('',#2844,#2367,#2368);
#2188=AXIS2_PLACEMENT_3D('',#2846,#2369,#2370);
#2189=AXIS2_PLACEMENT_3D('',#2848,#2371,#2372);
#2190=AXIS2_PLACEMENT_3D('',#2857,#2376,#2377);
#2191=AXIS2_PLACEMENT_3D('',#2869,#2383,#2384);
#2192=AXIS2_PLACEMENT_3D('',#2873,#2386,#2387);
#2193=AXIS2_PLACEMENT_3D('',#2876,#2389,#2390);
#2194=AXIS2_PLACEMENT_3D('',#2890,#2392,#2393);
#2195=AXIS2_PLACEMENT_3D('',#2891,#2394,#2395);
#2196=AXIS2_PLACEMENT_3D('',#2907,#2396,#2397);
#2197=AXIS2_PLACEMENT_3D('',#3007,#2399,#2400);
#2198=AXIS2_PLACEMENT_3D('',#3681,#2403,#2404);
#2199=AXIS2_PLACEMENT_3D('',#3703,#2411,#2412);
#2200=AXIS2_PLACEMENT_3D('',#3735,#2421,#2422);
#2201=AXIS2_PLACEMENT_3D('',#3781,#2437,#2438);
#2202=AXIS2_PLACEMENT_3D('',#3782,#2439,#2440);
#2203=AXIS2_PLACEMENT_3D('',#3785,#2441,#2442);
#2204=AXIS2_PLACEMENT_3D('',#3787,#2443,#2444);
#2205=AXIS2_PLACEMENT_3D('',#3791,#2446,#2447);
#2206=AXIS2_PLACEMENT_3D('',#3793,#2448,#2449);
#2207=AXIS2_PLACEMENT_3D('',#3795,#2450,#2451);
#2208=AXIS2_PLACEMENT_3D('',#3797,#2452,#2453);
#2209=AXIS2_PLACEMENT_3D('',#3798,#2454,#2455);
#2210=AXIS2_PLACEMENT_3D('',#3800,#2456,#2457);
#2211=AXIS2_PLACEMENT_3D('',#3801,#2458,#2459);
#2212=AXIS2_PLACEMENT_3D('',#3805,#2461,#2462);
#2213=AXIS2_PLACEMENT_3D('',#3809,#2464,#2465);
#2214=AXIS2_PLACEMENT_3D('',#3817,#2466,#2467);
#2215=AXIS2_PLACEMENT_3D('',#3818,#2468,#2469);
#2216=AXIS2_PLACEMENT_3D('',#3820,#2470,#2471);
#2217=AXIS2_PLACEMENT_3D('',#3822,#2473,#2474);
#2218=AXIS2_PLACEMENT_3D('',#3824,#2475,#2476);
#2219=AXIS2_PLACEMENT_3D('',#3825,#2477,#2478);
#2220=AXIS2_PLACEMENT_3D('',#3877,#2480,#2481);
#2221=AXIS2_PLACEMENT_3D('',#3931,#2485,#2486);
#2222=AXIS2_PLACEMENT_3D('',#3961,#2487,#2488);
#2223=AXIS2_PLACEMENT_3D('',#4047,#2495,#2496);
#2224=AXIS2_PLACEMENT_3D('',#4155,#2502,#2503);
#2225=AXIS2_PLACEMENT_3D('',#4277,#2505,#2506);
#2226=AXIS2_PLACEMENT_3D('',#4304,#2508,#2509);
#2227=AXIS2_PLACEMENT_3D('',#4305,#2510,#2511);
#2228=AXIS2_PLACEMENT_3D('',#4351,#2513,#2514);
#2229=AXIS2_PLACEMENT_3D('',#4364,#2515,#2516);
#2230=AXIS2_PLACEMENT_3D('',#4365,#2517,#2518);
#2231=AXIS2_PLACEMENT_3D('',#4366,#2519,#2520);
#2232=AXIS2_PLACEMENT_3D('',#4371,#2523,#2524);
#2233=AXIS2_PLACEMENT_3D('',#4375,#2527,#2528);
#2234=AXIS2_PLACEMENT_3D('',#4376,#2529,#2530);
#2235=AXIS2_PLACEMENT_3D('',#4383,#2531,#2532);
#2236=AXIS2_PLACEMENT_3D('',#4385,#2533,#2534);
#2237=AXIS2_PLACEMENT_3D('',#4386,#2535,#2536);
#2238=AXIS2_PLACEMENT_3D('',#4389,#2537,#2538);
#2239=AXIS2_PLACEMENT_3D('',#4391,#2539,#2540);
#2240=AXIS2_PLACEMENT_3D('',#4397,#2543,#2544);
#2241=AXIS2_PLACEMENT_3D('',#4399,#2545,#2546);
#2242=AXIS2_PLACEMENT_3D('',#4402,#2548,#2549);
#2243=AXIS2_PLACEMENT_3D('',#4403,#2550,#2551);
#2244=AXIS2_PLACEMENT_3D('',#4405,#2552,#2553);
#2245=AXIS2_PLACEMENT_3D('',#4407,#2554,#2555);
#2246=AXIS2_PLACEMENT_3D('',#4409,#2556,#2557);
#2247=AXIS2_PLACEMENT_3D('',#4413,#2559,#2560);
#2248=AXIS2_PLACEMENT_3D('',#4427,#2562,#2563);
#2249=AXIS2_PLACEMENT_3D('',#4428,#2564,#2565);
#2250=AXIS2_PLACEMENT_3D('',#4429,#2566,#2567);
#2251=AXIS2_PLACEMENT_3D('',#4432,#2569,#2570);
#2252=AXIS2_PLACEMENT_3D('',#4433,#2571,#2572);
#2253=AXIS2_PLACEMENT_3D('',#4434,#2573,#2574);
#2254=AXIS2_PLACEMENT_3D('',#4435,#2575,#2576);
#2255=AXIS2_PLACEMENT_3D('',#4437,#2577,#2578);
#2256=AXIS2_PLACEMENT_3D('',#4443,#2579,#2580);
#2257=AXIS2_PLACEMENT_3D('',#4475,#2581,#2582);
#2258=AXIS2_PLACEMENT_3D('',#4482,#2583,#2584);
#2259=AXIS2_PLACEMENT_3D('',#4494,#2585,#2586);
#2260=AXIS2_PLACEMENT_3D('',#4521,#2587,#2588);
#2261=AXIS2_PLACEMENT_3D('',#4524,#2590,#2591);
#2262=AXIS2_PLACEMENT_3D('',#4525,#2592,#2593);
#2263=AXIS2_PLACEMENT_3D('',#4526,#2594,#2595);
#2264=AXIS2_PLACEMENT_3D('',#4528,#2596,#2597);
#2265=AXIS2_PLACEMENT_3D('',#4529,#2598,#2599);
#2266=AXIS2_PLACEMENT_3D('',#4530,#2600,#2601);
#2267=AXIS2_PLACEMENT_3D('',#4531,#2602,#2603);
#2268=AXIS2_PLACEMENT_3D('',#4532,#2604,#2605);
#2269=AXIS2_PLACEMENT_3D('',#4564,#2606,#2607);
#2270=AXIS2_PLACEMENT_3D('',#4565,#2608,#2609);
#2271=AXIS2_PLACEMENT_3D('',#4566,#2610,#2611);
#2272=AXIS2_PLACEMENT_3D('',#4567,#2612,#2613);
#2273=AXIS2_PLACEMENT_3D('',#4568,#2614,#2615);
#2274=AXIS2_PLACEMENT_3D('',#4569,#2616,#2617);
#2275=AXIS2_PLACEMENT_3D('',#4570,#2618,#2619);
#2276=AXIS2_PLACEMENT_3D('',#4571,#2620,#2621);
#2277=AXIS2_PLACEMENT_3D('',#4572,#2622,#2623);
#2278=AXIS2_PLACEMENT_3D('',#4588,#2624,#2625);
#2279=AXIS2_PLACEMENT_3D('',#4589,#2626,#2627);
#2280=AXIS2_PLACEMENT_3D('',#4590,#2628,#2629);
#2281=AXIS2_PLACEMENT_3D('',#4591,#2630,#2631);
#2282=AXIS2_PLACEMENT_3D('',#4592,#2632,#2633);
#2283=AXIS2_PLACEMENT_3D('',#4743,#2637,#2638);
#2284=AXIS2_PLACEMENT_3D('',#4780,#2639,#2640);
#2285=AXIS2_PLACEMENT_3D('',#4809,#2642,#2643);
#2286=AXIS2_PLACEMENT_3D('',#4996,#2647,#2648);
#2287=AXIS2_PLACEMENT_3D('',#5017,#2649,#2650);
#2288=AXIS2_PLACEMENT_3D('',#5021,#2652,#2653);
#2289=AXIS2_PLACEMENT_3D('',#5022,#2654,#2655);
#2290=AXIS2_PLACEMENT_3D('',#5023,#2656,#2657);
#2291=AXIS2_PLACEMENT_3D('',#5024,#2658,#2659);
#2292=AXIS2_PLACEMENT_3D('',#5028,#2661,#2662);
#2293=AXIS2_PLACEMENT_3D('',#5029,#2663,#2664);
#2294=AXIS2_PLACEMENT_3D('',#5033,#2667,#2668);
#2295=AXIS2_PLACEMENT_3D('',#5037,#2671,#2672);
#2296=AXIS2_PLACEMENT_3D('',#5039,#2674,#2675);
#2297=AXIS2_PLACEMENT_3D('',#5076,#2676,#2677);
#2298=AXIS2_PLACEMENT_3D('',#5080,#2680,#2681);
#2299=AXIS2_PLACEMENT_3D('',#5085,#2685,#2686);
#2300=AXIS2_PLACEMENT_3D('',#5087,#2688,#2689);
#2301=AXIS2_PLACEMENT_3D('',#5096,#2696,#2697);
#2302=AXIS2_PLACEMENT_3D('',#5097,#2698,#2699);
#2303=AXIS2_PLACEMENT_3D('',#5098,#2700,#2701);
#2304=AXIS2_PLACEMENT_3D('',#5099,#2702,#2703);
#2305=AXIS2_PLACEMENT_3D('',#5101,#2705,#2706);
#2306=AXIS2_PLACEMENT_3D('',#5104,#2709,#2710);
#2307=AXIS2_PLACEMENT_3D('',#5105,#2711,#2712);
#2308=AXIS2_PLACEMENT_3D('',#5106,#2713,#2714);
#2309=AXIS2_PLACEMENT_3D('',#5107,#2715,#2716);
#2310=AXIS2_PLACEMENT_3D('',#5193,#2717,#2718);
#2311=AXIS2_PLACEMENT_3D('',#5195,#2719,#2720);
#2312=AXIS2_PLACEMENT_3D('',#5218,#2727,#2728);
#2313=AXIS2_PLACEMENT_3D('',#5219,#2729,#2730);
#2314=AXIS2_PLACEMENT_3D('',#5220,#2731,#2732);
#2315=AXIS2_PLACEMENT_3D('',#5226,#2736,#2737);
#2316=AXIS2_PLACEMENT_3D('',#5230,#2740,#2741);
#2317=AXIS2_PLACEMENT_3D('',#5234,#2744,#2745);
#2318=AXIS2_PLACEMENT_3D('',#5238,#2748,#2749);
#2319=AXIS2_PLACEMENT_3D('',#5242,#2752,#2753);
#2320=AXIS2_PLACEMENT_3D('',#5244,#2755,#2756);
#2321=AXIS2_PLACEMENT_3D('',#5498,#2757,#2758);
#2322=AXIS2_PLACEMENT_3D('',#5511,#2759,#2760);
#2323=AXIS2_PLACEMENT_3D('',#5530,#2761,#2762);
#2324=AXIS2_PLACEMENT_3D('',#5616,#2763,#2764);
#2325=AXIS2_PLACEMENT_3D('',#5625,#2769,#2770);
#2326=AXIS2_PLACEMENT_3D('',#5627,#2771,#2772);
#2327=AXIS2_PLACEMENT_3D('',#5629,#2773,#2774);
#2328=AXIS2_PLACEMENT_3D('',#5631,#2775,#2776);
#2329=AXIS2_PLACEMENT_3D('',#5632,#2777,#2778);
#2330=AXIS2_PLACEMENT_3D('',#5633,#2779,#2780);
#2331=AXIS2_PLACEMENT_3D('',#5634,#2781,#2782);
#2332=AXIS2_PLACEMENT_3D('',#5635,#2783,#2784);
#2333=AXIS2_PLACEMENT_3D('',#5636,#2785,#2786);
#2334=AXIS2_PLACEMENT_3D('',#5637,#2787,#2788);
#2335=AXIS2_PLACEMENT_3D('',#5638,#2789,#2790);
#2336=AXIS2_PLACEMENT_3D('',#5639,#2791,#2792);
#2337=AXIS2_PLACEMENT_3D('',#5640,#2793,#2794);
#2338=AXIS2_PLACEMENT_3D('',#5641,#2795,#2796);
#2339=AXIS2_PLACEMENT_3D('',#5642,#2797,#2798);
#2340=AXIS2_PLACEMENT_3D('',#5643,#2799,#2800);
#2341=AXIS2_PLACEMENT_3D('',#5645,#2801,#2802);
#2342=AXIS2_PLACEMENT_3D('',#5646,#2803,#2804);
#2343=AXIS2_PLACEMENT_3D('',#5647,#2805,#2806);
#2344=AXIS2_PLACEMENT_3D('',#5649,#2807,#2808);
#2345=AXIS2_PLACEMENT_3D('',#5650,#2809,#2810);
#2346=AXIS2_PLACEMENT_3D('',#5651,#2811,#2812);
#2347=AXIS2_PLACEMENT_3D('',#5652,#2813,#2814);
#2348=AXIS2_PLACEMENT_3D('',#5653,#2815,#2816);
#2349=AXIS2_PLACEMENT_3D('',#5654,#2817,#2818);
#2350=AXIS2_PLACEMENT_3D('',#5656,#2819,#2820);
#2351=AXIS2_PLACEMENT_3D('',#5657,#2821,#2822);
#2352=AXIS2_PLACEMENT_3D('',#5658,#2823,#2824);
#2353=AXIS2_PLACEMENT_3D('',#5660,#2825,#2826);
#2354=AXIS2_PLACEMENT_3D('',#5661,#2827,#2828);
#2355=AXIS2_PLACEMENT_3D('',#5662,#2829,#2830);
#2356=AXIS2_PLACEMENT_3D('',#5664,#2831,#2832);
#2357=DIRECTION('',(0.,0.,1.));
#2358=DIRECTION('',(1.,0.,0.));
#2359=DIRECTION('',(0.,0.540757591313499,-0.841178475376553));
#2360=DIRECTION('',(0.,0.841178475376553,0.5407575913135));
#2361=DIRECTION('',(0.,0.841178475376553,0.5407575913135));
#2362=DIRECTION('',(-1.,0.,0.));
#2363=DIRECTION('',(0.,-0.841178475376553,-0.540757591313499));
#2364=DIRECTION('',(-1.,0.,0.));
#2365=DIRECTION('',(1.,0.,0.));
#2366=DIRECTION('',(0.,1.,0.));
#2367=DIRECTION('',(-1.,0.,0.));
#2368=DIRECTION('',(0.,0.,1.));
#2369=DIRECTION('',(-1.,0.,0.));
#2370=DIRECTION('',(0.,0.,1.));
#2371=DIRECTION('',(-1.,0.,0.));
#2372=DIRECTION('',(0.,0.,1.));
#2373=DIRECTION('',(0.,1.39897054514259E-16,-1.));
#2374=DIRECTION('',(0.,0.841178475376553,-0.540757591313499));
#2375=DIRECTION('',(0.,0.,1.));
#2376=DIRECTION('',(1.,0.,0.));
#2377=DIRECTION('',(0.,0.,-1.));
#2378=DIRECTION('',(0.,0.707106781186548,-0.707106781186548));
#2379=DIRECTION('',(0.,-0.212429644331045,-0.9771763639228));
#2380=DIRECTION('',(0.,0.707106781186548,-0.707106781186547));
#2381=DIRECTION('',(0.,-0.9771763639228,-0.212429644331046));
#2382=DIRECTION('',(0.,-0.707106781186548,0.707106781186548));
#2383=DIRECTION('',(1.,0.,0.));
#2384=DIRECTION('',(0.,0.,-1.));
#2385=DIRECTION('',(0.,1.,5.41836582159554E-16));
#2386=DIRECTION('',(1.,0.,0.));
#2387=DIRECTION('',(0.,0.,-1.));
#2388=DIRECTION('',(0.,1.66533453693773E-16,-1.));
#2389=DIRECTION('',(-0.934346354874073,-0.0270435076240312,-0.355338624172664));
#2390=DIRECTION('',(-0.355468634172433,0.,0.934688210110508));
#2391=DIRECTION('',(0.996681483102811,0.0813914596417616,0.00120479764448608));
#2392=DIRECTION('',(0.,-0.866025403784439,-0.5));
#2393=DIRECTION('',(0.,0.5,-0.866025403784439));
#2394=DIRECTION('',(0.,-0.866025403784439,-0.5));
#2395=DIRECTION('',(0.,0.5,-0.866025403784439));
#2396=DIRECTION('',(0.,-0.866025403784439,-0.5));
#2397=DIRECTION('',(0.,0.5,-0.866025403784439));
#2398=DIRECTION('',(0.993599828362497,-0.0994318140945899,-0.0535975318823028));
#2399=DIRECTION('',(1.,0.,0.));
#2400=DIRECTION('',(0.,0.,-1.));
#2401=DIRECTION('',(-0.983885081273316,-0.116254532709384,0.135849293234535));
#2402=DIRECTION('',(-1.,0.,0.));
#2403=DIRECTION('',(0.,-0.707106781186548,-0.707106781186548));
#2404=DIRECTION('',(0.,0.707106781186548,-0.707106781186548));
#2405=DIRECTION('',(-1.,0.,0.));
#2406=DIRECTION('',(0.,0.707106781186547,-0.707106781186548));
#2407=DIRECTION('',(-1.,0.,0.));
#2408=DIRECTION('',(-1.,0.,0.));
#2409=DIRECTION('',(0.,0.707106781186548,-0.707106781186548));
#2410=DIRECTION('',(1.,0.,0.));
#2411=DIRECTION('',(0.,-0.707106781186548,-0.707106781186548));
#2412=DIRECTION('',(0.,-0.707106781186548,0.707106781186548));
#2413=DIRECTION('',(0.,0.707106781186548,-0.707106781186548));
#2414=DIRECTION('',(1.,0.,0.));
#2415=DIRECTION('',(0.152345795256494,-0.698852902500829,0.698852902500829));
#2416=DIRECTION('',(-1.,0.,0.));
#2417=DIRECTION('',(0.998103640988898,0.0435265542215653,-0.0435265542204053));
#2418=DIRECTION('',(-1.,0.,0.));
#2419=DIRECTION('',(0.,-0.707106781186548,0.707106781186548));
#2420=DIRECTION('',(-1.,0.,0.));
#2421=DIRECTION('',(0.,-1.,0.));
#2422=DIRECTION('',(0.,0.,-1.));
#2423=DIRECTION('',(0.,0.,-1.));
#2424=DIRECTION('',(-1.,0.,0.));
#2425=DIRECTION('',(-1.,0.,0.));
#2426=DIRECTION('',(0.,1.66533453693773E-16,-1.));
#2427=DIRECTION('',(-1.,0.,0.));
#2428=DIRECTION('',(0.997928431126256,0.,0.0643338662750007));
#2429=DIRECTION('',(-0.998745116388015,5.41420812473587E-17,-0.0500818579037407));
#2430=DIRECTION('',(-1.,0.,0.));
#2431=DIRECTION('',(-0.143664072796026,0.,0.989626512472083));
#2432=DIRECTION('',(0.,0.,1.));
#2433=DIRECTION('',(0.,0.,-1.));
#2434=DIRECTION('',(-1.,0.,0.));
#2435=DIRECTION('',(-1.,0.,0.));
#2436=DIRECTION('',(0.,1.66533453693773E-16,-1.));
#2437=DIRECTION('',(-1.,0.,0.));
#2438=DIRECTION('',(0.,0.,1.));
#2439=DIRECTION('',(0.0400925118700513,0.,0.999195972015475));
#2440=DIRECTION('',(-0.999195972015475,0.,0.0400925118700513));
#2441=DIRECTION('',(-0.977053948395085,0.,0.212991976199985));
#2442=DIRECTION('',(-0.212991976199985,0.,-0.977053948395085));
#2443=DIRECTION('',(1.,0.,0.));
#2444=DIRECTION('',(0.,0.,-1.));
#2445=DIRECTION('',(-1.,0.,0.));
#2446=DIRECTION('',(1.,0.,0.));
#2447=DIRECTION('',(0.,0.,-1.));
#2448=DIRECTION('',(1.,0.,0.));
#2449=DIRECTION('',(0.,0.,-1.));
#2450=DIRECTION('',(1.,0.,0.));
#2451=DIRECTION('',(0.,0.,-1.));
#2452=DIRECTION('',(1.,0.,0.));
#2453=DIRECTION('',(0.,0.,-1.));
#2454=DIRECTION('',(1.,0.,0.));
#2455=DIRECTION('',(0.,0.,-1.));
#2456=DIRECTION('',(0.977053948395085,0.,-0.212991976199985));
#2457=DIRECTION('',(-0.212991976199985,0.,-0.977053948395085));
#2458=DIRECTION('',(-1.,0.,0.));
#2459=DIRECTION('',(0.,0.,1.));
#2460=DIRECTION('',(-1.,0.,0.));
#2461=DIRECTION('',(0.977053948395085,0.,-0.212991976199985));
#2462=DIRECTION('',(-0.212991976199985,0.,-0.977053948395085));
#2463=DIRECTION('',(-1.,0.,0.));
#2464=DIRECTION('',(1.,0.,0.));
#2465=DIRECTION('',(0.,0.,-1.));
#2466=DIRECTION('',(1.,0.,0.));
#2467=DIRECTION('',(0.,0.,-1.));
#2468=DIRECTION('',(1.,0.,0.));
#2469=DIRECTION('',(0.,0.,-1.));
#2470=DIRECTION('',(1.,0.,0.));
#2471=DIRECTION('',(0.,1.,0.));
#2472=DIRECTION('',(0.,1.,0.));
#2473=DIRECTION('',(1.,0.,0.));
#2474=DIRECTION('',(0.,0.,-1.));
#2475=DIRECTION('',(1.,0.,0.));
#2476=DIRECTION('',(0.,0.,-1.));
#2477=DIRECTION('',(1.,0.,0.));
#2478=DIRECTION('',(0.,0.,-1.));
#2479=DIRECTION('',(-0.988161452456877,0.00375172674470605,-0.153371667607642));
#2480=DIRECTION('',(1.,0.,0.));
#2481=DIRECTION('',(0.,0.,-1.));
#2482=DIRECTION('',(-0.995391145432061,0.0692809390727622,-0.0663070062410087));
#2483=DIRECTION('',(-0.998864069272674,0.00116532970606175,-0.0476362584877341));
#2484=DIRECTION('',(-0.999939484406797,-0.00794777050150635,0.00760660688637623));
#2485=DIRECTION('',(1.,0.,0.));
#2486=DIRECTION('',(0.,0.,-1.));
#2487=DIRECTION('',(1.,0.,0.));
#2488=DIRECTION('',(0.,0.,-1.));
#2489=DIRECTION('',(0.991090481741059,-0.069585803565118,-0.113567041629486));
#2490=DIRECTION('',(0.,-0.173648177666931,0.984807753012208));
#2491=DIRECTION('',(0.99898484313831,-0.0449575855806211,-0.00284581775354601));
#2492=DIRECTION('',(0.998080788573342,0.0618015808495704,0.00391204362305993));
#2493=DIRECTION('',(0.,-0.173648177666931,0.984807753012208));
#2494=DIRECTION('',(0.982922001917741,0.0271116436186415,-0.182014551413658));
#2495=DIRECTION('',(1.,0.,0.));
#2496=DIRECTION('',(0.,0.,-1.));
#2497=DIRECTION('',(0.,-0.173648177666928,0.984807753012209));
#2498=DIRECTION('',(0.99965616386526,-0.0262185028646188,0.000379675822851938));
#2499=DIRECTION('',(0.996681483102811,0.0813914596417616,0.00120479764448608));
#2500=DIRECTION('',(0.,-0.17364817766693,0.984807753012208));
#2501=DIRECTION('',(0.999995593053625,-0.00261332823742457,-0.00140868337563832));
#2502=DIRECTION('',(1.,0.,0.));
#2503=DIRECTION('',(0.,0.,-1.));
#2504=DIRECTION('',(-0.998235085292238,-0.0323740426718118,0.0497859001393085));
#2505=DIRECTION('',(1.,0.,0.));
#2506=DIRECTION('',(0.,0.,-1.));
#2507=DIRECTION('',(-0.987786644934994,-0.0160535012521161,-0.154983319056008));
#2508=DIRECTION('',(1.,0.,0.));
#2509=DIRECTION('',(0.,0.0547328280985633,0.998501035316606));
#2510=DIRECTION('',(1.,0.,0.));
#2511=DIRECTION('',(0.,0.,-1.));
#2512=DIRECTION('',(-0.987630896099926,-0.0251299749614315,-0.154769820789762));
#2513=DIRECTION('',(1.,0.,0.));
#2514=DIRECTION('',(0.,0.,-1.));
#2515=DIRECTION('',(1.,0.,0.));
#2516=DIRECTION('',(0.,0.,-1.));
#2517=DIRECTION('',(-1.,0.,0.));
#2518=DIRECTION('',(0.,0.,1.));
#2519=DIRECTION('',(1.,0.,0.));
#2520=DIRECTION('',(0.,0.,-1.));
#2521=DIRECTION('',(-1.,0.,0.));
#2522=DIRECTION('',(-1.,0.,0.));
#2523=DIRECTION('',(0.,-0.984807753012208,-0.173648177666931));
#2524=DIRECTION('',(0.,0.173648177666931,-0.984807753012208));
#2525=DIRECTION('',(-1.,0.,0.));
#2526=DIRECTION('',(0.,0.173648177666931,-0.984807753012208));
#2527=DIRECTION('',(-1.,0.,0.));
#2528=DIRECTION('',(0.,0.,1.));
#2529=DIRECTION('',(1.,0.,0.));
#2530=DIRECTION('',(0.,0.,-1.));
#2531=DIRECTION('',(1.,0.,0.));
#2532=DIRECTION('',(0.,0.,-1.));
#2533=DIRECTION('',(1.,0.,0.));
#2534=DIRECTION('',(0.,1.,0.));
#2535=DIRECTION('',(1.,0.,0.));
#2536=DIRECTION('',(0.,0.,-1.));
#2537=DIRECTION('',(1.,0.,0.));
#2538=DIRECTION('',(0.,0.,-1.));
#2539=DIRECTION('',(1.,0.,0.));
#2540=DIRECTION('',(0.,0.,-1.));
#2541=DIRECTION('',(0.,0.173648177666931,-0.984807753012208));
#2542=DIRECTION('',(0.,-0.999934949636961,0.0114059850310675));
#2543=DIRECTION('',(1.,0.,0.));
#2544=DIRECTION('',(0.,0.,-1.));
#2545=DIRECTION('',(1.,0.,0.));
#2546=DIRECTION('',(0.,0.,-1.));
#2547=DIRECTION('',(0.,0.,1.));
#2548=DIRECTION('',(1.,0.,0.));
#2549=DIRECTION('',(0.,1.,0.));
#2550=DIRECTION('',(1.,0.,0.));
#2551=DIRECTION('',(0.,0.,-1.));
#2552=DIRECTION('',(1.,0.,0.));
#2553=DIRECTION('',(0.,0.,-1.));
#2554=DIRECTION('',(1.,0.,0.));
#2555=DIRECTION('',(0.,0.,-1.));
#2556=DIRECTION('',(0.,0.0114059850310675,0.999934949636961));
#2557=DIRECTION('',(0.,-0.999934949636961,0.0114059850310675));
#2558=DIRECTION('',(0.,-0.999934949636961,0.0114059850310675));
#2559=DIRECTION('',(0.,0.0114059850310675,0.999934949636961));
#2560=DIRECTION('',(0.,0.999934949636961,-0.0114059850310675));
#2561=DIRECTION('',(0.,0.999934949636961,-0.0114059850310675));
#2562=DIRECTION('',(-1.,0.,0.));
#2563=DIRECTION('',(0.,0.,1.));
#2564=DIRECTION('',(0.988995939304011,0.0663338580211857,0.132237858876354));
#2565=DIRECTION('',(-0.147942664705545,0.443441493715792,0.884009394526399));
#2566=DIRECTION('',(1.,0.,0.));
#2567=DIRECTION('',(0.,1.,0.));
#2568=DIRECTION('',(0.,-1.,0.));
#2569=DIRECTION('',(1.,0.,0.));
#2570=DIRECTION('',(0.,0.,-1.));
#2571=DIRECTION('',(1.,0.,0.));
#2572=DIRECTION('',(0.,0.,-1.));
#2573=DIRECTION('',(-0.987066695159705,-0.0718791279015829,-0.143292464137532));
#2574=DIRECTION('',(0.0711334906647782,-0.99741335010722,0.0103264482633679));
#2575=DIRECTION('',(-0.987066695159705,-0.0718791279015829,-0.143292464137532));
#2576=DIRECTION('',(0.142914036471673,0.0104071349553708,-0.989680387661286));
#2577=DIRECTION('',(-0.987066695159705,-0.0718791279015829,-0.143292464137532));
#2578=DIRECTION('',(-0.160310134759154,0.442576468015388,0.882284948671645));
#2579=DIRECTION('',(1.,0.,0.));
#2580=DIRECTION('',(0.,0.,-1.));
#2581=DIRECTION('',(0.,0.173648177666931,-0.984807753012208));
#2582=DIRECTION('',(0.,0.984807753012208,0.173648177666931));
#2583=DIRECTION('',(0.,-0.128921193073875,-0.991654842158505));
#2584=DIRECTION('',(0.,0.991654842158505,-0.128921193073875));
#2585=DIRECTION('',(1.,0.,0.));
#2586=DIRECTION('',(0.,0.,-1.));
#2587=DIRECTION('',(0.,0.,1.));
#2588=DIRECTION('',(1.,0.,0.));
#2589=DIRECTION('',(0.,0.,1.));
#2590=DIRECTION('',(0.,0.,-1.));
#2591=DIRECTION('',(-1.,0.,0.));
#2592=DIRECTION('',(1.,0.,0.));
#2593=DIRECTION('',(0.,0.,-1.));
#2594=DIRECTION('',(1.,0.,0.));
#2595=DIRECTION('',(0.,0.,-1.));
#2596=DIRECTION('',(0.,-0.536353758135933,-0.843993273748944));
#2597=DIRECTION('',(0.,0.843993273748944,-0.536353758135933));
#2598=DIRECTION('',(1.,0.,0.));
#2599=DIRECTION('',(0.,0.,-1.));
#2600=DIRECTION('',(1.,0.,0.));
#2601=DIRECTION('',(0.,0.,-1.));
#2602=DIRECTION('',(-1.,0.,0.));
#2603=DIRECTION('',(0.,0.,1.));
#2604=DIRECTION('',(-1.,0.,0.));
#2605=DIRECTION('',(0.,0.,1.));
#2606=DIRECTION('',(0.,-0.999934949636961,0.0114059850310662));
#2607=DIRECTION('',(0.,-0.0114059850310662,-0.999934949636961));
#2608=DIRECTION('',(0.,0.999934949636961,-0.0114059850310675));
#2609=DIRECTION('',(0.,0.0114059850310675,0.999934949636961));
#2610=DIRECTION('',(0.,-0.999934949636961,0.0114059850310679));
#2611=DIRECTION('',(0.,-0.0114059850310679,-0.999934949636961));
#2612=DIRECTION('',(1.,0.,0.));
#2613=DIRECTION('',(0.,0.,-1.));
#2614=DIRECTION('',(0.,-0.536353766592388,-0.843993268374907));
#2615=DIRECTION('',(0.,0.843993268374907,-0.536353766592388));
#2616=DIRECTION('',(-1.,0.,0.));
#2617=DIRECTION('',(0.,0.,1.));
#2618=DIRECTION('',(-1.,0.,0.));
#2619=DIRECTION('',(0.,0.,1.));
#2620=DIRECTION('',(1.,0.,0.));
#2621=DIRECTION('',(0.,0.,-1.));
#2622=DIRECTION('',(0.,0.,-1.));
#2623=DIRECTION('',(-1.,0.,0.));
#2624=DIRECTION('',(0.,0.,1.));
#2625=DIRECTION('',(1.,0.,0.));
#2626=DIRECTION('',(0.,0.,-1.));
#2627=DIRECTION('',(-1.,0.,0.));
#2628=DIRECTION('',(1.,0.,0.));
#2629=DIRECTION('',(0.,0.,-1.));
#2630=DIRECTION('',(0.,0.134890526906342,0.990860507715859));
#2631=DIRECTION('',(0.,-0.990860507715859,0.134890526906342));
#2632=DIRECTION('',(-4.62871492160925E-16,-0.337287263228613,-0.941401775048121));
#2633=DIRECTION('',(0.,0.941401775048121,-0.337287263228613));
#2634=DIRECTION('',(-1.,0.,0.));
#2635=DIRECTION('',(0.951379996503582,-0.289570162422959,0.105001063266929));
#2636=DIRECTION('',(0.999540336607832,0.0303169176187375,0.));
#2637=DIRECTION('',(1.,0.,0.));
#2638=DIRECTION('',(0.,0.56916659888292,-0.822222222222222));
#2639=DIRECTION('',(1.,0.,0.));
#2640=DIRECTION('',(0.,0.,-1.));
#2641=DIRECTION('',(0.970914059008092,0.209779731185837,0.115405174944755));
#2642=DIRECTION('',(1.,0.,0.));
#2643=DIRECTION('',(0.,0.,-1.));
#2644=DIRECTION('',(0.,1.,2.70918291079777E-16));
#2645=DIRECTION('',(0.,1.,2.70918291079777E-16));
#2646=DIRECTION('',(0.,1.,2.70918291079777E-16));
#2647=DIRECTION('',(1.,0.,0.));
#2648=DIRECTION('',(0.,0.,-1.));
#2649=DIRECTION('',(1.,0.,0.));
#2650=DIRECTION('',(0.,1.,0.));
#2651=DIRECTION('',(0.,1.,5.41836582159554E-16));
#2652=DIRECTION('',(1.,0.,0.));
#2653=DIRECTION('',(0.,0.,-1.));
#2654=DIRECTION('',(1.,0.,0.));
#2655=DIRECTION('',(0.,0.,-1.));
#2656=DIRECTION('',(1.,0.,0.));
#2657=DIRECTION('',(0.,1.,0.));
#2658=DIRECTION('',(1.,0.,0.));
#2659=DIRECTION('',(0.,0.,-1.));
#2660=DIRECTION('',(0.,1.,5.41836582159554E-16));
#2661=DIRECTION('',(1.,0.,0.));
#2662=DIRECTION('',(0.,0.,-1.));
#2663=DIRECTION('',(0.,0.212429644331046,-0.9771763639228));
#2664=DIRECTION('',(0.,0.9771763639228,0.212429644331046));
#2665=DIRECTION('',(-1.,0.,0.));
#2666=DIRECTION('',(0.,-0.9771763639228,-0.212429644331046));
#2667=DIRECTION('',(0.,0.707106781186547,0.707106781186548));
#2668=DIRECTION('',(0.,-0.707106781186548,0.707106781186547));
#2669=DIRECTION('',(-1.,0.,0.));
#2670=DIRECTION('',(0.,0.707106781186548,-0.707106781186547));
#2671=DIRECTION('',(0.,0.9771763639228,-0.212429644331045));
#2672=DIRECTION('',(0.,0.212429644331045,0.977176363922801));
#2673=DIRECTION('',(0.,-0.212429644331045,-0.9771763639228));
#2674=DIRECTION('',(-1.,0.,0.));
#2675=DIRECTION('',(0.,0.,1.));
#2676=DIRECTION('',(0.,0.540757591313499,0.841178475376553));
#2677=DIRECTION('',(0.,-0.841178475376553,0.540757591313499));
#2678=DIRECTION('',(-1.,0.,0.));
#2679=DIRECTION('',(0.,0.841178475376553,-0.540757591313499));
#2680=DIRECTION('',(0.,1.,1.39897054514259E-16));
#2681=DIRECTION('',(0.,-1.39897054514259E-16,1.));
#2682=DIRECTION('',(-1.,0.,0.));
#2683=DIRECTION('',(0.,-1.39897054514259E-16,1.));
#2684=DIRECTION('',(0.,1.39897054514259E-16,-1.));
#2685=DIRECTION('',(-1.,0.,0.));
#2686=DIRECTION('',(0.,0.,1.));
#2687=DIRECTION('',(-1.,0.,0.));
#2688=DIRECTION('',(0.,-5.41836582159554E-16,1.));
#2689=DIRECTION('',(0.,-1.,-5.41836582159554E-16));
#2690=DIRECTION('',(0.,1.,5.41836582159554E-16));
#2691=DIRECTION('',(1.,0.,0.));
#2692=DIRECTION('',(-1.,0.,0.));
#2693=DIRECTION('',(-1.,0.,0.));
#2694=DIRECTION('',(-1.,0.,0.));
#2695=DIRECTION('',(1.,0.,0.));
#2696=DIRECTION('',(-1.,0.,0.));
#2697=DIRECTION('',(0.,0.,1.));
#2698=DIRECTION('',(-1.,0.,0.));
#2699=DIRECTION('',(0.,0.,1.));
#2700=DIRECTION('',(-1.,0.,0.));
#2701=DIRECTION('',(0.,0.,1.));
#2702=DIRECTION('',(0.0400925118700513,0.,0.999195972015475));
#2703=DIRECTION('',(0.999195972015475,0.,-0.0400925118700513));
#2704=DIRECTION('',(0.,-1.,0.));
#2705=DIRECTION('',(0.977053948395085,0.,-0.212991976199985));
#2706=DIRECTION('',(-0.212991976199985,0.,-0.977053948395085));
#2707=DIRECTION('',(0.,1.,0.));
#2708=DIRECTION('',(0.,-1.,0.));
#2709=DIRECTION('',(0.,0.,-1.));
#2710=DIRECTION('',(-1.,0.,0.));
#2711=DIRECTION('',(0.,0.,1.));
#2712=DIRECTION('',(1.,0.,0.));
#2713=DIRECTION('',(1.,0.,0.));
#2714=DIRECTION('',(0.,1.,0.));
#2715=DIRECTION('',(1.,0.,0.));
#2716=DIRECTION('',(0.,1.,0.));
#2717=DIRECTION('',(0.,-0.866025403784439,-0.5));
#2718=DIRECTION('',(1.22464679914735E-16,-0.5,0.866025403784439));
#2719=DIRECTION('',(0.,-0.866025403784439,-0.5));
#2720=DIRECTION('',(1.,0.,0.));
#2721=DIRECTION('',(0.86602540378444,-0.25,0.433012701892218));
#2722=DIRECTION('',(0.866025403784437,0.25,-0.433012701892222));
#2723=DIRECTION('',(-4.93067355482965E-15,0.5,-0.866025403784439));
#2724=DIRECTION('',(-0.86602540378444,0.25,-0.433012701892218));
#2725=DIRECTION('',(-0.866025403784437,-0.25,0.433012701892222));
#2726=DIRECTION('',(2.46533677741483E-15,-0.5,0.866025403784439));
#2727=DIRECTION('',(0.,-0.866025403784439,-0.5));
#2728=DIRECTION('',(1.22464679914735E-16,-0.5,0.866025403784439));
#2729=DIRECTION('',(0.,-0.866025403784439,-0.5));
#2730=DIRECTION('',(1.,0.,0.));
#2731=DIRECTION('',(0.5,0.43301270189222,-0.75));
#2732=DIRECTION('',(-0.832050294337845,0.,-0.554700196225227));
#2733=DIRECTION('',(0.,-0.866025403784439,-0.5));
#2734=DIRECTION('',(0.86602540378444,-0.25,0.433012701892218));
#2735=DIRECTION('',(0.,-0.866025403784439,-0.5));
#2736=DIRECTION('',(1.,1.23266838870741E-15,-2.1350442781253E-15));
#2737=DIRECTION('',(-2.1350442781253E-15,0.,-1.));
#2738=DIRECTION('',(0.,-0.866025403784439,-0.5));
#2739=DIRECTION('',(2.46533677741483E-15,-0.5,0.866025403784439));
#2740=DIRECTION('',(0.5,-0.433012701892219,0.75));
#2741=DIRECTION('',(0.832050294337842,0.,-0.554700196225232));
#2742=DIRECTION('',(0.,-0.866025403784439,-0.5));
#2743=DIRECTION('',(-0.866025403784437,-0.25,0.433012701892222));
#2744=DIRECTION('',(-0.5,-0.43301270189222,0.75));
#2745=DIRECTION('',(0.832050294337845,0.,0.554700196225227));
#2746=DIRECTION('',(0.,-0.866025403784439,-0.5));
#2747=DIRECTION('',(-0.86602540378444,0.25,-0.433012701892218));
#2748=DIRECTION('',(-1.,-2.46533677741483E-15,4.2700885562506E-15));
#2749=DIRECTION('',(4.2700885562506E-15,0.,1.));
#2750=DIRECTION('',(0.,-0.866025403784439,-0.5));
#2751=DIRECTION('',(-4.93067355482965E-15,0.5,-0.866025403784439));
#2752=DIRECTION('',(-0.5,0.433012701892219,-0.75));
#2753=DIRECTION('',(-0.832050294337842,0.,0.554700196225232));
#2754=DIRECTION('',(0.866025403784437,0.25,-0.433012701892222));
#2755=DIRECTION('',(0.,-0.866025403784439,-0.5));
#2756=DIRECTION('',(1.,0.,0.));
#2757=DIRECTION('',(-0.0625283060953302,0.991121087776359,-0.117342235797071));
#2758=DIRECTION('',(0.,0.117572302346149,0.993064325067126));
#2759=DIRECTION('',(0.113306716754021,0.971369812157466,-0.208811580061051));
#2760=DIRECTION('',(0.,0.210165030766339,0.977665924456296));
#2761=DIRECTION('',(0.00365888096286353,0.999932849734392,-0.0109958452224679));
#2762=DIRECTION('',(0.,0.0109959188261505,0.999939543057063));
#2763=DIRECTION('',(0.,5.41836582159554E-16,-1.));
#2764=DIRECTION('',(1.,0.,0.));
#2765=DIRECTION('',(1.,0.,0.));
#2766=DIRECTION('',(0.,1.,5.41836582159554E-16));
#2767=DIRECTION('',(1.,0.,0.));
#2768=DIRECTION('',(0.,1.,5.41836582159554E-16));
#2769=DIRECTION('',(0.,5.41836582159554E-16,-1.));
#2770=DIRECTION('',(0.,1.,5.41836582159554E-16));
#2771=DIRECTION('',(0.,5.41836582159554E-16,-1.));
#2772=DIRECTION('',(0.,1.,5.41836582159554E-16));
#2773=DIRECTION('',(0.,5.41836582159554E-16,-1.));
#2774=DIRECTION('',(0.,1.,5.41836582159554E-16));
#2775=DIRECTION('',(0.,5.41836582159554E-16,-1.));
#2776=DIRECTION('',(0.,1.,5.41836582159554E-16));
#2777=DIRECTION('',(0.,5.41836582159554E-16,-1.));
#2778=DIRECTION('',(0.,1.,5.41836582159554E-16));
#2779=DIRECTION('',(0.,5.41836582159554E-16,-1.));
#2780=DIRECTION('',(0.,1.,5.41836582159554E-16));
#2781=DIRECTION('',(0.,-1.,-5.41836582159554E-16));
#2782=DIRECTION('',(0.,5.41836582159554E-16,-1.));
#2783=DIRECTION('',(0.707106781186548,-0.707106781186548,-3.83136321539963E-16));
#2784=DIRECTION('',(0.707106781186548,0.707106781186548,3.83136321539963E-16));
#2785=DIRECTION('',(-0.707106781186548,-0.707106781186548,-3.83136321539963E-16));
#2786=DIRECTION('',(-0.707106781186548,0.707106781186548,3.83136321539963E-16));
#2787=DIRECTION('',(-1.,0.,0.));
#2788=DIRECTION('',(0.,0.,1.));
#2789=DIRECTION('',(-0.707106781186548,0.707106781186548,3.83136321539963E-16));
#2790=DIRECTION('',(0.707106781186548,0.707106781186548,3.83136321539963E-16));
#2791=DIRECTION('',(1.,0.,0.));
#2792=DIRECTION('',(0.,0.,-1.));
#2793=DIRECTION('',(0.707106781186548,0.707106781186548,3.83136321539963E-16));
#2794=DIRECTION('',(-0.707106781186548,0.707106781186548,3.83136321539963E-16));
#2795=DIRECTION('',(0.,1.,5.41836582159554E-16));
#2796=DIRECTION('',(0.,-5.41836582159554E-16,1.));
#2797=DIRECTION('',(-1.,0.,0.));
#2798=DIRECTION('',(0.,0.,1.));
#2799=DIRECTION('',(-1.,0.,0.));
#2800=DIRECTION('',(0.,0.,1.));
#2801=DIRECTION('',(-1.,0.,0.));
#2802=DIRECTION('',(0.,-1.,0.));
#2803=DIRECTION('',(-1.,0.,0.));
#2804=DIRECTION('',(0.,0.,1.));
#2805=DIRECTION('',(-1.,0.,0.));
#2806=DIRECTION('',(0.,0.,1.));
#2807=DIRECTION('',(-1.,0.,0.));
#2808=DIRECTION('',(0.,-1.,0.));
#2809=DIRECTION('',(-1.,0.,0.));
#2810=DIRECTION('',(0.,-1.,0.));
#2811=DIRECTION('',(-1.,0.,0.));
#2812=DIRECTION('',(0.,0.,1.));
#2813=DIRECTION('',(-1.,0.,0.));
#2814=DIRECTION('',(0.,0.,1.));
#2815=DIRECTION('',(-1.,0.,0.));
#2816=DIRECTION('',(0.,0.,1.));
#2817=DIRECTION('',(1.,0.,0.));
#2818=DIRECTION('',(0.,0.,-1.));
#2819=DIRECTION('',(1.,0.,0.));
#2820=DIRECTION('',(0.,1.,0.));
#2821=DIRECTION('',(-1.,0.,0.));
#2822=DIRECTION('',(0.,0.,1.));
#2823=DIRECTION('',(1.,0.,0.));
#2824=DIRECTION('',(0.,0.,-1.));
#2825=DIRECTION('',(1.,0.,0.));
#2826=DIRECTION('',(0.,1.,0.));
#2827=DIRECTION('',(-1.,0.,0.));
#2828=DIRECTION('',(0.,0.,1.));
#2829=DIRECTION('',(1.,0.,0.));
#2830=DIRECTION('',(0.,0.,-1.));
#2831=DIRECTION('',(1.,0.,0.));
#2832=DIRECTION('',(0.,1.,0.));
#2833=CARTESIAN_POINT('',(0.,0.,0.));
#2834=CARTESIAN_POINT('',(0.012,0.0007,0.0211));
#2835=CARTESIAN_POINT('',(0.005,0.0007,0.0211));
#2836=CARTESIAN_POINT('',(0.005,-1.08246744900952E-19,0.02065));
#2837=CARTESIAN_POINT('',(0.005,0.0014,0.02155));
#2838=CARTESIAN_POINT('',(0.012,-1.08246744900952E-19,0.02065));
#2839=CARTESIAN_POINT('',(0.0825,1.0842021724855E-19,0.02065));
#2840=CARTESIAN_POINT('',(0.0825,0.0007,0.0211));
#2841=CARTESIAN_POINT('',(0.0825,0.0014,0.02155));
#2842=CARTESIAN_POINT('',(0.012,0.0014,0.02155));
#2843=CARTESIAN_POINT('',(0.,0.,0.003));
#2844=CARTESIAN_POINT('',(0.,-0.0181865334794732,0.0105));
#2845=CARTESIAN_POINT('',(0.,-0.0181865334794732,0.012125));
#2846=CARTESIAN_POINT('',(0.,-0.0181865334794732,-0.0105));
#2847=CARTESIAN_POINT('',(0.,-0.0181865334794732,-0.008875));
#2848=CARTESIAN_POINT('',(0.,1.44198888940572E-17,0.021));
#2849=CARTESIAN_POINT('',(0.,0.0014,0.020175));
#2850=CARTESIAN_POINT('',(0.,1.44198888940572E-17,0.022625));
#2851=CARTESIAN_POINT('',(0.,0.0014,0.02));
#2852=CARTESIAN_POINT('',(0.,0.0014,0.01845));
#2853=CARTESIAN_POINT('',(0.,0.0007,0.0189));
#2854=CARTESIAN_POINT('',(0.,1.08246744900953E-19,0.01935));
#2855=CARTESIAN_POINT('',(0.,0.,0.018325));
#2856=CARTESIAN_POINT('',(0.,1.07156594925393E-18,0.0175));
#2857=CARTESIAN_POINT('',(0.,-2.4747106618693E-18,9.54097911787244E-18));
#2858=CARTESIAN_POINT('',(0.,0.0123743686707646,-0.0123743686707646));
#2859=CARTESIAN_POINT('',(0.,0.013611805537841,-0.013611805537841));
#2860=CARTESIAN_POINT('',(0.,0.0136825162159597,-0.0136825162159597));
#2861=CARTESIAN_POINT('',(0.,0.0138592929112563,-0.0128693434175952));
#2862=CARTESIAN_POINT('',(0.,0.014036069606553,-0.0120561706192306));
#2863=CARTESIAN_POINT('',(0.,0.0151320851173921,-0.0131521861300698));
#2864=CARTESIAN_POINT('',(0.,0.0162281006282313,-0.0142482016409089));
#2865=CARTESIAN_POINT('',(0.,0.0154149278298668,-0.0144249783362056));
#2866=CARTESIAN_POINT('',(0.,0.0146017550315022,-0.0146017550315022));
#2867=CARTESIAN_POINT('',(0.,0.0153265394822184,-0.0153265394822184));
#2868=CARTESIAN_POINT('',(0.,0.0173241161390704,-0.0173241161390704));
#2869=CARTESIAN_POINT('',(0.,2.09901540593194E-15,-2.24299745443801E-15));
#2870=CARTESIAN_POINT('',(0.,0.016062378404209,-0.0185));
#2871=CARTESIAN_POINT('',(0.,0.00640312423743285,-0.0185));
#2872=CARTESIAN_POINT('',(0.,-0.016062378404209,-0.0185));
#2873=CARTESIAN_POINT('',(0.,-5.36499893125283E-18,-5.20417042793042E-18));
#2874=CARTESIAN_POINT('',(0.,-3.46944695195361E-18,0.0245));
#2875=CARTESIAN_POINT('',(0.,-1.2490009027033E-19,0.02075));
#2876=CARTESIAN_POINT('',(0.0929548227959563,-0.0940766601328411,-0.0152791804078809));
#2877=CARTESIAN_POINT('',(0.087,-0.0219843753867227,-2.487608125752E-31));
#2878=CARTESIAN_POINT('',(0.087,-0.0219843753867227,-0.005));
#2879=CARTESIAN_POINT('',(0.087,-0.0192297979334503,-0.0295014602763046));
#2880=CARTESIAN_POINT('',(0.087,0.0120330773420336,-0.0286953432755166));
#2881=CARTESIAN_POINT('',(0.087,0.0164793392052673,-0.0164793392052998));
#2882=CARTESIAN_POINT('',(0.087,-0.0216050653465827,-0.00521022755688521));
#2883=CARTESIAN_POINT('',(0.087,-0.0216004928893123,-0.00524301077169284));
#2884=CARTESIAN_POINT('',(0.087,-0.0216004928893123,-0.00524301077169269));
#2885=CARTESIAN_POINT('',(0.0870501685770947,-0.0215979901416162,-0.00523170549393416));
#2886=CARTESIAN_POINT('',(0.0871004057106583,-0.0215954110672008,-0.00522071647031883));
#2887=CARTESIAN_POINT('',(0.0871507053163177,-0.021592758380051,-0.00521004538319837));
#2888=CARTESIAN_POINT('',(0.0871507053163196,-0.0215927583800762,-0.0052100453830163));
#2889=CARTESIAN_POINT('',(0.101,-0.0204617909362152,-0.00519330422942106));
#2890=CARTESIAN_POINT('',(0.09,0.0147020495981131,-0.000460696879329408));
#2891=CARTESIAN_POINT('',(0.09,-0.0118000598084983,-0.0157616968793294));
#2892=CARTESIAN_POINT('',(0.0928588486824529,-0.00990338612736357,-0.0190468320604335));
#2893=CARTESIAN_POINT('',(0.08525276050671,-0.0118810184296389,-0.0156214724342031));
#2894=CARTESIAN_POINT('',(0.092858848682451,-0.00990338612736675,-0.019046832060437));
#2895=CARTESIAN_POINT('',(0.0924641306069636,-0.0095555333714444,-0.0191894977521485));
#2896=CARTESIAN_POINT('',(0.0915784916435731,-0.00891680477910635,-0.019368930563453));
#2897=CARTESIAN_POINT('',(0.0900262481965468,-0.00831671584998459,-0.019342032380592));
#2898=CARTESIAN_POINT('',(0.0883702890217808,-0.00832732181825815,-0.0190279553871146));
#2899=CARTESIAN_POINT('',(0.0874140217382138,-0.00878057017837623,-0.0186602869933969));
#2900=CARTESIAN_POINT('',(0.087,-0.0090742288424862,-0.0184403879113946));
#2901=CARTESIAN_POINT('',(0.0870001907741116,-0.00907415018694507,-0.0184405213947795));
#2902=CARTESIAN_POINT('',(0.08525276050671,-0.0118810184296411,-0.0156214724342054));
#2903=CARTESIAN_POINT('',(0.0852280824053925,-0.0113462241566415,-0.0161481755364479));
#2904=CARTESIAN_POINT('',(0.085498290911286,-0.010192342635637,-0.0171199876028086));
#2905=CARTESIAN_POINT('',(0.086419838336732,-0.00927978129975589,-0.0180134592458108));
#2906=CARTESIAN_POINT('',(0.0870003814187371,-0.00907407057775917,-0.018440655274767));
#2907=CARTESIAN_POINT('',(0.09,-0.0199406986040721,-0.0204616968793294));
#2908=CARTESIAN_POINT('',(0.09,-0.0175656986040721,-0.0245753175473055));
#2909=CARTESIAN_POINT('',(0.115,-0.0162856415497586,-0.0157101583070863));
#2910=CARTESIAN_POINT('',(0.087,-0.0134836173190972,-0.0141997606098852));
#2911=CARTESIAN_POINT('',(0.115,-0.0159703860656915,-0.0164620986627718));
#2912=CARTESIAN_POINT('',(0.087,-0.0131580032792588,-0.0147339221951459));
#2913=CARTESIAN_POINT('',(0.115,-0.0156031812606559,-0.0171922487265882));
#2914=CARTESIAN_POINT('',(0.087,-0.0127966558279199,-0.0152549931358094));
#2915=CARTESIAN_POINT('',(0.115,-0.0147718374624638,-0.0185951222210241));
#2916=CARTESIAN_POINT('',(0.087,-0.0120037145460027,-0.0162300300525688));
#2917=CARTESIAN_POINT('',(0.115,-0.0143077043575918,-0.019267835106406));
#2918=CARTESIAN_POINT('',(0.087,-0.0115739809926348,-0.0166825105653127));
#2919=CARTESIAN_POINT('',(0.115,-0.0135454199461326,-0.0202242424002142));
#2920=CARTESIAN_POINT('',(0.087,-0.0108678960551261,-0.017296465678703));
#2921=CARTESIAN_POINT('',(0.115,-0.0132803249293047,-0.0205342771452832));
#2922=CARTESIAN_POINT('',(0.087,-0.0106222721525151,-0.0174903074940453));
#2923=CARTESIAN_POINT('',(0.115,-0.0127293950599623,-0.0211353369735135));
#2924=CARTESIAN_POINT('',(0.087,-0.0101086507390055,-0.0178544235771507));
#2925=CARTESIAN_POINT('',(0.115,-0.0124435604153271,-0.0214263618298803));
#2926=CARTESIAN_POINT('',(0.087,-0.00984037351910509,-0.0180243238578389));
#2927=CARTESIAN_POINT('',(0.115,-0.011556986169875,-0.0222688453863395));
#2928=CARTESIAN_POINT('',(0.087,-0.00901728495626425,-0.0184902376628879));
#2929=CARTESIAN_POINT('',(0.115,-0.0109271342861477,-0.0227896608716719));
#2930=CARTESIAN_POINT('',(0.087,-0.00843819721115865,-0.0187483749153546));
#2931=CARTESIAN_POINT('',(0.115,-0.00960178055063033,-0.0237397261472891));
#2932=CARTESIAN_POINT('',(0.087,-0.00725065107789641,-0.0191789262524161));
#2933=CARTESIAN_POINT('',(0.115,-0.00890628669481582,-0.0241689702057467));
#2934=CARTESIAN_POINT('',(0.087,-0.0066406073856529,-0.0193519033665796));
#2935=CARTESIAN_POINT('',(0.115,-0.00746286571974555,-0.0249277339640475));
#2936=CARTESIAN_POINT('',(0.087,-0.00541991287703469,-0.0196308613397775));
#2937=CARTESIAN_POINT('',(0.115,-0.00671494730877531,-0.0252572490862022));
#2938=CARTESIAN_POINT('',(0.087,-0.00480613535557213,-0.0197379061696085));
#2939=CARTESIAN_POINT('',(0.115,-0.0044138619287055,-0.0260868127160955));
#2940=CARTESIAN_POINT('',(0.087,-0.00295731476260588,-0.0199882392078074));
#2941=CARTESIAN_POINT('',(0.115,-0.00280317136142367,-0.0264268219851194));
#2942=CARTESIAN_POINT('',(0.087,-0.00171502317821027,-0.0200629906541824));
#2943=CARTESIAN_POINT('',(0.115,-0.000363122768538517,-0.0265980896317194));
#2944=CARTESIAN_POINT('',(0.087,0.000156420582941881,-0.0200994151684405));
#2945=CARTESIAN_POINT('',(0.115,0.000454166267223099,-0.0265989825039022));
#2946=CARTESIAN_POINT('',(0.087,0.000782306893915207,-0.020099403352439));
#2947=CARTESIAN_POINT('',(0.115,0.00208111092125625,-0.0264883586145455));
#2948=CARTESIAN_POINT('',(0.087,0.00203366185374154,-0.0200703896081663));
#2949=CARTESIAN_POINT('',(0.115,0.00289075672402778,-0.0263768425204097));
#2950=CARTESIAN_POINT('',(0.087,0.00265689315809444,-0.020040882633132));
#2951=CARTESIAN_POINT('',(0.115,0.00448702792518273,-0.026043518647057));
#2952=CARTESIAN_POINT('',(0.087,0.00389610294544831,-0.0199373939248563));
#2953=CARTESIAN_POINT('',(0.115,0.00527364369312179,-0.0258217128788125));
#2954=CARTESIAN_POINT('',(0.087,0.00451211756108297,-0.0198636337592044));
#2955=CARTESIAN_POINT('',(0.115,0.00680890532580969,-0.0252720236289813));
#2956=CARTESIAN_POINT('',(0.087,0.00573309359719657,-0.0196483345377113));
#2957=CARTESIAN_POINT('',(0.115,0.00755754192819027,-0.0249441434637182));
#2958=CARTESIAN_POINT('',(0.087,0.00633811436381435,-0.0195071593961386));
#2959=CARTESIAN_POINT('',(0.115,0.0086413484756029,-0.024377437364061));
#2960=CARTESIAN_POINT('',(0.087,0.00723226301052597,-0.0192133343295828));
#2961=CARTESIAN_POINT('',(0.115,0.00899609910540388,-0.0241760697853578));
#2962=CARTESIAN_POINT('',(0.087,0.00752957836461391,-0.019100845529451));
#2963=CARTESIAN_POINT('',(0.115,0.00969087700207881,-0.0237493610880738));
#2964=CARTESIAN_POINT('',(0.087,0.00811131238837473,-0.0188427467583881));
#2965=CARTESIAN_POINT('',(0.115,0.0100309040067961,-0.0235240201305006));
#2966=CARTESIAN_POINT('',(0.087,0.00839257615701645,-0.0186985877102574));
#2967=CARTESIAN_POINT('',(0.115,0.0106946172191017,-0.0230504365477438));
#2968=CARTESIAN_POINT('',(0.087,0.00893290590298805,-0.0183753437947888));
#2969=CARTESIAN_POINT('',(0.115,0.0110183031762549,-0.0228021941012547));
#2970=CARTESIAN_POINT('',(0.087,0.00919194433666265,-0.0181962155904939));
#2971=CARTESIAN_POINT('',(0.115,0.0116477945882705,-0.0222839883503754));
#2972=CARTESIAN_POINT('',(0.087,0.00968537517944629,-0.0177991813329693));
#2973=CARTESIAN_POINT('',(0.115,0.0119535998056104,-0.0220140252415166));
#2974=CARTESIAN_POINT('',(0.087,0.00992089214772526,-0.0175796136861894));
#2975=CARTESIAN_POINT('',(0.115,0.0128420127259932,-0.0211734808235945));
#2976=CARTESIAN_POINT('',(0.087,0.0105685357538886,-0.0168840668253064));
#2977=CARTESIAN_POINT('',(0.115,0.0133955677997779,-0.0205721997366775));
#2978=CARTESIAN_POINT('',(0.087,0.0109295448102895,-0.0163666962692512));
#2979=CARTESIAN_POINT('',(0.115,0.0141599401014342,-0.0196174602852752));
#2980=CARTESIAN_POINT('',(0.087,0.0113851606228323,-0.0155254794060198));
#2981=CARTESIAN_POINT('',(0.115,0.0144037496466512,-0.0192904223413634));
#2982=CARTESIAN_POINT('',(0.087,0.0115207277945201,-0.0152377181687638));
#2983=CARTESIAN_POINT('',(0.115,0.0147521226018652,-0.018787844593173));
#2984=CARTESIAN_POINT('',(0.087,0.0117025393170315,-0.0147987546510027));
#2985=CARTESIAN_POINT('',(0.115,0.0148653575272714,-0.018618315835875));
#2986=CARTESIAN_POINT('',(0.087,0.0117592422226351,-0.0146509548420261));
#2987=CARTESIAN_POINT('',(0.115,0.0150859139052332,-0.0182754542841491));
#2988=CARTESIAN_POINT('',(0.087,0.0118744310931743,-0.0143560310867199));
#2989=CARTESIAN_POINT('',(0.115,0.0151932353514576,-0.018102121499704));
#2990=CARTESIAN_POINT('',(0.087,0.0119318493519338,-0.0142085024299417));
#2991=CARTESIAN_POINT('',(0.115,0.0152975362317677,-0.0179269897860028));
#2992=CARTESIAN_POINT('',(0.087,0.0119890940388543,-0.0140609079813633));
#2993=CARTESIAN_POINT('',(0.0928588486824496,-0.00990338612735885,-0.0190468320604417));
#2994=CARTESIAN_POINT('',(0.0948288581754208,-0.00957311371073119,-0.0196188806663793));
#2995=CARTESIAN_POINT('',(0.0968045485224984,-0.00925109279391476,-0.0201766372554052));
#2996=CARTESIAN_POINT('',(0.0987782155292639,-0.00892613295420218,-0.0207394842082069));
#2997=CARTESIAN_POINT('',(0.0987782155292639,-0.00892613295420223,-0.0207394842082069));
#2998=CARTESIAN_POINT('',(0.0998247018290227,-0.0147670146503803,-0.0148915606138083));
#2999=CARTESIAN_POINT('',(0.099937281016014,-0.0144560835004218,-0.0155341660646321));
#3000=CARTESIAN_POINT('',(0.100053019642797,-0.0137475621574341,-0.0167664272698833));
#3001=CARTESIAN_POINT('',(0.0998574791688059,-0.0119164006267048,-0.0190117230796568));
#3002=CARTESIAN_POINT('',(0.0992776777389091,-0.010164022676147,-0.0201858421027193));
#3003=CARTESIAN_POINT('',(0.0987782155292639,-0.00892613295420223,-0.0207394842082069));
#3004=CARTESIAN_POINT('',(0.0998247018290226,-0.0147670146503813,-0.0148915606138066));
#3005=CARTESIAN_POINT('',(0.087,-0.0134836173191014,-0.0141997606098788));
#3006=CARTESIAN_POINT('',(0.115,-0.0162856725324475,-0.0157101713518275));
#3007=CARTESIAN_POINT('',(0.115,6.49061109835002E-5,-0.00885509356880647));
#3008=CARTESIAN_POINT('',(0.115,0.0152975406679795,-0.0179269924226308));
#3009=CARTESIAN_POINT('',(0.101,0.013643315135311,-0.0159939488836831));
#3010=CARTESIAN_POINT('',(0.087,0.0119890940388495,-0.0140609079813757));
#3011=CARTESIAN_POINT('',(0.087,-0.00907410271201964,-0.0184404257390083));
#3012=CARTESIAN_POINT('',(0.087,-0.00817709544692658,-0.018885619507132));
#3013=CARTESIAN_POINT('',(0.0869999999999999,-0.00625171311037603,-0.0195263760511536));
#3014=CARTESIAN_POINT('',(0.0870000000000001,-0.00332341258594353,-0.019974662103084));
#3015=CARTESIAN_POINT('',(0.087,-0.000361323238273191,-0.0201197914350436));
#3016=CARTESIAN_POINT('',(0.087,0.00262723039917373,-0.0200818790710081));
#3017=CARTESIAN_POINT('',(0.087,0.00507873816691419,-0.0198202447817721));
#3018=CARTESIAN_POINT('',(0.087,0.00699120162752134,-0.0193292025226721));
#3019=CARTESIAN_POINT('',(0.087,0.0088698035659141,-0.0185548238112324));
#3020=CARTESIAN_POINT('',(0.087,0.0104194438798682,-0.017218639600572));
#3021=CARTESIAN_POINT('',(0.0869999999999999,0.0114537562321957,-0.0154735053516627));
#3022=CARTESIAN_POINT('',(0.087,0.0118072626463325,-0.0145297253608834));
#3023=CARTESIAN_POINT('',(0.087,0.0119890940388495,-0.0140609079813757));
#3024=CARTESIAN_POINT('',(0.0694414658649707,-0.0175146414465351,0.000779419475683158));
#3025=CARTESIAN_POINT('',(0.0723853420320811,-0.0174253511518173,0.000712923658296416));
#3026=CARTESIAN_POINT('',(0.0782730943663019,-0.0172467705623816,0.000579932023523213));
#3027=CARTESIAN_POINT('',(0.0841608467005235,-0.0170681899729461,0.000446940388750002));
#3028=CARTESIAN_POINT('',(0.0871047228676331,-0.0169788996782282,0.000380444571363312));
#3029=CARTESIAN_POINT('',(0.0694414661540912,-0.0175146459036107,0.000660918416294812));
#3030=CARTESIAN_POINT('',(0.0723853422392766,-0.0174253549595261,0.000604528353701092));
#3031=CARTESIAN_POINT('',(0.0782730943716479,-0.0172467731141757,0.000491752005389378));
#3032=CARTESIAN_POINT('',(0.084160846318844,-0.0170681914199955,0.000378993590763914));
#3033=CARTESIAN_POINT('',(0.0871047221433324,-0.016978900563298,0.00032262773851192));
#3034=CARTESIAN_POINT('',(0.0694414652867296,-0.0175146325323838,0.000483882453744203));
#3035=CARTESIAN_POINT('',(0.0723853416176903,-0.0174253435363996,0.000442608460884042));
#3036=CARTESIAN_POINT('',(0.0782730943556099,-0.0172467654587934,0.00036005292141196));
#3037=CARTESIAN_POINT('',(0.0841608474638824,-0.0170681870788471,0.000277461514567146));
#3038=CARTESIAN_POINT('',(0.0871047243162348,-0.0169788979080887,0.000236139101023684));
#3039=CARTESIAN_POINT('',(0.0694414666720987,-0.0175146538892046,0.000256298217410289));
#3040=CARTESIAN_POINT('',(0.0723853426105017,-0.0174253617816711,0.000234420780583018));
#3041=CARTESIAN_POINT('',(0.078273094381226,-0.0172467776861403,0.000190676450707196));
#3042=CARTESIAN_POINT('',(0.0841608456350017,-0.0170681940126258,0.000146982185705741));
#3043=CARTESIAN_POINT('',(0.0871047208456265,-0.0169789021490479,0.000125172336082361));
#3044=CARTESIAN_POINT('',(0.0694414636001932,-0.0175146065327758,0.000110060352078261));
#3045=CARTESIAN_POINT('',(0.0723853404090502,-0.0174253213247648,0.000100702791151049));
#3046=CARTESIAN_POINT('',(0.0782730943244252,-0.0172467505733276,8.1958083768319E-5));
#3047=CARTESIAN_POINT('',(0.0841608496903457,-0.0170681786377253,6.30728958423E-5));
#3048=CARTESIAN_POINT('',(0.0871047285413235,-0.0169788927451819,5.35256872388412E-5));
#3049=CARTESIAN_POINT('',(0.0694414695540317,-0.0175146983151145,-2.16003832879075E-5));
#3050=CARTESIAN_POINT('',(0.072385344675856,-0.0174253997349701,-1.98161301904629E-5));
#3051=CARTESIAN_POINT('',(0.0782730944346619,-0.0172468031210146,-1.6195124502507E-5));
#3052=CARTESIAN_POINT('',(0.0841608418307467,-0.0170682084359415,-1.2324432372501E-5));
#3053=CARTESIAN_POINT('',(0.0871047136262048,-0.0169789109708628,-1.02021800513589E-5));
#3054=CARTESIAN_POINT('',(0.0694414455795866,-0.0175143290578051,-0.000124628678488691));
#3055=CARTESIAN_POINT('',(0.072385327487005,-0.0174250842840137,-0.000112643500626435));
#3056=CARTESIAN_POINT('',(0.0782730939656144,-0.0172465917355288,-8.96844317280877E-5));
#3057=CARTESIAN_POINT('',(0.0841608734283152,-0.0170680885781585,-7.15971994828138E-5));
#3058=CARTESIAN_POINT('',(0.0871047736241157,-0.0169788376658983,-6.63491003498049E-5));
#3059=CARTESIAN_POINT('',(0.069441316840044,-0.0175122434495354,-0.000329120184100599));
#3060=CARTESIAN_POINT('',(0.0723852375683997,-0.0174233001094391,-0.000298855492731684));
#3061=CARTESIAN_POINT('',(0.0782730993235457,-0.0172453903863987,-0.000240338180614615));
#3062=CARTESIAN_POINT('',(0.0841610589518739,-0.0170674035099129,-0.000191366892643103));
#3063=CARTESIAN_POINT('',(0.0871051150135568,-0.0169784171941269,-0.00017400492739595));
#3064=CARTESIAN_POINT('',(0.0694408858901591,-0.0175045872153761,-0.000628987103931733));
#3065=CARTESIAN_POINT('',(0.072384952044457,-0.0174167349780237,-0.000571746611506148));
#3066=CARTESIAN_POINT('',(0.0782731684302135,-0.0172409342222702,-0.00046176571359058));
#3067=CARTESIAN_POINT('',(0.0841617824833226,-0.0170648388486237,-0.000372716619968755));
#3068=CARTESIAN_POINT('',(0.0871063830739756,-0.0169768334413987,-0.00034308615682872));
#3069=CARTESIAN_POINT('',(0.0694397720409514,-0.0174809068649922,-0.00114570418157155));
#3070=CARTESIAN_POINT('',(0.0723843012671361,-0.0173963478455625,-0.00104635318371333));
#3071=CARTESIAN_POINT('',(0.0782736355157916,-0.0172269131230375,-0.000855345559929631));
#3072=CARTESIAN_POINT('',(0.0841642267989866,-0.0170566522768352,-0.000698596806720844));
#3073=CARTESIAN_POINT('',(0.0871103739811601,-0.0169717227433053,-0.000642403378912223));
#3074=CARTESIAN_POINT('',(0.0694378378826994,-0.0174240107215178,-0.00184162717761128));
#3075=CARTESIAN_POINT('',(0.072383515691564,-0.0173470859263844,-0.00169105344105177));
#3076=CARTESIAN_POINT('',(0.0782755858246727,-0.0171924312329323,-0.00140253317393372));
#3077=CARTESIAN_POINT('',(0.084170728723979,-0.0170361465901636,-0.00116696468626957));
#3078=CARTESIAN_POINT('',(0.0871201597556961,-0.0169587142643153,-0.00107999290711978));
#3079=CARTESIAN_POINT('',(0.0694356650716176,-0.017291102688306,-0.00287881920619507));
#3080=CARTESIAN_POINT('',(0.0723840930779952,-0.017231129888841,-0.00266405795898903));
#3081=CARTESIAN_POINT('',(0.0782826011604772,-0.0171094589727909,-0.00225380557876503));
#3082=CARTESIAN_POINT('',(0.0841876012623755,-0.0169856940617919,-0.00191725349685435));
#3083=CARTESIAN_POINT('',(0.0871434879213968,-0.0169259608063693,-0.00178598007136362));
#3084=CARTESIAN_POINT('',(0.0694370676977746,-0.0170170360748227,-0.00425451291069957));
#3085=CARTESIAN_POINT('',(0.0723912210687814,-0.0169897372630446,-0.0039757606400655));
#3086=CARTESIAN_POINT('',(0.0783028449243337,-0.0169323087515428,-0.00344587813073733));
#3087=CARTESIAN_POINT('',(0.0842259542445498,-0.0168751200248137,-0.00300971502080577));
#3088=CARTESIAN_POINT('',(0.0871924711606869,-0.0168519733813599,-0.00283115946619108));
#3089=CARTESIAN_POINT('',(0.0694565567360987,-0.0164208676281975,-0.00624211741639682));
#3090=CARTESIAN_POINT('',(0.0724227012166893,-0.0164586679456715,-0.00590824916008641));
#3091=CARTESIAN_POINT('',(0.0783610678302206,-0.0165316284077767,-0.0052786977127178));
#3092=CARTESIAN_POINT('',(0.0843166475017511,-0.0166169720229015,-0.00475820146878003));
#3093=CARTESIAN_POINT('',(0.0872999954358697,-0.0166722444974526,-0.00453371178565406));
#3094=CARTESIAN_POINT('',(0.0695231535196998,-0.0153552631797648,-0.00857405666039879));
#3095=CARTESIAN_POINT('',(0.0725084888036238,-0.0154982611508685,-0.00822960587897377));
#3096=CARTESIAN_POINT('',(0.078488416628621,-0.0157862907299001,-0.00759204935961169));
#3097=CARTESIAN_POINT('',(0.0844870115266818,-0.0161166628970934,-0.00707158087630082));
#3098=CARTESIAN_POINT('',(0.0874895052765731,-0.0163057655729931,-0.00683794252565893));
#3099=CARTESIAN_POINT('',(0.0696972057767467,-0.0132997859766961,-0.0116000703707606));
#3100=CARTESIAN_POINT('',(0.072713509295726,-0.0136288260968883,-0.0113118596117286));
#3101=CARTESIAN_POINT('',(0.0787586553271201,-0.0142965701735032,-0.010813560206277));
#3102=CARTESIAN_POINT('',(0.0848129829422724,-0.0150609004005634,-0.0104505494525512));
#3103=CARTESIAN_POINT('',(0.0878360844192253,-0.0154841211349105,-0.010283908192737));
#3104=CARTESIAN_POINT('',(0.0698797003155677,-0.0113153601996239,-0.013436032949452));
#3105=CARTESIAN_POINT('',(0.0729194482604452,-0.0118132607475581,-0.0132400287617576));
#3106=CARTESIAN_POINT('',(0.0790121240421739,-0.0128133502579286,-0.0129485938129884));
#3107=CARTESIAN_POINT('',(0.085097433498714,-0.0139346628857497,-0.0128196315911437));
#3108=CARTESIAN_POINT('',(0.0881289958183984,-0.0145458609089284,-0.0127673711325895));
#3109=CARTESIAN_POINT('',(0.0699872266104347,-0.00990894663049022,-0.0144032112191148));
#3110=CARTESIAN_POINT('',(0.0730397229350952,-0.0105189577539155,-0.0142795622335353));
#3111=CARTESIAN_POINT('',(0.0791572525311909,-0.0117364783688606,-0.0141384732953417));
#3112=CARTESIAN_POINT('',(0.085257959386382,-0.0130729897464015,-0.0141714440148024));
#3113=CARTESIAN_POINT('',(0.0882940380651574,-0.0137932167548834,-0.014201484420908));
#3114=CARTESIAN_POINT('',(0.0835415684868577,-0.0127653147233196,-0.0140898263246034));
#3115=CARTESIAN_POINT('',(0.083370147382742,-0.0129142122566068,-0.0138319282318283));
#3116=CARTESIAN_POINT('',(0.0830650565334118,-0.0132177746911159,-0.0133061426719892));
#3117=CARTESIAN_POINT('',(0.0827732546848282,-0.0137162010246477,-0.012442842938482));
#3118=CARTESIAN_POINT('',(0.0828514393200449,-0.014249665865369,-0.0115188547303009));
#3119=CARTESIAN_POINT('',(0.0834128152689419,-0.0146996629593479,-0.0107394369002712));
#3120=CARTESIAN_POINT('',(0.0842163234489451,-0.0150355765068066,-0.0101576175691218));
#3121=CARTESIAN_POINT('',(0.0853951533904696,-0.0153830798945536,-0.00955572404574201));
#3122=CARTESIAN_POINT('',(0.0863530629928119,-0.0155809454842142,-0.0092130107913799));
#3123=CARTESIAN_POINT('',(0.0869995745730209,-0.0157000385263612,-0.00900673559155344));
#3124=CARTESIAN_POINT('',(0.0835415684868576,-0.0127653147233196,-0.0140898263246034));
#3125=CARTESIAN_POINT('',(0.0869997872663283,-0.0157002662735898,-0.00900634099989893));
#3126=CARTESIAN_POINT('',(0.0700000000000001,-0.011120233767954,-0.0134999997186412));
#3127=CARTESIAN_POINT('',(0.0722657811492783,-0.0113379619007979,-0.0134992625374831));
#3128=CARTESIAN_POINT('',(0.0768052009757915,-0.0116758498122334,-0.0137223880589262));
#3129=CARTESIAN_POINT('',(0.0813059409975958,-0.0123390432198196,-0.014001670611715));
#3130=CARTESIAN_POINT('',(0.0835415684868576,-0.0127653147233197,-0.0140898263246032));
#3131=CARTESIAN_POINT('',(0.07,-0.0111283960139531,-0.0135031142875466));
#3132=CARTESIAN_POINT('',(0.07,-0.0174977006261012,2.99264336896503E-6));
#3133=CARTESIAN_POINT('',(0.07,-0.0174977006261012,-0.00129185765378166));
#3134=CARTESIAN_POINT('',(0.0700000000000001,-0.0172151051541458,-0.00384225335863089));
#3135=CARTESIAN_POINT('',(0.07,-0.0159549703167746,-0.00752905743425564));
#3136=CARTESIAN_POINT('',(0.0699999999999999,-0.0139272075828435,-0.0108303494047649));
#3137=CARTESIAN_POINT('',(0.0699999999999999,-0.0121207714884919,-0.01268191055392));
#3138=CARTESIAN_POINT('',(0.0699999999999999,-0.0111235996780765,-0.0134972482878134));
#3139=CARTESIAN_POINT('',(0.07,-0.0174989626149886,2.99264336905642E-6));
#3140=CARTESIAN_POINT('',(0.0699999999999918,-0.0174977006261014,2.90065965693421E-6));
#3141=CARTESIAN_POINT('',(0.0756665955671423,-0.0173258279115184,0.00011130292361562));
#3142=CARTESIAN_POINT('',(0.0813332589773184,-0.0171539531391987,0.000216145339053724));
#3143=CARTESIAN_POINT('',(0.0870000000000285,-0.0169820760128229,0.000316645838137445));
#3144=CARTESIAN_POINT('',(0.087,-0.0169820760128238,0.000316645838136928));
#3145=CARTESIAN_POINT('',(0.087,-0.0169820760128238,0.000316645838136943));
#3146=CARTESIAN_POINT('',(0.087,-0.0169820760128238,-0.00153858508009108));
#3147=CARTESIAN_POINT('',(0.087,-0.0168422793060467,-0.00338375029211617));
#3148=CARTESIAN_POINT('',(0.087,-0.016549199790076,-0.00521022764062418));
#3149=CARTESIAN_POINT('',(0.0869999190653123,-0.0165496111372797,-0.00521029364606325));
#3150=CARTESIAN_POINT('',(0.087,-0.016549199790076,-0.00521022764062418));
#3151=CARTESIAN_POINT('',(0.087,-0.0163438653923557,-0.00648987567424269));
#3152=CARTESIAN_POINT('',(0.087,-0.0160652308423282,-0.00776199032485241));
#3153=CARTESIAN_POINT('',(0.087,-0.0157001986505149,-0.00900632116224924));
#3154=CARTESIAN_POINT('',(0.0693404161543169,-0.0128159841334953,-0.0135426111071811));
#3155=CARTESIAN_POINT('',(0.0694529872880368,-0.0128061803928361,-0.013529832989552));
#3156=CARTESIAN_POINT('',(0.0696783698522059,-0.0127861624568594,-0.0135053220587563));
#3157=CARTESIAN_POINT('',(0.0700654985993499,-0.0127506922155392,-0.0134669952070515));
#3158=CARTESIAN_POINT('',(0.0705342888618156,-0.0127065288982857,-0.0134262374784997));
#3159=CARTESIAN_POINT('',(0.0711500019509143,-0.0126474406161406,-0.0133824816398425));
#3160=CARTESIAN_POINT('',(0.0719294686399083,-0.0125728480582968,-0.0133429550998189));
#3161=CARTESIAN_POINT('',(0.0730353236329585,-0.0124721659216119,-0.0133153146715155));
#3162=CARTESIAN_POINT('',(0.0745307137648079,-0.0123574825802083,-0.0133303578597405));
#3163=CARTESIAN_POINT('',(0.0764692660455586,-0.0122749508321633,-0.0134265684728427));
#3164=CARTESIAN_POINT('',(0.0786366225376206,-0.0123015898279283,-0.0135981988105779));
#3165=CARTESIAN_POINT('',(0.080890669621773,-0.0124696888806124,-0.0137960356697002));
#3166=CARTESIAN_POINT('',(0.0838449716554101,-0.0128520320048254,-0.0140331833354515));
#3167=CARTESIAN_POINT('',(0.0860128519967931,-0.0132749717688092,-0.0141530871811636));
#3168=CARTESIAN_POINT('',(0.0874454667012521,-0.0135877301108601,-0.014203442151705));
#3169=CARTESIAN_POINT('',(0.0697789815192192,-0.0117244596186512,-0.013489593502465));
#3170=CARTESIAN_POINT('',(0.0698892976498714,-0.0117261557980284,-0.0134872421479289));
#3171=CARTESIAN_POINT('',(0.0701098892758485,-0.0117293413007301,-0.0134825372881413));
#3172=CARTESIAN_POINT('',(0.0704886195216673,-0.0117328969299228,-0.0134766258718764));
#3173=CARTESIAN_POINT('',(0.0709468961773056,-0.0117348008897886,-0.0134724123879696));
#3174=CARTESIAN_POINT('',(0.0715484035514697,-0.0117335749956336,-0.0134723956126819));
#3175=CARTESIAN_POINT('',(0.0723095122766382,-0.0117270206490513,-0.0134819098777323));
#3176=CARTESIAN_POINT('',(0.0733893092462785,-0.0117113799396509,-0.0135141669651075));
#3177=CARTESIAN_POINT('',(0.0748509636690802,-0.0116856429056186,-0.0135968746158762));
#3178=CARTESIAN_POINT('',(0.0767515925962301,-0.0116693404028441,-0.0137749670589236));
#3179=CARTESIAN_POINT('',(0.0788860563775307,-0.0117163720826885,-0.014055587689847));
#3180=CARTESIAN_POINT('',(0.081114561083082,-0.0118748095763441,-0.0143990890020405));
#3181=CARTESIAN_POINT('',(0.084042927618742,-0.0122340983725876,-0.0148628281097615));
#3182=CARTESIAN_POINT('',(0.0861970623067202,-0.0126455262347248,-0.0151733503841432));
#3183=CARTESIAN_POINT('',(0.0876216027792003,-0.0129557654549559,-0.0153518061641542));
#3184=CARTESIAN_POINT('',(0.0701761103767263,-0.0100937454468462,-0.013500509852979));
#3185=CARTESIAN_POINT('',(0.0702805028760305,-0.0101104665507083,-0.0135064634381413));
#3186=CARTESIAN_POINT('',(0.0705055886710576,-0.0101436895179593,-0.01351877966157));
#3187=CARTESIAN_POINT('',(0.0708849572629152,-0.0101973436317514,-0.0135412829433885));
#3188=CARTESIAN_POINT('',(0.0713462536868121,-0.0102579831183117,-0.0135706845313539));
#3189=CARTESIAN_POINT('',(0.07195140614514,-0.0103304847929471,-0.0136133030990083));
#3190=CARTESIAN_POINT('',(0.0727177267366264,-0.0104116112360752,-0.0136743831326263));
#3191=CARTESIAN_POINT('',(0.0738054174594651,-0.0105093738272822,-0.0137756014418866));
#3192=CARTESIAN_POINT('',(0.0752784516075216,-0.0106133456194702,-0.0139445441812379));
#3193=CARTESIAN_POINT('',(0.0771938743723732,-0.010715980756058,-0.0142291644488662));
#3194=CARTESIAN_POINT('',(0.0793418895725601,-0.0108226654935489,-0.0146422500165721));
#3195=CARTESIAN_POINT('',(0.0815747291627153,-0.0109719397250064,-0.0151665054627811));
#3196=CARTESIAN_POINT('',(0.0844877497349598,-0.0112610684355947,-0.0159397142709519));
#3197=CARTESIAN_POINT('',(0.0866015299502545,-0.0115987919975782,-0.0165502806049655));
#3198=CARTESIAN_POINT('',(0.0879857996757918,-0.0118691880109806,-0.0169403809913884));
#3199=CARTESIAN_POINT('',(0.0703160019849787,-0.00793031138512838,-0.0135089078613302));
#3200=CARTESIAN_POINT('',(0.0704143514137387,-0.00795820327247132,-0.0135171444980511));
#3201=CARTESIAN_POINT('',(0.0706616817923568,-0.00801356706889126,-0.0135381502773626));
#3202=CARTESIAN_POINT('',(0.0710634954589262,-0.00810390136677211,-0.013575643759437));
#3203=CARTESIAN_POINT('',(0.0715555909334061,-0.00820724012036137,-0.01362592000848));
#3204=CARTESIAN_POINT('',(0.0721986681626811,-0.00833312951965335,-0.0136993029442114));
#3205=CARTESIAN_POINT('',(0.0730114278446143,-0.00847793895239151,-0.0138043316928203));
#3206=CARTESIAN_POINT('',(0.0741612266539822,-0.00865960578537824,-0.0139755849813102));
#3207=CARTESIAN_POINT('',(0.0757111124728983,-0.00886526004669049,-0.0142515218861191));
#3208=CARTESIAN_POINT('',(0.0777133448605993,-0.00907731077041285,-0.0146916474525233));
#3209=CARTESIAN_POINT('',(0.0799405053473354,-0.00926773948794275,-0.015298676712075));
#3210=CARTESIAN_POINT('',(0.0822318450126871,-0.00944884814083291,-0.0160534176533213));
#3211=CARTESIAN_POINT('',(0.0851813692535985,-0.00970373378976703,-0.0171797997112431));
#3212=CARTESIAN_POINT('',(0.0872646149717735,-0.00994504310588683,-0.0181176785948805));
#3213=CARTESIAN_POINT('',(0.0885953459539437,-0.0101399198061262,-0.0187479309255345));
#3214=CARTESIAN_POINT('',(0.0702811685676577,-0.00631224259501776,-0.0135066179945438));
#3215=CARTESIAN_POINT('',(0.0703765778499738,-0.00634333420967124,-0.0135138854613083));
#3216=CARTESIAN_POINT('',(0.0706460221817796,-0.00640493497268967,-0.0135352098155752));
#3217=CARTESIAN_POINT('',(0.0710726191848899,-0.00650541594987631,-0.0135744769933753));
#3218=CARTESIAN_POINT('',(0.0715972434561739,-0.00662029325218241,-0.0136298393393852));
#3219=CARTESIAN_POINT('',(0.072280247798862,-0.00676023137490427,-0.013714141468862));
#3220=CARTESIAN_POINT('',(0.0731411401339467,-0.00692133325234891,-0.013839347219779));
#3221=CARTESIAN_POINT('',(0.0743542001247151,-0.00712393746095417,-0.0140495014607614));
#3222=CARTESIAN_POINT('',(0.0759802970897698,-0.00735459272882462,-0.0143954171591476));
#3223=CARTESIAN_POINT('',(0.0780653952304859,-0.00759390896082491,-0.0149512245477616));
#3224=CARTESIAN_POINT('',(0.0803648027228721,-0.00780552833089293,-0.0157139382059615));
#3225=CARTESIAN_POINT('',(0.082708661348363,-0.00799139625042079,-0.0166543094622415));
#3226=CARTESIAN_POINT('',(0.0856950166346533,-0.00822128598384202,-0.0180519351197535));
#3227=CARTESIAN_POINT('',(0.0877639537017795,-0.00840385203769966,-0.019219861118326));
#3228=CARTESIAN_POINT('',(0.0890604725068857,-0.00854518389392044,-0.0200134490459793));
#3229=CARTESIAN_POINT('',(0.0701658981951049,-0.00469699733641831,-0.0135009737361586));
#3230=CARTESIAN_POINT('',(0.0702600353114292,-0.0047261320622767,-0.0135059519684894));
#3231=CARTESIAN_POINT('',(0.0705535867576743,-0.00478375783367226,-0.013522710563499));
#3232=CARTESIAN_POINT('',(0.0710087688722375,-0.00487759934650688,-0.0135566892312114));
#3233=CARTESIAN_POINT('',(0.07157007258108,-0.00498462574703015,-0.0136087417064316));
#3234=CARTESIAN_POINT('',(0.0722980030700088,-0.0051145864483605,-0.0136937964010761));
#3235=CARTESIAN_POINT('',(0.0732125324137421,-0.00526357749861891,-0.0138275211678508));
#3236=CARTESIAN_POINT('',(0.0744952226574511,-0.00544993787497064,-0.0140622422876234));
#3237=CARTESIAN_POINT('',(0.0762034538228124,-0.00566042049127201,-0.0144628019863342));
#3238=CARTESIAN_POINT('',(0.0783748334089318,-0.00587629462938451,-0.0151207929497495));
#3239=CARTESIAN_POINT('',(0.0807456647809833,-0.00606327181099942,-0.0160309715804636));
#3240=CARTESIAN_POINT('',(0.0831380268783781,-0.00622039222709503,-0.0171526957281832));
#3241=CARTESIAN_POINT('',(0.0861552624716604,-0.00640127422109541,-0.0188159939640559));
#3242=CARTESIAN_POINT('',(0.0882093825105956,-0.00652771022448977,-0.0202031241165428));
#3243=CARTESIAN_POINT('',(0.0894759138257658,-0.00662049919531941,-0.021147760158473));
#3244=CARTESIAN_POINT('',(0.0700333585870417,-0.00317191249011057,-0.0134983952644982));
#3245=CARTESIAN_POINT('',(0.070127412107089,-0.00319502165989441,-0.013500888635566));
#3246=CARTESIAN_POINT('',(0.0704415345156095,-0.00324067572885005,-0.013510656294867));
#3247=CARTESIAN_POINT('',(0.0709220059829268,-0.00331491572786535,-0.01353580669819));
#3248=CARTESIAN_POINT('',(0.0715154277553469,-0.00339939249808241,-0.0135797133829637));
#3249=CARTESIAN_POINT('',(0.0722827713119158,-0.00350161189157292,-0.0136588162577149));
#3250=CARTESIAN_POINT('',(0.073244206140431,-0.00361817163010891,-0.0137919879799519));
#3251=CARTESIAN_POINT('',(0.0745874179499699,-0.00376277349008722,-0.0140375806540802));
#3252=CARTESIAN_POINT('',(0.0763660068499974,-0.0039237660338147,-0.0144728967609752));
#3253=CARTESIAN_POINT('',(0.0786090913541563,-0.00408504201411895,-0.0152051195407642));
#3254=CARTESIAN_POINT('',(0.0810362279555566,-0.00421993907208009,-0.0162287820220881));
#3255=CARTESIAN_POINT('',(0.0834636968027677,-0.00432793944640819,-0.0174936233403296));
#3256=CARTESIAN_POINT('',(0.0864992224498666,-0.00444482436401895,-0.0193686214207803));
#3257=CARTESIAN_POINT('',(0.0885375240401452,-0.00451818614137094,-0.0209303828163643));
#3258=CARTESIAN_POINT('',(0.0897797062616299,-0.00456959645672564,-0.0219945860392514));
#3259=CARTESIAN_POINT('',(0.0699351824495003,-0.0018250663958868,-0.0134990045747922));
#3260=CARTESIAN_POINT('',(0.0700295785658026,-0.00183975346963017,-0.0134996727028152));
#3261=CARTESIAN_POINT('',(0.0703569930252107,-0.00186875044214729,-0.0135035040189533));
#3262=CARTESIAN_POINT('',(0.0708542136778897,-0.00191585029261626,-0.013520976960911));
#3263=CARTESIAN_POINT('',(0.071468837123758,-0.00196934570815289,-0.0135571745730278));
#3264=CARTESIAN_POINT('',(0.0722623232199155,-0.00203387727174065,-0.0136294129236766));
#3265=CARTESIAN_POINT('',(0.0732549289725903,-0.00210708855246153,-0.0137586959806847));
#3266=CARTESIAN_POINT('',(0.0746383569531429,-0.00219714947814618,-0.0140068987639253));
#3267=CARTESIAN_POINT('',(0.0764634043420226,-0.00229581296683214,-0.0144598011998432));
#3268=CARTESIAN_POINT('',(0.0787528703621545,-0.00239177870501271,-0.0152351403996919));
#3269=CARTESIAN_POINT('',(0.0812148776808584,-0.00246834441394774,-0.0163278097175527));
#3270=CARTESIAN_POINT('',(0.0836623505190703,-0.00252579886527509,-0.017681102734967));
#3271=CARTESIAN_POINT('',(0.0867056966395744,-0.00258333219886837,-0.0196877601590852));
#3272=CARTESIAN_POINT('',(0.0887313446554692,-0.00261503129082692,-0.0213583904984607));
#3273=CARTESIAN_POINT('',(0.0899572365137088,-0.00263640465209737,-0.0224971947691298));
#3274=CARTESIAN_POINT('',(0.0698891985342288,-0.000745695989252434,-0.0134999287816179));
#3275=CARTESIAN_POINT('',(0.0699838428713212,-0.000752056929936183,-0.0134997410122902));
#3276=CARTESIAN_POINT('',(0.0703172023333246,-0.000764608714311589,-0.0135006245111354));
#3277=CARTESIAN_POINT('',(0.0708220182742466,-0.000784947532839929,-0.01351424489621));
#3278=CARTESIAN_POINT('',(0.0714462480950788,-0.000807974995784383,-0.0135464600667045));
#3279=CARTESIAN_POINT('',(0.0722516249163421,-0.000835616406226546,-0.0136149538815042));
#3280=CARTESIAN_POINT('',(0.0732584452318072,-0.0008667371687427,-0.0137417046263554));
#3281=CARTESIAN_POINT('',(0.0746602432015905,-0.000904552384274213,-0.0139901080524406));
#3282=CARTESIAN_POINT('',(0.0765064704541628,-0.000945009823888823,-0.0144499094865923));
#3283=CARTESIAN_POINT('',(0.0788168221192426,-0.000982593711614085,-0.0152437811066651));
#3284=CARTESIAN_POINT('',(0.0812940538445345,-0.00101020085187603,-0.0163668278656018));
#3285=CARTESIAN_POINT('',(0.0837497070576211,-0.00102838547599211,-0.017759220944457));
#3286=CARTESIAN_POINT('',(0.0867954077366633,-0.00104358107592639,-0.0198239738449145));
#3287=CARTESIAN_POINT('',(0.0888147812514769,-0.00104929912714828,-0.0215423683279848));
#3288=CARTESIAN_POINT('',(0.0900333483362525,-0.00105295125230936,-0.022713798202182));
#3289=CARTESIAN_POINT('',(0.0698824173071385,0.000154950757509825,-0.0135000887725713));
#3290=CARTESIAN_POINT('',(0.0699771083198279,0.000156978486020638,-0.0134997751747623));
#3291=CARTESIAN_POINT('',(0.0703116122116676,0.000160979417915918,-0.0135002211704981));
#3292=CARTESIAN_POINT('',(0.0708178876967673,0.000167518299250115,-0.0135132990675774));
#3293=CARTESIAN_POINT('',(0.0714439618481689,0.000174989455254045,-0.013544994691689));
#3294=CARTESIAN_POINT('',(0.072251617187497,0.000184069856137863,-0.0136130902888787));
#3295=CARTESIAN_POINT('',(0.0732611536484417,0.000194460764822133,-0.0137397642471474));
#3296=CARTESIAN_POINT('',(0.0746664452429095,0.0002073635731992,-0.0139887931736556));
#3297=CARTESIAN_POINT('',(0.0765166630798315,0.000221640882927846,-0.0144507234329537));
#3298=CARTESIAN_POINT('',(0.0788308783291377,0.000235567629310689,-0.0152491957331683));
#3299=CARTESIAN_POINT('',(0.0813108384501679,0.00024645372229751,-0.0163792029629534));
#3300=CARTESIAN_POINT('',(0.0837678850966938,0.000254067395229621,-0.0177802000664488));
#3301=CARTESIAN_POINT('',(0.0868139085997612,0.000260630302673324,-0.0198574302676304));
#3302=CARTESIAN_POINT('',(0.0888321583792725,0.000262834052902091,-0.0215858419041971));
#3303=CARTESIAN_POINT('',(0.0900494798883273,0.000263730386685193,-0.0227640648861214));
#3304=CARTESIAN_POINT('',(0.0699100294741579,0.00105832947939912,-0.0134994717986169));
#3305=CARTESIAN_POINT('',(0.0700045663714886,0.00106845964887257,-0.0134996716202037));
#3306=CARTESIAN_POINT('',(0.0703364331607258,0.00108845546064124,-0.0135019221381651));
#3307=CARTESIAN_POINT('',(0.0708392852726843,0.00112097757586506,-0.0135174841452632));
#3308=CARTESIAN_POINT('',(0.0714610241603458,0.00115794770696807,-0.013551933955998));
#3309=CARTESIAN_POINT('',(0.0722632720960696,0.00120256466000562,-0.0136229979279625));
#3310=CARTESIAN_POINT('',(0.073266290912679,0.00125314500813008,-0.013752454604038));
#3311=CARTESIAN_POINT('',(0.0746630722673707,0.00131515619731643,-0.0140037010008404));
#3312=CARTESIAN_POINT('',(0.0765033519116904,0.00138238235701183,-0.014465518916998));
#3313=CARTESIAN_POINT('',(0.0788076645192495,0.00144589734941045,-0.0152592213634692));
#3314=CARTESIAN_POINT('',(0.0812804187483146,0.00149327107734921,-0.0163792096867276));
#3315=CARTESIAN_POINT('',(0.0837337101344728,0.00152443593925341,-0.0177662490232053));
#3316=CARTESIAN_POINT('',(0.0867788730024465,0.00154941624810847,-0.0198221635508025));
#3317=CARTESIAN_POINT('',(0.088800234616572,0.00155660801399788,-0.0215329190715667));
#3318=CARTESIAN_POINT('',(0.0900209103816729,0.00155997632992752,-0.0226992320375639));
#3319=CARTESIAN_POINT('',(0.0699802653564434,0.00214742605190809,-0.0134984899599257));
#3320=CARTESIAN_POINT('',(0.0700744974148751,0.00216526648017695,-0.0134999957072192));
#3321=CARTESIAN_POINT('',(0.0703987768393553,0.0022005040812384,-0.0135067015833835));
#3322=CARTESIAN_POINT('',(0.0708919186898368,0.00225781831368204,-0.0135282657653503));
#3323=CARTESIAN_POINT('',(0.0715013410313619,0.00232299839353627,-0.0135691578878761));
#3324=CARTESIAN_POINT('',(0.0722882858301804,0.00240171907399079,-0.0136467897005535));
#3325=CARTESIAN_POINT('',(0.073272922255796,0.00249108878948697,-0.0137817501299303));
#3326=CARTESIAN_POINT('',(0.0746457948403507,0.00260094327802884,-0.0140359328628721));
#3327=CARTESIAN_POINT('',(0.0764582406290737,0.00272068937738232,-0.0144931265503147));
#3328=CARTESIAN_POINT('',(0.0787347371671629,0.00283504762206487,-0.0152682262953618));
#3329=CARTESIAN_POINT('',(0.0811868857032491,0.00292194891436033,-0.0163545886156107));
#3330=CARTESIAN_POINT('',(0.0836288507354461,0.0029809066090331,-0.0176967439381689));
#3331=CARTESIAN_POINT('',(0.0866702769047646,0.00303089583347498,-0.0196850595286658));
#3332=CARTESIAN_POINT('',(0.0886993839577506,0.00304912547851643,-0.0213400416600765));
#3333=CARTESIAN_POINT('',(0.0899291005563699,0.00305987833658557,-0.0224685291271592));
#3334=CARTESIAN_POINT('',(0.0701068076043604,0.00351555674157336,-0.0134991652653686));
#3335=CARTESIAN_POINT('',(0.0702007719140919,0.00354044781892279,-0.0135030244689888));
#3336=CARTESIAN_POINT('',(0.0705099802034534,0.00358964737091733,-0.0135171851235015));
#3337=CARTESIAN_POINT('',(0.0709841852079709,0.00366966018766488,-0.0135486487775331));
#3338=CARTESIAN_POINT('',(0.0715695404094762,0.00376068307698477,-0.0135997708206741));
#3339=CARTESIAN_POINT('',(0.0723267138641016,0.00387068784996314,-0.0136871682471132));
#3340=CARTESIAN_POINT('',(0.0732756908221824,0.00399574075036558,-0.0138290803662163));
#3341=CARTESIAN_POINT('',(0.074602281035697,0.0041498235219775,-0.0140839124287548));
#3342=CARTESIAN_POINT('',(0.0763607654734313,0.00431852952710495,-0.0145259204197381));
#3343=CARTESIAN_POINT('',(0.0785826704878249,0.00448070094168592,-0.0152578380044031));
#3344=CARTESIAN_POINT('',(0.080993041946397,0.00460469684664446,-0.0162717153130642));
#3345=CARTESIAN_POINT('',(0.0834102642507257,0.004689228992244,-0.0175193923676261));
#3346=CARTESIAN_POINT('',(0.0864402954760889,0.00476199342616109,-0.0193667294330643));
#3347=CARTESIAN_POINT('',(0.0884815054451397,0.00479165012866543,-0.0209060448172383));
#3348=CARTESIAN_POINT('',(0.0897275251802857,0.00481228686040874,-0.0219561559932667));
#3349=CARTESIAN_POINT('',(0.0702658819368539,0.00507485400065236,-0.0135051078004989));
#3350=CARTESIAN_POINT('',(0.0703602110295837,0.00510350148054095,-0.0135119812451851));
#3351=CARTESIAN_POINT('',(0.0706474068995431,0.00516017945971799,-0.0135341397890672));
#3352=CARTESIAN_POINT('',(0.0710947134463594,0.00525229811501939,-0.0135760353689231));
#3353=CARTESIAN_POINT('',(0.0716457322363661,0.00535707482097081,-0.0136370601412578));
#3354=CARTESIAN_POINT('',(0.0723606385705242,0.00548367963454709,-0.0137324245870994));
#3355=CARTESIAN_POINT('',(0.0732590725152973,0.0056275918844094,-0.0138769970030751));
#3356=CARTESIAN_POINT('',(0.0745200365870434,0.00580486789369466,-0.0141231895048505));
#3357=CARTESIAN_POINT('',(0.0762014565327974,0.00599868861536343,-0.0145320803990832));
#3358=CARTESIAN_POINT('',(0.0783435502387932,0.00618373143848283,-0.0151897412136034));
#3359=CARTESIAN_POINT('',(0.0806896071646868,0.00632245390752651,-0.0160879960883092));
#3360=CARTESIAN_POINT('',(0.083064530704108,0.00641420680567641,-0.0171894886624633));
#3361=CARTESIAN_POINT('',(0.0860678343648268,0.00649275301759842,-0.0188219560345875));
#3362=CARTESIAN_POINT('',(0.088118952290033,0.00653151014003887,-0.0201869123624588));
#3363=CARTESIAN_POINT('',(0.0893855234451453,0.00656655899668313,-0.0211189406946077));
#3364=CARTESIAN_POINT('',(0.0703861507212378,0.00664230644681264,-0.0135136786344214));
#3365=CARTESIAN_POINT('',(0.0704820430488722,0.00666984629403063,-0.0135230230347109));
#3366=CARTESIAN_POINT('',(0.0707458677890922,0.0067243843240939,-0.0135494405491513));
#3367=CARTESIAN_POINT('',(0.0711656736887391,0.00681283797796513,-0.0135964694337163));
#3368=CARTESIAN_POINT('',(0.0716812071902521,0.00691323234912184,-0.0136606337224611));
#3369=CARTESIAN_POINT('',(0.0723525142028471,0.00703412539717541,-0.0137552353901729));
#3370=CARTESIAN_POINT('',(0.0731986264184038,0.00717080143889459,-0.0138915820789957));
#3371=CARTESIAN_POINT('',(0.0743911816248836,0.0073376006276104,-0.0141142143715706));
#3372=CARTESIAN_POINT('',(0.0759909161433049,0.00751639619509986,-0.0144709844364788));
#3373=CARTESIAN_POINT('',(0.0780452953378624,0.00767982033658502,-0.0150318877521285));
#3374=CARTESIAN_POINT('',(0.0803157609912907,0.00779252123480721,-0.0157920589764719));
#3375=CARTESIAN_POINT('',(0.0826350498345709,0.00786040952789286,-0.0167263954343434));
#3376=CARTESIAN_POINT('',(0.0855947302906082,0.00792169262412905,-0.0181177467688964));
#3377=CARTESIAN_POINT('',(0.0876484021261461,0.0079752097182706,-0.0192865598877186));
#3378=CARTESIAN_POINT('',(0.0889373729883884,0.00803634488550485,-0.020082300194096));
#3379=CARTESIAN_POINT('',(0.0704100542088082,0.00803106341924651,-0.0135157938332918));
#3380=CARTESIAN_POINT('',(0.0705084910414119,0.00805325359513729,-0.0135259121811935));
#3381=CARTESIAN_POINT('',(0.0707538920936493,0.00809720803722958,-0.0135514139459808));
#3382=CARTESIAN_POINT('',(0.071153092544406,0.00816800781638371,-0.0135961380772096));
#3383=CARTESIAN_POINT('',(0.0716414939429921,0.00824771321680271,-0.0136550436636828));
#3384=CARTESIAN_POINT('',(0.0722793899192866,0.00834248187441986,-0.0137393487401826));
#3385=CARTESIAN_POINT('',(0.073085014791239,0.00844754281856445,-0.013857603056852));
#3386=CARTESIAN_POINT('',(0.0742239156030967,0.00857170599634965,-0.0140465629323083));
#3387=CARTESIAN_POINT('',(0.0757580009272849,0.00869641559430266,-0.0143446505901134));
#3388=CARTESIAN_POINT('',(0.0777388050601321,0.00879571405361652,-0.0148116051123953));
#3389=CARTESIAN_POINT('',(0.0799415179526823,0.00884803737222388,-0.0154492543827955));
#3390=CARTESIAN_POINT('',(0.0822068818112225,0.00887452757819036,-0.0162405706232622));
#3391=CARTESIAN_POINT('',(0.0851213092150544,0.0089200554901337,-0.0174231745004495));
#3392=CARTESIAN_POINT('',(0.0871780673353243,0.00901036632874211,-0.0184093776558715));
#3393=CARTESIAN_POINT('',(0.0884926077398923,0.00911093124314893,-0.0190707172740302));
#3394=CARTESIAN_POINT('',(0.0703433564645092,0.00914527174989858,-0.0135103803935752));
#3395=CARTESIAN_POINT('',(0.070444574935874,0.00916013744240976,-0.0135194390843456));
#3396=CARTESIAN_POINT('',(0.0706782251498939,0.00918952815630609,-0.0135404989524105));
#3397=CARTESIAN_POINT('',(0.0710652187142345,0.00923596150072727,-0.0135776846980924));
#3398=CARTESIAN_POINT('',(0.0715370376280152,0.00928699210130621,-0.0136260940861987));
#3399=CARTESIAN_POINT('',(0.0721544525645301,0.00934542487609416,-0.0136950281135746));
#3400=CARTESIAN_POINT('',(0.0729349442463227,0.00940644963097073,-0.0137915089908317));
#3401=CARTESIAN_POINT('',(0.0740400180616169,0.00947149407362176,-0.0139462214541315));
#3402=CARTESIAN_POINT('',(0.0755316429713523,0.009522713307771,-0.0141930920333293));
#3403=CARTESIAN_POINT('',(0.0774629461124208,0.00954005816792119,-0.0145879603971489));
#3404=CARTESIAN_POINT('',(0.0796178736217087,0.00952532850366417,-0.0151384201944662));
#3405=CARTESIAN_POINT('',(0.0818445462846928,0.00951846065114548,-0.0158261235030583));
#3406=CARTESIAN_POINT('',(0.0847290973778397,0.00957039827413909,-0.0168447831147537));
#3407=CARTESIAN_POINT('',(0.0867959530611526,0.00971112071953423,-0.0176694345576382));
#3408=CARTESIAN_POINT('',(0.088136071815307,0.00985095725605435,-0.0182088425835624));
#3409=CARTESIAN_POINT('',(0.0702207759749226,0.0100290197170895,-0.0135031792406397));
#3410=CARTESIAN_POINT('',(0.0703245472332246,0.0100361660267546,-0.0135098888289369));
#3411=CARTESIAN_POINT('',(0.0705513499439371,0.0100501522555565,-0.0135247780049907));
#3412=CARTESIAN_POINT('',(0.0709320122198862,0.0100707151743657,-0.0135517849139095));
#3413=CARTESIAN_POINT('',(0.0713948239134775,0.0100911763335022,-0.0135874641515196));
#3414=CARTESIAN_POINT('',(0.0720011369242962,0.0101107486381687,-0.0136394806137935));
#3415=CARTESIAN_POINT('',(0.0727678558878427,0.0101246470512173,-0.0137143601950598));
#3416=CARTESIAN_POINT('',(0.0738541719155604,0.0101267822492166,-0.0138385618149348));
#3417=CARTESIAN_POINT('',(0.0753217722616638,0.0101014980264724,-0.0140451375227183));
#3418=CARTESIAN_POINT('',(0.0772242245998575,0.0100389126545897,-0.0143894148147958));
#3419=CARTESIAN_POINT('',(0.0793506771645751,0.00996841468009232,-0.0148802083244046));
#3420=CARTESIAN_POINT('',(0.0815552728524062,0.00994490817338265,-0.0154896036821666));
#3421=CARTESIAN_POINT('',(0.0844268162665791,0.0100204165927608,-0.0163706982246773));
#3422=CARTESIAN_POINT('',(0.0865079845266505,0.0102088890416104,-0.017050966439293));
#3423=CARTESIAN_POINT('',(0.0878701841895706,0.0103796751598136,-0.0174831819120626));
#3424=CARTESIAN_POINT('',(0.0700725785248602,0.010727615690948,-0.0134986408970628));
#3425=CARTESIAN_POINT('',(0.0701784761129522,0.0107274469624686,-0.0135023055220554));
#3426=CARTESIAN_POINT('',(0.0704016412330192,0.0107267897278544,-0.0135104179617555));
#3427=CARTESIAN_POINT('',(0.0707796269029967,0.0107226687774415,-0.0135263348124323));
#3428=CARTESIAN_POINT('',(0.0712382937941112,0.0107138545428388,-0.0135488586872714));
#3429=CARTESIAN_POINT('',(0.0718396068636166,0.010696116000834,-0.0135843250078925));
#3430=CARTESIAN_POINT('',(0.0726001127157673,0.010664780378162,-0.013639486122812));
#3431=CARTESIAN_POINT('',(0.0736779754683976,0.0106069439209737,-0.0137380910954711));
#3432=CARTESIAN_POINT('',(0.075134657537469,0.0105104242508089,-0.0139145139180911));
#3433=CARTESIAN_POINT('',(0.077023681815243,0.010378282845268,-0.014224642473716));
#3434=CARTESIAN_POINT('',(0.0791367466233062,0.0102669833869771,-0.014673580618788));
#3435=CARTESIAN_POINT('',(0.0813321251977851,0.0102396278264038,-0.0152198186722264));
#3436=CARTESIAN_POINT('',(0.0842022515578403,0.0103443218651244,-0.0159820067866491));
#3437=CARTESIAN_POINT('',(0.0862978522385222,0.0105706629460241,-0.0165367977227973));
#3438=CARTESIAN_POINT('',(0.0876772564983755,0.0107631771696625,-0.0168781760831893));
#3439=CARTESIAN_POINT('',(0.0699162908204339,0.0112869624480232,-0.0134988676742255));
#3440=CARTESIAN_POINT('',(0.0700238534547751,0.0112801742997537,-0.0134991769092353));
#3441=CARTESIAN_POINT('',(0.0702453452169274,0.011266226700256,-0.0135004196789793));
#3442=CARTESIAN_POINT('',(0.0706227556941275,0.0112396229327137,-0.0135051497140128));
#3443=CARTESIAN_POINT('',(0.0710801917689773,0.011204055607979,-0.0135148284130886));
#3444=CARTESIAN_POINT('',(0.0716802272476742,0.0111521579900446,-0.0135347250466998));
#3445=CARTESIAN_POINT('',(0.0724392575985409,0.0110794711027801,-0.0135722741533589));
#3446=CARTESIAN_POINT('',(0.073515316752889,0.0109672855673887,-0.0136495680205904));
#3447=CARTESIAN_POINT('',(0.0749698418949801,0.0108079284386416,-0.0138033913975558));
#3448=CARTESIAN_POINT('',(0.0768560798853895,0.0106188394288287,-0.0140898015591608));
#3449=CARTESIAN_POINT('',(0.0789662583639678,0.0104802380829016,-0.0145063049975647));
#3450=CARTESIAN_POINT('',(0.0811609622057649,0.0104566999513926,-0.0149974652451833));
#3451=CARTESIAN_POINT('',(0.0840363161172848,0.0105893443153458,-0.0156542331391113));
#3452=CARTESIAN_POINT('',(0.0861446767023014,0.0108429935993635,-0.0161010826055874));
#3453=CARTESIAN_POINT('',(0.0875368803035921,0.0110496481407021,-0.0163661724504536));
#3454=CARTESIAN_POINT('',(0.0697678504038426,0.0117299732505236,-0.0135037183341373));
#3455=CARTESIAN_POINT('',(0.0698766294238691,0.0117175244383398,-0.0135007476201651));
#3456=CARTESIAN_POINT('',(0.0700975593369268,0.0116921820869028,-0.013495536057469));
#3457=CARTESIAN_POINT('',(0.0704754413522425,0.0116462411694239,-0.0134897981883328));
#3458=CARTESIAN_POINT('',(0.0709331998953012,0.0115875989899496,-0.0134876832991359));
#3459=CARTESIAN_POINT('',(0.0715339732944237,0.0115061986202943,-0.0134936183087706));
#3460=CARTESIAN_POINT('',(0.0722941698812709,0.0113978637087432,-0.0135159173254398));
#3461=CARTESIAN_POINT('',(0.0733722406133663,0.0112392274754016,-0.0135756659457073));
#3462=CARTESIAN_POINT('',(0.0748297913521216,0.0110275391578428,-0.0137122935483957));
#3463=CARTESIAN_POINT('',(0.0767196538933287,0.0107942466335496,-0.0139811763324903));
#3464=CARTESIAN_POINT('',(0.0788331711597742,0.0106384145709859,-0.0143705604804212));
#3465=CARTESIAN_POINT('',(0.0810318460179216,0.0106215750813984,-0.0148132921588849));
#3466=CARTESIAN_POINT('',(0.0839151494943677,0.0107771250109368,-0.0153790473236698));
#3467=CARTESIAN_POINT('',(0.0860338118187382,0.0110490286621662,-0.0157363108485949));
#3468=CARTESIAN_POINT('',(0.0874351412403235,0.0112642256116177,-0.0159391943766172));
#3469=CARTESIAN_POINT('',(0.0696349360330226,0.012079824929832,-0.0135117928000503));
#3470=CARTESIAN_POINT('',(0.0697445758895989,0.0120626408496742,-0.0135058248353014));
#3471=CARTESIAN_POINT('',(0.0699655377806151,0.0120277449540062,-0.0134948203163185));
#3472=CARTESIAN_POINT('',(0.0703443576427083,0.0119655454711229,-0.0134797302033033));
#3473=CARTESIAN_POINT('',(0.0708031974709763,0.0118874545829974,-0.0134672094742708));
#3474=CARTESIAN_POINT('',(0.0714057039174619,0.011781161889671,-0.0134610347213946));
#3475=CARTESIAN_POINT('',(0.0721684063121293,0.0116428110758364,-0.0134704511802096));
#3476=CARTESIAN_POINT('',(0.0732504639466773,0.0114453894086424,-0.0135159580318966));
#3477=CARTESIAN_POINT('',(0.0747137638933026,0.0111910755534048,-0.0136394828077021));
#3478=CARTESIAN_POINT('',(0.0766105885735159,0.010924105873504,-0.0138949771065211));
#3479=CARTESIAN_POINT('',(0.0787305207638761,0.0107577696388684,-0.0142612044804427));
#3480=CARTESIAN_POINT('',(0.0809351392530951,0.0107481736425317,-0.0146620031873757));
#3481=CARTESIAN_POINT('',(0.0838268395064264,0.0109214943546137,-0.0151509662641485));
#3482=CARTESIAN_POINT('',(0.0859534413936953,0.0112052791175389,-0.0154352596321921));
#3483=CARTESIAN_POINT('',(0.0873611420304568,0.0114254098516894,-0.0155881024492534));
#3484=CARTESIAN_POINT('',(0.0695231657043108,0.0123480140771258,-0.0135214520395385));
#3485=CARTESIAN_POINT('',(0.0696333638602068,0.0123271201686121,-0.0135129281840338));
#3486=CARTESIAN_POINT('',(0.0698546041873246,0.012284725458377,-0.0134970103812302));
#3487=CARTESIAN_POINT('',(0.0702344157855234,0.0122097320640572,-0.013474005859487));
#3488=CARTESIAN_POINT('',(0.070694520386157,0.0121163032070247,-0.0134527229140319));
#3489=CARTESIAN_POINT('',(0.071298988727253,0.0119903580271374,-0.0134364239384604));
#3490=CARTESIAN_POINT('',(0.0720645284084526,0.01182834257219,-0.0134351868845946));
#3491=CARTESIAN_POINT('',(0.0731510905752384,0.0116005396062403,-0.0134690927187603));
#3492=CARTESIAN_POINT('',(0.0746209100595164,0.0113134883810921,-0.0135821091021043));
#3493=CARTESIAN_POINT('',(0.0765257141430817,0.0110219844057851,-0.0138264178765045));
#3494=CARTESIAN_POINT('',(0.0786530060355986,0.0108492979340031,-0.0141725883321635));
#3495=CARTESIAN_POINT('',(0.0808639631619098,0.0108456754996601,-0.0145382708313885));
#3496=CARTESIAN_POINT('',(0.0837633933241583,0.0110313002573963,-0.014965144252701));
#3497=CARTESIAN_POINT('',(0.0858958932331756,0.011322044578014,-0.0151924150920365));
#3498=CARTESIAN_POINT('',(0.0873079054158286,0.011544561891292,-0.0153065049425519));
#3499=CARTESIAN_POINT('',(0.0694379098637107,0.0125404893533394,-0.0135305487025039));
#3500=CARTESIAN_POINT('',(0.0695484682275356,0.0125167930361449,-0.0135200522971742));
#3501=CARTESIAN_POINT('',(0.0697700782794412,0.0124687247396369,-0.0135003460625386));
#3502=CARTESIAN_POINT('',(0.0701508107010004,0.012384031761466,-0.0134712751952085));
#3503=CARTESIAN_POINT('',(0.0706121419568093,0.0122789551497194,-0.0134433299071787));
#3504=CARTESIAN_POINT('',(0.0712184819131839,0.0121380781455616,-0.013419433437187));
#3505=CARTESIAN_POINT('',(0.0719867191792476,0.0119581185095866,-0.0134103715094674));
#3506=CARTESIAN_POINT('',(0.0730775366481707,0.0117074414372242,-0.0134360530517044));
#3507=CARTESIAN_POINT('',(0.0745534608056125,0.0113962481630398,-0.0135420576282565));
#3508=CARTESIAN_POINT('',(0.0764656201183755,0.0110876519433489,-0.0137787817294531));
#3509=CARTESIAN_POINT('',(0.0785994987381439,0.0109116086515603,-0.014110019825858));
#3510=CARTESIAN_POINT('',(0.0808158010564398,0.0109129692197539,-0.0144493050557892));
#3511=CARTESIAN_POINT('',(0.0837212011145167,0.0111073764471924,-0.0148301355785632));
#3512=CARTESIAN_POINT('',(0.0858576521739261,0.0114023994220901,-0.015015887792775));
#3513=CARTESIAN_POINT('',(0.0872723571438216,0.0116261224001365,-0.0151019231884395));
#3514=CARTESIAN_POINT('',(0.0693816193896339,0.0126628560358848,-0.0135373317110788));
#3515=CARTESIAN_POINT('',(0.0694923564565214,0.0126374684162117,-0.013525529606825));
#3516=CARTESIAN_POINT('',(0.0697142049573636,0.01258597306143,-0.0135033038205634));
#3517=CARTESIAN_POINT('',(0.0700954914852761,0.0124954125753807,-0.0134701815282873));
#3518=CARTESIAN_POINT('',(0.0705575897457906,0.0123832798629363,-0.0134377550007333));
#3519=CARTESIAN_POINT('',(0.0711651203609365,0.0122333461421019,-0.0134086911517562));
#3520=CARTESIAN_POINT('',(0.0719351094932347,0.012042496085011,-0.01339420381201));
#3521=CARTESIAN_POINT('',(0.0730287436450528,0.0117779458418928,-0.0134139726138877));
#3522=CARTESIAN_POINT('',(0.074508797683955,0.0114521621957562,-0.0135145009538373));
#3523=CARTESIAN_POINT('',(0.0764260608404393,0.0111332914389945,-0.0137449522190755));
#3524=CARTESIAN_POINT('',(0.0785646333954355,0.0109550790369306,-0.0140651614912224));
#3525=CARTESIAN_POINT('',(0.0807847787693878,0.0109589432528793,-0.0143865187215219));
#3526=CARTESIAN_POINT('',(0.0836943663750941,0.0111576816435323,-0.0147372544574788));
#3527=CARTESIAN_POINT('',(0.0858333686977724,0.0114544544308967,-0.0148965705933582));
#3528=CARTESIAN_POINT('',(0.0872497033136091,0.0116783869862983,-0.014964806565049));
#3529=CARTESIAN_POINT('',(0.0693445530784576,0.0127416413240697,-0.0135421424283799));
#3530=CARTESIAN_POINT('',(0.0694554195168652,0.0127150327648146,-0.0135294720016147));
#3531=CARTESIAN_POINT('',(0.0696774969794573,0.0126610614522057,-0.0135055743842239));
#3532=CARTESIAN_POINT('',(0.0700592580613364,0.0125662588131075,-0.0134697948280159));
#3533=CARTESIAN_POINT('',(0.0705220087777111,0.0124490229057281,-0.013434475504688));
#3534=CARTESIAN_POINT('',(0.0711305269088785,0.0122925438902782,-0.0134021628089526));
#3535=CARTESIAN_POINT('',(0.0719019389953063,0.0120938458687542,-0.0133844151423698));
#3536=CARTESIAN_POINT('',(0.0729978100643962,0.0118193700975384,-0.0134009107453968));
#3537=CARTESIAN_POINT('',(0.0744810496577881,0.0114833519442836,-0.0134988826854623));
#3538=CARTESIAN_POINT('',(0.0764020859242959,0.0111577018455186,-0.0137265033570049));
#3539=CARTESIAN_POINT('',(0.0785439300970624,0.0109786639278017,-0.0140404112214647));
#3540=CARTESIAN_POINT('',(0.0807665829286894,0.0109849012620125,-0.0143504758877717));
#3541=CARTESIAN_POINT('',(0.0836787460921066,0.0111872642445142,-0.0146817560104786));
#3542=CARTESIAN_POINT('',(0.0858192036636147,0.0114855201323602,-0.0148238324910627));
#3543=CARTESIAN_POINT('',(0.0872364417633918,0.0117097502559012,-0.0148804834485899));
#3544=CARTESIAN_POINT('',(0.0693209456939346,0.0127910878517371,-0.0135453362706796));
#3545=CARTESIAN_POINT('',(0.06943185562716,0.0127638668603247,-0.013532118131551));
#3546=CARTESIAN_POINT('',(0.0696540154142931,0.0127086533444694,-0.0135071551284768));
#3547=CARTESIAN_POINT('',(0.0700359603302618,0.0126117196910419,-0.0134696490112026));
#3548=CARTESIAN_POINT('',(0.0704989826474442,0.012491915801542,-0.0134323953994246));
#3549=CARTESIAN_POINT('',(0.0711079391102503,0.0123321336684512,-0.0133978082577954));
#3550=CARTESIAN_POINT('',(0.0718800215861652,0.0121294561106709,-0.0133775946885911));
#3551=CARTESIAN_POINT('',(0.0729770083767483,0.0118499031212254,-0.013391251139396));
#3552=CARTESIAN_POINT('',(0.074461945784063,0.0115085364669896,-0.0134863046273691));
#3553=CARTESIAN_POINT('',(0.0763851682729732,0.0111790660066615,-0.0137104131060699));
#3554=CARTESIAN_POINT('',(0.0785291110753394,0.0109990129925682,-0.0140189255922978));
#3555=CARTESIAN_POINT('',(0.080753525262674,0.0110057662279556,-0.0143211229316316));
#3556=CARTESIAN_POINT('',(0.0836675890883639,0.0112090772757092,-0.0146398564555067));
#3557=CARTESIAN_POINT('',(0.0858091269027412,0.0115074849217911,-0.0147712829642924));
#3558=CARTESIAN_POINT('',(0.0872270068933366,0.0117314901399523,-0.0148207886550691));
#3559=CARTESIAN_POINT('',(0.0693026558748103,0.0128291731853709,-0.0135478835480559));
#3560=CARTESIAN_POINT('',(0.0694136547142644,0.0128012054874145,-0.0135342290050903));
#3561=CARTESIAN_POINT('',(0.0696360021353902,0.012744476650413,-0.0135084324102453));
#3562=CARTESIAN_POINT('',(0.0700183049922718,0.0126449461206526,-0.0134696364096503));
#3563=CARTESIAN_POINT('',(0.0704818089450158,0.0125220192021847,-0.0134310331642705));
#3564=CARTESIAN_POINT('',(0.0710914698460285,0.0123582385490013,-0.0133950334621223));
#3565=CARTESIAN_POINT('',(0.071864534978831,0.0121507885283669,-0.0133735868716067));
#3566=CARTESIAN_POINT('',(0.0729630124996191,0.0118652622071197,-0.0133863671412768));
#3567=CARTESIAN_POINT('',(0.0744499734001144,0.0115179089960503,-0.0134814162413347));
#3568=CARTESIAN_POINT('',(0.0763754220137507,0.0111848560099956,-0.0137057337989036));
#3569=CARTESIAN_POINT('',(0.078521087165784,0.0110050004247631,-0.01401237672677));
#3570=CARTESIAN_POINT('',(0.0807466466407692,0.0110138382014691,-0.0143096356425481));
#3571=CARTESIAN_POINT('',(0.0836617431964384,0.011220050351368,-0.0146190699379464));
#3572=CARTESIAN_POINT('',(0.085803783739617,0.0115197641838258,-0.0147419452893753));
#3573=CARTESIAN_POINT('',(0.0872219699509429,0.0117442080875627,-0.0147857131726049));
#3574=CARTESIAN_POINT('',(0.0692816218645965,0.0128722334399645,-0.0135508813065726));
#3575=CARTESIAN_POINT('',(0.069392533459008,0.0128442951064927,-0.0135367607908004));
#3576=CARTESIAN_POINT('',(0.0696147122220399,0.012787626112837,-0.0135100222041563));
#3577=CARTESIAN_POINT('',(0.0699967443511053,0.0126881894550042,-0.0134695773835304));
#3578=CARTESIAN_POINT('',(0.070459952291192,0.0125653591775102,-0.0134289325463025));
#3579=CARTESIAN_POINT('',(0.0710692854351923,0.0124016623801938,-0.0133901783669347));
#3580=CARTESIAN_POINT('',(0.0718420466607204,0.0121942240984279,-0.013365139092969));
#3581=CARTESIAN_POINT('',(0.0729403173543281,0.0119084938130682,-0.0133726748233376));
#3582=CARTESIAN_POINT('',(0.0744274649242674,0.0115603561992165,-0.0134604881149336));
#3583=CARTESIAN_POINT('',(0.0763539191508074,0.0112254182708119,-0.0136755982361956));
#3584=CARTESIAN_POINT('',(0.0785013754906862,0.0110427605969368,-0.0139725822897027));
#3585=CARTESIAN_POINT('',(0.0807290198407273,0.0110485410445867,-0.0142604314700331));
#3586=CARTESIAN_POINT('',(0.0836467260348383,0.011250940081376,-0.0145579672869076));
#3587=CARTESIAN_POINT('',(0.0857903497621035,0.0115481557597583,-0.0146722393985349));
#3588=CARTESIAN_POINT('',(0.0872094265537069,0.0117710318734974,-0.0147102557413728));
#3589=CARTESIAN_POINT('',(0.069246657209983,0.0129442685243037,-0.0135560324140229));
#3590=CARTESIAN_POINT('',(0.0693574810365465,0.0129161096918929,-0.0135411262864606));
#3591=CARTESIAN_POINT('',(0.0695794934238533,0.0128589937041442,-0.0135128166296268));
#3592=CARTESIAN_POINT('',(0.0699612784025444,0.0127587797168189,-0.0134696802103697));
#3593=CARTESIAN_POINT('',(0.0704242461559741,0.012634993149703,-0.0134257880463535));
#3594=CARTESIAN_POINT('',(0.0710333708285477,0.0124700185895608,-0.0133827933125899));
#3595=CARTESIAN_POINT('',(0.0718060492421804,0.012260935912841,-0.0133524326133239));
#3596=CARTESIAN_POINT('',(0.0729045393982707,0.0119728504841097,-0.013352516992512));
#3597=CARTESIAN_POINT('',(0.074392619936492,0.0116215620135922,-0.0134304605667747));
#3598=CARTESIAN_POINT('',(0.0763211900212173,0.0112828068878783,-0.0136330764747));
#3599=CARTESIAN_POINT('',(0.0784716658184504,0.0110963962392928,-0.0139162198778474));
#3600=CARTESIAN_POINT('',(0.080702540625817,0.0110987353691113,-0.0141894958495522));
#3601=CARTESIAN_POINT('',(0.0836241614738201,0.0112969505232796,-0.0144675368777967));
#3602=CARTESIAN_POINT('',(0.0857701245356265,0.011591219996553,-0.014567075731438));
#3603=CARTESIAN_POINT('',(0.0871905275803801,0.0118121143993026,-0.0145952361202746));
#3604=CARTESIAN_POINT('',(0.0691560088944811,0.0131310999137372,-0.0135702101852896));
#3605=CARTESIAN_POINT('',(0.0692665034293649,0.0131028300584934,-0.0135532840875388));
#3606=CARTESIAN_POINT('',(0.0694878814119265,0.0130454902098206,-0.0135209057536512));
#3607=CARTESIAN_POINT('',(0.0698686630945107,0.0129448597361203,-0.0134706979570931));
#3608=CARTESIAN_POINT('',(0.0703305562359998,0.0128205095919349,-0.0134181230871435));
#3609=CARTESIAN_POINT('',(0.0709385338407816,0.0126546569343616,-0.0133635331484005));
#3610=CARTESIAN_POINT('',(0.0717102307602194,0.0124441754812541,-0.013318224142926));
#3611=CARTESIAN_POINT('',(0.0728082580837041,0.0121534641088086,-0.0132967462602469));
#3612=CARTESIAN_POINT('',(0.0742975991327212,0.0117972082901776,-0.0133452587479595));
#3613=CARTESIAN_POINT('',(0.0762307999262456,0.0114497536345995,-0.0135104093776702));
#3614=CARTESIAN_POINT('',(0.078388982630706,0.0112520431360854,-0.0137535471215078));
#3615=CARTESIAN_POINT('',(0.0806286354750287,0.0112425917874095,-0.0139868790958722));
#3616=CARTESIAN_POINT('',(0.0835611667467007,0.0114261740412437,-0.0142134943494671));
#3617=CARTESIAN_POINT('',(0.0857137364120518,0.0117106671349428,-0.0142753244736591));
#3618=CARTESIAN_POINT('',(0.0871378656902109,0.0119253111742858,-0.0142782813538109));
#3619=CARTESIAN_POINT('',(0.0690760096860881,0.0132981773253801,-0.0135847487177327));
#3620=CARTESIAN_POINT('',(0.0691862864746886,0.013269440099236,-0.0135660199583524));
#3621=CARTESIAN_POINT('',(0.069407248518831,0.0132111536690688,-0.0135300335982774));
#3622=CARTESIAN_POINT('',(0.0697873990503363,0.0131088793175716,-0.013473633003986));
#3623=CARTESIAN_POINT('',(0.0702486562077555,0.0129825085454515,-0.0134135685142337));
#3624=CARTESIAN_POINT('',(0.0708560330408466,0.0128139549148684,-0.013349164521977));
#3625=CARTESIAN_POINT('',(0.0716273712290966,0.0125999874722173,-0.013291482092458));
#3626=CARTESIAN_POINT('',(0.0727256497814047,0.0123042457534773,-0.0132525716303504));
#3627=CARTESIAN_POINT('',(0.0742167993396509,0.0119411428018681,-0.0132778035663257));
#3628=CARTESIAN_POINT('',(0.0761545290152948,0.0115851149969007,-0.013413284743774));
#3629=CARTESIAN_POINT('',(0.0783194766828862,0.0113786297405285,-0.0136235739667213));
#3630=CARTESIAN_POINT('',(0.0805665454268504,0.0113609109164477,-0.0138225360171371));
#3631=CARTESIAN_POINT('',(0.0835081800258001,0.0115343540730203,-0.014003456350761));
#3632=CARTESIAN_POINT('',(0.0856662477295465,0.0118117409592232,-0.0140309697746439));
#3633=CARTESIAN_POINT('',(0.0870934945448456,0.0120216456475736,-0.0140110006117749));
#3634=CARTESIAN_POINT('',(0.069015885111759,0.0134246525502395,-0.01359681348351));
#3635=CARTESIAN_POINT('',(0.0691259369917807,0.0133958353606368,-0.0135767354099123));
#3636=CARTESIAN_POINT('',(0.0693464637706585,0.0133373884196559,-0.0135380310966524));
#3637=CARTESIAN_POINT('',(0.0697259199437263,0.01323482176718,-0.01347690538205));
#3638=CARTESIAN_POINT('',(0.0701864232380186,0.0131080640868124,-0.0134110360692967));
#3639=CARTESIAN_POINT('',(0.0707929753675774,0.0129389214537469,-0.0133388722599557));
#3640=CARTESIAN_POINT('',(0.0715635673332995,0.01272403343803,-0.0132711681911537));
#3641=CARTESIAN_POINT('',(0.0726613841960319,0.0124265819093829,-0.0132177589738331));
#3642=CARTESIAN_POINT('',(0.0741531441994198,0.0120602471102189,-0.0132230983792561));
#3643=CARTESIAN_POINT('',(0.0760936933253424,0.0116984966816175,-0.0133330725232977));
#3644=CARTESIAN_POINT('',(0.0782635969055652,0.0114844662912234,-0.0135159673979935));
#3645=CARTESIAN_POINT('',(0.0805164577682368,0.011458783944688,-0.0136875412163533));
#3646=CARTESIAN_POINT('',(0.08346539284501,0.011622281083845,-0.0138332529620174));
#3647=CARTESIAN_POINT('',(0.0856279373940834,0.0118929971450918,-0.0138350379185671));
#3648=CARTESIAN_POINT('',(0.0870577126830725,0.0120986421163397,-0.0137979014389747));
#3649=CARTESIAN_POINT('',(0.0852527605067039,-0.0118810184296361,-0.0156214724342081));
#3650=CARTESIAN_POINT('',(0.0846827732044501,-0.0121759769567833,-0.0151105892790634));
#3651=CARTESIAN_POINT('',(0.0841106034655177,-0.0124699077256974,-0.0146014862533965));
#3652=CARTESIAN_POINT('',(0.0835415684868576,-0.0127653147233197,-0.0140898263246033));
#3653=CARTESIAN_POINT('',(0.0870000000000001,0.0119890940388494,-0.0140609079813758));
#3654=CARTESIAN_POINT('',(0.0839478839252417,0.0115431467533967,-0.0140811439559049));
#3655=CARTESIAN_POINT('',(0.0808735901193741,0.0111924882798234,-0.0140387237224305));
#3656=CARTESIAN_POINT('',(0.0777931043860192,0.0110830566241451,-0.0139025830540322));
#3657=CARTESIAN_POINT('',(0.0777931043860178,0.0110830566241475,-0.0139025830540299));
#3658=CARTESIAN_POINT('',(0.0777931043861303,0.0110830566240924,-0.0139025830540882));
#3659=CARTESIAN_POINT('',(0.0765047611314364,0.0110594949900936,-0.0138255899799787));
#3660=CARTESIAN_POINT('',(0.0739304455592091,0.0111208508678278,-0.0136168610285923));
#3661=CARTESIAN_POINT('',(0.0713515523037386,0.0111460831399261,-0.0135164059733434));
#3662=CARTESIAN_POINT('',(0.0700610328259243,0.0111350771303065,-0.0135003723912922));
#3663=CARTESIAN_POINT('',(0.070061035298922,0.0111352466809137,-0.0135001031637429));
#3664=CARTESIAN_POINT('',(0.07073459691329,-0.0111294241567525,-0.0135050330595335));
#3665=CARTESIAN_POINT('',(0.0715583365746136,-0.0111143502326133,-0.0135174553982803));
#3666=CARTESIAN_POINT('',(0.0731893601245651,-0.0110303943941691,-0.0135868980356608));
#3667=CARTESIAN_POINT('',(0.0756166293220797,-0.0106087079137737,-0.0139251270683704));
#3668=CARTESIAN_POINT('',(0.0778277979702898,-0.00972229671178332,-0.0145716240174847));
#3669=CARTESIAN_POINT('',(0.0803888813698927,-0.00791880968316361,-0.0156802884426847));
#3670=CARTESIAN_POINT('',(0.0826598830295941,-0.00469252122712705,-0.0170771661497259));
#3671=CARTESIAN_POINT('',(0.0836126998089114,0.000275925414750966,-0.0177441181385344));
#3672=CARTESIAN_POINT('',(0.0823025306349626,0.00512915132801817,-0.0169350624885486));
#3673=CARTESIAN_POINT('',(0.0797967267636608,0.00818639838645324,-0.0155391017932542));
#3674=CARTESIAN_POINT('',(0.0772488915860846,0.00995988999592564,-0.0144101467998666));
#3675=CARTESIAN_POINT('',(0.0749774711276592,0.0107952246909892,-0.0137784541722951));
#3676=CARTESIAN_POINT('',(0.0725310279374443,0.0110576550414479,-0.0135636999363223));
#3677=CARTESIAN_POINT('',(0.0708849316671904,0.0111226680873229,-0.0135106074385861));
#3678=CARTESIAN_POINT('',(0.07006103777192,0.0111350771724872,-0.013500372452742));
#3679=CARTESIAN_POINT('',(0.07073459691329,-0.0111290450010751,-0.0135039837768655));
#3680=CARTESIAN_POINT('',(0.095,-0.0111276055083135,-0.013502826215141));
#3681=CARTESIAN_POINT('',(0.,0.0194024350784502,-0.0194024350784502));
#3682=CARTESIAN_POINT('',(0.012,0.0146017550315022,-0.0146017550315022));
#3683=CARTESIAN_POINT('',(0.0825,0.0146017550315022,-0.0146017550315022));
#3684=CARTESIAN_POINT('',(0.0825,0.0141421356237309,-0.0141421356237309));
#3685=CARTESIAN_POINT('',(0.0825,0.0136825162159597,-0.0136825162159597));
#3686=CARTESIAN_POINT('',(0.012,0.0136825162159597,-0.0136825162159597));
#3687=CARTESIAN_POINT('',(0.012,0.0123743686707646,-0.0123743686707646));
#3688=CARTESIAN_POINT('',(0.07,0.0123741596072026,-0.0123741596072025));
#3689=CARTESIAN_POINT('',(0.087,0.0128936125706537,-0.0128936125706537));
#3690=CARTESIAN_POINT('',(0.081348207423927,0.0125397183529964,-0.0125397183529965));
#3691=CARTESIAN_POINT('',(0.0756741976800199,0.0123882357663083,-0.0123882357663083));
#3692=CARTESIAN_POINT('',(0.0699999999999999,0.0123739505436405,-0.0123739505436405));
#3693=CARTESIAN_POINT('',(0.0870000000000208,0.0128938042291886,-0.0128933504272816));
#3694=CARTESIAN_POINT('',(0.087,0.0128936125514867,-0.0128936125561365));
#3695=CARTESIAN_POINT('',(0.0963333026440555,0.0139961797695054,-0.0139961797741552));
#3696=CARTESIAN_POINT('',(0.105666642069998,0.0150985913039468,-0.0150985913039468));
#3697=CARTESIAN_POINT('',(0.114999999999964,0.0162009244968411,-0.0162009244968411));
#3698=CARTESIAN_POINT('',(0.115,0.0162009589181927,-0.0162009401880614));
#3699=CARTESIAN_POINT('',(0.115,-0.0260077930083972,0.0260077930083972));
#3700=CARTESIAN_POINT('',(0.115,-1.7347234759768E-18,0.));
#3701=CARTESIAN_POINT('',(0.,-1.7347234759768E-18,0.));
#3702=CARTESIAN_POINT('',(0.118,-1.7347234759768E-18,0.));
#3703=CARTESIAN_POINT('',(0.118,0.0015,-0.0015));
#3704=CARTESIAN_POINT('',(0.119493308527975,0.00135847388835179,-0.00135847388835178));
#3705=CARTESIAN_POINT('',(0.119493308527975,0.00135847388835178,-0.00135847388835179));
#3706=CARTESIAN_POINT('',(0.119497718523679,0.00140500582593012,-0.00140500582593012));
#3707=CARTESIAN_POINT('',(0.119500000000002,0.00145158807274994,-0.00145158807274994));
#3708=CARTESIAN_POINT('',(0.119500000000002,0.00149822424406973,-0.00149822424406973));
#3709=CARTESIAN_POINT('',(0.1195,0.00149822424406978,-0.00149822424406977));
#3710=CARTESIAN_POINT('',(0.1195,-0.0260077930083972,0.0260077930083972));
#3711=CARTESIAN_POINT('',(0.1195,0.00835623539747675,-0.00835623539747674));
#3712=CARTESIAN_POINT('',(0.,0.00835623539747675,-0.00835623539747674));
#3713=CARTESIAN_POINT('',(0.119499733581837,0.00835623539747675,-0.00835623539747674));
#3714=CARTESIAN_POINT('',(0.114374117288914,0.0318688752926829,-0.0318688752926829));
#3715=CARTESIAN_POINT('',(0.117555225848851,0.017276237888158,-0.017276237888158));
#3716=CARTESIAN_POINT('',(0.117555225848851,0.017276237888158,-0.017276237888158));
#3717=CARTESIAN_POINT('',(0.116947647196675,0.0175482516711982,-0.0175482516711982));
#3718=CARTESIAN_POINT('',(0.116229185492254,0.0177003982898693,-0.0177003982898693));
#3719=CARTESIAN_POINT('',(0.1155,0.0177003982898693,-0.0177003982898693));
#3720=CARTESIAN_POINT('',(0.1155,0.0177003982898693,-0.0177003982898693));
#3721=CARTESIAN_POINT('',(0.117,0.0177003982898693,-0.0177003982898693));
#3722=CARTESIAN_POINT('',(0.115,0.0177004467426225,-0.017700422619081));
#3723=CARTESIAN_POINT('',(0.101,0.0170898687475683,-0.0170898687475846));
#3724=CARTESIAN_POINT('',(0.087,0.0164793392052676,-0.0164793392053001));
#3725=CARTESIAN_POINT('',(0.0870000000000969,0.0164793392052886,-0.0164793392052886));
#3726=CARTESIAN_POINT('',(0.0813518541437343,0.0160839331240818,-0.0160839331240818));
#3727=CARTESIAN_POINT('',(0.0756754935608708,0.0159240768467688,-0.0159240768467688));
#3728=CARTESIAN_POINT('',(0.070000001036728,0.0159095073370464,-0.0159095073370464));
#3729=CARTESIAN_POINT('',(0.07,0.0159097092623397,-0.0159097092648822));
#3730=CARTESIAN_POINT('',(0.07,0.0159099025766973,-0.0159099025766973));
#3731=CARTESIAN_POINT('',(0.012,0.0159099025766973,-0.0159099025766973));
#3732=CARTESIAN_POINT('',(0.012,0.0153265394822184,-0.0153265394822184));
#3733=CARTESIAN_POINT('',(0.012,0.0173241161390704,-0.0173241161390704));
#3734=CARTESIAN_POINT('',(0.012,0.0173241161390704,-0.0173241161390704));
#3735=CARTESIAN_POINT('',(0.,0.,0.0152115011587739));
#3736=CARTESIAN_POINT('',(0.005,0.,0.0152115011587739));
#3737=CARTESIAN_POINT('',(0.005,0.,0.022625));
#3738=CARTESIAN_POINT('',(0.005,0.,0.022625));
#3739=CARTESIAN_POINT('',(0.012,-3.46944695195361E-18,0.0245));
#3740=CARTESIAN_POINT('',(0.012,-3.46944695195361E-18,0.0245));
#3741=CARTESIAN_POINT('',(0.012,-1.2490009027033E-19,0.02075));
#3742=CARTESIAN_POINT('',(0.012,0.,0.0225));
#3743=CARTESIAN_POINT('',(0.07,0.,0.0225));
#3744=CARTESIAN_POINT('',(0.07,0.,0.0225));
#3745=CARTESIAN_POINT('',(0.0784973471316224,0.,0.0230478020036377));
#3746=CARTESIAN_POINT('',(0.087,-1.7347234759768E-18,0.0235959460544086));
#3747=CARTESIAN_POINT('',(0.101,-7.58941520739853E-19,0.0242979730272043));
#3748=CARTESIAN_POINT('',(0.115,0.,0.025));
#3749=CARTESIAN_POINT('',(0.1195,0.,0.025));
#3750=CARTESIAN_POINT('',(0.115704954736886,0.,0.025));
#3751=CARTESIAN_POINT('',(0.115704954736886,0.,0.025));
#3752=CARTESIAN_POINT('',(0.116064022837145,0.,0.025));
#3753=CARTESIAN_POINT('',(0.116769328590426,0.,0.0247342774529571));
#3754=CARTESIAN_POINT('',(0.117134405610723,0.,0.0240741501809912));
#3755=CARTESIAN_POINT('',(0.117185991622043,0.,0.0237188011818888));
#3756=CARTESIAN_POINT('',(0.117185991622043,0.,0.0237188011818888));
#3757=CARTESIAN_POINT('',(0.118881260006726,0.,0.0120409856599797));
#3758=CARTESIAN_POINT('',(0.118,0.,0.0181115240351205));
#3759=CARTESIAN_POINT('',(0.118,0.,0.0239974621829442));
#3760=CARTESIAN_POINT('',(0.115,0.,0.0515299893290391));
#3761=CARTESIAN_POINT('',(0.115,0.,0.0229949243658884));
#3762=CARTESIAN_POINT('',(0.115,1.84314369322536E-18,0.0229949243658884));
#3763=CARTESIAN_POINT('',(0.105664859586149,1.84314369322536E-18,0.0215188072818891));
#3764=CARTESIAN_POINT('',(0.096330679300216,1.61396834143387E-18,0.02003655268063));
#3765=CARTESIAN_POINT('',(0.087,1.61396834143387E-18,0.0185324920733513));
#3766=CARTESIAN_POINT('',(0.087,-9.47999274567013E-18,0.0185324759585493));
#3767=CARTESIAN_POINT('',(0.070321669331375,-1.30104260698261E-18,0.0175103578443687));
#3768=CARTESIAN_POINT('',(0.0758800187062265,-1.30104260698261E-18,0.0178686902600389));
#3769=CARTESIAN_POINT('',(0.0814393332870088,-2.8948198005363E-17,0.0182121273718688));
#3770=CARTESIAN_POINT('',(0.0870000009252524,-2.8948198005363E-17,0.0185324598970482));
#3771=CARTESIAN_POINT('',(0.070321669331375,1.7705969903062E-17,0.0175103578443687));
#3772=CARTESIAN_POINT('',(0.0700004788634019,-4.24820904365922E-17,0.0174896384826105));
#3773=CARTESIAN_POINT('',(0.0701075420773072,-4.24820904365922E-17,0.0174965492515421));
#3774=CARTESIAN_POINT('',(0.0702146055656932,-3.73302037392324E-17,0.0175034557201588));
#3775=CARTESIAN_POINT('',(0.0703216693313746,-3.73302037392324E-17,0.0175103578443687));
#3776=CARTESIAN_POINT('',(0.0700000000277924,6.03680012309416E-9,0.0174970567134969));
#3777=CARTESIAN_POINT('',(0.012,1.07156594925393E-18,0.0175));
#3778=CARTESIAN_POINT('',(0.012,1.08246744900953E-19,0.01935));
#3779=CARTESIAN_POINT('',(0.0825,1.08246744900953E-19,0.01935));
#3780=CARTESIAN_POINT('',(0.0825,2.88889491658086E-34,0.02));
#3781=CARTESIAN_POINT('',(0.117,6.49061109835036E-5,-0.00885509356880647));
#3782=CARTESIAN_POINT('',(-0.376470002849918,6.49061109835036E-5,-0.00885509356880647));
#3783=CARTESIAN_POINT('',(0.115091316765736,-0.000406522990256133,-0.0285788800866763));
#3784=CARTESIAN_POINT('',(0.115091316765736,0.000536335212223141,-0.0285788800866763));
#3785=CARTESIAN_POINT('',(0.119390985453927,6.49061109835036E-5,-0.00885509356880647));
#3786=CARTESIAN_POINT('',(0.1155,-0.00834114554045017,-0.0267041354375855));
#3787=CARTESIAN_POINT('',(0.1155,6.49061109835036E-5,-0.00885509356880647));
#3788=CARTESIAN_POINT('',(0.1155,-0.0193506148311479,-0.00534973388032095));
#3789=CARTESIAN_POINT('',(0.117,-0.0193506148311479,-0.00534973388032095));
#3790=CARTESIAN_POINT('',(0.115,-0.0193506122025073,-0.00534973430224258));
#3791=CARTESIAN_POINT('',(0.115,6.49061109835036E-5,-0.00885509356880647));
#3792=CARTESIAN_POINT('',(0.115,-0.0180537762200161,-0.0166632406500545));
#3793=CARTESIAN_POINT('',(0.115,6.49061109834898E-5,-0.00885509356880647));
#3794=CARTESIAN_POINT('',(0.115,-0.00147112135870643,-0.0285247048507428));
#3795=CARTESIAN_POINT('',(0.115,6.49061109834898E-5,-0.00885509356880647));
#3796=CARTESIAN_POINT('',(0.115,0.0167518009636625,-0.0193812373648173));
#3797=CARTESIAN_POINT('',(0.115,6.49061109850371E-5,-0.00885509356880726));
#3798=CARTESIAN_POINT('',(0.1155,6.49061109835036E-5,-0.00885509356880647));
#3799=CARTESIAN_POINT('',(0.1155,0.00847095776241718,-0.0267041354375855));
#3800=CARTESIAN_POINT('',(0.119390985453927,6.49061109835036E-5,-0.00885509356880647));
#3801=CARTESIAN_POINT('',(0.1195,-8.67361737988404E-19,-0.012));
#3802=CARTESIAN_POINT('',(0.1195,-0.00538265543402125,-0.00835623539747674));
#3803=CARTESIAN_POINT('',(0.119499733581837,-0.00538265543402125,-0.00835623539747674));
#3804=CARTESIAN_POINT('',(0.1195,-0.00538265543402125,-0.00835623539747674));
#3805=CARTESIAN_POINT('',(0.118705414471031,-8.67361737988404E-19,-0.012));
#3806=CARTESIAN_POINT('',(0.119499733581837,0.00538265543402125,-0.00835623539747674));
#3807=CARTESIAN_POINT('',(0.1195,0.00538265543402125,-0.00835623539747674));
#3808=CARTESIAN_POINT('',(0.1195,0.00538265543402125,-0.00835623539747674));
#3809=CARTESIAN_POINT('',(0.1195,-8.67361737988404E-19,-0.012));
#3810=CARTESIAN_POINT('',(0.1195,-0.00039890060152415,-0.00551225167642088));
#3811=CARTESIAN_POINT('',(0.1195,-0.00039890060152415,-0.00551225167642088));
#3812=CARTESIAN_POINT('',(0.1195,-0.00105009549855161,-0.00555229053477018));
#3813=CARTESIAN_POINT('',(0.119226128236448,-0.00231398962301255,-0.00582511721405836));
#3814=CARTESIAN_POINT('',(0.1195,-0.00344962808035452,-0.006452351477358));
#3815=CARTESIAN_POINT('',(0.1195,-0.00396687786700523,-0.00685083696235359));
#3816=CARTESIAN_POINT('',(0.1195,-0.00396687786700523,-0.00685083696235359));
#3817=CARTESIAN_POINT('',(0.1195,-8.67361737988404E-19,-0.012));
#3818=CARTESIAN_POINT('',(0.115,-8.67361737988404E-19,-0.012));
#3819=CARTESIAN_POINT('',(0.115,-8.67361737988404E-19,-0.0185));
#3820=CARTESIAN_POINT('',(0.1195,-0.00048559668775533,0.0515299893290391));
#3821=CARTESIAN_POINT('',(0.1195,-0.00048559668775533,-0.00835623539747674));
#3822=CARTESIAN_POINT('',(0.1195,-0.004,-0.00135847388835178));
#3823=CARTESIAN_POINT('',(0.1195,0.000641963005619194,-0.00430841955809942));
#3824=CARTESIAN_POINT('',(0.1195,-0.00399518113651522,-0.00135090978784163));
#3825=CARTESIAN_POINT('',(0.1155,6.49061109835036E-5,-0.00885509356880647));
#3826=CARTESIAN_POINT('',(0.117555225848851,0.017276237888158,-0.017276237888158));
#3827=CARTESIAN_POINT('',(0.117105754355017,0.0165671030775292,-0.0193380897267891));
#3828=CARTESIAN_POINT('',(0.116273145348502,0.0141558532072393,-0.0231575008229206));
#3829=CARTESIAN_POINT('',(0.115707934100629,0.0104963254329917,-0.025750283383388));
#3830=CARTESIAN_POINT('',(0.1155,0.00847095776241719,-0.0267041354375856));
#3831=CARTESIAN_POINT('',(0.115,-0.00121273951526604,0.0229617444554807));
#3832=CARTESIAN_POINT('',(0.087,-0.00110643745779468,0.0186158344744083));
#3833=CARTESIAN_POINT('',(0.115,-0.00276850711925743,0.0228622028413122));
#3834=CARTESIAN_POINT('',(0.087,-0.0023890778873607,0.0186174819206431));
#3835=CARTESIAN_POINT('',(0.115,-0.00431160523417931,0.0225676563704685));
#3836=CARTESIAN_POINT('',(0.087,-0.00367645823791599,0.0184673604294467));
#3837=CARTESIAN_POINT('',(0.115,-0.00727762246516759,0.0216066913551035));
#3838=CARTESIAN_POINT('',(0.087,-0.00624818606027766,0.0178337623106404));
#3839=CARTESIAN_POINT('',(0.115,-0.00870030492739932,0.0209403375521346));
#3840=CARTESIAN_POINT('',(0.087,-0.0074691753427613,0.0173668124420582));
#3841=CARTESIAN_POINT('',(0.115,-0.0103484437906374,0.0199007263734596));
#3842=CARTESIAN_POINT('',(0.087,-0.00891676273066029,0.0166010933391885));
#3843=CARTESIAN_POINT('',(0.115,-0.0106715867693564,0.0196825237080912));
#3844=CARTESIAN_POINT('',(0.087,-0.0092023061621914,0.016438751682081));
#3845=CARTESIAN_POINT('',(0.115,-0.0113036473994068,0.0192264054576396));
#3846=CARTESIAN_POINT('',(0.087,-0.00976526519614568,0.0160952566976966));
#3847=CARTESIAN_POINT('',(0.115,-0.0116125648915014,0.0189884899874674));
#3848=CARTESIAN_POINT('',(0.087,-0.0100431680350433,0.0159136950429234));
#3849=CARTESIAN_POINT('',(0.115,-0.0125161782104498,0.0182465613579201));
#3850=CARTESIAN_POINT('',(0.087,-0.0108548290487137,0.0153466292380887));
#3851=CARTESIAN_POINT('',(0.115,-0.0130877022266509,0.0177143317775931));
#3852=CARTESIAN_POINT('',(0.087,-0.0113696792138031,0.0149372905030522));
#3853=CARTESIAN_POINT('',(0.115,-0.0138920097288161,0.0168657655966243));
#3854=CARTESIAN_POINT('',(0.087,-0.0121031764239673,0.0142770644298162));
#3855=CARTESIAN_POINT('',(0.115,-0.0141512904241769,0.0165745486519207));
#3856=CARTESIAN_POINT('',(0.087,-0.0123411860030604,0.0140492545108973));
#3857=CARTESIAN_POINT('',(0.115,-0.0146512006346483,0.0159765233347968));
#3858=CARTESIAN_POINT('',(0.087,-0.0128040050312463,0.0135779019732856));
#3859=CARTESIAN_POINT('',(0.115,-0.0148918300238151,0.0156697151130386));
#3860=CARTESIAN_POINT('',(0.087,-0.0130290013168122,0.0133340047488734));
#3861=CARTESIAN_POINT('',(0.115,-0.0155843384077927,0.014727692151724));
#3862=CARTESIAN_POINT('',(0.087,-0.0136761964854033,0.0125873646141511));
#3863=CARTESIAN_POINT('',(0.115,-0.0160067968311952,0.0140708552910563));
#3864=CARTESIAN_POINT('',(0.087,-0.0140735782121951,0.0120671481604677));
#3865=CARTESIAN_POINT('',(0.115,-0.0163867658930224,0.0133902891614582));
#3866=CARTESIAN_POINT('',(0.087,-0.0144377738848727,0.0115250628350936));
#3867=CARTESIAN_POINT('',(0.087,-0.00110643255617103,0.0186158344681119));
#3868=CARTESIAN_POINT('',(0.087,-0.00238998590480225,0.0186174834795224));
#3869=CARTESIAN_POINT('',(0.0870000000000001,-0.00499677175257217,0.0183069487243856));
#3870=CARTESIAN_POINT('',(0.0869999999999999,-0.00993480680347577,0.0164347655519977));
#3871=CARTESIAN_POINT('',(0.087,-0.0129810197589382,0.0136933749416023));
#3872=CARTESIAN_POINT('',(0.087,-0.0144377992752428,0.0115250250428012));
#3873=CARTESIAN_POINT('',(0.0870000158033684,-0.00110643246139895,0.0186159082364989));
#3874=CARTESIAN_POINT('',(0.0870002841307954,-0.0144379466136627,0.0115251240303274));
#3875=CARTESIAN_POINT('',(0.115,-0.00121273951526604,0.0229617444554807));
#3876=CARTESIAN_POINT('',(0.115,-0.00121273936186271,0.0229617444652958));
#3877=CARTESIAN_POINT('',(0.115,-1.55191434430042E-5,0.00425000580346619));
#3878=CARTESIAN_POINT('',(0.115,-0.0163867658930224,0.0133902891614581));
#3879=CARTESIAN_POINT('',(0.101,-0.0154123417669191,0.0124576928734219));
#3880=CARTESIAN_POINT('',(0.115,-0.0178748203914702,0.0148144678783764));
#3881=CARTESIAN_POINT('',(0.087,-0.018097366113827,0.0150274713189665));
#3882=CARTESIAN_POINT('',(0.115,-0.0174395166508458,0.0155503520704042));
#3883=CARTESIAN_POINT('',(0.087,-0.0176073475856748,0.0156971289220754));
#3884=CARTESIAN_POINT('',(0.115,-0.0169586758435858,0.0162592919319713));
#3885=CARTESIAN_POINT('',(0.087,-0.0170790463212106,0.0163363214530972));
#3886=CARTESIAN_POINT('',(0.115,-0.0159528158401758,0.017561264170249));
#3887=CARTESIAN_POINT('',(0.087,-0.0159918273757488,0.0175031777637403));
#3888=CARTESIAN_POINT('',(0.115,-0.0154339068482033,0.0181590081362228));
#3889=CARTESIAN_POINT('',(0.087,-0.0154400212538734,0.01803400114042));
#3890=CARTESIAN_POINT('',(0.115,-0.0143313219234352,0.0192914424348505));
#3891=CARTESIAN_POINT('',(0.087,-0.0142770789160282,0.0190361674366543));
#3892=CARTESIAN_POINT('',(0.115,-0.0137476491273704,0.0198261295599116));
#3893=CARTESIAN_POINT('',(0.087,-0.0136706485976238,0.0195036136301728));
#3894=CARTESIAN_POINT('',(0.115,-0.0125231473265599,0.0208254775180861));
#3895=CARTESIAN_POINT('',(0.087,-0.0124077237730957,0.0203710404348154));
#3896=CARTESIAN_POINT('',(0.115,-0.0118823217903596,0.0212901355056838));
#3897=CARTESIAN_POINT('',(0.087,-0.0117538239174578,0.0207693849826379));
#3898=CARTESIAN_POINT('',(0.115,-0.0105518708061438,0.0221433654342579));
#3899=CARTESIAN_POINT('',(0.087,-0.0104010246263483,0.0214951302854283));
#3900=CARTESIAN_POINT('',(0.115,-0.00986224913824599,0.0225319349589571));
#3901=CARTESIAN_POINT('',(0.087,-0.00970756499959013,0.021819749037074));
#3902=CARTESIAN_POINT('',(0.115,-0.00844319838357747,0.023227920543435));
#3903=CARTESIAN_POINT('',(0.087,-0.00828642478501198,0.0223922600538259));
#3904=CARTESIAN_POINT('',(0.115,-0.00771377332432106,0.0235353346266601));
#3905=CARTESIAN_POINT('',(0.087,-0.0075616321562091,0.0226391186746612));
#3906=CARTESIAN_POINT('',(0.115,-0.0062246274111711,0.0240650001211761));
#3907=CARTESIAN_POINT('',(0.087,-0.00608352522086371,0.0230538137851216));
#3908=CARTESIAN_POINT('',(0.115,-0.00546491078329285,0.0242872500263322));
#3909=CARTESIAN_POINT('',(0.087,-0.00533612824684736,0.0232201152716045));
#3910=CARTESIAN_POINT('',(0.115,-0.00392509180175297,0.0246436877048652));
#3911=CARTESIAN_POINT('',(0.087,-0.00382457955503449,0.0234703934802838));
#3912=CARTESIAN_POINT('',(0.115,-0.00314499390749107,0.0247778748494057));
#3913=CARTESIAN_POINT('',(0.087,-0.00306311994831985,0.0235540074985795));
#3914=CARTESIAN_POINT('',(0.115,-0.00199468443262475,0.0249086705384454));
#3915=CARTESIAN_POINT('',(0.087,-0.00194083711505406,0.0236154032923133));
#3916=CARTESIAN_POINT('',(0.115,-0.00162847814630655,0.0249404839793254));
#3917=CARTESIAN_POINT('',(0.087,-0.00158482464169635,0.0236258379638657));
#3918=CARTESIAN_POINT('',(0.115,-0.00126168543443345,0.0249625519911081));
#3919=CARTESIAN_POINT('',(0.087,-0.00122901909596611,0.023627219908708));
#3920=CARTESIAN_POINT('',(0.101,-0.00124535226519978,0.024294885949908));
#3921=CARTESIAN_POINT('',(0.115,-0.00126169174991695,0.0249626576601637));
#3922=CARTESIAN_POINT('',(0.087,-0.00122901905549228,0.0236272084731362));
#3923=CARTESIAN_POINT('',(0.087,-0.00122901909990786,0.0236272199086927));
#3924=CARTESIAN_POINT('',(0.087,-0.0045012341483177,0.0236145106606729));
#3925=CARTESIAN_POINT('',(0.087,-0.0110421278158879,0.0220298453939076));
#3926=CARTESIAN_POINT('',(0.087,-0.0161623426395141,0.0176718676169051));
#3927=CARTESIAN_POINT('',(0.087,-0.0180973697957149,0.0150274662873114));
#3928=CARTESIAN_POINT('',(0.087,-0.0180973702035423,0.015027466585737));
#3929=CARTESIAN_POINT('',(0.101,-0.0179860959123955,0.0149209668196324));
#3930=CARTESIAN_POINT('',(0.115,-0.0178748210994331,0.0148144682972612));
#3931=CARTESIAN_POINT('',(0.115,-1.55191434429981E-5,0.00425000580346618));
#3932=CARTESIAN_POINT('',(0.087,-0.0167543719726023,0.006156911040288));
#3933=CARTESIAN_POINT('',(0.0963333333333333,-0.0174096779329624,0.00508742336510975));
#3934=CARTESIAN_POINT('',(0.105666666666667,-0.0180649838933226,0.00401793568993151));
#3935=CARTESIAN_POINT('',(0.115,-0.0187202898536827,0.00294844801475326));
#3936=CARTESIAN_POINT('',(0.087,-0.016538501124632,0.00710863524530463));
#3937=CARTESIAN_POINT('',(0.0963333333333333,-0.0173076095843775,0.0063232712603004));
#3938=CARTESIAN_POINT('',(0.105666666666667,-0.018076718044123,0.00553790727529617));
#3939=CARTESIAN_POINT('',(0.115,-0.0188458265038686,0.00475254329029195));
#3940=CARTESIAN_POINT('',(0.087,-0.0162363038919788,0.00803877904300737));
#3941=CARTESIAN_POINT('',(0.0963333395346499,-0.0170603767742344,0.00755068756569201));
#3942=CARTESIAN_POINT('',(0.105666665016624,-0.0178844745350347,0.00706261389397991));
#3943=CARTESIAN_POINT('',(0.115,-0.0187085471005138,0.00657452211348591));
#3944=CARTESIAN_POINT('',(0.087,-0.0154528205644724,0.00985427587111715));
#3945=CARTESIAN_POINT('',(0.0963333519372829,-0.0162751044242007,0.00993755921970821));
#3946=CARTESIAN_POINT('',(0.105666661716538,-0.0170974629195631,0.010020895985109));
#3947=CARTESIAN_POINT('',(0.115,-0.0179197458289619,0.0101041784241642));
#3948=CARTESIAN_POINT('',(0.087,-0.0149811234545332,0.0107163293633036));
#3949=CARTESIAN_POINT('',(0.0963333581385994,-0.0157435015755931,0.0110812845004925));
#3950=CARTESIAN_POINT('',(0.105666660066495,-0.0165059792108319,0.0114463108600944));
#3951=CARTESIAN_POINT('',(0.115,-0.017268356064786,0.0118112647845688));
#3952=CARTESIAN_POINT('',(0.087,-0.014437814214275,0.0115250216185516));
#3953=CARTESIAN_POINT('',(0.0963333581385994,-0.0150874320248332,0.0121467541296209));
#3954=CARTESIAN_POINT('',(0.105666660066495,-0.0157371493495702,0.0127685578631033));
#3955=CARTESIAN_POINT('',(0.115,-0.0163867658930224,0.0133902891614581));
#3956=CARTESIAN_POINT('',(0.087,-0.0144377992752428,0.0115250250428012));
#3957=CARTESIAN_POINT('',(0.087,-0.015526129024611,0.00990509582530988));
#3958=CARTESIAN_POINT('',(0.087,-0.016322628154933,0.00806036888052613));
#3959=CARTESIAN_POINT('',(0.087,-0.0167543720030247,0.00615691090616291));
#3960=CARTESIAN_POINT('',(0.0870001875781622,-0.0167545295077606,0.00615694663151212));
#3961=CARTESIAN_POINT('',(0.115,-1.551914344298E-5,0.00425000580346618));
#3962=CARTESIAN_POINT('',(0.115,-0.0187202898536827,0.00294844801475326));
#3963=CARTESIAN_POINT('',(0.101,-0.0177373309131425,0.00455267952752062));
#3964=CARTESIAN_POINT('',(0.087,-0.0169820760128238,0.000316645838136908));
#3965=CARTESIAN_POINT('',(0.115,-0.018242167599702,0.000236881968197758));
#3966=CARTESIAN_POINT('',(0.087,-0.0170128501055187,0.00055845319000827));
#3967=CARTESIAN_POINT('',(0.115,-0.0182620893602845,0.000349863886804238));
#3968=CARTESIAN_POINT('',(0.087,-0.0170445396518245,0.000800154464994126));
#3969=CARTESIAN_POINT('',(0.115,-0.018282011120867,0.000462845805410716));
#3970=CARTESIAN_POINT('',(0.087,-0.0170933450909094,0.00128502773106868));
#3971=CARTESIAN_POINT('',(0.115,-0.0183218546420321,0.000688809642623673));
#3972=CARTESIAN_POINT('',(0.087,-0.0171121646624172,0.00152802219623697));
#3973=CARTESIAN_POINT('',(0.115,-0.0183417764026146,0.000801791561230152));
#3974=CARTESIAN_POINT('',(0.087,-0.0171518866714795,0.00225867781537171));
#3975=CARTESIAN_POINT('',(0.115,-0.0184015416843622,0.00114073731704959));
#3976=CARTESIAN_POINT('',(0.087,-0.0171561052789633,0.00274800591000025));
#3977=CARTESIAN_POINT('',(0.115,-0.0184413852055272,0.00136670115426254));
#3978=CARTESIAN_POINT('',(0.087,-0.0171188563932006,0.00373122675969066));
#3979=CARTESIAN_POINT('',(0.115,-0.0185210722478574,0.00181862882868846));
#3980=CARTESIAN_POINT('',(0.087,-0.0170769344774722,0.00422615409592883));
#3981=CARTESIAN_POINT('',(0.115,-0.0185609157690225,0.00204459266590141));
#3982=CARTESIAN_POINT('',(0.087,-0.0169486072684221,0.00519977334873925));
#3983=CARTESIAN_POINT('',(0.115,-0.0186406028113526,0.00249652034032733));
#3984=CARTESIAN_POINT('',(0.087,-0.0168623078579065,0.00568104690393176));
#3985=CARTESIAN_POINT('',(0.115,-0.0186804463325176,0.00272248417754029));
#3986=CARTESIAN_POINT('',(0.087,-0.0167543719726023,0.006156911040288));
#3987=CARTESIAN_POINT('',(0.115,-0.0187202898536827,0.00294844801475325));
#3988=CARTESIAN_POINT('',(0.115,-0.0184812287266924,0.00159266499147551));
#3989=CARTESIAN_POINT('',(0.115,-0.018242167599702,0.000236881968197758));
#3990=CARTESIAN_POINT('',(0.087,-0.0169820760128238,0.000316645838136931));
#3991=CARTESIAN_POINT('',(0.087,-0.0167543720030247,0.00615691090616291));
#3992=CARTESIAN_POINT('',(0.087,-0.0169702435049514,0.00520518378000584));
#3993=CARTESIAN_POINT('',(0.0870000000000001,-0.0172372555706896,0.00323471745688697));
#3994=CARTESIAN_POINT('',(0.0869999999999999,-0.0171051687084959,0.00128384636847491));
#3995=CARTESIAN_POINT('',(0.0869999999999999,-0.0169820760128238,0.000316645838136802));
#3996=CARTESIAN_POINT('',(0.087,-0.0214800175732202,0.00788703723213429));
#3997=CARTESIAN_POINT('',(0.115,-0.0207077019471168,0.00270208112204719));
#3998=CARTESIAN_POINT('',(0.087,-0.0215680365562295,0.00754666504806172));
#3999=CARTESIAN_POINT('',(0.115,-0.0206874647863454,0.00258731048008393));
#4000=CARTESIAN_POINT('',(0.087,-0.0216475723189507,0.00720379108641588));
#4001=CARTESIAN_POINT('',(0.115,-0.0206672276255741,0.00247253983812068));
#4002=CARTESIAN_POINT('',(0.087,-0.0218732209158261,0.00610694711315615));
#4003=CARTESIAN_POINT('',(0.115,-0.020602947487516,0.00210798905978907));
#4004=CARTESIAN_POINT('',(0.087,-0.0219863078391954,0.00534934289179792));
#4005=CARTESIAN_POINT('',(0.115,-0.0205589045102292,0.00185820892342074));
#4006=CARTESIAN_POINT('',(0.087,-0.0221292879475154,0.00382390023039895));
#4007=CARTESIAN_POINT('',(0.115,-0.0204708187473806,0.00135864973801019));
#4008=CARTESIAN_POINT('',(0.087,-0.0221588419676652,0.00305888443411006));
#4009=CARTESIAN_POINT('',(0.115,-0.0204267759618187,0.00110887068896799));
#4010=CARTESIAN_POINT('',(0.087,-0.0221343080851652,0.00152373102343272));
#4011=CARTESIAN_POINT('',(0.115,-0.0203386900003057,0.000609310376875502));
#4012=CARTESIAN_POINT('',(0.087,-0.0220802458538928,0.000760234969008358));
#4013=CARTESIAN_POINT('',(0.115,-0.0202946468243545,0.000359529113825216));
#4014=CARTESIAN_POINT('',(0.087,-0.0219843753867227,-2.16840434497101E-18));
#4015=CARTESIAN_POINT('',(0.115,-0.0202506036484033,0.000109747850774934));
#4016=CARTESIAN_POINT('',(0.101,-0.021117489517563,5.48739253874661E-5));
#4017=CARTESIAN_POINT('',(0.087,-0.0219843753867227,-1.74149973955484E-18));
#4018=CARTESIAN_POINT('',(0.115,-0.0202506036484033,0.000109747850774934));
#4019=CARTESIAN_POINT('',(0.115,-0.02047915279776,0.00140591448641109));
#4020=CARTESIAN_POINT('',(0.115,-0.0207077019471168,0.00270208112204725));
#4021=CARTESIAN_POINT('',(0.101,-0.0210938597601685,0.00529455917709074));
#4022=CARTESIAN_POINT('',(0.087,-0.0214800032197752,0.00788703351467095));
#4023=CARTESIAN_POINT('',(0.087,-0.0214800175746057,0.00788703722677679));
#4024=CARTESIAN_POINT('',(0.087,-0.0221431990865488,0.0053224933956066));
#4025=CARTESIAN_POINT('',(0.087,-0.0223160010936939,0.00262973016094934));
#4026=CARTESIAN_POINT('',(0.087,-0.0219843753867226,-4.98732999343332E-18));
#4027=CARTESIAN_POINT('',(0.087,-0.0180973698995333,0.0150274670011948));
#4028=CARTESIAN_POINT('',(0.115,-0.0178748203914703,0.0148144678783764));
#4029=CARTESIAN_POINT('',(0.087,-0.0185131546693393,0.0144592567761869));
#4030=CARTESIAN_POINT('',(0.115,-0.0184439624738497,0.0138523289800519));
#4031=CARTESIAN_POINT('',(0.087,-0.0188994840066877,0.0138714495509154));
#4032=CARTESIAN_POINT('',(0.115,-0.0189351738253808,0.012844119350676));
#4033=CARTESIAN_POINT('',(0.087,-0.0196438772448408,0.0126044832422292));
#4034=CARTESIAN_POINT('',(0.115,-0.0197852709464641,0.0106688789851911));
#4035=CARTESIAN_POINT('',(0.087,-0.0199949522985925,0.0119240829307898));
#4036=CARTESIAN_POINT('',(0.115,-0.0201283866619079,0.00949572591235504));
#4037=CARTESIAN_POINT('',(0.087,-0.0206234164886645,0.0105234390127832));
#4038=CARTESIAN_POINT('',(0.115,-0.020603869927122,0.00710742266251944));
#4039=CARTESIAN_POINT('',(0.087,-0.020898089544729,0.00980901704837013));
#4040=CARTESIAN_POINT('',(0.115,-0.0207362298905723,0.00589231065702329));
#4041=CARTESIAN_POINT('',(0.087,-0.0212608481614838,0.00868558071256561));
#4042=CARTESIAN_POINT('',(0.115,-0.0207746455829877,0.00401699450072694));
#4043=CARTESIAN_POINT('',(0.087,-0.021376315725647,0.00828805554823019));
#4044=CARTESIAN_POINT('',(0.115,-0.0207567970892829,0.00335836993807779));
#4045=CARTESIAN_POINT('',(0.087,-0.0214800175732202,0.00788703723213429));
#4046=CARTESIAN_POINT('',(0.115,-0.0207077019471168,0.00270208112204719));
#4047=CARTESIAN_POINT('',(0.115,-1.55191434430043E-5,0.00425000580346619));
#4048=CARTESIAN_POINT('',(0.087,-0.0180973697957141,0.015027466287311));
#4049=CARTESIAN_POINT('',(0.087,-0.0196637383137975,0.012886871230792));
#4050=CARTESIAN_POINT('',(0.087,-0.0208168362635493,0.0104515802811117));
#4051=CARTESIAN_POINT('',(0.087,-0.0214800175746057,0.0078870372267768));
#4052=CARTESIAN_POINT('',(0.087,-0.0165491998035286,-0.00521022755678728));
#4053=CARTESIAN_POINT('',(0.115,-0.0172835703868821,-0.00519959297720365));
#4054=CARTESIAN_POINT('',(0.087,-0.0166957377679087,-0.00429700004570482));
#4055=CARTESIAN_POINT('',(0.115,-0.0174433365890188,-0.00429351381963675));
#4056=CARTESIAN_POINT('',(0.087,-0.0168051603843656,-0.0033797393021297));
#4057=CARTESIAN_POINT('',(0.115,-0.0176031027911554,-0.00338743466206985));
#4058=CARTESIAN_POINT('',(0.087,-0.0169153958499616,-0.00199804113315831));
#4059=CARTESIAN_POINT('',(0.115,-0.0178427520943603,-0.00202831592571949));
#4060=CARTESIAN_POINT('',(0.087,-0.0169431053918164,-0.00153649872193965));
#4061=CARTESIAN_POINT('',(0.115,-0.0179226351954287,-0.00157527634693604));
#4062=CARTESIAN_POINT('',(0.087,-0.0169695726056085,-0.000842553768539762));
#4063=CARTESIAN_POINT('',(0.115,-0.0180424598470312,-0.000895716978760866));
#4064=CARTESIAN_POINT('',(0.087,-0.0169758648990041,-0.00061096380285086));
#4065=CARTESIAN_POINT('',(0.115,-0.0180824013975654,-0.000669197189369141));
#4066=CARTESIAN_POINT('',(0.087,-0.0169826393665608,-0.000147162410745761));
#4067=CARTESIAN_POINT('',(0.115,-0.0181622844986336,-0.00021615761058569));
#4068=CARTESIAN_POINT('',(0.087,-0.0169820760128238,8.47418608132355E-5));
#4069=CARTESIAN_POINT('',(0.115,-0.0182022260491678,1.03621788060326E-5));
#4070=CARTESIAN_POINT('',(0.087,-0.0169820760128238,0.000316645838136842));
#4071=CARTESIAN_POINT('',(0.115,-0.018242167599702,0.000236881968197761));
#4072=CARTESIAN_POINT('',(0.115,-0.0173314279503074,-0.00492817924781912));
#4073=CARTESIAN_POINT('',(0.115,-0.0172835703868821,-0.00519959297720364));
#4074=CARTESIAN_POINT('',(0.101,-0.0169163850952061,-0.00520491026699994));
#4075=CARTESIAN_POINT('',(0.087,-0.0219843753867227,-1.08759030427465E-18));
#4076=CARTESIAN_POINT('',(0.115,-0.0202506036484033,0.000109747850774935));
#4077=CARTESIAN_POINT('',(0.087,-0.0219843753867227,-0.00134135202844892));
#4078=CARTESIAN_POINT('',(0.115,-0.0199399079408627,-0.00165229506683351));
#4079=CARTESIAN_POINT('',(0.087,-0.0218906033578415,-0.00315694396976354));
#4080=CARTESIAN_POINT('',(0.115,-0.019629212233322,-0.00341433798444196));
#4081=CARTESIAN_POINT('',(0.087,-0.021605065346649,-0.0052102275567917));
#4082=CARTESIAN_POINT('',(0.115,-0.0193185165257813,-0.00517638090205042));
#4083=CARTESIAN_POINT('',(0.087150705316318,-0.0215927583800553,-0.00521004538316757));
#4084=CARTESIAN_POINT('',(0.0873615807355555,-0.0215755377749818,-0.00520979047526041));
#4085=CARTESIAN_POINT('',(0.0877794009541709,-0.0215514789815467,-0.00513698883953766));
#4086=CARTESIAN_POINT('',(0.0886207187020339,-0.0214883208833425,-0.00509633670635862));
#4087=CARTESIAN_POINT('',(0.0896743903817938,-0.0214048301951953,-0.00507793573157058));
#4088=CARTESIAN_POINT('',(0.0909349770887569,-0.021293687743239,-0.0051363609762355));
#4089=CARTESIAN_POINT('',(0.0917739547254927,-0.0212152124698772,-0.00520445675717292));
#4090=CARTESIAN_POINT('',(0.0921950912666246,-0.0211808214248236,-0.00520394768347712));
#4091=CARTESIAN_POINT('',(0.092195091266626,-0.0211808214248424,-0.00520394768335325));
#4092=CARTESIAN_POINT('',(0.101,-0.0204617909362152,-0.00519330422942106));
#4093=CARTESIAN_POINT('',(0.114801640669005,-0.0193347150362953,-0.00517662068061567));
#4094=CARTESIAN_POINT('',(0.114801640669001,-0.019334715036296,-0.00517662068061438));
#4095=CARTESIAN_POINT('',(0.114886524850782,-0.0193345395912732,-0.00513813370456272));
#4096=CARTESIAN_POINT('',(0.115,-0.019333495962434,-0.00509142829529414));
#4097=CARTESIAN_POINT('',(0.115,-0.0193498968932302,-0.0049984139946446));
#4098=CARTESIAN_POINT('',(0.115,-0.0193498968932302,-0.00499841399464456));
#4099=CARTESIAN_POINT('',(0.115,-0.0197845600870923,-0.00253331652563774));
#4100=CARTESIAN_POINT('',(0.087,-0.0219843753867227,-2.487608125752E-31));
#4101=CARTESIAN_POINT('',(0.087,-0.0219843753867227,-0.005));
#4102=CARTESIAN_POINT('',(0.087,-0.0192297979334503,-0.0295014602763046));
#4103=CARTESIAN_POINT('',(0.087,0.0120330773420336,-0.0286953432755166));
#4104=CARTESIAN_POINT('',(0.087,0.0164793392052673,-0.0164793392052998));
#4105=CARTESIAN_POINT('',(0.0920582618142242,-0.0211919952542161,-0.00520411308419105));
#4106=CARTESIAN_POINT('',(0.115,-0.0193185165257813,-0.00517638090205042));
#4107=CARTESIAN_POINT('',(0.0920582618142242,-0.0210582064424496,-0.00698662097574326));
#4108=CARTESIAN_POINT('',(0.115,-0.0196830071435342,-0.00709691026409753));
#4109=CARTESIAN_POINT('',(0.0920582618142242,-0.0207580614399811,-0.00892070374685308));
#4110=CARTESIAN_POINT('',(0.115,-0.0197599265739066,-0.00907152272079384));
#4111=CARTESIAN_POINT('',(0.0920582618142242,-0.0197240983514323,-0.0128201984478438));
#4112=CARTESIAN_POINT('',(0.115,-0.0193320446294262,-0.0129574263851239));
#4113=CARTESIAN_POINT('',(0.0920582618142242,-0.0189902946673065,-0.0147854795832174));
#4114=CARTESIAN_POINT('',(0.115,-0.0188273229765696,-0.0148679935799764));
#4115=CARTESIAN_POINT('',(0.0920582618142242,-0.0179937330029136,-0.0166308846053242));
#4116=CARTESIAN_POINT('',(0.115,-0.0180536875593466,-0.0166632023929375));
#4117=CARTESIAN_POINT('',(0.0921950912666245,-0.0211808214248218,-0.00520394768350235));
#4118=CARTESIAN_POINT('',(0.0936058637097053,-0.0210440498593889,-0.00549623294057181));
#4119=CARTESIAN_POINT('',(0.0963355735205628,-0.0207746421523235,-0.00657630767658241));
#4120=CARTESIAN_POINT('',(0.0997273828119508,-0.0203384325975509,-0.00930885414346891));
#4121=CARTESIAN_POINT('',(0.102275754606858,-0.0195843510674307,-0.0127863592658735));
#4122=CARTESIAN_POINT('',(0.10325839381552,-0.0186453068614707,-0.0153669092965988));
#4123=CARTESIAN_POINT('',(0.103521808172173,-0.0180237056445017,-0.016647003364443));
#4124=CARTESIAN_POINT('',(0.103521629166247,-0.0180236906765325,-0.0166470329315066));
#4125=CARTESIAN_POINT('',(0.087,-0.0179805140462269,-0.0166237590845952));
#4126=CARTESIAN_POINT('',(0.114999932036755,-0.0193506148220313,-0.00534973382982637));
#4127=CARTESIAN_POINT('',(0.115000002655279,-0.0193339959799595,-0.00525768519583621));
#4128=CARTESIAN_POINT('',(0.114885676063106,-0.0193348854138427,-0.0052139960160733));
#4129=CARTESIAN_POINT('',(0.114801640669001,-0.0193347150362954,-0.00517662068061698));
#4130=CARTESIAN_POINT('',(0.087,-0.0134836173191009,-0.0141997606098791));
#4131=CARTESIAN_POINT('',(0.115,-0.0162856415497586,-0.0157101583070863));
#4132=CARTESIAN_POINT('',(0.087,-0.013892331243762,-0.0135174920121391));
#4133=CARTESIAN_POINT('',(0.115,-0.0166310625797344,-0.0148862677634849));
#4134=CARTESIAN_POINT('',(0.087,-0.0142540573323755,-0.0128117028828181));
#4135=CARTESIAN_POINT('',(0.115,-0.0169140872920982,-0.0140362333409894));
#4136=CARTESIAN_POINT('',(0.087,-0.0149002742724592,-0.0113615246491538));
#4137=CARTESIAN_POINT('',(0.115,-0.0173489068893161,-0.0123032152475443));
#4138=CARTESIAN_POINT('',(0.087,-0.015185348600547,-0.0106148686579667));
#4139=CARTESIAN_POINT('',(0.115,-0.0175006966161339,-0.0114202499293184));
#4140=CARTESIAN_POINT('',(0.087,-0.0159351252779915,-0.00834199042622172));
#4141=CARTESIAN_POINT('',(0.115,-0.0177540204345355,-0.00875214731129938));
#4142=CARTESIAN_POINT('',(0.087,-0.0162963592949074,-0.00678593465428336));
#4143=CARTESIAN_POINT('',(0.115,-0.0176519876264284,-0.00694804784993959));
#4144=CARTESIAN_POINT('',(0.087,-0.0165491998113119,-0.00521022750828164));
#4145=CARTESIAN_POINT('',(0.115,-0.0172835703868821,-0.00519959297720364));
#4146=CARTESIAN_POINT('',(0.0959758887105736,-0.0166108759017181,-0.00742911898000277));
#4147=CARTESIAN_POINT('',(0.0980564877902248,-0.016466353136665,-0.00949436995969462));
#4148=CARTESIAN_POINT('',(0.0993673068143249,-0.016034417324157,-0.0122831195479812));
#4149=CARTESIAN_POINT('',(0.099824701829022,-0.0147670146503823,-0.014891560613805));
#4150=CARTESIAN_POINT('',(0.0959758887105736,-0.0166108759017181,-0.00742911898000277));
#4151=CARTESIAN_POINT('',(0.0959758887105736,-0.0166108759017181,-0.00742911898000272));
#4152=CARTESIAN_POINT('',(0.0929505440671739,-0.0164015848972558,-0.0077916216332985));
#4153=CARTESIAN_POINT('',(0.0899399992697213,-0.016150543662278,-0.00822643780707506));
#4154=CARTESIAN_POINT('',(0.0869999999970578,-0.0157004941448952,-0.00900594643710384));
#4155=CARTESIAN_POINT('',(0.115,6.4906110983462E-5,-0.00885509356880648));
#4156=CARTESIAN_POINT('',(0.115,0.0167517545860183,-0.0193812081402534));
#4157=CARTESIAN_POINT('',(0.0874222497915703,0.0158573938035347,-0.0180057945981718));
#4158=CARTESIAN_POINT('',(0.115,0.0160021707284946,-0.0205695091192072));
#4159=CARTESIAN_POINT('',(0.0874222497915703,0.0152983144504585,-0.0191537616272771));
#4160=CARTESIAN_POINT('',(0.115,0.0151203107684035,-0.0216844460609013));
#4161=CARTESIAN_POINT('',(0.0874222497915703,0.0146095671196334,-0.0202050735089045));
#4162=CARTESIAN_POINT('',(0.115,0.0134630259287358,-0.0233683606351637));
#4163=CARTESIAN_POINT('',(0.0874222497915703,0.0132521554272408,-0.0217883127203065));
#4164=CARTESIAN_POINT('',(0.115,0.0127499111896846,-0.0239957080648372));
#4165=CARTESIAN_POINT('',(0.0874222497915703,0.0126528202823563,-0.0223766286717536));
#4166=CARTESIAN_POINT('',(0.115,0.0112408012270574,-0.0251414967788035));
#4167=CARTESIAN_POINT('',(0.0874222497915703,0.0113575092570272,-0.0234456620420094));
#4168=CARTESIAN_POINT('',(0.115,0.0104448329672817,-0.0256599174202184));
#4169=CARTESIAN_POINT('',(0.0874222497915703,0.0106615436097989,-0.0239263887913077));
#4170=CARTESIAN_POINT('',(0.115,0.00878953315103019,-0.02657585473039));
#4171=CARTESIAN_POINT('',(0.0874222497915703,0.00919937980327876,-0.0247742302296191));
#4172=CARTESIAN_POINT('',(0.115,0.00793025018803952,-0.0269733912772905));
#4173=CARTESIAN_POINT('',(0.0874222497915703,0.00844498388783659,-0.025135412485229));
#4174=CARTESIAN_POINT('',(0.115,0.0061548185867986,-0.027645481201369));
#4175=CARTESIAN_POINT('',(0.0874222497915703,0.00686936453234226,-0.0257562357187653));
#4176=CARTESIAN_POINT('',(0.115,0.00523800154960843,-0.0279178955055689));
#4177=CARTESIAN_POINT('',(0.0874222497915703,0.00605573256652833,-0.0260105701076326));
#4178=CARTESIAN_POINT('',(0.115,0.00336326035154192,-0.0283310380999498));
#4179=CARTESIAN_POINT('',(0.0874222497915703,0.00437367308362533,-0.0264177860792676));
#4180=CARTESIAN_POINT('',(0.115,0.00240491434183505,-0.0284687215238564));
#4181=CARTESIAN_POINT('',(0.0874222497915703,0.00351734977124848,-0.0265655931939712));
#4182=CARTESIAN_POINT('',(0.115,0.000469243676766988,-0.0286047613760667));
#4183=CARTESIAN_POINT('',(0.0874222497915703,0.0017598007081286,-0.0267594316656169));
#4184=CARTESIAN_POINT('',(0.115,-0.000507967590506182,-0.0285998429138112));
#4185=CARTESIAN_POINT('',(0.0874222497915703,0.000900701718008832,-0.0268018454448445));
#4186=CARTESIAN_POINT('',(0.115,-0.00241443542562817,-0.0284509641691801));
#4187=CARTESIAN_POINT('',(0.0874222497915703,-0.000926072452340747,-0.026782176335743));
#4188=CARTESIAN_POINT('',(0.115,-0.00334499407248953,-0.0283099823576761));
#4189=CARTESIAN_POINT('',(0.0874222497915703,-0.00187223271041152,-0.02671612400377));
#4190=CARTESIAN_POINT('',(0.115,-0.00517482691028401,-0.0278993468524007));
#4191=CARTESIAN_POINT('',(0.0874222497915703,-0.00373386742988003,-0.0264720903973563));
#4192=CARTESIAN_POINT('',(0.115,-0.00607368181786047,-0.0276283721644156));
#4193=CARTESIAN_POINT('',(0.0874222497915703,-0.00464683437858439,-0.0262967631973417));
#4194=CARTESIAN_POINT('',(0.115,-0.00781454225604528,-0.0269666988679585));
#4195=CARTESIAN_POINT('',(0.0874222497915703,-0.00647000292041226,-0.0258307034032263));
#4196=CARTESIAN_POINT('',(0.115,-0.00865663178152235,-0.0265761633673077));
#4197=CARTESIAN_POINT('',(0.0874222497915703,-0.00735417711718375,-0.0255468922343397));
#4198=CARTESIAN_POINT('',(0.115,-0.010262042667817,-0.0256905760016474));
#4199=CARTESIAN_POINT('',(0.0874222497915703,-0.0090955636902841,-0.0248617352260897));
#4200=CARTESIAN_POINT('',(0.115,-0.0110262623873603,-0.0251969636214549));
#4201=CARTESIAN_POINT('',(0.0874222497915703,-0.00992586268548679,-0.0244727257325124));
#4202=CARTESIAN_POINT('',(0.115,-0.0124608092866085,-0.0241240320304358));
#4203=CARTESIAN_POINT('',(0.0874222497915703,-0.0115272536463454,-0.0235791312285953));
#4204=CARTESIAN_POINT('',(0.115,-0.013132877171783,-0.0235469025670381));
#4205=CARTESIAN_POINT('',(0.0874222497915703,-0.0122944547890553,-0.0230769680117049));
#4206=CARTESIAN_POINT('',(0.115,-0.0143770851599058,-0.0223243105403532));
#4207=CARTESIAN_POINT('',(0.0874222497915703,-0.0136815753421529,-0.0220049991909719));
#4208=CARTESIAN_POINT('',(0.115,-0.014951363668229,-0.0216809956813188));
#4209=CARTESIAN_POINT('',(0.0874222497915703,-0.0143542920669877,-0.0213958229402386));
#4210=CARTESIAN_POINT('',(0.115,-0.0159987068479595,-0.0203405337736702));
#4211=CARTESIAN_POINT('',(0.0874222497915703,-0.0155383475493989,-0.0201543313077052));
#4212=CARTESIAN_POINT('',(0.115,-0.0164739700992803,-0.0196451598638314));
#4213=CARTESIAN_POINT('',(0.0874222497915703,-0.0160738899132348,-0.0195088021952075));
#4214=CARTESIAN_POINT('',(0.115,-0.0173336994957154,-0.0181957830450715));
#4215=CARTESIAN_POINT('',(0.0874222497915703,-0.0170754542930109,-0.0181359072155707));
#4216=CARTESIAN_POINT('',(0.115,-0.0177181626444744,-0.0174417826786084));
#4217=CARTESIAN_POINT('',(0.0874222497915703,-0.0175415272736617,-0.0174084121484421));
#4218=CARTESIAN_POINT('',(0.115,-0.0180536875593466,-0.0166632023929375));
#4219=CARTESIAN_POINT('',(0.0874222497915703,-0.0179816175283935,-0.0166243539034782));
#4220=CARTESIAN_POINT('',(0.0896966847170917,-0.00445361578718271,-0.0264539240560036));
#4221=CARTESIAN_POINT('',(0.0897844285980082,-0.00298711507739438,-0.0267641589005032));
#4222=CARTESIAN_POINT('',(0.0898354024439668,-0.0015034561916765,-0.0269294021513528));
#4223=CARTESIAN_POINT('',(0.0898354336992715,-1.74614249745978E-6,-0.0269455674392639));
#4224=CARTESIAN_POINT('',(0.0896966847170918,-0.00445361578718436,-0.0264539240560033));
#4225=CARTESIAN_POINT('',(0.0898354336992715,-1.74614249745936E-6,-0.0269455674392639));
#4226=CARTESIAN_POINT('',(0.0898354336992715,-1.74614249745936E-6,-0.0269455674392639));
#4227=CARTESIAN_POINT('',(0.0898354675719504,0.00162571974737714,-0.0269630864368159));
#4228=CARTESIAN_POINT('',(0.0897199145743144,0.00485803322147904,-0.0266382205163811));
#4229=CARTESIAN_POINT('',(0.0893050589390935,0.00867403404109167,-0.0252663777551675));
#4230=CARTESIAN_POINT('',(0.0887962179932335,0.0113960388932938,-0.0235439680574279));
#4231=CARTESIAN_POINT('',(0.0883533949763337,0.0131676383231201,-0.0219919690840489));
#4232=CARTESIAN_POINT('',(0.087898332440526,0.0147011665870287,-0.0201383146630044));
#4233=CARTESIAN_POINT('',(0.0876792113752954,0.0155153010980766,-0.0187368356743815));
#4234=CARTESIAN_POINT('',(0.087586927976448,0.0158627344027196,-0.0180140077629098));
#4235=CARTESIAN_POINT('',(0.0875867301096569,0.0158627378786087,-0.0180139774857907));
#4236=CARTESIAN_POINT('',(0.101,0.0162977166503825,-0.0186829732132109));
#4237=CARTESIAN_POINT('',(0.103521450123048,-0.0180236757713765,-0.0166470624207824));
#4238=CARTESIAN_POINT('',(0.103708865774834,-0.0175806364286932,-0.0175610193297626));
#4239=CARTESIAN_POINT('',(0.103849340633861,-0.0165400974609767,-0.019379330408896));
#4240=CARTESIAN_POINT('',(0.103289498618566,-0.0145731934654212,-0.0217857064831198));
#4241=CARTESIAN_POINT('',(0.102046158336591,-0.0123756524391207,-0.0236721174898947));
#4242=CARTESIAN_POINT('',(0.10029908899209,-0.0101433044895976,-0.0250176441599258));
#4243=CARTESIAN_POINT('',(0.0981590843901458,-0.00803598959213979,-0.025897364903648));
#4244=CARTESIAN_POINT('',(0.0956588677914868,-0.0061957225020017,-0.026391158193667));
#4245=CARTESIAN_POINT('',(0.0928230639893722,-0.00483058563815647,-0.0265681560233269));
#4246=CARTESIAN_POINT('',(0.0907384053750906,-0.00446054030473238,-0.0265151625428338));
#4247=CARTESIAN_POINT('',(0.0896966847170918,-0.00445361578718429,-0.0264539240560033));
#4248=CARTESIAN_POINT('',(0.087,0.0158437202322805,-0.0179846936083549));
#4249=CARTESIAN_POINT('',(0.115,0.0167517545860183,-0.0193812081402534));
#4250=CARTESIAN_POINT('',(0.087,0.0160784406471951,-0.0175004674835608));
#4251=CARTESIAN_POINT('',(0.115,0.0170951329393634,-0.0188368569921651));
#4252=CARTESIAN_POINT('',(0.087,0.0162903136381907,-0.0169986826825424));
#4253=CARTESIAN_POINT('',(0.115,0.0174118505879288,-0.0182756956822464));
#4254=CARTESIAN_POINT('',(0.087,0.0164793392052673,-0.0164793392052998));
#4255=CARTESIAN_POINT('',(0.115,0.0177003982898693,-0.0177003982898693));
#4256=CARTESIAN_POINT('',(0.0875865322430916,0.0158627413546484,-0.0180139472083873));
#4257=CARTESIAN_POINT('',(0.0875248013029605,0.0160918478219431,-0.0175374445705353));
#4258=CARTESIAN_POINT('',(0.0874699526720283,0.0162968816643525,-0.0170484735866033));
#4259=CARTESIAN_POINT('',(0.0874216146219256,0.0164783644448764,-0.0165503132808981));
#4260=CARTESIAN_POINT('',(0.0874216146219241,0.0164783644448765,-0.0165503132808983));
#4261=CARTESIAN_POINT('',(0.0874216146219241,0.0164783644448763,-0.0165503132808982));
#4262=CARTESIAN_POINT('',(0.087281326665446,0.0164793247428115,-0.0165251773911823));
#4263=CARTESIAN_POINT('',(0.0871407787389307,0.0164796191871022,-0.0165015766834365));
#4264=CARTESIAN_POINT('',(0.087,0.0164793392052669,-0.0164793392053009));
#4265=CARTESIAN_POINT('',(0.087,0.0128948506975175,-0.0128919191891421));
#4266=CARTESIAN_POINT('',(0.115,0.0162009244968454,-0.0162009244968454));
#4267=CARTESIAN_POINT('',(0.087,0.0126035797867867,-0.0132903341385697));
#4268=CARTESIAN_POINT('',(0.115,0.015931724374358,-0.0167922555754511));
#4269=CARTESIAN_POINT('',(0.087,0.0122947212906251,-0.0136742515609562));
#4270=CARTESIAN_POINT('',(0.115,0.0156299908712477,-0.0173687648643444));
#4271=CARTESIAN_POINT('',(0.087,0.0119890940388556,-0.0140609079813679));
#4272=CARTESIAN_POINT('',(0.115,0.0152975362317677,-0.0179269897860028));
#4273=CARTESIAN_POINT('',(0.087,0.0128938042471142,-0.0128933504403891));
#4274=CARTESIAN_POINT('',(0.087,0.012602857712481,-0.0132912460384849));
#4275=CARTESIAN_POINT('',(0.087,0.0122943390938859,-0.0136747350872852));
#4276=CARTESIAN_POINT('',(0.087,0.0119890940388495,-0.0140609079813757));
#4277=CARTESIAN_POINT('',(0.115,6.49061109834525E-5,-0.00885509356880648));
#4278=CARTESIAN_POINT('',(0.115,0.000784736473580818,0.0229173383423155));
#4279=CARTESIAN_POINT('',(0.087,2.70381717275652E-6,0.0185320480422744));
#4280=CARTESIAN_POINT('',(0.115,0.000522127382892265,0.022949475148336));
#4281=CARTESIAN_POINT('',(0.087,-0.000148255617021265,0.0185568499897021));
#4282=CARTESIAN_POINT('',(0.115,0.000260378213730861,0.0229752951055353));
#4283=CARTESIAN_POINT('',(0.087,-0.000300793936893376,0.0185800992269379));
#4284=CARTESIAN_POINT('',(0.115,3.68628738645072E-18,0.0229949243658884));
#4285=CARTESIAN_POINT('',(0.087,-0.000455055793033959,0.0186017358612455));
#4286=CARTESIAN_POINT('',(0.101,-0.000227527896516977,0.0207983301135669));
#4287=CARTESIAN_POINT('',(0.087,-0.000455055793034818,0.0186017358612456));
#4288=CARTESIAN_POINT('',(0.087,-0.000455055793034838,0.0186017358612456));
#4289=CARTESIAN_POINT('',(0.087,-0.00030286544404393,0.0185803897747364));
#4290=CARTESIAN_POINT('',(0.087,-0.000151183215946475,0.0185572903975498));
#4291=CARTESIAN_POINT('',(0.087,-2.57719821243445E-9,0.0185324602670303));
#4292=CARTESIAN_POINT('',(0.115965045929922,-0.00126281131004,0.0250085754479372));
#4293=CARTESIAN_POINT('',(0.115000000000093,-0.00126168543443356,0.0249625519911125));
#4294=CARTESIAN_POINT('',(0.087,-0.00122901909596611,0.023627219908708));
#4295=CARTESIAN_POINT('',(0.115965045929922,-0.000842410334210626,0.0250346639849543));
#4296=CARTESIAN_POINT('',(0.115000000000093,-0.000841632906862398,0.0249878243692916));
#4297=CARTESIAN_POINT('',(0.087,-0.000819076502988107,0.0236288121212486));
#4298=CARTESIAN_POINT('',(0.115965045929826,-0.000421205181695133,0.0250479441314168));
#4299=CARTESIAN_POINT('',(0.115,-0.000420811976971774,0.0250003147297957));
#4300=CARTESIAN_POINT('',(0.087,-0.0004094034709994,0.0236183875031489));
#4301=CARTESIAN_POINT('',(0.115965045929826,-9.88178308671647E-19,0.0250483920194803));
#4302=CARTESIAN_POINT('',(0.115,-1.01305140491614E-18,0.025));
#4303=CARTESIAN_POINT('',(0.087,-1.7347234759768E-18,0.0235959460544086));
#4304=CARTESIAN_POINT('',(0.087,-0.00114938939006983,0.00262742431275988));
#4305=CARTESIAN_POINT('',(0.115,-1.55191434429757E-5,0.00425000580346621));
#4306=CARTESIAN_POINT('',(0.11500000000004,-0.000954736503299834,0.0249787385784727));
#4307=CARTESIAN_POINT('',(0.115000008275943,-0.000954736512641267,0.0249787387780934));
#4308=CARTESIAN_POINT('',(0.115000010035844,-0.000906575849914928,0.0249809209341705));
#4309=CARTESIAN_POINT('',(0.115101813315419,-0.000855321854334255,0.0249879514372387));
#4310=CARTESIAN_POINT('',(0.115267370190334,-0.000793347395260749,0.024998460929049));
#4311=CARTESIAN_POINT('',(0.115408349602354,-0.000760916303433349,0.0250065094125291));
#4312=CARTESIAN_POINT('',(0.1155,-0.000741617316654313,0.0250116712177803));
#4313=CARTESIAN_POINT('',(0.1155,-0.000741617316656627,0.0250116712177802));
#4314=CARTESIAN_POINT('',(0.1155,-0.000741617316656627,0.0250116712177802));
#4315=CARTESIAN_POINT('',(0.11560742503892,-0.000718996635687232,0.0250177214602696));
#4316=CARTESIAN_POINT('',(0.115699501237414,-0.00066281513582706,0.0250241725949287));
#4317=CARTESIAN_POINT('',(0.11579229217681,-0.000608162507286252,0.0250303627589168));
#4318=CARTESIAN_POINT('',(0.115792292176811,-0.000608162507293308,0.0250303627589189));
#4319=CARTESIAN_POINT('',(0.11573823905225,-0.000554560556344015,0.0250292509913853));
#4320=CARTESIAN_POINT('',(0.115758731805985,-0.000569927537494256,0.0250298364938583));
#4321=CARTESIAN_POINT('',(0.115776165434737,-0.000588384677367284,0.0250301672019031));
#4322=CARTESIAN_POINT('',(0.115792292176773,-0.000608162507344129,0.0250303627589132));
#4323=CARTESIAN_POINT('',(0.11573823905225,-0.000554560556344013,0.0250292509913853));
#4324=CARTESIAN_POINT('',(0.115,-1.1297308230566E-18,0.025));
#4325=CARTESIAN_POINT('',(0.115245895933533,-0.000184958216670017,0.0250124687306533));
#4326=CARTESIAN_POINT('',(0.115491936204986,-0.000369864479857396,0.025022213824587));
#4327=CARTESIAN_POINT('',(0.11573823905225,-0.000554560556344181,0.0250292509913853));
#4328=CARTESIAN_POINT('',(0.115,-6.82530124994215E-5,0.0229999316470276));
#4329=CARTESIAN_POINT('',(0.105666666666667,-0.000305736908456472,0.0215373221508329));
#4330=CARTESIAN_POINT('',(0.0963333333333333,-0.000543220804413523,0.0200747126546381));
#4331=CARTESIAN_POINT('',(0.087,-0.000780704700370574,0.0186121031584434));
#4332=CARTESIAN_POINT('',(0.115,-0.000450018814922297,0.0229988579367632));
#4333=CARTESIAN_POINT('',(0.105666666666667,-0.000596434777860047,0.0215373892502201));
#4334=CARTESIAN_POINT('',(0.0963333333333333,-0.000742850740797797,0.0200759205636768));
#4335=CARTESIAN_POINT('',(0.087,-0.000889266703735547,0.0186144518771336));
#4336=CARTESIAN_POINT('',(0.115000000000148,-0.000831751239322761,0.0229861209676957));
#4337=CARTESIAN_POINT('',(0.10566666080245,-0.000887116123545252,0.0215293296053972));
#4338=CARTESIAN_POINT('',(0.0963333629749939,-0.000942476266589004,0.0200724968573054));
#4339=CARTESIAN_POINT('',(0.087,-0.000997841060536857,0.0186157018045538));
#4340=CARTESIAN_POINT('',(0.115000000000148,-0.0012127395152666,0.0229617444555036));
#4341=CARTESIAN_POINT('',(0.10566666080245,-0.00117730387041488,0.0215131251094042));
#4342=CARTESIAN_POINT('',(0.0963333629749939,-0.00114186348438443,0.0200644643775113));
#4343=CARTESIAN_POINT('',(0.087,-0.00110642774925808,0.0186158413409589));
#4344=CARTESIAN_POINT('',(0.087,-0.000780704689924269,0.0186121031582173));
#4345=CARTESIAN_POINT('',(0.087,-0.000889268298287347,0.0186144519117024));
#4346=CARTESIAN_POINT('',(0.087,-0.000997844261742683,0.0186156949621562));
#4347=CARTESIAN_POINT('',(0.087,-0.00110643255617095,0.0186158344681119));
#4348=CARTESIAN_POINT('',(0.0870000040430171,-0.000780704194940353,0.01861212603726));
#4349=CARTESIAN_POINT('',(0.101,-0.000424478856435002,0.0208060174027355));
#4350=CARTESIAN_POINT('',(0.115,-6.8253012499431E-5,0.0229999316470276));
#4351=CARTESIAN_POINT('',(0.115,-1.55191434429816E-5,0.00425000580346891));
#4352=CARTESIAN_POINT('',(0.115,2.88668828424265E-18,0.0229949243658884));
#4353=CARTESIAN_POINT('',(0.087,-0.000455055793035269,0.0186017358612456));
#4354=CARTESIAN_POINT('',(0.115,-2.2747613826231E-5,0.0229966392514305));
#4355=CARTESIAN_POINT('',(0.087,-0.000563593040030404,0.0186063000517734));
#4356=CARTESIAN_POINT('',(0.115,-4.5498679443087E-5,0.0229983083496518));
#4357=CARTESIAN_POINT('',(0.087,-0.000672142696294625,0.0186097544397377));
#4358=CARTESIAN_POINT('',(0.115,-6.82530124994309E-5,0.0229999316470276));
#4359=CARTESIAN_POINT('',(0.087,-0.000780704700370574,0.0186121031584434));
#4360=CARTESIAN_POINT('',(0.087,-0.000455055793034812,0.0186017358612457));
#4361=CARTESIAN_POINT('',(0.087,-0.000563593039825333,0.018606300051765));
#4362=CARTESIAN_POINT('',(0.087,-0.000672142687518879,0.0186097544394769));
#4363=CARTESIAN_POINT('',(0.087,-0.000780704689924164,0.0186121031582173));
#4364=CARTESIAN_POINT('',(0.115,-0.00127796099811888,0.0060430272529472));
#4365=CARTESIAN_POINT('',(0.117,-1.55191434429757E-5,0.00425000580346621));
#4366=CARTESIAN_POINT('',(0.1155,-1.55191434429757E-5,0.00425000580346621));
#4367=CARTESIAN_POINT('',(0.1155,-0.0207077019471168,0.00270208112204725));
#4368=CARTESIAN_POINT('',(0.1155,-0.000954736512342206,0.0249787387781069));
#4369=CARTESIAN_POINT('',(0.117,-0.000954736512342206,0.024978738778107));
#4370=CARTESIAN_POINT('',(0.117,-0.0207077019471168,0.00270208112204725));
#4371=CARTESIAN_POINT('',(0.117,-0.02047915279776,0.00140591448641109));
#4372=CARTESIAN_POINT('',(0.117,-0.0193498968932302,-0.00499841399464456));
#4373=CARTESIAN_POINT('',(0.1155,-0.0193498968932302,-0.00499841399464459));
#4374=CARTESIAN_POINT('',(0.1155,-0.02047915279776,0.00140591448641109));
#4375=CARTESIAN_POINT('',(0.117,-0.0104833820993178,0.00680798793768783));
#4376=CARTESIAN_POINT('',(0.116,-0.0104833820993178,0.00680798793768783));
#4377=CARTESIAN_POINT('',(0.116,-0.0179148359071867,0.0078196668894854));
#4378=CARTESIAN_POINT('',(0.116,-0.0175438954121787,0.00933764241190243));
#4379=CARTESIAN_POINT('',(0.116,-0.0175438954121787,0.00933764241190243));
#4380=CARTESIAN_POINT('',(0.116,-0.0177200691514258,0.00884592425671184));
#4381=CARTESIAN_POINT('',(0.116,-0.0178443790929885,0.0083372189836887));
#4382=CARTESIAN_POINT('',(0.116,-0.0179148359071867,0.0078196668894854));
#4383=CARTESIAN_POINT('',(0.115,-0.0104833820993178,0.00680798793768783));
#4384=CARTESIAN_POINT('',(0.115,-0.0104833820993178,-0.000692012062312169));
#4385=CARTESIAN_POINT('',(0.117,-0.00048559668775533,0.0515299893290391));
#4386=CARTESIAN_POINT('',(0.117,-1.55191434429757E-5,0.00425000580346621));
#4387=CARTESIAN_POINT('',(0.117,-0.001,0.0234748152288694));
#4388=CARTESIAN_POINT('',(0.117,-0.0184852971872268,0.00967492967513104));
#4389=CARTESIAN_POINT('',(0.117,-0.0104833820993178,0.00680798793768783));
#4390=CARTESIAN_POINT('',(0.117,-0.0189056964149026,0.00795455741639175));
#4391=CARTESIAN_POINT('',(0.117,-1.55191434429757E-5,0.00425000580346621));
#4392=CARTESIAN_POINT('',(0.116999996083258,-0.0192089756914308,0.00281449166485312));
#4393=CARTESIAN_POINT('',(0.117,-0.0269707833140307,0.0468599363377277));
#4394=CARTESIAN_POINT('',(0.117,-0.0179690007599404,-0.00419170940543646));
#4395=CARTESIAN_POINT('',(0.117,-0.00402939909160843,-0.00435071463675252));
#4396=CARTESIAN_POINT('',(0.117,-0.00402939909160843,-0.00435071463675252));
#4397=CARTESIAN_POINT('',(0.117,-0.00399518113651522,-0.00135090978784163));
#4398=CARTESIAN_POINT('',(0.117,-0.00146802300204569,-0.00296753335669879));
#4399=CARTESIAN_POINT('',(0.117,-0.004,-0.00135847388835178));
#4400=CARTESIAN_POINT('',(0.117,-0.001,-0.00135847388835178));
#4401=CARTESIAN_POINT('',(0.117,-0.001,0.0234999995477817));
#4402=CARTESIAN_POINT('',(0.115,-0.00048559668775533,0.0515299893290391));
#4403=CARTESIAN_POINT('',(0.115,-0.0127156097441912,-0.0156894493848086));
#4404=CARTESIAN_POINT('',(0.115,-0.0127156097441912,-0.0171894493848086));
#4405=CARTESIAN_POINT('',(0.115,-0.00152058876119554,-0.00226305169053376));
#4406=CARTESIAN_POINT('',(0.115,-0.00152058876119554,-0.00376305169053376));
#4407=CARTESIAN_POINT('',(0.115,-0.0101992869749665,-0.00987999234348536));
#4408=CARTESIAN_POINT('',(0.115,-0.0101992869749665,-0.0113799923434854));
#4409=CARTESIAN_POINT('',(0.1195,-0.0183010434563317,-0.00518798693962703));
#4410=CARTESIAN_POINT('',(0.118,-0.017792306921607,-0.00519378995841534));
#4411=CARTESIAN_POINT('',(0.118,-0.0040408050766395,-0.00535064958638948));
#4412=CARTESIAN_POINT('',(0.118,-0.0179804067449714,-0.00519164435507342));
#4413=CARTESIAN_POINT('',(0.1155,-0.0179804067449714,-0.00519164435507342));
#4414=CARTESIAN_POINT('',(0.117954582065842,-0.0184630654289562,-0.00518613879921036));
#4415=CARTESIAN_POINT('',(0.117954582065842,-0.0184630654289562,-0.00518613879921037));
#4416=CARTESIAN_POINT('',(0.118921347788419,-0.0176988528978391,-0.00519485596295551));
#4417=CARTESIAN_POINT('',(0.1195,-0.0164815955101603,-0.00520874088571759));
#4418=CARTESIAN_POINT('',(0.1195,-0.0152394033134822,-0.0052229102330398));
#4419=CARTESIAN_POINT('',(0.1195,-0.0152394033134822,-0.0052229102330398));
#4420=CARTESIAN_POINT('',(0.1195,-0.0183010434563317,-0.00518798693962703));
#4421=CARTESIAN_POINT('',(0.1195,-0.00781547673453942,-0.00530759293711161));
#4422=CARTESIAN_POINT('',(0.1195,-0.00781547673453942,-0.00530759293711161));
#4423=CARTESIAN_POINT('',(0.1195,-0.00712038598188401,-0.00531552164759713));
#4424=CARTESIAN_POINT('',(0.119071314864722,-0.00578780862626711,-0.00533072199375607));
#4425=CARTESIAN_POINT('',(0.118358025673685,-0.00462542246084985,-0.00534398101546332));
#4426=CARTESIAN_POINT('',(0.118,-0.0040408050766395,-0.00535064958638948));
#4427=CARTESIAN_POINT('',(0.1195,-0.00127796099803189,0.00604302725413392));
#4428=CARTESIAN_POINT('',(0.118325391754974,-0.00127796099803189,0.00604302725413392));
#4429=CARTESIAN_POINT('',(0.1195,-0.00048559668775533,0.0515299893290391));
#4430=CARTESIAN_POINT('',(0.1195,-0.00048559668775533,-0.00835623539747674));
#4431=CARTESIAN_POINT('',(0.1195,-0.0156566009182204,-0.00835623539747674));
#4432=CARTESIAN_POINT('',(0.1195,-0.00399518113651522,-0.00135090978784163));
#4433=CARTESIAN_POINT('',(0.1195,6.49061109835036E-5,-0.00885509356880647));
#4434=CARTESIAN_POINT('',(0.118078958763079,0.0112496373191125,0.011924515594941));
#4435=CARTESIAN_POINT('',(0.118,-0.001,0.0186131493532014));
#4436=CARTESIAN_POINT('',(0.117246367119884,-0.000342704418082454,0.0234748152288694));
#4437=CARTESIAN_POINT('',(0.119805991797713,-0.00117014230617952,0.00625796595034022));
#4438=CARTESIAN_POINT('',(0.117209401132317,-0.000362356747296218,0.0237393126516347));
#4439=CARTESIAN_POINT('',(0.117209401132317,-0.000362356747296225,0.0237393126516347));
#4440=CARTESIAN_POINT('',(0.117222331682352,-0.000363232380260133,0.0236506801081731));
#4441=CARTESIAN_POINT('',(0.117234612707979,-0.000356181629160696,0.0235625457230547));
#4442=CARTESIAN_POINT('',(0.117246367119884,-0.000342704418082454,0.0234748152288694));
#4443=CARTESIAN_POINT('',(0.1155,6.49061109835036E-5,-0.00885509356880647));
#4444=CARTESIAN_POINT('',(0.119499733581837,-0.015702789812077,-0.00835623539747663));
#4445=CARTESIAN_POINT('',(0.119496844982682,-0.0159535984272908,-0.00836948621217862));
#4446=CARTESIAN_POINT('',(0.119444606833716,-0.0164050616123947,-0.00860911725657144));
#4447=CARTESIAN_POINT('',(0.119279320231827,-0.0170295399431845,-0.00936733326955794));
#4448=CARTESIAN_POINT('',(0.119036546086095,-0.0175087309552155,-0.0104810063848014));
#4449=CARTESIAN_POINT('',(0.11872754615466,-0.0178062903739682,-0.0118984757582879));
#4450=CARTESIAN_POINT('',(0.11841794543321,-0.0178836597234615,-0.0133187011241254));
#4451=CARTESIAN_POINT('',(0.118103982994281,-0.0177761884296734,-0.0147589349116903));
#4452=CARTESIAN_POINT('',(0.117697274425776,-0.0174143177984431,-0.0166246212149648));
#4453=CARTESIAN_POINT('',(0.117206448628229,-0.0165873440118294,-0.0188761768464181));
#4454=CARTESIAN_POINT('',(0.116670219713873,-0.0150962950539905,-0.0213360093122331));
#4455=CARTESIAN_POINT('',(0.116195321813777,-0.0131659435934413,-0.0235144992096075));
#4456=CARTESIAN_POINT('',(0.11580198914018,-0.010923503494438,-0.0253188265304161));
#4457=CARTESIAN_POINT('',(0.115590638482527,-0.00922400338659059,-0.0262883512901736));
#4458=CARTESIAN_POINT('',(0.1155,-0.00834114554045018,-0.0267041354375856));
#4459=CARTESIAN_POINT('',(0.119499733581837,-0.015702789812077,-0.00835623539747674));
#4460=CARTESIAN_POINT('',(0.1195,-0.0156566009182203,-0.00835623539747674));
#4461=CARTESIAN_POINT('',(0.1195,-0.0156719873665201,-0.00835623539747674));
#4462=CARTESIAN_POINT('',(0.119499911313905,-0.0156873836511674,-0.00835623539747674));
#4463=CARTESIAN_POINT('',(0.119499733581837,-0.015702789812077,-0.00835623539747674));
#4464=CARTESIAN_POINT('',(0.117954582065849,-0.0184630654289576,-0.00518613879921035));
#4465=CARTESIAN_POINT('',(0.117753491350253,-0.0186220243588844,-0.00518432559808564));
#4466=CARTESIAN_POINT('',(0.1173226788848,-0.0188854237109438,-0.00509965667503859));
#4467=CARTESIAN_POINT('',(0.116867575061545,-0.019005356384202,-0.00482228567156045));
#4468=CARTESIAN_POINT('',(0.116740457795806,-0.0189975382755944,-0.00459707775935859));
#4469=CARTESIAN_POINT('',(0.116740457795806,-0.0189975382755944,-0.00459707775935861));
#4470=CARTESIAN_POINT('',(0.116740457795806,-0.0189975382755944,-0.00459707775935861));
#4471=CARTESIAN_POINT('',(0.116599598469571,-0.0190890219692787,-0.0047958654130849));
#4472=CARTESIAN_POINT('',(0.116262977743609,-0.0192611271552209,-0.00516317802043197));
#4473=CARTESIAN_POINT('',(0.115761482871152,-0.0193506148311479,-0.00534973388032058));
#4474=CARTESIAN_POINT('',(0.1155,-0.0193506148311479,-0.00534973388032058));
#4475=CARTESIAN_POINT('',(0.1155,-0.0269707833140307,0.0468599363377277));
#4476=CARTESIAN_POINT('',(0.1155,-0.0193498968932302,-0.00499841399464459));
#4477=CARTESIAN_POINT('',(0.115754893137805,-0.0193498968932302,-0.00499841399464459));
#4478=CARTESIAN_POINT('',(0.116198509373639,-0.0192670308801868,-0.00469725505202083));
#4479=CARTESIAN_POINT('',(0.116432996696596,-0.0191560838978281,-0.00426881727985822));
#4480=CARTESIAN_POINT('',(0.116532078569258,-0.0191002155325202,-0.0040446445680518));
#4481=CARTESIAN_POINT('',(0.116532078569258,-0.0191002155325201,-0.00404464456805177));
#4482=CARTESIAN_POINT('',(0.1155,-0.0179690007599404,-0.00419170940543646));
#4483=CARTESIAN_POINT('',(0.116999981382529,-0.0192118814121282,0.00281397930789576));
#4484=CARTESIAN_POINT('',(0.116998694781221,-0.0194706835397958,0.0027946196809525));
#4485=CARTESIAN_POINT('',(0.116896667153815,-0.0198065854129394,0.00276864908184568));
#4486=CARTESIAN_POINT('',(0.116731344443563,-0.0200704321484293,0.00274947548703382));
#4487=CARTESIAN_POINT('',(0.116627895497977,-0.0201967739424348,0.00274033519848928));
#4488=CARTESIAN_POINT('',(0.116571362289373,-0.0202593723298756,0.0027357581361395));
#4489=CARTESIAN_POINT('',(0.116444052939661,-0.0203767773719854,0.0027269063606676));
#4490=CARTESIAN_POINT('',(0.116284450841815,-0.020491945073881,0.00271818053821883));
#4491=CARTESIAN_POINT('',(0.115971636413137,-0.0206562438529706,0.00270572160987245));
#4492=CARTESIAN_POINT('',(0.115685822783979,-0.0207077019471168,0.00270208112204723));
#4493=CARTESIAN_POINT('',(0.1155,-0.0207077019471168,0.00270208112204723));
#4494=CARTESIAN_POINT('',(0.1155,-1.55191434429757E-5,0.00425000580346621));
#4495=CARTESIAN_POINT('',(0.117,-0.001,0.0234748152288694));
#4496=CARTESIAN_POINT('',(0.117,-0.00098652134464313,0.0238713548424448));
#4497=CARTESIAN_POINT('',(0.116675460351924,-0.000963201545114461,0.0246491465593384));
#4498=CARTESIAN_POINT('',(0.115896805519537,-0.000954736512342206,0.0249787387781069));
#4499=CARTESIAN_POINT('',(0.1155,-0.000954736512342206,0.0249787387781069));
#4500=CARTESIAN_POINT('',(0.117,-0.0189056964149026,0.00795455741639175));
#4501=CARTESIAN_POINT('',(0.117,-0.0188936445402247,0.00855207978141588));
#4502=CARTESIAN_POINT('',(0.117000000000002,-0.0187501599145839,0.00913922054015719));
#4503=CARTESIAN_POINT('',(0.117000000000002,-0.018485297187227,0.00967492967513108));
#4504=CARTESIAN_POINT('',(0.11722261165763,-0.000559724041076857,0.0237473166970555));
#4505=CARTESIAN_POINT('',(0.117034307947004,-0.00052776922129204,0.025028412935161));
#4506=CARTESIAN_POINT('',(0.115742011614891,-0.000615221167349003,0.0250314652077105));
#4507=CARTESIAN_POINT('',(0.117209728123539,-0.000369572906012373,0.0237406799883721));
#4508=CARTESIAN_POINT('',(0.117020609104428,-0.000323545711457992,0.0250203333999177));
#4509=CARTESIAN_POINT('',(0.115729128080799,-0.00040877136356483,0.0250242596382824));
#4510=CARTESIAN_POINT('',(0.117197302698435,-0.000179530020128027,0.0237309419074792));
#4511=CARTESIAN_POINT('',(0.1170073941239,-0.000119392710672799,0.0250089561617163));
#4512=CARTESIAN_POINT('',(0.115716702655696,-0.000202439087461558,0.0250136868647431));
#4513=CARTESIAN_POINT('',(0.117185341990765,1.03035424517065E-5,0.0237181076335698));
#4514=CARTESIAN_POINT('',(0.116994671519632,8.45697952326123E-5,0.0249942827585082));
#4515=CARTESIAN_POINT('',(0.115704741948026,3.6659233391511E-6,0.0249997525102117));
#4516=CARTESIAN_POINT('',(0.115792292176811,-0.000608162507293308,0.0250303627589189));
#4517=CARTESIAN_POINT('',(0.116127725154863,-0.000497838112200541,0.0250149295324257));
#4518=CARTESIAN_POINT('',(0.116806846738429,-0.000390496989868063,0.0247392305695401));
#4519=CARTESIAN_POINT('',(0.117158414330496,-0.0003589040152562,0.0240888020327004));
#4520=CARTESIAN_POINT('',(0.117209401132317,-0.000362356747296203,0.0237393126516347));
#4521=CARTESIAN_POINT('',(0.118,0.0015,0.0239974621829442));
#4522=CARTESIAN_POINT('',(0.118,0.,0.0239974621829442));
#4523=CARTESIAN_POINT('',(0.118,0.,-0.00135847388835178));
#4524=CARTESIAN_POINT('',(0.118,0.0015,-0.00135847388835178));
#4525=CARTESIAN_POINT('',(0.118,-0.004,-0.00135847388835178));
#4526=CARTESIAN_POINT('',(0.118,-0.004,-0.00135847388835178));
#4527=CARTESIAN_POINT('',(0.118,-0.000624026905004223,-0.00350388892089551));
#4528=CARTESIAN_POINT('',(0.118,0.000641963005619194,-0.00430841955809942));
#4529=CARTESIAN_POINT('',(0.118,-0.00399518113651522,-0.00135090978784163));
#4530=CARTESIAN_POINT('',(0.118,-0.00399518113651522,-0.00135090978784163));
#4531=CARTESIAN_POINT('',(0.117,-0.0203347046462425,-0.00517206217231149));
#4532=CARTESIAN_POINT('',(0.1155,-0.0203347046462425,-0.00517206217231149));
#4533=CARTESIAN_POINT('',(0.1155,-0.0193498968932303,-0.00499841399464458));
#4534=CARTESIAN_POINT('',(0.1155,-0.0193189120116833,-0.00517413799004478));
#4535=CARTESIAN_POINT('',(0.1155,-0.0193506148311479,-0.00534973388032097));
#4536=CARTESIAN_POINT('',(0.115718929859197,-0.0193498968973176,-0.00499841397146426));
#4537=CARTESIAN_POINT('',(0.11575193292154,-0.0193189120013876,-0.00517413796482784));
#4538=CARTESIAN_POINT('',(0.115791906478937,-0.0193506148263262,-0.00534973385361466));
#4539=CARTESIAN_POINT('',(0.116137777544088,-0.0192871955785558,-0.00477198509654277));
#4540=CARTESIAN_POINT('',(0.116235601487159,-0.019224860976045,-0.00494497705465247));
#4541=CARTESIAN_POINT('',(0.116350370055434,-0.0192406696722138,-0.00512089368363027));
#4542=CARTESIAN_POINT('',(0.11642136727118,-0.0191631001011678,-0.00429722302136296));
#4543=CARTESIAN_POINT('',(0.116548524404823,-0.0190368184074722,-0.00446939784147085));
#4544=CARTESIAN_POINT('',(0.1167284897016,-0.0190169978519561,-0.00464107202850055));
#4545=CARTESIAN_POINT('',(0.11653620098985,-0.0190978826899568,-0.00403527939276822));
#4546=CARTESIAN_POINT('',(0.116670461262635,-0.018936953263641,-0.00420926154974226));
#4547=CARTESIAN_POINT('',(0.1168816013198,-0.0188966175711371,-0.00437655410850767));
#4548=CARTESIAN_POINT('',(0.116740457795806,-0.0189975382755944,-0.00459707775935861));
#4549=CARTESIAN_POINT('',(0.11664047675053,-0.0189913891292441,-0.00441994586200836));
#4550=CARTESIAN_POINT('',(0.116572137216221,-0.0190293727415108,-0.00422768128276477));
#4551=CARTESIAN_POINT('',(0.116532078569258,-0.0191002155325201,-0.00404464456805189));
#4552=CARTESIAN_POINT('',(0.116526763245837,-0.01910542769878,-0.00404396695456758));
#4553=CARTESIAN_POINT('',(0.116420142040535,-0.0190067834266127,-0.00517993675642284));
#4554=CARTESIAN_POINT('',(0.117211272076396,-0.019834763034847,-0.0051704922190347));
#4555=CARTESIAN_POINT('',(0.116824513001199,-0.0188148781337566,-0.00408174017462501));
#4556=CARTESIAN_POINT('',(0.116712654213398,-0.0187818230876999,-0.00518250281760588));
#4557=CARTESIAN_POINT('',(0.117707521668669,-0.0193606609214431,-0.00517590017243272));
#4558=CARTESIAN_POINT('',(0.117,-0.0183934650645281,-0.00413652645040329));
#4559=CARTESIAN_POINT('',(0.116948362389431,-0.0184164191875172,-0.00518667088015292));
#4560=CARTESIAN_POINT('',(0.117999999999981,-0.0186730232486289,-0.00518374386767086));
#4561=CARTESIAN_POINT('',(0.117,-0.0179690007599404,-0.00419170940543646));
#4562=CARTESIAN_POINT('',(0.117,-0.0179804067449715,-0.00519164435507342));
#4563=CARTESIAN_POINT('',(0.118,-0.0179804067449715,-0.00519164435507342));
#4564=CARTESIAN_POINT('',(0.118,-0.0179690007599404,-0.00419170940543646));
#4565=CARTESIAN_POINT('',(0.118,-0.0182896374713007,-0.00418805198999007));
#4566=CARTESIAN_POINT('',(0.118,-0.00402939909160843,-0.00435071463675252));
#4567=CARTESIAN_POINT('',(0.118,-0.00399518113651522,-0.00135090978784163));
#4568=CARTESIAN_POINT('',(0.118,-0.00146802300204569,-0.00296753335669879));
#4569=CARTESIAN_POINT('',(0.117,-0.001,0.0259777138612221));
#4570=CARTESIAN_POINT('',(0.1155,-0.001,0.0259777138612221));
#4571=CARTESIAN_POINT('',(0.118,-0.004,-0.00135847388835178));
#4572=CARTESIAN_POINT('',(0.118,-0.001,-0.00135847388835178));
#4573=CARTESIAN_POINT('',(0.117,-0.001,0.0234748152288694));
#4574=CARTESIAN_POINT('',(0.117,-0.000622781626503554,0.0234748152288694));
#4575=CARTESIAN_POINT('',(0.117249136804556,-0.000339542233199644,0.0234748152288694));
#4576=CARTESIAN_POINT('',(0.117,-0.000986490549170647,0.0238722608446137));
#4577=CARTESIAN_POINT('',(0.117005083058769,-0.000612806753133317,0.0238712507252888));
#4578=CARTESIAN_POINT('',(0.117253987847842,-0.000334027156353246,0.0239367025205187));
#4579=CARTESIAN_POINT('',(0.116675402553876,-0.000963141537961987,0.0246513362191905));
#4580=CARTESIAN_POINT('',(0.116689433348267,-0.000595718007045998,0.0246590248499105));
#4581=CARTESIAN_POINT('',(0.116884459074552,-0.000324586064074511,0.024852919404438));
#4582=CARTESIAN_POINT('',(0.115891654755412,-0.000954736512574407,0.0249787387780964));
#4583=CARTESIAN_POINT('',(0.115895978788585,-0.00058961446078646,0.0249952824301491));
#4584=CARTESIAN_POINT('',(0.115960823163921,-0.000321216285546231,0.0252433756061152));
#4585=CARTESIAN_POINT('',(0.1155,-0.000954736512342206,0.0249787387781069));
#4586=CARTESIAN_POINT('',(0.1155,-0.000589614460633758,0.0249952824314577));
#4587=CARTESIAN_POINT('',(0.1155,-0.000321216285462587,0.0252433756088624));
#4588=CARTESIAN_POINT('',(0.118,-0.001,0.0234748152288694));
#4589=CARTESIAN_POINT('',(0.118,-0.001,0.0515299893290391));
#4590=CARTESIAN_POINT('',(0.116,-0.0104833820993178,0.00680798793768783));
#4591=CARTESIAN_POINT('',(0.116,-0.0189056964149026,0.00795455741639175));
#4592=CARTESIAN_POINT('',(0.116,-0.0184852971872268,0.00967492967513105));
#4593=CARTESIAN_POINT('',(0.117,-0.0184852971872268,0.00967492967513105));
#4594=CARTESIAN_POINT('',(0.117,-0.0175438954121787,0.00933764241190244));
#4595=CARTESIAN_POINT('',(0.116,-0.0175438954121787,0.00933764241190244));
#4596=CARTESIAN_POINT('',(0.117,-0.0187512051835115,0.00913710638944958));
#4597=CARTESIAN_POINT('',(0.117071385443067,-0.0177277637374547,0.0088244478992034));
#4598=CARTESIAN_POINT('',(0.115999999995473,-0.0177200691367729,0.00884592429760939));
#4599=CARTESIAN_POINT('',(0.117,-0.0188935976756154,0.00855440321526785));
#4600=CARTESIAN_POINT('',(0.11707138548387,-0.0178413018155646,0.00835982358820866));
#4601=CARTESIAN_POINT('',(0.115999999995453,-0.0178443791103578,0.00833721885609924));
#4602=CARTESIAN_POINT('',(0.117,-0.0189056964149025,0.00795455741639174));
#4603=CARTESIAN_POINT('',(0.117,-0.0179148359071867,0.0078196668894854));
#4604=CARTESIAN_POINT('',(0.116,-0.0179148359071867,0.00781966688948541));
#4605=CARTESIAN_POINT('',(0.0700191027851082,0.00922883945814849,-0.0148915608729383));
#4606=CARTESIAN_POINT('',(0.0757461296137094,0.010141845320842,-0.0145301671774575));
#4607=CARTESIAN_POINT('',(0.0814859871779616,0.01104459509002,-0.0142632628320837));
#4608=CARTESIAN_POINT('',(0.0872203780955306,0.0120092320888468,-0.0140749613742721));
#4609=CARTESIAN_POINT('',(0.0700058757462895,0.00937697508112123,-0.0147889473514819));
#4610=CARTESIAN_POINT('',(0.075732179863402,0.0102743567153584,-0.0144179114386192));
#4611=CARTESIAN_POINT('',(0.0814714248392669,0.011161516626713,-0.0141411977797675));
#4612=CARTESIAN_POINT('',(0.0872055362561641,0.0121104560582437,-0.0139430418071422));
#4613=CARTESIAN_POINT('',(0.0699807218788295,0.00959813827826213,-0.014635873133435));
#4614=CARTESIAN_POINT('',(0.0757065306275548,0.0104718987039159,-0.0142505133819718));
#4615=CARTESIAN_POINT('',(0.0814456449048087,0.0113348067752475,-0.0139598869685582));
#4616=CARTESIAN_POINT('',(0.0871801160824131,0.0122595535979303,-0.0137485455645344));
#4617=CARTESIAN_POINT('',(0.0699618289074407,0.00981722150110854,-0.014484411410053));
#4618=CARTESIAN_POINT('',(0.0756864764442267,0.0106679575164702,-0.0140847949613156));
#4619=CARTESIAN_POINT('',(0.0814245601251851,0.0115079809334215,-0.0137795681248626));
#4620=CARTESIAN_POINT('',(0.0871584966466379,0.0124096429556369,-0.0135534446847052));
#4621=CARTESIAN_POINT('',(0.0699483801292248,0.00993310978586504,-0.0144043078702774));
#4622=CARTESIAN_POINT('',(0.0756727909219416,0.0107714686455928,-0.0139971934523884));
#4623=CARTESIAN_POINT('',(0.0814108365054898,0.0115987519562508,-0.0136847122687383));
#4624=CARTESIAN_POINT('',(0.0871449922567405,0.0124877115403567,-0.0134517499276998));
#4625=CARTESIAN_POINT('',(0.0699471827426024,0.0099984877541547,-0.0143591715101988));
#4626=CARTESIAN_POINT('',(0.0756707569120099,0.0108302422535575,-0.0139477502495808));
#4627=CARTESIAN_POINT('',(0.0814078364080717,0.0116515254737338,-0.0136303091801989));
#4628=CARTESIAN_POINT('',(0.0871411810172346,0.0125342372852689,-0.0133916712048642));
#4629=CARTESIAN_POINT('',(0.0699423196997535,0.0100946147983833,-0.0142918704807748));
#4630=CARTESIAN_POINT('',(0.0756650068702883,0.0109164261042364,-0.0138742131351379));
#4631=CARTESIAN_POINT('',(0.0814011261501091,0.0117282580672836,-0.0135499561340691));
#4632=CARTESIAN_POINT('',(0.0871337307444851,0.0126012829136983,-0.0133039110547713));
#4633=CARTESIAN_POINT('',(0.0699376806228033,0.0102175711728332,-0.0142044596058923));
#4634=CARTESIAN_POINT('',(0.0756590614577209,0.0110266862687424,-0.013778893221449));
#4635=CARTESIAN_POINT('',(0.081393720651686,0.0118266462244204,-0.013445784570687));
#4636=CARTESIAN_POINT('',(0.0871251451100601,0.012687427744973,-0.0131898960298011));
#4637=CARTESIAN_POINT('',(0.0699295413820921,0.0104022559229168,-0.0140702954474733));
#4638=CARTESIAN_POINT('',(0.0756490934248065,0.0111920797481244,-0.0136330463743347));
#4639=CARTESIAN_POINT('',(0.0813817364197281,0.0119738273661715,-0.0132869728035956));
#4640=CARTESIAN_POINT('',(0.0871115547724103,0.0128158812038075,-0.0130168023742209));
#4641=CARTESIAN_POINT('',(0.069917478116832,0.0106896049653802,-0.0138548806413386));
#4642=CARTESIAN_POINT('',(0.075634127901629,0.011449098301413,-0.0133998686516784));
#4643=CARTESIAN_POINT('',(0.081363552273087,0.0122022464741637,-0.0130339361739094));
#4644=CARTESIAN_POINT('',(0.0870907715754135,0.0130148574291013,-0.0127417639098314));
#4645=CARTESIAN_POINT('',(0.0698868788966445,0.0113826448120838,-0.0133078056608793));
#4646=CARTESIAN_POINT('',(0.075596724937379,0.0120674711672784,-0.0128116687340184));
#4647=CARTESIAN_POINT('',(0.0813186290469344,0.0127498474811313,-0.0123996305266315));
#4648=CARTESIAN_POINT('',(0.0870397444165484,0.0134896471153884,-0.0120563815850573));
#4649=CARTESIAN_POINT('',(0.069860948802098,0.0119572932349717,-0.0127887580286655));
#4650=CARTESIAN_POINT('',(0.0755652570556411,0.0125768733045407,-0.0122624089993016));
#4651=CARTESIAN_POINT('',(0.0812810192658028,0.0131969788833507,-0.0118158240512294));
#4652=CARTESIAN_POINT('',(0.0869970030704486,0.0138726701479993,-0.0114339001317525));
#4653=CARTESIAN_POINT('',(0.0698410979203566,0.0123742455103865,-0.0123729286828086));
#4654=CARTESIAN_POINT('',(0.0755414762809182,0.0129446094619059,-0.0118266904190148));
#4655=CARTESIAN_POINT('',(0.0812528833310079,0.0135174490949779,-0.0113570226180585));
#4656=CARTESIAN_POINT('',(0.086965172976632,0.0141444650172742,-0.0109490895420917));
#4657=CARTESIAN_POINT('',(0.0699999999999999,0.0123739505919325,-0.0123739504953708));
#4658=CARTESIAN_POINT('',(0.0699999999999999,0.0119767958961303,-0.0127709217972425));
#4659=CARTESIAN_POINT('',(0.07,0.0115636925985919,-0.0131457876391654));
#4660=CARTESIAN_POINT('',(0.07,0.011135096570729,-0.0134991798788657));
#4661=CARTESIAN_POINT('',(0.07,0.0111357200275424,-0.0134999360106757));
#4662=CARTESIAN_POINT('',(0.0700343194909173,0.0111348477498936,-0.0135000438878239));
#4663=CARTESIAN_POINT('',(0.0700228843587485,0.0111347488917766,-0.0134999047150059));
#4664=CARTESIAN_POINT('',(0.0700114491632855,0.0111346491757063,-0.0134997674016731));
#4665=CARTESIAN_POINT('',(0.0700000139046122,0.0111345486015267,-0.0134996319452241));
#4666=CARTESIAN_POINT('',(0.070034318312208,0.0111351319532785,-0.0134999388593169));
#4667=CARTESIAN_POINT('',(0.095,0.0111353434204328,-0.0134998577455493));
#4668=CARTESIAN_POINT('',(0.07,-0.0225,4.33680868994202E-18));
#4669=CARTESIAN_POINT('',(0.087,-0.0219843753867227,-1.243804062876E-31));
#4670=CARTESIAN_POINT('',(0.0871132706306746,-0.0219809397911263,-2.88960620839325E-20));
#4671=CARTESIAN_POINT('',(0.07,-0.0225,-0.00180999259246842));
#4672=CARTESIAN_POINT('',(0.087,-0.0219843753867227,-0.000907628994768997));
#4673=CARTESIAN_POINT('',(0.0871132706306746,-0.0219809397911263,-0.000901616565721397));
#4674=CARTESIAN_POINT('',(0.07,-0.0222805526711008,-0.00361978955853511));
#4675=CARTESIAN_POINT('',(0.087,-0.0219414410760611,-0.00203239271499947));
#4676=CARTESIAN_POINT('',(0.0871132706306746,-0.0219391815828706,-0.00202181592431723));
#4677=CARTESIAN_POINT('',(0.07,-0.0214154329196065,-0.00713478357370496));
#4678=CARTESIAN_POINT('',(0.087,-0.0217089846325168,-0.00456961911654638));
#4679=CARTESIAN_POINT('',(0.0871132706306746,-0.0217109405612025,-0.00455252748149659));
#4680=CARTESIAN_POINT('',(0.07,-0.0207698092653073,-0.00883973567820494));
#4681=CARTESIAN_POINT('',(0.087,-0.0215194624996341,-0.00598208179786281));
#4682=CARTESIAN_POINT('',(0.0871132706306746,-0.0215244574228481,-0.00596304131214069));
#4683=CARTESIAN_POINT('',(0.07,-0.0190897088121727,-0.0120461164382648));
#4684=CARTESIAN_POINT('',(0.087,-0.0209331112107491,-0.00894813563174464));
#4685=CARTESIAN_POINT('',(0.0871132706306746,-0.0209453937608828,-0.00892749385293451));
#4686=CARTESIAN_POINT('',(0.07,-0.0180553267235041,-0.0135473643445984));
#4687=CARTESIAN_POINT('',(0.087,-0.0205362820547468,-0.01050172678431));
#4688=CARTESIAN_POINT('',(0.0871132706306746,-0.02055281260622,-0.0104814337674124));
#4689=CARTESIAN_POINT('',(0.07,-0.0156576177998378,-0.0162593022178684));
#4690=CARTESIAN_POINT('',(0.087,-0.0194745975187247,-0.0136034670708528));
#4691=CARTESIAN_POINT('',(0.0871132706306746,-0.0195000299716677,-0.0135857712989664));
#4692=CARTESIAN_POINT('',(0.07,-0.0142944646064508,-0.0174698126721415));
#4693=CARTESIAN_POINT('',(0.087,-0.0188097421387048,-0.0151516162048302));
#4694=CARTESIAN_POINT('',(0.0871132706306746,-0.0188398273348077,-0.0151361701121314));
#4695=CARTESIAN_POINT('',(0.07,-0.0128062484748657,-0.0185));
#4696=CARTESIAN_POINT('',(0.087,-0.0179805140462269,-0.0166237590845951));
#4697=CARTESIAN_POINT('',(0.0871132706306746,-0.0180149900653179,-0.0166112577321371));
#4698=CARTESIAN_POINT('',(0.07,-0.0127637802626691,-0.0185293977555499));
#4699=CARTESIAN_POINT('',(0.087,-0.0179568509277838,-0.0166657686253296));
#4700=CARTESIAN_POINT('',(0.0871132706306746,-0.0179914522448059,-0.0166533513049223));
#4701=CARTESIAN_POINT('',(0.07,-0.0127213120504725,-0.0185587955110998));
#4702=CARTESIAN_POINT('',(0.087,-0.0179331878093406,-0.0167077781660642));
#4703=CARTESIAN_POINT('',(0.0871132706306746,-0.0179679144242938,-0.0166954448777076));
#4704=CARTESIAN_POINT('',(0.07,-0.0126788438382758,-0.0185881932666497));
#4705=CARTESIAN_POINT('',(0.087,-0.0179095246908974,-0.0167497877067987));
#4706=CARTESIAN_POINT('',(0.0871132706306746,-0.0179443766037818,-0.0167375384504928));
#4707=CARTESIAN_POINT('',(0.0785,-0.0153933812605463,-0.0175618795422975));
#4708=CARTESIAN_POINT('',(0.07,-0.0128062484748657,-0.0185));
#4709=CARTESIAN_POINT('',(0.0766355564556384,-0.0148259032581148,-0.0177676527930266));
#4710=CARTESIAN_POINT('',(0.0766355564556384,-0.0148259032581148,-0.0177676527930266));
#4711=CARTESIAN_POINT('',(0.0767011400872952,-0.0148458648538398,-0.0177604145169622));
#4712=CARTESIAN_POINT('',(0.0767680229113963,-0.0148606605823617,-0.017758465292491));
#4713=CARTESIAN_POINT('',(0.0768361778130414,-0.0148704186440942,-0.0177618511519037));
#4714=CARTESIAN_POINT('',(0.0768361778130414,-0.0148704186440942,-0.0177618511519037));
#4715=CARTESIAN_POINT('',(0.0768361778130414,-0.0148704186440942,-0.0177618511519037));
#4716=CARTESIAN_POINT('',(0.0768349458674426,-0.0148755593176704,-0.0177565394354999));
#4717=CARTESIAN_POINT('',(0.0768337180909284,-0.0148807014428258,-0.0177512281588466));
#4718=CARTESIAN_POINT('',(0.0768324944857096,-0.0148858450033318,-0.0177459173112726));
#4719=CARTESIAN_POINT('',(0.0768324944857096,-0.0148858450033318,-0.0177459173112726));
#4720=CARTESIAN_POINT('',(0.0768324944857097,-0.0148858450033318,-0.0177459173112726));
#4721=CARTESIAN_POINT('',(0.0767671445680601,-0.0151625757916524,-0.0174637944523169));
#4722=CARTESIAN_POINT('',(0.0767228632220406,-0.0157213286151709,-0.0168704127030785));
#4723=CARTESIAN_POINT('',(0.0767186438510151,-0.0167665104209938,-0.0156684555048646));
#4724=CARTESIAN_POINT('',(0.0770148771970763,-0.017991486974647,-0.0140569456040144));
#4725=CARTESIAN_POINT('',(0.0778058240129392,-0.0191811947715133,-0.0121366838128968));
#4726=CARTESIAN_POINT('',(0.0794500333758645,-0.020429785712808,-0.00961731465756536));
#4727=CARTESIAN_POINT('',(0.0818103957182431,-0.0211252920974449,-0.00746967313240808));
#4728=CARTESIAN_POINT('',(0.0846540754060203,-0.0214694273468398,-0.00597082241315417));
#4729=CARTESIAN_POINT('',(0.0862161938334465,-0.0215576436782144,-0.00548722164254763));
#4730=CARTESIAN_POINT('',(0.087,-0.0215885630552934,-0.00532764916901254));
#4731=CARTESIAN_POINT('',(0.087,-0.0215885630552934,-0.00532764916901263));
#4732=CARTESIAN_POINT('',(0.087,-0.0215885630552934,-0.00532764916901255));
#4733=CARTESIAN_POINT('',(0.0870037341020828,-0.0215887103626594,-0.00532688895866741));
#4734=CARTESIAN_POINT('',(0.0870074685723567,-0.0215888573848034,-0.00532613050159298));
#4735=CARTESIAN_POINT('',(0.0870112034102133,-0.0215890041309386,-0.0053253738030963));
#4736=CARTESIAN_POINT('',(0.0870112034102133,-0.0215890041309386,-0.00532537380309628));
#4737=CARTESIAN_POINT('',(0.0870112034102133,-0.0215890041309386,-0.00532537380309628));
#4738=CARTESIAN_POINT('',(0.087003655432566,-0.0215927459414353,-0.00529842594692726));
#4739=CARTESIAN_POINT('',(0.0869999999999999,-0.0215965828890828,-0.00527096187892295));
#4740=CARTESIAN_POINT('',(0.087,-0.0216004928893123,-0.00524301077169269));
#4741=CARTESIAN_POINT('',(0.0785,-0.0222421876933613,0.));
#4742=CARTESIAN_POINT('',(0.07,-0.0225000215090206,-1.84667429989935E-11));
#4743=CARTESIAN_POINT('',(0.07,0.,0.));
#4744=CARTESIAN_POINT('',(0.07,-8.67361737988404E-19,0.0225));
#4745=CARTESIAN_POINT('',(0.087,-3.14418630020796E-18,0.0235959460544086));
#4746=CARTESIAN_POINT('',(0.07,-0.0014726382614903,0.0225));
#4747=CARTESIAN_POINT('',(0.087,-0.00152985579778639,0.023679805090538));
#4748=CARTESIAN_POINT('',(0.07,-0.00294520669927048,0.0223549630227128));
#4749=CARTESIAN_POINT('',(0.087,-0.00306881327783161,0.0235955720814621));
#4750=CARTESIAN_POINT('',(0.07,-0.00583385779145529,0.0217803745954326));
#4751=CARTESIAN_POINT('',(0.087,-0.00609189124136672,0.0230949372139643));
#4752=CARTESIAN_POINT('',(0.07,-0.00724985231314917,0.0213508373532705));
#4753=CARTESIAN_POINT('',(0.087,-0.00757586957352428,0.0226785529932783));
#4754=CARTESIAN_POINT('',(0.07,-0.00997090214327988,0.0202237416097374));
#4755=CARTESIAN_POINT('',(0.087,-0.0104181202197125,0.0215334560941432));
#4756=CARTESIAN_POINT('',(0.07,-0.0112758901683975,0.0195262109780295));
#4757=CARTESIAN_POINT('',(0.087,-0.011776284064756,0.0208047871160977));
#4758=CARTESIAN_POINT('',(0.07,-0.0137247703174846,0.017889921575585));
#4759=CARTESIAN_POINT('',(0.087,-0.0143020883856804,0.0190698668941376));
#4760=CARTESIAN_POINT('',(0.07,-0.0148686018880664,0.0169512032653282));
#4761=CARTESIAN_POINT('',(0.087,-0.0154696324691349,0.0180636818600908));
#4762=CARTESIAN_POINT('',(0.07,-0.0169512032653282,0.0148686018880664));
#4763=CARTESIAN_POINT('',(0.087,-0.0175584708066664,0.0158217206552916));
#4764=CARTESIAN_POINT('',(0.07,-0.017889921575585,0.0137247703174846));
#4765=CARTESIAN_POINT('',(0.087,-0.0184796853442769,0.0145860300446433));
#4766=CARTESIAN_POINT('',(0.07,-0.0195262109780295,0.0112758901683975));
#4767=CARTESIAN_POINT('',(0.087,-0.0200318880287421,0.0119440038391515));
#4768=CARTESIAN_POINT('',(0.07,-0.0202237416097374,0.00997090214327988));
#4769=CARTESIAN_POINT('',(0.087,-0.0206628169387899,0.0105377690721174));
#4770=CARTESIAN_POINT('',(0.07,-0.0213508373532705,0.00724985231314917));
#4771=CARTESIAN_POINT('',(0.087,-0.0216043200629695,0.00762174309292486));
#4772=CARTESIAN_POINT('',(0.07,-0.0217803745954326,0.00583385779145529));
#4773=CARTESIAN_POINT('',(0.087,-0.0219148583464596,0.006112063165246));
#4774=CARTESIAN_POINT('',(0.07,-0.0223549630227128,0.00294520669927048));
#4775=CARTESIAN_POINT('',(0.087,-0.0222007377514576,0.00306117663671629));
#4776=CARTESIAN_POINT('',(0.07,-0.0225,0.00147263826149032));
#4777=CARTESIAN_POINT('',(0.087,-0.0221760713187318,0.00152011307790317));
#4778=CARTESIAN_POINT('',(0.07,-0.0225,4.33680868994202E-18));
#4779=CARTESIAN_POINT('',(0.087,-0.0219843753867227,-2.16840434497101E-18));
#4780=CARTESIAN_POINT('',(0.07,-3.75364627296718E-18,-6.93889390390723E-18));
#4781=CARTESIAN_POINT('',(0.07,0.0126491816080549,-0.0186087263418134));
#4782=CARTESIAN_POINT('',(0.087,0.0163719907526194,-0.0166181525161997));
#4783=CARTESIAN_POINT('',(0.0875261443096557,0.0164872104495222,-0.0165565449225941));
#4784=CARTESIAN_POINT('',(0.07,0.0127015372303252,-0.0185724842278756));
#4785=CARTESIAN_POINT('',(0.087,0.0164077735701688,-0.0165718814125665));
#4786=CARTESIAN_POINT('',(0.0875261443096557,0.0165224803443128,-0.0165099634250868));
#4787=CARTESIAN_POINT('',(0.07,0.0127538928525954,-0.0185362421139378));
#4788=CARTESIAN_POINT('',(0.087,0.0164435563877182,-0.0165256103089333));
#4789=CARTESIAN_POINT('',(0.0875261443096557,0.0165577502391035,-0.0164633819275795));
#4790=CARTESIAN_POINT('',(0.07,0.0128062484748657,-0.0185));
#4791=CARTESIAN_POINT('',(0.087,0.0164793392052676,-0.0164793392053001));
#4792=CARTESIAN_POINT('',(0.0875261443096557,0.0165930201338941,-0.0164168004300722));
#4793=CARTESIAN_POINT('',(0.07,0.0139226666966494,-0.0177271822081065));
#4794=CARTESIAN_POINT('',(0.087,0.0172423630756115,-0.0154926657402902));
#4795=CARTESIAN_POINT('',(0.0875261443096557,0.0173451065673513,-0.0154235082035624));
#4796=CARTESIAN_POINT('',(0.07,0.0149683552725896,-0.0168526252964809));
#4797=CARTESIAN_POINT('',(0.087,0.017931066965286,-0.0144486537553944));
#4798=CARTESIAN_POINT('',(0.0875261443096557,0.0180227619004779,-0.0143742516408699));
#4799=CARTESIAN_POINT('',(0.07,0.0159273747869755,-0.0158916229682494));
#4800=CARTESIAN_POINT('',(0.087,0.0185384612110746,-0.0133593205945259));
#4801=CARTESIAN_POINT('',(0.0875261443096557,0.0186192734619016,-0.013280946683687));
#4802=CARTESIAN_POINT('',(0.0874216146219241,0.0164783644448763,-0.0165503132808982));
#4803=CARTESIAN_POINT('',(0.0871447201519537,0.0164802598405642,-0.0165007011186368));
#4804=CARTESIAN_POINT('',(0.0868698329273034,0.0164512147659653,-0.0164948111759223));
#4805=CARTESIAN_POINT('',(0.0865969960033304,0.0163922644850032,-0.0165272412274293));
#4806=CARTESIAN_POINT('',(0.0865969960033305,0.0163922644850039,-0.0165272412274281));
#4807=CARTESIAN_POINT('',(0.0785,0.0146427938400665,-0.01748966960265));
#4808=CARTESIAN_POINT('',(0.07,0.0128062484748657,-0.0185));
#4809=CARTESIAN_POINT('',(0.07,4.77048955893622E-17,-7.80625564189563E-17));
#4810=CARTESIAN_POINT('',(0.07,-0.0128062484748657,-0.0185));
#4811=CARTESIAN_POINT('',(0.0755655259931169,-0.0145002196238481,-0.017885748965645));
#4812=CARTESIAN_POINT('',(0.0811310519862336,-0.0161941907728305,-0.01727149793129));
#4813=CARTESIAN_POINT('',(0.0866965779793505,-0.0178881619218129,-0.0166572468969349));
#4814=CARTESIAN_POINT('',(0.07,-0.0117390611019602,-0.0185));
#4815=CARTESIAN_POINT('',(0.0755655259931169,-0.0135109503787603,-0.0183676797935829));
#4816=CARTESIAN_POINT('',(0.0811310519862336,-0.0152828396555603,-0.0182353595871658));
#4817=CARTESIAN_POINT('',(0.0866965779793505,-0.0170547289323604,-0.0181030393807487));
#4818=CARTESIAN_POINT('',(0.07,-0.0106746920745867,-0.0185));
#4819=CARTESIAN_POINT('',(0.0756166797246712,-0.0124671588633878,-0.0186598880971296));
#4820=CARTESIAN_POINT('',(0.0812187309174791,-0.0142596256521888,-0.0190623024944155));
#4821=CARTESIAN_POINT('',(0.0867012238660281,-0.0160520924409899,-0.0194820666545185));
#4822=CARTESIAN_POINT('',(0.07,-0.00907919541310089,-0.0185));
#4823=CARTESIAN_POINT('',(0.0757317756206686,-0.0108027560834187,-0.0188974057282208));
#4824=CARTESIAN_POINT('',(0.0814160085127814,-0.0125263167537365,-0.0200830219319497));
#4825=CARTESIAN_POINT('',(0.0867116771110526,-0.0142498774240543,-0.0213250248648342));
#4826=CARTESIAN_POINT('',(0.07,-0.00854753933920136,-0.0185));
#4827=CARTESIAN_POINT('',(0.0757765351357787,-0.0102315347491373,-0.0189431189257082));
#4828=CARTESIAN_POINT('',(0.0814927275776212,-0.0119155301590733,-0.0203866588395611));
#4829=CARTESIAN_POINT('',(0.0867157422618955,-0.0135995255690093,-0.0219017665250348));
#4830=CARTESIAN_POINT('',(0.07,-0.00748405104480657,-0.0185));
#4831=CARTESIAN_POINT('',(0.0758724483824432,-0.00905396779588534,-0.0189818880462684));
#4832=CARTESIAN_POINT('',(0.0816571255737064,-0.0106238845469641,-0.0209189338934747));
#4833=CARTESIAN_POINT('',(0.086724453299416,-0.0121938012980429,-0.0229600783175838));
#4834=CARTESIAN_POINT('',(0.07,-0.00695221882431129,-0.0185));
#4835=CARTESIAN_POINT('',(0.0759236021139975,-0.00844766118688296,-0.0189749561375253));
#4836=CARTESIAN_POINT('',(0.0817448045049519,-0.00994310354945463,-0.0211475963761449));
#4837=CARTESIAN_POINT('',(0.0867290991860935,-0.0114385459120263,-0.0234416849544844));
#4838=CARTESIAN_POINT('',(0.07,-0.005355665283251,-0.0185));
#4839=CARTESIAN_POINT('',(0.0760770633086607,-0.00658815644299516,-0.0189039132321601));
#4840=CARTESIAN_POINT('',(0.0820078412986882,-0.00782064760273931,-0.0217330894658835));
#4841=CARTESIAN_POINT('',(0.0867430368461263,-0.00905313876248347,-0.0247357633277782));
#4842=CARTESIAN_POINT('',(0.07,-0.0042898870831115,-0.0185));
#4843=CARTESIAN_POINT('',(0.0761793707717695,-0.0052944297607588,-0.0187892894787365));
#4844=CARTESIAN_POINT('',(0.0821831991611792,-0.00629897243840611,-0.0219888945593488));
#4845=CARTESIAN_POINT('',(0.0867523286194814,-0.0073035151160534,-0.0253966967937668));
#4846=CARTESIAN_POINT('',(0.07,-0.00215128481900263,-0.0185));
#4847=CARTESIAN_POINT('',(0.0763328319664326,-0.00266398333991133,-0.0185844360837308));
#4848=CARTESIAN_POINT('',(0.0824462359549156,-0.00317668186082002,-0.0223067666698064));
#4849=CARTESIAN_POINT('',(0.0867662662795142,-0.00368938038172872,-0.026289343698139));
#4850=CARTESIAN_POINT('',(0.07,-0.00107846075503326,-0.0185));
#4851=CARTESIAN_POINT('',(0.076383985697987,-0.00132749900685127,-0.018494165191744));
#4852=CARTESIAN_POINT('',(0.082533914886161,-0.00157653725866928,-0.0223687511859891));
#4853=CARTESIAN_POINT('',(0.0867709121661917,-0.00182557551048728,-0.0265209333853083));
#4854=CARTESIAN_POINT('',(0.07,0.00105603183386471,-0.0185));
#4855=CARTESIAN_POINT('',(0.076383985697987,0.00129989079724601,-0.0185057134608135));
#4856=CARTESIAN_POINT('',(0.082533914886161,0.00154374976062731,-0.0223918477241282));
#4857=CARTESIAN_POINT('',(0.0867709121661917,0.00178760872400862,-0.026555578192517));
#4858=CARTESIAN_POINT('',(0.07,0.0021176414372498,-0.0185));
#4859=CARTESIAN_POINT('',(0.0763328319664326,0.00259148763123347,-0.0186111699469877));
#4860=CARTESIAN_POINT('',(0.0824462359549156,0.00306533382521713,-0.0223602343963202));
#4861=CARTESIAN_POINT('',(0.0867662662795142,0.0035391800192008,-0.0263695452879096));
#4862=CARTESIAN_POINT('',(0.07,0.00424783285592046,-0.0185));
#4863=CARTESIAN_POINT('',(0.0761793707717695,0.00511961573684894,-0.0188529257749852));
#4864=CARTESIAN_POINT('',(0.0821831991611792,0.00599139861777741,-0.0221161671518463));
#4865=CARTESIAN_POINT('',(0.0867523286194814,0.00686318149870588,-0.0255876056825129));
#4866=CARTESIAN_POINT('',(0.07,0.00531641467120604,-0.0185));
#4867=CARTESIAN_POINT('',(0.0760770633086607,0.00635635184385851,-0.018989260673964));
#4868=CARTESIAN_POINT('',(0.0820078412986883,0.00739628901651097,-0.0219037843494913));
#4869=CARTESIAN_POINT('',(0.0867430368461263,0.00843622618916343,-0.0249918056531898));
#4870=CARTESIAN_POINT('',(0.07,0.00745636718653738,-0.0185));
#4871=CARTESIAN_POINT('',(0.0758724483824432,0.00874004821106195,-0.0191176993947849));
#4872=CARTESIAN_POINT('',(0.0816571255737064,0.0100237292355865,-0.0211905565905077));
#4873=CARTESIAN_POINT('',(0.086724453299416,0.0113074102601111,-0.0233675123631333));
#4874=CARTESIAN_POINT('',(0.07,0.00852773788658313,-0.0185));
#4875=CARTESIAN_POINT('',(0.0757701409193344,0.00988719874529033,-0.0191098433097382));
#4876=CARTESIAN_POINT('',(0.0814817677112155,0.0112466596039975,-0.0206897918201016));
#4877=CARTESIAN_POINT('',(0.0867151615260608,0.0126061204627047,-0.0223391393817335));
#4878=CARTESIAN_POINT('',(0.07,0.0106690848442946,-0.0185));
#4879=CARTESIAN_POINT('',(0.0756166797246712,0.0120544525677423,-0.018767207423256));
#4880=CARTESIAN_POINT('',(0.0812187309174792,0.01343982029119,-0.0192769411466684));
#4881=CARTESIAN_POINT('',(0.0867012238660281,0.0148251880146377,-0.0198040246328979));
#4882=CARTESIAN_POINT('',(0.07,0.0117390611019602,-0.0185));
#4883=CARTESIAN_POINT('',(0.0755655259931169,0.0130747786497874,-0.0184323989335302));
#4884=CARTESIAN_POINT('',(0.0811310519862336,0.0144104961976147,-0.0183647978670604));
#4885=CARTESIAN_POINT('',(0.0866965779793505,0.0157462137454419,-0.0182971968005906));
#4886=CARTESIAN_POINT('',(0.07,0.0128062484748657,-0.0185));
#4887=CARTESIAN_POINT('',(0.0755655259931169,0.014008759176932,-0.0178384682249308));
#4888=CARTESIAN_POINT('',(0.0811310519862336,0.0152112698789983,-0.0171769364498617));
#4889=CARTESIAN_POINT('',(0.0866965779793505,0.0164137805810645,-0.0165154046747925));
#4890=CARTESIAN_POINT('',(0.0865969960033305,0.0163922644850037,-0.0165272412274279));
#4891=CARTESIAN_POINT('',(0.086538470891044,0.0161708615936253,-0.0170860959219917));
#4892=CARTESIAN_POINT('',(0.0864851356659697,0.0159168991518042,-0.0176327595004933));
#4893=CARTESIAN_POINT('',(0.0864166203737133,0.0156255790311503,-0.0181574860453587));
#4894=CARTESIAN_POINT('',(0.0864166199819326,0.0156255789829307,-0.0181574859677129));
#4895=CARTESIAN_POINT('',(0.0864166199819326,0.0156255789829307,-0.0181574859677129));
#4896=CARTESIAN_POINT('',(0.086331379210787,0.0152612981983038,-0.0188138171225247));
#4897=CARTESIAN_POINT('',(0.0861355353654844,0.0144345713441182,-0.0200376765959667));
#4898=CARTESIAN_POINT('',(0.0857561685167757,0.0128295604242693,-0.0216089707356938));
#4899=CARTESIAN_POINT('',(0.0854083813399966,0.0109775479899957,-0.0228012862674268));
#4900=CARTESIAN_POINT('',(0.085140761866786,0.00822983858231018,-0.0240057876844166));
#4901=CARTESIAN_POINT('',(0.0851122906342809,0.00454817541686014,-0.0248658477680992));
#4902=CARTESIAN_POINT('',(0.0851244583139498,0.00154158981937095,-0.0250361428824187));
#4903=CARTESIAN_POINT('',(0.0851222283327548,3.66481533666526E-5,-0.0250224173894486));
#4904=CARTESIAN_POINT('',(0.0851222283327548,3.66481533666703E-5,-0.0250224173894486));
#4905=CARTESIAN_POINT('',(0.0851222283327548,3.66481533666703E-5,-0.0250224173894486));
#4906=CARTESIAN_POINT('',(0.0851204441214024,-0.00116745796701066,-0.0250114356016067));
#4907=CARTESIAN_POINT('',(0.0851176914195401,-0.00236774035537327,-0.0249391518620269));
#4908=CARTESIAN_POINT('',(0.0851196066340838,-0.00356372404206981,-0.0247978842555419));
#4909=CARTESIAN_POINT('',(0.0851196066340838,-0.00356372404206981,-0.0247978842555419));
#4910=CARTESIAN_POINT('',(0.0851196066340838,-0.00356372404206981,-0.0247978842555419));
#4911=CARTESIAN_POINT('',(0.0851202871446515,-0.00398867880256869,-0.0247476893051025));
#4912=CARTESIAN_POINT('',(0.0851507393261266,-0.00441282779770728,-0.0247125665416727));
#4913=CARTESIAN_POINT('',(0.0852096457466952,-0.00483587800779725,-0.0246880423838858));
#4914=CARTESIAN_POINT('',(0.0852096457466953,-0.0048358780077974,-0.0246880423838859));
#4915=CARTESIAN_POINT('',(0.0852096457466953,-0.00483587800779745,-0.0246880423838859));
#4916=CARTESIAN_POINT('',(0.0847055353013134,-0.00486455311232896,-0.0242832292756249));
#4917=CARTESIAN_POINT('',(0.0837000260827462,-0.0050890362763211,-0.0234976588327855));
#4918=CARTESIAN_POINT('',(0.081813322479655,-0.00624315135286744,-0.0221186036674735));
#4919=CARTESIAN_POINT('',(0.0799018814617781,-0.00856222903487714,-0.0208492365488234));
#4920=CARTESIAN_POINT('',(0.0780618073150228,-0.0116876912991677,-0.0195172687835478));
#4921=CARTESIAN_POINT('',(0.0770577950753234,-0.0137927542923788,-0.018406142642943));
#4922=CARTESIAN_POINT('',(0.0766355564556384,-0.0148259032581147,-0.0177676527930266));
#4923=CARTESIAN_POINT('',(0.07,-0.00640312423743284,-0.0185));
#4924=CARTESIAN_POINT('',(0.07,-0.0035,-0.0185));
#4925=CARTESIAN_POINT('',(0.07,-0.00640312423743284,-0.0185));
#4926=CARTESIAN_POINT('',(0.07,0.0115,-0.0185));
#4927=CARTESIAN_POINT('',(0.07,-0.00640312423743284,-0.0185));
#4928=CARTESIAN_POINT('',(0.0698118494925145,8.53092847293486E-6,0.0174774983700463));
#4929=CARTESIAN_POINT('',(0.075737449241455,-9.0741594326629E-5,0.0178593384166363));
#4930=CARTESIAN_POINT('',(0.0816628589407422,-0.000185975382774237,0.0182441264587298));
#4931=CARTESIAN_POINT('',(0.0875881220770718,-0.000277211935905425,0.0186311879433122));
#4932=CARTESIAN_POINT('',(0.0698617134063134,-0.00231660492573889,0.0174800964689982));
#4933=CARTESIAN_POINT('',(0.0757875047807166,-0.00242868952832296,0.0179086752895837));
#4934=CARTESIAN_POINT('',(0.0817131799524815,-0.0025381648421956,0.0183390733727522));
#4935=CARTESIAN_POINT('',(0.0876387634876118,-0.00264522695419425,0.0187709797380601));
#4936=CARTESIAN_POINT('',(0.0699017893746336,-0.0058019519006864,0.0167708723865425));
#4937=CARTESIAN_POINT('',(0.0758277683771538,-0.00594908296918913,0.0172338961053018));
#4938=CARTESIAN_POINT('',(0.0817537422417513,-0.00609509132359063,0.0176974517138272));
#4939=CARTESIAN_POINT('',(0.0876797105604804,-0.00624012531769345,0.0181614813249138));
#4940=CARTESIAN_POINT('',(0.0698823099002927,-0.00990704927906805,0.0145366566647095));
#4941=CARTESIAN_POINT('',(0.0758076136169136,-0.0100796107275939,0.0149811235938168));
#4942=CARTESIAN_POINT('',(0.0817329271507039,-0.0102530949598953,0.0154251218195733));
#4943=CARTESIAN_POINT('',(0.0876582494146884,-0.0104273867131744,0.015868709949064));
#4944=CARTESIAN_POINT('',(0.0698317939743991,-0.012592976099589,0.0122854521567353));
#4945=CARTESIAN_POINT('',(0.0757562126956677,-0.012762325744499,0.0126905786223742));
#4946=CARTESIAN_POINT('',(0.0816805948862617,-0.0129344589894081,0.0130946714482257));
#4947=CARTESIAN_POINT('',(0.087604955296026,-0.01310903458567,0.0134977085676742));
#4948=CARTESIAN_POINT('',(0.0697516721758348,-0.0146588664751767,0.00970007186234388));
#4949=CARTESIAN_POINT('',(0.0756751610442823,-0.0147955395767603,0.0100532499774532));
#4950=CARTESIAN_POINT('',(0.0815985529505978,-0.014937269701981,0.010404784323468));
#4951=CARTESIAN_POINT('',(0.0875218885434792,-0.015083458748517,0.0107542974775168));
#4952=CARTESIAN_POINT('',(0.0696569521868018,-0.0160366790384342,0.00713254811378394));
#4953=CARTESIAN_POINT('',(0.0755799133460307,-0.0161163236985038,0.0074375105291185));
#4954=CARTESIAN_POINT('',(0.0815027669620007,-0.0162035538202882,0.00773994871194766));
#4955=CARTESIAN_POINT('',(0.0874255722048036,-0.0162973899955906,0.00803882243037011));
#4956=CARTESIAN_POINT('',(0.0695708341088054,-0.0167893079167999,0.00503004182359515));
#4957=CARTESIAN_POINT('',(0.0754938361176221,-0.0168066345415171,0.00530162345668273));
#4958=CARTESIAN_POINT('',(0.0814167900489953,-0.0168337695718409,0.00556963160230559));
#4959=CARTESIAN_POINT('',(0.0873397509989167,-0.0168692373824116,0.0058322717797583));
#4960=CARTESIAN_POINT('',(0.0695008737347127,-0.0171761549055609,0.00343034508765268));
#4961=CARTESIAN_POINT('',(0.0754242674640814,-0.0171378275586838,0.00368192602693269));
#4962=CARTESIAN_POINT('',(0.0813477131858198,-0.0171111149290338,0.00392887857520019));
#4963=CARTESIAN_POINT('',(0.0872712424196222,-0.0170939938702777,0.00416870380989628));
#4964=CARTESIAN_POINT('',(0.0694508320859182,-0.0173569469477167,0.00232995883892677));
#4965=CARTESIAN_POINT('',(0.0753746983088403,-0.017276472350886,0.00257065980918276));
#4966=CARTESIAN_POINT('',(0.0812987170014514,-0.0172088759929532,0.0028058787140598));
#4967=CARTESIAN_POINT('',(0.0872228897839521,-0.0171516665243,0.00303258476234864));
#4968=CARTESIAN_POINT('',(0.0694125514425793,-0.0174471186256488,0.00151350705303664));
#4969=CARTESIAN_POINT('',(0.0753369004252673,-0.0173333889063311,0.00174798051758735));
#4970=CARTESIAN_POINT('',(0.0812614967503505,-0.0172334969912667,0.00197624403175598));
#4971=CARTESIAN_POINT('',(0.087186310044157,-0.0171445365664762,0.00219484308200968));
#4972=CARTESIAN_POINT('',(0.0693860888895489,-0.0174877261778449,0.000954583860298203));
#4973=CARTESIAN_POINT('',(0.075310822646144,-0.017350274138172,0.00118555848978188));
#4974=CARTESIAN_POINT('',(0.0812358775984852,-0.0172272974279066,0.00140980751491051));
#4975=CARTESIAN_POINT('',(0.0871611968806852,-0.0171155883279372,0.00162358700401992));
#4976=CARTESIAN_POINT('',(0.0693662387541732,-0.0175066714346789,0.000549118461718341));
#4977=CARTESIAN_POINT('',(0.0752913054291828,-0.0173515316697586,0.000778393125356665));
#4978=CARTESIAN_POINT('',(0.0812167549516412,-0.0172113790760269,0.00100050483735593));
#4979=CARTESIAN_POINT('',(0.0871425071093702,-0.0170827442372975,0.00121147231651034));
#4980=CARTESIAN_POINT('',(0.0693520956884238,-0.0175148695629353,0.000249770642141888));
#4981=CARTESIAN_POINT('',(0.0752773978270135,-0.0173464136306557,0.000477569464297006));
#4982=CARTESIAN_POINT('',(0.0812031276126304,-0.0171932533350227,0.000697935220689058));
#4983=CARTESIAN_POINT('',(0.0871291876939625,-0.0170517561569293,0.000906742160993561));
#4984=CARTESIAN_POINT('',(0.0693366494564667,-0.017518737734859,-4.00295960716381E-5));
#4985=CARTESIAN_POINT('',(0.0752622717329157,-0.0173371967014773,0.000187883404844509));
#4986=CARTESIAN_POINT('',(0.0811883775696427,-0.0171714362780437,0.000407924505598476));
#4987=CARTESIAN_POINT('',(0.0871148469249151,-0.0170175546672997,0.000615738436718119));
#4988=CARTESIAN_POINT('',(0.0693259046719552,-0.0175191445290305,-0.000363715591615044));
#4989=CARTESIAN_POINT('',(0.0752515899276369,-0.0173228529439766,-0.000140739188029052));
#4990=CARTESIAN_POINT('',(0.0811777831371016,-0.0171421520291124,7.45339973396635E-5));
#4991=CARTESIAN_POINT('',(0.0871043565842927,-0.0169732440596554,0.000277837464089337));
#4992=CARTESIAN_POINT('',(0.069318767682096,-0.017520463636913,-0.00053727383458883));
#4993=CARTESIAN_POINT('',(0.0752445484247211,-0.0173163018368069,-0.000315881663555644));
#4994=CARTESIAN_POINT('',(0.0811708581276583,-0.0171277841161297,-0.000102241687205633));
#4995=CARTESIAN_POINT('',(0.087097561294494,-0.016951083030206,9.93539711110321E-5));
#4996=CARTESIAN_POINT('',(0.07,-1.07156594925393E-18,0.));
#4997=CARTESIAN_POINT('',(0.0703216693313753,7.69498958935349E-18,0.0175103578443688));
#4998=CARTESIAN_POINT('',(0.0758816317792513,-0.000145384611586504,0.017868794250687));
#4999=CARTESIAN_POINT('',(0.0814410855543107,-0.000297126537026831,0.0182325169460813));
#5000=CARTESIAN_POINT('',(0.0869999999999999,-0.000455055793036241,0.0186017358612458));
#5001=CARTESIAN_POINT('',(0.0701898249420037,0.000698605411891733,0.017488536884436));
#5002=CARTESIAN_POINT('',(0.0758274243694831,0.000481856941633272,0.0178250075721485));
#5003=CARTESIAN_POINT('',(0.0814642843387876,0.000248471213907192,0.0181727802496436));
#5004=CARTESIAN_POINT('',(0.0871000328123175,-5.57581812536396E-7,0.0185383120521049));
#5005=CARTESIAN_POINT('',(0.070200403513292,0.000465145915591109,0.0174936584431684));
#5006=CARTESIAN_POINT('',(0.0758384550257523,0.000253959186760482,0.0178391808529839));
#5007=CARTESIAN_POINT('',(0.0814757588999323,2.5603552599862E-5,0.0181961885464687));
#5008=CARTESIAN_POINT('',(0.0871119125302598,-0.000218793163063495,0.0185713824733122));
#5009=CARTESIAN_POINT('',(0.0702109820845804,0.000231686419290485,0.0174987800019009));
#5010=CARTESIAN_POINT('',(0.0758494856820215,2.60614318876924E-5,0.0178533541338192));
#5011=CARTESIAN_POINT('',(0.0814872334610771,-0.000197264108707468,0.0182195968432938));
#5012=CARTESIAN_POINT('',(0.087123792248202,-0.000437028744314454,0.0186044528945194));
#5013=CARTESIAN_POINT('',(0.0702215606558688,-1.77307701013906E-6,0.0175039015606333));
#5014=CARTESIAN_POINT('',(0.0758605163382906,-0.000201836322985098,0.0178675274146545));
#5015=CARTESIAN_POINT('',(0.0814987080222219,-0.000420131770014798,0.0182430051401189));
#5016=CARTESIAN_POINT('',(0.0871356719661442,-0.000655264325565413,0.0186375233157267));
#5017=CARTESIAN_POINT('',(0.012,0.,0.003));
#5018=CARTESIAN_POINT('',(0.012,0.00640312423743285,-0.0185));
#5019=CARTESIAN_POINT('',(0.012,-0.016062378404209,-0.0185));
#5020=CARTESIAN_POINT('',(0.012,-0.0128062484748657,-0.0185));
#5021=CARTESIAN_POINT('',(0.012,-3.75364627296718E-18,-6.93889390390723E-18));
#5022=CARTESIAN_POINT('',(0.012,-5.36499893125283E-18,-5.20417042793042E-18));
#5023=CARTESIAN_POINT('',(0.012,0.,0.003));
#5024=CARTESIAN_POINT('',(0.012,4.77048955893622E-17,-7.80625564189563E-17));
#5025=CARTESIAN_POINT('',(0.012,0.0128062484748657,-0.0185));
#5026=CARTESIAN_POINT('',(0.012,0.00640312423743285,-0.0185));
#5027=CARTESIAN_POINT('',(0.012,0.016062378404209,-0.0185));
#5028=CARTESIAN_POINT('',(0.012,2.09901540593194E-15,-2.24299745443801E-15));
#5029=CARTESIAN_POINT('',(0.012,0.0154149278298668,-0.0144249783362056));
#5030=CARTESIAN_POINT('',(0.012,0.0162281006282313,-0.0142482016409089));
#5031=CARTESIAN_POINT('',(0.0825,0.0162281006282313,-0.0142482016409089));
#5032=CARTESIAN_POINT('',(0.0825,0.0154149278298668,-0.0144249783362056));
#5033=CARTESIAN_POINT('',(0.012,0.0151320851173921,-0.0131521861300698));
#5034=CARTESIAN_POINT('',(0.012,0.014036069606553,-0.0120561706192306));
#5035=CARTESIAN_POINT('',(0.0825,0.014036069606553,-0.0120561706192306));
#5036=CARTESIAN_POINT('',(0.0825,0.0151320851173921,-0.0131521861300698));
#5037=CARTESIAN_POINT('',(0.012,0.0138592929112563,-0.0128693434175952));
#5038=CARTESIAN_POINT('',(0.0825,0.0138592929112563,-0.0128693434175952));
#5039=CARTESIAN_POINT('',(0.012,-2.4747106618693E-18,9.54097911787244E-18));
#5040=CARTESIAN_POINT('',(0.0315770337876256,0.00555027932072688,-0.0166112518939753));
#5041=CARTESIAN_POINT('',(0.0299999924977554,0.0062248454141886,-0.0163533014673956));
#5042=CARTESIAN_POINT('',(0.0284229962213529,0.00555033902251872,-0.0166112355730839));
#5043=CARTESIAN_POINT('',(0.0277923524816831,0.00402858188440555,-0.0170600910711407));
#5044=CARTESIAN_POINT('',(0.0284081458226713,0.0024504290239728,-0.0173416590441469));
#5045=CARTESIAN_POINT('',(0.029999748172796,0.0017754209569989,-0.0174070896735914));
#5046=CARTESIAN_POINT('',(0.0315891890530276,0.00244788770998025,-0.0173420141011234));
#5047=CARTESIAN_POINT('',(0.0322083174946454,0.00402804003107472,-0.0170602795053096));
#5048=CARTESIAN_POINT('',(0.0315770337876256,0.00555027932072688,-0.0166112518939753));
#5049=CARTESIAN_POINT('',(0.0299999924977554,0.0062248454141886,-0.0163533014673956));
#5050=CARTESIAN_POINT('',(0.0284229962213529,0.00555033902251872,-0.0166112355730839));
#5051=CARTESIAN_POINT('',(0.03,0.006,-0.0164392822227736));
#5052=CARTESIAN_POINT('',(0.0490770337876256,0.00555027932072688,-0.0166112518939753));
#5053=CARTESIAN_POINT('',(0.0474999924977554,0.0062248454141886,-0.0163533014673956));
#5054=CARTESIAN_POINT('',(0.0459229962213529,0.00555033902251873,-0.0166112355730839));
#5055=CARTESIAN_POINT('',(0.0452923524816831,0.00402858188440556,-0.0170600910711407));
#5056=CARTESIAN_POINT('',(0.0459081458226713,0.0024504290239728,-0.0173416590441469));
#5057=CARTESIAN_POINT('',(0.047499748172796,0.0017754209569989,-0.0174070896735914));
#5058=CARTESIAN_POINT('',(0.0490891890530276,0.00244788770998025,-0.0173420141011234));
#5059=CARTESIAN_POINT('',(0.0497083174946454,0.00402804003107469,-0.0170602795053096));
#5060=CARTESIAN_POINT('',(0.0490770337876256,0.00555027932072688,-0.0166112518939753));
#5061=CARTESIAN_POINT('',(0.0474999924977554,0.0062248454141886,-0.0163533014673956));
#5062=CARTESIAN_POINT('',(0.0459229962213529,0.00555033902251873,-0.0166112355730839));
#5063=CARTESIAN_POINT('',(0.0475,0.006,-0.0164392822227736));
#5064=CARTESIAN_POINT('',(0.0665770337876256,0.00555027932072689,-0.0166112518939753));
#5065=CARTESIAN_POINT('',(0.0649999924977554,0.0062248454141886,-0.0163533014673956));
#5066=CARTESIAN_POINT('',(0.0634229962213529,0.00555033902251873,-0.0166112355730839));
#5067=CARTESIAN_POINT('',(0.0627923524816831,0.00402858188440555,-0.0170600910711407));
#5068=CARTESIAN_POINT('',(0.0634081458226713,0.00245042902397279,-0.0173416590441469));
#5069=CARTESIAN_POINT('',(0.064999748172796,0.0017754209569989,-0.0174070896735914));
#5070=CARTESIAN_POINT('',(0.0665891890530276,0.00244788770998025,-0.0173420141011234));
#5071=CARTESIAN_POINT('',(0.0672083174946454,0.0040280400310747,-0.0170602795053096));
#5072=CARTESIAN_POINT('',(0.0665770337876256,0.00555027932072689,-0.0166112518939753));
#5073=CARTESIAN_POINT('',(0.0649999924977554,0.0062248454141886,-0.0163533014673956));
#5074=CARTESIAN_POINT('',(0.0634229962213529,0.00555033902251873,-0.0166112355730839));
#5075=CARTESIAN_POINT('',(0.065,0.006,-0.0164392822227736));
#5076=CARTESIAN_POINT('',(0.012,0.0007,0.0189));
#5077=CARTESIAN_POINT('',(0.012,0.0014,0.01845));
#5078=CARTESIAN_POINT('',(0.0825,0.0014,0.01845));
#5079=CARTESIAN_POINT('',(0.0825,0.0007,0.0189));
#5080=CARTESIAN_POINT('',(0.012,0.0014,0.02));
#5081=CARTESIAN_POINT('',(0.005,0.0014,0.020175));
#5082=CARTESIAN_POINT('',(0.005,0.0014,0.020175));
#5083=CARTESIAN_POINT('',(0.005,0.0014,0.02));
#5084=CARTESIAN_POINT('',(0.0825,0.0014,0.02));
#5085=CARTESIAN_POINT('',(0.012,-5.36499893125283E-18,-5.20417042793042E-18));
#5086=CARTESIAN_POINT('',(0.012,-0.016062378404209,-0.0185));
#5087=CARTESIAN_POINT('',(0.012,0.00640312423743285,-0.0185));
#5088=CARTESIAN_POINT('',(0.025,0.004,-0.0185));
#5089=CARTESIAN_POINT('',(0.025,-0.0035,-0.0185));
#5090=CARTESIAN_POINT('',(0.025,0.0115,-0.0185));
#5091=CARTESIAN_POINT('',(0.0475,-0.0035,-0.0185));
#5092=CARTESIAN_POINT('',(0.07,-0.0128062484748657,-0.0185));
#5093=CARTESIAN_POINT('',(0.012,0.016062378404209,-0.0185));
#5094=CARTESIAN_POINT('',(0.07,0.0128062484748657,-0.0185));
#5095=CARTESIAN_POINT('',(0.0475,0.0115,-0.0185));
#5096=CARTESIAN_POINT('',(0.012,2.09901540593194E-15,-2.24299745443801E-15));
#5097=CARTESIAN_POINT('',(0.07,-3.75364627296718E-18,-6.93889390390723E-18));
#5098=CARTESIAN_POINT('',(0.07,4.77048955893622E-17,-7.80625564189563E-17));
#5099=CARTESIAN_POINT('',(0.11858850266779,0.025,-0.0287192038782215));
#5100=CARTESIAN_POINT('',(0.115091316765736,0.025,-0.0285788800866763));
#5101=CARTESIAN_POINT('',(0.117295525173787,0.025,-0.0184675577420765));
#5102=CARTESIAN_POINT('',(0.119499733581837,-0.025,-0.00835623539747674));
#5103=CARTESIAN_POINT('',(0.119499733581837,0.025,-0.00835623539747674));
#5104=CARTESIAN_POINT('',(0.119503027714638,0.025,-0.00835623539747674));
#5105=CARTESIAN_POINT('',(0.119503027714638,-0.025,-0.00835623539747674));
#5106=CARTESIAN_POINT('',(0.0825,0.,0.003));
#5107=CARTESIAN_POINT('',(0.0825,0.,0.003));
#5108=CARTESIAN_POINT('',(0.09392646237415,-0.0174425603789046,-0.00588446679300438));
#5109=CARTESIAN_POINT('',(0.09392646237415,-0.0277933533430255,-0.0118604998971657));
#5110=CARTESIAN_POINT('',(0.0899999999999999,-0.0179111735346661,-0.00507280499813011));
#5111=CARTESIAN_POINT('',(0.0899999999999999,-0.028261966498787,-0.0110488381022914));
#5112=CARTESIAN_POINT('',(0.0860735376258501,-0.0174425603789046,-0.00588446679300438));
#5113=CARTESIAN_POINT('',(0.0860735376258501,-0.0277933533430255,-0.0118604998971657));
#5114=CARTESIAN_POINT('',(0.0827448435546944,-0.0161080630165956,-0.00819588402709006));
#5115=CARTESIAN_POINT('',(0.0827448435546944,-0.0264588559807165,-0.0141719171312513));
#5116=CARTESIAN_POINT('',(0.0805206812841796,-0.0141108465739023,-0.011655164379547));
#5117=CARTESIAN_POINT('',(0.0805206812841796,-0.0244616395380231,-0.0176311974837083));
#5118=CARTESIAN_POINT('',(0.0797396593579102,-0.0117549691494123,-0.0157356637751681));
#5119=CARTESIAN_POINT('',(0.0797396593579102,-0.0221057621135332,-0.0217116968793294));
#5120=CARTESIAN_POINT('',(0.0805206812841795,-0.00939909172492232,-0.0198161631707893));
#5121=CARTESIAN_POINT('',(0.0805206812841795,-0.0197498846890432,-0.0257921962749506));
#5122=CARTESIAN_POINT('',(0.0827448435546944,-0.00740187528222891,-0.0232754435232462));
#5123=CARTESIAN_POINT('',(0.0827448435546944,-0.0177526682463498,-0.0292514766274075));
#5124=CARTESIAN_POINT('',(0.08607353762585,-0.00606737791992002,-0.0255868607573319));
#5125=CARTESIAN_POINT('',(0.08607353762585,-0.0164181708840409,-0.0315628938614932));
#5126=CARTESIAN_POINT('',(0.09,-0.00559876476415842,-0.0263985225522062));
#5127=CARTESIAN_POINT('',(0.09,-0.0159495577282793,-0.0323745556563674));
#5128=CARTESIAN_POINT('',(0.0939264623741499,-0.00606737791992,-0.0255868607573319));
#5129=CARTESIAN_POINT('',(0.0939264623741499,-0.0164181708840409,-0.0315628938614932));
#5130=CARTESIAN_POINT('',(0.0972551564453056,-0.00740187528222893,-0.0232754435232462));
#5131=CARTESIAN_POINT('',(0.0972551564453056,-0.0177526682463498,-0.0292514766274075));
#5132=CARTESIAN_POINT('',(0.0994793187158204,-0.0093990917249223,-0.0198161631707893));
#5133=CARTESIAN_POINT('',(0.0994793187158204,-0.0197498846890432,-0.0257921962749506));
#5134=CARTESIAN_POINT('',(0.10026034064209,-0.0117549691494123,-0.0157356637751681));
#5135=CARTESIAN_POINT('',(0.10026034064209,-0.0221057621135332,-0.0217116968793294));
#5136=CARTESIAN_POINT('',(0.0994793187158205,-0.0141108465739022,-0.011655164379547));
#5137=CARTESIAN_POINT('',(0.0994793187158205,-0.0244616395380231,-0.0176311974837083));
#5138=CARTESIAN_POINT('',(0.0972551564453057,-0.0161080630165956,-0.00819588402709008));
#5139=CARTESIAN_POINT('',(0.0972551564453057,-0.0264588559807165,-0.0141719171312514));
#5140=CARTESIAN_POINT('',(0.09392646237415,-0.0174425603789046,-0.00588446679300438));
#5141=CARTESIAN_POINT('',(0.09392646237415,-0.0277933533430255,-0.0118604998971657));
#5142=CARTESIAN_POINT('',(0.0899999999999999,-0.0179111735346661,-0.00507280499813011));
#5143=CARTESIAN_POINT('',(0.0899999999999999,-0.028261966498787,-0.0110488381022914));
#5144=CARTESIAN_POINT('',(0.0860735376258501,-0.0174425603789046,-0.00588446679300438));
#5145=CARTESIAN_POINT('',(0.0860735376258501,-0.0277933533430255,-0.0118604998971657));
#5146=CARTESIAN_POINT('',(0.0998494261207235,-0.0210844860037444,-0.0187265449908064));
#5147=CARTESIAN_POINT('',(0.0996341584456565,-0.0217052317946144,-0.0173855485858883));
#5148=CARTESIAN_POINT('',(0.0987650161000584,-0.0225179308622892,-0.0146605539485289));
#5149=CARTESIAN_POINT('',(0.0966877443846625,-0.0227903251032802,-0.0115321381101976));
#5150=CARTESIAN_POINT('',(0.0944249441920694,-0.0228690614478611,-0.00961593195720312));
#5151=CARTESIAN_POINT('',(0.0923974790131567,-0.0229738216718582,-0.00864360637899426));
#5152=CARTESIAN_POINT('',(0.0901677055196989,-0.0232055523210537,-0.0083777450359043));
#5153=CARTESIAN_POINT('',(0.0887107327969458,-0.0233873192418272,-0.00867478892737569));
#5154=CARTESIAN_POINT('',(0.0880063378207365,-0.0234623730672052,-0.00891669673168785));
#5155=CARTESIAN_POINT('',(0.0998494261207235,-0.0210844860037444,-0.0187265449908064));
#5156=CARTESIAN_POINT('',(0.0880063378207365,-0.0234623730672052,-0.00891669673168785));
#5157=CARTESIAN_POINT('',(0.0880063378207365,-0.0234623730672052,-0.00891669673168785));
#5158=CARTESIAN_POINT('',(0.0866349600030788,-0.0234437121730735,-0.00929252694871457));
#5159=CARTESIAN_POINT('',(0.0841612085496079,-0.0233689496515227,-0.0107691676163316));
#5160=CARTESIAN_POINT('',(0.0814972164188139,-0.0224096822006291,-0.0140111190134427));
#5161=CARTESIAN_POINT('',(0.0802984362156989,-0.0206701239110983,-0.0168921499130524));
#5162=CARTESIAN_POINT('',(0.0799695812681553,-0.018834079469497,-0.0190090039858754));
#5163=CARTESIAN_POINT('',(0.0799979636512927,-0.0177993540572665,-0.0199511672533723));
#5164=CARTESIAN_POINT('',(0.0800586878646952,-0.0172762146469032,-0.0204223563542788));
#5165=CARTESIAN_POINT('',(0.0800586878646952,-0.0172762146469032,-0.0204223563542788));
#5166=CARTESIAN_POINT('',(0.0800586878646952,-0.0172762146469032,-0.0204223563542788));
#5167=CARTESIAN_POINT('',(0.0801073320620009,-0.0166656620260285,-0.0206892581192778));
#5168=CARTESIAN_POINT('',(0.0802688086652783,-0.0154602161616387,-0.0212338179076565));
#5169=CARTESIAN_POINT('',(0.0806512857119135,-0.0135985056933466,-0.0218165248019394));
#5170=CARTESIAN_POINT('',(0.0811676740606938,-0.0117178737644476,-0.022286469617239));
#5171=CARTESIAN_POINT('',(0.0818239033197767,-0.00987666305618328,-0.022695166251314));
#5172=CARTESIAN_POINT('',(0.0825517032412076,-0.00842132277194275,-0.0231060333023824));
#5173=CARTESIAN_POINT('',(0.0833377618910885,-0.00744777829838347,-0.0236061543920741));
#5174=CARTESIAN_POINT('',(0.0840509636600439,-0.00693061635574687,-0.0241140215116584));
#5175=CARTESIAN_POINT('',(0.0848387591669511,-0.00677167316347702,-0.0247493167728348));
#5176=CARTESIAN_POINT('',(0.0858347402099812,-0.00702173763351628,-0.0256371797273069));
#5177=CARTESIAN_POINT('',(0.0864617825123616,-0.00750673561451564,-0.0262574271250317));
#5178=CARTESIAN_POINT('',(0.0868809110615268,-0.00785383145853704,-0.0266484791485901));
#5179=CARTESIAN_POINT('',(0.0868809110615268,-0.00785383145853704,-0.02664847914859));
#5180=CARTESIAN_POINT('',(0.0868809110615268,-0.00785383145853704,-0.02664847914859));
#5181=CARTESIAN_POINT('',(0.0873264493431177,-0.00758325795222322,-0.026694933051439));
#5182=CARTESIAN_POINT('',(0.0882773861908716,-0.0071396156224818,-0.0267760110942584));
#5183=CARTESIAN_POINT('',(0.0898517715393003,-0.00697026329594129,-0.0268851390676622));
#5184=CARTESIAN_POINT('',(0.0913687422105599,-0.0073652655807262,-0.0269766256503101));
#5185=CARTESIAN_POINT('',(0.0931782574917141,-0.00840024207740841,-0.0270375775268503));
#5186=CARTESIAN_POINT('',(0.0950577070612258,-0.0102005127753819,-0.0269370400347732));
#5187=CARTESIAN_POINT('',(0.0969151829902856,-0.0126153285843918,-0.0264115226850397));
#5188=CARTESIAN_POINT('',(0.0984345971961318,-0.0151266402522744,-0.0253676884484679));
#5189=CARTESIAN_POINT('',(0.0995336195311446,-0.0175322071239751,-0.0237135208128211));
#5190=CARTESIAN_POINT('',(0.100074471863707,-0.0196181910230074,-0.0214377220258354));
#5191=CARTESIAN_POINT('',(0.0999994293187709,-0.02065259573721,-0.0196613609079242));
#5192=CARTESIAN_POINT('',(0.0998494261302885,-0.0210844853305785,-0.0187265446776632));
#5193=CARTESIAN_POINT('',(0.09,-0.0221057621135331,-0.0217116968793294));
#5194=CARTESIAN_POINT('',(0.09,-0.0281057621135331,-0.0113193920339161));
#5195=CARTESIAN_POINT('',(0.05,-0.0221057621135331,-0.0217116968793294));
#5196=CARTESIAN_POINT('',(0.0924375,-0.0199948251918085,-0.0253679468793294));
#5197=CARTESIAN_POINT('',(0.09,-0.0192911795512337,-0.0265866968793294));
#5198=CARTESIAN_POINT('',(0.094875,-0.0206984708323834,-0.0241491968793295));
#5199=CARTESIAN_POINT('',(0.0875625,-0.0199948251918085,-0.0253679468793294));
#5200=CARTESIAN_POINT('',(0.085125,-0.0206984708323835,-0.0241491968793295));
#5201=CARTESIAN_POINT('',(0.085125,-0.0221057621135331,-0.0217116968793294));
#5202=CARTESIAN_POINT('',(0.085125,-0.0235130533946828,-0.0192741968793294));
#5203=CARTESIAN_POINT('',(0.0875625,-0.0242166990352578,-0.0180554468793294));
#5204=CARTESIAN_POINT('',(0.09,-0.0249203446758326,-0.0168366968793294));
#5205=CARTESIAN_POINT('',(0.0924375,-0.0242166990352578,-0.0180554468793294));
#5206=CARTESIAN_POINT('',(0.094875,-0.0235130533946828,-0.0192741968793294));
#5207=CARTESIAN_POINT('',(0.094875,-0.0221057621135331,-0.0217116968793294));
#5208=CARTESIAN_POINT('',(0.0987368014044644,-0.00888105510846418,-0.0208175613273209));
#5209=CARTESIAN_POINT('',(0.0987368014044644,-0.0108092715737724,-0.0219308176226225));
#5210=CARTESIAN_POINT('',(0.0999100505019963,-0.0101452394280968,-0.0186279298555852));
#5211=CARTESIAN_POINT('',(0.0999100505019963,-0.0120734558934051,-0.0197411861508868));
#5212=CARTESIAN_POINT('',(0.100656379771049,-0.0131990079905707,-0.0133386475508239));
#5213=CARTESIAN_POINT('',(0.100656379771049,-0.015127224455879,-0.0144519038461255));
#5214=CARTESIAN_POINT('',(0.0978528099851939,-0.015786752918743,-0.00885654185820083));
#5215=CARTESIAN_POINT('',(0.0978528099851939,-0.0177149693840512,-0.00996979815350242));
#5216=CARTESIAN_POINT('',(0.0959068842674338,-0.0166414582191243,-0.00737614885244201));
#5217=CARTESIAN_POINT('',(0.0959068842674338,-0.0185696746844325,-0.00848940514774359));
#5218=CARTESIAN_POINT('',(0.09,-0.0118000598084983,-0.0157616968793294));
#5219=CARTESIAN_POINT('',(0.05,-0.0118000598084983,-0.0157616968793294));
#5220=CARTESIAN_POINT('',(0.0924375,-0.0178297616823474,-0.0241179468793295));
#5221=CARTESIAN_POINT('',(0.094875,-0.0185334073229224,-0.0228991968793294));
#5222=CARTESIAN_POINT('',(0.094875,-0.0185334073229224,-0.0228991968793294));
#5223=CARTESIAN_POINT('',(0.0924375,-0.0178297616823474,-0.0241179468793295));
#5224=CARTESIAN_POINT('',(0.09,-0.0171261160417726,-0.0253366968793294));
#5225=CARTESIAN_POINT('',(0.09,-0.0171261160417726,-0.0253366968793294));
#5226=CARTESIAN_POINT('',(0.094875,-0.0199406986040721,-0.0204616968793294));
#5227=CARTESIAN_POINT('',(0.094875,-0.0213479898852218,-0.0180241968793294));
#5228=CARTESIAN_POINT('',(0.094875,-0.0213479898852218,-0.0180241968793294));
#5229=CARTESIAN_POINT('',(0.094875,-0.0199406986040721,-0.0204616968793294));
#5230=CARTESIAN_POINT('',(0.0924375,-0.0220516355257966,-0.0168054468793294));
#5231=CARTESIAN_POINT('',(0.09,-0.0227552811663715,-0.0155866968793294));
#5232=CARTESIAN_POINT('',(0.09,-0.0227552811663715,-0.0155866968793294));
#5233=CARTESIAN_POINT('',(0.0924375,-0.0220516355257966,-0.0168054468793294));
#5234=CARTESIAN_POINT('',(0.0875625,-0.0220516355257966,-0.0168054468793294));
#5235=CARTESIAN_POINT('',(0.085125,-0.0213479898852218,-0.0180241968793294));
#5236=CARTESIAN_POINT('',(0.085125,-0.0213479898852218,-0.0180241968793294));
#5237=CARTESIAN_POINT('',(0.0875625,-0.0220516355257966,-0.0168054468793294));
#5238=CARTESIAN_POINT('',(0.085125,-0.0199406986040721,-0.0204616968793294));
#5239=CARTESIAN_POINT('',(0.085125,-0.0185334073229224,-0.0228991968793294));
#5240=CARTESIAN_POINT('',(0.085125,-0.0185334073229224,-0.0228991968793294));
#5241=CARTESIAN_POINT('',(0.085125,-0.0199406986040721,-0.0204616968793294));
#5242=CARTESIAN_POINT('',(0.0875625,-0.0178297616823474,-0.0241179468793295));
#5243=CARTESIAN_POINT('',(0.0875625,-0.0178297616823474,-0.0241179468793295));
#5244=CARTESIAN_POINT('',(0.09,-0.0199406986040721,-0.0204616968793294));
#5245=CARTESIAN_POINT('',(0.103489578439025,-0.0181078427044841,-0.0164735110180614));
#5246=CARTESIAN_POINT('',(0.0998667821058436,-0.0178521939384008,-0.0169815225398433));
#5247=CARTESIAN_POINT('',(0.0998263187253765,-0.0211486009006777,-0.0185878067997025));
#5248=CARTESIAN_POINT('',(0.103547024854614,-0.0179610025604482,-0.0167762093489842));
#5249=CARTESIAN_POINT('',(0.0999041676962078,-0.0177303645694145,-0.0172222007668152));
#5250=CARTESIAN_POINT('',(0.0998680937696813,-0.0210367557753641,-0.0188297544141371));
#5251=CARTESIAN_POINT('',(0.103640817844876,-0.0177189803277443,-0.0172650611414655));
#5252=CARTESIAN_POINT('',(0.0999471626652691,-0.017524439717837,-0.0175816283422325));
#5253=CARTESIAN_POINT('',(0.0999365423994673,-0.0208074258740653,-0.0193133434310423));
#5254=CARTESIAN_POINT('',(0.103751535990324,-0.0171614114991633,-0.0182763444333806));
#5255=CARTESIAN_POINT('',(0.100005664331659,-0.0170763376729717,-0.0183375666897352));
#5256=CARTESIAN_POINT('',(0.100012698493457,-0.0202961718926527,-0.0202495936659782));
#5257=CARTESIAN_POINT('',(0.10374931395007,-0.0164060196922687,-0.0194659253850713));
#5258=CARTESIAN_POINT('',(0.100006479283331,-0.016498114156554,-0.019218520655213));
#5259=CARTESIAN_POINT('',(0.0999973964313669,-0.0195697437981766,-0.0213685830295044));
#5260=CARTESIAN_POINT('',(0.10351834077174,-0.0153669647516751,-0.0208190642084645));
#5261=CARTESIAN_POINT('',(0.0999027298016717,-0.0157281413108259,-0.0202588618747715));
#5262=CARTESIAN_POINT('',(0.0997978573109619,-0.0185393561864186,-0.0226215610773453));
#5263=CARTESIAN_POINT('',(0.102932287830785,-0.013889039988455,-0.0224106880906339));
#5264=CARTESIAN_POINT('',(0.0996210600894592,-0.0146312891070044,-0.0215544528093068));
#5265=CARTESIAN_POINT('',(0.0993133619383688,-0.0170323831971947,-0.0240736983137875));
#5266=CARTESIAN_POINT('',(0.101698340501456,-0.0118496035336384,-0.0240569207966491));
#5267=CARTESIAN_POINT('',(0.0989669660830275,-0.0130382168137685,-0.0230774908077985));
#5268=CARTESIAN_POINT('',(0.0983194757254572,-0.0148976878371713,-0.0255026698611659));
#5269=CARTESIAN_POINT('',(0.0995516005154927,-0.00931419630454588,-0.0254259260699033));
#5270=CARTESIAN_POINT('',(0.0975575050572239,-0.0107685404489666,-0.0245958586371037));
#5271=CARTESIAN_POINT('',(0.0966573976016272,-0.0122321260891291,-0.0265324892506796));
#5272=CARTESIAN_POINT('',(0.0968374652823628,-0.00694201058443354,-0.0262415684046666));
#5273=CARTESIAN_POINT('',(0.0955417938808569,-0.00845485043292333,-0.0256457886069719));
#5274=CARTESIAN_POINT('',(0.0946451753121554,-0.00973078622474865,-0.0269951474879267));
#5275=CARTESIAN_POINT('',(0.0940314498041874,-0.00531671459857185,-0.0265244769243545));
#5276=CARTESIAN_POINT('',(0.0932763410689253,-0.00676034367549692,-0.0261106205597049));
#5277=CARTESIAN_POINT('',(0.0926492476169217,-0.00800662867888966,-0.0270315380600985));
#5278=CARTESIAN_POINT('',(0.091467244428506,-0.00456139755140727,-0.0265391570729847));
#5279=CARTESIAN_POINT('',(0.091161262781174,-0.00595882077277755,-0.0262194668805939));
#5280=CARTESIAN_POINT('',(0.0908640804635613,-0.00718836355248315,-0.0269482214734597));
#5281=CARTESIAN_POINT('',(0.0887453067555694,-0.00431943397498312,-0.0264229653257438));
#5282=CARTESIAN_POINT('',(0.0889121630711043,-0.00568719532805943,-0.0261592601967714));
#5283=CARTESIAN_POINT('',(0.0889816765689964,-0.00690220178730592,-0.0268276578602483));
#5284=CARTESIAN_POINT('',(0.0867520702352552,-0.00481884890731811,-0.0262056480881053));
#5285=CARTESIAN_POINT('',(0.0872611209440881,-0.00619336291243834,-0.0259325566264662));
#5286=CARTESIAN_POINT('',(0.0875984530173905,-0.00739688091060242,-0.0267261733964439));
#5287=CARTESIAN_POINT('',(0.0855615745188011,-0.00534715188074473,-0.0260093332048053));
#5288=CARTESIAN_POINT('',(0.0863094112209001,-0.00671485774742137,-0.025720978975636));
#5289=CARTESIAN_POINT('',(0.0867613341898351,-0.00792808012207954,-0.0266357927993212));
#5290=CARTESIAN_POINT('',(0.0896689323716575,-0.00475749403947832,-0.0264022046694572));
#5291=CARTESIAN_POINT('',(0.0897126406768566,-0.00495313498291293,-0.026380903449774));
#5292=CARTESIAN_POINT('',(0.0897790683350955,-0.0053496369804307,-0.0263680952354485));
#5293=CARTESIAN_POINT('',(0.089799743849199,-0.00595535798977294,-0.0264400099586206));
#5294=CARTESIAN_POINT('',(0.0895600516758582,-0.00651899208507759,-0.0266021208504236));
#5295=CARTESIAN_POINT('',(0.0890277932073184,-0.00681100639020126,-0.0266919262354089));
#5296=CARTESIAN_POINT('',(0.0884701953643547,-0.00702481289785712,-0.0267088700967496));
#5297=CARTESIAN_POINT('',(0.0877318461252931,-0.00733450248025289,-0.026696430599184));
#5298=CARTESIAN_POINT('',(0.0872126477917996,-0.00762877371068101,-0.0266694447361548));
#5299=CARTESIAN_POINT('',(0.0868809110615266,-0.00785383145853709,-0.02664847914859));
#5300=CARTESIAN_POINT('',(0.0896689323716575,-0.00475749403947832,-0.0264022046694572));
#5301=CARTESIAN_POINT('',(0.0896689323716575,-0.00475749403947832,-0.0264022046694572));
#5302=CARTESIAN_POINT('',(0.0896460070477529,-0.0046548789420315,-0.0264133773140742));
#5303=CARTESIAN_POINT('',(0.0896611920100204,-0.00455026075040984,-0.026431691426587));
#5304=CARTESIAN_POINT('',(0.0896966847170921,-0.00445361578718307,-0.0264539240560053));
#5305=CARTESIAN_POINT('',(0.103521467150817,-0.0180236355178048,-0.0166471454604521));
#5306=CARTESIAN_POINT('',(0.102506950519038,-0.0179566060664553,-0.0167783360991967));
#5307=CARTESIAN_POINT('',(0.100567530396961,-0.0186325104824668,-0.017419715069814));
#5308=CARTESIAN_POINT('',(0.0998586564662564,-0.0202728363951894,-0.0183308058418725));
#5309=CARTESIAN_POINT('',(0.0998494261302885,-0.0210844853305785,-0.0187265446776632));
#5310=CARTESIAN_POINT('',(0.0800516873470444,-0.0173671798020692,-0.0203828806816842));
#5311=CARTESIAN_POINT('',(0.0798987517176123,-0.0156180877354132,-0.0172968690401108));
#5312=CARTESIAN_POINT('',(0.0763577106305845,-0.0153956687543554,-0.0174300532477384));
#5313=CARTESIAN_POINT('',(0.0800576338656415,-0.0172871074273968,-0.020417377652308));
#5314=CARTESIAN_POINT('',(0.0798990363266507,-0.0155471652704336,-0.0173793999833116));
#5315=CARTESIAN_POINT('',(0.0764051823235566,-0.0152953065073085,-0.0174864307208713));
#5316=CARTESIAN_POINT('',(0.0800705821443972,-0.0171276861229014,-0.0204871247061194));
#5317=CARTESIAN_POINT('',(0.079900898160532,-0.0154077053455288,-0.017539050316809));
#5318=CARTESIAN_POINT('',(0.0764980565006386,-0.0150997823845753,-0.0175987287870653));
#5319=CARTESIAN_POINT('',(0.0800933647859463,-0.0168919991375012,-0.0205959557286105));
#5320=CARTESIAN_POINT('',(0.079913568877081,-0.0151808498709533,-0.0178040695221643));
#5321=CARTESIAN_POINT('',(0.0766578095159746,-0.0147877211173323,-0.0177914044585013));
#5322=CARTESIAN_POINT('',(0.0801192559281089,-0.0166564927604952,-0.0207038272522208));
#5323=CARTESIAN_POINT('',(0.0799131288592371,-0.0150328068917479,-0.0179358827278575));
#5324=CARTESIAN_POINT('',(0.0767270147785068,-0.0145997096357364,-0.0179064357117995));
#5325=CARTESIAN_POINT('',(0.080157569211862,-0.0163402103234137,-0.0208424451196749));
#5326=CARTESIAN_POINT('',(0.0799228554907038,-0.0148017051326231,-0.0181509811325191));
#5327=CARTESIAN_POINT('',(0.0768543176059433,-0.0143055729260127,-0.018082730695307));
#5328=CARTESIAN_POINT('',(0.0802125222859775,-0.0159418596637223,-0.0210079553206083));
#5329=CARTESIAN_POINT('',(0.0799416835241581,-0.0145107896284611,-0.0183978924569958));
#5330=CARTESIAN_POINT('',(0.0770075511107605,-0.0139520689144936,-0.0182882834459341));
#5331=CARTESIAN_POINT('',(0.0803148487338307,-0.0152980799256509,-0.021256209447797));
#5332=CARTESIAN_POINT('',(0.0799911133778762,-0.0140192876937108,-0.0187849958697838));
#5333=CARTESIAN_POINT('',(0.0772703764128958,-0.0133753201647659,-0.0186110961345473));
#5334=CARTESIAN_POINT('',(0.0804687894039152,-0.0144823023134714,-0.0215372752111963));
#5335=CARTESIAN_POINT('',(0.0800866432311943,-0.0133667566512851,-0.019240871711651));
#5336=CARTESIAN_POINT('',(0.077619034554501,-0.0126494957616488,-0.0189944586229707));
#5337=CARTESIAN_POINT('',(0.0807678312770928,-0.013159324532191,-0.0219325702914665));
#5338=CARTESIAN_POINT('',(0.0803130422951878,-0.0122545866052672,-0.0199192779781221));
#5339=CARTESIAN_POINT('',(0.0782295778947114,-0.0114629545199379,-0.0195802370568798));
#5340=CARTESIAN_POINT('',(0.0812393136732706,-0.0114780433132251,-0.0223398102198596));
#5341=CARTESIAN_POINT('',(0.0807364115763063,-0.0107438372529134,-0.0206883849624366));
#5342=CARTESIAN_POINT('',(0.0790959266380991,-0.00992881862069117,-0.020273998780629));
#5343=CARTESIAN_POINT('',(0.081964365302939,-0.00953647345430127,-0.0227747930189332));
#5344=CARTESIAN_POINT('',(0.0815077962084328,-0.00884209221453229,-0.0215560704280945));
#5345=CARTESIAN_POINT('',(0.0803483352078032,-0.00802479954918045,-0.0211395776113299));
#5346=CARTESIAN_POINT('',(0.0829178061170663,-0.0077997206166259,-0.0233181476012747));
#5347=CARTESIAN_POINT('',(0.0826188886076578,-0.00704329256966083,-0.0225099466267313));
#5348=CARTESIAN_POINT('',(0.0819160180026834,-0.00619123601773341,-0.0221964160114304));
#5349=CARTESIAN_POINT('',(0.0842228351947503,-0.00670877906164792,-0.0242178720555764));
#5350=CARTESIAN_POINT('',(0.0842468100456391,-0.00582346108544376,-0.0237758527718304));
#5351=CARTESIAN_POINT('',(0.0839732490488305,-0.00487437096085199,-0.0236912652958869));
#5352=CARTESIAN_POINT('',(0.085425942606226,-0.00684927504160989,-0.0252591092413149));
#5353=CARTESIAN_POINT('',(0.0858189073612354,-0.00585197232218714,-0.0249837669049423));
#5354=CARTESIAN_POINT('',(0.0858225686606501,-0.00475848268181799,-0.0251730301060754));
#5355=CARTESIAN_POINT('',(0.0863008841509468,-0.00738884488351721,-0.0261002137808273));
#5356=CARTESIAN_POINT('',(0.0869960690800081,-0.00630073869072895,-0.0258610815818857));
#5357=CARTESIAN_POINT('',(0.0871732620266199,-0.00507934871598186,-0.0263123565457252));
#5358=CARTESIAN_POINT('',(0.0867295244172483,-0.00772645071599639,-0.026507834712759));
#5359=CARTESIAN_POINT('',(0.0875214550403836,-0.00658618517197412,-0.0262306770719154));
#5360=CARTESIAN_POINT('',(0.0877462085771206,-0.00529929705040198,-0.0267771332212988));
#5361=CARTESIAN_POINT('',(0.0869412097497218,-0.00790410272925627,-0.0267046392739918));
#5362=CARTESIAN_POINT('',(0.0877877485654958,-0.0067389176931448,-0.0264087777196331));
#5363=CARTESIAN_POINT('',(0.0880403611080739,-0.00542072542093317,-0.0270090894979213));
#5364=CARTESIAN_POINT('',(0.0852096457466952,-0.00483587800779726,-0.0246880423838859));
#5365=CARTESIAN_POINT('',(0.085215444132505,-0.00501453462179387,-0.024662548270828));
#5366=CARTESIAN_POINT('',(0.0852245157037699,-0.00537412684762615,-0.0246429338305483));
#5367=CARTESIAN_POINT('',(0.0852503303338731,-0.00591175603697689,-0.0247240838797972));
#5368=CARTESIAN_POINT('',(0.0853727749480895,-0.00639286368176242,-0.0249686682846179));
#5369=CARTESIAN_POINT('',(0.0856328471715662,-0.00672235444755002,-0.0253109349576617));
#5370=CARTESIAN_POINT('',(0.0859368052801366,-0.00699899380865199,-0.0256572660502316));
#5371=CARTESIAN_POINT('',(0.0863522626201823,-0.00736813348053421,-0.0261113104741361));
#5372=CARTESIAN_POINT('',(0.086670211206519,-0.00765382741793936,-0.0264371621288062));
#5373=CARTESIAN_POINT('',(0.0868809110615267,-0.0078538314585367,-0.02664847914859));
#5374=CARTESIAN_POINT('',(0.0768361778130414,-0.0148704186440942,-0.0177618511519037));
#5375=CARTESIAN_POINT('',(0.0777087322738497,-0.0149953464202051,-0.0178051986832318));
#5376=CARTESIAN_POINT('',(0.0793373612603853,-0.0156334922292771,-0.0184033397447812));
#5377=CARTESIAN_POINT('',(0.0800289545075938,-0.0167427869008924,-0.0197357759116635));
#5378=CARTESIAN_POINT('',(0.0800586878646952,-0.0172762146469032,-0.0204223563542788));
#5379=CARTESIAN_POINT('',(0.0998657393073855,-0.0210360614459034,-0.0188311420734178));
#5380=CARTESIAN_POINT('',(0.0999013329717688,-0.017730633592859,-0.0172206905808696));
#5381=CARTESIAN_POINT('',(0.103544035884496,-0.0179613014859579,-0.0167755141852959));
#5382=CARTESIAN_POINT('',(0.0998383925062578,-0.0211196728134026,-0.0186505076441199));
#5383=CARTESIAN_POINT('',(0.0998773880688501,-0.0178213757017872,-0.0170417150612292));
#5384=CARTESIAN_POINT('',(0.103506004691464,-0.0180709209657852,-0.0165497304884954));
#5385=CARTESIAN_POINT('',(0.099775418770551,-0.0212833138618738,-0.0182895339058089));
#5386=CARTESIAN_POINT('',(0.0998360362217882,-0.0179709753303278,-0.0167749934547683));
#5387=CARTESIAN_POINT('',(0.103420794312673,-0.0182443409877755,-0.0161864204208584));
#5388=CARTESIAN_POINT('',(0.099618390107758,-0.0215761363067157,-0.0175664513007265));
#5389=CARTESIAN_POINT('',(0.0997234690714074,-0.0182749910989928,-0.0161786377554822));
#5390=CARTESIAN_POINT('',(0.103209332752446,-0.0185876472371836,-0.0154051984841181));
#5391=CARTESIAN_POINT('',(0.0993644828902934,-0.0218894565798698,-0.0166629180465697));
#5392=CARTESIAN_POINT('',(0.0995396439414748,-0.0186280356188728,-0.0154363174915391));
#5393=CARTESIAN_POINT('',(0.102870229675809,-0.0189639650821024,-0.0144440159938145));
#5394=CARTESIAN_POINT('',(0.0989712576841663,-0.0221873816367121,-0.0155861345913032));
#5395=CARTESIAN_POINT('',(0.0992362540810718,-0.0190221341814396,-0.0145072754214825));
#5396=CARTESIAN_POINT('',(0.102345456905131,-0.0193539584386955,-0.0132838203691107));
#5397=CARTESIAN_POINT('',(0.098322149126828,-0.0224939527157886,-0.0141585851043182));
#5398=CARTESIAN_POINT('',(0.0987066938642715,-0.0195018813215132,-0.0132354504641899));
#5399=CARTESIAN_POINT('',(0.101475858794458,-0.0197985323015795,-0.0117354179969893));
#5400=CARTESIAN_POINT('',(0.0973239628822127,-0.0227141063140887,-0.0124973102122745));
#5401=CARTESIAN_POINT('',(0.0978243248726504,-0.0199953966598451,-0.0116605888135141));
#5402=CARTESIAN_POINT('',(0.100125685960956,-0.0202099233903338,-0.00990339517483477));
#5403=CARTESIAN_POINT('',(0.0958104532059135,-0.0228234472152509,-0.0107339739961057));
#5404=CARTESIAN_POINT('',(0.0963182054120919,-0.0204509467280579,-0.00984497701415709));
#5405=CARTESIAN_POINT('',(0.0980347985793212,-0.0205651732261834,-0.00789288201591619));
#5406=CARTESIAN_POINT('',(0.0940433838517226,-0.0228831994505062,-0.00938103673406225));
#5407=CARTESIAN_POINT('',(0.0944068724353256,-0.0207811314429852,-0.00836040338295031));
#5408=CARTESIAN_POINT('',(0.0955351181586576,-0.0208506522870837,-0.00626263727140545));
#5409=CARTESIAN_POINT('',(0.0920533092429182,-0.0230036740297743,-0.00856517907548192));
#5410=CARTESIAN_POINT('',(0.0921278058720596,-0.0210443135800278,-0.00742343557287498));
#5411=CARTESIAN_POINT('',(0.0926644840662971,-0.0211349942730177,-0.00519733926840301));
#5412=CARTESIAN_POINT('',(0.0899612438619452,-0.0232323947664379,-0.00840488568464014));
#5413=CARTESIAN_POINT('',(0.0897016795398918,-0.0211692647292998,-0.00718647036838338));
#5414=CARTESIAN_POINT('',(0.0896235342588924,-0.0214364360730599,-0.00476923665081364));
#5415=CARTESIAN_POINT('',(0.0885788492038253,-0.0234024990900469,-0.00871201689472592));
#5416=CARTESIAN_POINT('',(0.088173854543248,-0.0212154062614133,-0.00752496575239389));
#5417=CARTESIAN_POINT('',(0.087642846226663,-0.02157324207781,-0.00507698248237476));
#5418=CARTESIAN_POINT('',(0.0879111863863578,-0.0234724261457539,-0.0089499928959405));
#5419=CARTESIAN_POINT('',(0.0874596478923704,-0.0211961872571527,-0.00776944452007495));
#5420=CARTESIAN_POINT('',(0.0866987099853149,-0.0216146231121403,-0.00531491199958181));
#5421=CARTESIAN_POINT('',(0.0870112034102133,-0.0215890041309386,-0.00532537380309628));
#5422=CARTESIAN_POINT('',(0.0872103145287351,-0.0214902974166229,-0.00603624206931137));
#5423=CARTESIAN_POINT('',(0.0876148190649562,-0.0217435752255901,-0.00748689558738929));
#5424=CARTESIAN_POINT('',(0.0879132938186543,-0.0228205896695532,-0.00857239287894843));
#5425=CARTESIAN_POINT('',(0.0880063378207366,-0.0234623730672055,-0.00891669673168797));
#5426=CARTESIAN_POINT('',(0.0880962645469341,-0.023463579144714,-0.00889263620326028));
#5427=CARTESIAN_POINT('',(0.0878993979710133,-0.0212767833149474,-0.00768298776933654));
#5428=CARTESIAN_POINT('',(0.0872987384489441,-0.0215997418640548,-0.00527072996852015));
#5429=CARTESIAN_POINT('',(0.0868301484465406,-0.023446820556115,-0.0092231703849207));
#5430=CARTESIAN_POINT('',(0.086470676283479,-0.0211329189787815,-0.00802088777550048));
#5431=CARTESIAN_POINT('',(0.0854672735634407,-0.0215347910910057,-0.00559581425001398));
#5432=CARTESIAN_POINT('',(0.0850374888991374,-0.0234079800323703,-0.010209495561326));
#5433=CARTESIAN_POINT('',(0.0845712605595293,-0.0207977836915971,-0.00907678361676583));
#5434=CARTESIAN_POINT('',(0.082952179323425,-0.0213463923981942,-0.00669458018396055));
#5435=CARTESIAN_POINT('',(0.0830432585663382,-0.0229658329455475,-0.0121403645074178));
#5436=CARTESIAN_POINT('',(0.0827377890717652,-0.0200287404214094,-0.0108658439962108));
#5437=CARTESIAN_POINT('',(0.0803030987939714,-0.0206769582211444,-0.00884079332206196));
#5438=CARTESIAN_POINT('',(0.0818125481487918,-0.0223836707587664,-0.0137747311609025));
#5439=CARTESIAN_POINT('',(0.0816746390025519,-0.0193028582028115,-0.012298118113527));
#5440=CARTESIAN_POINT('',(0.0787339186244878,-0.0199394576023951,-0.0106465905244469));
#5441=CARTESIAN_POINT('',(0.0808629455248256,-0.0214980364438297,-0.0155331851778616));
#5442=CARTESIAN_POINT('',(0.0808826649043916,-0.0184406046166284,-0.013766592948428));
#5443=CARTESIAN_POINT('',(0.0775814280408115,-0.0189294369548785,-0.0125806674339864));
#5444=CARTESIAN_POINT('',(0.0802462981307386,-0.0203216064297018,-0.0172852261161142));
#5445=CARTESIAN_POINT('',(0.0803384248171289,-0.0174640675783438,-0.0152346895767864));
#5446=CARTESIAN_POINT('',(0.0768930469475607,-0.017667403736669,-0.0145155581685284));
#5447=CARTESIAN_POINT('',(0.0800112748694295,-0.0191085734253308,-0.0186929968859597));
#5448=CARTESIAN_POINT('',(0.0800663796089752,-0.0165323392336408,-0.0164747643435385));
#5449=CARTESIAN_POINT('',(0.0766868762589129,-0.0164298634971683,-0.0160760564105716));
#5450=CARTESIAN_POINT('',(0.0799929095751472,-0.0181784061371424,-0.0196103732757901));
#5451=CARTESIAN_POINT('',(0.0799881616901326,-0.0157911101451192,-0.0173824299973564));
#5452=CARTESIAN_POINT('',(0.0767472356764965,-0.015473705840184,-0.0171367497559354));
#5453=CARTESIAN_POINT('',(0.0800224475230016,-0.017620163144169,-0.0201174051631337));
#5454=CARTESIAN_POINT('',(0.0799723425725504,-0.0153704382279379,-0.0178500524236629));
#5455=CARTESIAN_POINT('',(0.0768101993916288,-0.0149450487869382,-0.0176853172918062));
#5456=CARTESIAN_POINT('',(0.080050782519353,-0.0173360563366869,-0.0203679949535465));
#5457=CARTESIAN_POINT('',(0.079983971722221,-0.0151070167331029,-0.0181789136580723));
#5458=CARTESIAN_POINT('',(0.0769030064188811,-0.0146022222839972,-0.0180400302466011));
#5459=CARTESIAN_POINT('',(0.080068294060871,-0.0171967439108762,-0.0204941176151143));
#5460=CARTESIAN_POINT('',(0.0799939296444672,-0.0149800232669972,-0.0183371391763286));
#5461=CARTESIAN_POINT('',(0.0769502629187144,-0.0144392620876467,-0.0182122125007742));
#5462=CARTESIAN_POINT('',(0.0896689323716578,-0.00475749403947971,-0.026402204669457));
#5463=CARTESIAN_POINT('',(0.0871749234737533,-0.00489532123063675,-0.0262373644819804));
#5464=CARTESIAN_POINT('',(0.0852096457466953,-0.00483587800779881,-0.0246880423838856));
#5465=CARTESIAN_POINT('',(0.0897168185242423,-0.00497183527181205,-0.0263788673782296));
#5466=CARTESIAN_POINT('',(0.0871959058026335,-0.00506620462983184,-0.0262286011406605));
#5467=CARTESIAN_POINT('',(0.0852165919300407,-0.0050498999340606,-0.024657501677079));
#5468=CARTESIAN_POINT('',(0.0897708943550109,-0.00529207103257581,-0.0263711403158744));
#5469=CARTESIAN_POINT('',(0.087220336338586,-0.0053160304101194,-0.0262360307163635));
#5470=CARTESIAN_POINT('',(0.0852229225778159,-0.00536920085533047,-0.0246449100963407));
#5471=CARTESIAN_POINT('',(0.0897860505993892,-0.00571503661616041,-0.0264119023809697));
#5472=CARTESIAN_POINT('',(0.0872478104251348,-0.00564585000029844,-0.0262759899209187));
#5473=CARTESIAN_POINT('',(0.0852487780145369,-0.00579147415197915,-0.0247111426931047));
#5474=CARTESIAN_POINT('',(0.0897536311199647,-0.00602976693729394,-0.0264677828746375));
#5475=CARTESIAN_POINT('',(0.0872710212644249,-0.00589857426102721,-0.026317540068605));
#5476=CARTESIAN_POINT('',(0.0852943504931676,-0.00610782181572746,-0.024816685493981));
#5477=CARTESIAN_POINT('',(0.0896415113688486,-0.00634066972844844,-0.0265472931256875));
#5478=CARTESIAN_POINT('',(0.0873040514823556,-0.00617167310456161,-0.0263660262448297));
#5479=CARTESIAN_POINT('',(0.0854025454795051,-0.00642686121494525,-0.0250074149288065));
#5480=CARTESIAN_POINT('',(0.0894177687277015,-0.00659110930517657,-0.0266279222462776));
#5481=CARTESIAN_POINT('',(0.08735619378944,-0.00644918476398786,-0.0264097210484403));
#5482=CARTESIAN_POINT('',(0.0856207842575583,-0.00670913774767476,-0.025295957816756));
#5483=CARTESIAN_POINT('',(0.0890213838336727,-0.00681008250201159,-0.0266866376849382));
#5484=CARTESIAN_POINT('',(0.0873693680484287,-0.00675512419074301,-0.026450839144196));
#5485=CARTESIAN_POINT('',(0.0859259571175317,-0.006989350388612,-0.0256446301272247));
#5486=CARTESIAN_POINT('',(0.0884817769944794,-0.00701890451227011,-0.0267124076039449));
#5487=CARTESIAN_POINT('',(0.0872904100697003,-0.00705120444069066,-0.0264747020592838));
#5488=CARTESIAN_POINT('',(0.0862084007634035,-0.00724037259098484,-0.0259547789499664));
#5489=CARTESIAN_POINT('',(0.0876415639286245,-0.00737635448651292,-0.0266921364630095));
#5490=CARTESIAN_POINT('',(0.087080097379679,-0.00744164763057611,-0.0265178438503524));
#5491=CARTESIAN_POINT('',(0.0865378263860394,-0.00753353636836597,-0.0263013101091839));
#5492=CARTESIAN_POINT('',(0.0871147643864457,-0.00769492144577094,-0.0266631092564129));
#5493=CARTESIAN_POINT('',(0.0869416287218588,-0.00772097998812241,-0.0265993330141449));
#5494=CARTESIAN_POINT('',(0.0867684552744976,-0.00774699057353441,-0.0265356398549235));
#5495=CARTESIAN_POINT('',(0.0868809110615267,-0.00785383145853695,-0.0266484791485901));
#5496=CARTESIAN_POINT('',(0.0868809110615267,-0.00785383145853681,-0.0266484791485901));
#5497=CARTESIAN_POINT('',(0.0868809110615268,-0.00785383145853667,-0.02664847914859));
#5498=CARTESIAN_POINT('',(0.0901393728659281,-0.00378928059768602,-0.0184749574503727));
#5499=CARTESIAN_POINT('',(0.0852096457466958,-0.00483587800780212,-0.0246880423838855));
#5500=CARTESIAN_POINT('',(0.0871749234737535,-0.00489532123063845,-0.0262373644819801));
#5501=CARTESIAN_POINT('',(0.0896689323716575,-0.00475749403947938,-0.0264022046694571));
#5502=CARTESIAN_POINT('',(0.0851478211345934,-0.00439187010401085,-0.0247137814582699));
#5503=CARTESIAN_POINT('',(0.0871272834419851,-0.00462799526675627,-0.0262619906412853));
#5504=CARTESIAN_POINT('',(0.0896460145451931,-0.00465491244102338,-0.0264133736675278));
#5505=CARTESIAN_POINT('',(0.0851202581264449,-0.0039705591670213,-0.0247498295647724));
#5506=CARTESIAN_POINT('',(0.0871109578081891,-0.00437527087854058,-0.026306363924692));
#5507=CARTESIAN_POINT('',(0.0896599577810443,-0.00455362147973984,-0.0264309183093389));
#5508=CARTESIAN_POINT('',(0.0851196066340834,-0.00356372404206746,-0.0247978842555419));
#5509=CARTESIAN_POINT('',(0.0871163684096555,-0.00413356412185763,-0.0263652251579896));
#5510=CARTESIAN_POINT('',(0.0896966847170914,-0.00445361578718331,-0.0264539240560032));
#5511=CARTESIAN_POINT('',(0.0901671330873315,-0.00282769529532636,-0.0186350327736606));
#5512=CARTESIAN_POINT('',(0.0851196066340838,-0.00356372404206695,-0.0247978842555423));
#5513=CARTESIAN_POINT('',(0.0871163684096559,-0.00413356412185515,-0.0263652251579903));
#5514=CARTESIAN_POINT('',(0.0896966847170918,-0.00445361578717929,-0.0264539240560043));
#5515=CARTESIAN_POINT('',(0.0851186244546682,-0.00295038780393377,-0.0248703305131575));
#5516=CARTESIAN_POINT('',(0.0871280222853986,-0.00344110397045296,-0.0264961146650737));
#5517=CARTESIAN_POINT('',(0.0897406101722688,-0.00371947101311099,-0.0266092306905505));
#5518=CARTESIAN_POINT('',(0.0851190495460712,-0.00204626172180964,-0.0249495975597842));
#5519=CARTESIAN_POINT('',(0.0871421821112794,-0.00240521259884768,-0.0266432831731054));
#5520=CARTESIAN_POINT('',(0.0897915214768308,-0.00260959056170308,-0.026786227375414));
#5521=CARTESIAN_POINT('',(0.0851207119162131,-0.000855884215160964,-0.0250066105864338));
#5522=CARTESIAN_POINT('',(0.0871529073468644,-0.00103913534003045,-0.0267484437444172));
#5523=CARTESIAN_POINT('',(0.0898276296291453,-0.00114443151230897,-0.0269132910589214));
#5524=CARTESIAN_POINT('',(0.0851217900860592,-0.000259109021334069,-0.0250197199989088));
#5525=CARTESIAN_POINT('',(0.087155861361147,-0.000333230781079974,-0.0267715914858684));
#5526=CARTESIAN_POINT('',(0.0898354259761866,-0.000372693029153777,-0.0269415743492086));
#5527=CARTESIAN_POINT('',(0.0851222283327547,3.66481533667044E-5,-0.0250224173894486));
#5528=CARTESIAN_POINT('',(0.087156075158479,9.93534544693084E-6,-0.0267748439038058));
#5529=CARTESIAN_POINT('',(0.0898354336992714,-1.74614249738667E-6,-0.0269455674392639));
#5530=CARTESIAN_POINT('',(0.0903444903251642,8.41804559015492E-5,-0.0189622424445438));
#5531=CARTESIAN_POINT('',(0.0851222283327547,3.66481533666633E-5,-0.0250224173894486));
#5532=CARTESIAN_POINT('',(0.0871560751584789,9.93534544689125E-6,-0.0267748439038058));
#5533=CARTESIAN_POINT('',(0.0898354336992714,-1.7461424974261E-6,-0.0269455674392639));
#5534=CARTESIAN_POINT('',(0.085123023244944,0.000573106343244715,-0.0250273100423772));
#5535=CARTESIAN_POINT('',(0.0871564629425601,0.000632367656127816,-0.0267807431159859));
#5536=CARTESIAN_POINT('',(0.0898354477075425,0.000671094663525313,-0.0269528102926823));
#5537=CARTESIAN_POINT('',(0.0851230869976162,0.00138104576979587,-0.02501607599137));
#5538=CARTESIAN_POINT('',(0.0871523612874612,0.00161280209425379,-0.0267510599907424));
#5539=CARTESIAN_POINT('',(0.089821078537521,0.00176099819907564,-0.0269138278237109));
#5540=CARTESIAN_POINT('',(0.0851211948525223,0.00247995315104913,-0.0249564259620585));
#5541=CARTESIAN_POINT('',(0.0871350475466387,0.00288831444979066,-0.0266244824640594));
#5542=CARTESIAN_POINT('',(0.0897658084056612,0.00313604004273481,-0.0267583799381693));
#5543=CARTESIAN_POINT('',(0.0851198697715793,0.00359976139224386,-0.024864319366785));
#5544=CARTESIAN_POINT('',(0.0871117227224982,0.00420653494068592,-0.0264349348204711));
#5545=CARTESIAN_POINT('',(0.0896901995861614,0.00457153451458958,-0.0265225899092359));
#5546=CARTESIAN_POINT('',(0.0851202591024022,0.00505511425151061,-0.024677194215063));
#5547=CARTESIAN_POINT('',(0.0870684238371117,0.00588476080623654,-0.026065577137801));
#5548=CARTESIAN_POINT('',(0.0895474881169161,0.00637729425165064,-0.0260692727827979));
#5549=CARTESIAN_POINT('',(0.0851373015019091,0.00686278749794721,-0.0243123680544455));
#5550=CARTESIAN_POINT('',(0.0869971148703845,0.00792329518723725,-0.0253807949657159));
#5551=CARTESIAN_POINT('',(0.0892976526186468,0.00854414418898626,-0.0252385214026186));
#5552=CARTESIAN_POINT('',(0.08519333367714,0.00853878867982871,-0.0238189714242543));
#5553=CARTESIAN_POINT('',(0.086925071133264,0.00969743960948824,-0.0245179523030079));
#5554=CARTESIAN_POINT('',(0.0889964451224092,0.0103619959658274,-0.0242276561004539));
#5555=CARTESIAN_POINT('',(0.0853117834272606,0.0100047502928395,-0.0232312974678457));
#5556=CARTESIAN_POINT('',(0.086885820688622,0.011115944065196,-0.0236053877863645));
#5557=CARTESIAN_POINT('',(0.0887057013795436,0.0117406290151448,-0.0232242647996065));
#5558=CARTESIAN_POINT('',(0.0854590369724397,0.0112062133774315,-0.0226376386510561));
#5559=CARTESIAN_POINT('',(0.0868750160793241,0.0121940026983143,-0.0227712514782338));
#5560=CARTESIAN_POINT('',(0.0884613478158083,0.0127441170536201,-0.0223503828143931));
#5561=CARTESIAN_POINT('',(0.0856985944360888,0.0125347382607115,-0.0217944458507547));
#5562=CARTESIAN_POINT('',(0.0869025394492471,0.0132639831184531,-0.0217598977221548));
#5563=CARTESIAN_POINT('',(0.0882015603493076,0.0136635957404787,-0.0213911804645537));
#5564=CARTESIAN_POINT('',(0.0859454235996269,0.0136259894587766,-0.0208421411257181));
#5565=CARTESIAN_POINT('',(0.0869431941020751,0.0141216764164302,-0.0207587846890195));
#5566=CARTESIAN_POINT('',(0.0879934704887368,0.0143866459206705,-0.020483657322096));
#5567=CARTESIAN_POINT('',(0.0861222340965769,0.0143788099544068,-0.0200036506260295));
#5568=CARTESIAN_POINT('',(0.0869673500812985,0.0147300763613251,-0.0199183239383318));
#5569=CARTESIAN_POINT('',(0.0878446391029741,0.0149135184628238,-0.0197138512524265));
#5570=CARTESIAN_POINT('',(0.0862417256004206,0.0148820664658484,-0.0193516417157855));
#5571=CARTESIAN_POINT('',(0.0869815252986456,0.0151451398855207,-0.0192773824735039));
#5572=CARTESIAN_POINT('',(0.0877430785329068,0.0152794960721989,-0.0191221218661031));
#5573=CARTESIAN_POINT('',(0.0863282860824475,0.0152484045505355,-0.0188012931494127));
#5574=CARTESIAN_POINT('',(0.0869895876288161,0.0154588084143153,-0.0187332417144225));
#5575=CARTESIAN_POINT('',(0.0876669289207842,0.0155653644601624,-0.0186061142661654));
#5576=CARTESIAN_POINT('',(0.0863826000687006,0.0154794200441188,-0.018416068783573));
#5577=CARTESIAN_POINT('',(0.0869938731520666,0.0156547893061007,-0.0183630966666375));
#5578=CARTESIAN_POINT('',(0.0876181106696073,0.0157413454856918,-0.0182629011424216));
#5579=CARTESIAN_POINT('',(0.0864115857616428,0.0156043859127917,-0.018196430408436));
#5580=CARTESIAN_POINT('',(0.0869954623212371,0.0157706131648725,-0.0181346669656735));
#5581=CARTESIAN_POINT('',(0.0875909181258558,0.0158548338762637,-0.0180312074119961));
#5582=CARTESIAN_POINT('',(0.0864260058514345,0.0156648497592783,-0.0180866110607077));
#5583=CARTESIAN_POINT('',(0.0869968847304663,0.0158102574042156,-0.0180527076713538));
#5584=CARTESIAN_POINT('',(0.0875784702321285,0.0158787751545145,-0.0179801451530388));
#5585=CARTESIAN_POINT('',(0.0864345845749228,0.01569511271258,-0.0180312620755289));
#5586=CARTESIAN_POINT('',(0.0869990380390355,0.0158302331012325,-0.0180118588252639));
#5587=CARTESIAN_POINT('',(0.0875738137100742,0.0158907090010987,-0.0179551374693511));
#5588=CARTESIAN_POINT('',(0.0864166199670895,0.0156255789194983,-0.0181574860820002));
#5589=CARTESIAN_POINT('',(0.0869397143697384,0.0157688583174346,-0.0181110218545958));
#5590=CARTESIAN_POINT('',(0.0873338350087719,0.01582916099158,-0.0180533457083891));
#5591=CARTESIAN_POINT('',(0.0875865322376221,0.0158627414509147,-0.0180139472553569));
#5592=CARTESIAN_POINT('',(0.0864166203737117,0.0156255790311503,-0.0181574860453581));
#5593=CARTESIAN_POINT('',(0.0869959395864797,0.0157842588161045,-0.0181060276091059));
#5594=CARTESIAN_POINT('',(0.0875865322430916,0.0158627413546484,-0.0180139472083873));
#5595=CARTESIAN_POINT('',(0.0864350510265068,0.0157039443205727,-0.0180163342849806));
#5596=CARTESIAN_POINT('',(0.0869970290339791,0.0158528875998534,-0.0179675811004381));
#5597=CARTESIAN_POINT('',(0.0875693873265305,0.0159263722925784,-0.0178816056306145));
#5598=CARTESIAN_POINT('',(0.086470036809022,0.0158531516661081,-0.0177348293903353));
#5599=CARTESIAN_POINT('',(0.0869988240248945,0.0159844750998213,-0.0176915224742643));
#5600=CARTESIAN_POINT('',(0.0875364354317962,0.0160489796442847,-0.0176169559632623));
#5601=CARTESIAN_POINT('',(0.0865173101149738,0.0160546514091585,-0.0173205824157137));
#5602=CARTESIAN_POINT('',(0.0870005767506055,0.0161648804623094,-0.0172833270669439));
#5603=CARTESIAN_POINT('',(0.0874908627391193,0.0162190717587775,-0.0172218288996429));
#5604=CARTESIAN_POINT('',(0.086553478515106,0.016210117480926,-0.0169705943952399));
#5605=CARTESIAN_POINT('',(0.087001723715043,0.0163043389991794,-0.0169417008566183));
#5606=CARTESIAN_POINT('',(0.087455795987401,0.0163501846048184,-0.016893235045867));
#5607=CARTESIAN_POINT('',(0.0865794756510711,0.0163176464057904,-0.0167147880106801));
#5608=CARTESIAN_POINT('',(0.0870021085970723,0.0164042770219379,-0.0166834446045589));
#5609=CARTESIAN_POINT('',(0.0874298089798387,0.0164476313833531,-0.0166354397310563));
#5610=CARTESIAN_POINT('',(0.0865937746970854,0.016383283418652,-0.0165495368627486));
#5611=CARTESIAN_POINT('',(0.0870029842224242,0.0164599099429144,-0.0165328987277132));
#5612=CARTESIAN_POINT('',(0.087416848666513,0.0164961598445103,-0.0165012276608489));
#5613=CARTESIAN_POINT('',(0.0865987399398681,0.0163971269543445,-0.0165151730775515));
#5614=CARTESIAN_POINT('',(0.087003032572015,0.016472404188343,-0.016498588424951));
#5615=CARTESIAN_POINT('',(0.0874118492943087,0.0165082720791912,-0.0164673373922038));
#5616=CARTESIAN_POINT('',(0.035025,2.81416457496475E-18,-0.018));
#5617=CARTESIAN_POINT('',(0.025,-0.003,-0.018));
#5618=CARTESIAN_POINT('',(0.0695,-0.003,-0.018));
#5619=CARTESIAN_POINT('',(0.0255,-0.003,-0.018));
#5620=CARTESIAN_POINT('',(0.0255,2.81416457496475E-18,-0.018));
#5621=CARTESIAN_POINT('',(0.0255,0.011,-0.018));
#5622=CARTESIAN_POINT('',(0.035025,0.011,-0.018));
#5623=CARTESIAN_POINT('',(0.0695,0.011,-0.018));
#5624=CARTESIAN_POINT('',(0.0695,-0.0035,-0.018));
#5625=CARTESIAN_POINT('',(0.03,0.004,-0.018));
#5626=CARTESIAN_POINT('',(0.03,0.006,-0.018));
#5627=CARTESIAN_POINT('',(0.0475,0.004,-0.018));
#5628=CARTESIAN_POINT('',(0.0475,0.006,-0.018));
#5629=CARTESIAN_POINT('',(0.065,0.004,-0.018));
#5630=CARTESIAN_POINT('',(0.065,0.006,-0.018));
#5631=CARTESIAN_POINT('',(0.065,0.004,0.0065));
#5632=CARTESIAN_POINT('',(0.0475,0.004,0.0065));
#5633=CARTESIAN_POINT('',(0.03,0.004,0.0065));
#5634=CARTESIAN_POINT('',(0.0695,-0.00640312423743284,-0.0185));
#5635=CARTESIAN_POINT('',(0.0695,0.011,-0.0185));
#5636=CARTESIAN_POINT('',(0.0695,-0.003,-0.0185));
#5637=CARTESIAN_POINT('',(0.0475,-0.003,-0.0185));
#5638=CARTESIAN_POINT('',(0.0255,-0.003,-0.0185));
#5639=CARTESIAN_POINT('',(0.035025,0.011,-0.0185));
#5640=CARTESIAN_POINT('',(0.0255,0.011,-0.0185));
#5641=CARTESIAN_POINT('',(0.0255,3.08508286604452E-18,-0.0185));
#5642=CARTESIAN_POINT('',(0.005,-0.0181865334794732,0.0105));
#5643=CARTESIAN_POINT('',(0.005,-0.0181865334794732,0.0105));
#5644=CARTESIAN_POINT('',(0.005,-0.0181865334794732,0.012125));
#5645=CARTESIAN_POINT('',(0.005,-0.00234423326026339,0.0009375));
#5646=CARTESIAN_POINT('',(0.005,-0.0181865334794732,-0.0105));
#5647=CARTESIAN_POINT('',(0.005,-0.0181865334794732,-0.0105));
#5648=CARTESIAN_POINT('',(0.005,-0.0181865334794732,-0.008875));
#5649=CARTESIAN_POINT('',(0.005,-0.00234423326026339,0.0009375));
#5650=CARTESIAN_POINT('',(0.005,-0.00234423326026339,0.0009375));
#5651=CARTESIAN_POINT('',(0.005,1.44198888940572E-17,0.021));
#5652=CARTESIAN_POINT('',(0.005,1.44198888940572E-17,0.021));
#5653=CARTESIAN_POINT('',(0.11675,-0.0101992869749665,-0.00987999234348536));
#5654=CARTESIAN_POINT('',(0.11675,-0.0101992869749665,-0.00987999234348536));
#5655=CARTESIAN_POINT('',(0.11675,-0.0101992869749665,-0.0113799923434854));
#5656=CARTESIAN_POINT('',(0.11675,0.000170133625649955,-0.0115981595920813));
#5657=CARTESIAN_POINT('',(0.11675,-0.00152058876119554,-0.00226305169053376));
#5658=CARTESIAN_POINT('',(0.11675,-0.00152058876119554,-0.00226305169053376));
#5659=CARTESIAN_POINT('',(0.11675,-0.00152058876119554,-0.00376305169053376));
#5660=CARTESIAN_POINT('',(0.11675,0.000170133625649955,-0.0115981595920813));
#5661=CARTESIAN_POINT('',(0.11675,-0.0127156097441912,-0.0156894493848086));
#5662=CARTESIAN_POINT('',(0.11675,-0.0127156097441912,-0.0156894493848086));
#5663=CARTESIAN_POINT('',(0.11675,-0.0127156097441912,-0.0171894493848086));
#5664=CARTESIAN_POINT('',(0.11675,0.000170133625649955,-0.0115981595920813));
#5665=MECHANICAL_DESIGN_GEOMETRIC_PRESENTATION_REPRESENTATION('',(#2173),
#5666);
#5666=(
GEOMETRIC_REPRESENTATION_CONTEXT(3)
GLOBAL_UNCERTAINTY_ASSIGNED_CONTEXT((#5667))
GLOBAL_UNIT_ASSIGNED_CONTEXT((#5670,#5669,#5668))
REPRESENTATION_CONTEXT('Front_Grip_B','TOP_LEVEL_ASSEMBLY_PART')
);
#5667=UNCERTAINTY_MEASURE_WITH_UNIT(LENGTH_MEASURE(6.00311339278772E-5),
#5670,'DISTANCE_ACCURACY_VALUE','Maximum Tolerance applied to model');
#5668=(
NAMED_UNIT(*)
SI_UNIT($,.STERADIAN.)
SOLID_ANGLE_UNIT()
);
#5669=(
NAMED_UNIT(*)
PLANE_ANGLE_UNIT()
SI_UNIT($,.RADIAN.)
);
#5670=(
LENGTH_UNIT()
NAMED_UNIT(*)
SI_UNIT($,.METRE.)
);
#5671=PRODUCT_DEFINITION_SHAPE('','',#5672);
#5672=PRODUCT_DEFINITION('','',#5674,#5673);
#5673=PRODUCT_DEFINITION_CONTEXT('',#5680,'design');
#5674=PRODUCT_DEFINITION_FORMATION_WITH_SPECIFIED_SOURCE('','',#5676,
 .NOT_KNOWN.);
#5675=PRODUCT_RELATED_PRODUCT_CATEGORY('','',(#5676));
#5676=PRODUCT('Front_Grip_B','Front_Grip_B','Front_Grip_B',(#5678));
#5677=PRODUCT_CATEGORY('','');
#5678=PRODUCT_CONTEXT('',#5680,'mechanical');
#5679=APPLICATION_PROTOCOL_DEFINITION('international standard',
'ap242_managed_model_based_3d_engineering',2011,#5680);
#5680=APPLICATION_CONTEXT('managed model based 3d engineering');
ENDSEC;
END-ISO-10303-21;
