ISO-10303-21;
HEADER;
/* Generated by software containing ST-Developer
 * from STEP Tools, Inc. (www.steptools.com) 
 */

FILE_DESCRIPTION(
/* description */ (''),
/* implementation_level */ '2;1');

FILE_NAME(
/* name */ '87883 Flat Head Screw, M4 x 10 mm, Zinc-Plated Steel.step',

/* time_stamp */ '2025-05-26T12:16:33-07:00',
/* author */ (''),
/* organization */ (''),
/* preprocessor_version */ 'ST-DEVELOPER v20.1',
/* originating_system */ 'Autodesk Translation Framework v14.10.0.0',
/* authorisation */ '');

FILE_SCHEMA (('AUTOMOTIVE_DESIGN { 1 0 10303 214 3 1 1 }'));
ENDSEC;

DATA;
#10=MECHANICAL_DESIGN_GEOMETRIC_PRESENTATION_REPRESENTATION('',(#17),#3917);
#11=ITEM_DEFINED_TRANSFORMATION($,$,#996,#1066);
#12=(
REPRESENTATION_RELATIONSHIP($,$,#3928,#3927)
REPRESENTATION_RELATIONSHIP_WITH_TRANSFORMATION(#11)
SHAPE_REPRESENTATION_RELATIONSHIP()
);
#13=CONTEXT_DEPENDENT_SHAPE_REPRESENTATION(#12,#3926);
#14=NEXT_ASSEMBLY_USAGE_OCCURRENCE(
'91420A220_Steel Phillips Flat Head Screws:1',
'91420A220_Steel Phillips Flat Head Screws:1',
'91420A220_Steel Phillips Flat Head Screws:1',#3930,#3931,
'91420A220_Steel Phillips Flat Head Screws:1');
#15=SHAPE_REPRESENTATION_RELATIONSHIP('SRR','None',#3928,#16);
#16=ADVANCED_BREP_SHAPE_REPRESENTATION('',(#18),#3916);
#17=STYLED_ITEM('',(#3941),#18);
#18=MANIFOLD_SOLID_BREP('Body1',#982);
#19=(
BOUNDED_SURFACE()
B_SPLINE_SURFACE(1,2,((#3150,#3151,#3152,#3153,#3154,#3155,#3156,#3157,
#3158,#3159,#3160,#3161,#3162,#3163,#3164,#3165,#3166,#3167,#3168,#3169,
#3170,#3171,#3172,#3173,#3174,#3175,#3176,#3177,#3178,#3179,#3180,#3181,
#3182,#3183,#3184,#3185,#3186,#3187,#3188,#3189,#3190,#3191,#3192,#3193,
#3194,#3195,#3196,#3197,#3198,#3199,#3200,#3201,#3202,#3203,#3204,#3205,
#3206,#3207,#3208,#3209,#3210,#3211,#3212,#3213,#3214,#3215,#3216,#3217,
#3218,#3219,#3220,#3221,#3222,#3223,#3224,#3225,#3226,#3227,#3228,#3229,
#3230,#3231,#3232,#3233,#3234,#3235,#3236,#3237,#3238,#3239,#3240,#3241,
#3242,#3243,#3244,#3245,#3246,#3247,#3248,#3249,#3250,#3251,#3252,#3253,
#3254,#3255,#3256,#3257,#3258,#3259,#3260,#3261,#3262,#3263,#3264,#3265,
#3266,#3267,#3268,#3269,#3270,#3271,#3272,#3273,#3274,#3275,#3276,#3277,
#3278,#3279,#3280,#3281,#3282,#3283,#3284,#3285,#3286,#3287,#3288,#3289,
#3290,#3291,#3292,#3293,#3294,#3295,#3296,#3297,#3298,#3299,#3300,#3301,
#3302,#3303,#3304,#3305,#3306,#3307,#3308,#3309,#3310,#3311,#3312,#3313,
#3314,#3315,#3316,#3317,#3318,#3319,#3320,#3321,#3322,#3323,#3324,#3325,
#3326,#3327,#3328,#3329,#3330),(#3331,#3332,#3333,#3334,#3335,#3336,#3337,
#3338,#3339,#3340,#3341,#3342,#3343,#3344,#3345,#3346,#3347,#3348,#3349,
#3350,#3351,#3352,#3353,#3354,#3355,#3356,#3357,#3358,#3359,#3360,#3361,
#3362,#3363,#3364,#3365,#3366,#3367,#3368,#3369,#3370,#3371,#3372,#3373,
#3374,#3375,#3376,#3377,#3378,#3379,#3380,#3381,#3382,#3383,#3384,#3385,
#3386,#3387,#3388,#3389,#3390,#3391,#3392,#3393,#3394,#3395,#3396,#3397,
#3398,#3399,#3400,#3401,#3402,#3403,#3404,#3405,#3406,#3407,#3408,#3409,
#3410,#3411,#3412,#3413,#3414,#3415,#3416,#3417,#3418,#3419,#3420,#3421,
#3422,#3423,#3424,#3425,#3426,#3427,#3428,#3429,#3430,#3431,#3432,#3433,
#3434,#3435,#3436,#3437,#3438,#3439,#3440,#3441,#3442,#3443,#3444,#3445,
#3446,#3447,#3448,#3449,#3450,#3451,#3452,#3453,#3454,#3455,#3456,#3457,
#3458,#3459,#3460,#3461,#3462,#3463,#3464,#3465,#3466,#3467,#3468,#3469,
#3470,#3471,#3472,#3473,#3474,#3475,#3476,#3477,#3478,#3479,#3480,#3481,
#3482,#3483,#3484,#3485,#3486,#3487,#3488,#3489,#3490,#3491,#3492,#3493,
#3494,#3495,#3496,#3497,#3498,#3499,#3500,#3501,#3502,#3503,#3504,#3505,
#3506,#3507,#3508,#3509,#3510,#3511)),.UNSPECIFIED.,.F.,.F.,.F.)
B_SPLINE_SURFACE_WITH_KNOTS((2,2),(3,2,2,2,2,2,2,2,2,2,2,2,2,2,2,2,2,2,
2,2,2,2,2,2,2,2,2,2,2,2,2,2,2,2,2,2,2,2,2,2,2,2,2,2,2,2,2,2,2,2,2,2,2,2,
2,2,2,2,2,2,2,2,2,2,2,2,2,2,2,2,2,2,2,2,2,2,2,2,2,2,2,2,2,2,2,2,2,2,2,2,
3),(-2.70995768572672E-5,1.),(0.,0.0111111111111111,0.0222222222222222,
0.0333333333333333,0.0444444444444444,0.0555555555555556,0.0666666666666667,
0.0777777777777778,0.0888888888888889,0.1,0.111111111111111,0.122222222222222,
0.133333333333333,0.144444444444444,0.155555555555556,0.166666666666667,
0.177777777777778,0.188888888888889,0.2,0.211111111111111,0.222222222222222,
0.233333333333333,0.244444444444444,0.255555555555556,0.266666666666667,
0.277777777777778,0.288888888888889,0.3,0.311111111111111,0.322222222222222,
0.333333333333333,0.344444444444444,0.355555555555556,0.366666666666667,
0.377777777777778,0.388888888888889,0.4,0.411111111111111,0.422222222222222,
0.433333333333333,0.444444444444444,0.455555555555556,0.466666666666667,
0.477777777777778,0.488888888888889,0.5,0.511111111111111,0.522222222222222,
0.533333333333333,0.544444444444444,0.555555555555556,0.566666666666667,
0.577777777777778,0.588888888888889,0.6,0.611111111111111,0.622222222222222,
0.633333333333333,0.644444444444444,0.655555555555556,0.666666666666667,
0.677777777777778,0.688888888888889,0.7,0.711111111111111,0.722222222222222,
0.733333333333333,0.744444444444444,0.755555555555556,0.766666666666667,
0.777777777777778,0.788888888888889,0.8,0.811111111111111,0.822222222222222,
0.833333333333333,0.844444444444444,0.855555555555556,0.866666666666667,
0.877777777777778,0.888888888888889,0.9,0.911111111111111,0.922222222222222,
0.933333333333333,0.944444444444444,0.955555555555556,0.966666666666667,
0.977777777777778,0.988888888888889,1.),.UNSPECIFIED.)
GEOMETRIC_REPRESENTATION_ITEM()
RATIONAL_B_SPLINE_SURFACE(((1.,0.866025403784439,1.,0.866025403784439,1.,
0.866025403784439,1.,0.866025403784439,1.,0.866025403784439,1.,0.866025403784439,
1.,0.866025403784439,1.,0.866025403784439,1.,0.866025403784439,1.,0.866025403784439,
1.,0.866025403784439,1.,0.866025403784439,1.,0.866025403784439,1.,0.866025403784439,
1.,0.866025403784439,1.,0.866025403784439,1.,0.866025403784439,1.,0.866025403784439,
1.,0.866025403784439,1.,0.866025403784439,1.,0.866025403784439,1.,0.866025403784439,
1.,0.866025403784439,1.,0.866025403784439,1.,0.866025403784439,1.,0.866025403784439,
1.,0.866025403784439,1.,0.866025403784439,1.,0.866025403784439,1.,0.866025403784439,
1.,0.866025403784439,1.,0.866025403784439,1.,0.866025403784439,1.,0.866025403784439,
1.,0.866025403784439,1.,0.866025403784439,1.,0.866025403784439,1.,0.866025403784439,
1.,0.866025403784439,1.,0.866025403784439,1.,0.866025403784439,1.,0.866025403784439,
1.,0.866025403784439,1.,0.866025403784439,1.,0.866025403784439,1.,0.866025403784439,
1.,0.866025403784439,1.,0.866025403784439,1.,0.866025403784439,1.,0.866025403784439,
1.,0.866025403784439,1.,0.866025403784439,1.,0.866025403784439,1.,0.866025403784439,
1.,0.866025403784439,1.,0.866025403784439,1.,0.866025403784439,1.,0.866025403784439,
1.,0.866025403784439,1.,0.866025403784439,1.,0.866025403784439,1.,0.866025403784439,
1.,0.866025403784439,1.,0.866025403784439,1.,0.866025403784439,1.,0.866025403784439,
1.,0.866025403784439,1.,0.866025403784439,1.,0.866025403784439,1.,0.866025403784439,
1.,0.866025403784439,1.,0.866025403784439,1.,0.866025403784439,1.,0.866025403784439,
1.,0.866025403784439,1.,0.866025403784439,1.,0.866025403784439,1.,0.866025403784439,
1.,0.866025403784439,1.,0.866025403784439,1.,0.866025403784439,1.,0.866025403784439,
1.,0.866025403784439,1.,0.866025403784439,1.,0.866025403784439,1.,0.866025403784439,
1.,0.866025403784439,1.,0.866025403784439,1.,0.866025403784439,1.,0.866025403784439,
1.),(1.,0.866025403784439,1.,0.866025403784439,1.,0.866025403784439,1.,
0.866025403784439,1.,0.866025403784439,1.,0.866025403784439,1.,0.866025403784439,
1.,0.866025403784439,1.,0.866025403784439,1.,0.866025403784439,1.,0.866025403784439,
1.,0.866025403784439,1.,0.866025403784439,1.,0.866025403784439,1.,0.866025403784439,
1.,0.866025403784439,1.,0.866025403784439,1.,0.866025403784439,1.,0.866025403784439,
1.,0.866025403784439,1.,0.866025403784439,1.,0.866025403784439,1.,0.866025403784439,
1.,0.866025403784439,1.,0.866025403784439,1.,0.866025403784439,1.,0.866025403784439,
1.,0.866025403784439,1.,0.866025403784439,1.,0.866025403784439,1.,0.866025403784439,
1.,0.866025403784439,1.,0.866025403784439,1.,0.866025403784439,1.,0.866025403784439,
1.,0.866025403784439,1.,0.866025403784439,1.,0.866025403784439,1.,0.866025403784439,
1.,0.866025403784439,1.,0.866025403784439,1.,0.866025403784439,1.,0.866025403784439,
1.,0.866025403784439,1.,0.866025403784439,1.,0.866025403784439,1.,0.866025403784439,
1.,0.866025403784439,1.,0.866025403784439,1.,0.866025403784439,1.,0.866025403784439,
1.,0.866025403784439,1.,0.866025403784439,1.,0.866025403784439,1.,0.866025403784439,
1.,0.866025403784439,1.,0.866025403784439,1.,0.866025403784439,1.,0.866025403784439,
1.,0.866025403784439,1.,0.866025403784439,1.,0.866025403784439,1.,0.866025403784439,
1.,0.866025403784439,1.,0.866025403784439,1.,0.866025403784439,1.,0.866025403784439,
1.,0.866025403784439,1.,0.866025403784439,1.,0.866025403784439,1.,0.866025403784439,
1.,0.866025403784439,1.,0.866025403784439,1.,0.866025403784439,1.,0.866025403784439,
1.,0.866025403784439,1.,0.866025403784439,1.,0.866025403784439,1.,0.866025403784439,
1.,0.866025403784439,1.,0.866025403784439,1.,0.866025403784439,1.,0.866025403784439,
1.,0.866025403784439,1.,0.866025403784439,1.,0.866025403784439,1.,0.866025403784439,
1.,0.866025403784439,1.,0.866025403784439,1.,0.866025403784439,1.)))
REPRESENTATION_ITEM('')
SURFACE()
);
#20=(
BOUNDED_SURFACE()
B_SPLINE_SURFACE(1,2,((#3512,#3513,#3514,#3515,#3516,#3517,#3518,#3519,
#3520,#3521,#3522,#3523,#3524,#3525,#3526,#3527,#3528,#3529,#3530,#3531,
#3532,#3533,#3534,#3535,#3536,#3537,#3538,#3539,#3540,#3541,#3542,#3543,
#3544,#3545,#3546,#3547,#3548,#3549,#3550,#3551,#3552,#3553,#3554,#3555,
#3556,#3557,#3558,#3559,#3560,#3561,#3562,#3563,#3564,#3565,#3566,#3567,
#3568,#3569,#3570,#3571,#3572,#3573,#3574,#3575,#3576,#3577,#3578,#3579,
#3580,#3581,#3582,#3583,#3584,#3585,#3586,#3587,#3588,#3589,#3590,#3591,
#3592,#3593,#3594,#3595,#3596,#3597,#3598,#3599,#3600,#3601,#3602,#3603,
#3604,#3605,#3606,#3607,#3608,#3609,#3610,#3611,#3612,#3613,#3614,#3615,
#3616,#3617,#3618,#3619,#3620,#3621,#3622,#3623,#3624,#3625,#3626,#3627,
#3628,#3629,#3630,#3631,#3632,#3633,#3634,#3635,#3636,#3637,#3638,#3639,
#3640,#3641,#3642,#3643,#3644,#3645,#3646,#3647,#3648,#3649,#3650,#3651,
#3652,#3653,#3654,#3655,#3656,#3657,#3658,#3659,#3660,#3661,#3662,#3663,
#3664,#3665,#3666,#3667,#3668,#3669,#3670,#3671,#3672,#3673,#3674,#3675,
#3676,#3677,#3678,#3679,#3680,#3681,#3682,#3683,#3684,#3685,#3686,#3687,
#3688,#3689,#3690,#3691,#3692),(#3693,#3694,#3695,#3696,#3697,#3698,#3699,
#3700,#3701,#3702,#3703,#3704,#3705,#3706,#3707,#3708,#3709,#3710,#3711,
#3712,#3713,#3714,#3715,#3716,#3717,#3718,#3719,#3720,#3721,#3722,#3723,
#3724,#3725,#3726,#3727,#3728,#3729,#3730,#3731,#3732,#3733,#3734,#3735,
#3736,#3737,#3738,#3739,#3740,#3741,#3742,#3743,#3744,#3745,#3746,#3747,
#3748,#3749,#3750,#3751,#3752,#3753,#3754,#3755,#3756,#3757,#3758,#3759,
#3760,#3761,#3762,#3763,#3764,#3765,#3766,#3767,#3768,#3769,#3770,#3771,
#3772,#3773,#3774,#3775,#3776,#3777,#3778,#3779,#3780,#3781,#3782,#3783,
#3784,#3785,#3786,#3787,#3788,#3789,#3790,#3791,#3792,#3793,#3794,#3795,
#3796,#3797,#3798,#3799,#3800,#3801,#3802,#3803,#3804,#3805,#3806,#3807,
#3808,#3809,#3810,#3811,#3812,#3813,#3814,#3815,#3816,#3817,#3818,#3819,
#3820,#3821,#3822,#3823,#3824,#3825,#3826,#3827,#3828,#3829,#3830,#3831,
#3832,#3833,#3834,#3835,#3836,#3837,#3838,#3839,#3840,#3841,#3842,#3843,
#3844,#3845,#3846,#3847,#3848,#3849,#3850,#3851,#3852,#3853,#3854,#3855,
#3856,#3857,#3858,#3859,#3860,#3861,#3862,#3863,#3864,#3865,#3866,#3867,
#3868,#3869,#3870,#3871,#3872,#3873)),.UNSPECIFIED.,.F.,.F.,.F.)
B_SPLINE_SURFACE_WITH_KNOTS((2,2),(3,2,2,2,2,2,2,2,2,2,2,2,2,2,2,2,2,2,
2,2,2,2,2,2,2,2,2,2,2,2,2,2,2,2,2,2,2,2,2,2,2,2,2,2,2,2,2,2,2,2,2,2,2,2,
2,2,2,2,2,2,2,2,2,2,2,2,2,2,2,2,2,2,2,2,2,2,2,2,2,2,2,2,2,2,2,2,2,2,2,2,
3),(-4.8540065686177E-5,1.),(0.,0.0111111111111111,0.0222222222222222,0.0333333333333333,
0.0444444444444444,0.0555555555555556,0.0666666666666667,0.0777777777777778,
0.0888888888888889,0.1,0.111111111111111,0.122222222222222,0.133333333333333,
0.144444444444444,0.155555555555556,0.166666666666667,0.177777777777778,
0.188888888888889,0.2,0.211111111111111,0.222222222222222,0.233333333333333,
0.244444444444444,0.255555555555556,0.266666666666667,0.277777777777778,
0.288888888888889,0.3,0.311111111111111,0.322222222222222,0.333333333333333,
0.344444444444444,0.355555555555556,0.366666666666667,0.377777777777778,
0.388888888888889,0.4,0.411111111111111,0.422222222222222,0.433333333333333,
0.444444444444444,0.455555555555556,0.466666666666667,0.477777777777778,
0.488888888888889,0.5,0.511111111111111,0.522222222222222,0.533333333333333,
0.544444444444444,0.555555555555556,0.566666666666667,0.577777777777778,
0.588888888888889,0.6,0.611111111111111,0.622222222222222,0.633333333333333,
0.644444444444444,0.655555555555556,0.666666666666667,0.677777777777778,
0.688888888888889,0.7,0.711111111111111,0.722222222222222,0.733333333333333,
0.744444444444444,0.755555555555556,0.766666666666667,0.777777777777778,
0.788888888888889,0.8,0.811111111111111,0.822222222222222,0.833333333333333,
0.844444444444444,0.855555555555556,0.866666666666667,0.877777777777778,
0.888888888888889,0.9,0.911111111111111,0.922222222222222,0.933333333333333,
0.944444444444444,0.955555555555556,0.966666666666667,0.977777777777778,
0.988888888888889,1.),.UNSPECIFIED.)
GEOMETRIC_REPRESENTATION_ITEM()
RATIONAL_B_SPLINE_SURFACE(((1.,0.866025403784439,1.,0.866025403784439,1.,
0.866025403784439,1.,0.866025403784439,1.,0.866025403784439,1.,0.866025403784439,
1.,0.866025403784439,1.,0.866025403784439,1.,0.866025403784439,1.,0.866025403784439,
1.,0.866025403784439,1.,0.866025403784439,1.,0.866025403784439,1.,0.866025403784439,
1.,0.866025403784439,1.,0.866025403784439,1.,0.866025403784439,1.,0.866025403784439,
1.,0.866025403784439,1.,0.866025403784439,1.,0.866025403784439,1.,0.866025403784439,
1.,0.866025403784439,1.,0.866025403784439,1.,0.866025403784439,1.,0.866025403784439,
1.,0.866025403784439,1.,0.866025403784439,1.,0.866025403784439,1.,0.866025403784439,
1.,0.866025403784439,1.,0.866025403784439,1.,0.866025403784439,1.,0.866025403784439,
1.,0.866025403784439,1.,0.866025403784439,1.,0.866025403784439,1.,0.866025403784439,
1.,0.866025403784439,1.,0.866025403784439,1.,0.866025403784439,1.,0.866025403784439,
1.,0.866025403784439,1.,0.866025403784439,1.,0.866025403784439,1.,0.866025403784439,
1.,0.866025403784439,1.,0.866025403784439,1.,0.866025403784439,1.,0.866025403784439,
1.,0.866025403784439,1.,0.866025403784439,1.,0.866025403784439,1.,0.866025403784439,
1.,0.866025403784439,1.,0.866025403784439,1.,0.866025403784439,1.,0.866025403784439,
1.,0.866025403784439,1.,0.866025403784439,1.,0.866025403784439,1.,0.866025403784439,
1.,0.866025403784439,1.,0.866025403784439,1.,0.866025403784439,1.,0.866025403784439,
1.,0.866025403784439,1.,0.866025403784439,1.,0.866025403784439,1.,0.866025403784439,
1.,0.866025403784439,1.,0.866025403784439,1.,0.866025403784439,1.,0.866025403784439,
1.,0.866025403784439,1.,0.866025403784439,1.,0.866025403784439,1.,0.866025403784439,
1.,0.866025403784439,1.,0.866025403784439,1.,0.866025403784439,1.,0.866025403784439,
1.,0.866025403784439,1.,0.866025403784439,1.,0.866025403784439,1.,0.866025403784439,
1.,0.866025403784439,1.,0.866025403784439,1.,0.866025403784439,1.,0.866025403784439,
1.),(1.,0.866025403784439,1.,0.866025403784439,1.,0.866025403784439,1.,
0.866025403784439,1.,0.866025403784439,1.,0.866025403784439,1.,0.866025403784439,
1.,0.866025403784439,1.,0.866025403784439,1.,0.866025403784439,1.,0.866025403784439,
1.,0.866025403784439,1.,0.866025403784439,1.,0.866025403784439,1.,0.866025403784439,
1.,0.866025403784439,1.,0.866025403784439,1.,0.866025403784439,1.,0.866025403784439,
1.,0.866025403784439,1.,0.866025403784439,1.,0.866025403784439,1.,0.866025403784439,
1.,0.866025403784439,1.,0.866025403784439,1.,0.866025403784439,1.,0.866025403784439,
1.,0.866025403784439,1.,0.866025403784439,1.,0.866025403784439,1.,0.866025403784439,
1.,0.866025403784439,1.,0.866025403784439,1.,0.866025403784439,1.,0.866025403784439,
1.,0.866025403784439,1.,0.866025403784439,1.,0.866025403784439,1.,0.866025403784439,
1.,0.866025403784439,1.,0.866025403784439,1.,0.866025403784439,1.,0.866025403784439,
1.,0.866025403784439,1.,0.866025403784439,1.,0.866025403784439,1.,0.866025403784439,
1.,0.866025403784439,1.,0.866025403784439,1.,0.866025403784439,1.,0.866025403784439,
1.,0.866025403784439,1.,0.866025403784439,1.,0.866025403784439,1.,0.866025403784439,
1.,0.866025403784439,1.,0.866025403784439,1.,0.866025403784439,1.,0.866025403784439,
1.,0.866025403784439,1.,0.866025403784439,1.,0.866025403784439,1.,0.866025403784439,
1.,0.866025403784439,1.,0.866025403784439,1.,0.866025403784439,1.,0.866025403784439,
1.,0.866025403784439,1.,0.866025403784439,1.,0.866025403784439,1.,0.866025403784439,
1.,0.866025403784439,1.,0.866025403784439,1.,0.866025403784439,1.,0.866025403784439,
1.,0.866025403784439,1.,0.866025403784439,1.,0.866025403784439,1.,0.866025403784439,
1.,0.866025403784439,1.,0.866025403784439,1.,0.866025403784439,1.,0.866025403784439,
1.,0.866025403784439,1.,0.866025403784439,1.,0.866025403784439,1.,0.866025403784439,
1.,0.866025403784439,1.,0.866025403784439,1.,0.866025403784439,1.)))
REPRESENTATION_ITEM('')
SURFACE()
);
#21=FACE_BOUND('',#147,.T.);
#22=PLANE('',#1042);
#23=PLANE('',#1046);
#24=PLANE('',#1048);
#25=PLANE('',#1049);
#26=PLANE('',#1050);
#27=PLANE('',#1051);
#28=PLANE('',#1053);
#29=PLANE('',#1054);
#30=PLANE('',#1055);
#31=PLANE('',#1056);
#32=PLANE('',#1058);
#33=PLANE('',#1059);
#34=PLANE('',#1060);
#35=PLANE('',#1061);
#36=PLANE('',#1062);
#37=PLANE('',#1063);
#38=PLANE('',#1064);
#39=PLANE('',#1065);
#40=(
BOUNDED_CURVE()
B_SPLINE_CURVE(2,(#2873,#2874,#2875),.UNSPECIFIED.,.F.,.F.)
B_SPLINE_CURVE_WITH_KNOTS((3,3),(-0.0502307633060338,-0.0167180936561359),
 .UNSPECIFIED.)
CURVE()
GEOMETRIC_REPRESENTATION_ITEM()
RATIONAL_B_SPLINE_CURVE((2.16666900214285,1.79889986437871,1.40255352692601))
REPRESENTATION_ITEM('')
);
#41=(
BOUNDED_CURVE()
B_SPLINE_CURVE(2,(#2877,#2878,#2879),.UNSPECIFIED.,.F.,.F.)
B_SPLINE_CURVE_WITH_KNOTS((3,3),(-0.314713883632195,-0.142510550070693),
 .UNSPECIFIED.)
CURVE()
GEOMETRIC_REPRESENTATION_ITEM()
RATIONAL_B_SPLINE_CURVE((2.54190043462429,2.36011495061725,1.91562167133786))
REPRESENTATION_ITEM('')
);
#42=(
BOUNDED_CURVE()
B_SPLINE_CURVE(2,(#2881,#2882,#2883),.UNSPECIFIED.,.F.,.F.)
B_SPLINE_CURVE_WITH_KNOTS((3,3),(-0.725235736114304,-0.553032402552804),
 .UNSPECIFIED.)
CURVE()
GEOMETRIC_REPRESENTATION_ITEM()
RATIONAL_B_SPLINE_CURVE((1.91562167133786,2.36011495061725,2.54190043462429))
REPRESENTATION_ITEM('')
);
#43=(
BOUNDED_CURVE()
B_SPLINE_CURVE(2,(#2885,#2886,#2887),.UNSPECIFIED.,.F.,.F.)
B_SPLINE_CURVE_WITH_KNOTS((3,3),(-0.946313996596916,-0.912801326947204),
 .UNSPECIFIED.)
CURVE()
GEOMETRIC_REPRESENTATION_ITEM()
RATIONAL_B_SPLINE_CURVE((1.40255352692601,1.79889986437651,2.16666900213878))
REPRESENTATION_ITEM('')
);
#44=(
BOUNDED_CURVE()
B_SPLINE_CURVE(2,(#2891,#2892,#2893),.UNSPECIFIED.,.F.,.F.)
B_SPLINE_CURVE_WITH_KNOTS((3,3),(-0.0502307633060338,-0.0167180936561359),
 .UNSPECIFIED.)
CURVE()
GEOMETRIC_REPRESENTATION_ITEM()
RATIONAL_B_SPLINE_CURVE((2.16666900214285,1.79889986437871,1.40255352692601))
REPRESENTATION_ITEM('')
);
#45=(
BOUNDED_CURVE()
B_SPLINE_CURVE(2,(#2895,#2896,#2897),.UNSPECIFIED.,.F.,.F.)
B_SPLINE_CURVE_WITH_KNOTS((3,3),(-0.314713883632195,-0.142510550070693),
 .UNSPECIFIED.)
CURVE()
GEOMETRIC_REPRESENTATION_ITEM()
RATIONAL_B_SPLINE_CURVE((2.54190043462429,2.36011495061725,1.91562167133786))
REPRESENTATION_ITEM('')
);
#46=(
BOUNDED_CURVE()
B_SPLINE_CURVE(2,(#2899,#2900,#2901),.UNSPECIFIED.,.F.,.F.)
B_SPLINE_CURVE_WITH_KNOTS((3,3),(-0.725235736114305,-0.553032402552803),
 .UNSPECIFIED.)
CURVE()
GEOMETRIC_REPRESENTATION_ITEM()
RATIONAL_B_SPLINE_CURVE((1.91562167133786,2.36011495061725,2.54190043462429))
REPRESENTATION_ITEM('')
);
#47=(
BOUNDED_CURVE()
B_SPLINE_CURVE(2,(#2903,#2904,#2905),.UNSPECIFIED.,.F.,.F.)
B_SPLINE_CURVE_WITH_KNOTS((3,3),(-0.946313996596915,-0.912801326947203),
 .UNSPECIFIED.)
CURVE()
GEOMETRIC_REPRESENTATION_ITEM()
RATIONAL_B_SPLINE_CURVE((1.40255352692601,1.79889986437651,2.16666900213878))
REPRESENTATION_ITEM('')
);
#48=(
BOUNDED_CURVE()
B_SPLINE_CURVE(2,(#2909,#2910,#2911),.UNSPECIFIED.,.F.,.F.)
B_SPLINE_CURVE_WITH_KNOTS((3,3),(0.912801326947203,0.946313996596915),
 .UNSPECIFIED.)
CURVE()
GEOMETRIC_REPRESENTATION_ITEM()
RATIONAL_B_SPLINE_CURVE((2.16666900213878,1.79889986437651,1.40255352692601))
REPRESENTATION_ITEM('')
);
#49=(
BOUNDED_CURVE()
B_SPLINE_CURVE(2,(#2913,#2914,#2915),.UNSPECIFIED.,.F.,.F.)
B_SPLINE_CURVE_WITH_KNOTS((3,3),(0.553032402552804,0.725235736114305),
 .UNSPECIFIED.)
CURVE()
GEOMETRIC_REPRESENTATION_ITEM()
RATIONAL_B_SPLINE_CURVE((2.54190043462429,2.36011495061725,1.91562167133786))
REPRESENTATION_ITEM('')
);
#50=(
BOUNDED_CURVE()
B_SPLINE_CURVE(2,(#2917,#2918,#2919),.UNSPECIFIED.,.F.,.F.)
B_SPLINE_CURVE_WITH_KNOTS((3,3),(0.142510550070693,0.314713883632195),
 .UNSPECIFIED.)
CURVE()
GEOMETRIC_REPRESENTATION_ITEM()
RATIONAL_B_SPLINE_CURVE((1.91562167133786,2.36011495061725,2.54190043462429))
REPRESENTATION_ITEM('')
);
#51=(
BOUNDED_CURVE()
B_SPLINE_CURVE(2,(#2921,#2922,#2923),.UNSPECIFIED.,.F.,.F.)
B_SPLINE_CURVE_WITH_KNOTS((3,3),(0.0167180936561359,0.0502307633060338),
 .UNSPECIFIED.)
CURVE()
GEOMETRIC_REPRESENTATION_ITEM()
RATIONAL_B_SPLINE_CURVE((1.40255352692601,1.79889986437871,2.16666900214285))
REPRESENTATION_ITEM('')
);
#52=(
BOUNDED_CURVE()
B_SPLINE_CURVE(2,(#2927,#2928,#2929),.UNSPECIFIED.,.F.,.F.)
B_SPLINE_CURVE_WITH_KNOTS((3,3),(-0.0502307633060337,-0.0167180936561358),
 .UNSPECIFIED.)
CURVE()
GEOMETRIC_REPRESENTATION_ITEM()
RATIONAL_B_SPLINE_CURVE((2.16666900214285,1.79889986437871,1.40255352692601))
REPRESENTATION_ITEM('')
);
#53=(
BOUNDED_CURVE()
B_SPLINE_CURVE(2,(#2931,#2932,#2933),.UNSPECIFIED.,.F.,.F.)
B_SPLINE_CURVE_WITH_KNOTS((3,3),(-0.314713883632194,-0.142510550070693),
 .UNSPECIFIED.)
CURVE()
GEOMETRIC_REPRESENTATION_ITEM()
RATIONAL_B_SPLINE_CURVE((2.54190043462429,2.36011495061725,1.91562167133786))
REPRESENTATION_ITEM('')
);
#54=(
BOUNDED_CURVE()
B_SPLINE_CURVE(2,(#2935,#2936,#2937),.UNSPECIFIED.,.F.,.F.)
B_SPLINE_CURVE_WITH_KNOTS((3,3),(-0.725235736114304,-0.553032402552803),
 .UNSPECIFIED.)
CURVE()
GEOMETRIC_REPRESENTATION_ITEM()
RATIONAL_B_SPLINE_CURVE((1.91562167133786,2.36011495061725,2.54190043462429))
REPRESENTATION_ITEM('')
);
#55=(
BOUNDED_CURVE()
B_SPLINE_CURVE(2,(#2939,#2940,#2941),.UNSPECIFIED.,.F.,.F.)
B_SPLINE_CURVE_WITH_KNOTS((3,3),(-0.946313996596916,-0.912801326947203),
 .UNSPECIFIED.)
CURVE()
GEOMETRIC_REPRESENTATION_ITEM()
RATIONAL_B_SPLINE_CURVE((1.40255352692601,1.79889986437651,2.16666900213878))
REPRESENTATION_ITEM('')
);
#56=CONICAL_SURFACE('',#1013,2.,0.78539816339745);
#57=CONICAL_SURFACE('',#1026,3.16074434901121,0.78539816339745);
#58=CONICAL_SURFACE('',#1032,2.5,0.26179938779915);
#59=CONICAL_SURFACE('',#1035,2.,0.785398163397449);
#60=CONICAL_SURFACE('',#1038,2.,0.78539816339745);
#61=CONICAL_SURFACE('',#1040,3.75,0.78539816339745);
#62=CONICAL_SURFACE('',#1047,2.5,0.26179938779915);
#63=CONICAL_SURFACE('',#1052,2.5,0.26179938779915);
#64=CONICAL_SURFACE('',#1057,2.5,0.26179938779915);
#65=FACE_OUTER_BOUND('',#117,.T.);
#66=FACE_OUTER_BOUND('',#118,.T.);
#67=FACE_OUTER_BOUND('',#119,.T.);
#68=FACE_OUTER_BOUND('',#120,.T.);
#69=FACE_OUTER_BOUND('',#121,.T.);
#70=FACE_OUTER_BOUND('',#122,.T.);
#71=FACE_OUTER_BOUND('',#123,.T.);
#72=FACE_OUTER_BOUND('',#124,.T.);
#73=FACE_OUTER_BOUND('',#125,.T.);
#74=FACE_OUTER_BOUND('',#126,.T.);
#75=FACE_OUTER_BOUND('',#127,.T.);
#76=FACE_OUTER_BOUND('',#128,.T.);
#77=FACE_OUTER_BOUND('',#129,.T.);
#78=FACE_OUTER_BOUND('',#130,.T.);
#79=FACE_OUTER_BOUND('',#131,.T.);
#80=FACE_OUTER_BOUND('',#132,.T.);
#81=FACE_OUTER_BOUND('',#133,.T.);
#82=FACE_OUTER_BOUND('',#134,.T.);
#83=FACE_OUTER_BOUND('',#135,.T.);
#84=FACE_OUTER_BOUND('',#136,.T.);
#85=FACE_OUTER_BOUND('',#137,.T.);
#86=FACE_OUTER_BOUND('',#138,.T.);
#87=FACE_OUTER_BOUND('',#139,.T.);
#88=FACE_OUTER_BOUND('',#140,.T.);
#89=FACE_OUTER_BOUND('',#141,.T.);
#90=FACE_OUTER_BOUND('',#142,.T.);
#91=FACE_OUTER_BOUND('',#143,.T.);
#92=FACE_OUTER_BOUND('',#144,.T.);
#93=FACE_OUTER_BOUND('',#145,.T.);
#94=FACE_OUTER_BOUND('',#146,.T.);
#95=FACE_OUTER_BOUND('',#148,.T.);
#96=FACE_OUTER_BOUND('',#149,.T.);
#97=FACE_OUTER_BOUND('',#150,.T.);
#98=FACE_OUTER_BOUND('',#151,.T.);
#99=FACE_OUTER_BOUND('',#152,.T.);
#100=FACE_OUTER_BOUND('',#153,.T.);
#101=FACE_OUTER_BOUND('',#154,.T.);
#102=FACE_OUTER_BOUND('',#155,.T.);
#103=FACE_OUTER_BOUND('',#156,.T.);
#104=FACE_OUTER_BOUND('',#157,.T.);
#105=FACE_OUTER_BOUND('',#158,.T.);
#106=FACE_OUTER_BOUND('',#159,.T.);
#107=FACE_OUTER_BOUND('',#160,.T.);
#108=FACE_OUTER_BOUND('',#161,.T.);
#109=FACE_OUTER_BOUND('',#162,.T.);
#110=FACE_OUTER_BOUND('',#163,.T.);
#111=FACE_OUTER_BOUND('',#164,.T.);
#112=FACE_OUTER_BOUND('',#165,.T.);
#113=FACE_OUTER_BOUND('',#166,.T.);
#114=FACE_OUTER_BOUND('',#167,.T.);
#115=FACE_OUTER_BOUND('',#168,.T.);
#116=FACE_OUTER_BOUND('',#169,.T.);
#117=EDGE_LOOP('',(#611,#612,#613,#614,#615,#616,#617,#618,#619,#620));
#118=EDGE_LOOP('',(#621,#622,#623,#624));
#119=EDGE_LOOP('',(#625,#626,#627,#628));
#120=EDGE_LOOP('',(#629,#630,#631,#632));
#121=EDGE_LOOP('',(#633,#634,#635,#636));
#122=EDGE_LOOP('',(#637,#638,#639,#640));
#123=EDGE_LOOP('',(#641,#642,#643,#644));
#124=EDGE_LOOP('',(#645,#646,#647,#648));
#125=EDGE_LOOP('',(#649,#650,#651,#652));
#126=EDGE_LOOP('',(#653,#654,#655,#656));
#127=EDGE_LOOP('',(#657,#658,#659,#660));
#128=EDGE_LOOP('',(#661,#662,#663,#664,#665));
#129=EDGE_LOOP('',(#666,#667,#668,#669));
#130=EDGE_LOOP('',(#670,#671,#672,#673));
#131=EDGE_LOOP('',(#674,#675,#676,#677));
#132=EDGE_LOOP('',(#678,#679,#680,#681));
#133=EDGE_LOOP('',(#682,#683,#684,#685));
#134=EDGE_LOOP('',(#686,#687,#688,#689));
#135=EDGE_LOOP('',(#690,#691,#692,#693));
#136=EDGE_LOOP('',(#694,#695,#696,#697));
#137=EDGE_LOOP('',(#698,#699,#700,#701));
#138=EDGE_LOOP('',(#702,#703,#704,#705));
#139=EDGE_LOOP('',(#706,#707,#708,#709,#710,#711,#712,#713,#714,#715,#716,
#717,#718,#719,#720,#721,#722,#723,#724,#725,#726,#727,#728));
#140=EDGE_LOOP('',(#729,#730,#731,#732));
#141=EDGE_LOOP('',(#733,#734,#735,#736));
#142=EDGE_LOOP('',(#737,#738,#739,#740,#741,#742,#743,#744));
#143=EDGE_LOOP('',(#745,#746,#747,#748));
#144=EDGE_LOOP('',(#749,#750,#751));
#145=EDGE_LOOP('',(#752,#753,#754,#755,#756));
#146=EDGE_LOOP('',(#757));
#147=EDGE_LOOP('',(#758,#759,#760,#761,#762,#763,#764,#765,#766,#767,#768,
#769,#770,#771,#772,#773,#774,#775,#776,#777));
#148=EDGE_LOOP('',(#778));
#149=EDGE_LOOP('',(#779,#780,#781,#782,#783,#784,#785,#786,#787,#788,#789,
#790,#791,#792,#793,#794,#795,#796,#797,#798,#799,#800,#801,#802));
#150=EDGE_LOOP('',(#803,#804,#805,#806,#807,#808,#809,#810,#811,#812,#813,
#814,#815,#816,#817,#818,#819,#820,#821,#822,#823,#824,#825,#826,#827,#828,
#829));
#151=EDGE_LOOP('',(#830,#831,#832,#833));
#152=EDGE_LOOP('',(#834,#835,#836,#837));
#153=EDGE_LOOP('',(#838,#839,#840,#841));
#154=EDGE_LOOP('',(#842,#843,#844,#845));
#155=EDGE_LOOP('',(#846,#847,#848,#849));
#156=EDGE_LOOP('',(#850,#851,#852,#853,#854));
#157=EDGE_LOOP('',(#855,#856,#857,#858));
#158=EDGE_LOOP('',(#859,#860,#861,#862));
#159=EDGE_LOOP('',(#863,#864,#865,#866));
#160=EDGE_LOOP('',(#867,#868,#869,#870));
#161=EDGE_LOOP('',(#871,#872,#873,#874));
#162=EDGE_LOOP('',(#875,#876,#877,#878));
#163=EDGE_LOOP('',(#879,#880,#881,#882));
#164=EDGE_LOOP('',(#883,#884,#885,#886));
#165=EDGE_LOOP('',(#887,#888,#889,#890));
#166=EDGE_LOOP('',(#891,#892,#893,#894));
#167=EDGE_LOOP('',(#895,#896,#897,#898));
#168=EDGE_LOOP('',(#899,#900,#901,#902));
#169=EDGE_LOOP('',(#903,#904,#905,#906));
#170=CIRCLE('',#998,2.);
#171=CIRCLE('',#999,2.);
#172=CIRCLE('',#1000,2.);
#173=CIRCLE('',#1001,2.);
#174=CIRCLE('',#1002,2.);
#175=CIRCLE('',#1014,1.54533666301317);
#176=CIRCLE('',#1016,1.54533666301317);
#177=CIRCLE('',#1027,2.47383332044032);
#178=CIRCLE('',#1028,2.47383332044032);
#179=CIRCLE('',#1029,2.47383332044032);
#180=CIRCLE('',#1030,2.47383332044032);
#181=CIRCLE('',#1031,2.47383332044032);
#182=CIRCLE('',#1033,2.5);
#183=CIRCLE('',#1036,2.);
#184=CIRCLE('',#1037,1.475);
#185=CIRCLE('',#1041,3.75);
#186=CIRCLE('',#1043,2.5);
#187=CIRCLE('',#1044,2.5);
#188=CIRCLE('',#1045,2.5);
#189=B_SPLINE_CURVE_WITH_KNOTS('',3,(#1280,#1281,#1282,#1283,#1284,#1285,
#1286,#1287,#1288,#1289,#1290,#1291,#1292,#1293,#1294,#1295,#1296,#1297),
 .UNSPECIFIED.,.F.,.F.,(4,2,2,2,2,2,2,2,4),(-0.494507161979937,-0.490671134756358,
-0.413290738353202,-0.335105819285376,-0.255667954754893,-0.179203266385974,
-0.09951823998722,-0.049390762868436,-1.00000007902112E-6),
 .UNSPECIFIED.);
#190=B_SPLINE_CURVE_WITH_KNOTS('',3,(#1309,#1310,#1311,#1312,#1313,#1314,
#1315,#1316,#1317,#1318,#1319,#1320),.UNSPECIFIED.,.F.,.F.,(4,2,2,2,2,4),
(-13.1238659427434,-13.0467244445926,-12.9684730295381,-12.8889319074165,
-12.8126036880131,-12.7845942605973),.UNSPECIFIED.);
#191=B_SPLINE_CURVE_WITH_KNOTS('',3,(#1325,#1326,#1327,#1328,#1329,#1330,
#1331,#1332,#1333,#1334,#1335,#1336,#1337,#1338,#1339,#1340,#1341,#1342,
#1343,#1344,#1345,#1346,#1347,#1348,#1349,#1350,#1351,#1352,#1353,#1354,
#1355,#1356,#1357,#1358,#1359,#1360),.UNSPECIFIED.,.F.,.F.,(4,2,2,2,2,2,
2,2,2,2,2,2,2,2,2,2,2,4),(-1.75804054770435,-1.74283219193253,-1.66593784025756,
-1.58648838974287,-1.50761582880053,-1.43148683195267,-1.35176518829571,
-1.27375312138653,-1.19705519376165,-1.11689668715368,-1.03978158109828,
-0.961030319462923,-0.881895227717429,-0.805638737049178,-0.725884542463532,
-0.64760455341578,-0.571122771055698,-0.494507161979937),.UNSPECIFIED.);
#192=B_SPLINE_CURVE_WITH_KNOTS('',3,(#1361,#1362,#1363,#1364,#1365,#1366,
#1367,#1368,#1369,#1370,#1371,#1372,#1373,#1374,#1375,#1376,#1377,#1378,
#1379,#1380,#1381,#1382,#1383,#1384,#1385,#1386,#1387,#1388,#1389,#1390,
#1391,#1392,#1393,#1394,#1395,#1396),.UNSPECIFIED.,.F.,.F.,(4,2,2,2,2,2,
2,2,2,2,2,2,2,2,2,2,2,4),(-12.7845942605973,-12.7333073399751,-12.6552692725155,
-12.5780269014644,-12.4977187545688,-12.4213776285909,-12.3432374225191,
-12.2636279229737,-12.1875084347998,-12.1085147396583,-12.0299129115503,
-11.9529359010535,-11.8729207839865,-11.7963651823571,-11.7184928353063,
-11.6389162456826,-11.5629252826321,-11.5231206743051),.UNSPECIFIED.);
#193=B_SPLINE_CURVE_WITH_KNOTS('',3,(#1401,#1402,#1403,#1404,#1405,#1406,
#1407,#1408,#1409,#1410,#1411,#1412,#1413,#1414,#1415,#1416,#1417,#1418,
#1419,#1420,#1421,#1422,#1423,#1424,#1425,#1426,#1427,#1428,#1429,#1430,
#1431,#1432,#1433,#1434,#1435,#1436),.UNSPECIFIED.,.F.,.F.,(4,2,2,2,2,2,
2,2,2,2,2,2,2,2,2,2,2,4),(-3.0217947936357,-2.99474987713446,-2.91818582636985,
-2.83843098840973,-2.75993453497688,-2.68368185203014,-2.60390121825347,
-2.52627458109894,-2.44878859297721,-2.36906541241947,-2.29234147592833,
-2.21210008313753,-2.13344267390477,-2.05731033179707,-1.97757892157495,
-1.89978669090781,-1.82274576873722,-1.75804054770435),.UNSPECIFIED.);
#194=B_SPLINE_CURVE_WITH_KNOTS('',3,(#1437,#1438,#1439,#1440,#1441,#1442,
#1443,#1444,#1445,#1446,#1447,#1448,#1449,#1450,#1451,#1452,#1453,#1454,
#1455,#1456,#1457,#1458,#1459,#1460,#1461,#1462,#1463,#1464,#1465,#1466,
#1467,#1468,#1469,#1470,#1471,#1472),.UNSPECIFIED.,.F.,.F.,(4,2,2,2,2,2,
2,2,2,2,2,2,2,2,2,2,2,4),(-11.5231206743051,-11.4841940552872,-11.4048964001891,
-11.3281401930048,-11.2483700477324,-11.1714731917901,-11.0938207673223,
-11.0142348153474,-10.9382417093417,-10.8597257247869,-10.7796382499826,
-10.70305264987,-10.6234730982126,-10.5461327921231,-10.4686461988628,-10.389011476646,
-10.3128992582941,-10.2619076437065),.UNSPECIFIED.);
#195=B_SPLINE_CURVE_WITH_KNOTS('',3,(#1477,#1478,#1479,#1480,#1481,#1482,
#1483,#1484,#1485,#1486,#1487,#1488,#1489,#1490,#1491,#1492,#1493,#1494,
#1495,#1496,#1497,#1498,#1499,#1500,#1501,#1502,#1503,#1504,#1505,#1506,
#1507,#1508,#1509,#1510,#1511,#1512),.UNSPECIFIED.,.F.,.F.,(4,2,2,2,2,2,
2,2,2,2,2,2,2,2,2,2,2,4),(-4.28642197143185,-4.24759847816915,-4.17141389523408,
-4.09164588528335,-4.01354362777789,-3.93685535260513,-3.85660068389409,
-3.77939611444068,-3.70072100560425,-3.6214878435257,-3.54515031558565,
-3.46534125969639,-3.38696250546108,-3.31046464643483,-3.22990822133244,
-3.15243016870721,-3.07429315005376,-3.0217947936357),.UNSPECIFIED.);
#196=B_SPLINE_CURVE_WITH_KNOTS('',3,(#1513,#1514,#1515,#1516,#1517,#1518,
#1519,#1520,#1521,#1522,#1523,#1524,#1525,#1526,#1527,#1528,#1529,#1530,
#1531,#1532,#1533,#1534,#1535,#1536,#1537,#1538,#1539,#1540,#1541,#1542,
#1543,#1544,#1545,#1546,#1547,#1548),.UNSPECIFIED.,.F.,.F.,(4,2,2,2,2,2,
2,2,2,2,2,2,2,2,2,2,2,4),(-10.2619076437065,-10.2345444782287,-10.1549353701759,
-10.0785096620221,-9.99911000849682,-9.92112129474288,-9.84378337068423,
-9.76337247578392,-9.68701676573436,-9.60877976109713,-9.52911725226345,
-9.45291843308486,-9.37382865332726,-9.29530423745546,-9.21823966974566,
-9.13813037885109,-9.06158586495268,-8.99949811354938),.UNSPECIFIED.);
#197=B_SPLINE_CURVE_WITH_KNOTS('',3,(#1553,#1554,#1555,#1556,#1557,#1558,
#1559,#1560,#1561,#1562,#1563,#1564,#1565,#1566,#1567,#1568,#1569,#1570,
#1571,#1572,#1573,#1574,#1575,#1576,#1577,#1578,#1579,#1580,#1581,#1582,
#1583,#1584,#1585,#1586,#1587,#1588),.UNSPECIFIED.,.F.,.F.,(4,2,2,2,2,2,
2,2,2,2,2,2,2,2,2,2,2,4),(-5.55053832815663,-5.50036895367127,-5.42410560911607,
-5.34429374655581,-5.26659756644303,-5.1891604431186,-5.10936188761097,
-5.03256768150512,-4.95243869483418,-4.87370128718714,-4.79753764220779,
-4.71776768128934,-4.63989505567486,-4.56288646862476,-4.48288656379457,
-4.40591183625868,-4.32656074640942,-4.28642197143185),.UNSPECIFIED.);
#198=B_SPLINE_CURVE_WITH_KNOTS('',3,(#1589,#1590,#1591,#1592,#1593,#1594,
#1595,#1596,#1597,#1598,#1599,#1600,#1601,#1602,#1603,#1604,#1605,#1606,
#1607,#1608,#1609,#1610,#1611,#1612,#1613,#1614,#1615,#1616,#1617,#1618,
#1619,#1620,#1621,#1622,#1623,#1624),.UNSPECIFIED.,.F.,.F.,(4,2,2,2,2,2,
2,2,2,2,2,2,2,2,2,2,2,4),(-8.99949811354938,-8.98362524962286,-8.90400412532484,
-8.82795919654428,-8.74914020280878,-8.66994218096051,-8.5931074604894,
-8.51325292770138,-8.43638982291988,-8.35865887894028,-8.27903618890231,
-8.20301334750408,-8.12441925803605,-8.04444551704273,-7.96779146563541,
-7.8881384315642,-7.8108484236554,-7.73782254632247),.UNSPECIFIED.);
#199=B_SPLINE_CURVE_WITH_KNOTS('',3,(#1629,#1630,#1631,#1632,#1633,#1634,
#1635,#1636,#1637,#1638,#1639,#1640,#1641,#1642,#1643,#1644,#1645,#1646,
#1647,#1648,#1649,#1650,#1651,#1652,#1653,#1654,#1655,#1656,#1657,#1658,
#1659,#1660,#1661,#1662,#1663,#1664),.UNSPECIFIED.,.F.,.F.,(4,2,2,2,2,2,
2,2,2,2,2,2,2,2,2,2,2,4),(-6.8156096046304,-6.75441649497174,-6.67776828025947,
-6.59745347909296,-6.52019413501136,-6.44162557308225,-6.36233020180041,
-6.28594275854653,-6.20611428512124,-6.12767219313066,-6.05118849936048,
-5.97056376686708,-5.89302329245427,-5.81496400234108,-5.73535174351145,
-5.65872339335297,-5.57893451464709,-5.55053832815663),.UNSPECIFIED.);
#200=B_SPLINE_CURVE_WITH_KNOTS('',3,(#1665,#1666,#1667,#1668,#1669,#1670,
#1671,#1672,#1673,#1674,#1675,#1676,#1677,#1678,#1679,#1680,#1681,#1682,
#1683,#1684,#1685,#1686,#1687,#1688,#1689,#1690,#1691,#1692,#1693,#1694,
#1695,#1696,#1697,#1698,#1699,#1700,#1701,#1702),.UNSPECIFIED.,.F.,.F.,
(4,2,2,2,2,2,2,2,2,2,2,2,2,2,2,2,2,2,4),(-7.73782254632247,-7.73329411673605,
-7.65362996025116,-7.57750862769841,-7.49908658640012,-7.41944522839937,
-7.34295700691573,-7.26349022508883,-7.18558062926531,-7.108182076401,-7.02770474196485,
-6.95136467855136,-6.87306614755495,-6.79338598858208,-6.71713884370635,
-6.63798868608549,-6.561902830305,-6.48223717001412,-6.47515950403651),
 .UNSPECIFIED.);
#201=B_SPLINE_CURVE_WITH_KNOTS('',3,(#1707,#1708,#1709,#1710,#1711,#1712,
#1713,#1714,#1715,#1716,#1717,#1718,#1719,#1720,#1721,#1722,#1723,#1724,
#1725,#1726,#1727,#1728,#1729,#1730,#1731,#1732,#1733,#1734,#1735,#1736,
#1737,#1738,#1739,#1740,#1741,#1742),.UNSPECIFIED.,.F.,.F.,(4,2,2,2,2,2,
2,2,2,2,2,2,2,2,2,2,2,4),(-8.07969556373611,-8.00746236782225,-7.93010651532637,
-7.85026778094923,-7.7734372370183,-7.69345431433824,-7.61467187011287,
-7.53850779989515,-7.4587348117099,-7.38081635404983,-7.30387126384853,
-7.22382061819687,-7.1467998064062,-7.0675788831705,-6.98856231647536,-6.91235284238969,
-6.83257395261981,-6.8156096046304),.UNSPECIFIED.);
#202=B_SPLINE_CURVE_WITH_KNOTS('',3,(#1743,#1744,#1745,#1746,#1747,#1748,
#1749,#1750,#1751,#1752,#1753,#1754,#1755,#1756,#1757,#1758,#1759,#1760,
#1761,#1762,#1763,#1764,#1765,#1766,#1767,#1768,#1769,#1770,#1771,#1772,
#1773,#1774,#1775,#1776,#1777,#1778),.UNSPECIFIED.,.F.,.F.,(4,2,2,2,2,2,
2,2,2,2,2,2,2,2,2,2,2,4),(-6.47515950403651,-6.40458152420448,-6.3274787562208,
-6.24771204857585,-6.17095455983793,-6.09133003975598,-6.01261075718787,
-5.9365688857226,-5.85692623955737,-5.77906820275157,-5.70234530032087,
-5.62235119023924,-5.54538912807296,-5.46649772651699,-5.38753096908638,
-5.31140550115086,-5.2317446426517,-5.21308952700322),.UNSPECIFIED.);
#203=B_SPLINE_CURVE_WITH_KNOTS('',3,(#1783,#1784,#1785,#1786,#1787,#1788,
#1789,#1790,#1791,#1792,#1793,#1794,#1795,#1796,#1797,#1798,#1799,#1800,
#1801,#1802,#1803,#1804,#1805,#1806,#1807,#1808,#1809,#1810,#1811,#1812,
#1813,#1814,#1815,#1816,#1817,#1818,#1819,#1820),.UNSPECIFIED.,.F.,.F.,
(4,2,2,2,2,2,2,2,2,2,2,2,2,2,2,2,2,2,4),(-9.34451987654472,-9.33827187683664,
-9.26099147141912,-9.18256410286791,-9.10324118397607,-9.02683410256047,
-8.94702185009437,-8.86855059742546,-8.7921125723739,-8.71145460970176,
-8.63388555505873,-8.55593703136632,-8.47629061217513,-8.3996315566379,
-8.31984397564633,-8.24124388837216,-8.16500142903168,-8.08519388859973,
-8.07969556373611),.UNSPECIFIED.);
#204=B_SPLINE_CURVE_WITH_KNOTS('',3,(#1821,#1822,#1823,#1824,#1825,#1826,
#1827,#1828,#1829,#1830,#1831,#1832,#1833,#1834,#1835,#1836,#1837,#1838,
#1839,#1840,#1841,#1842,#1843,#1844,#1845,#1846,#1847,#1848,#1849,#1850,
#1851,#1852,#1853,#1854,#1855,#1856),.UNSPECIFIED.,.F.,.F.,(4,2,2,2,2,2,
2,2,2,2,2,2,2,2,2,2,2,4),(-5.21308952700322,-5.15363404964359,-5.07717060646659,
-4.99689879252066,-4.91968562805005,-4.84140675482182,-4.76214995319873,
-4.68580875817026,-4.60608497239943,-4.52767814184137,-4.45133868475124,
-4.37074531241989,-4.29324008003759,-4.21542405967269,-4.13584082707678,
-4.05924368778062,-3.97953708742556,-3.94962571912357),.UNSPECIFIED.);
#205=B_SPLINE_CURVE_WITH_KNOTS('',3,(#1861,#1862,#1863,#1864,#1865,#1866,
#1867,#1868,#1869,#1870,#1871,#1872,#1873,#1874,#1875,#1876,#1877,#1878,
#1879,#1880,#1881,#1882,#1883,#1884,#1885,#1886,#1887,#1888,#1889,#1890,
#1891,#1892,#1893,#1894,#1895,#1896),.UNSPECIFIED.,.F.,.F.,(4,2,2,2,2,2,
2,2,2,2,2,2,2,2,2,2,2,4),(-10.6082516808098,-10.5924509644328,-10.5127016020688,
-10.4365353241493,-10.3575931979574,-10.2782551563701,-10.2012997955191,
-10.1213201270904,-10.0443266290182,-9.96647356303546,-9.88672194843089,
-9.81057566446173,-9.73185798373934,-9.65174164038596,-9.57496637868132,
-9.49518760066285,-9.41861190065054,-9.34451987654472),.UNSPECIFIED.);
#206=B_SPLINE_CURVE_WITH_KNOTS('',3,(#1897,#1898,#1899,#1900,#1901,#1902,
#1903,#1904,#1905,#1906,#1907,#1908,#1909,#1910,#1911,#1912,#1913,#1914,
#1915,#1916,#1917,#1918,#1919,#1920,#1921,#1922,#1923,#1924,#1925,#1926,
#1927,#1928,#1929,#1930,#1931,#1932),.UNSPECIFIED.,.F.,.F.,(4,2,2,2,2,2,
2,2,2,2,2,2,2,2,2,2,2,4),(-3.94962571912357,-3.90099903412083,-3.82484279167869,
-3.74511780905345,-3.66744704706644,-3.59020843512711,-3.51043021767648,
-3.43365908068503,-3.35382801440045,-3.27510271567582,-3.19901405960909,
-3.11931996304984,-3.04145738119003,-2.96461978993354,-2.88462477465519,
-2.80765885516986,-2.72858064356016,-2.68673002228947),.UNSPECIFIED.);
#207=B_SPLINE_CURVE_WITH_KNOTS('',3,(#1937,#1938,#1939,#1940,#1941,#1942,
#1943,#1944,#1945,#1946,#1947,#1948,#1949,#1950,#1951,#1952,#1953,#1954,
#1955,#1956,#1957,#1958,#1959,#1960,#1961,#1962,#1963,#1964,#1965,#1966,
#1967,#1968,#1969,#1970,#1971,#1972),.UNSPECIFIED.,.F.,.F.,(4,2,2,2,2,2,
2,2,2,2,2,2,2,2,2,2,2,4),(-11.8726797720851,-11.845363417806,-11.7656281193313,
-11.689084058801,-11.6095616380459,-11.5314393798519,-11.4539814493573,
-11.3734460771381,-11.2969650786881,-11.2186066867349,-11.1388166154501,
-11.0624983991945,-10.9832857522475,-10.9046244255805,-10.8274396159313,
-10.7472056101408,-10.6705332424951,-10.6082516808098),.UNSPECIFIED.);
#208=B_SPLINE_CURVE_WITH_KNOTS('',3,(#1973,#1974,#1975,#1976,#1977,#1978,
#1979,#1980,#1981,#1982,#1983,#1984,#1985,#1986,#1987,#1988,#1989,#1990,
#1991,#1992,#1993,#1994,#1995,#1996,#1997,#1998,#1999,#2000,#2001,#2002,
#2003,#2004,#2005,#2006,#2007,#2008),.UNSPECIFIED.,.F.,.F.,(4,2,2,2,2,2,
2,2,2,2,2,2,2,2,2,2,2,4),(-2.68673002228947,-2.64961701492638,-2.57347088704313,
-2.49376700470197,-2.41566115907864,-2.3391085753435,-2.25884515513354,
-2.18163676120525,-2.10319822570212,-2.02395228542459,-1.94761617963241,
-1.86785852744336,-1.78946443016729,-1.71306342628959,-1.63248646291346,
-1.55499354267182,-1.47704940694217,-1.42293062481934),.UNSPECIFIED.);
#209=B_SPLINE_CURVE_WITH_KNOTS('',3,(#2013,#2014,#2015,#2016,#2017,#2018,
#2019,#2020,#2021,#2022,#2023,#2024,#2025,#2026,#2027,#2028,#2029,#2030,
#2031,#2032,#2033,#2034,#2035,#2036,#2037,#2038,#2039,#2040,#2041,#2042,
#2043,#2044,#2045,#2046,#2047,#2048),.UNSPECIFIED.,.F.,.F.,(4,2,2,2,2,2,
2,2,2,2,2,2,2,2,2,2,2,4),(-13.1357226598534,-13.0754572516767,-13.017567489083,
-12.9406939052447,-12.8608020202343,-12.7837774190538,-12.7060061599828,
-12.6262945282501,-12.5501807942857,-12.4715445395367,-12.3913170856522,
-12.3146134760518,-12.2349115081417,-12.1574413166933,-12.0798351820791,
-12.0000740511218,-11.9238392083278,-11.8726797720851),.UNSPECIFIED.);
#210=B_SPLINE_CURVE_WITH_KNOTS('',3,(#2049,#2050,#2051,#2052,#2053,#2054,
#2055,#2056,#2057,#2058,#2059,#2060,#2061,#2062,#2063,#2064,#2065,#2066,
#2067,#2068,#2069,#2070,#2071,#2072,#2073,#2074,#2075,#2076,#2077,#2078,
#2079,#2080,#2081,#2082,#2083,#2084),.UNSPECIFIED.,.F.,.F.,(4,2,2,2,2,2,
2,2,2,2,2,2,2,2,2,2,2,4),(-1.42293062481934,-1.39748364518781,-1.32090108650296,
-1.24117585146947,-1.16265575728351,-1.08646298200212,-1.00671621315824,
-0.929064420787571,-0.851727809407932,-0.77197296634463,-0.695221939730244,
-0.615226763011594,-0.53652986255747,-0.460426528354394,-0.380718093384725,
-0.302884911462086,-0.225968083901728,-0.159623874894551),.UNSPECIFIED.);
#211=B_SPLINE_CURVE_WITH_KNOTS('',3,(#2089,#2090,#2091,#2092,#2093,#2094,
#2095,#2096,#2097,#2098,#2099,#2100,#2101,#2102),.UNSPECIFIED.,.F.,.F.,
(4,2,2,2,2,2,4),(-0.272120981357696,-0.242146870829409,-0.211137762895439,
-0.154991406156808,-0.0823928940068729,-0.0424254975126958,0.),
 .UNSPECIFIED.);
#212=B_SPLINE_CURVE_WITH_KNOTS('',3,(#2105,#2106,#2107,#2108,#2109,#2110,
#2111,#2112,#2113,#2114,#2115,#2116,#2117,#2118),.UNSPECIFIED.,.F.,.F.,
(4,2,2,2,2,2,4),(9.99999999626934E-7,0.0260347948117788,0.050843761171579,
0.098823496506186,0.157350131396967,0.22279593132553,0.261577554024724),
 .UNSPECIFIED.);
#213=B_SPLINE_CURVE_WITH_KNOTS('',3,(#2124,#2125,#2126,#2127,#2128,#2129,
#2130,#2131,#2132,#2133,#2134,#2135,#2136,#2137,#2138,#2139,#2140,#2141,
#2142,#2143,#2144,#2145,#2146,#2147,#2148,#2149,#2150,#2151),
 .UNSPECIFIED.,.F.,.F.,(4,2,2,2,2,2,2,2,2,2,2,2,2,4),(9.39389985400598,
9.43091258584236,9.48972959961944,9.55131678629004,9.61134102036219,9.67097768403321,
9.73261364786023,9.79192891343458,9.85354119467037,9.91433756613529,9.97309898472806,
10.0346527516322,10.0935083609474,10.1500262481106),.UNSPECIFIED.);
#214=B_SPLINE_CURVE_WITH_KNOTS('',3,(#2154,#2155,#2156,#2157,#2158,#2159,
#2160,#2161,#2162,#2163,#2164,#2165,#2166,#2167,#2168,#2169,#2170,#2171,
#2172,#2173,#2174,#2175,#2176,#2177),.UNSPECIFIED.,.F.,.F.,(4,2,2,2,2,2,
2,2,2,2,2,4),(9.99999996413504E-7,0.0595775146250103,0.118404042417926,
0.17949655067773,0.2405808908506,0.300148309754003,0.362053697739702,0.421448543598381,
0.481718618579927,0.543362881798717,0.602212138074222,0.63454115916069),
 .UNSPECIFIED.);
#215=B_SPLINE_CURVE_WITH_KNOTS('',3,(#2182,#2183,#2184,#2185,#2186,#2187,
#2188,#2189,#2190,#2191,#2192,#2193,#2194,#2195,#2196,#2197,#2198,#2199,
#2200,#2201,#2202,#2203,#2204,#2205,#2206,#2207,#2208,#2209,#2210,#2211,
#2212,#2213,#2214,#2215,#2216,#2217),.UNSPECIFIED.,.F.,.F.,(4,2,2,2,2,2,
2,2,2,2,2,2,2,2,2,2,2,4),(8.41731249106797,8.46179617566533,8.5210020092409,
8.58328275193971,8.64319988527652,8.70372309570477,8.7652128721418,8.82439675256217,
8.88604274188265,8.94667028139873,9.00562788808748,9.0672934251354,9.12725113537688,
9.18724140041464,9.24879427352027,9.30803417381889,9.37022814601319,9.39389985400598),
 .UNSPECIFIED.);
#216=B_SPLINE_CURVE_WITH_KNOTS('',3,(#2218,#2219,#2220,#2221,#2222,#2223,
#2224,#2225,#2226,#2227,#2228,#2229,#2230,#2231,#2232,#2233,#2234,#2235,
#2236,#2237,#2238,#2239,#2240,#2241,#2242,#2243,#2244,#2245,#2246,#2247,
#2248,#2249,#2250,#2251,#2252,#2253),.UNSPECIFIED.,.F.,.F.,(4,2,2,2,2,2,
2,2,2,2,2,2,2,2,2,2,2,4),(0.63454115916069,0.663129577424402,0.724717224170945,
0.784143829458355,0.845896655715862,0.905555573001548,0.965690647882426,
1.02735861348614,1.08624380840779,1.14703785217022,1.20919715772811,1.26853667704453,
1.33019397684118,1.39019359449669,1.45024991442574,1.51198701270289,1.570996240091,
1.61091866973105),.UNSPECIFIED.);
#217=B_SPLINE_CURVE_WITH_KNOTS('',3,(#2258,#2259,#2260,#2261,#2262,#2263,
#2264,#2265,#2266,#2267,#2268,#2269,#2270,#2271,#2272,#2273,#2274,#2275,
#2276,#2277,#2278,#2279,#2280,#2281,#2282,#2283,#2284,#2285,#2286,#2287,
#2288,#2289,#2290,#2291,#2292,#2293),.UNSPECIFIED.,.F.,.F.,(4,2,2,2,2,2,
2,2,2,2,2,2,2,2,2,2,2,4),(7.44079784160495,7.49301758912478,7.55254413581471,
7.61440330379257,7.67392902251503,7.73525187577799,7.79628867256033,7.85518739177853,
7.91686707119841,7.97726381999139,8.03657871190134,8.09862175424397,8.15831778227189,
8.21918734397742,8.28042696142782,8.33944791038103,8.40118096034789,8.41731249106797),
 .UNSPECIFIED.);
#218=B_SPLINE_CURVE_WITH_KNOTS('',3,(#2294,#2295,#2296,#2297,#2298,#2299,
#2300,#2301,#2302,#2303,#2304,#2305,#2306,#2307,#2308,#2309,#2310,#2311,
#2312,#2313,#2314,#2315,#2316,#2317,#2318,#2319,#2320,#2321,#2322,#2323,
#2324,#2325,#2326,#2327,#2328,#2329),.UNSPECIFIED.,.F.,.F.,(4,2,2,2,2,2,
2,2,2,2,2,2,2,2,2,2,2,4),(1.61091866973105,1.63172144025224,1.69343962792509,
1.75271448277089,1.81429955009185,1.87480864760248,1.93481471667607,1.99718955006667,
2.05642588852353,2.11713013525632,2.17892071891016,2.23801704016024,2.29934267945323,
2.36017522267511,2.41995025664225,2.48207689233832,2.54140106658957,2.58901986060877),
 .UNSPECIFIED.);
#219=B_SPLINE_CURVE_WITH_KNOTS('',3,(#2334,#2335,#2336,#2337,#2338,#2339,
#2340,#2341,#2342,#2343,#2344,#2345,#2346,#2347,#2348,#2349,#2350,#2351,
#2352,#2353,#2354,#2355,#2356,#2357,#2358,#2359,#2360,#2361,#2362,#2363,
#2364,#2365,#2366,#2367,#2368,#2369,#2370,#2371),.UNSPECIFIED.,.F.,.F.,
(4,2,2,2,2,2,2,2,2,2,2,2,2,2,2,2,2,2,4),(6.46386316973757,6.46396175062444,
6.52400698998908,6.58427736806073,6.64591309460599,6.70523449028026,6.76693865799936,
6.82772278505234,6.88667888550124,6.94839940490833,7.00851974035086,7.06834704627758,
7.1300783825728,7.18948657751835,7.2513463998672,7.31223033910553,7.37111007383633,
7.43278664515534,7.44079784160495),.UNSPECIFIED.);
#220=B_SPLINE_CURVE_WITH_KNOTS('',3,(#2372,#2373,#2374,#2375,#2376,#2377,
#2378,#2379,#2380,#2381,#2382,#2383,#2384,#2385,#2386,#2387,#2388,#2389,
#2390,#2391,#2392,#2393,#2394,#2395,#2396,#2397,#2398,#2399,#2400,#2401,
#2402,#2403,#2404,#2405,#2406,#2407),.UNSPECIFIED.,.F.,.F.,(4,2,2,2,2,2,
2,2,2,2,2,2,2,2,2,2,2,4),(2.58901986060877,2.60187664050571,2.66360349118311,
2.72255690012131,2.78367009405829,2.84493680733339,2.90453126846793,2.96646313796323,
3.02597959020299,3.08627867690899,3.14799280032337,3.20690728951074,3.26785744691343,
3.32964712138686,3.3891134348862,3.45090619072424,3.51070787496229,3.56597111498255),
 .UNSPECIFIED.);
#221=B_SPLINE_CURVE_WITH_KNOTS('',3,(#2412,#2413,#2414,#2415,#2416,#2417,
#2418,#2419,#2420,#2421,#2422,#2423,#2424,#2425,#2426,#2427,#2428,#2429,
#2430,#2431,#2432,#2433,#2434,#2435,#2436,#2437,#2438,#2439,#2440,#2441,
#2442,#2443,#2444,#2445,#2446,#2447),.UNSPECIFIED.,.F.,.F.,(4,2,2,2,2,2,
2,2,2,2,2,2,2,2,2,2,2,4),(5.48739368293197,5.49523928558947,5.55481793370062,
5.6157168882508,5.67682965098353,5.73574086324018,5.79738263347837,5.85786764098841,
5.91701976224636,5.97916348327652,6.03895072490038,6.0994758300632,6.16082706076522,
6.21993880733049,6.28167428070109,6.34241555064904,6.40154141020919,6.46386316973757),
 .UNSPECIFIED.);
#222=B_SPLINE_CURVE_WITH_KNOTS('',3,(#2448,#2449,#2450,#2451,#2452,#2453,
#2454,#2455,#2456,#2457,#2458,#2459,#2460,#2461,#2462,#2463,#2464,#2465,
#2466,#2467,#2468,#2469,#2470,#2471,#2472,#2473,#2474,#2475,#2476,#2477,
#2478,#2479,#2480,#2481,#2482,#2483,#2484,#2485),.UNSPECIFIED.,.F.,.F.,
(4,2,2,2,2,2,2,2,2,2,2,2,2,2,2,2,2,2,4),(3.56597111498255,3.57088523648979,
3.63263429544089,3.69160737057368,3.75244697199248,3.81418079459222,3.87355269994914,
3.93524181119791,3.99546272002547,4.05555646653218,4.11802907070429,4.17715178918841,
4.23794115640417,4.29975643822347,4.3590990748607,4.4207536616621,4.48145809067299,
4.5415365153959,4.54463637951497),.UNSPECIFIED.);
#223=B_SPLINE_CURVE_WITH_KNOTS('',3,(#2490,#2491,#2492,#2493,#2494,#2495,
#2496,#2497,#2498,#2499,#2500,#2501,#2502,#2503,#2504,#2505,#2506,#2507,
#2508,#2509,#2510,#2511,#2512,#2513,#2514,#2515,#2516,#2517,#2518,#2519,
#2520,#2521,#2522,#2523,#2524,#2525),.UNSPECIFIED.,.F.,.F.,(4,2,2,2,2,2,
2,2,2,2,2,2,2,2,2,2,2,4),(4.51220911587618,4.52656225465027,4.58819054822188,
4.64707391711147,4.70814543190149,4.76912415790902,4.82866757142641,4.89054889948643,
4.94987065448292,5.01161976622526,5.07104102946629,5.13241558741466,5.19333771148719,
5.25215241757017,5.31375350550778,5.37403294360427,5.4333200217641,5.48739368293197),
 .UNSPECIFIED.);
#224=B_SPLINE_CURVE_WITH_KNOTS('',3,(#2526,#2527,#2528,#2529,#2530,#2531,
#2532,#2533,#2534,#2535,#2536,#2537,#2538,#2539,#2540,#2541,#2542,#2543,
#2544,#2545,#2546,#2547,#2548,#2549,#2550,#2551,#2552,#2553,#2554,#2555,
#2556,#2557,#2558,#2559,#2560,#2561),.UNSPECIFIED.,.F.,.F.,(4,2,2,2,2,2,
2,2,2,2,2,2,2,2,2,2,2,4),(4.54463637951497,4.60398462969153,4.6633600232646,
4.72413857392036,4.78604372444935,4.84522589008516,4.90663119217697,4.96768690211685,
5.02956710920033,5.08987659001245,5.14979759438795,5.21172643173315,5.27132355526513,
5.33323009902352,5.39431529143437,5.45335618426844,5.51520270870433,5.52413502793056),
 .UNSPECIFIED.);
#225=B_SPLINE_CURVE_WITH_KNOTS('',3,(#2566,#2567,#2568,#2569,#2570,#2571,
#2572,#2573,#2574,#2575,#2576,#2577,#2578,#2579,#2580,#2581,#2582,#2583,
#2584,#2585,#2586,#2587,#2588,#2589,#2590,#2591,#2592,#2593,#2594,#2595,
#2596,#2597,#2598,#2599,#2600,#2601),.UNSPECIFIED.,.F.,.F.,(4,2,2,2,2,2,
2,2,2,2,2,2,2,2,2,2,2,4),(3.53531169539205,3.55747478573285,3.61914173417175,
3.67840755765647,3.73998475785021,3.8002912232442,3.86028269920664,3.92264553410505,
3.98176597700179,4.04245372277527,4.10416552368789,4.16323020599641,4.2245314232406,
4.28511573248871,4.34485832105154,4.40695413088888,4.46612147966685,4.51220911587618),
 .UNSPECIFIED.);
#226=B_SPLINE_CURVE_WITH_KNOTS('',3,(#2602,#2603,#2604,#2605,#2606,#2607,
#2608,#2609,#2610,#2611,#2612,#2613,#2614,#2615,#2616,#2617,#2618,#2619,
#2620,#2621,#2622,#2623,#2624,#2625,#2626,#2627,#2628,#2629,#2630,#2631,
#2632,#2633,#2634,#2635,#2636,#2637),.UNSPECIFIED.,.F.,.F.,(4,2,2,2,2,2,
2,2,2,2,2,2,2,2,2,2,2,4),(5.52413502793056,5.57563578150209,5.63527335905479,
5.69734323695365,5.75707031666149,5.81845496001465,5.87970500000879,5.9387878265897,
6.00064851989744,6.06125999392509,6.1207077163503,6.18297434379235,6.24288385957911,
6.30383630674306,6.36530062599118,6.42452967578793,6.48645575880821,6.50354826523961),
 .UNSPECIFIED.);
#227=B_SPLINE_CURVE_WITH_KNOTS('',3,(#2642,#2643,#2644,#2645,#2646,#2647,
#2648,#2649,#2650,#2651,#2652,#2653,#2654,#2655,#2656,#2657,#2658,#2659,
#2660,#2661,#2662,#2663,#2664,#2665,#2666,#2667,#2668,#2669,#2670,#2671,
#2672,#2673,#2674,#2675,#2676,#2677),.UNSPECIFIED.,.F.,.F.,(4,2,2,2,2,2,
2,2,2,2,2,2,2,2,2,2,2,4),(2.55955360309086,2.58973486287903,2.65110063485569,
2.71055383348112,2.77233651818283,2.83186424295035,2.89202316874631,2.95365526735559,
3.01249529252157,3.07330878451521,3.13522333872807,3.19456885598504,3.25623415998931,
3.31607605103129,3.37613466490136,3.43781889417486,3.49675112766243,3.53531169539205),
 .UNSPECIFIED.);
#228=B_SPLINE_CURVE_WITH_KNOTS('',3,(#2678,#2679,#2680,#2681,#2682,#2683,
#2684,#2685,#2686,#2687,#2688,#2689,#2690,#2691,#2692,#2693,#2694,#2695,
#2696,#2697,#2698,#2699,#2700,#2701,#2702,#2703,#2704,#2705,#2706,#2707,
#2708,#2709,#2710,#2711,#2712,#2713),.UNSPECIFIED.,.F.,.F.,(4,2,2,2,2,2,
2,2,2,2,2,2,2,2,2,2,2,4),(6.50354826523961,6.54729785787913,6.60666068469942,
6.66917754598342,6.72932001615747,6.78995174332434,6.85167737267606,6.91108740648514,
6.97294307609767,7.03380739197574,7.09294567486022,7.15482018805974,7.215014386863,
7.27513898614366,7.33693829434047,7.39641435361409,7.45869673370102,7.48339899619356),
 .UNSPECIFIED.);
#229=B_SPLINE_CURVE_WITH_KNOTS('',3,(#2718,#2719,#2720,#2721,#2722,#2723,
#2724,#2725,#2726,#2727,#2728,#2729,#2730,#2731,#2732,#2733,#2734,#2735,
#2736,#2737,#2738,#2739,#2740,#2741,#2742,#2743,#2744,#2745,#2746,#2747,
#2748,#2749,#2750,#2751,#2752,#2753),.UNSPECIFIED.,.F.,.F.,(4,2,2,2,2,2,
2,2,2,2,2,2,2,2,2,2,2,4),(1.58345204358221,1.62223194614779,1.68276094747941,
1.74258681150621,1.80477119700747,1.86394166723749,1.92446543133419,1.98613588509393,
2.04508006980069,2.10623078426922,2.16712659063397,2.22674057008168,2.28869701317033,
2.34799574907562,2.40831054792757,2.46993702844286,2.52877799771505,2.55955360309086),
 .UNSPECIFIED.);
#230=B_SPLINE_CURVE_WITH_KNOTS('',3,(#2754,#2755,#2756,#2757,#2758,#2759,
#2760,#2761,#2762,#2763,#2764,#2765,#2766,#2767,#2768,#2769,#2770,#2771,
#2772,#2773,#2774,#2775,#2776,#2777,#2778,#2779,#2780,#2781,#2782,#2783,
#2784,#2785,#2786,#2787,#2788,#2789),.UNSPECIFIED.,.F.,.F.,(4,2,2,2,2,2,
2,2,2,2,2,2,2,2,2,2,2,4),(7.48339899619356,7.51963173672111,7.57864815910153,
7.6404547243923,7.700729585808,7.76051470696445,7.82241151227817,7.88197650840173,
7.94368759155814,8.00474793094971,8.0637313024069,8.12551562776685,8.18592756494987,
8.24545079744568,8.30750230753916,8.36721013101987,8.42841936222521,8.46148034871354),
 .UNSPECIFIED.);
#231=B_SPLINE_CURVE_WITH_KNOTS('',3,(#2794,#2795,#2796,#2797,#2798,#2799,
#2800,#2801,#2802,#2803,#2804,#2805,#2806,#2807,#2808,#2809,#2810,#2811,
#2812,#2813,#2814,#2815,#2816,#2817,#2818,#2819,#2820,#2821,#2822,#2823,
#2824,#2825,#2826,#2827,#2828,#2829),.UNSPECIFIED.,.F.,.F.,(4,2,2,2,2,2,
2,2,2,2,2,2,2,2,2,2,2,4),(0.605442975253229,0.652784003382577,0.712630192246795,
0.772795028034715,0.834552055182005,0.89353969479554,0.954368150810653,
1.01610915191392,1.07547267929361,1.13715245415042,1.19743461281115,1.25752168188945,
1.31998606339041,1.37913734482027,1.4399206341661,1.50168834998624,1.56083968481742,
1.58345204358221),.UNSPECIFIED.);
#232=B_SPLINE_CURVE_WITH_KNOTS('',3,(#2830,#2831,#2832,#2833,#2834,#2835,
#2836,#2837,#2838,#2839,#2840,#2841,#2842,#2843,#2844,#2845,#2846,#2847,
#2848,#2849,#2850,#2851,#2852,#2853,#2854,#2855,#2856,#2857,#2858,#2859,
#2860,#2861,#2862,#2863,#2864,#2865),.UNSPECIFIED.,.F.,.F.,(4,2,2,2,2,2,
2,2,2,2,2,2,2,2,2,2,2,4),(8.46148034871354,8.48965672854199,8.54870716275571,
8.61051781091688,8.67112096306076,8.73047915316572,8.79274047736974,8.8526430614304,
8.91344602156046,8.97490911458017,9.03413115266582,9.09602020854216,9.15686612513147,
9.2161663470743,9.27869039534,9.33883777328451,9.39934990268272,9.44095364712582),
 .UNSPECIFIED.);
#233=B_SPLINE_CURVE_WITH_KNOTS('',3,(#2950,#2951,#2952,#2953,#2954,#2955,
#2956,#2957,#2958,#2959,#2960,#2961,#2962,#2963,#2964,#2965,#2966,#2967,
#2968,#2969,#2970,#2971,#2972,#2973,#2974,#2975,#2976,#2977),
 .UNSPECIFIED.,.F.,.F.,(4,2,2,2,2,2,2,2,2,2,2,2,2,4),(9.44095364712582,
9.46108526524158,9.52050365432826,9.58234038528337,9.64321839935476,9.70231972561511,
9.76417425326441,9.82438451689013,9.88441900056401,9.94623855446696,10.0057329769127,
10.0678681705513,10.1185062483312,10.1678442963842),.UNSPECIFIED.);
#234=B_SPLINE_CURVE_WITH_KNOTS('',3,(#2978,#2979,#2980,#2981,#2982,#2983,
#2984,#2985,#2986,#2987,#2988,#2989,#2990,#2991,#2992,#2993,#2994,#2995,
#2996,#2997,#2998,#2999,#3000,#3001),.UNSPECIFIED.,.F.,.F.,(4,2,2,2,2,2,
2,2,2,2,2,4),(0.,0.0523835679611009,0.106385136052356,0.168294419827676,
0.227844373383569,0.288123297317134,0.349839119583662,0.408755775228754,
0.469687406580143,0.531553369354316,0.59100608936845,0.605442975253229),
 .UNSPECIFIED.);
#235=B_SPLINE_CURVE_WITH_KNOTS('',3,(#3003,#3004,#3005,#3006,#3007,#3008,
#3009,#3010,#3011,#3012,#3013,#3014),.UNSPECIFIED.,.F.,.F.,(4,2,2,2,2,4),
(-0.229699041407404,-0.19168627313546,-0.15115614795536,-0.110151410744998,
-0.0612381116558084,-9.99999999917733E-7),.UNSPECIFIED.);
#236=B_SPLINE_CURVE_WITH_KNOTS('',3,(#3018,#3019,#3020,#3021,#3022,#3023,
#3024,#3025,#3026,#3027,#3028,#3029,#3030,#3031,#3032,#3033,#3034,#3035,
#3036,#3037,#3038,#3039,#3040,#3041,#3042,#3043),.UNSPECIFIED.,.F.,.F.,
(4,2,2,2,2,2,2,2,2,2,2,2,4),(-2.67953543011888,-2.59461813021351,-2.51097669996715,
-2.34846998998274,-2.12815269090241,-1.9153534141037,-1.72640118355721,
-1.64487640576165,-1.47964416100456,-1.3035988010963,-1.08060666548928,
-0.865501830861783,-0.747165425743567),.UNSPECIFIED.);
#237=B_SPLINE_CURVE_WITH_KNOTS('',3,(#3047,#3048,#3049,#3050,#3051,#3052,
#3053,#3054,#3055,#3056,#3057,#3058,#3059,#3060,#3061,#3062,#3063,#3064),
 .UNSPECIFIED.,.F.,.F.,(4,2,2,2,2,2,2,2,4),(-0.747165425743567,-0.681589003696803,
-0.533317788739978,-0.374086210377459,-0.257281498697827,-0.167696277905163,
-0.0737046925973639,-0.0321609677532116,-1.00000000002876E-6),
 .UNSPECIFIED.);
#238=B_SPLINE_CURVE_WITH_KNOTS('',3,(#3066,#3067,#3068,#3069,#3070,#3071,
#3072,#3073,#3074,#3075,#3076,#3077,#3078,#3079,#3080,#3081,#3082,#3083,
#3084,#3085,#3086,#3087,#3088,#3089,#3090,#3091,#3092,#3093,#3094,#3095,
#3096,#3097),.UNSPECIFIED.,.F.,.F.,(4,2,2,2,2,2,2,2,2,2,2,2,2,2,2,4),(0.261577554024724,
0.287485778252943,0.347970998007971,0.39887024990354,0.43853530493788,0.484110828744976,
0.508451953548739,0.557647512221329,0.582035750334615,0.642297239810097,
0.713943509758061,0.788535610242728,0.825291401801129,0.898880150263066,
0.961092239684948,1.04722446427706),.UNSPECIFIED.);
#239=B_SPLINE_CURVE_WITH_KNOTS('',3,(#3099,#3100,#3101,#3102,#3103,#3104,
#3105,#3106),.UNSPECIFIED.,.F.,.F.,(4,2,2,4),(-0.159623874894551,-0.146007016274254,
-0.0720666173964562,-1.00000013061874E-6),.UNSPECIFIED.);
#240=LINE('',#1278,#302);
#241=LINE('',#1303,#303);
#242=LINE('',#1324,#304);
#243=LINE('',#1400,#305);
#244=LINE('',#1476,#306);
#245=LINE('',#1552,#307);
#246=LINE('',#1628,#308);
#247=LINE('',#1706,#309);
#248=LINE('',#1782,#310);
#249=LINE('',#1860,#311);
#250=LINE('',#1936,#312);
#251=LINE('',#2012,#313);
#252=LINE('',#2087,#314);
#253=LINE('',#2122,#315);
#254=LINE('',#2181,#316);
#255=LINE('',#2257,#317);
#256=LINE('',#2333,#318);
#257=LINE('',#2411,#319);
#258=LINE('',#2489,#320);
#259=LINE('',#2565,#321);
#260=LINE('',#2641,#322);
#261=LINE('',#2717,#323);
#262=LINE('',#2793,#324);
#263=LINE('',#2869,#325);
#264=LINE('',#2945,#326);
#265=LINE('',#2948,#327);
#266=LINE('',#3045,#328);
#267=LINE('',#3110,#329);
#268=LINE('',#3114,#330);
#269=LINE('',#3118,#331);
#270=LINE('',#3120,#332);
#271=LINE('',#3122,#333);
#272=LINE('',#3123,#334);
#273=LINE('',#3125,#335);
#274=LINE('',#3127,#336);
#275=LINE('',#3129,#337);
#276=LINE('',#3131,#338);
#277=LINE('',#3135,#339);
#278=LINE('',#3137,#340);
#279=LINE('',#3139,#341);
#280=LINE('',#3141,#342);
#281=LINE('',#3145,#343);
#282=LINE('',#3147,#344);
#283=LINE('',#3148,#345);
#284=LINE('',#3875,#346);
#285=LINE('',#3876,#347);
#286=LINE('',#3878,#348);
#287=LINE('',#3880,#349);
#288=LINE('',#3882,#350);
#289=LINE('',#3885,#351);
#290=LINE('',#3886,#352);
#291=LINE('',#3888,#353);
#292=LINE('',#3890,#354);
#293=LINE('',#3892,#355);
#294=LINE('',#3895,#356);
#295=LINE('',#3896,#357);
#296=LINE('',#3898,#358);
#297=LINE('',#3900,#359);
#298=LINE('',#3902,#360);
#299=LINE('',#3905,#361);
#300=LINE('',#3907,#362);
#301=LINE('',#3909,#363);
#302=VECTOR('',#1073,2.);
#303=VECTOR('',#1078,2.);
#304=VECTOR('',#1087,2.);
#305=VECTOR('',#1090,2.);
#306=VECTOR('',#1093,2.);
#307=VECTOR('',#1096,2.);
#308=VECTOR('',#1099,2.);
#309=VECTOR('',#1102,2.);
#310=VECTOR('',#1105,2.);
#311=VECTOR('',#1108,2.);
#312=VECTOR('',#1111,2.);
#313=VECTOR('',#1114,2.);
#314=VECTOR('',#1117,2.);
#315=VECTOR('',#1122,1.54533666301317);
#316=VECTOR('',#1127,1.54533666301317);
#317=VECTOR('',#1130,1.54533666301317);
#318=VECTOR('',#1133,1.54533666301317);
#319=VECTOR('',#1136,1.54533666301317);
#320=VECTOR('',#1139,1.54533666301317);
#321=VECTOR('',#1142,1.54533666301317);
#322=VECTOR('',#1145,1.54533666301317);
#323=VECTOR('',#1148,1.54533666301317);
#324=VECTOR('',#1151,1.54533666301317);
#325=VECTOR('',#1154,3.16074434901121);
#326=VECTOR('',#1167,10.);
#327=VECTOR('',#1170,10.);
#328=VECTOR('',#1177,2.);
#329=VECTOR('',#1188,3.75);
#330=VECTOR('',#1191,1000.);
#331=VECTOR('',#1194,1000.);
#332=VECTOR('',#1195,1000.);
#333=VECTOR('',#1196,1000.);
#334=VECTOR('',#1197,1000.);
#335=VECTOR('',#1198,1000.);
#336=VECTOR('',#1199,1000.);
#337=VECTOR('',#1200,1000.);
#338=VECTOR('',#1201,1000.);
#339=VECTOR('',#1204,1000.);
#340=VECTOR('',#1205,1000.);
#341=VECTOR('',#1206,1000.);
#342=VECTOR('',#1207,1000.);
#343=VECTOR('',#1210,1000.);
#344=VECTOR('',#1211,1000.);
#345=VECTOR('',#1212,1000.);
#346=VECTOR('',#1217,10.);
#347=VECTOR('',#1218,10.);
#348=VECTOR('',#1221,1000.);
#349=VECTOR('',#1224,1000.);
#350=VECTOR('',#1227,1000.);
#351=VECTOR('',#1232,10.);
#352=VECTOR('',#1233,10.);
#353=VECTOR('',#1236,1000.);
#354=VECTOR('',#1239,1000.);
#355=VECTOR('',#1242,1000.);
#356=VECTOR('',#1247,10.);
#357=VECTOR('',#1248,10.);
#358=VECTOR('',#1251,1000.);
#359=VECTOR('',#1254,1000.);
#360=VECTOR('',#1257,1000.);
#361=VECTOR('',#1262,1000.);
#362=VECTOR('',#1265,1000.);
#363=VECTOR('',#1268,1000.);
#364=VERTEX_POINT('',#1276);
#365=VERTEX_POINT('',#1277);
#366=VERTEX_POINT('',#1279);
#367=VERTEX_POINT('',#1298);
#368=VERTEX_POINT('',#1300);
#369=VERTEX_POINT('',#1302);
#370=VERTEX_POINT('',#1304);
#371=VERTEX_POINT('',#1307);
#372=VERTEX_POINT('',#1322);
#373=VERTEX_POINT('',#1323);
#374=VERTEX_POINT('',#1398);
#375=VERTEX_POINT('',#1399);
#376=VERTEX_POINT('',#1474);
#377=VERTEX_POINT('',#1475);
#378=VERTEX_POINT('',#1550);
#379=VERTEX_POINT('',#1551);
#380=VERTEX_POINT('',#1626);
#381=VERTEX_POINT('',#1627);
#382=VERTEX_POINT('',#1704);
#383=VERTEX_POINT('',#1705);
#384=VERTEX_POINT('',#1780);
#385=VERTEX_POINT('',#1781);
#386=VERTEX_POINT('',#1858);
#387=VERTEX_POINT('',#1859);
#388=VERTEX_POINT('',#1934);
#389=VERTEX_POINT('',#1935);
#390=VERTEX_POINT('',#2010);
#391=VERTEX_POINT('',#2011);
#392=VERTEX_POINT('',#2086);
#393=VERTEX_POINT('',#2088);
#394=VERTEX_POINT('',#2103);
#395=VERTEX_POINT('',#2120);
#396=VERTEX_POINT('',#2121);
#397=VERTEX_POINT('',#2123);
#398=VERTEX_POINT('',#2152);
#399=VERTEX_POINT('',#2179);
#400=VERTEX_POINT('',#2180);
#401=VERTEX_POINT('',#2255);
#402=VERTEX_POINT('',#2256);
#403=VERTEX_POINT('',#2331);
#404=VERTEX_POINT('',#2332);
#405=VERTEX_POINT('',#2409);
#406=VERTEX_POINT('',#2410);
#407=VERTEX_POINT('',#2487);
#408=VERTEX_POINT('',#2488);
#409=VERTEX_POINT('',#2563);
#410=VERTEX_POINT('',#2564);
#411=VERTEX_POINT('',#2639);
#412=VERTEX_POINT('',#2640);
#413=VERTEX_POINT('',#2715);
#414=VERTEX_POINT('',#2716);
#415=VERTEX_POINT('',#2791);
#416=VERTEX_POINT('',#2792);
#417=VERTEX_POINT('',#2867);
#418=VERTEX_POINT('',#2868);
#419=VERTEX_POINT('',#2870);
#420=VERTEX_POINT('',#2872);
#421=VERTEX_POINT('',#2876);
#422=VERTEX_POINT('',#2880);
#423=VERTEX_POINT('',#2884);
#424=VERTEX_POINT('',#2888);
#425=VERTEX_POINT('',#2890);
#426=VERTEX_POINT('',#2894);
#427=VERTEX_POINT('',#2898);
#428=VERTEX_POINT('',#2902);
#429=VERTEX_POINT('',#2906);
#430=VERTEX_POINT('',#2908);
#431=VERTEX_POINT('',#2912);
#432=VERTEX_POINT('',#2916);
#433=VERTEX_POINT('',#2920);
#434=VERTEX_POINT('',#2924);
#435=VERTEX_POINT('',#2926);
#436=VERTEX_POINT('',#2930);
#437=VERTEX_POINT('',#2934);
#438=VERTEX_POINT('',#2938);
#439=VERTEX_POINT('',#2944);
#440=VERTEX_POINT('',#2946);
#441=VERTEX_POINT('',#3015);
#442=VERTEX_POINT('',#3017);
#443=VERTEX_POINT('',#3044);
#444=VERTEX_POINT('',#3108);
#445=VERTEX_POINT('',#3112);
#446=VERTEX_POINT('',#3113);
#447=VERTEX_POINT('',#3115);
#448=VERTEX_POINT('',#3117);
#449=VERTEX_POINT('',#3119);
#450=VERTEX_POINT('',#3121);
#451=VERTEX_POINT('',#3124);
#452=VERTEX_POINT('',#3126);
#453=VERTEX_POINT('',#3128);
#454=VERTEX_POINT('',#3130);
#455=VERTEX_POINT('',#3132);
#456=VERTEX_POINT('',#3134);
#457=VERTEX_POINT('',#3136);
#458=VERTEX_POINT('',#3138);
#459=VERTEX_POINT('',#3140);
#460=VERTEX_POINT('',#3142);
#461=VERTEX_POINT('',#3144);
#462=VERTEX_POINT('',#3146);
#463=EDGE_CURVE('',#364,#365,#240,.T.);
#464=EDGE_CURVE('',#364,#366,#189,.T.);
#465=EDGE_CURVE('',#366,#367,#170,.T.);
#466=EDGE_CURVE('',#367,#368,#171,.T.);
#467=EDGE_CURVE('',#368,#369,#241,.T.);
#468=EDGE_CURVE('',#369,#370,#172,.T.);
#469=EDGE_CURVE('',#370,#369,#173,.T.);
#470=EDGE_CURVE('',#368,#371,#174,.T.);
#471=EDGE_CURVE('',#365,#371,#190,.F.);
#472=EDGE_CURVE('',#372,#373,#242,.T.);
#473=EDGE_CURVE('',#372,#364,#191,.T.);
#474=EDGE_CURVE('',#373,#365,#192,.F.);
#475=EDGE_CURVE('',#374,#375,#243,.T.);
#476=EDGE_CURVE('',#374,#372,#193,.T.);
#477=EDGE_CURVE('',#375,#373,#194,.F.);
#478=EDGE_CURVE('',#376,#377,#244,.T.);
#479=EDGE_CURVE('',#376,#374,#195,.T.);
#480=EDGE_CURVE('',#377,#375,#196,.F.);
#481=EDGE_CURVE('',#378,#379,#245,.T.);
#482=EDGE_CURVE('',#378,#376,#197,.T.);
#483=EDGE_CURVE('',#379,#377,#198,.F.);
#484=EDGE_CURVE('',#380,#381,#246,.T.);
#485=EDGE_CURVE('',#380,#378,#199,.T.);
#486=EDGE_CURVE('',#381,#379,#200,.F.);
#487=EDGE_CURVE('',#382,#383,#247,.T.);
#488=EDGE_CURVE('',#382,#380,#201,.T.);
#489=EDGE_CURVE('',#383,#381,#202,.F.);
#490=EDGE_CURVE('',#384,#385,#248,.T.);
#491=EDGE_CURVE('',#384,#382,#203,.T.);
#492=EDGE_CURVE('',#385,#383,#204,.F.);
#493=EDGE_CURVE('',#386,#387,#249,.T.);
#494=EDGE_CURVE('',#386,#384,#205,.T.);
#495=EDGE_CURVE('',#387,#385,#206,.F.);
#496=EDGE_CURVE('',#388,#389,#250,.T.);
#497=EDGE_CURVE('',#388,#386,#207,.T.);
#498=EDGE_CURVE('',#389,#387,#208,.F.);
#499=EDGE_CURVE('',#390,#391,#251,.T.);
#500=EDGE_CURVE('',#390,#388,#209,.T.);
#501=EDGE_CURVE('',#391,#389,#210,.F.);
#502=EDGE_CURVE('',#367,#392,#252,.T.);
#503=EDGE_CURVE('',#393,#366,#211,.T.);
#504=EDGE_CURVE('',#394,#393,#175,.T.);
#505=EDGE_CURVE('',#392,#394,#212,.F.);
#506=EDGE_CURVE('',#395,#396,#253,.T.);
#507=EDGE_CURVE('',#397,#395,#213,.F.);
#508=EDGE_CURVE('',#398,#397,#176,.T.);
#509=EDGE_CURVE('',#398,#396,#214,.T.);
#510=EDGE_CURVE('',#399,#400,#254,.T.);
#511=EDGE_CURVE('',#395,#399,#215,.F.);
#512=EDGE_CURVE('',#396,#400,#216,.T.);
#513=EDGE_CURVE('',#401,#402,#255,.T.);
#514=EDGE_CURVE('',#399,#401,#217,.F.);
#515=EDGE_CURVE('',#400,#402,#218,.T.);
#516=EDGE_CURVE('',#403,#404,#256,.T.);
#517=EDGE_CURVE('',#401,#403,#219,.F.);
#518=EDGE_CURVE('',#402,#404,#220,.T.);
#519=EDGE_CURVE('',#405,#406,#257,.T.);
#520=EDGE_CURVE('',#403,#405,#221,.F.);
#521=EDGE_CURVE('',#404,#406,#222,.T.);
#522=EDGE_CURVE('',#407,#408,#258,.T.);
#523=EDGE_CURVE('',#405,#407,#223,.F.);
#524=EDGE_CURVE('',#406,#408,#224,.T.);
#525=EDGE_CURVE('',#409,#410,#259,.T.);
#526=EDGE_CURVE('',#407,#409,#225,.F.);
#527=EDGE_CURVE('',#408,#410,#226,.T.);
#528=EDGE_CURVE('',#411,#412,#260,.T.);
#529=EDGE_CURVE('',#409,#411,#227,.F.);
#530=EDGE_CURVE('',#410,#412,#228,.T.);
#531=EDGE_CURVE('',#413,#414,#261,.T.);
#532=EDGE_CURVE('',#411,#413,#229,.F.);
#533=EDGE_CURVE('',#412,#414,#230,.T.);
#534=EDGE_CURVE('',#415,#416,#262,.T.);
#535=EDGE_CURVE('',#413,#415,#231,.F.);
#536=EDGE_CURVE('',#414,#416,#232,.T.);
#537=EDGE_CURVE('',#417,#418,#263,.T.);
#538=EDGE_CURVE('',#419,#418,#177,.T.);
#539=EDGE_CURVE('',#420,#419,#40,.T.);
#540=EDGE_CURVE('',#421,#420,#41,.T.);
#541=EDGE_CURVE('',#422,#421,#42,.T.);
#542=EDGE_CURVE('',#423,#422,#43,.T.);
#543=EDGE_CURVE('',#424,#423,#178,.T.);
#544=EDGE_CURVE('',#425,#424,#44,.T.);
#545=EDGE_CURVE('',#426,#425,#45,.T.);
#546=EDGE_CURVE('',#427,#426,#46,.T.);
#547=EDGE_CURVE('',#428,#427,#47,.T.);
#548=EDGE_CURVE('',#429,#428,#179,.T.);
#549=EDGE_CURVE('',#430,#429,#48,.T.);
#550=EDGE_CURVE('',#431,#430,#49,.T.);
#551=EDGE_CURVE('',#432,#431,#50,.T.);
#552=EDGE_CURVE('',#433,#432,#51,.T.);
#553=EDGE_CURVE('',#434,#433,#180,.T.);
#554=EDGE_CURVE('',#435,#434,#52,.T.);
#555=EDGE_CURVE('',#436,#435,#53,.T.);
#556=EDGE_CURVE('',#437,#436,#54,.T.);
#557=EDGE_CURVE('',#438,#437,#55,.T.);
#558=EDGE_CURVE('',#418,#438,#181,.T.);
#559=EDGE_CURVE('',#428,#439,#264,.T.);
#560=EDGE_CURVE('',#439,#440,#182,.T.);
#561=EDGE_CURVE('',#429,#440,#265,.T.);
#562=EDGE_CURVE('',#416,#394,#233,.T.);
#563=EDGE_CURVE('',#415,#393,#234,.F.);
#564=EDGE_CURVE('',#397,#390,#235,.T.);
#565=EDGE_CURVE('',#441,#390,#183,.T.);
#566=EDGE_CURVE('',#441,#442,#236,.T.);
#567=EDGE_CURVE('',#442,#443,#266,.T.);
#568=EDGE_CURVE('',#443,#443,#184,.T.);
#569=EDGE_CURVE('',#442,#398,#237,.T.);
#570=EDGE_CURVE('',#371,#392,#238,.F.);
#571=EDGE_CURVE('',#441,#391,#239,.F.);
#572=EDGE_CURVE('',#444,#444,#185,.T.);
#573=EDGE_CURVE('',#444,#370,#267,.T.);
#574=EDGE_CURVE('',#445,#446,#268,.T.);
#575=EDGE_CURVE('',#447,#445,#186,.T.);
#576=EDGE_CURVE('',#448,#447,#269,.T.);
#577=EDGE_CURVE('',#449,#448,#270,.T.);
#578=EDGE_CURVE('',#450,#449,#271,.T.);
#579=EDGE_CURVE('',#440,#450,#272,.T.);
#580=EDGE_CURVE('',#451,#439,#273,.T.);
#581=EDGE_CURVE('',#452,#451,#274,.T.);
#582=EDGE_CURVE('',#453,#452,#275,.T.);
#583=EDGE_CURVE('',#454,#453,#276,.T.);
#584=EDGE_CURVE('',#455,#454,#187,.T.);
#585=EDGE_CURVE('',#456,#455,#277,.T.);
#586=EDGE_CURVE('',#457,#456,#278,.T.);
#587=EDGE_CURVE('',#458,#457,#279,.T.);
#588=EDGE_CURVE('',#459,#458,#280,.T.);
#589=EDGE_CURVE('',#460,#459,#188,.T.);
#590=EDGE_CURVE('',#461,#460,#281,.T.);
#591=EDGE_CURVE('',#462,#461,#282,.T.);
#592=EDGE_CURVE('',#446,#462,#283,.T.);
#593=EDGE_CURVE('',#433,#447,#284,.T.);
#594=EDGE_CURVE('',#434,#445,#285,.T.);
#595=EDGE_CURVE('',#432,#448,#286,.T.);
#596=EDGE_CURVE('',#431,#449,#287,.T.);
#597=EDGE_CURVE('',#430,#450,#288,.T.);
#598=EDGE_CURVE('',#438,#460,#289,.T.);
#599=EDGE_CURVE('',#419,#459,#290,.T.);
#600=EDGE_CURVE('',#437,#461,#291,.T.);
#601=EDGE_CURVE('',#436,#462,#292,.T.);
#602=EDGE_CURVE('',#435,#446,#293,.T.);
#603=EDGE_CURVE('',#423,#455,#294,.T.);
#604=EDGE_CURVE('',#424,#454,#295,.T.);
#605=EDGE_CURVE('',#422,#456,#296,.T.);
#606=EDGE_CURVE('',#421,#457,#297,.T.);
#607=EDGE_CURVE('',#420,#458,#298,.T.);
#608=EDGE_CURVE('',#427,#451,#299,.T.);
#609=EDGE_CURVE('',#426,#452,#300,.T.);
#610=EDGE_CURVE('',#425,#453,#301,.T.);
#611=ORIENTED_EDGE('',*,*,#463,.F.);
#612=ORIENTED_EDGE('',*,*,#464,.T.);
#613=ORIENTED_EDGE('',*,*,#465,.T.);
#614=ORIENTED_EDGE('',*,*,#466,.T.);
#615=ORIENTED_EDGE('',*,*,#467,.T.);
#616=ORIENTED_EDGE('',*,*,#468,.T.);
#617=ORIENTED_EDGE('',*,*,#469,.T.);
#618=ORIENTED_EDGE('',*,*,#467,.F.);
#619=ORIENTED_EDGE('',*,*,#470,.T.);
#620=ORIENTED_EDGE('',*,*,#471,.F.);
#621=ORIENTED_EDGE('',*,*,#472,.F.);
#622=ORIENTED_EDGE('',*,*,#473,.T.);
#623=ORIENTED_EDGE('',*,*,#463,.T.);
#624=ORIENTED_EDGE('',*,*,#474,.F.);
#625=ORIENTED_EDGE('',*,*,#475,.F.);
#626=ORIENTED_EDGE('',*,*,#476,.T.);
#627=ORIENTED_EDGE('',*,*,#472,.T.);
#628=ORIENTED_EDGE('',*,*,#477,.F.);
#629=ORIENTED_EDGE('',*,*,#478,.F.);
#630=ORIENTED_EDGE('',*,*,#479,.T.);
#631=ORIENTED_EDGE('',*,*,#475,.T.);
#632=ORIENTED_EDGE('',*,*,#480,.F.);
#633=ORIENTED_EDGE('',*,*,#481,.F.);
#634=ORIENTED_EDGE('',*,*,#482,.T.);
#635=ORIENTED_EDGE('',*,*,#478,.T.);
#636=ORIENTED_EDGE('',*,*,#483,.F.);
#637=ORIENTED_EDGE('',*,*,#484,.F.);
#638=ORIENTED_EDGE('',*,*,#485,.T.);
#639=ORIENTED_EDGE('',*,*,#481,.T.);
#640=ORIENTED_EDGE('',*,*,#486,.F.);
#641=ORIENTED_EDGE('',*,*,#487,.F.);
#642=ORIENTED_EDGE('',*,*,#488,.T.);
#643=ORIENTED_EDGE('',*,*,#484,.T.);
#644=ORIENTED_EDGE('',*,*,#489,.F.);
#645=ORIENTED_EDGE('',*,*,#490,.F.);
#646=ORIENTED_EDGE('',*,*,#491,.T.);
#647=ORIENTED_EDGE('',*,*,#487,.T.);
#648=ORIENTED_EDGE('',*,*,#492,.F.);
#649=ORIENTED_EDGE('',*,*,#493,.F.);
#650=ORIENTED_EDGE('',*,*,#494,.T.);
#651=ORIENTED_EDGE('',*,*,#490,.T.);
#652=ORIENTED_EDGE('',*,*,#495,.F.);
#653=ORIENTED_EDGE('',*,*,#496,.F.);
#654=ORIENTED_EDGE('',*,*,#497,.T.);
#655=ORIENTED_EDGE('',*,*,#493,.T.);
#656=ORIENTED_EDGE('',*,*,#498,.F.);
#657=ORIENTED_EDGE('',*,*,#499,.F.);
#658=ORIENTED_EDGE('',*,*,#500,.T.);
#659=ORIENTED_EDGE('',*,*,#496,.T.);
#660=ORIENTED_EDGE('',*,*,#501,.F.);
#661=ORIENTED_EDGE('',*,*,#502,.F.);
#662=ORIENTED_EDGE('',*,*,#465,.F.);
#663=ORIENTED_EDGE('',*,*,#503,.F.);
#664=ORIENTED_EDGE('',*,*,#504,.F.);
#665=ORIENTED_EDGE('',*,*,#505,.F.);
#666=ORIENTED_EDGE('',*,*,#506,.F.);
#667=ORIENTED_EDGE('',*,*,#507,.F.);
#668=ORIENTED_EDGE('',*,*,#508,.F.);
#669=ORIENTED_EDGE('',*,*,#509,.T.);
#670=ORIENTED_EDGE('',*,*,#510,.F.);
#671=ORIENTED_EDGE('',*,*,#511,.F.);
#672=ORIENTED_EDGE('',*,*,#506,.T.);
#673=ORIENTED_EDGE('',*,*,#512,.T.);
#674=ORIENTED_EDGE('',*,*,#513,.F.);
#675=ORIENTED_EDGE('',*,*,#514,.F.);
#676=ORIENTED_EDGE('',*,*,#510,.T.);
#677=ORIENTED_EDGE('',*,*,#515,.T.);
#678=ORIENTED_EDGE('',*,*,#516,.F.);
#679=ORIENTED_EDGE('',*,*,#517,.F.);
#680=ORIENTED_EDGE('',*,*,#513,.T.);
#681=ORIENTED_EDGE('',*,*,#518,.T.);
#682=ORIENTED_EDGE('',*,*,#519,.F.);
#683=ORIENTED_EDGE('',*,*,#520,.F.);
#684=ORIENTED_EDGE('',*,*,#516,.T.);
#685=ORIENTED_EDGE('',*,*,#521,.T.);
#686=ORIENTED_EDGE('',*,*,#522,.F.);
#687=ORIENTED_EDGE('',*,*,#523,.F.);
#688=ORIENTED_EDGE('',*,*,#519,.T.);
#689=ORIENTED_EDGE('',*,*,#524,.T.);
#690=ORIENTED_EDGE('',*,*,#525,.F.);
#691=ORIENTED_EDGE('',*,*,#526,.F.);
#692=ORIENTED_EDGE('',*,*,#522,.T.);
#693=ORIENTED_EDGE('',*,*,#527,.T.);
#694=ORIENTED_EDGE('',*,*,#528,.F.);
#695=ORIENTED_EDGE('',*,*,#529,.F.);
#696=ORIENTED_EDGE('',*,*,#525,.T.);
#697=ORIENTED_EDGE('',*,*,#530,.T.);
#698=ORIENTED_EDGE('',*,*,#531,.F.);
#699=ORIENTED_EDGE('',*,*,#532,.F.);
#700=ORIENTED_EDGE('',*,*,#528,.T.);
#701=ORIENTED_EDGE('',*,*,#533,.T.);
#702=ORIENTED_EDGE('',*,*,#534,.F.);
#703=ORIENTED_EDGE('',*,*,#535,.F.);
#704=ORIENTED_EDGE('',*,*,#531,.T.);
#705=ORIENTED_EDGE('',*,*,#536,.T.);
#706=ORIENTED_EDGE('',*,*,#537,.T.);
#707=ORIENTED_EDGE('',*,*,#538,.F.);
#708=ORIENTED_EDGE('',*,*,#539,.F.);
#709=ORIENTED_EDGE('',*,*,#540,.F.);
#710=ORIENTED_EDGE('',*,*,#541,.F.);
#711=ORIENTED_EDGE('',*,*,#542,.F.);
#712=ORIENTED_EDGE('',*,*,#543,.F.);
#713=ORIENTED_EDGE('',*,*,#544,.F.);
#714=ORIENTED_EDGE('',*,*,#545,.F.);
#715=ORIENTED_EDGE('',*,*,#546,.F.);
#716=ORIENTED_EDGE('',*,*,#547,.F.);
#717=ORIENTED_EDGE('',*,*,#548,.F.);
#718=ORIENTED_EDGE('',*,*,#549,.F.);
#719=ORIENTED_EDGE('',*,*,#550,.F.);
#720=ORIENTED_EDGE('',*,*,#551,.F.);
#721=ORIENTED_EDGE('',*,*,#552,.F.);
#722=ORIENTED_EDGE('',*,*,#553,.F.);
#723=ORIENTED_EDGE('',*,*,#554,.F.);
#724=ORIENTED_EDGE('',*,*,#555,.F.);
#725=ORIENTED_EDGE('',*,*,#556,.F.);
#726=ORIENTED_EDGE('',*,*,#557,.F.);
#727=ORIENTED_EDGE('',*,*,#558,.F.);
#728=ORIENTED_EDGE('',*,*,#537,.F.);
#729=ORIENTED_EDGE('',*,*,#548,.T.);
#730=ORIENTED_EDGE('',*,*,#559,.T.);
#731=ORIENTED_EDGE('',*,*,#560,.T.);
#732=ORIENTED_EDGE('',*,*,#561,.F.);
#733=ORIENTED_EDGE('',*,*,#534,.T.);
#734=ORIENTED_EDGE('',*,*,#562,.T.);
#735=ORIENTED_EDGE('',*,*,#504,.T.);
#736=ORIENTED_EDGE('',*,*,#563,.F.);
#737=ORIENTED_EDGE('',*,*,#508,.T.);
#738=ORIENTED_EDGE('',*,*,#564,.T.);
#739=ORIENTED_EDGE('',*,*,#565,.F.);
#740=ORIENTED_EDGE('',*,*,#566,.T.);
#741=ORIENTED_EDGE('',*,*,#567,.T.);
#742=ORIENTED_EDGE('',*,*,#568,.F.);
#743=ORIENTED_EDGE('',*,*,#567,.F.);
#744=ORIENTED_EDGE('',*,*,#569,.T.);
#745=ORIENTED_EDGE('',*,*,#502,.T.);
#746=ORIENTED_EDGE('',*,*,#570,.F.);
#747=ORIENTED_EDGE('',*,*,#470,.F.);
#748=ORIENTED_EDGE('',*,*,#466,.F.);
#749=ORIENTED_EDGE('',*,*,#499,.T.);
#750=ORIENTED_EDGE('',*,*,#571,.F.);
#751=ORIENTED_EDGE('',*,*,#565,.T.);
#752=ORIENTED_EDGE('',*,*,#572,.T.);
#753=ORIENTED_EDGE('',*,*,#573,.T.);
#754=ORIENTED_EDGE('',*,*,#468,.F.);
#755=ORIENTED_EDGE('',*,*,#469,.F.);
#756=ORIENTED_EDGE('',*,*,#573,.F.);
#757=ORIENTED_EDGE('',*,*,#572,.F.);
#758=ORIENTED_EDGE('',*,*,#574,.F.);
#759=ORIENTED_EDGE('',*,*,#575,.F.);
#760=ORIENTED_EDGE('',*,*,#576,.F.);
#761=ORIENTED_EDGE('',*,*,#577,.F.);
#762=ORIENTED_EDGE('',*,*,#578,.F.);
#763=ORIENTED_EDGE('',*,*,#579,.F.);
#764=ORIENTED_EDGE('',*,*,#560,.F.);
#765=ORIENTED_EDGE('',*,*,#580,.F.);
#766=ORIENTED_EDGE('',*,*,#581,.F.);
#767=ORIENTED_EDGE('',*,*,#582,.F.);
#768=ORIENTED_EDGE('',*,*,#583,.F.);
#769=ORIENTED_EDGE('',*,*,#584,.F.);
#770=ORIENTED_EDGE('',*,*,#585,.F.);
#771=ORIENTED_EDGE('',*,*,#586,.F.);
#772=ORIENTED_EDGE('',*,*,#587,.F.);
#773=ORIENTED_EDGE('',*,*,#588,.F.);
#774=ORIENTED_EDGE('',*,*,#589,.F.);
#775=ORIENTED_EDGE('',*,*,#590,.F.);
#776=ORIENTED_EDGE('',*,*,#591,.F.);
#777=ORIENTED_EDGE('',*,*,#592,.F.);
#778=ORIENTED_EDGE('',*,*,#568,.T.);
#779=ORIENTED_EDGE('',*,*,#507,.T.);
#780=ORIENTED_EDGE('',*,*,#511,.T.);
#781=ORIENTED_EDGE('',*,*,#514,.T.);
#782=ORIENTED_EDGE('',*,*,#517,.T.);
#783=ORIENTED_EDGE('',*,*,#520,.T.);
#784=ORIENTED_EDGE('',*,*,#523,.T.);
#785=ORIENTED_EDGE('',*,*,#526,.T.);
#786=ORIENTED_EDGE('',*,*,#529,.T.);
#787=ORIENTED_EDGE('',*,*,#532,.T.);
#788=ORIENTED_EDGE('',*,*,#535,.T.);
#789=ORIENTED_EDGE('',*,*,#563,.T.);
#790=ORIENTED_EDGE('',*,*,#503,.T.);
#791=ORIENTED_EDGE('',*,*,#464,.F.);
#792=ORIENTED_EDGE('',*,*,#473,.F.);
#793=ORIENTED_EDGE('',*,*,#476,.F.);
#794=ORIENTED_EDGE('',*,*,#479,.F.);
#795=ORIENTED_EDGE('',*,*,#482,.F.);
#796=ORIENTED_EDGE('',*,*,#485,.F.);
#797=ORIENTED_EDGE('',*,*,#488,.F.);
#798=ORIENTED_EDGE('',*,*,#491,.F.);
#799=ORIENTED_EDGE('',*,*,#494,.F.);
#800=ORIENTED_EDGE('',*,*,#497,.F.);
#801=ORIENTED_EDGE('',*,*,#500,.F.);
#802=ORIENTED_EDGE('',*,*,#564,.F.);
#803=ORIENTED_EDGE('',*,*,#571,.T.);
#804=ORIENTED_EDGE('',*,*,#501,.T.);
#805=ORIENTED_EDGE('',*,*,#498,.T.);
#806=ORIENTED_EDGE('',*,*,#495,.T.);
#807=ORIENTED_EDGE('',*,*,#492,.T.);
#808=ORIENTED_EDGE('',*,*,#489,.T.);
#809=ORIENTED_EDGE('',*,*,#486,.T.);
#810=ORIENTED_EDGE('',*,*,#483,.T.);
#811=ORIENTED_EDGE('',*,*,#480,.T.);
#812=ORIENTED_EDGE('',*,*,#477,.T.);
#813=ORIENTED_EDGE('',*,*,#474,.T.);
#814=ORIENTED_EDGE('',*,*,#471,.T.);
#815=ORIENTED_EDGE('',*,*,#570,.T.);
#816=ORIENTED_EDGE('',*,*,#505,.T.);
#817=ORIENTED_EDGE('',*,*,#562,.F.);
#818=ORIENTED_EDGE('',*,*,#536,.F.);
#819=ORIENTED_EDGE('',*,*,#533,.F.);
#820=ORIENTED_EDGE('',*,*,#530,.F.);
#821=ORIENTED_EDGE('',*,*,#527,.F.);
#822=ORIENTED_EDGE('',*,*,#524,.F.);
#823=ORIENTED_EDGE('',*,*,#521,.F.);
#824=ORIENTED_EDGE('',*,*,#518,.F.);
#825=ORIENTED_EDGE('',*,*,#515,.F.);
#826=ORIENTED_EDGE('',*,*,#512,.F.);
#827=ORIENTED_EDGE('',*,*,#509,.F.);
#828=ORIENTED_EDGE('',*,*,#569,.F.);
#829=ORIENTED_EDGE('',*,*,#566,.F.);
#830=ORIENTED_EDGE('',*,*,#553,.T.);
#831=ORIENTED_EDGE('',*,*,#593,.T.);
#832=ORIENTED_EDGE('',*,*,#575,.T.);
#833=ORIENTED_EDGE('',*,*,#594,.F.);
#834=ORIENTED_EDGE('',*,*,#552,.T.);
#835=ORIENTED_EDGE('',*,*,#595,.T.);
#836=ORIENTED_EDGE('',*,*,#576,.T.);
#837=ORIENTED_EDGE('',*,*,#593,.F.);
#838=ORIENTED_EDGE('',*,*,#551,.T.);
#839=ORIENTED_EDGE('',*,*,#596,.T.);
#840=ORIENTED_EDGE('',*,*,#577,.T.);
#841=ORIENTED_EDGE('',*,*,#595,.F.);
#842=ORIENTED_EDGE('',*,*,#550,.T.);
#843=ORIENTED_EDGE('',*,*,#597,.T.);
#844=ORIENTED_EDGE('',*,*,#578,.T.);
#845=ORIENTED_EDGE('',*,*,#596,.F.);
#846=ORIENTED_EDGE('',*,*,#549,.T.);
#847=ORIENTED_EDGE('',*,*,#561,.T.);
#848=ORIENTED_EDGE('',*,*,#579,.T.);
#849=ORIENTED_EDGE('',*,*,#597,.F.);
#850=ORIENTED_EDGE('',*,*,#538,.T.);
#851=ORIENTED_EDGE('',*,*,#558,.T.);
#852=ORIENTED_EDGE('',*,*,#598,.T.);
#853=ORIENTED_EDGE('',*,*,#589,.T.);
#854=ORIENTED_EDGE('',*,*,#599,.F.);
#855=ORIENTED_EDGE('',*,*,#557,.T.);
#856=ORIENTED_EDGE('',*,*,#600,.T.);
#857=ORIENTED_EDGE('',*,*,#590,.T.);
#858=ORIENTED_EDGE('',*,*,#598,.F.);
#859=ORIENTED_EDGE('',*,*,#556,.T.);
#860=ORIENTED_EDGE('',*,*,#601,.T.);
#861=ORIENTED_EDGE('',*,*,#591,.T.);
#862=ORIENTED_EDGE('',*,*,#600,.F.);
#863=ORIENTED_EDGE('',*,*,#555,.T.);
#864=ORIENTED_EDGE('',*,*,#602,.T.);
#865=ORIENTED_EDGE('',*,*,#592,.T.);
#866=ORIENTED_EDGE('',*,*,#601,.F.);
#867=ORIENTED_EDGE('',*,*,#554,.T.);
#868=ORIENTED_EDGE('',*,*,#594,.T.);
#869=ORIENTED_EDGE('',*,*,#574,.T.);
#870=ORIENTED_EDGE('',*,*,#602,.F.);
#871=ORIENTED_EDGE('',*,*,#543,.T.);
#872=ORIENTED_EDGE('',*,*,#603,.T.);
#873=ORIENTED_EDGE('',*,*,#584,.T.);
#874=ORIENTED_EDGE('',*,*,#604,.F.);
#875=ORIENTED_EDGE('',*,*,#542,.T.);
#876=ORIENTED_EDGE('',*,*,#605,.T.);
#877=ORIENTED_EDGE('',*,*,#585,.T.);
#878=ORIENTED_EDGE('',*,*,#603,.F.);
#879=ORIENTED_EDGE('',*,*,#541,.T.);
#880=ORIENTED_EDGE('',*,*,#606,.T.);
#881=ORIENTED_EDGE('',*,*,#586,.T.);
#882=ORIENTED_EDGE('',*,*,#605,.F.);
#883=ORIENTED_EDGE('',*,*,#540,.T.);
#884=ORIENTED_EDGE('',*,*,#607,.T.);
#885=ORIENTED_EDGE('',*,*,#587,.T.);
#886=ORIENTED_EDGE('',*,*,#606,.F.);
#887=ORIENTED_EDGE('',*,*,#539,.T.);
#888=ORIENTED_EDGE('',*,*,#599,.T.);
#889=ORIENTED_EDGE('',*,*,#588,.T.);
#890=ORIENTED_EDGE('',*,*,#607,.F.);
#891=ORIENTED_EDGE('',*,*,#547,.T.);
#892=ORIENTED_EDGE('',*,*,#608,.T.);
#893=ORIENTED_EDGE('',*,*,#580,.T.);
#894=ORIENTED_EDGE('',*,*,#559,.F.);
#895=ORIENTED_EDGE('',*,*,#546,.T.);
#896=ORIENTED_EDGE('',*,*,#609,.T.);
#897=ORIENTED_EDGE('',*,*,#581,.T.);
#898=ORIENTED_EDGE('',*,*,#608,.F.);
#899=ORIENTED_EDGE('',*,*,#545,.T.);
#900=ORIENTED_EDGE('',*,*,#610,.T.);
#901=ORIENTED_EDGE('',*,*,#582,.T.);
#902=ORIENTED_EDGE('',*,*,#609,.F.);
#903=ORIENTED_EDGE('',*,*,#544,.T.);
#904=ORIENTED_EDGE('',*,*,#604,.T.);
#905=ORIENTED_EDGE('',*,*,#583,.T.);
#906=ORIENTED_EDGE('',*,*,#610,.F.);
#907=CYLINDRICAL_SURFACE('',#997,2.);
#908=CYLINDRICAL_SURFACE('',#1003,2.);
#909=CYLINDRICAL_SURFACE('',#1004,2.);
#910=CYLINDRICAL_SURFACE('',#1005,2.);
#911=CYLINDRICAL_SURFACE('',#1006,2.);
#912=CYLINDRICAL_SURFACE('',#1007,2.);
#913=CYLINDRICAL_SURFACE('',#1008,2.);
#914=CYLINDRICAL_SURFACE('',#1009,2.);
#915=CYLINDRICAL_SURFACE('',#1010,2.);
#916=CYLINDRICAL_SURFACE('',#1011,2.);
#917=CYLINDRICAL_SURFACE('',#1012,2.);
#918=CYLINDRICAL_SURFACE('',#1015,1.54533666301317);
#919=CYLINDRICAL_SURFACE('',#1017,1.54533666301317);
#920=CYLINDRICAL_SURFACE('',#1018,1.54533666301317);
#921=CYLINDRICAL_SURFACE('',#1019,1.54533666301317);
#922=CYLINDRICAL_SURFACE('',#1020,1.54533666301317);
#923=CYLINDRICAL_SURFACE('',#1021,1.54533666301317);
#924=CYLINDRICAL_SURFACE('',#1022,1.54533666301317);
#925=CYLINDRICAL_SURFACE('',#1023,1.54533666301317);
#926=CYLINDRICAL_SURFACE('',#1024,1.54533666301317);
#927=CYLINDRICAL_SURFACE('',#1025,1.54533666301317);
#928=CYLINDRICAL_SURFACE('',#1034,1.54533666301317);
#929=CYLINDRICAL_SURFACE('',#1039,2.);
#930=ADVANCED_FACE('',(#65),#907,.T.);
#931=ADVANCED_FACE('',(#66),#908,.T.);
#932=ADVANCED_FACE('',(#67),#909,.T.);
#933=ADVANCED_FACE('',(#68),#910,.T.);
#934=ADVANCED_FACE('',(#69),#911,.T.);
#935=ADVANCED_FACE('',(#70),#912,.T.);
#936=ADVANCED_FACE('',(#71),#913,.T.);
#937=ADVANCED_FACE('',(#72),#914,.T.);
#938=ADVANCED_FACE('',(#73),#915,.T.);
#939=ADVANCED_FACE('',(#74),#916,.T.);
#940=ADVANCED_FACE('',(#75),#917,.T.);
#941=ADVANCED_FACE('',(#76),#56,.T.);
#942=ADVANCED_FACE('',(#77),#918,.T.);
#943=ADVANCED_FACE('',(#78),#919,.T.);
#944=ADVANCED_FACE('',(#79),#920,.T.);
#945=ADVANCED_FACE('',(#80),#921,.T.);
#946=ADVANCED_FACE('',(#81),#922,.T.);
#947=ADVANCED_FACE('',(#82),#923,.T.);
#948=ADVANCED_FACE('',(#83),#924,.T.);
#949=ADVANCED_FACE('',(#84),#925,.T.);
#950=ADVANCED_FACE('',(#85),#926,.T.);
#951=ADVANCED_FACE('',(#86),#927,.T.);
#952=ADVANCED_FACE('',(#87),#57,.F.);
#953=ADVANCED_FACE('',(#88),#58,.F.);
#954=ADVANCED_FACE('',(#89),#928,.T.);
#955=ADVANCED_FACE('',(#90),#59,.T.);
#956=ADVANCED_FACE('',(#91),#60,.T.);
#957=ADVANCED_FACE('',(#92),#929,.T.);
#958=ADVANCED_FACE('',(#93),#61,.T.);
#959=ADVANCED_FACE('',(#94,#21),#22,.T.);
#960=ADVANCED_FACE('',(#95),#23,.F.);
#961=ADVANCED_FACE('',(#96),#19,.T.);
#962=ADVANCED_FACE('',(#97),#20,.T.);
#963=ADVANCED_FACE('',(#98),#62,.F.);
#964=ADVANCED_FACE('',(#99),#24,.T.);
#965=ADVANCED_FACE('',(#100),#25,.T.);
#966=ADVANCED_FACE('',(#101),#26,.T.);
#967=ADVANCED_FACE('',(#102),#27,.T.);
#968=ADVANCED_FACE('',(#103),#63,.F.);
#969=ADVANCED_FACE('',(#104),#28,.T.);
#970=ADVANCED_FACE('',(#105),#29,.T.);
#971=ADVANCED_FACE('',(#106),#30,.T.);
#972=ADVANCED_FACE('',(#107),#31,.T.);
#973=ADVANCED_FACE('',(#108),#64,.F.);
#974=ADVANCED_FACE('',(#109),#32,.T.);
#975=ADVANCED_FACE('',(#110),#33,.T.);
#976=ADVANCED_FACE('',(#111),#34,.T.);
#977=ADVANCED_FACE('',(#112),#35,.T.);
#978=ADVANCED_FACE('',(#113),#36,.T.);
#979=ADVANCED_FACE('',(#114),#37,.T.);
#980=ADVANCED_FACE('',(#115),#38,.T.);
#981=ADVANCED_FACE('',(#116),#39,.T.);
#982=CLOSED_SHELL('',(#930,#931,#932,#933,#934,#935,#936,#937,#938,#939,
#940,#941,#942,#943,#944,#945,#946,#947,#948,#949,#950,#951,#952,#953,#954,
#955,#956,#957,#958,#959,#960,#961,#962,#963,#964,#965,#966,#967,#968,#969,
#970,#971,#972,#973,#974,#975,#976,#977,#978,#979,#980,#981));
#983=DERIVED_UNIT_ELEMENT(#985,1.);
#984=DERIVED_UNIT_ELEMENT(#3919,-3.);
#985=(
MASS_UNIT()
NAMED_UNIT(*)
SI_UNIT(.KILO.,.GRAM.)
);
#986=DERIVED_UNIT((#983,#984));
#987=MEASURE_REPRESENTATION_ITEM('density measure',
POSITIVE_RATIO_MEASURE(7850.),#986);
#988=PROPERTY_DEFINITION_REPRESENTATION(#993,#990);
#989=PROPERTY_DEFINITION_REPRESENTATION(#994,#991);
#990=REPRESENTATION('material name',(#992),#3916);
#991=REPRESENTATION('density',(#987),#3916);
#992=DESCRIPTIVE_REPRESENTATION_ITEM('Steel','Steel');
#993=PROPERTY_DEFINITION('material property','material name',#3931);
#994=PROPERTY_DEFINITION('material property','density of part',#3931);
#995=AXIS2_PLACEMENT_3D('',#1273,#1067,#1068);
#996=AXIS2_PLACEMENT_3D('',#1274,#1069,#1070);
#997=AXIS2_PLACEMENT_3D('',#1275,#1071,#1072);
#998=AXIS2_PLACEMENT_3D('',#1299,#1074,#1075);
#999=AXIS2_PLACEMENT_3D('',#1301,#1076,#1077);
#1000=AXIS2_PLACEMENT_3D('',#1305,#1079,#1080);
#1001=AXIS2_PLACEMENT_3D('',#1306,#1081,#1082);
#1002=AXIS2_PLACEMENT_3D('',#1308,#1083,#1084);
#1003=AXIS2_PLACEMENT_3D('',#1321,#1085,#1086);
#1004=AXIS2_PLACEMENT_3D('',#1397,#1088,#1089);
#1005=AXIS2_PLACEMENT_3D('',#1473,#1091,#1092);
#1006=AXIS2_PLACEMENT_3D('',#1549,#1094,#1095);
#1007=AXIS2_PLACEMENT_3D('',#1625,#1097,#1098);
#1008=AXIS2_PLACEMENT_3D('',#1703,#1100,#1101);
#1009=AXIS2_PLACEMENT_3D('',#1779,#1103,#1104);
#1010=AXIS2_PLACEMENT_3D('',#1857,#1106,#1107);
#1011=AXIS2_PLACEMENT_3D('',#1933,#1109,#1110);
#1012=AXIS2_PLACEMENT_3D('',#2009,#1112,#1113);
#1013=AXIS2_PLACEMENT_3D('',#2085,#1115,#1116);
#1014=AXIS2_PLACEMENT_3D('',#2104,#1118,#1119);
#1015=AXIS2_PLACEMENT_3D('',#2119,#1120,#1121);
#1016=AXIS2_PLACEMENT_3D('',#2153,#1123,#1124);
#1017=AXIS2_PLACEMENT_3D('',#2178,#1125,#1126);
#1018=AXIS2_PLACEMENT_3D('',#2254,#1128,#1129);
#1019=AXIS2_PLACEMENT_3D('',#2330,#1131,#1132);
#1020=AXIS2_PLACEMENT_3D('',#2408,#1134,#1135);
#1021=AXIS2_PLACEMENT_3D('',#2486,#1137,#1138);
#1022=AXIS2_PLACEMENT_3D('',#2562,#1140,#1141);
#1023=AXIS2_PLACEMENT_3D('',#2638,#1143,#1144);
#1024=AXIS2_PLACEMENT_3D('',#2714,#1146,#1147);
#1025=AXIS2_PLACEMENT_3D('',#2790,#1149,#1150);
#1026=AXIS2_PLACEMENT_3D('',#2866,#1152,#1153);
#1027=AXIS2_PLACEMENT_3D('',#2871,#1155,#1156);
#1028=AXIS2_PLACEMENT_3D('',#2889,#1157,#1158);
#1029=AXIS2_PLACEMENT_3D('',#2907,#1159,#1160);
#1030=AXIS2_PLACEMENT_3D('',#2925,#1161,#1162);
#1031=AXIS2_PLACEMENT_3D('',#2942,#1163,#1164);
#1032=AXIS2_PLACEMENT_3D('',#2943,#1165,#1166);
#1033=AXIS2_PLACEMENT_3D('',#2947,#1168,#1169);
#1034=AXIS2_PLACEMENT_3D('',#2949,#1171,#1172);
#1035=AXIS2_PLACEMENT_3D('',#3002,#1173,#1174);
#1036=AXIS2_PLACEMENT_3D('',#3016,#1175,#1176);
#1037=AXIS2_PLACEMENT_3D('',#3046,#1178,#1179);
#1038=AXIS2_PLACEMENT_3D('',#3065,#1180,#1181);
#1039=AXIS2_PLACEMENT_3D('',#3098,#1182,#1183);
#1040=AXIS2_PLACEMENT_3D('',#3107,#1184,#1185);
#1041=AXIS2_PLACEMENT_3D('',#3109,#1186,#1187);
#1042=AXIS2_PLACEMENT_3D('',#3111,#1189,#1190);
#1043=AXIS2_PLACEMENT_3D('',#3116,#1192,#1193);
#1044=AXIS2_PLACEMENT_3D('',#3133,#1202,#1203);
#1045=AXIS2_PLACEMENT_3D('',#3143,#1208,#1209);
#1046=AXIS2_PLACEMENT_3D('',#3149,#1213,#1214);
#1047=AXIS2_PLACEMENT_3D('',#3874,#1215,#1216);
#1048=AXIS2_PLACEMENT_3D('',#3877,#1219,#1220);
#1049=AXIS2_PLACEMENT_3D('',#3879,#1222,#1223);
#1050=AXIS2_PLACEMENT_3D('',#3881,#1225,#1226);
#1051=AXIS2_PLACEMENT_3D('',#3883,#1228,#1229);
#1052=AXIS2_PLACEMENT_3D('',#3884,#1230,#1231);
#1053=AXIS2_PLACEMENT_3D('',#3887,#1234,#1235);
#1054=AXIS2_PLACEMENT_3D('',#3889,#1237,#1238);
#1055=AXIS2_PLACEMENT_3D('',#3891,#1240,#1241);
#1056=AXIS2_PLACEMENT_3D('',#3893,#1243,#1244);
#1057=AXIS2_PLACEMENT_3D('',#3894,#1245,#1246);
#1058=AXIS2_PLACEMENT_3D('',#3897,#1249,#1250);
#1059=AXIS2_PLACEMENT_3D('',#3899,#1252,#1253);
#1060=AXIS2_PLACEMENT_3D('',#3901,#1255,#1256);
#1061=AXIS2_PLACEMENT_3D('',#3903,#1258,#1259);
#1062=AXIS2_PLACEMENT_3D('',#3904,#1260,#1261);
#1063=AXIS2_PLACEMENT_3D('',#3906,#1263,#1264);
#1064=AXIS2_PLACEMENT_3D('',#3908,#1266,#1267);
#1065=AXIS2_PLACEMENT_3D('',#3910,#1269,#1270);
#1066=AXIS2_PLACEMENT_3D('',#3911,#1271,#1272);
#1067=DIRECTION('axis',(0.,0.,1.));
#1068=DIRECTION('refdir',(1.,0.,0.));
#1069=DIRECTION('axis',(0.,0.,1.));
#1070=DIRECTION('refdir',(1.,0.,0.));
#1071=DIRECTION('center_axis',(0.,0.,-1.));
#1072=DIRECTION('ref_axis',(-1.,0.,0.));
#1073=DIRECTION('',(0.,0.,1.));
#1074=DIRECTION('center_axis',(0.,0.,1.));
#1075=DIRECTION('ref_axis',(1.,0.,0.));
#1076=DIRECTION('center_axis',(0.,0.,1.));
#1077=DIRECTION('ref_axis',(1.,0.,0.));
#1078=DIRECTION('',(0.,0.,1.));
#1079=DIRECTION('center_axis',(0.,0.,-1.));
#1080=DIRECTION('ref_axis',(1.,0.,0.));
#1081=DIRECTION('center_axis',(0.,0.,-1.));
#1082=DIRECTION('ref_axis',(1.,0.,0.));
#1083=DIRECTION('center_axis',(0.,0.,1.));
#1084=DIRECTION('ref_axis',(1.,0.,0.));
#1085=DIRECTION('center_axis',(0.,0.,-1.));
#1086=DIRECTION('ref_axis',(-1.,0.,0.));
#1087=DIRECTION('',(0.,0.,1.));
#1088=DIRECTION('center_axis',(0.,0.,-1.));
#1089=DIRECTION('ref_axis',(-1.,0.,0.));
#1090=DIRECTION('',(0.,0.,1.));
#1091=DIRECTION('center_axis',(0.,0.,-1.));
#1092=DIRECTION('ref_axis',(-1.,0.,0.));
#1093=DIRECTION('',(0.,0.,1.));
#1094=DIRECTION('center_axis',(0.,0.,-1.));
#1095=DIRECTION('ref_axis',(-1.,0.,0.));
#1096=DIRECTION('',(0.,0.,1.));
#1097=DIRECTION('center_axis',(0.,0.,-1.));
#1098=DIRECTION('ref_axis',(-1.,0.,0.));
#1099=DIRECTION('',(0.,0.,1.));
#1100=DIRECTION('center_axis',(0.,0.,-1.));
#1101=DIRECTION('ref_axis',(-1.,0.,0.));
#1102=DIRECTION('',(0.,0.,1.));
#1103=DIRECTION('center_axis',(0.,0.,-1.));
#1104=DIRECTION('ref_axis',(-1.,0.,0.));
#1105=DIRECTION('',(0.,0.,1.));
#1106=DIRECTION('center_axis',(0.,0.,-1.));
#1107=DIRECTION('ref_axis',(-1.,0.,0.));
#1108=DIRECTION('',(0.,0.,1.));
#1109=DIRECTION('center_axis',(0.,0.,-1.));
#1110=DIRECTION('ref_axis',(-1.,0.,0.));
#1111=DIRECTION('',(0.,0.,1.));
#1112=DIRECTION('center_axis',(0.,0.,-1.));
#1113=DIRECTION('ref_axis',(-1.,0.,0.));
#1114=DIRECTION('',(0.,0.,1.));
#1115=DIRECTION('center_axis',(0.,0.,1.));
#1116=DIRECTION('ref_axis',(1.,0.,0.));
#1117=DIRECTION('',(0.707106781186549,8.65956056235495E-17,-0.707106781186546));
#1118=DIRECTION('center_axis',(0.,0.,-1.));
#1119=DIRECTION('ref_axis',(1.,2.66453525910038E-15,0.));
#1120=DIRECTION('center_axis',(0.,0.,1.));
#1121=DIRECTION('ref_axis',(1.,0.,0.));
#1122=DIRECTION('',(0.,0.,-1.));
#1123=DIRECTION('center_axis',(0.,-1.11011281821184E-17,-1.));
#1124=DIRECTION('ref_axis',(0.,-1.,1.11011281821184E-17));
#1125=DIRECTION('center_axis',(0.,0.,1.));
#1126=DIRECTION('ref_axis',(1.,0.,0.));
#1127=DIRECTION('',(0.,0.,-1.));
#1128=DIRECTION('center_axis',(0.,0.,1.));
#1129=DIRECTION('ref_axis',(1.,0.,0.));
#1130=DIRECTION('',(0.,0.,-1.));
#1131=DIRECTION('center_axis',(0.,0.,1.));
#1132=DIRECTION('ref_axis',(1.,0.,0.));
#1133=DIRECTION('',(0.,0.,-1.));
#1134=DIRECTION('center_axis',(0.,0.,1.));
#1135=DIRECTION('ref_axis',(1.,0.,0.));
#1136=DIRECTION('',(0.,0.,-1.));
#1137=DIRECTION('center_axis',(0.,0.,1.));
#1138=DIRECTION('ref_axis',(1.,0.,0.));
#1139=DIRECTION('',(0.,0.,-1.));
#1140=DIRECTION('center_axis',(0.,0.,1.));
#1141=DIRECTION('ref_axis',(1.,0.,0.));
#1142=DIRECTION('',(0.,0.,-1.));
#1143=DIRECTION('center_axis',(0.,0.,1.));
#1144=DIRECTION('ref_axis',(1.,0.,0.));
#1145=DIRECTION('',(0.,0.,-1.));
#1146=DIRECTION('center_axis',(0.,0.,1.));
#1147=DIRECTION('ref_axis',(1.,0.,0.));
#1148=DIRECTION('',(0.,0.,-1.));
#1149=DIRECTION('center_axis',(0.,0.,1.));
#1150=DIRECTION('ref_axis',(1.,0.,0.));
#1151=DIRECTION('',(0.,0.,-1.));
#1152=DIRECTION('center_axis',(0.,0.,1.));
#1153=DIRECTION('ref_axis',(1.,0.,0.));
#1154=DIRECTION('',(-0.707106781186549,-8.65956056235495E-17,0.707106781186546));
#1155=DIRECTION('center_axis',(0.,0.,-1.));
#1156=DIRECTION('ref_axis',(1.,7.105427357601E-15,0.));
#1157=DIRECTION('center_axis',(0.,0.,-1.));
#1158=DIRECTION('ref_axis',(1.,0.,0.));
#1159=DIRECTION('center_axis',(0.,0.,-1.));
#1160=DIRECTION('ref_axis',(1.,-1.68753899743024E-14,0.));
#1161=DIRECTION('center_axis',(0.,0.,-1.));
#1162=DIRECTION('ref_axis',(1.,-7.105427357601E-15,0.));
#1163=DIRECTION('center_axis',(0.,0.,-1.));
#1164=DIRECTION('ref_axis',(1.,7.105427357601E-15,0.));
#1165=DIRECTION('center_axis',(0.,0.,1.));
#1166=DIRECTION('ref_axis',(1.,0.,0.));
#1167=DIRECTION('',(0.246790143112915,-0.0844599239044547,0.965381347715171));
#1168=DIRECTION('center_axis',(0.,0.,1.));
#1169=DIRECTION('ref_axis',(1.,0.,0.));
#1170=DIRECTION('',(0.246790143112907,0.0844599239044569,0.965381347715173));
#1171=DIRECTION('center_axis',(0.,0.,1.));
#1172=DIRECTION('ref_axis',(1.,0.,0.));
#1173=DIRECTION('center_axis',(0.,1.11011281821184E-17,1.));
#1174=DIRECTION('ref_axis',(0.,-1.,1.11011281821184E-17));
#1175=DIRECTION('center_axis',(0.,1.11011281821184E-17,1.));
#1176=DIRECTION('ref_axis',(0.,-1.,1.11011281821184E-17));
#1177=DIRECTION('',(8.65956056235494E-17,-0.707106781186548,-0.707106781186547));
#1178=DIRECTION('center_axis',(0.,-1.11011281821184E-17,-1.));
#1179=DIRECTION('ref_axis',(0.,-1.,1.11011281821184E-17));
#1180=DIRECTION('center_axis',(0.,0.,1.));
#1181=DIRECTION('ref_axis',(1.,0.,0.));
#1182=DIRECTION('center_axis',(0.,0.,-1.));
#1183=DIRECTION('ref_axis',(-1.,0.,0.));
#1184=DIRECTION('center_axis',(0.,0.,1.));
#1185=DIRECTION('ref_axis',(1.,0.,0.));
#1186=DIRECTION('center_axis',(0.,0.,-1.));
#1187=DIRECTION('ref_axis',(-1.,0.,0.));
#1188=DIRECTION('',(0.707106781186549,8.65956056235495E-17,-0.707106781186546));
#1189=DIRECTION('center_axis',(0.,0.,1.));
#1190=DIRECTION('ref_axis',(1.,0.,0.));
#1191=DIRECTION('',(3.0465640258902E-15,-1.,0.));
#1192=DIRECTION('center_axis',(0.,0.,1.));
#1193=DIRECTION('ref_axis',(1.,0.,0.));
#1194=DIRECTION('',(0.,1.,0.));
#1195=DIRECTION('',(-0.38268343236509,0.923879532511287,0.));
#1196=DIRECTION('',(-0.923879532511287,0.38268343236509,0.));
#1197=DIRECTION('',(-1.,4.44917312952937E-16,0.));
#1198=DIRECTION('',(1.,1.04744440165294E-14,0.));
#1199=DIRECTION('',(0.923879532511283,0.3826834323651,0.));
#1200=DIRECTION('',(0.38268343236508,0.923879532511291,0.));
#1201=DIRECTION('',(-1.00295267035765E-14,1.,0.));
#1202=DIRECTION('center_axis',(0.,0.,1.));
#1203=DIRECTION('ref_axis',(-1.,-6.98296267768627E-15,0.));
#1204=DIRECTION('',(6.98296267768627E-15,-1.,0.));
#1205=DIRECTION('',(0.382683432365096,-0.923879532511284,0.));
#1206=DIRECTION('',(0.923879532511289,-0.382683432365084,0.));
#1207=DIRECTION('',(1.,6.53804536473333E-15,0.));
#1208=DIRECTION('center_axis',(0.,0.,1.));
#1209=DIRECTION('ref_axis',(-3.49148133884313E-15,1.,0.));
#1210=DIRECTION('',(-1.,-3.49148133884313E-15,0.));
#1211=DIRECTION('',(-0.923879532511285,-0.382683432365093,0.));
#1212=DIRECTION('',(-0.382683432365087,-0.923879532511288,0.));
#1213=DIRECTION('center_axis',(0.,1.11011281821184E-17,1.));
#1214=DIRECTION('ref_axis',(0.,-1.,1.11011281821184E-17));
#1215=DIRECTION('center_axis',(0.,0.,1.));
#1216=DIRECTION('ref_axis',(1.,0.,0.));
#1217=DIRECTION('',(0.0844599239044595,0.246790143112912,0.965381347715172));
#1218=DIRECTION('',(-0.0844599239044568,0.24679014311291,0.965381347715173));
#1219=DIRECTION('center_axis',(-0.996194698091746,0.,0.0871557427476584));
#1220=DIRECTION('ref_axis',(0.0871557427476584,0.,0.996194698091746));
#1221=DIRECTION('',(0.0871426484044397,0.0173337504938602,0.996045029063886));
#1222=DIRECTION('center_axis',(-0.920363891963224,-0.381227206369654,0.0871557427476584));
#1223=DIRECTION('ref_axis',(0.38268343236509,-0.923879532511287,3.46944695195361E-18));
#1224=DIRECTION('',(0.0666626913468323,0.0666626913468323,0.995546167269401));
#1225=DIRECTION('center_axis',(-0.381227206369654,-0.920363891963224,0.0871557427476583));
#1226=DIRECTION('ref_axis',(0.923879532511287,-0.38268343236509,-6.93889390390723E-18));
#1227=DIRECTION('',(0.0173337504938603,0.0871426484044397,0.996045029063886));
#1228=DIRECTION('center_axis',(-4.43224268252942E-16,-0.996194698091746,
0.0871557427476584));
#1229=DIRECTION('ref_axis',(-6.16297582203915E-33,-0.0871557427476584,-0.996194698091746));
#1230=DIRECTION('center_axis',(0.,0.,1.));
#1231=DIRECTION('ref_axis',(-3.49148133884313E-15,1.,0.));
#1232=DIRECTION('',(-0.24679014311291,0.0844599239044575,0.965381347715173));
#1233=DIRECTION('',(-0.246790143112907,-0.0844599239044569,0.965381347715173));
#1234=DIRECTION('center_axis',(3.4781951982418E-15,-0.996194698091746,0.0871557427476584));
#1235=DIRECTION('ref_axis',(0.,-0.0871557427476584,-0.996194698091746));
#1236=DIRECTION('',(-0.0173337504938605,0.0871426484044397,0.996045029063886));
#1237=DIRECTION('center_axis',(0.381227206369657,-0.920363891963223,0.0871557427476584));
#1238=DIRECTION('ref_axis',(0.923879532511285,0.382683432365093,0.));
#1239=DIRECTION('',(-0.0666626913468326,0.0666626913468321,0.995546167269401));
#1240=DIRECTION('center_axis',(0.920363891963226,-0.381227206369651,0.0871557427476584));
#1241=DIRECTION('ref_axis',(0.382683432365087,0.923879532511288,3.46944695195361E-18));
#1242=DIRECTION('',(-0.0871426484044397,0.0173337504938599,0.996045029063886));
#1243=DIRECTION('center_axis',(0.996194698091746,3.03497092998886E-15,0.0871557427476584));
#1244=DIRECTION('ref_axis',(0.0871557427476584,0.,-0.996194698091746));
#1245=DIRECTION('center_axis',(0.,0.,1.));
#1246=DIRECTION('ref_axis',(-1.,-6.98296267768627E-15,0.));
#1247=DIRECTION('',(-0.0844599239044568,-0.246790143112912,0.965381347715172));
#1248=DIRECTION('',(0.0844599239044603,-0.246790143112907,0.965381347715173));
#1249=DIRECTION('center_axis',(0.996194698091746,6.9563903964836E-15,0.0871557427476584));
#1250=DIRECTION('ref_axis',(0.0871557427476584,0.,-0.996194698091746));
#1251=DIRECTION('',(-0.0871426484044396,-0.0173337504938608,0.996045029063886));
#1252=DIRECTION('center_axis',(0.920363891963222,0.38122720636966,0.0871557427476583));
#1253=DIRECTION('ref_axis',(-0.382683432365096,0.923879532511284,0.));
#1254=DIRECTION('',(-0.0666626913468319,-0.0666626913468328,0.995546167269401));
#1255=DIRECTION('center_axis',(0.381227206369647,0.920363891963227,0.0871557427476583));
#1256=DIRECTION('ref_axis',(-0.923879532511289,0.382683432365084,-3.46944695195361E-18));
#1257=DIRECTION('',(-0.0173337504938597,-0.0871426484044398,0.996045029063886));
#1258=DIRECTION('center_axis',(-6.51316612823066E-15,0.996194698091746,
0.0871557427476584));
#1259=DIRECTION('ref_axis',(0.,-0.0871557427476584,0.996194698091746));
#1260=DIRECTION('center_axis',(-1.04345855947254E-14,0.996194698091746,
0.0871557427476584));
#1261=DIRECTION('ref_axis',(0.,-0.0871557427476584,0.996194698091746));
#1262=DIRECTION('',(0.0173337504938611,-0.0871426484044395,0.996045029063886));
#1263=DIRECTION('center_axis',(-0.381227206369663,0.92036389196322,0.0871557427476584));
#1264=DIRECTION('ref_axis',(-0.923879532511283,-0.3826834323651,0.));
#1265=DIRECTION('',(0.066662691346833,-0.0666626913468316,0.995546167269401));
#1266=DIRECTION('center_axis',(-0.920363891963228,0.381227206369644,0.0871557427476583));
#1267=DIRECTION('ref_axis',(-0.38268343236508,-0.923879532511291,-3.46944695195361E-18));
#1268=DIRECTION('',(0.0871426484044399,-0.0173337504938594,0.996045029063886));
#1269=DIRECTION('center_axis',(-0.996194698091746,-9.99136132647245E-15,
0.0871557427476584));
#1270=DIRECTION('ref_axis',(0.0871557427476584,-9.86076131526265E-32,0.996194698091746));
#1271=DIRECTION('',(0.,0.,1.));
#1272=DIRECTION('',(1.,0.,0.));
#1273=CARTESIAN_POINT('',(0.,0.,0.));
#1274=CARTESIAN_POINT('',(0.,0.,0.));
#1275=CARTESIAN_POINT('Origin',(0.,5.655958496055E-18,7.85685424949238));
#1276=CARTESIAN_POINT('',(2.,-6.4005374345975E-16,-0.275000000000019));
#1277=CARTESIAN_POINT('',(2.,-3.48500024406171E-15,-0.187500000000023));
#1278=CARTESIAN_POINT('',(2.,-2.39273401333416E-16,7.85685424949238));
#1279=CARTESIAN_POINT('',(-1.55263934774783,1.26067880755774,0.));
#1280=CARTESIAN_POINT('Ctrl Pts',(2.,-7.43703368757627E-16,-0.275000000000019));
#1281=CARTESIAN_POINT('Ctrl Pts',(2.,0.0127348050934152,-0.27425713636957));
#1282=CARTESIAN_POINT('Ctrl Pts',(1.99987836883239,0.0254750424045589,-0.273513955859704));
#1283=CARTESIAN_POINT('Ctrl Pts',(1.99472138991869,0.295290399810042,-0.257774726677718));
#1284=CARTESIAN_POINT('Ctrl Pts',(1.94027982437309,0.549051147372392,-0.242972016403249));
#1285=CARTESIAN_POINT('Ctrl Pts',(1.73719592916407,1.02453686478964,-0.21523534955391));
#1286=CARTESIAN_POINT('Ctrl Pts',(1.5895540089117,1.24131352262931,-0.2024296811469));
#1287=CARTESIAN_POINT('Ctrl Pts',(1.21655582265174,1.60925921959613,-0.172854753868148));
#1288=CARTESIAN_POINT('Ctrl Pts',(0.993706044268278,1.75563709243775,-0.157327441033979));
#1289=CARTESIAN_POINT('Ctrl Pts',(0.513220044318912,1.9496660557792,-0.127394999812918));
#1290=CARTESIAN_POINT('Ctrl Pts',(0.261520706445391,1.99906161365967,-0.113238911499745));
#1291=CARTESIAN_POINT('Ctrl Pts',(-0.257673055090125,2.00095086738646,-0.0869551006924377));
#1292=CARTESIAN_POINT('Ctrl Pts',(-0.520313123850409,1.94925422885714,-0.0722346593229819));
#1293=CARTESIAN_POINT('Ctrl Pts',(-0.919424104681561,1.78395239026019,-0.0472510078780411));
#1294=CARTESIAN_POINT('Ctrl Pts',(-1.06495189178486,1.70108906547757,-0.0374823665375829));
#1295=CARTESIAN_POINT('Ctrl Pts',(-1.3300751350174,1.50263557432026,-0.0183006043253973));
#1296=CARTESIAN_POINT('Ctrl Pts',(-1.44901845723345,1.38829725477585,-0.00895694025084099));
#1297=CARTESIAN_POINT('Ctrl Pts',(-1.55263934774781,1.26067880755776,-1.49619899803E-15));
#1298=CARTESIAN_POINT('',(-2.00000000000002,-2.39273401333417E-16,1.49572671728101E-14));
#1299=CARTESIAN_POINT('Origin',(0.,5.655958496055E-18,0.));
#1300=CARTESIAN_POINT('',(2.,-2.39273401333416E-16,0.));
#1301=CARTESIAN_POINT('Origin',(0.,5.655958496055E-18,0.));
#1302=CARTESIAN_POINT('',(2.,-2.39273401333416E-16,0.450000000000007));
#1303=CARTESIAN_POINT('',(2.,-2.39273401333416E-16,7.85685424949238));
#1304=CARTESIAN_POINT('',(-2.,3.52085954754864E-16,0.450000000000008));
#1305=CARTESIAN_POINT('Origin',(0.,0.,0.450000000000008));
#1306=CARTESIAN_POINT('Origin',(0.,0.,0.450000000000008));
#1307=CARTESIAN_POINT('',(-0.239150981997643,1.98565022292688,0.));
#1308=CARTESIAN_POINT('Origin',(0.,5.655958496055E-18,0.));
#1309=CARTESIAN_POINT('Ctrl Pts',(-0.239150981998882,1.98565022292673,9.06540158350339E-14));
#1310=CARTESIAN_POINT('Ctrl Pts',(0.0161697881591872,2.01640096250966,-0.0137952291668689));
#1311=CARTESIAN_POINT('Ctrl Pts',(0.274992150126073,1.99763085074138,-0.0264611944780269));
#1312=CARTESIAN_POINT('Ctrl Pts',(0.775040389254773,1.86209004076302,-0.055675979330911));
#1313=CARTESIAN_POINT('Ctrl Pts',(1.0110680204626,1.74522138176635,-0.0710083274878744));
#1314=CARTESIAN_POINT('Ctrl Pts',(1.42831868606526,1.42485921389321,-0.101430955160049));
#1315=CARTESIAN_POINT('Ctrl Pts',(1.60435728726187,1.22320812951147,-0.116146192445202));
#1316=CARTESIAN_POINT('Ctrl Pts',(1.86220399318397,0.772554237961436,-0.142434336118954));
#1317=CARTESIAN_POINT('Ctrl Pts',(1.9452133636326,0.529849874945096,-0.15659209062824));
#1318=CARTESIAN_POINT('Ctrl Pts',(1.99353342224875,0.185803586453944,-0.17666145745689));
#1319=CARTESIAN_POINT('Ctrl Pts',(2.,0.0928565057936268,-0.182083370495394));
#1320=CARTESIAN_POINT('Ctrl Pts',(2.,-7.80893827525216E-16,-0.187500000000022));
#1321=CARTESIAN_POINT('Origin',(0.,5.655958496055E-18,7.85685424949238));
#1322=CARTESIAN_POINT('',(2.,3.52328259888459E-15,-0.975000000000017));
#1323=CARTESIAN_POINT('',(2.,3.25900831934125E-15,-0.887500000000021));
#1324=CARTESIAN_POINT('',(2.,-2.39273401333416E-16,7.85685424949238));
#1325=CARTESIAN_POINT('Ctrl Pts',(2.,-7.43703368757627E-16,-0.975000000000018));
#1326=CARTESIAN_POINT('Ctrl Pts',(2.,0.0504254059780414,-0.972058517984632));
#1327=CARTESIAN_POINT('Ctrl Pts',(1.99809299838407,0.100908041550487,-0.969113697576202));
#1328=CARTESIAN_POINT('Ctrl Pts',(1.97491529324536,0.406328976334102,-0.951297476380492));
#1329=CARTESIAN_POINT('Ctrl Pts',(1.90683551044048,0.655295688417443,-0.936774418175631));
#1330=CARTESIAN_POINT('Ctrl Pts',(1.67676634977275,1.12174397244695,-0.909564934940576));
#1331=CARTESIAN_POINT('Ctrl Pts',(1.51401579738952,1.33328838451518,-0.895931030417384));
#1332=CARTESIAN_POINT('Ctrl Pts',(1.11700220769348,1.67964174119129,-0.865772666012073));
#1333=CARTESIAN_POINT('Ctrl Pts',(0.887173153986721,1.8115779111922,-0.850313989443175));
#1334=CARTESIAN_POINT('Ctrl Pts',(0.398348685644979,1.97623372037932,-0.820817021233321));
#1335=CARTESIAN_POINT('Ctrl Pts',(0.145146044431088,2.01073669021707,-0.807645662899247));
#1336=CARTESIAN_POINT('Ctrl Pts',(-0.372527802451797,1.98281315361283,-0.780679302115559));
#1337=CARTESIAN_POINT('Ctrl Pts',(-0.631818559275037,1.91600750298609,-0.765631915000379));
#1338=CARTESIAN_POINT('Ctrl Pts',(-1.10405020631943,1.6877116796461,-0.735117018322297));
#1339=CARTESIAN_POINT('Ctrl Pts',(-1.3134403102599,1.53042213432816,-0.719951406207235));
#1340=CARTESIAN_POINT('Ctrl Pts',(-1.65754552245654,1.14787252536241,-0.691410151051082));
#1341=CARTESIAN_POINT('Ctrl Pts',(-1.79026055405344,0.927379550855561,-0.679097140466546));
#1342=CARTESIAN_POINT('Ctrl Pts',(-1.96967827403904,0.437535270019865,-0.650522890751131));
#1343=CARTESIAN_POINT('Ctrl Pts',(-2.01038827435193,0.171411370835444,-0.63499899663204));
#1344=CARTESIAN_POINT('Ctrl Pts',(-1.985592879354,-0.350958101669649,-0.604527444069244));
#1345=CARTESIAN_POINT('Ctrl Pts',(-1.92428850850101,-0.602412879776568,
-0.589859248679673));
#1346=CARTESIAN_POINT('Ctrl Pts',(-1.70772910768157,-1.07343844146004,-0.562382757581473));
#1347=CARTESIAN_POINT('Ctrl Pts',(-1.55263540000886,-1.28761803636935,-0.549214073060523));
#1348=CARTESIAN_POINT('Ctrl Pts',(-1.16766672925311,-1.64495045490814,-0.519343973021898));
#1349=CARTESIAN_POINT('Ctrl Pts',(-0.941240389460519,-1.78419991234335,
-0.503843891043169));
#1350=CARTESIAN_POINT('Ctrl Pts',(-0.456462038741569,-1.9636687651191,-0.474119278099782));
#1351=CARTESIAN_POINT('Ctrl Pts',(-0.204052734912512,-2.00565044893188,
-0.46047317113566));
#1352=CARTESIAN_POINT('Ctrl Pts',(0.314452829619359,-1.99284264665068,-0.433905669100648));
#1353=CARTESIAN_POINT('Ctrl Pts',(0.5755377276557,-1.93365169865615,-0.418989740786577));
#1354=CARTESIAN_POINT('Ctrl Pts',(1.05487095429221,-1.71899002113304,-0.388513748042019));
#1355=CARTESIAN_POINT('Ctrl Pts',(1.26930372794903,-1.5673425696398,-0.373257950659005));
#1356=CARTESIAN_POINT('Ctrl Pts',(1.62394336217271,-1.19475029578238,-0.344474938279951));
#1357=CARTESIAN_POINT('Ctrl Pts',(1.76246614525997,-0.978940730687307,-0.332104875956726));
#1358=CARTESIAN_POINT('Ctrl Pts',(1.95147842954677,-0.506527509663297,-0.30454743806366));
#1359=CARTESIAN_POINT('Ctrl Pts',(2.,-0.254347224037064,-0.289836921402181));
#1360=CARTESIAN_POINT('Ctrl Pts',(2.,4.16333634234434E-16,-0.275000000000019));
#1361=CARTESIAN_POINT('Ctrl Pts',(2.,-3.81639164714898E-16,-0.187500000000022));
#1362=CARTESIAN_POINT('Ctrl Pts',(2.,-0.170025261706977,-0.197418140266263));
#1363=CARTESIAN_POINT('Ctrl Pts',(1.97831751205859,-0.339746847789421,-0.207318566121086));
#1364=CARTESIAN_POINT('Ctrl Pts',(1.86957712425131,-0.756447690789763,-0.231626115296106));
#1365=CARTESIAN_POINT('Ctrl Pts',(1.75560864803039,-0.992650177089286,-0.244428865014426));
#1366=CARTESIAN_POINT('Ctrl Pts',(1.44526921697308,-1.40618035309738,-0.272167935295008));
#1367=CARTESIAN_POINT('Ctrl Pts',(1.25267650284342,-1.58016290123291,-0.286971853625131));
#1368=CARTESIAN_POINT('Ctrl Pts',(0.803507192717557,-1.85090293313628,-0.317559639823856));
#1369=CARTESIAN_POINT('Ctrl Pts',(0.549163874130405,-1.94162727204368,-0.333054719927448));
#1370=CARTESIAN_POINT('Ctrl Pts',(0.0328959438759786,-2.01581897901139,
-0.361299544708313));
#1371=CARTESIAN_POINT('Ctrl Pts',(-0.223251626187849,-2.00369047522954,
-0.373670619955874));
#1372=CARTESIAN_POINT('Ctrl Pts',(-0.723213664027743,-1.88272681332494,
-0.402455883260426));
#1373=CARTESIAN_POINT('Ctrl Pts',(-0.961737282778231,-1.77277873357953,
-0.417712473858697));
#1374=CARTESIAN_POINT('Ctrl Pts',(-1.38722660912316,-1.46487358945138,-0.448187973558908));
#1375=CARTESIAN_POINT('Ctrl Pts',(-1.56897542383869,-1.26831316559151,-0.463102599542816));
#1376=CARTESIAN_POINT('Ctrl Pts',(-1.83920010589184,-0.825600555204251,
-0.489666301310054));
#1377=CARTESIAN_POINT('Ctrl Pts',(-1.9289825469941,-0.585987487112991,-0.503317396585108));
#1378=CARTESIAN_POINT('Ctrl Pts',(-2.0158055182856,-0.076386179616779,-0.533044139522387));
#1379=CARTESIAN_POINT('Ctrl Pts',(-2.0083485230692,0.18933511974547,-0.548544548651851));
#1380=CARTESIAN_POINT('Ctrl Pts',(-1.89122693344723,0.701346060373555,-0.578411853521822));
#1381=CARTESIAN_POINT('Ctrl Pts',(-1.78323099608906,0.94270083814025,-0.591576579412433));
#1382=CARTESIAN_POINT('Ctrl Pts',(-1.48348854370641,1.36566931433589,-0.619055593705573));
#1383=CARTESIAN_POINT('Ctrl Pts',(-1.29632197379905,1.54444276061386,-0.633725127804954));
#1384=CARTESIAN_POINT('Ctrl Pts',(-0.856245900328251,1.82698927525204,-0.664197896269934));
#1385=CARTESIAN_POINT('Ctrl Pts',(-0.605386583701948,1.92472874229333,-0.67972157894881));
#1386=CARTESIAN_POINT('Ctrl Pts',(-0.0914371269879252,2.01412509816182,
-0.708292747665215));
#1387=CARTESIAN_POINT('Ctrl Pts',(0.165861485490414,2.00936643813555,-0.720605827384484));
#1388=CARTESIAN_POINT('Ctrl Pts',(0.669180367712124,1.90250323651762,-0.749149408827161));
#1389=CARTESIAN_POINT('Ctrl Pts',(0.910070689406537,1.79974234988452,-0.764315934410562));
#1390=CARTESIAN_POINT('Ctrl Pts',(1.34381990584,1.5048014036488,-0.794830586026776));
#1391=CARTESIAN_POINT('Ctrl Pts',(1.53126729908483,1.31360010148024,-0.809876785931378));
#1392=CARTESIAN_POINT('Ctrl Pts',(1.81416669971832,0.879163939583795,-0.836839394600424));
#1393=CARTESIAN_POINT('Ctrl Pts',(1.91082240410333,0.642604079561167,-0.850014762025626));
#1394=CARTESIAN_POINT('Ctrl Pts',(1.98691806117576,0.264133596259218,-0.872092206884906));
#1395=CARTESIAN_POINT('Ctrl Pts',(2.,0.132070249381896,-0.879795902119411));
#1396=CARTESIAN_POINT('Ctrl Pts',(2.,-3.46944695195361E-16,-0.887500000000021));
#1397=CARTESIAN_POINT('Origin',(0.,5.655958496055E-18,7.85685424949238));
#1398=CARTESIAN_POINT('',(2.,-9.36158485270557E-17,-1.67500000000002));
#1399=CARTESIAN_POINT('',(2.,-8.2728370377577E-15,-1.58750000000002));
#1400=CARTESIAN_POINT('',(2.,-2.39273401333416E-16,7.85685424949238));
#1401=CARTESIAN_POINT('Ctrl Pts',(2.,9.81689051369177E-15,-1.67500000000002));
#1402=CARTESIAN_POINT('Ctrl Pts',(2.,0.0894337051955538,-1.66978303386361));
#1403=CARTESIAN_POINT('Ctrl Pts',(1.99400137247687,0.178959091897581,-1.6645607196393));
#1404=CARTESIAN_POINT('Ctrl Pts',(1.94789650847715,0.519960696466504,-1.64466895937278));
#1405=CARTESIAN_POINT('Ctrl Pts',(1.86607289467358,0.763203228657628,-1.63047981166163));
#1406=CARTESIAN_POINT('Ctrl Pts',(1.6103907175279,1.21525908726228,-1.60410988657636));
#1407=CARTESIAN_POINT('Ctrl Pts',(1.43534020078438,1.41778756301683,-1.58949192556755));
#1408=CARTESIAN_POINT('Ctrl Pts',(1.01956932031934,1.74028728570727,-1.55908170855195));
#1409=CARTESIAN_POINT('Ctrl Pts',(0.783996013305975,1.85835454190766,-1.54373735292702));
#1410=CARTESIAN_POINT('Ctrl Pts',(0.287984135522524,1.99533385082538,-1.51468452135713));
#1411=CARTESIAN_POINT('Ctrl Pts',(0.0330244543734677,2.01573381552847,-1.50212723724486));
#1412=CARTESIAN_POINT('Ctrl Pts',(-0.482630508362386,1.95893497314927,-1.47442067033199));
#1413=CARTESIAN_POINT('Ctrl Pts',(-0.737857329572953,1.8777348442498,-1.45915874677018));
#1414=CARTESIAN_POINT('Ctrl Pts',(-1.19543927621575,1.6240383486698,-1.42864307289293));
#1415=CARTESIAN_POINT('Ctrl Pts',(-1.39479428503568,1.45641771663794,-1.41368309184143));
#1416=CARTESIAN_POINT('Ctrl Pts',(-1.71852395768851,1.05500613014136,-1.38562103020751));
#1417=CARTESIAN_POINT('Ctrl Pts',(-1.83996574087544,0.825163459927552,-1.37313453516243));
#1418=CARTESIAN_POINT('Ctrl Pts',(-1.99116592018636,0.324830244778254,-1.34394843094539));
#1419=CARTESIAN_POINT('Ctrl Pts',(-2.01663836608988,0.0583903654186478,
-1.32840610464941));
#1420=CARTESIAN_POINT('Ctrl Pts',(-1.96326768503817,-0.458949020095266,
-1.29822797382777));
#1421=CARTESIAN_POINT('Ctrl Pts',(-1.88879643161502,-0.705369371124222,
-1.28385345335108));
#1422=CARTESIAN_POINT('Ctrl Pts',(-1.64576855766875,-1.16732578844264,-1.25690599567417));
#1423=CARTESIAN_POINT('Ctrl Pts',(-1.47549406156056,-1.37629696484889,-1.24273056671783));
#1424=CARTESIAN_POINT('Ctrl Pts',(-1.06689884507405,-1.71178756814467,-1.21230395027674));
#1425=CARTESIAN_POINT('Ctrl Pts',(-0.833989842613959,-1.83656095984986,
-1.19689859476615));
#1426=CARTESIAN_POINT('Ctrl Pts',(-0.341379333428037,-1.98686392987303,
-1.16762898725811));
#1427=CARTESIAN_POINT('Ctrl Pts',(-0.0873115056705701,-2.01407874275867,
-1.15482144561106));
#1428=CARTESIAN_POINT('Ctrl Pts',(0.42939522094485,-1.97128473689687,-1.1274702199327));
#1429=CARTESIAN_POINT('Ctrl Pts',(0.686696495910037,-1.8970373132323,-1.11230628604397));
#1430=CARTESIAN_POINT('Ctrl Pts',(1.1515574894044,-1.65554820602501,-1.08177893702407));
#1431=CARTESIAN_POINT('Ctrl Pts',(1.35584294331188,-1.49286252986537,-1.06671381522815));
#1432=CARTESIAN_POINT('Ctrl Pts',(1.68949621258344,-1.1005745081574,-1.03841653583904));
#1433=CARTESIAN_POINT('Ctrl Pts',(1.81644033079967,-0.875332951902145,-1.02606108886094));
#1434=CARTESIAN_POINT('Ctrl Pts',(1.96547671054159,-0.428042270033138,-0.999969132418581));
#1435=CARTESIAN_POINT('Ctrl Pts',(2.,-0.21453910524155,-0.987514781139108));
#1436=CARTESIAN_POINT('Ctrl Pts',(2.,9.71445146547012E-16,-0.975000000000017));
#1437=CARTESIAN_POINT('Ctrl Pts',(2.,-1.35308431126191E-15,-0.887500000000021));
#1438=CARTESIAN_POINT('Ctrl Pts',(2.,-0.129157112639921,-0.895034164904017));
#1439=CARTESIAN_POINT('Ctrl Pts',(1.98748884367155,-0.258320826639008,-0.902568714887303));
#1440=CARTESIAN_POINT('Ctrl Pts',(1.91148668752827,-0.645064140777382,-0.925128741545374));
#1441=CARTESIAN_POINT('Ctrl Pts',(1.80960122088686,-0.891731974670046,-0.938757812627475));
#1442=CARTESIAN_POINT('Ctrl Pts',(1.52057880125861,-1.32411385934454,-0.965969828460724));
#1443=CARTESIAN_POINT('Ctrl Pts',(1.3389547928924,-1.50751353161212,-0.980494294204161));
#1444=CARTESIAN_POINT('Ctrl Pts',(0.908271947862201,-1.80157589115468,-1.01082841296909));
#1445=CARTESIAN_POINT('Ctrl Pts',(0.661081123091531,-1.90620749356961,-1.0263677908465));
#1446=CARTESIAN_POINT('Ctrl Pts',(0.149616996541121,-2.01078883369641,-1.05525630065869));
#1447=CARTESIAN_POINT('Ctrl Pts',(-0.108908218912915,-2.01340370216146,
-1.06761090026879));
#1448=CARTESIAN_POINT('Ctrl Pts',(-0.61543683856994,-1.92046596731395,-1.09591047225657));
#1449=CARTESIAN_POINT('Ctrl Pts',(-0.858450739164144,-1.82482610011571,
-1.11097658071411));
#1450=CARTESIAN_POINT('Ctrl Pts',(-1.29994681547319,-1.54286769406719,-1.14150393192623));
#1451=CARTESIAN_POINT('Ctrl Pts',(-1.4928477157315,-1.35711064693676,-1.15666684213633));
#1452=CARTESIAN_POINT('Ctrl Pts',(-1.78814698405312,-0.930949042041011,
-1.18401452791744));
#1453=CARTESIAN_POINT('Ctrl Pts',(-1.89154956543607,-0.697286022012087,
-1.19682498204932));
#1454=CARTESIAN_POINT('Ctrl Pts',(-2.00755685120289,-0.195484875016174,
-1.22609671562408));
#1455=CARTESIAN_POINT('Ctrl Pts',(-2.01588325386778,0.068616372621263,-1.24150262173626));
#1456=CARTESIAN_POINT('Ctrl Pts',(-1.92949666230875,0.590174000176948,-1.27192681667701));
#1457=CARTESIAN_POINT('Ctrl Pts',(-1.83360397109212,0.842073068140371,-1.28609685335311));
#1458=CARTESIAN_POINT('Ctrl Pts',(-1.5549563666554,1.2834374467348,-1.31304674213729));
#1459=CARTESIAN_POINT('Ctrl Pts',(-1.37873580107752,1.47110329280052,-1.32742266602436));
#1460=CARTESIAN_POINT('Ctrl Pts',(-0.957306201455393,1.77589642793181,-1.35760230891782));
#1461=CARTESIAN_POINT('Ctrl Pts',(-0.713791874832336,1.88699792413164,-1.37314466215104));
#1462=CARTESIAN_POINT('Ctrl Pts',(-0.20486649539318,2.00608856717095,-1.40232810716115));
#1463=CARTESIAN_POINT('Ctrl Pts',(0.0548924016166697,2.01577338940726,-1.41481300530834));
#1464=CARTESIAN_POINT('Ctrl Pts',(0.564363505875072,1.936001194047,-1.44287723126862));
#1465=CARTESIAN_POINT('Ctrl Pts',(0.809189116535353,1.84710361299518,-1.45783821395182));
#1466=CARTESIAN_POINT('Ctrl Pts',(1.2576262363006,1.5775606721382,-1.48835409609362));
#1467=CARTESIAN_POINT('Ctrl Pts',(1.45551636197314,1.39707925202041,-1.50361518027983));
#1468=CARTESIAN_POINT('Ctrl Pts',(1.76242786969121,0.978835852460843,-1.53131854724018));
#1469=CARTESIAN_POINT('Ctrl Pts',(1.87218307203899,0.747810719434012,-1.54387770803304));
#1470=CARTESIAN_POINT('Ctrl Pts',(1.97854441253326,0.337961377983607,-1.56778558628431));
#1471=CARTESIAN_POINT('Ctrl Pts',(2.,0.169133367324917,-1.57763388690607));
#1472=CARTESIAN_POINT('Ctrl Pts',(2.,-2.30024332914525E-14,-1.58750000000002));
#1473=CARTESIAN_POINT('Origin',(0.,5.655958496055E-18,7.85685424949238));
#1474=CARTESIAN_POINT('',(2.,2.79903554766427E-15,-2.37500000000001));
#1475=CARTESIAN_POINT('',(2.,-3.97192456822997E-16,-2.28750000000002));
#1476=CARTESIAN_POINT('',(2.,-2.39273401333416E-16,7.85685424949238));
#1477=CARTESIAN_POINT('Ctrl Pts',(2.,1.27328703136698E-14,-2.37500000000001));
#1478=CARTESIAN_POINT('Ctrl Pts',(2.,0.128506816641303,-2.36750376902927));
#1479=CARTESIAN_POINT('Ctrl Pts',(1.98761452111026,0.257023399617135,-2.36000696835567));
#1480=CARTESIAN_POINT('Ctrl Pts',(1.91422255406264,0.632418878974894,-2.33810889872646));
#1481=CARTESIAN_POINT('Ctrl Pts',(1.81881093680094,0.869523749533091,-2.32485518506907));
#1482=CARTESIAN_POINT('Ctrl Pts',(1.53820339681225,1.3054697395568,-2.29796432030283));
#1483=CARTESIAN_POINT('Ctrl Pts',(1.35177744303526,1.49765560734312,-2.28294100513182));
#1484=CARTESIAN_POINT('Ctrl Pts',(0.919496742251471,1.79496405189352,-2.25243148817317));
#1485=CARTESIAN_POINT('Ctrl Pts',(0.679019870598858,1.89903163610139,-2.2372477373078));
#1486=CARTESIAN_POINT('Ctrl Pts',(0.176302052526579,2.00845431979558,-2.20865986895255));
#1487=CARTESIAN_POINT('Ctrl Pts',(-0.0807803510839539,2.01455751074289,
-2.19634372028702));
#1488=CARTESIAN_POINT('Ctrl Pts',(-0.595165248000585,1.92793384036136,-2.16783142393114));
#1489=CARTESIAN_POINT('Ctrl Pts',(-0.846674179702048,1.83146544168081,-2.15231199672858));
#1490=CARTESIAN_POINT('Ctrl Pts',(-1.28843218095537,1.5510518987718,-2.12181647206146));
#1491=CARTESIAN_POINT('Ctrl Pts',(-1.47659772189207,1.37314049081273,-2.10712161457952));
#1492=CARTESIAN_POINT('Ctrl Pts',(-1.77828272915922,0.951892227622108,-2.07959463888947));
#1493=CARTESIAN_POINT('Ctrl Pts',(-1.88737812524644,0.71148955004054,-2.06650355708569));
#1494=CARTESIAN_POINT('Ctrl Pts',(-2.0072941711526,0.200393746069908,-2.03668963518741));
#1495=CARTESIAN_POINT('Ctrl Pts',(-2.01620947370114,-0.0654301749688348,
-2.02118323979348));
#1496=CARTESIAN_POINT('Ctrl Pts',(-1.93208303696421,-0.575724186980706,
-1.99141608909279));
#1497=CARTESIAN_POINT('Ctrl Pts',(-1.84353654513788,-0.815897141045873,
-1.97766838643833));
#1498=CARTESIAN_POINT('Ctrl Pts',(-1.57559324563719,-1.26008081693347,-1.95117702981669));
#1499=CARTESIAN_POINT('Ctrl Pts',(-1.39488263224474,-1.45758346639637,-1.93628737026136));
#1500=CARTESIAN_POINT('Ctrl Pts',(-0.970915311561337,-1.76778824104761,
-1.90582168691234));
#1501=CARTESIAN_POINT('Ctrl Pts',(-0.732838246206644,-1.87901950647022,
-1.89055022911593));
#1502=CARTESIAN_POINT('Ctrl Pts',(-0.23348896994061,-2.00250734988123,-1.86172229943099));
#1503=CARTESIAN_POINT('Ctrl Pts',(0.0224629293440956,-2.01594603520391,
-1.84933030709187));
#1504=CARTESIAN_POINT('Ctrl Pts',(0.539125638302621,-1.94445797903065,-1.8211443953033));
#1505=CARTESIAN_POINT('Ctrl Pts',(0.794068242817591,-1.85499219682761,-1.80565574828805));
#1506=CARTESIAN_POINT('Ctrl Pts',(1.24482073777516,-1.58637906987278,-1.77505001725048));
#1507=CARTESIAN_POINT('Ctrl Pts',(1.43836473376405,-1.41326448715899,-1.76022335758021));
#1508=CARTESIAN_POINT('Ctrl Pts',(1.75057441756661,-1.00141393420612,-1.73243879459938));
#1509=CARTESIAN_POINT('Ctrl Pts',(1.86559107967291,-0.766110009530232,-1.71968975055592));
#1510=CARTESIAN_POINT('Ctrl Pts',(1.97739488379256,-0.346863782584698,-1.69523372065077));
#1511=CARTESIAN_POINT('Ctrl Pts',(2.,-0.173604622921585,-1.68512693633711));
#1512=CARTESIAN_POINT('Ctrl Pts',(2.,7.84095011141517E-15,-1.67500000000002));
#1513=CARTESIAN_POINT('Ctrl Pts',(2.,-2.21253251132145E-14,-1.58750000000002));
#1514=CARTESIAN_POINT('Ctrl Pts',(2.,-0.0907604976888894,-1.5927943623652));
#1515=CARTESIAN_POINT('Ctrl Pts',(1.99382205604425,-0.181608926487054,-1.5980938540451));
#1516=CARTESIAN_POINT('Ctrl Pts',(1.94537622795463,-0.534635074881915,-1.6186870460348));
#1517=CARTESIAN_POINT('Ctrl Pts',(1.85744308305036,-0.787476184283233,-1.63330013644131));
#1518=CARTESIAN_POINT('Ctrl Pts',(1.59367588568167,-1.23487149534468,-1.65967419680763));
#1519=CARTESIAN_POINT('Ctrl Pts',(1.42387981693928,-1.42731547012752,-1.67386492909676));
#1520=CARTESIAN_POINT('Ctrl Pts',(1.0135676560207,-1.74426894943456,-1.70383761627539));
#1521=CARTESIAN_POINT('Ctrl Pts',(0.774545262824368,-1.8627625234412,-1.71936864761783));
#1522=CARTESIAN_POINT('Ctrl Pts',(0.268798476343895,-1.99877290752169,-1.74888500844368));
#1523=CARTESIAN_POINT('Ctrl Pts',(0.00752381684070776,-2.01674868686828,
-1.76163140733618));
#1524=CARTESIAN_POINT('Ctrl Pts',(-0.505227590199446,-1.95216749296397,
-1.78941827724389));
#1525=CARTESIAN_POINT('Ctrl Pts',(-0.751907014269946,-1.87104685131597,
-1.80424608374906));
#1526=CARTESIAN_POINT('Ctrl Pts',(-1.20985532641661,-1.61486665959378,-1.83485270687074));
#1527=CARTESIAN_POINT('Ctrl Pts',(-1.41476593163552,-1.43875449809902,-1.85034101597576));
#1528=CARTESIAN_POINT('Ctrl Pts',(-1.73489868320965,-1.02696950381318,-1.87852392554349));
#1529=CARTESIAN_POINT('Ctrl Pts',(-1.85117376321448,-0.798564558535451,
-1.89091706741879));
#1530=CARTESIAN_POINT('Ctrl Pts',(-1.99377788989326,-0.30433433559937,-1.91974716375672));
#1531=CARTESIAN_POINT('Ctrl Pts',(-2.01641933259146,-0.0425251208612926,
-1.93501936794978));
#1532=CARTESIAN_POINT('Ctrl Pts',(-1.95961766514873,0.479734779998577,-1.96548452883327));
#1533=CARTESIAN_POINT('Ctrl Pts',(-1.87886276061786,0.734964107492964,-1.98037290627044));
#1534=CARTESIAN_POINT('Ctrl Pts',(-1.62803718810108,1.1890383990214,-2.00686057327627));
#1535=CARTESIAN_POINT('Ctrl Pts',(-1.46425830270124,1.38576816963939,-2.02061328649041));
#1536=CARTESIAN_POINT('Ctrl Pts',(-1.06429467775857,1.7136692844915,-2.05038249082802));
#1537=CARTESIAN_POINT('Ctrl Pts',(-0.829585217789885,1.83879846260682,-2.06588917922213));
#1538=CARTESIAN_POINT('Ctrl Pts',(-0.326974621760517,1.99034933858808,-2.09570036985999));
#1539=CARTESIAN_POINT('Ctrl Pts',(-0.0642460636633414,2.01599855584346,
-2.10878778326643));
#1540=CARTESIAN_POINT('Ctrl Pts',(0.45138159392922,1.96522609422383,-2.13631720133519));
#1541=CARTESIAN_POINT('Ctrl Pts',(0.699527370893076,1.89115950528237,-2.15101334206971));
#1542=CARTESIAN_POINT('Ctrl Pts',(1.16319989370562,1.6486639201403,-2.18151000735758));
#1543=CARTESIAN_POINT('Ctrl Pts',(1.37245865118876,1.47902391721842,-2.19702920577292));
#1544=CARTESIAN_POINT('Ctrl Pts',(1.70455783470131,1.07677545722775,-2.22553848841002));
#1545=CARTESIAN_POINT('Ctrl Pts',(1.82774859155422,0.851059145336732,-2.23785488318871));
#1546=CARTESIAN_POINT('Ctrl Pts',(1.96814151604958,0.41129409637847,-2.26350784437794));
#1547=CARTESIAN_POINT('Ctrl Pts',(2.,0.206093737297767,-2.27547786532432));
#1548=CARTESIAN_POINT('Ctrl Pts',(2.,7.35522753814166E-15,-2.28750000000002));
#1549=CARTESIAN_POINT('Origin',(0.,5.655958496055E-18,7.85685424949238));
#1550=CARTESIAN_POINT('',(2.,-2.75641638415145E-15,-3.07500000000001));
#1551=CARTESIAN_POINT('',(2.,-6.4005374345975E-16,-2.98750000000002));
#1552=CARTESIAN_POINT('',(2.,-2.39273401333416E-16,7.85685424949238));
#1553=CARTESIAN_POINT('Ctrl Pts',(2.,-7.14706072102445E-15,-3.07500000000001));
#1554=CARTESIAN_POINT('Ctrl Pts',(2.,0.166025645397771,-3.06531517068514));
#1555=CARTESIAN_POINT('Ctrl Pts',(1.97932571501016,0.331780878010754,-3.05564611544938));
#1556=CARTESIAN_POINT('Ctrl Pts',(1.87565175410572,0.739046662277581,-3.03188894470048));
#1557=CARTESIAN_POINT('Ctrl Pts',(1.7670076787955,0.970527021972383,-3.01929225160609));
#1558=CARTESIAN_POINT('Ctrl Pts',(1.46212182633935,1.39016391874168,-2.99165057333056));
#1559=CARTESIAN_POINT('Ctrl Pts',(1.26509345984437,1.57157782058847,-2.97640582623873));
#1560=CARTESIAN_POINT('Ctrl Pts',(0.817844727942867,1.84330401017694,-2.94588630116357));
#1561=CARTESIAN_POINT('Ctrl Pts',(0.5733226353497,1.93338256851324,-2.93090620648039));
#1562=CARTESIAN_POINT('Ctrl Pts',(0.064360134483912,2.01546048055819,-2.90280042415188));
#1563=CARTESIAN_POINT('Ctrl Pts',(-0.195177115884412,2.00702123963961,-2.89034479962155));
#1564=CARTESIAN_POINT('Ctrl Pts',(-0.704561221626642,1.89048212945159,-2.86121260031609));
#1565=CARTESIAN_POINT('Ctrl Pts',(-0.94873399161888,1.78050987826543,-2.84566992005583));
#1566=CARTESIAN_POINT('Ctrl Pts',(-1.37180998556117,1.47758393773721,-2.81546156421211));
#1567=CARTESIAN_POINT('Ctrl Pts',(-1.54898808431267,1.29065718080197,-2.80105882428823));
#1568=CARTESIAN_POINT('Ctrl Pts',(-1.82946975154998,0.850871601402712,-2.77406233035689));
#1569=CARTESIAN_POINT('Ctrl Pts',(-1.92642806295572,0.599903327985014,-2.75999436079913));
#1570=CARTESIAN_POINT('Ctrl Pts',(-2.0155148396351,0.0791456903531837,-2.72961683193727));
#1571=CARTESIAN_POINT('Ctrl Pts',(-2.00855528320689,-0.185133081354201,
-2.71420057025434));
#1572=CARTESIAN_POINT('Ctrl Pts',(-1.89507821602564,-0.687631932405217,
-2.68488813727636));
#1573=CARTESIAN_POINT('Ctrl Pts',(-1.79287575244797,-0.921802995959311,
-2.67202017621905));
#1574=CARTESIAN_POINT('Ctrl Pts',(-1.49977784099009,-1.3494468975963,-2.64474046525605));
#1575=CARTESIAN_POINT('Ctrl Pts',(-1.30783587829197,-1.53618483834733,-2.6295973893988));
#1576=CARTESIAN_POINT('Ctrl Pts',(-0.867690265165495,-1.82046911598675,
-2.59907042316496));
#1577=CARTESIAN_POINT('Ctrl Pts',(-0.625039259166289,-1.91737931315681,
-2.58398559617963));
#1578=CARTESIAN_POINT('Ctrl Pts',(-0.119075830079737,-2.01279892510978,
-2.5556421884908));
#1579=CARTESIAN_POINT('Ctrl Pts',(0.139225719183384,-2.01150578187026,-2.5433021597403));
#1580=CARTESIAN_POINT('Ctrl Pts',(0.651146988666057,-1.9096432680694,-2.51446985501471));
#1581=CARTESIAN_POINT('Ctrl Pts',(0.89900825378187,-1.80623680945119,-2.49893234109309));
#1582=CARTESIAN_POINT('Ctrl Pts',(1.3313951311643,-1.51421524541905,-2.46857166097104));
#1583=CARTESIAN_POINT('Ctrl Pts',(1.51402017114011,-1.33163189935437,-2.45402043447829));
#1584=CARTESIAN_POINT('Ctrl Pts',(1.80497213307201,-0.90093445169433,-2.42676007115322));
#1585=CARTESIAN_POINT('Ctrl Pts',(1.90796318568693,-0.655230101908598,-2.41322175594467));
#1586=CARTESIAN_POINT('Ctrl Pts',(1.98676104241447,-0.265710430365521,-2.39049977510466));
#1587=CARTESIAN_POINT('Ctrl Pts',(2.,-0.13286043482346,-2.38275019203138));
#1588=CARTESIAN_POINT('Ctrl Pts',(2.,1.01654795692241E-14,-2.37500000000001));
#1589=CARTESIAN_POINT('Ctrl Pts',(2.,9.81695097460272E-15,-2.28750000000002));
#1590=CARTESIAN_POINT('Ctrl Pts',(2.,-0.0526882963917665,-2.2905734839562));
#1591=CARTESIAN_POINT('Ctrl Pts',(1.99791799993923,-0.105434982192935,-2.29365037396127));
#1592=CARTESIAN_POINT('Ctrl Pts',(1.97278205855184,-0.422380496105468,-2.31213886227284));
#1593=CARTESIAN_POINT('Ctrl Pts',(1.89948754525678,-0.6799027849686,-2.32716099578985));
#1594=CARTESIAN_POINT('Ctrl Pts',(1.66212563162242,-1.14082603649977,-2.35404818546251));
#1595=CARTESIAN_POINT('Ctrl Pts',(1.5044365658377,-1.34196623477646,-2.36730599859113));
#1596=CARTESIAN_POINT('Ctrl Pts',(1.11527454934101,-1.6808137952772,-2.39684879700006));
#1597=CARTESIAN_POINT('Ctrl Pts',(0.885164288475546,-1.81258299805065,-2.41231680975651));
#1598=CARTESIAN_POINT('Ctrl Pts',(0.385994181799257,-1.98006221847639,-2.4424187699551));
#1599=CARTESIAN_POINT('Ctrl Pts',(0.121726832874044,-2.01364792136962,-2.45595252140059));
#1600=CARTESIAN_POINT('Ctrl Pts',(-0.396718678536354,-1.97689608365283,
-2.48321535736329));
#1601=CARTESIAN_POINT('Ctrl Pts',(-0.646142255683176,-1.90996446669121,
-2.49776794684787));
#1602=CARTESIAN_POINT('Ctrl Pts',(-1.11518650417534,-1.68138933406787,-2.52812996857315));
#1603=CARTESIAN_POINT('Ctrl Pts',(-1.32863236976276,-1.51837731315763,-2.5436673757957));
#1604=CARTESIAN_POINT('Ctrl Pts',(-1.67269943693199,-1.12588187389997,-2.57249679065255));
#1605=CARTESIAN_POINT('Ctrl Pts',(-1.80290573029447,-0.902808740477434,
-2.5848361568055));
#1606=CARTESIAN_POINT('Ctrl Pts',(-1.97312676204189,-0.41688325803584,-2.61318180994793));
#1607=CARTESIAN_POINT('Ctrl Pts',(-2.01045970739872,-0.15826991643606,-2.62826758820791));
#1608=CARTESIAN_POINT('Ctrl Pts',(-1.98419699620747,0.365048790244456,-2.65879451276428));
#1609=CARTESIAN_POINT('Ctrl Pts',(-1.9183799906313,0.624626729202696,-2.67393655920351));
#1610=CARTESIAN_POINT('Ctrl Pts',(-1.6944561006412,1.09221897086862,-2.70121277330069));
#1611=CARTESIAN_POINT('Ctrl Pts',(-1.54270576363519,1.29777414872939,-2.71408377372871));
#1612=CARTESIAN_POINT('Ctrl Pts',(-1.16417146355516,1.64720277310947,-2.74339829394406));
#1613=CARTESIAN_POINT('Ctrl Pts',(-0.938736206422942,1.78531287946812,-2.75881507718866));
#1614=CARTESIAN_POINT('Ctrl Pts',(-0.443169886150004,1.96839950699774,-2.78919019681089));
#1615=CARTESIAN_POINT('Ctrl Pts',(-0.177359862194499,2.0098439918038,-2.80325299170653));
#1616=CARTESIAN_POINT('Ctrl Pts',(0.343723209876457,1.98671020551042,-2.83025187918399));
#1617=CARTESIAN_POINT('Ctrl Pts',(0.594187120817358,1.92667113591997,-2.84465599177406));
#1618=CARTESIAN_POINT('Ctrl Pts',(1.0680254959926,1.71161814516487,-2.87486580809882));
#1619=CARTESIAN_POINT('Ctrl Pts',(1.28531708896669,1.55508608879438,-2.89040849538305));
#1620=CARTESIAN_POINT('Ctrl Pts',(1.64083294194747,1.17213005528029,-2.91953804903476));
#1621=CARTESIAN_POINT('Ctrl Pts',(1.77784897222218,0.951561610937602,-2.93199223936199));
#1622=CARTESIAN_POINT('Ctrl Pts',(1.95577248275212,0.483803283363424,-2.95927814180382));
#1623=CARTESIAN_POINT('Ctrl Pts',(2.,0.242831871344839,-2.9733348075049));
#1624=CARTESIAN_POINT('Ctrl Pts',(2.,-1.1518563880486E-14,-2.98750000000002));
#1625=CARTESIAN_POINT('Origin',(0.,5.655958496055E-18,7.85685424949238));
#1626=CARTESIAN_POINT('',(2.,-1.59415165524699E-15,-3.77500000000001));
#1627=CARTESIAN_POINT('',(2.,-3.12070831410658E-15,-3.68750000000002));
#1628=CARTESIAN_POINT('',(2.,-2.39273401333416E-16,7.85685424949238));
#1629=CARTESIAN_POINT('Ctrl Pts',(2.,-6.52256026967279E-15,-3.77500000000001));
#1630=CARTESIAN_POINT('Ctrl Pts',(2.,0.202685690713511,-3.76317666804172));
#1631=CARTESIAN_POINT('Ctrl Pts',(1.9691864867776,0.404546860828254,-3.75140143311836));
#1632=CARTESIAN_POINT('Ctrl Pts',(1.83208991714108,0.841621491624818,-3.72590541298856));
#1633=CARTESIAN_POINT('Ctrl Pts',(1.71015664672597,1.06782008228409,-3.71358252846346));
#1634=CARTESIAN_POINT('Ctrl Pts',(1.38022116908746,1.47180851505604,-3.685131803035));
#1635=CARTESIAN_POINT('Ctrl Pts',(1.17173691923418,1.64263040856072,-3.6696172595025));
#1636=CARTESIAN_POINT('Ctrl Pts',(0.709073705074622,1.88761808791439,-3.63909889653793));
#1637=CARTESIAN_POINT('Ctrl Pts',(0.461179265103542,1.96296630303702,-3.62437807211933));
#1638=CARTESIAN_POINT('Ctrl Pts',(-0.0539326016015741,2.01625084175767,
-3.59680144193579));
#1639=CARTESIAN_POINT('Ctrl Pts',(-0.316391770107571,1.99200782092525,-3.5837833683334));
#1640=CARTESIAN_POINT('Ctrl Pts',(-0.819591085647329,1.84329513809975,-3.55402521730957));
#1641=CARTESIAN_POINT('Ctrl Pts',(-1.05510128036174,1.71936645857741,-3.53851309182092));
#1642=CARTESIAN_POINT('Ctrl Pts',(-1.45698483386262,1.39343240533332,-3.50870426887743));
#1643=CARTESIAN_POINT('Ctrl Pts',(-1.62185283597844,1.19747944610953,-3.49485296768973));
#1644=CARTESIAN_POINT('Ctrl Pts',(-1.87505194306667,0.744629607330781,-3.4684367270943));
#1645=CARTESIAN_POINT('Ctrl Pts',(-1.95711766464043,0.489828636707018,-3.45357333714125));
#1646=CARTESIAN_POINT('Ctrl Pts',(-2.01662662538225,-0.0322507708803118,
-3.42311870503198));
#1647=CARTESIAN_POINT('Ctrl Pts',(-1.99529993957674,-0.294303832053384,
-3.40783227646356));
#1648=CARTESIAN_POINT('Ctrl Pts',(-1.85514851044913,-0.789250050723407,
-3.3789604137078));
#1649=CARTESIAN_POINT('Ctrl Pts',(-1.74008146985922,-1.01813402948124,-3.36654345166404));
#1650=CARTESIAN_POINT('Ctrl Pts',(-1.42205514751715,-1.43157636839904,-3.33841861578275));
#1651=CARTESIAN_POINT('Ctrl Pts',(-1.21792600224161,-1.6088114216543,-3.32293703357755));
#1652=CARTESIAN_POINT('Ctrl Pts',(-0.761020746882816,-1.8673753642152,-3.2923135776875));
#1653=CARTESIAN_POINT('Ctrl Pts',(-0.514618526246157,-1.94972890031296,
-3.27746381556513));
#1654=CARTESIAN_POINT('Ctrl Pts',(-0.00237934475523491,-2.01671991044851,
-3.24963253603706));
#1655=CARTESIAN_POINT('Ctrl Pts',(0.258648698372677,-2.00006952081911,-3.23693557432285));
#1656=CARTESIAN_POINT('Ctrl Pts',(0.764918247222589,-1.86675570107312,-3.20747145430304));
#1657=CARTESIAN_POINT('Ctrl Pts',(1.00467097728991,-1.7494287849263,-3.19193755521497));
#1658=CARTESIAN_POINT('Ctrl Pts',(1.41677779087305,-1.43438716586983,-3.16192996809708));
#1659=CARTESIAN_POINT('Ctrl Pts',(1.58760622514925,-1.24269023661424,-3.14770887144043));
#1660=CARTESIAN_POINT('Ctrl Pts',(1.85361427986625,-0.796454589813255,-3.12125543065062));
#1661=CARTESIAN_POINT('Ctrl Pts',(1.94277197118855,-0.544027309518591,-3.10673492638859));
#1662=CARTESIAN_POINT('Ctrl Pts',(1.99337716995403,-0.188029782377235,-3.08596840397201));
#1663=CARTESIAN_POINT('Ctrl Pts',(2.,-0.0939715760317084,-3.08048167526853));
#1664=CARTESIAN_POINT('Ctrl Pts',(2.,-6.09837064685809E-15,-3.07500000000001));
#1665=CARTESIAN_POINT('Ctrl Pts',(2.,-1.15274803110865E-14,-2.98750000000002));
#1666=CARTESIAN_POINT('Ctrl Pts',(2.,-0.0150583200214265,-2.98837840200127));
#1667=CARTESIAN_POINT('Ctrl Pts',(1.99982993573825,-0.0301237942555935,
-2.98925722133159));
#1668=CARTESIAN_POINT('Ctrl Pts',(1.99349719852937,-0.310301570730864,-3.00560092495932));
#1669=CARTESIAN_POINT('Ctrl Pts',(1.9348385281525,-0.571625490956822,-3.02084482030583));
#1670=CARTESIAN_POINT('Ctrl Pts',(1.72375087963299,-1.04542821627442,-3.04848331261602));
#1671=CARTESIAN_POINT('Ctrl Pts',(1.57755602685184,-1.25521909251308,-3.06108201381474));
#1672=CARTESIAN_POINT('Ctrl Pts',(1.20902900374746,-1.61445032523843,-3.09017689433528));
#1673=CARTESIAN_POINT('Ctrl Pts',(0.988122953144066,-1.75835291077002,-3.10553381776083));
#1674=CARTESIAN_POINT('Ctrl Pts',(0.499757100367703,-1.95462829459471,-3.13592985515502));
#1675=CARTESIAN_POINT('Ctrl Pts',(0.236556868125078,-2.00356364866455,-3.15044564524187));
#1676=CARTESIAN_POINT('Ctrl Pts',(-0.282904230617235,-1.99618159348751,
-3.17690316813887));
#1677=CARTESIAN_POINT('Ctrl Pts',(-0.534325935060291,-1.94402286041005,
-3.19112582353507));
#1678=CARTESIAN_POINT('Ctrl Pts',(-1.01317388706675,-1.74451919004056,-3.2211351925618));
#1679=CARTESIAN_POINT('Ctrl Pts',(-1.23462486010131,-1.59548799986086,-3.23666922876191));
#1680=CARTESIAN_POINT('Ctrl Pts',(-1.60310564912529,-1.22360979727028,-3.26613064357671));
#1681=CARTESIAN_POINT('Ctrl Pts',(-1.74797377860703,-1.00585487187392,-3.27882513247404));
#1682=CARTESIAN_POINT('Ctrl Pts',(-1.94595635117664,-0.528707960257303,
-3.30665870231834));
#1683=CARTESIAN_POINT('Ctrl Pts',(-1.99777478408782,-0.274121306859059,
-3.32150959043324));
#1684=CARTESIAN_POINT('Ctrl Pts',(-2.00217072188478,0.250866802025931,-3.35213389678486));
#1685=CARTESIAN_POINT('Ctrl Pts',(-1.95067476282207,0.516259209760832,-3.3676151205694));
#1686=CARTESIAN_POINT('Ctrl Pts',(-1.75150775565023,0.998347662839555,-3.39573694699899));
#1687=CARTESIAN_POINT('Ctrl Pts',(-1.61076921504492,1.21239898462933,-3.40815522522637));
#1688=CARTESIAN_POINT('Ctrl Pts',(-1.25211340947914,1.58115529652508,-3.43702924492202));
#1689=CARTESIAN_POINT('Ctrl Pts',(-1.03578730842767,1.73059851494239,-3.45231639956824));
#1690=CARTESIAN_POINT('Ctrl Pts',(-0.553837152306206,1.93997571709674,-3.48277046421369));
#1691=CARTESIAN_POINT('Ctrl Pts',(-0.292125648591726,1.99623530983923,-3.49763254962498));
#1692=CARTESIAN_POINT('Ctrl Pts',(0.226659789388901,2.00324524475843,-3.52404508588372));
#1693=CARTESIAN_POINT('Ctrl Pts',(0.4787874656085,1.95837282340871,-3.53790158229738));
#1694=CARTESIAN_POINT('Ctrl Pts',(0.961957728242077,1.77316127537804,-3.56771245288625));
#1695=CARTESIAN_POINT('Ctrl Pts',(1.18700487051887,1.63110080836384,-3.58322484801405));
#1696=CARTESIAN_POINT('Ctrl Pts',(1.56165644320576,1.27492140506001,-3.61254011774796));
#1697=CARTESIAN_POINT('Ctrl Pts',(1.71040533021305,1.06709062120302,-3.62525304709651));
#1698=CARTESIAN_POINT('Ctrl Pts',(1.92742524534348,0.596138392304549,-3.65272526044892));
#1699=CARTESIAN_POINT('Ctrl Pts',(1.98939321874979,0.335594975689243,-3.66792362641814));
#1700=CARTESIAN_POINT('Ctrl Pts',(1.99958506823475,0.0470584873457553,-3.68475492157151));
#1701=CARTESIAN_POINT('Ctrl Pts',(2.,0.0235211785600843,-3.68612793125068));
#1702=CARTESIAN_POINT('Ctrl Pts',(2.,-6.17277977948505E-15,-3.68750000000002));
#1703=CARTESIAN_POINT('Origin',(0.,5.655958496055E-18,7.85685424949238));
#1704=CARTESIAN_POINT('',(2.,-8.48220560576967E-16,-4.47500000000001));
#1705=CARTESIAN_POINT('',(2.,-4.50848709488803E-15,-4.38750000000001));
#1706=CARTESIAN_POINT('',(2.,-2.39273401333416E-16,7.85685424949238));
#1707=CARTESIAN_POINT('Ctrl Pts',(2.,-6.66133814775094E-15,-4.47500000000001));
#1708=CARTESIAN_POINT('Ctrl Pts',(2.,0.239711117686539,-4.4610168514683));
#1709=CARTESIAN_POINT('Ctrl Pts',(1.95690166245647,0.477661262891091,-4.44713642633136));
#1710=CARTESIAN_POINT('Ctrl Pts',(1.78230614823477,0.943118369932765,-4.41998476175393));
#1711=CARTESIAN_POINT('Ctrl Pts',(1.64648497867952,1.16412154474442,-4.40755716102331));
#1712=CARTESIAN_POINT('Ctrl Pts',(1.29296447553779,1.54875607772404,-4.37847945251677));
#1713=CARTESIAN_POINT('Ctrl Pts',(1.076331683718,1.70642730077433,-4.3629368209523));
#1714=CARTESIAN_POINT('Ctrl Pts',(0.60330420955937,1.92385136444904,-4.33269881355208));
#1715=CARTESIAN_POINT('Ctrl Pts',(0.353008625351158,1.98509633716322,-4.31826803234245));
#1716=CARTESIAN_POINT('Ctrl Pts',(-0.167618907008491,2.01061892464636,-4.29122248451976));
#1717=CARTESIAN_POINT('Ctrl Pts',(-0.433155475590729,1.97056408560356,-4.27725923983387));
#1718=CARTESIAN_POINT('Ctrl Pts',(-0.929373303066549,1.79022456370771,-4.24693133118829));
#1719=CARTESIAN_POINT('Ctrl Pts',(-1.15564319148791,1.65321840334287,-4.23150458234106));
#1720=CARTESIAN_POINT('Ctrl Pts',(-1.53605129698064,1.30564229004984,-4.20214943251889));
#1721=CARTESIAN_POINT('Ctrl Pts',(-1.68884545284635,1.10087148541131,-4.18921750331567));
#1722=CARTESIAN_POINT('Ctrl Pts',(-1.91515288970798,0.63444978222251,-4.16200957062965));
#1723=CARTESIAN_POINT('Ctrl Pts',(-1.98229783064501,0.375219453179953,-4.14688780143551));
#1724=CARTESIAN_POINT('Ctrl Pts',(-2.0112525636263,-0.148078001549828,-4.11636211657627));
#1725=CARTESIAN_POINT('Ctrl Pts',(-1.97520446853337,-0.40700587300254,-4.10125799074153));
#1726=CARTESIAN_POINT('Ctrl Pts',(-1.80741724383677,-0.893679888498484,
-4.07286867317093));
#1727=CARTESIAN_POINT('Ctrl Pts',(-1.67846302708827,-1.11722094928134,-4.06054056685763));
#1728=CARTESIAN_POINT('Ctrl Pts',(-1.33652070043165,-1.51146307360575,-4.03176754497653));
#1729=CARTESIAN_POINT('Ctrl Pts',(-1.12380582589702,-1.6756625980717,-4.0162324305482));
#1730=CARTESIAN_POINT('Ctrl Pts',(-0.655688576759662,-1.90672502376287,
-3.98584469306622));
#1731=CARTESIAN_POINT('Ctrl Pts',(-0.406477762613887,-1.97492855007741,
-3.97126575461841));
#1732=CARTESIAN_POINT('Ctrl Pts',(0.111472010502234,-2.01418477330159,-3.9439549178592));
#1733=CARTESIAN_POINT('Ctrl Pts',(0.375460428461866,-1.98202792184041,-3.9305082486858));
#1734=CARTESIAN_POINT('Ctrl Pts',(0.875264716489985,-1.81740454546613,-3.90045754627097));
#1735=CARTESIAN_POINT('Ctrl Pts',(1.10621255881333,-1.68681351692199,-3.88498158386503));
#1736=CARTESIAN_POINT('Ctrl Pts',(1.49731454452853,-1.34991725182828,-3.85539769458564));
#1737=CARTESIAN_POINT('Ctrl Pts',(1.65609295542756,-1.14957450768825,-3.84205851294849));
#1738=CARTESIAN_POINT('Ctrl Pts',(1.89588702037016,-0.689876228518612,-3.81524277999693));
#1739=CARTESIAN_POINT('Ctrl Pts',(1.97053198172758,-0.432750892421916,-3.80024380205795));
#1740=CARTESIAN_POINT('Ctrl Pts',(1.99763207854161,-0.112443033374957,-3.78155917694688));
#1741=CARTESIAN_POINT('Ctrl Pts',(2.,-0.0561898326285277,-3.77827774023668));
#1742=CARTESIAN_POINT('Ctrl Pts',(2.,-6.09837064685809E-15,-3.77500000000001));
#1743=CARTESIAN_POINT('Ctrl Pts',(2.,-5.759281940243E-15,-3.68750000000002));
#1744=CARTESIAN_POINT('Ctrl Pts',(2.,-0.234551513350611,-3.70118217161213));
#1745=CARTESIAN_POINT('Ctrl Pts',(1.95873662697808,-0.467499047390648,-3.71477077776447));
#1746=CARTESIAN_POINT('Ctrl Pts',(1.78958714074385,-0.929118561150391,-3.74169858273379));
#1747=CARTESIAN_POINT('Ctrl Pts',(1.65573254554797,-1.15084149486015,-3.7540883342316));
#1748=CARTESIAN_POINT('Ctrl Pts',(1.30550873264076,-1.53823432099675,-3.78307995026821));
#1749=CARTESIAN_POINT('Ctrl Pts',(1.08997507490621,-1.69777863139278,-3.79862168732793));
#1750=CARTESIAN_POINT('Ctrl Pts',(0.618310289614021,-1.91910696890584,-3.82890472886319));
#1751=CARTESIAN_POINT('Ctrl Pts',(0.368304879828602,-1.98234009509161,-3.84337883880781));
#1752=CARTESIAN_POINT('Ctrl Pts',(-0.151566142021389,-2.01179503685836,
-3.87050086278679));
#1753=CARTESIAN_POINT('Ctrl Pts',(-0.416655037280537,-1.9740173897929,-3.8843064672002));
#1754=CARTESIAN_POINT('Ctrl Pts',(-0.913927236300399,-1.79819149963526,
-3.91455599315171));
#1755=CARTESIAN_POINT('Ctrl Pts',(-1.14155763529986,-1.66301050101501,-3.92999823859021));
#1756=CARTESIAN_POINT('Ctrl Pts',(-1.52504151312818,-1.31848719684365,-3.95941973047011));
#1757=CARTESIAN_POINT('Ctrl Pts',(-1.67955192207868,-1.11499825111973,-3.97245843535136));
#1758=CARTESIAN_POINT('Ctrl Pts',(-1.90975850459729,-0.6505029313402,-3.99955399567184));
#1759=CARTESIAN_POINT('Ctrl Pts',(-1.97907442595623,-0.391857057537804,
-4.01464167164364));
#1760=CARTESIAN_POINT('Ctrl Pts',(-2.01243965150875,0.1313754628768,-4.04516356866783));
#1761=CARTESIAN_POINT('Ctrl Pts',(-1.97850084634398,0.39080494672535,-4.06029695522566));
#1762=CARTESIAN_POINT('Ctrl Pts',(-1.81469993095642,0.878699738601856,-4.08875748475179));
#1763=CARTESIAN_POINT('Ctrl Pts',(-1.68778776361484,1.10300508852223,-4.10107373544517));
#1764=CARTESIAN_POINT('Ctrl Pts',(-1.34931877996085,1.50008969573601,-4.12975419621943));
#1765=CARTESIAN_POINT('Ctrl Pts',(-1.13781071990766,1.66622087307618,-4.14528468449));
#1766=CARTESIAN_POINT('Ctrl Pts',(-0.671234137390017,1.90133551351223,-4.17571277994354));
#1767=CARTESIAN_POINT('Ctrl Pts',(-0.422384372136394,1.971613938337,-4.190333996743));
#1768=CARTESIAN_POINT('Ctrl Pts',(0.0947505928703034,2.01495066999352,-4.21772268573437));
#1769=CARTESIAN_POINT('Ctrl Pts',(0.358288168062123,1.98511132670779,-4.23103430787037));
#1770=CARTESIAN_POINT('Ctrl Pts',(0.859107268887633,1.82513123946594,-4.26100084748249));
#1771=CARTESIAN_POINT('Ctrl Pts',(1.0914049140963,1.6964673863371,-4.27648879014816));
#1772=CARTESIAN_POINT('Ctrl Pts',(1.48565799062264,1.36275413705416,-4.30613902874012));
#1773=CARTESIAN_POINT('Ctrl Pts',(1.64620975956048,1.16370155306754,-4.31961740940441));
#1774=CARTESIAN_POINT('Ctrl Pts',(1.88994107892905,0.705997816506207,-4.34631679403715));
#1775=CARTESIAN_POINT('Ctrl Pts',(1.96676979753349,0.449531232571525,-4.36127734476668));
#1776=CARTESIAN_POINT('Ctrl Pts',(1.9971296833113,0.123799266960595,-4.38027837609398));
#1777=CARTESIAN_POINT('Ctrl Pts',(2.,0.0618642034992673,-4.38389125479589));
#1778=CARTESIAN_POINT('Ctrl Pts',(2.,-6.17277977948505E-15,-4.38750000000001));
#1779=CARTESIAN_POINT('Origin',(0.,5.655958496055E-18,7.85685424949238));
#1780=CARTESIAN_POINT('',(2.,-2.61763850607331E-15,-5.17500000000001));
#1781=CARTESIAN_POINT('',(2.,3.0537055094761E-16,-5.08750000000001));
#1782=CARTESIAN_POINT('',(2.,-2.39273401333416E-16,7.85685424949238));
#1783=CARTESIAN_POINT('Ctrl Pts',(2.,-8.77570478974924E-15,-5.17500000000001));
#1784=CARTESIAN_POINT('Ctrl Pts',(2.,0.0207341825642379,-5.1737905060171));
#1785=CARTESIAN_POINT('Ctrl Pts',(1.99967757201875,0.0414817487767669,-5.17258023132136));
#1786=CARTESIAN_POINT('Ctrl Pts',(1.99103977729384,0.318932364134417,-5.15639561209217));
#1787=CARTESIAN_POINT('Ctrl Pts',(1.93367735810474,0.571737571727901,-5.14164864164921));
#1788=CARTESIAN_POINT('Ctrl Pts',(1.72488196785542,1.04534566504211,-5.11402150287255));
#1789=CARTESIAN_POINT('Ctrl Pts',(1.57410394488707,1.26102436639533,-5.10107427290753));
#1790=CARTESIAN_POINT('Ctrl Pts',(1.19603837730843,1.62451204464565,-5.07137337645244));
#1791=CARTESIAN_POINT('Ctrl Pts',(0.971651278945495,1.76788947077522,-5.05585591408827));
#1792=CARTESIAN_POINT('Ctrl Pts',(0.489245112714288,1.95580166793891,-5.02600487530192));
#1793=CARTESIAN_POINT('Ctrl Pts',(0.237245061965988,2.00203226970603,-5.01204445581722));
#1794=CARTESIAN_POINT('Ctrl Pts',(-0.281664120726672,1.99773708507775,-4.98570484842155));
#1795=CARTESIAN_POINT('Ctrl Pts',(-0.543657236749341,1.94285171150386,-4.97086861787026));
#1796=CARTESIAN_POINT('Ctrl Pts',(-1.02681204432645,1.73595870290299,-4.94042615210893));
#1797=CARTESIAN_POINT('Ctrl Pts',(-1.24401666037739,1.58755497592776,-4.92512493501186));
#1798=CARTESIAN_POINT('Ctrl Pts',(-1.60454829411507,1.22059802746,-4.89620863338327));
#1799=CARTESIAN_POINT('Ctrl Pts',(-1.74632240350524,1.00736291540962,-4.88376283673224));
#1800=CARTESIAN_POINT('Ctrl Pts',(-1.94801206634789,0.526289318047469,-4.85570021021944));
#1801=CARTESIAN_POINT('Ctrl Pts',(-2.00089096997154,0.261021120545623,-4.84022623203184));
#1802=CARTESIAN_POINT('Ctrl Pts',(-1.9991208736576,-0.264246352381221,-4.80958562944444));
#1803=CARTESIAN_POINT('Ctrl Pts',(-1.94852859318535,-0.519208707221736,
-4.79471282541208));
#1804=CARTESIAN_POINT('Ctrl Pts',(-1.75292193907307,-0.997124219583377,
-4.76683442052431));
#1805=CARTESIAN_POINT('Ctrl Pts',(-1.6093370156726,-1.21533423628709,-4.75418681120632));
#1806=CARTESIAN_POINT('Ctrl Pts',(-1.24295721350101,-1.58902833315953,-4.72477857077421));
#1807=CARTESIAN_POINT('Ctrl Pts',(-1.0221657974428,-1.73928659831084,-4.70924206448474));
#1808=CARTESIAN_POINT('Ctrl Pts',(-0.544098780765329,-1.94132662047696,
-4.67919816993757));
#1809=CARTESIAN_POINT('Ctrl Pts',(-0.292816149163289,-1.9947674895373,-4.66494514461097));
#1810=CARTESIAN_POINT('Ctrl Pts',(0.226749400241085,-2.00470037198842,-4.63840794593108));
#1811=CARTESIAN_POINT('Ctrl Pts',(0.490200236912569,-1.95704838795407,-4.62398323625907));
#1812=CARTESIAN_POINT('Ctrl Pts',(0.979643532434648,-1.76310952179876,-4.59360091688422));
#1813=CARTESIAN_POINT('Ctrl Pts',(1.20134260105182,-1.62019778239107,-4.57823283133545));
#1814=CARTESIAN_POINT('Ctrl Pts',(1.57160312210093,-1.26265383282166,-4.5490995901336));
#1815=CARTESIAN_POINT('Ctrl Pts',(1.71875827541327,-1.05360250081468,-4.53646014588086));
#1816=CARTESIAN_POINT('Ctrl Pts',(1.93208251573859,-0.580870474654128,-4.5088841110215));
#1817=CARTESIAN_POINT('Ctrl Pts',(1.99198899708842,-0.319835498528225,-4.49365707074749));
#1818=CARTESIAN_POINT('Ctrl Pts',(1.99975029744582,-0.0365033857205809,
-4.47712936416704));
#1819=CARTESIAN_POINT('Ctrl Pts',(2.,-0.018246591221514,-4.47606438448793));
#1820=CARTESIAN_POINT('Ctrl Pts',(2.,-6.09837064685809E-15,-4.47500000000001));
#1821=CARTESIAN_POINT('Ctrl Pts',(2.,-5.89805981832114E-15,-4.38750000000001));
#1822=CARTESIAN_POINT('Ctrl Pts',(2.,-0.197166601367244,-4.39900138507977));
#1823=CARTESIAN_POINT('Ctrl Pts',(1.9708418127345,-0.39361344098231,-4.41046078405732));
#1824=CARTESIAN_POINT('Ctrl Pts',(1.83901576656514,-0.826300018993235,-4.43570083444129));
#1825=CARTESIAN_POINT('Ctrl Pts',(1.71911037481177,-1.05328242915594,-4.44804113088811));
#1826=CARTESIAN_POINT('Ctrl Pts',(1.39267580829522,-1.46007137814107,-4.47639667849132));
#1827=CARTESIAN_POINT('Ctrl Pts',(1.18545576782134,-1.63279476441643,-4.49190281671239));
#1828=CARTESIAN_POINT('Ctrl Pts',(0.724449847789491,-1.88179825528413,-4.52245458408185));
#1829=CARTESIAN_POINT('Ctrl Pts',(0.476975050515969,-1.95921448992134,-4.53721452616416));
#1830=CARTESIAN_POINT('Ctrl Pts',(-0.037298238417318,-2.01654919507749,
-4.56486692280561));
#1831=CARTESIAN_POINT('Ctrl Pts',(-0.299327527961457,-1.99456361934462,
-4.57778003362635));
#1832=CARTESIAN_POINT('Ctrl Pts',(-0.803458810195902,-1.85041659994088,
-4.60745210069898));
#1833=CARTESIAN_POINT('Ctrl Pts',(-1.04024495122217,-1.72842986337728,-4.62297204463));
#1834=CARTESIAN_POINT('Ctrl Pts',(-1.44521393021569,-1.40567101381177,-4.65284412744959));
#1835=CARTESIAN_POINT('Ctrl Pts',(-1.61183683901717,-1.21096238222931,-4.66686052770331));
#1836=CARTESIAN_POINT('Ctrl Pts',(-1.86883839680952,-0.76008465718635,-4.69316172833081));
#1837=CARTESIAN_POINT('Ctrl Pts',(-1.95300085201821,-0.505984931051039,
-4.70798421235537));
#1838=CARTESIAN_POINT('Ctrl Pts',(-2.01684977528681,0.0157756269320784,
-4.73842024490439));
#1839=CARTESIAN_POINT('Ctrl Pts',(-1.99763496575507,0.2782061307547,-4.75372869096071));
#1840=CARTESIAN_POINT('Ctrl Pts',(-1.86141825627775,0.774293497022642,-4.78266712065967));
#1841=CARTESIAN_POINT('Ctrl Pts',(-1.74827988688358,1.00394828044504,-4.79512862847328));
#1842=CARTESIAN_POINT('Ctrl Pts',(-1.43362584757998,1.42003106163364,-4.82316011575863));
#1843=CARTESIAN_POINT('Ctrl Pts',(-1.23075751885888,1.59905346481616,-4.83863013488538));
#1844=CARTESIAN_POINT('Ctrl Pts',(-0.775543761703183,1.86141767318386,-4.86927898050396));
#1845=CARTESIAN_POINT('Ctrl Pts',(-0.529597033147657,1.94573930845471,-4.88416313490225));
#1846=CARTESIAN_POINT('Ctrl Pts',(-0.0181815488979023,2.01657563262526,
-4.91206495776342));
#1847=CARTESIAN_POINT('Ctrl Pts',(0.242457658754982,2.00203205410369,-4.92468924377839));
#1848=CARTESIAN_POINT('Ctrl Pts',(0.749546710680354,1.87301140939754,-4.95406954597097));
#1849=CARTESIAN_POINT('Ctrl Pts',(0.990450993446661,1.75755098679086,-4.96960717997444));
#1850=CARTESIAN_POINT('Ctrl Pts',(1.40539740535827,1.44557388917167,-4.99966883646727));
#1851=CARTESIAN_POINT('Ctrl Pts',(1.57786294904779,1.25507770865753,-5.01393761502217));
#1852=CARTESIAN_POINT('Ctrl Pts',(1.84742853437182,0.810711525253555,-5.04051624965592));
#1853=CARTESIAN_POINT('Ctrl Pts',(1.93853224239054,0.558954857536973,-5.05489429997703));
#1854=CARTESIAN_POINT('Ctrl Pts',(1.99263689602613,0.198251395906185,-5.07593533523882));
#1855=CARTESIAN_POINT('Ctrl Pts',(2.,0.0990842858719407,-5.08172008332415));
#1856=CARTESIAN_POINT('Ctrl Pts',(2.,4.46225044300124E-15,-5.08750000000001));
#1857=CARTESIAN_POINT('Origin',(0.,5.655958496055E-18,7.85685424949238));
#1858=CARTESIAN_POINT('',(2.,2.74265703469502E-15,-5.87500000000001));
#1859=CARTESIAN_POINT('',(2.,-1.39465845550966E-15,-5.78750000000001));
#1860=CARTESIAN_POINT('',(2.,-2.39273401333416E-16,7.85685424949238));
#1861=CARTESIAN_POINT('Ctrl Pts',(2.,7.13955637080062E-15,-5.87500000000001));
#1862=CARTESIAN_POINT('Ctrl Pts',(2.,0.0523653612422924,-5.87194535392754));
#1863=CARTESIAN_POINT('Ctrl Pts',(1.99794344328128,0.104788642164085,-5.8688873292071));
#1864=CARTESIAN_POINT('Ctrl Pts',(1.97298682363969,0.421423488351249,-5.85041696317952));
#1865=CARTESIAN_POINT('Ctrl Pts',(1.89981696641617,0.678982019015889,-5.83539271555741));
#1866=CARTESIAN_POINT('Ctrl Pts',(1.66267946250178,1.14001802143515,-5.80849894874962));
#1867=CARTESIAN_POINT('Ctrl Pts',(1.50509067706291,1.34123182011921,-5.79524846632444));
#1868=CARTESIAN_POINT('Ctrl Pts',(1.11610740489809,1.68025885288324,-5.76570946314054));
#1869=CARTESIAN_POINT('Ctrl Pts',(0.88607456650392,1.81213629081202,-5.75024220476531));
#1870=CARTESIAN_POINT('Ctrl Pts',(0.386963255010718,1.97987853506701,-5.72013554326216));
#1871=CARTESIAN_POINT('Ctrl Pts',(0.12267015720736,2.01359597172467,-5.70659361840026));
#1872=CARTESIAN_POINT('Ctrl Pts',(-0.395820805765862,1.97707458746675,-5.67933520786797));
#1873=CARTESIAN_POINT('Ctrl Pts',(-0.645263624806961,1.91025994942329,-5.66478505820364));
#1874=CARTESIAN_POINT('Ctrl Pts',(-1.1143924664152,1.6819137013964,-5.63442543879148));
#1875=CARTESIAN_POINT('Ctrl Pts',(-1.32790522738605,1.5190110262281,-5.61888784138881));
#1876=CARTESIAN_POINT('Ctrl Pts',(-1.67216751858576,1.12667642954878,-5.59005325541727));
#1877=CARTESIAN_POINT('Ctrl Pts',(-1.8024890218844,0.90364624554925,-5.57771269765705));
#1878=CARTESIAN_POINT('Ctrl Pts',(-1.97293351540569,0.417789653059141,-5.54937106309512));
#1879=CARTESIAN_POINT('Ctrl Pts',(-2.01038432125157,0.159205505311852,-5.53428698780986));
#1880=CARTESIAN_POINT('Ctrl Pts',(-1.98436875773354,-0.364114453986864,
-5.50375999018411));
#1881=CARTESIAN_POINT('Ctrl Pts',(-1.91867377435053,-0.623723959333203,
-5.48861610237224));
#1882=CARTESIAN_POINT('Ctrl Pts',(-1.69496885622234,-1.09142346631087,-5.46133363113187));
#1883=CARTESIAN_POINT('Ctrl Pts',(-1.54331421374531,-1.29705073403486,-5.44846806363962));
#1884=CARTESIAN_POINT('Ctrl Pts',(-1.16495181223674,-1.64664902937236,-5.41915727868558));
#1885=CARTESIAN_POINT('Ctrl Pts',(-0.939593339284434,-1.78486010589859,
-5.40374142947237));
#1886=CARTESIAN_POINT('Ctrl Pts',(-0.444087136333667,-1.9681986448426,-5.3733619994497));
#1887=CARTESIAN_POINT('Ctrl Pts',(-0.17825200211912,-2.00977070354547,-5.35928993997654));
#1888=CARTESIAN_POINT('Ctrl Pts',(0.342872658752265,-1.9868558031762,-5.33229533568267));
#1889=CARTESIAN_POINT('Ctrl Pts',(0.593351694015521,-1.9269271581745,-5.317893679757));
#1890=CARTESIAN_POINT('Ctrl Pts',(1.06726373428737,-1.71209139816351,-5.28768647790465));
#1891=CARTESIAN_POINT('Ctrl Pts',(1.28461535700629,-1.55566377054103,-5.27214380386806));
#1892=CARTESIAN_POINT('Ctrl Pts',(1.63839749293682,-1.17492393981205,-5.24316647363975));
#1893=CARTESIAN_POINT('Ctrl Pts',(1.7744511535177,-0.957136316003007,-5.23083295176685));
#1894=CARTESIAN_POINT('Ctrl Pts',(1.95465557845601,-0.489871332924965,-5.20357582775396));
#1895=CARTESIAN_POINT('Ctrl Pts',(2.,-0.245876700726509,-5.18934280754239));
#1896=CARTESIAN_POINT('Ctrl Pts',(2.,-8.60422844084496E-15,-5.17500000000001));
#1897=CARTESIAN_POINT('Ctrl Pts',(2.,4.09394740330526E-15,-5.08750000000001));
#1898=CARTESIAN_POINT('Ctrl Pts',(2.,-0.16108057341852,-5.09689636678276));
#1899=CARTESIAN_POINT('Ctrl Pts',(1.98053906229573,-0.321942252856625,-5.10627996474999));
#1900=CARTESIAN_POINT('Ctrl Pts',(1.88108509903627,-0.725077569516571,-5.12979619155515));
#1901=CARTESIAN_POINT('Ctrl Pts',(1.77420381569509,-0.95728546428043,-5.14245800078168));
#1902=CARTESIAN_POINT('Ctrl Pts',(1.47253661055582,-1.37912579480871,-5.17000134577187));
#1903=CARTESIAN_POINT('Ctrl Pts',(1.27688506493842,-1.56201079328912,-5.18521944540722));
#1904=CARTESIAN_POINT('Ctrl Pts',(0.831544236196049,-1.83719096055351,-5.21574332776271));
#1905=CARTESIAN_POINT('Ctrl Pts',(0.587515344812641,-1.92914188254699,-5.23075311744058));
#1906=CARTESIAN_POINT('Ctrl Pts',(0.0793650496067302,-2.01487543565643,
-5.25892449150729));
#1907=CARTESIAN_POINT('Ctrl Pts',(-0.179825577553068,-2.00840445565326,
-5.27133932528411));
#1908=CARTESIAN_POINT('Ctrl Pts',(-0.689924566497228,-1.89590163723084,
-5.30038991398888));
#1909=CARTESIAN_POINT('Ctrl Pts',(-0.935128610760461,-1.78772326062117,
-5.31593237097415));
#1910=CARTESIAN_POINT('Ctrl Pts',(-1.36079249035874,-1.48776851123317,-5.34618480226829));
#1911=CARTESIAN_POINT('Ctrl Pts',(-1.53947902989048,-1.3020206903654,-5.36062936019228));
#1912=CARTESIAN_POINT('Ctrl Pts',(-1.82285358840945,-0.86473334012709,-5.38769913261794));
#1913=CARTESIAN_POINT('Ctrl Pts',(-1.9214871523492,-0.615228072507473,-5.40161169577042));
#1914=CARTESIAN_POINT('Ctrl Pts',(-2.01482224962669,-0.0957443888120166,
-5.43191491065265));
#1915=CARTESIAN_POINT('Ctrl Pts',(-2.01002120716698,0.168800249222235,-5.44734668120465));
#1916=CARTESIAN_POINT('Ctrl Pts',(-1.9005378661795,0.672392220046606,-5.47672287950274));
#1917=CARTESIAN_POINT('Ctrl Pts',(-1.80022174563794,0.907368139547254,-5.48968770116037));
#1918=CARTESIAN_POINT('Ctrl Pts',(-1.51058800659592,1.33733289697279,-5.51686010017382));
#1919=CARTESIAN_POINT('Ctrl Pts',(-1.32016326021632,1.52560190476632,-5.53197118519378));
#1920=CARTESIAN_POINT('Ctrl Pts',(-0.882164708090171,1.8135280187023,-5.56249590610636));
#1921=CARTESIAN_POINT('Ctrl Pts',(-0.640097167214755,1.91243200369872,-5.57760940965882));
#1922=CARTESIAN_POINT('Ctrl Pts',(-0.13502715664905,2.01174866417419,-5.60602134741333));
#1923=CARTESIAN_POINT('Ctrl Pts',(0.122927503566639,2.01252413677957,-5.61834478256385));
#1924=CARTESIAN_POINT('Ctrl Pts',(0.635554026675417,1.91491983363565,-5.64708851758606));
#1925=CARTESIAN_POINT('Ctrl Pts',(0.88445347259889,1.81344008418071,-5.66262228279601));
#1926=CARTESIAN_POINT('Ctrl Pts',(1.31948990572606,1.52463348206954,-5.69302304384609));
#1927=CARTESIAN_POINT('Ctrl Pts',(1.50367527257703,1.34333924747136,-5.70761549607927));
#1928=CARTESIAN_POINT('Ctrl Pts',(1.7976403268711,0.91528084510427,-5.73495110309751));
#1929=CARTESIAN_POINT('Ctrl Pts',(1.90235261312223,0.671074834296336,-5.7483539679994));
#1930=CARTESIAN_POINT('Ctrl Pts',(1.98558363261516,0.277243343746532,-5.77132747161481));
#1931=CARTESIAN_POINT('Ctrl Pts',(2.,0.138642163392243,-5.7794125404688));
#1932=CARTESIAN_POINT('Ctrl Pts',(2.,-2.8796409701215E-15,-5.78750000000001));
#1933=CARTESIAN_POINT('Origin',(0.,5.655958496055E-18,7.85685424949238));
#1934=CARTESIAN_POINT('',(2.,3.90492176359948E-15,-6.57500000000001));
#1935=CARTESIAN_POINT('',(2.,-9.00262264856271E-16,-6.48750000000001));
#1936=CARTESIAN_POINT('',(2.,-2.39273401333416E-16,7.85685424949238));
#1937=CARTESIAN_POINT('Ctrl Pts',(2.,8.62696411599772E-15,-6.57500000000001));
#1938=CARTESIAN_POINT('Ctrl Pts',(2.,0.090462153082554,-6.56972304107019));
#1939=CARTESIAN_POINT('Ctrl Pts',(1.99386260552092,0.181012317813096,-6.56444094812757));
#1940=CARTESIAN_POINT('Ctrl Pts',(1.94561589431127,0.533761789891068,-6.54386389558969));
#1941=CARTESIAN_POINT('Ctrl Pts',(1.85779661131089,0.786641062562566,-6.52924208086875));
#1942=CARTESIAN_POINT('Ctrl Pts',(1.59423786254222,1.23414355234741,-6.50287542489367));
#1943=CARTESIAN_POINT('Ctrl Pts',(1.42453787237446,1.42665665627249,-6.4886875300496));
#1944=CARTESIAN_POINT('Ctrl Pts',(1.01439288913391,1.74378726107971,-6.45871812221733));
#1945=CARTESIAN_POINT('Ctrl Pts',(0.775438628155922,1.86238900797424,-6.44318737774585));
#1946=CARTESIAN_POINT('Ctrl Pts',(0.269740730024209,1.99864993865364,-6.41366617905973));
#1947=CARTESIAN_POINT('Ctrl Pts',(0.00844306575968436,2.0167489493486,-6.40091503907297));
#1948=CARTESIAN_POINT('Ctrl Pts',(-0.504355733751116,1.95239144824627,-6.37313229935877));
#1949=CARTESIAN_POINT('Ctrl Pts',(-0.751060567406957,1.87138522874919,-6.35830654652114));
#1950=CARTESIAN_POINT('Ctrl Pts',(-1.20910503774668,1.61542638902635,-6.32770152176555));
#1951=CARTESIAN_POINT('Ctrl Pts',(-1.41408784254091,1.4394185663297,-6.3122126084866));
#1952=CARTESIAN_POINT('Ctrl Pts',(-1.73441585293592,1.02778751885729,-6.28402432492015));
#1953=CARTESIAN_POINT('Ctrl Pts',(-1.85080304761625,0.799426885891378,-6.27163323501034));
#1954=CARTESIAN_POINT('Ctrl Pts',(-1.99363433733266,0.305263157477198,-6.24280701751951));
#1955=CARTESIAN_POINT('Ctrl Pts',(-2.01639748123648,0.043476859739734,-6.22753615015149));
#1956=CARTESIAN_POINT('Ctrl Pts',(-1.9598466271386,-0.478799047343543,-6.19707005557163));
#1957=CARTESIAN_POINT('Ctrl Pts',(-1.87921327257903,-0.734067706194472,
-6.18217938380533));
#1958=CARTESIAN_POINT('Ctrl Pts',(-1.62860765929975,-1.18825521328946,-6.15568511255812));
#1959=CARTESIAN_POINT('Ctrl Pts',(-1.46492946151667,-1.38505697819169,-6.14194136229425));
#1960=CARTESIAN_POINT('Ctrl Pts',(-1.06514352347575,-1.71313980754554,-6.11217583436364));
#1961=CARTESIAN_POINT('Ctrl Pts',(-0.830508430743891,-1.83837978319503,
-6.0966696712699));
#1962=CARTESIAN_POINT('Ctrl Pts',(-0.327952663388845,-1.99019322178727,
-6.066853592399));
#1963=CARTESIAN_POINT('Ctrl Pts',(-0.0651991035852667,-2.01597264197438,
-6.05375960672477));
#1964=CARTESIAN_POINT('Ctrl Pts',(0.450476058260454,-1.96543235709818,-6.02623456065077));
#1965=CARTESIAN_POINT('Ctrl Pts',(0.698644719848314,-1.89148417793696,-6.011540717446));
#1966=CARTESIAN_POINT('Ctrl Pts',(1.16240980789327,-1.64921896722871,-5.98104609518829));
#1967=CARTESIAN_POINT('Ctrl Pts',(1.37173977676632,-1.4796882931324,-5.9655264880628));
#1968=CARTESIAN_POINT('Ctrl Pts',(1.70403864063621,-1.07760076466131,-5.93701181177972));
#1969=CARTESIAN_POINT('Ctrl Pts',(1.82734561096625,-0.851928880539037,-5.92469585136478));
#1970=CARTESIAN_POINT('Ctrl Pts',(1.96804423724485,-0.411916385321092,-5.8990284558104));
#1971=CARTESIAN_POINT('Ctrl Pts',(2.,-0.206408139895049,-5.88704047482722));
#1972=CARTESIAN_POINT('Ctrl Pts',(2.,7.32053306862213E-15,-5.87500000000001));
#1973=CARTESIAN_POINT('Ctrl Pts',(2.,-3.7470027081099E-15,-5.78750000000001));
#1974=CARTESIAN_POINT('Ctrl Pts',(2.,-0.122947461102969,-5.79467193523102));
#1975=CARTESIAN_POINT('Ctrl Pts',(1.98866302481299,-0.245927151635945,-5.80184575051212));
#1976=CARTESIAN_POINT('Ctrl Pts',(1.91941659655177,-0.616508008186759,-5.82346296714425));
#1977=CARTESIAN_POINT('Ctrl Pts',(1.82594142806495,-0.85446792630224,-5.83684546753645));
#1978=CARTESIAN_POINT('Ctrl Pts',(1.54890361225673,-1.29275377957792,-5.86362424245776));
#1979=CARTESIAN_POINT('Ctrl Pts',(1.36407664895345,-1.48645956919399,-5.87861111064385));
#1980=CARTESIAN_POINT('Ctrl Pts',(0.934105496096723,-1.78743521757322,-5.9091109136289));
#1981=CARTESIAN_POINT('Ctrl Pts',(0.694285426194801,-1.89353192344003,-5.92432066680091));
#1982=CARTESIAN_POINT('Ctrl Pts',(0.192508999693061,-2.0069324513694,-5.9529769982538));
#1983=CARTESIAN_POINT('Ctrl Pts',(-0.0642437646498832,-2.01511912807245,
-5.9653045014775));
#1984=CARTESIAN_POINT('Ctrl Pts',(-0.579292395088693,-1.93279342817128,
-5.99372497094971));
#1985=CARTESIAN_POINT('Ctrl Pts',(-0.831795771391024,-1.83830267286419,
-6.00923695438728));
#1986=CARTESIAN_POINT('Ctrl Pts',(-1.27614020233763,-1.56121334286738,-6.03976618448393));
#1987=CARTESIAN_POINT('Ctrl Pts',(-1.46584600268857,-1.38464851967822,-6.05449957763065));
#1988=CARTESIAN_POINT('Ctrl Pts',(-1.77053322225369,-0.966067595775461,
-6.08210042213167));
#1989=CARTESIAN_POINT('Ctrl Pts',(-1.88132357779121,-0.727129724218679,
-6.0950840994206));
#1990=CARTESIAN_POINT('Ctrl Pts',(-2.0055464470354,-0.217459406174868,-6.12481486797316));
#1991=CARTESIAN_POINT('Ctrl Pts',(-2.01671636156747,0.0485076710435496,
-6.14032961414423));
#1992=CARTESIAN_POINT('Ctrl Pts',(-1.93676038091186,0.559863391547915,-6.17015869784032));
#1993=CARTESIAN_POINT('Ctrl Pts',(-1.85011874544406,0.800905644217715,-6.18406184099799));
#1994=CARTESIAN_POINT('Ctrl Pts',(-1.58569189931594,1.24734594500944,-6.21044137113214));
#1995=CARTESIAN_POINT('Ctrl Pts',(-1.40658864822026,1.4462874235628,-6.22529179556865));
#1996=CARTESIAN_POINT('Ctrl Pts',(-0.984987797579106,1.76001615429797,-6.25574071128498));
#1997=CARTESIAN_POINT('Ctrl Pts',(-0.747611111872289,1.87321877174509,-6.27103428496567));
#1998=CARTESIAN_POINT('Ctrl Pts',(-0.249211485104792,2.00058924887784,-6.29992748359972));
#1999=CARTESIAN_POINT('Ctrl Pts',(0.00644561509145668,2.0160382452362,-6.31235783838802));
#2000=CARTESIAN_POINT('Ctrl Pts',(0.523703954180304,1.94869806209853,-6.3404528606778));
#2001=CARTESIAN_POINT('Ctrl Pts',(0.779553952378245,1.86116934814535,-6.35593084971796));
#2002=CARTESIAN_POINT('Ctrl Pts',(1.23271513942773,1.59583485684121,-6.38656263654731));
#2003=CARTESIAN_POINT('Ctrl Pts',(1.42771036210009,1.42406108140801,-6.40142350262375));
#2004=CARTESIAN_POINT('Ctrl Pts',(1.7427811811571,1.01478815996916,-6.42927742394123));
#2005=CARTESIAN_POINT('Ctrl Pts',(1.8593983762735,0.780852475101873,-6.44195027228575));
#2006=CARTESIAN_POINT('Ctrl Pts',(1.97594690383308,0.357741148864053,-6.46663176631629));
#2007=CARTESIAN_POINT('Ctrl Pts',(2.,0.179077883346873,-6.47705379013811));
#2008=CARTESIAN_POINT('Ctrl Pts',(2.,-3.15719672627779E-15,-6.48750000000001));
#2009=CARTESIAN_POINT('Origin',(0.,5.655958496055E-18,7.85685424949238));
#2010=CARTESIAN_POINT('',(2.,-6.55753562006841E-15,-7.275));
#2011=CARTESIAN_POINT('',(2.,-5.01275865381605E-16,-7.18750000000001));
#2012=CARTESIAN_POINT('',(2.,-2.39273401333416E-16,7.85685424949238));
#2013=CARTESIAN_POINT('Ctrl Pts',(2.,-9.39075206485285E-13,-7.27500000000006));
#2014=CARTESIAN_POINT('Ctrl Pts',(2.00000000000009,0.200568504276181,-7.26330017058389));
#2015=CARTESIAN_POINT('Ctrl Pts',(1.96983120297689,0.400005498042058,-7.25166634594754));
#2016=CARTESIAN_POINT('Ctrl Pts',(1.8534917371109,0.775691837299996,-7.22975130949083));
#2017=CARTESIAN_POINT('Ctrl Pts',(1.77021864236629,0.950490017043659,-7.22003887618451));
#2018=CARTESIAN_POINT('Ctrl Pts',(1.52119057059361,1.32340875829334,-7.19658164244077));
#2019=CARTESIAN_POINT('Ctrl Pts',(1.33966040887872,1.50688453638715,-7.18205969790314));
#2020=CARTESIAN_POINT('Ctrl Pts',(0.909137483542404,1.80113735677584,-7.15172810287706));
#2021=CARTESIAN_POINT('Ctrl Pts',(0.662009686767959,1.90588338237939,-7.13618857171433));
#2022=CARTESIAN_POINT('Ctrl Pts',(0.150588626587523,2.01071909685683,-7.10729481828352));
#2023=CARTESIAN_POINT('Ctrl Pts',(-0.107957640889235,2.0134576690497,-7.09493869520729));
#2024=CARTESIAN_POINT('Ctrl Pts',(-0.614538913216117,1.9207518957716,-7.06664322884988));
#2025=CARTESIAN_POINT('Ctrl Pts',(-0.857586384437005,1.8252307735894,-7.05157888786274));
#2026=CARTESIAN_POINT('Ctrl Pts',(-1.29920800107211,1.5434899979713,-7.02105154214));
#2027=CARTESIAN_POINT('Ctrl Pts',(-1.49219823116247,1.35782485407917,-7.00588679966329));
#2028=CARTESIAN_POINT('Ctrl Pts',(-1.78770304600977,0.931801954677222,-6.97853277562916));
#2029=CARTESIAN_POINT('Ctrl Pts',(-1.89121774564525,0.698186238448527,-6.96572753057616));
#2030=CARTESIAN_POINT('Ctrl Pts',(-2.00746098438767,0.196450358160353,-6.93645960422602));
#2031=CARTESIAN_POINT('Ctrl Pts',(-2.01591482057144,-0.0676339753707855,
-6.92105468477004));
#2032=CARTESIAN_POINT('Ctrl Pts',(-1.92978037423669,-0.589265919439358,
-6.89062615469937));
#2033=CARTESIAN_POINT('Ctrl Pts',(-1.83398722822652,-0.841251940173784,
-6.87644645765345));
#2034=CARTESIAN_POINT('Ctrl Pts',(-1.55551070796966,-1.28276339163103,-6.84950092210012));
#2035=CARTESIAN_POINT('Ctrl Pts',(-1.37937950715382,-1.47049785113517,-6.83512751153009));
#2036=CARTESIAN_POINT('Ctrl Pts',(-0.958103705636996,-1.77546450720679,
-6.80495057720473));
#2037=CARTESIAN_POINT('Ctrl Pts',(-0.714650979785617,-1.88667102166437,
-6.78940827289593));
#2038=CARTESIAN_POINT('Ctrl Pts',(-0.205768608720184,-2.00599938127009,
-6.76022006718939));
#2039=CARTESIAN_POINT('Ctrl Pts',(0.0540110359966324,-2.0158003056478,-6.74773230470803));
#2040=CARTESIAN_POINT('Ctrl Pts',(0.563529335762764,-1.93624272215585,-6.7196719540309));
#2041=CARTESIAN_POINT('Ctrl Pts',(0.808382900016453,-1.84745506269976,-6.70471276523046));
#2042=CARTESIAN_POINT('Ctrl Pts',(1.25693004192797,-1.57811551535297,-6.67419725728425));
#2043=CARTESIAN_POINT('Ctrl Pts',(1.45490011578876,-1.39772106822692,-6.65893467097584));
#2044=CARTESIAN_POINT('Ctrl Pts',(1.76199999210092,-0.979607520145475,-6.63122557531765));
#2045=CARTESIAN_POINT('Ctrl Pts',(1.87185859008235,-0.748624617099175,-6.61866976933079));
#2046=CARTESIAN_POINT('Ctrl Pts',(1.97847106591617,-0.338535661882954,-6.59474791360984));
#2047=CARTESIAN_POINT('Ctrl Pts',(2.,-0.169422184580156,-6.58488296076718));
#2048=CARTESIAN_POINT('Ctrl Pts',(2.,8.53483950180589E-15,-6.57500000000001));
#2049=CARTESIAN_POINT('Ctrl Pts',(2.,-3.45824409332596E-15,-6.48750000000001));
#2050=CARTESIAN_POINT('Ctrl Pts',(2.,-0.084203507012498,-6.49241187124241));
#2051=CARTESIAN_POINT('Ctrl Pts',(1.99468247616635,-0.168498683433455,-6.49732908986698));
#2052=CARTESIAN_POINT('Ctrl Pts',(1.95189981271954,-0.50482173594697,-6.51694793459693));
#2053=CARTESIAN_POINT('Ctrl Pts',(1.87189466269557,-0.748875590713317,-6.5311844094583));
#2054=CARTESIAN_POINT('Ctrl Pts',(1.61953480257834,-1.20305407471781,-6.55767815435856));
#2055=CARTESIAN_POINT('Ctrl Pts',(1.44600231502728,-1.40691463726475,-6.57215231716014));
#2056=CARTESIAN_POINT('Ctrl Pts',(1.03251231066098,-1.73266834792835,-6.6025422165207));
#2057=CARTESIAN_POINT('Ctrl Pts',(0.797644694297654,-1.85256387561615,-6.61790424654558));
#2058=CARTESIAN_POINT('Ctrl Pts',(0.302547131300514,-1.99316594953765,-6.64701655260455));
#2059=CARTESIAN_POINT('Ctrl Pts',(0.0478385488465638,-2.0154242904581,-6.65963340994442));
#2060=CARTESIAN_POINT('Ctrl Pts',(-0.468117754440682,-1.96245267128599,
-6.68724357268049));
#2061=CARTESIAN_POINT('Ctrl Pts',(-0.723930642502342,-1.883146598754,-6.70247985994383));
#2062=CARTESIAN_POINT('Ctrl Pts',(-1.18353365940688,-1.63276416017212,-6.73300097455303));
#2063=CARTESIAN_POINT('Ctrl Pts',(-1.38424747773078,-1.46647762542637,-6.74799068897405));
#2064=CARTESIAN_POINT('Ctrl Pts',(-1.7106971502407,-1.06755450708784,-6.77611757964355));
#2065=CARTESIAN_POINT('Ctrl Pts',(-1.83364946688291,-0.838982566876018,
-6.78855935026559));
#2066=CARTESIAN_POINT('Ctrl Pts',(-1.98865519290554,-0.340022003694874,
-6.81766538311782));
#2067=CARTESIAN_POINT('Ctrl Pts',(-2.01616791196471,-0.0735755895866181,
-6.83320809060747));
#2068=CARTESIAN_POINT('Ctrl Pts',(-1.96660676523744,0.444527955519079,-6.8634307974053));
#2069=CARTESIAN_POINT('Ctrl Pts',(-1.893882545193,0.691663938915682,-6.87784706310344));
#2070=CARTESIAN_POINT('Ctrl Pts',(-1.65441903192144,1.15486588432911,-6.90486717658589));
#2071=CARTESIAN_POINT('Ctrl Pts',(-1.48623173993828,1.36455021738851,-6.91888437218318));
#2072=CARTESIAN_POINT('Ctrl Pts',(-1.08082402864466,1.70306177745905,-6.94923807300268));
#2073=CARTESIAN_POINT('Ctrl Pts',(-0.848743614735163,1.82981920016374,-6.96465943732461));
#2074=CARTESIAN_POINT('Ctrl Pts',(-0.357165327714021,1.9840840674885,-6.99399245421795));
#2075=CARTESIAN_POINT('Ctrl Pts',(-0.103346086314496,2.01331559908916,-7.00689077541901));
#2076=CARTESIAN_POINT('Ctrl Pts',(0.413644227027609,1.97464866240206,-7.03413595452282));
#2077=CARTESIAN_POINT('Ctrl Pts',(0.671519805049976,1.90246095305513,-7.04926882613778));
#2078=CARTESIAN_POINT('Ctrl Pts',(1.13846392803591,1.66461036590057,-7.07979528750125));
#2079=CARTESIAN_POINT('Ctrl Pts',(1.34417992120528,1.50340648072454,-7.09488945858844));
#2080=CARTESIAN_POINT('Ctrl Pts',(1.68074211387706,1.11381647035004,-7.12325499940477));
#2081=CARTESIAN_POINT('Ctrl Pts',(1.80929545168703,0.889905338633607,-7.1355888552464));
#2082=CARTESIAN_POINT('Ctrl Pts',(1.96367215410801,0.438986172964067,-7.16189247324379));
#2083=CARTESIAN_POINT('Ctrl Pts',(2.,0.220074715521197,-7.17466230826127));
#2084=CARTESIAN_POINT('Ctrl Pts',(2.,-2.22044604925031E-15,-7.18750000000001));
#2085=CARTESIAN_POINT('Origin',(0.,5.655958496055E-18,0.));
#2086=CARTESIAN_POINT('',(-1.65923865134783,3.57393040388953E-8,-0.34076134865217));
#2087=CARTESIAN_POINT('',(-2.,-2.39273401333416E-16,0.));
#2088=CARTESIAN_POINT('',(1.12753990213674,1.05674934168049,-0.454663336986831));
#2089=CARTESIAN_POINT('Ctrl Pts',(1.12753990213673,1.0567493416805,-0.454663336986831));
#2090=CARTESIAN_POINT('Ctrl Pts',(1.05012907553252,1.17395854032201,-0.430994094856533));
#2091=CARTESIAN_POINT('Ctrl Pts',(0.957673395389254,1.28044344438846,-0.407046737754801));
#2092=CARTESIAN_POINT('Ctrl Pts',(0.743663116423017,1.46985564983406,-0.358966840915717));
#2093=CARTESIAN_POINT('Ctrl Pts',(0.622181418477551,1.55098600285085,-0.335067458660346));
#2094=CARTESIAN_POINT('Ctrl Pts',(0.254358225095144,1.73018399756752,-0.270699596518272));
#2095=CARTESIAN_POINT('Ctrl Pts',(0.029869580130312,1.76828648940234,-0.241015404541438));
#2096=CARTESIAN_POINT('Ctrl Pts',(-0.394625982792073,1.79044657824031,-0.182011782184153));
#2097=CARTESIAN_POINT('Ctrl Pts',(-0.633954492921987,1.7571983661471,-0.147035125015743));
#2098=CARTESIAN_POINT('Ctrl Pts',(-0.985468346234454,1.63741567876619,-0.093365440089765));
#2099=CARTESIAN_POINT('Ctrl Pts',(-1.10549307430755,1.58187502297563,-0.0745475329504103));
#2100=CARTESIAN_POINT('Ctrl Pts',(-1.3390520179495,1.44241146748827,-0.0367451121589064));
#2101=CARTESIAN_POINT('Ctrl Pts',(-1.45101971576626,1.3573789300576,-0.0179354219972166));
#2102=CARTESIAN_POINT('Ctrl Pts',(-1.55263934774783,1.26067880755774,7.80625564189563E-17));
#2103=CARTESIAN_POINT('',(0.0703988351482897,1.5437322974086,-0.454663336986831));
#2104=CARTESIAN_POINT('Origin',(0.,5.655958496055E-18,-0.454663336986831));
#2105=CARTESIAN_POINT('Ctrl Pts',(0.0703988351458756,1.54373229740881,-0.454663336986728));
#2106=CARTESIAN_POINT('Ctrl Pts',(-0.0159665872265348,1.55135589454667,
-0.45098208866822));
#2107=CARTESIAN_POINT('Ctrl Pts',(-0.103544595014258,1.55153254499917,-0.447400491488821));
#2108=CARTESIAN_POINT('Ctrl Pts',(-0.271296666980943,1.53836928416975,-0.440047037425013));
#2109=CARTESIAN_POINT('Ctrl Pts',(-0.352524522246004,1.52559257031385,-0.436356819866148));
#2110=CARTESIAN_POINT('Ctrl Pts',(-0.586852189035051,1.46980291647254,-0.425338627538662));
#2111=CARTESIAN_POINT('Ctrl Pts',(-0.734899881312468,1.41001048154184,-0.417896079115894));
#2112=CARTESIAN_POINT('Ctrl Pts',(-1.03828731979404,1.23063573362764,-0.401539537774891));
#2113=CARTESIAN_POINT('Ctrl Pts',(-1.18552450525222,1.10230831128574,-0.392799770999519));
#2114=CARTESIAN_POINT('Ctrl Pts',(-1.44065992060568,0.780943204851362,-0.375643737420589));
#2115=CARTESIAN_POINT('Ctrl Pts',(-1.53997089703237,0.584021728476625,-0.367161495673411));
#2116=CARTESIAN_POINT('Ctrl Pts',(-1.63327435804782,0.253444140330517,-0.35211794406738));
#2117=CARTESIAN_POINT('Ctrl Pts',(-1.65357215309725,0.127117400471177,-0.346427844153851));
#2118=CARTESIAN_POINT('Ctrl Pts',(-1.65923865293467,3.58807874384359E-8,
-0.34076134706533));
#2119=CARTESIAN_POINT('Origin',(0.,-8.65887998205238E-17,-7.8));
#2120=CARTESIAN_POINT('',(-1.54533666301317,-2.73133057639379E-15,-7.1875));
#2121=CARTESIAN_POINT('',(-1.54533666301317,6.09096317034044E-16,-7.275));
#2122=CARTESIAN_POINT('',(-1.54533666301317,-2.75837959616937E-16,-7.8));
#2123=CARTESIAN_POINT('',(-0.250692635769914,-1.52486674972714,-7.7296633369869));
#2124=CARTESIAN_POINT('Ctrl Pts',(-1.54533666301317,-4.92661467177413E-15,
-7.1875));
#2125=CARTESIAN_POINT('Ctrl Pts',(-1.54533666301317,0.122778812812304,-7.19676930368699));
#2126=CARTESIAN_POINT('Ctrl Pts',(-1.53070379183129,0.245406896155297,-7.20602722790878));
#2127=CARTESIAN_POINT('Ctrl Pts',(-1.45522376901288,0.555703479613019,-7.22945336470895));
#2128=CARTESIAN_POINT('Ctrl Pts',(-1.37312031129021,0.735525519419485,-7.2421547188944));
#2129=CARTESIAN_POINT('Ctrl Pts',(-1.14075462248786,1.06246769179314,-7.26968852205313));
#2130=CARTESIAN_POINT('Ctrl Pts',(-0.989807440064761,1.20432580167025,-7.28491251909114));
#2131=CARTESIAN_POINT('Ctrl Pts',(-0.645866132873135,1.41805110780356,-7.31546758631744));
#2132=CARTESIAN_POINT('Ctrl Pts',(-0.457213849419772,1.4896286241671,-7.33050384594842));
#2133=CARTESIAN_POINT('Ctrl Pts',(-0.0643298491189262,1.5567225448944,-7.35872381747284));
#2134=CARTESIAN_POINT('Ctrl Pts',(0.136027019851158,1.55210295693413,-7.37113822507624));
#2135=CARTESIAN_POINT('Ctrl Pts',(0.530661933664227,1.4658154976404,-7.40019719106181));
#2136=CARTESIAN_POINT('Ctrl Pts',(0.720471466663487,1.38243219803568,-7.41575475774341));
#2137=CARTESIAN_POINT('Ctrl Pts',(1.05004712544745,1.15086313657337,-7.4460441442265));
#2138=CARTESIAN_POINT('Ctrl Pts',(1.18845368266703,1.00732561541582,-7.46051161182731));
#2139=CARTESIAN_POINT('Ctrl Pts',(1.40788456696477,0.669381837061312,-7.48761500754279));
#2140=CARTESIAN_POINT('Ctrl Pts',(1.48429149988139,0.476600800170094,-7.50151856759283));
#2141=CARTESIAN_POINT('Ctrl Pts',(1.5567735343631,0.074935660054892,-7.53184266080503));
#2142=CARTESIAN_POINT('Ctrl Pts',(1.55317016456703,-0.129709806210039,-7.54729256565037));
#2143=CARTESIAN_POINT('Ctrl Pts',(1.46860029565539,-0.519297849133371,-7.57670488688038));
#2144=CARTESIAN_POINT('Ctrl Pts',(1.39102679531429,-0.701043069076116,-7.58968232488376));
#2145=CARTESIAN_POINT('Ctrl Pts',(1.1669809599385,-1.03358788191874,-7.61688365260139));
#2146=CARTESIAN_POINT('Ctrl Pts',(1.01965317214113,-1.17915761890388,-7.63201111491463));
#2147=CARTESIAN_POINT('Ctrl Pts',(0.684396731675165,-1.39932183813016,-7.66224140921403));
#2148=CARTESIAN_POINT('Ctrl Pts',(0.501511108026278,-1.47479062064891,-7.67704752389594));
#2149=CARTESIAN_POINT('Ctrl Pts',(0.124881977702856,-1.55175096660601,-7.70457716662257));
#2150=CARTESIAN_POINT('Ctrl Pts',(-0.0648844315523626,-1.55541417196669,
-7.7163618303428));
#2151=CARTESIAN_POINT('Ctrl Pts',(-0.250692635769863,-1.52486674972715,
-7.72966333698689));
#2152=CARTESIAN_POINT('',(0.906259917760561,-1.25170218642986,-7.72966333698648));
#2153=CARTESIAN_POINT('Origin',(0.,-4.05474583550214E-17,-7.72966333698684));
#2154=CARTESIAN_POINT('Ctrl Pts',(0.906259917759329,-1.25170218643075,-7.7296633369866));
#2155=CARTESIAN_POINT('Ctrl Pts',(1.06666248124977,-1.13556720194874,-7.71479212971298));
#2156=CARTESIAN_POINT('Ctrl Pts',(1.2032955279703,-0.989649427748119,-7.70035076699956));
#2157=CARTESIAN_POINT('Ctrl Pts',(1.41272460705272,-0.656165410912192,-7.67406965043464));
#2158=CARTESIAN_POINT('Ctrl Pts',(1.48441080187316,-0.472160851563339,-7.6606462342484));
#2159=CARTESIAN_POINT('Ctrl Pts',(1.55662845022589,-0.0795626043489903,
-7.63100665477168));
#2160=CARTESIAN_POINT('Ctrl Pts',(1.5535796619108,0.125758222148822,-7.6155057629608));
#2161=CARTESIAN_POINT('Ctrl Pts',(1.46815114969297,0.523398547171765,-7.58548552700638));
#2162=CARTESIAN_POINT('Ctrl Pts',(1.38664970314902,0.711745396050403,-7.57212750344243));
#2163=CARTESIAN_POINT('Ctrl Pts',(1.15831147703137,1.04195345984723,-7.54473374069597));
#2164=CARTESIAN_POINT('Ctrl Pts',(1.01528838550172,1.18173753392405,-7.53010612258661));
#2165=CARTESIAN_POINT('Ctrl Pts',(0.677861157653752,1.40390874797682,-7.49965813914208));
#2166=CARTESIAN_POINT('Ctrl Pts',(0.484968874402826,1.48164957157404,-7.48411200994453));
#2167=CARTESIAN_POINT('Ctrl Pts',(0.0882234850850748,1.55541840355923,-7.45538761094486));
#2168=CARTESIAN_POINT('Ctrl Pts',(-0.111110146608305,1.55395155250305,-7.44306065608818));
#2169=CARTESIAN_POINT('Ctrl Pts',(-0.501398486805173,1.47542185806604,-7.41457871516644));
#2170=CARTESIAN_POINT('Ctrl Pts',(-0.688377685125798,1.39799315291166,-7.39943097366636));
#2171=CARTESIAN_POINT('Ctrl Pts',(-1.02608874783335,1.17356033637791,-7.36887906177799));
#2172=CARTESIAN_POINT('Ctrl Pts',(-1.17261324841762,1.0271923747956,-7.3537739881551));
#2173=CARTESIAN_POINT('Ctrl Pts',(-1.39483524538825,0.69343435668534,-7.32664610952751));
#2174=CARTESIAN_POINT('Ctrl Pts',(-1.47141863221439,0.511261059318663,-7.31359814176083));
#2175=CARTESIAN_POINT('Ctrl Pts',(-1.53419606744207,0.214231391294792,-7.29117360340692));
#2176=CARTESIAN_POINT('Ctrl Pts',(-1.54533666301317,0.107131745574129,-7.283088013408));
#2177=CARTESIAN_POINT('Ctrl Pts',(-1.54533666301317,1.14491749414469E-15,
-7.275));
#2178=CARTESIAN_POINT('Origin',(0.,-8.65887998205238E-17,-7.8));
#2179=CARTESIAN_POINT('',(-1.54533666301317,-4.93442939088434E-15,-6.4875));
#2180=CARTESIAN_POINT('',(-1.54533666301317,-1.06599603945606E-15,-6.575));
#2181=CARTESIAN_POINT('',(-1.54533666301317,-2.75837959616937E-16,-7.8));
#2182=CARTESIAN_POINT('Ctrl Pts',(-1.54533666301317,-8.39606162372775E-15,
-6.4875));
#2183=CARTESIAN_POINT('Ctrl Pts',(-1.54533666301317,0.147155582592093,-6.49860965119338));
#2184=CARTESIAN_POINT('Ctrl Pts',(-1.52431576178683,0.293850194450536,-6.50968450096114));
#2185=CARTESIAN_POINT('Ctrl Pts',(-1.42726090939435,0.624216724622678,-6.53462583754877));
#2186=CARTESIAN_POINT('Ctrl Pts',(-1.33639281963498,0.800478553031466,-6.5470078598954));
#2187=CARTESIAN_POINT('Ctrl Pts',(-1.08709911802296,1.11760712765272,-6.57527799701296));
#2188=CARTESIAN_POINT('Ctrl Pts',(-0.927980643686899,1.25285679918178,-6.59078678949461));
#2189=CARTESIAN_POINT('Ctrl Pts',(-0.572924951372946,1.44892142075675,-6.62140187582249));
#2190=CARTESIAN_POINT('Ctrl Pts',(-0.381861849234446,1.51057306627104,-6.63622107664166));
#2191=CARTESIAN_POINT('Ctrl Pts',(0.0152103858846588,1.55827563687666,-6.66398289663837));
#2192=CARTESIAN_POINT('Ctrl Pts',(0.217469143562758,1.54310639369827,-6.67680262840017));
#2193=CARTESIAN_POINT('Ctrl Pts',(0.608086495536018,1.43527064758648,-6.70641232475174));
#2194=CARTESIAN_POINT('Ctrl Pts',(0.792218461592441,1.34244220689596,-6.72195521904661));
#2195=CARTESIAN_POINT('Ctrl Pts',(1.10768400980641,1.095321285232,-6.75190911780647));
#2196=CARTESIAN_POINT('Ctrl Pts',(1.23791871514354,0.945673255382502,-6.76607295751468));
#2197=CARTESIAN_POINT('Ctrl Pts',(1.43942466717067,0.598399590846613,-6.79235658013329));
#2198=CARTESIAN_POINT('Ctrl Pts',(1.5060610757665,0.402400000143441,-6.80712042782841));
#2199=CARTESIAN_POINT('Ctrl Pts',(1.55844974242695,-0.00109395875707026,
-6.83758258946073));
#2200=CARTESIAN_POINT('Ctrl Pts',(1.5449995822625,-0.204338392117384,-6.85292672198941));
#2201=CARTESIAN_POINT('Ctrl Pts',(1.44217312042613,-0.588814644965974,-6.88195312374764));
#2202=CARTESIAN_POINT('Ctrl Pts',(1.35587709643398,-0.766907774820643,-6.89446672134014));
#2203=CARTESIAN_POINT('Ctrl Pts',(1.11585577477348,-1.08859199836891,-6.92230258367193));
#2204=CARTESIAN_POINT('Ctrl Pts',(0.961646452015956,-1.22693404060801,-6.93760713961822));
#2205=CARTESIAN_POINT('Ctrl Pts',(0.613203986882828,-1.43241549794334,-6.96814531030062));
#2206=CARTESIAN_POINT('Ctrl Pts',(0.423402146535907,-1.49953098381111,-6.98308829696146));
#2207=CARTESIAN_POINT('Ctrl Pts',(0.0286024885540491,-1.55791131814663,
-7.01110459663337));
#2208=CARTESIAN_POINT('Ctrl Pts',(-0.172583404390762,-1.54858925305384,
-7.02366096842567));
#2209=CARTESIAN_POINT('Ctrl Pts',(-0.565484378543013,-1.45266791559694,
-7.0529702263979));
#2210=CARTESIAN_POINT('Ctrl Pts',(-0.752812423156225,-1.365018345052,-7.06852659295719));
#2211=CARTESIAN_POINT('Ctrl Pts',(-1.07616989003541,-1.12639581592461,-7.09867567939467));
#2212=CARTESIAN_POINT('Ctrl Pts',(-1.21095655001165,-0.980070540102321,
-7.11301170509279));
#2213=CARTESIAN_POINT('Ctrl Pts',(-1.42344535632907,-0.636185908058899,
-7.13988547313986));
#2214=CARTESIAN_POINT('Ctrl Pts',(-1.49582933760367,-0.439894980108163,
-7.1542897085205));
#2215=CARTESIAN_POINT('Ctrl Pts',(-1.53935168516819,-0.157109461290082,
-7.1756388712316));
#2216=CARTESIAN_POINT('Ctrl Pts',(-1.54533666301317,-0.0785239040836783,
-7.18157176289649));
#2217=CARTESIAN_POINT('Ctrl Pts',(-1.54533666301317,-5.13158800945142E-15,
-7.1875));
#2218=CARTESIAN_POINT('Ctrl Pts',(-1.54533666301317,1.18995150041837E-15,
-7.275));
#2219=CARTESIAN_POINT('Ctrl Pts',(-1.54533666301317,-0.0947360056749935,
-7.26784781480958));
#2220=CARTESIAN_POINT('Ctrl Pts',(-1.53662512035086,-0.1894971126854,-7.26069373456989));
#2221=CARTESIAN_POINT('Ctrl Pts',(-1.48162631063456,-0.48466305636317,-7.23840989986473));
#2222=CARTESIAN_POINT('Ctrl Pts',(-1.4043394574309,-0.676676897933041,-7.22460784947402));
#2223=CARTESIAN_POINT('Ctrl Pts',(-1.18337900875863,-1.01330134278148,-7.19745425084724));
#2224=CARTESIAN_POINT('Ctrl Pts',(-1.04417718905392,-1.15620845227925,-7.1829585846252));
#2225=CARTESIAN_POINT('Ctrl Pts',(-0.713242575019014,-1.38619144349151,
-7.15264021866924));
#2226=CARTESIAN_POINT('Ctrl Pts',(-0.522895309446102,-1.46861920389632,
-7.13708356394334));
#2227=CARTESIAN_POINT('Ctrl Pts',(-0.127889058337652,-1.55276952152141,
-7.10808099217537));
#2228=CARTESIAN_POINT('Ctrl Pts',(0.0722890638488614,-1.55634841659447,
-7.09568931016788));
#2229=CARTESIAN_POINT('Ctrl Pts',(0.464738367400632,-1.48731149458354,-7.06742441536343));
#2230=CARTESIAN_POINT('Ctrl Pts',(0.653119539298124,-1.41473917023151,-7.05236832940009));
#2231=CARTESIAN_POINT('Ctrl Pts',(0.996027969948968,-1.19918509866018,-7.02181176090686));
#2232=CARTESIAN_POINT('Ctrl Pts',(1.14623486696597,-1.05655210946823,-7.00660691464911));
#2233=CARTESIAN_POINT('Ctrl Pts',(1.37688467075307,-0.728445121887072,-6.97914132906197));
#2234=CARTESIAN_POINT('Ctrl Pts',(1.4580518636533,-0.548230330267439,-6.9663891721647));
#2235=CARTESIAN_POINT('Ctrl Pts',(1.55021480457421,-0.160736255274878,-6.93713493704268));
#2236=CARTESIAN_POINT('Ctrl Pts',(1.55791960145303,0.0433843766744958,-6.92172465506504));
#2237=CARTESIAN_POINT('Ctrl Pts',(1.49353239652789,0.447454654336037,-6.89121898369765));
#2238=CARTESIAN_POINT('Ctrl Pts',(1.4203173242834,0.643020450149066,-6.8769229678398));
#2239=CARTESIAN_POINT('Ctrl Pts',(1.20640142696911,0.985690114854854,-6.85000175712407));
#2240=CARTESIAN_POINT('Ctrl Pts',(1.07086936397202,1.1314521188637,-6.83563825829362));
#2241=CARTESIAN_POINT('Ctrl Pts',(0.746227176760236,1.36864409666335,-6.80545917544249));
#2242=CARTESIAN_POINT('Ctrl Pts',(0.558383689238967,1.45542612595739,-6.78990185642418));
#2243=CARTESIAN_POINT('Ctrl Pts',(0.165119776117155,1.54937581374331,-6.7606432947758));
#2244=CARTESIAN_POINT('Ctrl Pts',(-0.0358934714705308,1.55773383317328,
-6.74812120215751));
#2245=CARTESIAN_POINT('Ctrl Pts',(-0.430306849542824,1.49757611909109,-6.72006306552213));
#2246=CARTESIAN_POINT('Ctrl Pts',(-0.619882998341976,1.42955052159171,-6.7051004800207));
#2247=CARTESIAN_POINT('Ctrl Pts',(-0.967424774381993,1.22238213587492,-6.67455751953105));
#2248=CARTESIAN_POINT('Ctrl Pts',(-1.12097643817485,1.08331757755714,-6.65926868873765));
#2249=CARTESIAN_POINT('Ctrl Pts',(-1.35944146780204,0.760556282795316,-6.63149392172082));
#2250=CARTESIAN_POINT('Ctrl Pts',(-1.44488300460142,0.582114699963863,-6.61894730500346));
#2251=CARTESIAN_POINT('Ctrl Pts',(-1.52838834107963,0.264020570172635,-6.59493248499872));
#2252=CARTESIAN_POINT('Ctrl Pts',(-1.54533666301317,0.132135278574288,-6.58497567900206));
#2253=CARTESIAN_POINT('Ctrl Pts',(-1.54533666301317,-3.85108611666851E-15,
-6.575));
#2254=CARTESIAN_POINT('Origin',(0.,-8.65887998205238E-17,-7.8));
#2255=CARTESIAN_POINT('',(-1.54533666301317,-1.59508669962899E-15,-5.7875));
#2256=CARTESIAN_POINT('',(-1.54533666301317,-1.94203139482435E-15,-5.875));
#2257=CARTESIAN_POINT('',(-1.54533666301317,-2.75837959616937E-16,-7.8));
#2258=CARTESIAN_POINT('Ctrl Pts',(-1.54533666301317,-2.32452945780892E-15,
-5.7875));
#2259=CARTESIAN_POINT('Ctrl Pts',(-1.54533666301317,0.173236074540588,-5.8005786228314));
#2260=CARTESIAN_POINT('Ctrl Pts',(-1.5162042453167,0.345465273569121,-5.81358123063476));
#2261=CARTESIAN_POINT('Ctrl Pts',(-1.39370476612721,0.69630320990824,-5.84006807557448));
#2262=CARTESIAN_POINT('Ctrl Pts',(-1.29318289390227,0.868866912077509,-5.85241450819327));
#2263=CARTESIAN_POINT('Ctrl Pts',(-1.02731129143928,1.17261013089225,-5.88126326181244));
#2264=CARTESIAN_POINT('Ctrl Pts',(-0.862287099601368,1.29877682899254,-5.89681531458363));
#2265=CARTESIAN_POINT('Ctrl Pts',(-0.499574508872451,1.47568793938064,-5.92720801345536));
#2266=CARTESIAN_POINT('Ctrl Pts',(-0.306638697315993,1.52749536195455,-5.94177805516101));
#2267=CARTESIAN_POINT('Ctrl Pts',(0.0943352944835594,1.55588340287161,-5.96906589310008));
#2268=CARTESIAN_POINT('Ctrl Pts',(0.298669044708014,1.52987309416677,-5.98261112309572));
#2269=CARTESIAN_POINT('Ctrl Pts',(0.684680346593437,1.40019285886748,-6.01274425465947));
#2270=CARTESIAN_POINT('Ctrl Pts',(0.862603441780946,1.2981687155974,-6.02822832336625));
#2271=CARTESIAN_POINT('Ctrl Pts',(1.16342119136926,1.03582709072014,-6.05779907909069));
#2272=CARTESIAN_POINT('Ctrl Pts',(1.28522353497837,0.880131267423537,-6.07105364972756));
#2273=CARTESIAN_POINT('Ctrl Pts',(1.46839002869488,0.523421182433671,-6.09798381813566));
#2274=CARTESIAN_POINT('Ctrl Pts',(1.52479810421713,0.324165890952818,-6.11302678658982));
#2275=CARTESIAN_POINT('Ctrl Pts',(1.55624700606536,-0.0803610116919938,
-6.14356693129624));
#2276=CARTESIAN_POINT('Ctrl Pts',(1.53266269290207,-0.28165029699319,-6.15876345805567));
#2277=CARTESIAN_POINT('Ctrl Pts',(1.41089611981882,-0.660547166439098,-6.18736863893742));
#2278=CARTESIAN_POINT('Ctrl Pts',(1.31522520901113,-0.834942915384826,-6.19969278819139));
#2279=CARTESIAN_POINT('Ctrl Pts',(1.05762951296172,-1.14543692948162,-6.2282552802092));
#2280=CARTESIAN_POINT('Ctrl Pts',(0.895503341458372,-1.27618665027519,-6.24379085614804));
#2281=CARTESIAN_POINT('Ctrl Pts',(0.536503009888847,-1.46273289127656,-6.27430454895649));
#2282=CARTESIAN_POINT('Ctrl Pts',(0.344443098373797,-1.51947967613953,-6.2890037740141));
#2283=CARTESIAN_POINT('Ctrl Pts',(-0.0546034674512283,-1.55757570533524,
-6.31653205103789));
#2284=CARTESIAN_POINT('Ctrl Pts',(-0.257874980451345,-1.5370591451032,-6.32967269057819));
#2285=CARTESIAN_POINT('Ctrl Pts',(-0.646280633218412,-1.41840456627778,
-6.35954617195901));
#2286=CARTESIAN_POINT('Ctrl Pts',(-0.827392599297938,-1.32097178838857,
-6.37506541879944));
#2287=CARTESIAN_POINT('Ctrl Pts',(-1.13569896506681,-1.06619966809628,-6.40484005735587));
#2288=CARTESIAN_POINT('Ctrl Pts',(-1.26171783456296,-0.913552796771101,
-6.41853045946281));
#2289=CARTESIAN_POINT('Ctrl Pts',(-1.45421307491201,-0.561595359097514,
-6.44510182222453));
#2290=CARTESIAN_POINT('Ctrl Pts',(-1.51579584606828,-0.36392018967114,-6.46002549785569));
#2291=CARTESIAN_POINT('Ctrl Pts',(-1.54257252126807,-0.106789405830957,
-6.47943783185774));
#2292=CARTESIAN_POINT('Ctrl Pts',(-1.54533666301317,-0.0533643924217037,
-6.48347120424854));
#2293=CARTESIAN_POINT('Ctrl Pts',(-1.54533666301317,-8.25516331955229E-15,
-6.48750000000001));
#2294=CARTESIAN_POINT('Ctrl Pts',(-1.54533666301317,-4.01607954555523E-15,
-6.575));
#2295=CARTESIAN_POINT('Ctrl Pts',(-1.54533666301317,-0.0688530207885156,
-6.5698018754634));
#2296=CARTESIAN_POINT('Ctrl Pts',(-1.54073512463513,-0.137773919072804,
-6.56459862645045));
#2297=CARTESIAN_POINT('Ctrl Pts',(-1.50411864328779,-0.40960334929569,-6.54407660410733));
#2298=CARTESIAN_POINT('Ctrl Pts',(-1.43654283477574,-0.605292948970337,
-6.52940795152836));
#2299=CARTESIAN_POINT('Ctrl Pts',(-1.23331046794151,-0.951694760335129,
-6.50304436416117));
#2300=CARTESIAN_POINT('Ctrl Pts',(-1.10228021182536,-1.10077628763791,-6.48884989454292));
#2301=CARTESIAN_POINT('Ctrl Pts',(-0.785429726031781,-1.3464408116588,-6.45886042267015));
#2302=CARTESIAN_POINT('Ctrl Pts',(-0.600733289842998,-1.43837859130716,
-6.44331424317234));
#2303=CARTESIAN_POINT('Ctrl Pts',(-0.209708415647004,-1.54414694816792,
-6.41375594220395));
#2304=CARTESIAN_POINT('Ctrl Pts',(-0.00763925119691575,-1.55829870091641,
-6.40098875576299));
#2305=CARTESIAN_POINT('Ctrl Pts',(0.389046133997105,-1.50875088822806,-6.37318257440531));
#2306=CARTESIAN_POINT('Ctrl Pts',(0.579902844990599,-1.44615570197737,-6.35834125097683));
#2307=CARTESIAN_POINT('Ctrl Pts',(0.934169952680537,-1.24826573169128,-6.32770882020545));
#2308=CARTESIAN_POINT('Ctrl Pts',(1.09269486491732,-1.11215628635264,-6.31220638093124));
#2309=CARTESIAN_POINT('Ctrl Pts',(1.34038109201443,-0.793758553471579,-6.28399343461422));
#2310=CARTESIAN_POINT('Ctrl Pts',(1.43032608509524,-0.617131412064811,-6.27159092511305));
#2311=CARTESIAN_POINT('Ctrl Pts',(1.54061081472091,-0.234818856536437,-6.24272787374964));
#2312=CARTESIAN_POINT('Ctrl Pts',(1.55806451239879,-0.0322836370445951,
-6.22743728399903));
#2313=CARTESIAN_POINT('Ctrl Pts',(1.51392647736904,0.371615260355805,-6.19694455114808));
#2314=CARTESIAN_POINT('Ctrl Pts',(1.45134360108226,0.568967331508904,-6.18204526812951));
#2315=CARTESIAN_POINT('Ctrl Pts',(1.25704045694765,0.91999115076032,-6.15554438978187));
#2316=CARTESIAN_POINT('Ctrl Pts',(1.13019371618761,1.07204762493535,-6.14175936785403));
#2317=CARTESIAN_POINT('Ctrl Pts',(0.820424606192771,1.32532690561284,-6.11194544468681));
#2318=CARTESIAN_POINT('Ctrl Pts',(0.638701488259591,1.42184896035162,-6.09642061783048));
#2319=CARTESIAN_POINT('Ctrl Pts',(0.249843938111992,1.53834551271542,-6.06659905189362));
#2320=CARTESIAN_POINT('Ctrl Pts',(0.0467770125118384,1.55779222543454,-6.05352851953822));
#2321=CARTESIAN_POINT('Ctrl Pts',(-0.35188238056965,1.51778652730228,-6.02595347027637));
#2322=CARTESIAN_POINT('Ctrl Pts',(-0.543754486421339,1.46006586301216,-6.01122976224016));
#2323=CARTESIAN_POINT('Ctrl Pts',(-0.901992161508253,1.2716257761271,-5.98069444413993));
#2324=CARTESIAN_POINT('Ctrl Pts',(-1.06353149015833,1.13997850971157,-5.9651633562852));
#2325=CARTESIAN_POINT('Ctrl Pts',(-1.31948578938219,0.828161959262588,-5.93665825804156));
#2326=CARTESIAN_POINT('Ctrl Pts',(-1.41420220635876,0.653399863235806,-5.92432904645875));
#2327=CARTESIAN_POINT('Ctrl Pts',(-1.52120932144205,0.314656257935983,-5.89875527458698));
#2328=CARTESIAN_POINT('Ctrl Pts',(-1.54533666301317,0.157653657656264,-5.88690221339259));
#2329=CARTESIAN_POINT('Ctrl Pts',(-1.54533666301317,-1.59594559789866E-15,
-5.875));
#2330=CARTESIAN_POINT('Origin',(0.,-8.65887998205238E-17,-7.8));
#2331=CARTESIAN_POINT('',(-1.54533666301317,-8.14461135439423E-16,-5.08750000000001));
#2332=CARTESIAN_POINT('',(-1.54533666301317,-1.05732242207618E-15,-5.17500000000001));
#2333=CARTESIAN_POINT('',(-1.54533666301317,-2.75837959616937E-16,-7.8));
#2334=CARTESIAN_POINT('Ctrl Pts',(-1.54533666301317,7.43708407166873E-17,
-5.08750000000001));
#2335=CARTESIAN_POINT('Ctrl Pts',(-1.54533666301317,0.000327079064544486,
-5.08752469314624));
#2336=CARTESIAN_POINT('Ctrl Pts',(-1.54533655917103,0.000654163237025652,
-5.0875493866781));
#2337=CARTESIAN_POINT('Ctrl Pts',(-1.54520984584845,0.200210046890404,-5.10261504862529));
#2338=CARTESIAN_POINT('Ctrl Pts',(-1.50655685722349,0.397585978358177,-5.11751613300109));
#2339=CARTESIAN_POINT('Ctrl Pts',(-1.35609838411844,0.767517937984168,-5.14544449945742));
#2340=CARTESIAN_POINT('Ctrl Pts',(-1.24549666570414,0.936394661506226,-5.15808133720631));
#2341=CARTESIAN_POINT('Ctrl Pts',(-0.962784566246941,1.22595964633474,-5.18749594668685));
#2342=CARTESIAN_POINT('Ctrl Pts',(-0.792193886965213,1.34251510009963,-5.20304913924828));
#2343=CARTESIAN_POINT('Ctrl Pts',(-0.422640850754052,1.4994027691945,-5.2331332317142));
#2344=CARTESIAN_POINT('Ctrl Pts',(-0.228299205974259,1.54102544531871,-5.24741073520656));
#2345=CARTESIAN_POINT('Ctrl Pts',(0.17355986384679,1.54917322726828,-5.27399241196194));
#2346=CARTESIAN_POINT('Ctrl Pts',(0.377353527879225,1.51253406062504,-5.2884101393601));
#2347=CARTESIAN_POINT('Ctrl Pts',(0.75608693667733,1.36280655902503,-5.31882417573226));
#2348=CARTESIAN_POINT('Ctrl Pts',(0.927652545926985,1.25234903497683,-5.33421092608141));
#2349=CARTESIAN_POINT('Ctrl Pts',(1.21416039647953,0.975864571593279,-5.3633799439111));
#2350=CARTESIAN_POINT('Ctrl Pts',(1.32798824081814,0.814199944503491,-5.37603119789433));
#2351=CARTESIAN_POINT('Ctrl Pts',(1.49297309286606,0.448544371931433,-5.40363671442746));
#2352=CARTESIAN_POINT('Ctrl Pts',(1.53925181559294,0.246629520588946,-5.41888046889239));
#2353=CARTESIAN_POINT('Ctrl Pts',(1.55015681579836,-0.158062111439114,-5.44943305000086));
#2354=CARTESIAN_POINT('Ctrl Pts',(1.51676829125336,-0.356946024614134,-5.46444798089528));
#2355=CARTESIAN_POINT('Ctrl Pts',(1.37642596576416,-0.730109423828841,-5.49262030796833));
#2356=CARTESIAN_POINT('Ctrl Pts',(1.27119663904233,-0.900928281190561,-5.50506225247311));
#2357=CARTESIAN_POINT('Ctrl Pts',(0.997392464191217,-1.19807270610952,-5.53418055777425));
#2358=CARTESIAN_POINT('Ctrl Pts',(0.82969004673835,-1.31975986825775,-5.54973862330324));
#2359=CARTESIAN_POINT('Ctrl Pts',(0.463634303127962,-1.48730859171049,-5.57999649106983));
#2360=CARTESIAN_POINT('Ctrl Pts',(0.269972555069584,-1.53434064467852,-5.59443373498725));
#2361=CARTESIAN_POINT('Ctrl Pts',(-0.132808062565664,-1.55329825311983,
-5.6214837129278));
#2362=CARTESIAN_POINT('Ctrl Pts',(-0.338203858328874,-1.52185922470022,
-5.63549847250041));
#2363=CARTESIAN_POINT('Ctrl Pts',(-0.721728304328333,-1.38138309450446,
-5.66587653310424));
#2364=CARTESIAN_POINT('Ctrl Pts',(-0.896424125594041,-1.274966192536,-5.6813154158324));
#2365=CARTESIAN_POINT('Ctrl Pts',(-1.18988440442597,-1.00530195136902,-5.71068154366444));
#2366=CARTESIAN_POINT('Ctrl Pts',(-1.3075750397337,-0.846562558026591,-5.72358795149066));
#2367=CARTESIAN_POINT('Ctrl Pts',(-1.48145311303593,-0.485229510330786,
-5.75086713488166));
#2368=CARTESIAN_POINT('Ctrl Pts',(-1.53269116005302,-0.284546160396699,
-5.76601791597208));
#2369=CARTESIAN_POINT('Ctrl Pts',(-1.54465107206092,-0.0531770844482323,
-5.78348534524281));
#2370=CARTESIAN_POINT('Ctrl Pts',(-1.54533666301317,-0.0265766935157375,
-5.78549356715096));
#2371=CARTESIAN_POINT('Ctrl Pts',(-1.54533666301317,-2.0451981197089E-15,
-5.7875));
#2372=CARTESIAN_POINT('Ctrl Pts',(-1.54533666301317,-1.93366532227065E-15,
-5.875));
#2373=CARTESIAN_POINT('Ctrl Pts',(-1.54533666301317,-0.0425655125918914,
-5.8717864759907));
#2374=CARTESIAN_POINT('Ctrl Pts',(-1.54357803198657,-0.0851784850923453,
-5.86856936895028));
#2375=CARTESIAN_POINT('Ctrl Pts',(-1.52310467903184,-0.332026419398426,
-5.84993334849058));
#2376=CARTESIAN_POINT('Ctrl Pts',(-1.46567238099724,-0.53098104743063,-5.83491307891052));
#2377=CARTESIAN_POINT('Ctrl Pts',(-1.28066246350589,-0.886760629441002,
-5.80805315971318));
#2378=CARTESIAN_POINT('Ctrl Pts',(-1.15803405283573,-1.04185348640814,-5.79471937610471));
#2379=CARTESIAN_POINT('Ctrl Pts',(-0.855744370292574,-1.30271676378485,
-5.76510818794938));
#2380=CARTESIAN_POINT('Ctrl Pts',(-0.677186691680458,-1.40384792607887,
-5.74961633750625));
#2381=CARTESIAN_POINT('Ctrl Pts',(-0.290693980587413,-1.53136396969873,
-5.71953342458595));
#2382=CARTESIAN_POINT('Ctrl Pts',(-0.0865707666821673,-1.55629209375512,
-5.7060736645427));
#2383=CARTESIAN_POINT('Ctrl Pts',(0.314031524228981,-1.52600479494853,-5.67873843578976));
#2384=CARTESIAN_POINT('Ctrl Pts',(0.506806298309489,-1.47323271857447,-5.66414250921231));
#2385=CARTESIAN_POINT('Ctrl Pts',(0.868814275599698,-1.29443596668178,-5.63372469981118));
#2386=CARTESIAN_POINT('Ctrl Pts',(1.03328273647675,-1.16737017354364,-5.61817504249726));
#2387=CARTESIAN_POINT('Ctrl Pts',(1.29754367503702,-0.862303268797993,-5.58938162989603));
#2388=CARTESIAN_POINT('Ctrl Pts',(1.3971174611445,-0.689383408578223,-5.57704565856692));
#2389=CARTESIAN_POINT('Ctrl Pts',(1.52655259366613,-0.312825044611709,-5.54861702538885));
#2390=CARTESIAN_POINT('Ctrl Pts',(1.55420405451353,-0.112471041907543,-5.53349110868198));
#2391=CARTESIAN_POINT('Ctrl Pts',(1.5312396207963,0.292251565754808,-5.50293618903842));
#2392=CARTESIAN_POINT('Ctrl Pts',(1.4789951059318,0.492668547699774,-5.48780551765364));
#2393=CARTESIAN_POINT('Ctrl Pts',(1.30331063487558,0.853111143848018,-5.46059355975231));
#2394=CARTESIAN_POINT('Ctrl Pts',(1.18482677428539,1.01125780872267,-5.44762604708277));
#2395=CARTESIAN_POINT('Ctrl Pts',(0.889943336628855,1.27951420760653,-5.41822001431213));
#2396=CARTESIAN_POINT('Ctrl Pts',(0.714616247401546,1.38509069317061,-5.40277158241101));
#2397=CARTESIAN_POINT('Ctrl Pts',(0.330600191441373,1.52348146498217,-5.37244009771353));
#2398=CARTESIAN_POINT('Ctrl Pts',(0.125410877470831,1.55386778204117,-5.35852157306683));
#2399=CARTESIAN_POINT('Ctrl Pts',(-0.277026897612829,1.53309412394716,-5.33142545845617));
#2400=CARTESIAN_POINT('Ctrl Pts',(-0.470558334649098,1.48514448195998,-5.31696209732822));
#2401=CARTESIAN_POINT('Ctrl Pts',(-0.835990358735128,1.31579318818414,-5.28667696584276));
#2402=CARTESIAN_POINT('Ctrl Pts',(-1.00318753449047,1.19324158226466,-5.2711193027268));
#2403=CARTESIAN_POINT('Ctrl Pts',(-1.27547270108775,0.894822807554349,-5.24205220820709));
#2404=CARTESIAN_POINT('Ctrl Pts',(-1.37979519850138,0.72367121477293,-5.22963424922927));
#2405=CARTESIAN_POINT('Ctrl Pts',(-1.51272922269788,0.365269282372106,-5.20257635318572));
#2406=CARTESIAN_POINT('Ctrl Pts',(-1.54533666301317,0.183278678153065,-5.18883679877853));
#2407=CARTESIAN_POINT('Ctrl Pts',(-1.54533666301317,-5.20417042793042E-16,
-5.175));
#2408=CARTESIAN_POINT('Origin',(0.,-8.65887998205238E-17,-7.8));
#2409=CARTESIAN_POINT('',(-1.54533666301317,-3.36450464512533E-15,-4.38750000000001));
#2410=CARTESIAN_POINT('',(-1.54533666301317,-1.87264245578528E-15,-4.47500000000001));
#2411=CARTESIAN_POINT('',(-1.54533666301317,-2.75837959616937E-16,-7.8));
#2412=CARTESIAN_POINT('Ctrl Pts',(-1.54533666301317,-4.23913792085118E-15,
-4.38750000000001));
#2413=CARTESIAN_POINT('Ctrl Pts',(-1.54533666301317,0.0260523788709093,
-4.38946684921439));
#2414=CARTESIAN_POINT('Ctrl Pts',(-1.54467785671303,0.0521285949358291,
-4.3914354980405));
#2415=CARTESIAN_POINT('Ctrl Pts',(-1.53332298486851,0.276217256490758,-4.40835328547617));
#2416=CARTESIAN_POINT('Ctrl Pts',(-1.4852723201962,0.470509126268987,-4.42302153567044));
#2417=CARTESIAN_POINT('Ctrl Pts',(-1.31643840878381,0.834365550744511,-4.45049122380043));
#2418=CARTESIAN_POINT('Ctrl Pts',(-1.19574606096847,0.999698658157523,-4.46372369995358));
#2419=CARTESIAN_POINT('Ctrl Pts',(-0.896735772834146,1.27489622676688,-4.49366156716392));
#2420=CARTESIAN_POINT('Ctrl Pts',(-0.721204479162505,1.38179430281503,-4.50917323760812));
#2421=CARTESIAN_POINT('Ctrl Pts',(-0.345715690233036,1.51889470520207,-4.53889848868841));
#2422=CARTESIAN_POINT('Ctrl Pts',(-0.150385420990452,1.5504414849751,-4.55247489173212));
#2423=CARTESIAN_POINT('Ctrl Pts',(0.250541625080655,1.5386219460944,-4.57913423285368));
#2424=CARTESIAN_POINT('Ctrl Pts',(0.452241085716463,1.49183023742069,-4.59408792127883));
#2425=CARTESIAN_POINT('Ctrl Pts',(0.82201114609272,1.32393922287842,-4.62460155712625));
#2426=CARTESIAN_POINT('Ctrl Pts',(0.987181042161535,1.20582216760903,-4.63985927851102));
#2427=CARTESIAN_POINT('Ctrl Pts',(1.25995070899872,0.91612980003662,-4.66862864612293));
#2428=CARTESIAN_POINT('Ctrl Pts',(1.36618788711532,0.748527314169647,-4.68098921581733));
#2429=CARTESIAN_POINT('Ctrl Pts',(1.51378867369224,0.373121292456793,-4.70933085181685));
#2430=CARTESIAN_POINT('Ctrl Pts',(1.55005031060592,0.167597274827248,-4.72484708373619));
#2431=CARTESIAN_POINT('Ctrl Pts',(1.53983961843253,-0.237620156380352,-4.75543936055569));
#2432=CARTESIAN_POINT('Ctrl Pts',(1.49654569132812,-0.433537066052394,-4.77023029468813));
#2433=CARTESIAN_POINT('Ctrl Pts',(1.33706852268321,-0.800520516269995,-4.79793606061181));
#2434=CARTESIAN_POINT('Ctrl Pts',(1.22156907456936,-0.967663386541825,-4.8108260880874));
#2435=CARTESIAN_POINT('Ctrl Pts',(0.930874828830912,-1.25027583789658,-4.8405001375076));
#2436=CARTESIAN_POINT('Ctrl Pts',(0.757807528481306,-1.3621441355803,-4.85603832439643));
#2437=CARTESIAN_POINT('Ctrl Pts',(0.385172125501821,-1.50942592389479,-4.88596134379207));
#2438=CARTESIAN_POINT('Ctrl Pts',(0.190325717132565,-1.54608909725721,-4.90002783250252));
#2439=CARTESIAN_POINT('Ctrl Pts',(-0.211068973470118,-1.54452690494512,
-4.92633055479929));
#2440=CARTESIAN_POINT('Ctrl Pts',(-0.413858657544289,-1.50292437773103,
-4.94115964247097));
#2441=CARTESIAN_POINT('Ctrl Pts',(-0.788233224591161,-1.3443985063928,-4.97162081226477));
#2442=CARTESIAN_POINT('Ctrl Pts',(-0.956745881323684,-1.23019036836721,
-4.98694953435097));
#2443=CARTESIAN_POINT('Ctrl Pts',(-1.23662456158618,-0.947289016334316,
-5.01592735221657));
#2444=CARTESIAN_POINT('Ctrl Pts',(-1.34678445572046,-0.782786460856286,
-5.0284027888319));
#2445=CARTESIAN_POINT('Ctrl Pts',(-1.50383472397395,-0.411510167450891,
-5.05643264705031));
#2446=CARTESIAN_POINT('Ctrl Pts',(-1.54533666301317,-0.206775810750094,
-5.07188926276397));
#2447=CARTESIAN_POINT('Ctrl Pts',(-1.54533666301317,-1.04083408558608E-16,
-5.08750000000001));
#2448=CARTESIAN_POINT('Ctrl Pts',(-1.54533666301317,1.48745291223649E-16,
-5.175));
#2449=CARTESIAN_POINT('Ctrl Pts',(-1.54533666301317,-0.0162975188171967,
-5.17376960325809));
#2450=CARTESIAN_POINT('Ctrl Pts',(-1.54507884759162,-0.0326052226074926,
-5.1725384375919));
#2451=CARTESIAN_POINT('Ctrl Pts',(-1.53807077044838,-0.253886011459891,
-5.15583263318651));
#2452=CARTESIAN_POINT('Ctrl Pts',(-1.49084207933075,-0.455575326787965,
-5.1406059057783));
#2453=CARTESIAN_POINT('Ctrl Pts',(-1.32415439063687,-0.820411175786904,
-5.11306227505889));
#2454=CARTESIAN_POINT('Ctrl Pts',(-1.20959219430811,-0.981514697578974,
-5.10036798756316));
#2455=CARTESIAN_POINT('Ctrl Pts',(-0.921760053694157,-1.25670729531465,
-5.07116115109107));
#2456=CARTESIAN_POINT('Ctrl Pts',(-0.749592403307632,-1.36640354971081,
-5.0557637748303));
#2457=CARTESIAN_POINT('Ctrl Pts',(-0.370046019277591,-1.51433945213609,
-5.02536421423246));
#2458=CARTESIAN_POINT('Ctrl Pts',(-0.166066123573975,-1.54999743521456,
-5.01103357280491));
#2459=CARTESIAN_POINT('Ctrl Pts',(0.235866163665247,-1.53989755477039,-4.98437342122142));
#2460=CARTESIAN_POINT('Ctrl Pts',(0.430095717178717,-1.49729408343878,-4.97006622337936));
#2461=CARTESIAN_POINT('Ctrl Pts',(0.799037398881197,-1.33846904183781,-4.9399489702426));
#2462=CARTESIAN_POINT('Ctrl Pts',(0.969115822801273,-1.22097862321517,-4.92439397662911));
#2463=CARTESIAN_POINT('Ctrl Pts',(1.25021851461593,-0.930030545962239,-4.89503238355546));
#2464=CARTESIAN_POINT('Ctrl Pts',(1.35984251205868,-0.760803809829338,-4.88243760994257));
#2465=CARTESIAN_POINT('Ctrl Pts',(1.508477531542,-0.390283464761564,-4.8544648227656));
#2466=CARTESIAN_POINT('Ctrl Pts',(1.5461859791337,-0.192625582238221,-4.83954245222569));
#2467=CARTESIAN_POINT('Ctrl Pts',(1.54442412753086,0.213910213012427,-4.80885064425415));
#2468=CARTESIAN_POINT('Ctrl Pts',(1.50185705311485,0.41888548450347,-4.7933758404484));
#2469=CARTESIAN_POINT('Ctrl Pts',(1.34274506728575,0.789677276801539,-4.76538256010364));
#2470=CARTESIAN_POINT('Ctrl Pts',(1.23178682763037,0.953557132444219,-4.75287444562207));
#2471=CARTESIAN_POINT('Ctrl Pts',(0.950463453700213,1.23506707370945,-4.72385469458289));
#2472=CARTESIAN_POINT('Ctrl Pts',(0.78128001965197,1.3484664472323,-4.70851264535101));
#2473=CARTESIAN_POINT('Ctrl Pts',(0.405795733987763,1.50514956652001,-4.67804848074681));
#2474=CARTESIAN_POINT('Ctrl Pts',(0.202772368932435,1.54560899543837,-4.663267824327));
#2475=CARTESIAN_POINT('Ctrl Pts',(-0.198708645553535,1.54507251996267,-4.63699817678852));
#2476=CARTESIAN_POINT('Ctrl Pts',(-0.393440654929864,1.50727917368679,-4.62283970016295));
#2477=CARTESIAN_POINT('Ctrl Pts',(-0.765284412080027,1.35797412173031,-4.59289206558141));
#2478=CARTESIAN_POINT('Ctrl Pts',(-0.937826799161747,1.24508816309398,-4.57734978362202));
#2479=CARTESIAN_POINT('Ctrl Pts',(-1.22679988202598,0.960963251212906,-4.54773117393968));
#2480=CARTESIAN_POINT('Ctrl Pts',(-1.34123626283028,0.793446567744361,-4.53490200611455));
#2481=CARTESIAN_POINT('Ctrl Pts',(-1.49877211052577,0.425823026932701,-4.5071479159404));
#2482=CARTESIAN_POINT('Ctrl Pts',(-1.54107151524661,0.22958306245043,-4.49233259247665));
#2483=CARTESIAN_POINT('Ctrl Pts',(-1.54523466489539,0.0205063253977796,
-4.47654814461276));
#2484=CARTESIAN_POINT('Ctrl Pts',(-1.54533666301317,0.0102509125965211,
-4.47577390243276));
#2485=CARTESIAN_POINT('Ctrl Pts',(-1.54533666301317,-4.01607954555523E-15,
-4.47500000000001));
#2486=CARTESIAN_POINT('Origin',(0.,-8.65887998205238E-17,-7.8));
#2487=CARTESIAN_POINT('',(-1.54533666301317,1.05904021861553E-15,-3.68750000000001));
#2488=CARTESIAN_POINT('',(-1.54533666301317,-2.39305949857832E-15,-3.77500000000001));
#2489=CARTESIAN_POINT('',(-1.54533666301317,-2.75837959616937E-16,-7.8));
#2490=CARTESIAN_POINT('Ctrl Pts',(-1.54533666301317,4.20195250049283E-15,
-3.68750000000001));
#2491=CARTESIAN_POINT('Ctrl Pts',(-1.54533666301317,0.0475794756782896,
-3.69109205793922));
#2492=CARTESIAN_POINT('Ctrl Pts',(-1.54313932278521,0.0952130802287965,
-3.69468820238932));
#2493=CARTESIAN_POINT('Ctrl Pts',(-1.51979444229927,0.346853990261316,-3.71368607312722));
#2494=CARTESIAN_POINT('Ctrl Pts',(-1.46043150902672,0.545225710518426,-3.72866233552832));
#2495=CARTESIAN_POINT('Ctrl Pts',(-1.27194297802068,0.8992377613373,-3.75538881327094));
#2496=CARTESIAN_POINT('Ctrl Pts',(-1.14774627007414,1.05319350913745,-3.76888131660666));
#2497=CARTESIAN_POINT('Ctrl Pts',(-0.842668427216624,1.31124385914679,-3.79856861630904));
#2498=CARTESIAN_POINT('Ctrl Pts',(-0.662919077462888,1.41067076053095,-3.81407404749498));
#2499=CARTESIAN_POINT('Ctrl Pts',(-0.275528998727986,1.53408337386561,-3.84406073538774));
#2500=CARTESIAN_POINT('Ctrl Pts',(-0.0718023671042549,1.55696485464626,
-3.85736651895068));
#2501=CARTESIAN_POINT('Ctrl Pts',(0.328086303947692,1.52306809884513,-3.88479133992854));
#2502=CARTESIAN_POINT('Ctrl Pts',(0.520541220217527,1.46846039382847,-3.89943564501825));
#2503=CARTESIAN_POINT('Ctrl Pts',(0.881181100992994,1.28608070938142,-3.92989925479075));
#2504=CARTESIAN_POINT('Ctrl Pts',(1.04457834590527,1.15730944075986,-3.94544325273942));
#2505=CARTESIAN_POINT('Ctrl Pts',(1.30576770067099,0.84973009172039,-3.97413068053727));
#2506=CARTESIAN_POINT('Ctrl Pts',(1.40353738800787,0.676132326151736,-3.98645474455181));
#2507=CARTESIAN_POINT('Ctrl Pts',(1.53102763127656,0.293741410811163,-4.01532371176309));
#2508=CARTESIAN_POINT('Ctrl Pts',(1.55647512193183,0.0877109973501198,-4.03087817451967));
#2509=CARTESIAN_POINT('Ctrl Pts',(1.5258804854295,-0.314438922841933,-4.06123886666658));
#2510=CARTESIAN_POINT('Ctrl Pts',(1.47315104709163,-0.507000623058509,-4.07577649605804));
#2511=CARTESIAN_POINT('Ctrl Pts',(1.29498687406888,-0.867668926597409,-4.10300549395431));
#2512=CARTESIAN_POINT('Ctrl Pts',(1.16900006906456,-1.03117724064784,-4.1166606435584));
#2513=CARTESIAN_POINT('Ctrl Pts',(0.86166838673292,-1.29876900412561,-4.14685547153332));
#2514=CARTESIAN_POINT('Ctrl Pts',(0.683794230975365,-1.40060679899296,-4.16232930623565));
#2515=CARTESIAN_POINT('Ctrl Pts',(0.305521482829181,-1.52745831931398,-4.19184970193985));
#2516=CARTESIAN_POINT('Ctrl Pts',(0.109645309776478,-1.55383385729739,-4.20501048264196));
#2517=CARTESIAN_POINT('Ctrl Pts',(-0.290708677214353,-1.53154517192784,
-4.23202754545458));
#2518=CARTESIAN_POINT('Ctrl Pts',(-0.49115248775576,-1.47948170515938,-4.24709813590536));
#2519=CARTESIAN_POINT('Ctrl Pts',(-0.855974495083284,-1.30215986917754,
-4.27764425547876));
#2520=CARTESIAN_POINT('Ctrl Pts',(-1.01763772041554,-1.18014672575112,-4.29281977521758));
#2521=CARTESIAN_POINT('Ctrl Pts',(-1.28309501332501,-0.883563866689081,
-4.32137115159438));
#2522=CARTESIAN_POINT('Ctrl Pts',(-1.38530224117601,-0.712708398335259,
-4.33369339906363));
#2523=CARTESIAN_POINT('Ctrl Pts',(-1.51403864774669,-0.357985397075624,
-4.36047355068849));
#2524=CARTESIAN_POINT('Ctrl Pts',(-1.54533666301317,-0.179558864905879,
-4.37394403207379));
#2525=CARTESIAN_POINT('Ctrl Pts',(-1.54533666301317,-5.34294830600857E-15,
-4.38750000000001));
#2526=CARTESIAN_POINT('Ctrl Pts',(-1.54533666301317,-4.8919202022546E-15,
-4.47500000000001));
#2527=CARTESIAN_POINT('Ctrl Pts',(-1.54533666301317,-0.196258191310242,
-4.46018330048448));
#2528=CARTESIAN_POINT('Ctrl Pts',(-1.50794769371236,-0.390866842833976,
-4.44549113454991));
#2529=CARTESIAN_POINT('Ctrl Pts',(-1.36209221879719,-0.755925429938558,
-4.41793068800456));
#2530=CARTESIAN_POINT('Ctrl Pts',(-1.25501409006514,-0.922857755736933,
-4.40555191627426));
#2531=CARTESIAN_POINT('Ctrl Pts',(-0.980719254107948,-1.21110091611757,
-4.37673753558796));
#2532=CARTESIAN_POINT('Ctrl Pts',(-0.814826478884304,-1.32838933830466,
-4.36146383056426));
#2533=CARTESIAN_POINT('Ctrl Pts',(-0.444051085257826,-1.49428719299281,
-4.33095970235977));
#2534=CARTESIAN_POINT('Ctrl Pts',(-0.242106744291042,-1.53997072764365,
-4.31603183464006));
#2535=CARTESIAN_POINT('Ctrl Pts',(0.158928037710644,-1.5495962790819,-4.28944826817921));
#2536=CARTESIAN_POINT('Ctrl Pts',(0.354150631216661,-1.51695955564176,-4.27577395233283));
#2537=CARTESIAN_POINT('Ctrl Pts',(0.72903983894067,-1.37769316502432,-4.24600614104531));
#2538=CARTESIAN_POINT('Ctrl Pts',(0.904058226985596,-1.26973276614018,-4.23048790455822));
#2539=CARTESIAN_POINT('Ctrl Pts',(1.20130331111475,-0.992946121036362,-4.20060546445935));
#2540=CARTESIAN_POINT('Ctrl Pts',(1.32088538741362,-0.827228070899812,-4.18745237294288));
#2541=CARTESIAN_POINT('Ctrl Pts',(1.49052609213239,-0.456607811799668,-4.15947204266069));
#2542=CARTESIAN_POINT('Ctrl Pts',(1.53789430552466,-0.254952032497,-4.14424784708937));
#2543=CARTESIAN_POINT('Ctrl Pts',(1.55099318358002,0.149772263246241,-4.11369280000254));
#2544=CARTESIAN_POINT('Ctrl Pts',(1.51864454678315,0.348935912286735,-4.0986567501819));
#2545=CARTESIAN_POINT('Ctrl Pts',(1.38028766844457,0.722724144925813,-4.07043725071296));
#2546=CARTESIAN_POINT('Ctrl Pts',(1.27609814595196,0.893924658980399,-4.05802258755491));
#2547=CARTESIAN_POINT('Ctrl Pts',(1.00403609112804,1.19253017563857,-4.02896303126774));
#2548=CARTESIAN_POINT('Ctrl Pts',(0.83691343212242,1.31520848710169,-4.0134054572843));
#2549=CARTESIAN_POINT('Ctrl Pts',(0.471573682030155,1.48482415703157,-3.98311637913801));
#2550=CARTESIAN_POINT('Ctrl Pts',(0.278061734232663,1.53290845124438,-3.9686492093949));
#2551=CARTESIAN_POINT('Ctrl Pts',(-0.124325558361065,1.55394843739656,-3.94154634205534));
#2552=CARTESIAN_POINT('Ctrl Pts',(-0.329484663690672,1.523716207072,-3.92764169810794));
#2553=CARTESIAN_POINT('Ctrl Pts',(-0.713572299274872,1.38563100659604,-3.89731706813323));
#2554=CARTESIAN_POINT('Ctrl Pts',(-0.888991575864647,1.28017799708074,-3.88186726986303));
#2555=CARTESIAN_POINT('Ctrl Pts',(-1.18408347086846,1.01212815320039,-3.85245540488973));
#2556=CARTESIAN_POINT('Ctrl Pts',(-1.30268359886389,0.854068142011385,-3.83947868973764));
#2557=CARTESIAN_POINT('Ctrl Pts',(-1.47863226666699,0.493756130079143,-3.81227659041636));
#2558=CARTESIAN_POINT('Ctrl Pts',(-1.5310239492451,0.293378565751596,-3.79714889490223));
#2559=CARTESIAN_POINT('Ctrl Pts',(-1.54448943480019,0.059116049187863,-3.77946302256996));
#2560=CARTESIAN_POINT('Ctrl Pts',(-1.54533666301317,0.0295439820779886,
-3.77723045113185));
#2561=CARTESIAN_POINT('Ctrl Pts',(-1.54533666301317,-4.01607954555523E-15,
-3.77500000000001));
#2562=CARTESIAN_POINT('Origin',(0.,-8.65887998205238E-17,-7.8));
#2563=CARTESIAN_POINT('',(-1.54533666301317,1.75292960900625E-15,-2.98750000000001));
#2564=CARTESIAN_POINT('',(-1.54533666301317,-1.74253819508701E-15,-3.07500000000001));
#2565=CARTESIAN_POINT('',(-1.54533666301317,-2.75837959616937E-16,-7.8));
#2566=CARTESIAN_POINT('Ctrl Pts',(-1.54533666301317,7.43708407166873E-17,
-2.98750000000001));
#2567=CARTESIAN_POINT('Ctrl Pts',(-1.54533666301317,0.0734105831829575,
-2.99304220206057));
#2568=CARTESIAN_POINT('Ctrl Pts',(-1.54010577970314,0.146887343921687,-2.99858940025888));
#2569=CARTESIAN_POINT('Ctrl Pts',(-1.50042674239668,0.422932601214385,-3.01942970049138));
#2570=CARTESIAN_POINT('Ctrl Pts',(-1.43111271864013,0.618036113901902,-3.03392810584725));
#2571=CARTESIAN_POINT('Ctrl Pts',(-1.22468971884988,0.962798689934418,-3.0604384234925));
#2572=CARTESIAN_POINT('Ctrl Pts',(-1.0921909899225,1.11081886909773,-3.07468884019498));
#2573=CARTESIAN_POINT('Ctrl Pts',(-0.772790342004685,1.35376327705972,-3.10474236639563));
#2574=CARTESIAN_POINT('Ctrl Pts',(-0.587058462025957,1.44404109803841,-3.12029358459095));
#2575=CARTESIAN_POINT('Ctrl Pts',(-0.195290761241787,1.54597714832847,-3.14975579079092));
#2576=CARTESIAN_POINT('Ctrl Pts',(0.00643064326995957,1.558246121632,-3.16243313860261));
#2577=CARTESIAN_POINT('Ctrl Pts',(0.402390665448916,1.50526947975067,-3.19032132606692));
#2578=CARTESIAN_POINT('Ctrl Pts',(0.592851037904835,1.44092013523149,-3.2052029522477));
#2579=CARTESIAN_POINT('Ctrl Pts',(0.945626386471777,1.23964152000802,-3.23586576418963));
#2580=CARTESIAN_POINT('Ctrl Pts',(1.10303486442809,1.10193871465108,-3.2513553555291));
#2581=CARTESIAN_POINT('Ctrl Pts',(1.34772317195589,0.781187036422624,-3.27946115029935));
#2582=CARTESIAN_POINT('Ctrl Pts',(1.43595210156687,0.603874862931222,-3.29190989071948));
#2583=CARTESIAN_POINT('Ctrl Pts',(1.54274282370935,0.22054326444636,-3.32084987570375));
#2584=CARTESIAN_POINT('Ctrl Pts',(1.55832276904803,0.0176659419496648,-3.33616629284731));
#2585=CARTESIAN_POINT('Ctrl Pts',(1.51033016606875,-0.385962476091477,-3.36663860560082));
#2586=CARTESIAN_POINT('Ctrl Pts',(1.44588398844865,-0.582697069038036,-3.38149127151269));
#2587=CARTESIAN_POINT('Ctrl Pts',(1.24820744572064,-0.931968017712304,-3.40785981522269));
#2588=CARTESIAN_POINT('Ctrl Pts',(1.11980628882428,-1.08292299146201,-3.42183029993055));
#2589=CARTESIAN_POINT('Ctrl Pts',(0.807297925130593,-1.3333936962305,-3.45171730131987));
#2590=CARTESIAN_POINT('Ctrl Pts',(0.624440901296668,-1.42819820224731,-3.46725143055782));
#2591=CARTESIAN_POINT('Ctrl Pts',(0.234750754923912,-1.54064955356954,-3.49697473465645));
#2592=CARTESIAN_POINT('Ctrl Pts',(0.0320639803781363,-1.5580952731808,-3.50992199987675));
#2593=CARTESIAN_POINT('Ctrl Pts',(-0.365860777136464,-1.51450120994041,
-3.53758447115077));
#2594=CARTESIAN_POINT('Ctrl Pts',(-0.557366115368781,-1.45494893423181,
-3.55235333902751));
#2595=CARTESIAN_POINT('Ctrl Pts',(-0.91414187194895,-1.26295229407866,-3.58292732751985));
#2596=CARTESIAN_POINT('Ctrl Pts',(-1.07456363841201,-1.12962242581953,-3.59844886239411));
#2597=CARTESIAN_POINT('Ctrl Pts',(-1.3274216464124,-0.815325696513604,-3.62684514247274));
#2598=CARTESIAN_POINT('Ctrl Pts',(-1.4203442621721,-0.639869131516899,-3.63919246904982));
#2599=CARTESIAN_POINT('Ctrl Pts',(-1.52267903244765,-0.304995364487812,
-3.66447408378691));
#2600=CARTESIAN_POINT('Ctrl Pts',(-1.54533666301317,-0.152776727140057,
-3.67596597513263));
#2601=CARTESIAN_POINT('Ctrl Pts',(-1.54533666301317,4.54497550705923E-15,
-3.68750000000001));
#2602=CARTESIAN_POINT('Ctrl Pts',(-1.54533666301317,-3.64291929955129E-15,
-3.77500000000001));
#2603=CARTESIAN_POINT('Ctrl Pts',(-1.54533666301317,-0.17034068106896,-3.76213996766291));
#2604=CARTESIAN_POINT('Ctrl Pts',(-1.51716985273851,-0.339747734676352,
-3.74935042042231));
#2605=CARTESIAN_POINT('Ctrl Pts',(-1.39761375161597,-0.688370075809528,
-3.72303084395783));
#2606=CARTESIAN_POINT('Ctrl Pts',(-1.29817858660993,-0.86134176746946,-3.71069617625112));
#2607=CARTESIAN_POINT('Ctrl Pts',(-1.03415307306503,-1.16660194374366,-3.68191086046114));
#2608=CARTESIAN_POINT('Ctrl Pts',(-0.869766215226399,-1.29379892342537,
-3.66636158644264));
#2609=CARTESIAN_POINT('Ctrl Pts',(-0.507862002479527,-1.47287099303731,
-3.63594016862712));
#2610=CARTESIAN_POINT('Ctrl Pts',(-0.315111160995378,-1.52578399713777,
-3.62134048706005));
#2611=CARTESIAN_POINT('Ctrl Pts',(0.0854366365702486,-1.55634861653425,
-3.59399835286779));
#2612=CARTESIAN_POINT('Ctrl Pts',(0.289529213365572,-1.53157820224724,-3.58055081638809));
#2613=CARTESIAN_POINT('Ctrl Pts',(0.67609168234207,-1.40437787601697,-3.55047526029156));
#2614=CARTESIAN_POINT('Ctrl Pts',(0.854741585900738,-1.30337732385405,-3.53498231031923));
#2615=CARTESIAN_POINT('Ctrl Pts',(1.1572459148582,-1.04273001038435,-3.50536524047835));
#2616=CARTESIAN_POINT('Ctrl Pts',(1.27999489350523,-0.887724925512065,-3.49201964073927));
#2617=CARTESIAN_POINT('Ctrl Pts',(1.46527322524957,-0.532081187580897,-3.46516997722039));
#2618=CARTESIAN_POINT('Ctrl Pts',(1.52285459494418,-0.333170814150877,-3.45015304868376));
#2619=CARTESIAN_POINT('Ctrl Pts',(1.55670474195259,0.0712680918466372,-3.41961954736823));
#2620=CARTESIAN_POINT('Ctrl Pts',(1.53427614536958,0.272807219775453,-3.40440415850111));
#2621=CARTESIAN_POINT('Ctrl Pts',(1.41468064245939,0.652357820064166,-3.37574962358528));
#2622=CARTESIAN_POINT('Ctrl Pts',(1.32010297815371,0.827173353547617,-3.36341941249952));
#2623=CARTESIAN_POINT('Ctrl Pts',(1.06438764522543,1.13918199747973,-3.33492268706989));
#2624=CARTESIAN_POINT('Ctrl Pts',(0.902934078495979,1.27095961400039,-3.31939228599804));
#2625=CARTESIAN_POINT('Ctrl Pts',(0.544808152006961,1.4596749341092,-3.28885388468173));
#2626=CARTESIAN_POINT('Ctrl Pts',(0.352963772246275,1.51753721588929,-3.27412664364276));
#2627=CARTESIAN_POINT('Ctrl Pts',(-0.0456391216929134,1.5578205062263,-3.24654480983051));
#2628=CARTESIAN_POINT('Ctrl Pts',(-0.248676437299945,1.53852901944107,-3.23348420796875));
#2629=CARTESIAN_POINT('Ctrl Pts',(-0.637599163894849,1.42234585930545,-3.20367021062629));
#2630=CARTESIAN_POINT('Ctrl Pts',(-0.819410674939731,1.3259563841438,-3.18814460911415));
#2631=CARTESIAN_POINT('Ctrl Pts',(-1.12939212562346,1.07289421078971,-3.15832499817463));
#2632=CARTESIAN_POINT('Ctrl Pts',(-1.25635916893033,0.920923311937441,-3.14452598461609));
#2633=CARTESIAN_POINT('Ctrl Pts',(-1.45092437908486,0.570035162277073,-3.11803534877374));
#2634=CARTESIAN_POINT('Ctrl Pts',(-1.51365214192797,0.372730379661458,-3.10313963584846));
#2635=CARTESIAN_POINT('Ctrl Pts',(-1.54225381211818,0.112777301341645,-3.0835142300303));
#2636=CARTESIAN_POINT('Ctrl Pts',(-1.54533666301317,0.0563569930068848,
-3.07925472498961));
#2637=CARTESIAN_POINT('Ctrl Pts',(-1.54533666301317,1.48745291223649E-16,
-3.07500000000001));
#2638=CARTESIAN_POINT('Origin',(0.,-8.65887998205238E-17,-7.8));
#2639=CARTESIAN_POINT('',(-1.54533666301317,1.28726477592373E-15,-2.28750000000001));
#2640=CARTESIAN_POINT('',(-1.54533666301317,1.10674511420489E-15,-2.37500000000001));
#2641=CARTESIAN_POINT('',(-1.54533666301317,-2.75837959616937E-16,-7.8));
#2642=CARTESIAN_POINT('Ctrl Pts',(-1.54533666301317,9.95731275210687E-15,
-2.28750000000001));
#2643=CARTESIAN_POINT('Ctrl Pts',(-1.54533666301317,0.100046510369924,-2.29505310681218));
#2644=CARTESIAN_POINT('Ctrl Pts',(-1.53562101753959,0.200097469334803,-2.30260654947526));
#2645=CARTESIAN_POINT('Ctrl Pts',(-1.47667723917558,0.499266044081922,-2.32519256663421));
#2646=CARTESIAN_POINT('Ctrl Pts',(-1.3977992848297,0.689893747138208,-2.33881866558686));
#2647=CARTESIAN_POINT('Ctrl Pts',(-1.17406335756678,1.02411462298155,-2.36606299906184));
#2648=CARTESIAN_POINT('Ctrl Pts',(-1.03342099814213,1.16586286446371,-2.38060910488501));
#2649=CARTESIAN_POINT('Ctrl Pts',(-0.700031489897407,1.39293844720941,-2.41097822650827));
#2650=CARTESIAN_POINT('Ctrl Pts',(-0.508717178790162,1.47361810737138,-2.42653212079087));
#2651=CARTESIAN_POINT('Ctrl Pts',(-0.113047016025869,1.5538770972237,-2.45543121028951));
#2652=CARTESIAN_POINT('Ctrl Pts',(0.0868107436439274,1.55556301835297,-2.46778978499497));
#2653=CARTESIAN_POINT('Ctrl Pts',(0.478459283477445,1.48297870710325,-2.49613623150333));
#2654=CARTESIAN_POINT('Ctrl Pts',(0.666331572686963,1.40859063678475,-2.51122758673424));
#2655=CARTESIAN_POINT('Ctrl Pts',(1.00732699666799,1.18970738767312,-2.54178474986354));
#2656=CARTESIAN_POINT('Ctrl Pts',(1.15617043066294,1.04566862230926,-2.55695351618719));
#2657=CARTESIAN_POINT('Ctrl Pts',(1.38367935750208,0.71544211747752,-2.58429375428544));
#2658=CARTESIAN_POINT('Ctrl Pts',(1.46313556752228,0.534503226902013,-2.59714716860879));
#2659=CARTESIAN_POINT('Ctrl Pts',(1.55169557021398,0.146009821133393,-2.62647684916179));
#2660=CARTESIAN_POINT('Ctrl Pts',(1.55745502308322,-0.0583701226000622,
-2.64190670813013));
#2661=CARTESIAN_POINT('Ctrl Pts',(1.48921704371863,-0.461307054504813,-2.67232681647763));
#2662=CARTESIAN_POINT('Ctrl Pts',(1.41448267012203,-0.65554714230122,-2.68643136739464));
#2663=CARTESIAN_POINT('Ctrl Pts',(1.19794833614867,-0.995979094425695,-2.71343930607945));
#2664=CARTESIAN_POINT('Ctrl Pts',(1.06105021027387,-1.14069440969524,-2.72785260965051));
#2665=CARTESIAN_POINT('Ctrl Pts',(0.734059304547906,-1.37523542773981,-2.7580851866719));
#2666=CARTESIAN_POINT('Ctrl Pts',(0.54527715236523,-1.46041290358614,-2.77364330826646));
#2667=CARTESIAN_POINT('Ctrl Pts',(0.151356046370432,-1.55073315343403,-2.80280783417354));
#2668=CARTESIAN_POINT('Ctrl Pts',(-0.0493433346913712,-1.55731884477715,
-2.81527383389905));
#2669=CARTESIAN_POINT('Ctrl Pts',(-0.443037911894488,-1.49388138394604,
-2.84340877812271));
#2670=CARTESIAN_POINT('Ctrl Pts',(-0.632185773095497,-1.42417624754724,
-2.85840676077141));
#2671=CARTESIAN_POINT('Ctrl Pts',(-0.978042021911855,-1.21390208097627,
-2.88895675605209));
#2672=CARTESIAN_POINT('Ctrl Pts',(-1.13036966267544,-1.07351136223619,-2.90421561836185));
#2673=CARTESIAN_POINT('Ctrl Pts',(-1.3659557668332,-0.748768733970613,-2.93187694849108));
#2674=CARTESIAN_POINT('Ctrl Pts',(-1.44981966163588,-0.569678556988638,
-2.94449157348294));
#2675=CARTESIAN_POINT('Ctrl Pts',(-1.52950123916561,-0.255247242310174,
-2.96822986576394));
#2676=CARTESIAN_POINT('Ctrl Pts',(-1.54533666301317,-0.127723784064831,
-2.97785737098748));
#2677=CARTESIAN_POINT('Ctrl Pts',(-1.54533666301317,2.77555756156289E-16,
-2.98750000000001));
#2678=CARTESIAN_POINT('Ctrl Pts',(-1.54533666301317,1.07552855510562E-15,
-3.07500000000001));
#2679=CARTESIAN_POINT('Ctrl Pts',(-1.54533666301317,-0.144250083879543,
-3.06410970220574));
#2680=CARTESIAN_POINT('Ctrl Pts',(-1.52513772328787,-0.288085361421278,
-3.05325072061192));
#2681=CARTESIAN_POINT('Ctrl Pts',(-1.4307675094625,-0.616103221731437,-3.02848669909773));
#2682=CARTESIAN_POINT('Ctrl Pts',(-1.34095612507514,-0.792783421251041,
-3.01608097112969));
#2683=CARTESIAN_POINT('Ctrl Pts',(-1.09350286579694,-1.11136468375583,-2.98787632870616));
#2684=CARTESIAN_POINT('Ctrl Pts',(-0.935064272384476,-1.24759842113703,
-2.97237484130559));
#2685=CARTESIAN_POINT('Ctrl Pts',(-0.580912109512783,-1.44575245266563,
-2.94173995801123));
#2686=CARTESIAN_POINT('Ctrl Pts',(-0.390085666252514,-1.50848421368621,
-2.92689545810865));
#2687=CARTESIAN_POINT('Ctrl Pts',(0.00654353230920911,-1.55829906233122,
-2.89908287024523));
#2688=CARTESIAN_POINT('Ctrl Pts',(0.208585399264308,-1.54429430741581,-2.88632304470934));
#2689=CARTESIAN_POINT('Ctrl Pts',(0.599668795830331,-1.43882484508996,-2.85677220012974));
#2690=CARTESIAN_POINT('Ctrl Pts',(0.784446500720647,-1.3470161149104,-2.84122557852568));
#2691=CARTESIAN_POINT('Ctrl Pts',(1.10149668344522,-1.10156279146078,-2.81123102257944));
#2692=CARTESIAN_POINT('Ctrl Pts',(1.2326417636075,-0.952563518810505,-2.79703215054938));
#2693=CARTESIAN_POINT('Ctrl Pts',(1.43612343225464,-0.606288477972739,-2.77065704880797));
#2694=CARTESIAN_POINT('Ctrl Pts',(1.50383495901167,-0.410644052063235,-2.75600196474163));
#2695=CARTESIAN_POINT('Ctrl Pts',(1.55844675156601,-0.00733099824872307,
-2.72555346071148));
#2696=CARTESIAN_POINT('Ctrl Pts',(1.54608159844437,0.196091615843284,-2.71019587625835));
#2697=CARTESIAN_POINT('Ctrl Pts',(1.44527207619757,0.581145527569576,-2.68112586359168));
#2698=CARTESIAN_POINT('Ctrl Pts',(1.35995387683552,0.75963757057832,-2.6685742598346));
#2699=CARTESIAN_POINT('Ctrl Pts',(1.12171366183255,1.08255410399882,-2.64080833157055));
#2700=CARTESIAN_POINT('Ctrl Pts',(0.968257235274452,1.22172270821868,-2.62552179999994));
#2701=CARTESIAN_POINT('Ctrl Pts',(0.620846178464697,1.42913431731614,-2.59497820492781));
#2702=CARTESIAN_POINT('Ctrl Pts',(0.43130297111823,1.49729125965208,-2.58001281518324));
#2703=CARTESIAN_POINT('Ctrl Pts',(0.0369455261129286,1.55770546805659,-2.55194865338904));
#2704=CARTESIAN_POINT('Ctrl Pts',(-0.164042953642506,1.54948636084343,-2.53943128233032));
#2705=CARTESIAN_POINT('Ctrl Pts',(-0.557358846528274,1.45582092673673,-2.51018005217287));
#2706=CARTESIAN_POINT('Ctrl Pts',(-0.74527632596855,1.3691642116173,-2.49462262581485));
#2707=CARTESIAN_POINT('Ctrl Pts',(-1.07010322306905,1.13217903411717,-2.46443927266292));
#2708=CARTESIAN_POINT('Ctrl Pts',(-1.20574256067825,0.986498547657658,-2.45007183718918));
#2709=CARTESIAN_POINT('Ctrl Pts',(-1.41986393096488,0.644004082953742,-2.42314380580555));
#2710=CARTESIAN_POINT('Ctrl Pts',(-1.4931984846157,0.448542542868879,-2.4088631474857));
#2711=CARTESIAN_POINT('Ctrl Pts',(-1.5388659450717,0.163353705696699,-2.38733254396106));
#2712=CARTESIAN_POINT('Ctrl Pts',(-1.54533666301317,0.0816481613357153,
-2.38116410588742));
#2713=CARTESIAN_POINT('Ctrl Pts',(-1.54533666301317,8.47839676967653E-15,
-2.37500000000001));
#2714=CARTESIAN_POINT('Origin',(0.,-8.65887998205238E-17,-7.8));
#2715=CARTESIAN_POINT('',(-1.54533666301317,3.93000757135714E-15,-1.58750000000002));
#2716=CARTESIAN_POINT('',(-1.54533666301317,-2.7681934502583E-15,-1.67500000000001));
#2717=CARTESIAN_POINT('',(-1.54533666301317,-2.75837959616937E-16,-7.8));
#2718=CARTESIAN_POINT('Ctrl Pts',(-1.54533666301317,1.49186218934005E-15,
-1.58750000000002));
#2719=CARTESIAN_POINT('Ctrl Pts',(-1.54533666301317,0.128350765084666,-1.5971899635432));
#2720=CARTESIAN_POINT('Ctrl Pts',(-1.52934537901031,0.25650231860882,-1.60686488741943));
#2721=CARTESIAN_POINT('Ctrl Pts',(-1.44784061960219,0.576476904541928,-1.63102167425582));
#2722=CARTESIAN_POINT('Ctrl Pts',(-1.36058006097147,0.759850305616122,-1.64389282967815));
#2723=CARTESIAN_POINT('Ctrl Pts',(-1.12203776174545,1.08103964703403,-1.67161331063147));
#2724=CARTESIAN_POINT('Ctrl Pts',(-0.973779159917815,1.21627949762823,-1.68641169856538));
#2725=CARTESIAN_POINT('Ctrl Pts',(-0.627561499320131,1.42720893940516,-1.7170100587732));
#2726=CARTESIAN_POINT('Ctrl Pts',(-0.431291935264136,1.49825805062142,-1.73252440076009));
#2727=CARTESIAN_POINT('Ctrl Pts',(-0.0322811260790749,1.5574680478177,-1.76084734954976));
#2728=CARTESIAN_POINT('Ctrl Pts',(0.165936619772605,1.5489419956582,-1.77321307692477));
#2729=CARTESIAN_POINT('Ctrl Pts',(0.553053164766627,1.45694149121217,-1.80199613722017));
#2730=CARTESIAN_POINT('Ctrl Pts',(0.737822932298231,1.37264262408567,-1.81725875772815));
#2731=CARTESIAN_POINT('Ctrl Pts',(1.06773544273174,1.13579017104755,-1.84776960539407));
#2732=CARTESIAN_POINT('Ctrl Pts',(1.20885417942866,0.984276000432336,-1.86271550150879));
#2733=CARTESIAN_POINT('Ctrl Pts',(1.41899335779002,0.642610944043912,-1.88935186306472));
#2734=CARTESIAN_POINT('Ctrl Pts',(1.48903530067978,0.45753974644434,-1.90295760004097));
#2735=CARTESIAN_POINT('Ctrl Pts',(1.55738753363622,0.0636353472775029,-1.93269578870629));
#2736=CARTESIAN_POINT('Ctrl Pts',(1.55221995616446,-0.141855331297223,-1.94820950366187));
#2737=CARTESIAN_POINT('Ctrl Pts',(1.462711375977,-0.538182455037449,-1.97813059823177));
#2738=CARTESIAN_POINT('Ctrl Pts',(1.37960519320638,-0.725138094900799,-1.99133862387571));
#2739=CARTESIAN_POINT('Ctrl Pts',(1.14843686966312,-1.05286166159496,-2.01882363765507));
#2740=CARTESIAN_POINT('Ctrl Pts',(1.00395533388487,-1.19141154356109,-2.03350002265673));
#2741=CARTESIAN_POINT('Ctrl Pts',(0.664066840146978,-1.41051550176607,-2.0639931444427));
#2742=CARTESIAN_POINT('Ctrl Pts',(0.470220669852679,-1.48642449322912,-2.07953249216666));
#2743=CARTESIAN_POINT('Ctrl Pts',(0.0728297364153347,-1.55617900844772,
-2.10814756541575));
#2744=CARTESIAN_POINT('Ctrl Pts',(-0.1261859780577,-1.55276430927227,-2.1204698391293));
#2745=CARTESIAN_POINT('Ctrl Pts',(-0.515617486492815,-1.47053874403231,
-2.14903527082567));
#2746=CARTESIAN_POINT('Ctrl Pts',(-0.702016166225195,-1.39122211881571,
-2.16421632236295));
#2747=CARTESIAN_POINT('Ctrl Pts',(-1.03763666203954,-1.16335978164332,-2.19476100749781));
#2748=CARTESIAN_POINT('Ctrl Pts',(-1.18269872945112,-1.0155614491485,-2.20982445877985));
#2749=CARTESIAN_POINT('Ctrl Pts',(-1.40162003071813,-0.679621171257145,
-2.23681890914584));
#2750=CARTESIAN_POINT('Ctrl Pts',(-1.4764137095876,-0.496667033884432,-2.25000364812188));
#2751=CARTESIAN_POINT('Ctrl Pts',(-1.53523457187744,-0.204028734509103,
-2.27209665590735));
#2752=CARTESIAN_POINT('Ctrl Pts',(-1.54533666301317,-0.102016680018728,
-2.27979815334934));
#2753=CARTESIAN_POINT('Ctrl Pts',(-1.54533666301317,7.54604712049911E-15,
-2.28750000000001));
#2754=CARTESIAN_POINT('Ctrl Pts',(-1.54533666301317,1.01654795692241E-14,
-2.37500000000001));
#2755=CARTESIAN_POINT('Ctrl Pts',(-1.54533666301317,-0.119759744481713,
-2.36595862375887));
#2756=CARTESIAN_POINT('Ctrl Pts',(-1.53141464168956,-0.239396032922983,
-2.35692656794933));
#2757=CARTESIAN_POINT('Ctrl Pts',(-1.45845572008412,-0.547153838412162,
-2.33369209861559));
#2758=CARTESIAN_POINT('Ctrl Pts',(-1.37742311016847,-0.727425287945259,
-2.32093237153722));
#2759=CARTESIAN_POINT('Ctrl Pts',(-1.14702012562614,-1.05569942304595,-2.29347661386067));
#2760=CARTESIAN_POINT('Ctrl Pts',(-0.996919982511969,-1.19844347381443,
-2.27827455497424));
#2761=CARTESIAN_POINT('Ctrl Pts',(-0.654160837792398,-1.41426002235411,
-2.24771783903172));
#2762=CARTESIAN_POINT('Ctrl Pts',(-0.465819065475234,-1.48697527931302,
-2.23265893365187));
#2763=CARTESIAN_POINT('Ctrl Pts',(-0.0734324510605223,-1.55629139516337,
-2.20438759854916));
#2764=CARTESIAN_POINT('Ctrl Pts',(0.126720175552155,-1.55286181212605,-2.19199891481832));
#2765=CARTESIAN_POINT('Ctrl Pts',(0.521779334846602,-1.46901825065344,-2.1630044632626));
#2766=CARTESIAN_POINT('Ctrl Pts',(0.712203399983138,-1.38672790973091,-2.14744797458009));
#2767=CARTESIAN_POINT('Ctrl Pts',(1.04333245237342,-1.15697320196309,-2.11712551320769));
#2768=CARTESIAN_POINT('Ctrl Pts',(1.1826481833301,-1.0141569321402,-2.10262582832084));
#2769=CARTESIAN_POINT('Ctrl Pts',(1.40382787221025,-0.677721900936788,-2.0754650454411));
#2770=CARTESIAN_POINT('Ctrl Pts',(1.48124066737104,-0.485817835664073,-2.06167728130102));
#2771=CARTESIAN_POINT('Ctrl Pts',(1.55627702251528,-0.0849295385518215,
-2.03141183659296));
#2772=CARTESIAN_POINT('Ctrl Pts',(1.55397728785289,0.119865363735915,-2.01595064993241));
#2773=CARTESIAN_POINT('Ctrl Pts',(1.4718187816451,0.510108733176764,-1.98648885420134));
#2774=CARTESIAN_POINT('Ctrl Pts',(1.39537708786234,0.692343519266099,-1.97343049380613));
#2775=CARTESIAN_POINT('Ctrl Pts',(1.17341623112736,1.02627481418739,-1.94631314804742));
#2776=CARTESIAN_POINT('Ctrl Pts',(1.02700702848527,1.17275661008674,-1.93121131575188));
#2777=CARTESIAN_POINT('Ctrl Pts',(0.689460252176583,1.39746175089981,-1.90065986544995));
#2778=CARTESIAN_POINT('Ctrl Pts',(0.502526343576414,1.47504011782558,-1.88550943562671));
#2779=CARTESIAN_POINT('Ctrl Pts',(0.112305529066052,1.55386266675275,-1.85702085496521));
#2780=CARTESIAN_POINT('Ctrl Pts',(-0.0870025892264645,1.55548418572459,
-1.84469469609718));
#2781=CARTESIAN_POINT('Ctrl Pts',(-0.483799809645915,1.4820339879582,-1.81597893610403));
#2782=CARTESIAN_POINT('Ctrl Pts',(-0.676768430937852,1.40443818226709,-1.80043328994999));
#2783=CARTESIAN_POINT('Ctrl Pts',(-1.01439204521033,1.1825095045222,-1.76998162173827));
#2784=CARTESIAN_POINT('Ctrl Pts',(-1.15753130246849,1.04282286181085,-1.75535008638623));
#2785=CARTESIAN_POINT('Ctrl Pts',(-1.38609463173985,0.712811940919471,-1.72794904782307));
#2786=CARTESIAN_POINT('Ctrl Pts',(-1.4677239461139,0.524576069540037,-1.71460337116896));
#2787=CARTESIAN_POINT('Ctrl Pts',(-1.53374467207375,0.218517347551921,-1.69149717576621));
#2788=CARTESIAN_POINT('Ctrl Pts',(-1.54533666301317,0.109280425449157,-1.68325023004646));
#2789=CARTESIAN_POINT('Ctrl Pts',(-1.54533666301317,-6.93889390390723E-16,
-1.67500000000001));
#2790=CARTESIAN_POINT('Origin',(0.,-8.65887998205238E-17,-7.8));
#2791=CARTESIAN_POINT('',(-1.54533666301317,2.43720184906429E-16,-0.887500000000017));
#2792=CARTESIAN_POINT('',(-1.54533666301317,7.64137227699471E-16,-0.975000000000015));
#2793=CARTESIAN_POINT('',(-1.54533666301317,-2.75837959616937E-16,-7.8));
#2794=CARTESIAN_POINT('Ctrl Pts',(-1.54533666301317,-1.83880688453542E-15,
-0.887500000000017));
#2795=CARTESIAN_POINT('Ctrl Pts',(-1.54533666301317,0.156686752059716,-0.899329215931509));
#2796=CARTESIAN_POINT('Ctrl Pts',(-1.52150427061857,0.31276599473361,-0.91111256736193));
#2797=CARTESIAN_POINT('Ctrl Pts',(-1.41486410083246,0.652494650169373,-0.936760706534114));
#2798=CARTESIAN_POINT('Ctrl Pts',(-1.31931818659967,0.828845589725779,-0.949195021815808));
#2799=CARTESIAN_POINT('Ctrl Pts',(-1.06591086138763,1.13659205040071,-0.977379957638978));
#2800=CARTESIAN_POINT('Ctrl Pts',(-0.910162887017433,1.26474679375912,-0.99240056287705));
#2801=CARTESIAN_POINT('Ctrl Pts',(-0.553935953973114,1.45714669170548,-1.02295389067628));
#2802=CARTESIAN_POINT('Ctrl Pts',(-0.355847135142651,1.51773943888412,-1.03819247152118));
#2803=CARTESIAN_POINT('Ctrl Pts',(0.0433559763740011,1.55710942457753,-1.06577907300475));
#2804=CARTESIAN_POINT('Ctrl Pts',(0.240239042618025,1.53908355153541,-1.0784432107662));
#2805=CARTESIAN_POINT('Ctrl Pts',(0.622796172152733,1.42865451803196,-1.10762380972619));
#2806=CARTESIAN_POINT('Ctrl Pts',(0.804128924826737,1.33502716766211,-1.12301384471474));
#2807=CARTESIAN_POINT('Ctrl Pts',(1.12281413083323,1.08140848497111,-1.15342352659169));
#2808=CARTESIAN_POINT('Ctrl Pts',(1.25621041390157,0.923037898205867,-1.16781437267482));
#2809=CARTESIAN_POINT('Ctrl Pts',(1.44957865587325,0.570625180669562,-1.19442010722443));
#2810=CARTESIAN_POINT('Ctrl Pts',(1.51042659524903,0.381388322621341,-1.20870672448225));
#2811=CARTESIAN_POINT('Ctrl Pts',(1.55872828267121,-0.0172331596931559,
-1.23880103384309));
#2812=CARTESIAN_POINT('Ctrl Pts',(1.54275783041634,-0.223254613141087,-1.25435482015443));
#2813=CARTESIAN_POINT('Ctrl Pts',(1.43273071234236,-0.612658685279626,-1.28375325233441));
#2814=CARTESIAN_POINT('Ctrl Pts',(1.34153786183051,-0.792675355172897,-1.29637691482242));
#2815=CARTESIAN_POINT('Ctrl Pts',(1.09596218365094,-1.1075497776339,-1.32431887262368));
#2816=CARTESIAN_POINT('Ctrl Pts',(0.9441369334852,-1.23950580345092,-1.33922649532815));
#2817=CARTESIAN_POINT('Ctrl Pts',(0.592005201364963,-1.44239484719348,-1.36990801713557));
#2818=CARTESIAN_POINT('Ctrl Pts',(0.393512552520717,-1.50869363766134,-1.38538839255081));
#2819=CARTESIAN_POINT('Ctrl Pts',(-0.00695995332413671,-1.55773090977726,
-1.41342290934006));
#2820=CARTESIAN_POINT('Ctrl Pts',(-0.204460270523138,-1.54427468571815,
-1.42590798921741));
#2821=CARTESIAN_POINT('Ctrl Pts',(-0.589252362900034,-1.44274911542027,
-1.45489862548237));
#2822=CARTESIAN_POINT('Ctrl Pts',(-0.772304993550195,-1.35361610000101,
-1.47023145647213));
#2823=CARTESIAN_POINT('Ctrl Pts',(-1.09641050105279,-1.10812610323008,-1.50068868387673));
#2824=CARTESIAN_POINT('Ctrl Pts',(-1.23358532658918,-0.953089560556178,
-1.51550968392125));
#2825=CARTESIAN_POINT('Ctrl Pts',(-1.43509521168721,-0.60591051483762,-1.54178999202062));
#2826=CARTESIAN_POINT('Ctrl Pts',(-1.50047529478111,-0.418701403281877,
-1.55588973783597));
#2827=CARTESIAN_POINT('Ctrl Pts',(-1.53989999753016,-0.149749054160692,
-1.57619455219464));
#2828=CARTESIAN_POINT('Ctrl Pts',(-1.54533666301317,-0.07484066116259,-1.58184983283712));
#2829=CARTESIAN_POINT('Ctrl Pts',(-1.54533666301317,7.43708407166873E-17,
-1.58750000000002));
#2830=CARTESIAN_POINT('Ctrl Pts',(-1.54533666301317,1.48745291223649E-16,
-1.67500000000001));
#2831=CARTESIAN_POINT('Ctrl Pts',(-1.54533666301317,-0.0931347519335576,
-1.66796870298948));
#2832=CARTESIAN_POINT('Ctrl Pts',(-1.53691714002649,-0.186301102001038,
-1.66093502044763));
#2833=CARTESIAN_POINT('Ctrl Pts',(-1.48473649292469,-0.471258802425347,
-1.63942186681243));
#2834=CARTESIAN_POINT('Ctrl Pts',(-1.41303556496834,-0.655583655587822,
-1.62597264052058));
#2835=CARTESIAN_POINT('Ctrl Pts',(-1.19982784304209,-0.995261675723468,
-1.59921065984497));
#2836=CARTESIAN_POINT('Ctrl Pts',(-1.05732288210064,-1.14549243896108,-1.58422257646075));
#2837=CARTESIAN_POINT('Ctrl Pts',(-0.725392285840194,-1.37922621349853,
-1.55369750729398));
#2838=CARTESIAN_POINT('Ctrl Pts',(-0.540039570057915,-1.46179118279986,
-1.53846222394052));
#2839=CARTESIAN_POINT('Ctrl Pts',(-0.152108350713439,-1.55038575717316,
-1.50975446605482));
#2840=CARTESIAN_POINT('Ctrl Pts',(0.0463803454635428,-1.55713718324991,
-1.49741303317299));
#2841=CARTESIAN_POINT('Ctrl Pts',(0.4448408621754,-1.49426512625345,-1.46898782793334));
#2842=CARTESIAN_POINT('Ctrl Pts',(0.640282399281618,-1.42152051901091,-1.4534636219742));
#2843=CARTESIAN_POINT('Ctrl Pts',(0.984324571422639,-1.20773317054537,-1.42289961808227));
#2844=CARTESIAN_POINT('Ctrl Pts',(1.13128043551493,-1.07133272979544,-1.40814259505349));
#2845=CARTESIAN_POINT('Ctrl Pts',(1.36727153209529,-0.747872754363315,-1.38050320349685));
#2846=CARTESIAN_POINT('Ctrl Pts',(1.45309885967833,-0.563267117851818,-1.3675243887986));
#2847=CARTESIAN_POINT('Ctrl Pts',(1.54952291421961,-0.169214205207657,-1.33777498796652));
#2848=CARTESIAN_POINT('Ctrl Pts',(1.55830480908563,0.036516247882175,-1.32224317100502));
#2849=CARTESIAN_POINT('Ctrl Pts',(1.49663891936251,0.432136828316096,-1.29237541759654));
#2850=CARTESIAN_POINT('Ctrl Pts',(1.42965138548929,0.618602082727378,-1.27845498594571));
#2851=CARTESIAN_POINT('Ctrl Pts',(1.22516558576467,0.963891693264272,-1.25205143069464));
#2852=CARTESIAN_POINT('Ctrl Pts',(1.08662328568279,1.11772803427015,-1.23718632841524));
#2853=CARTESIAN_POINT('Ctrl Pts',(0.760493583173138,1.36026163742118,-1.20670835415695));
#2854=CARTESIAN_POINT('Ctrl Pts',(0.576835954380484,1.44773468091545,-1.19139862811539));
#2855=CARTESIAN_POINT('Ctrl Pts',(0.191236667288972,1.54598412068888,-1.1624788836189));
#2856=CARTESIAN_POINT('Ctrl Pts',(-0.00650371644284976,1.55774979655337,
-1.15004334850216));
#2857=CARTESIAN_POINT('Ctrl Pts',(-0.406486075284364,1.50522506590458,-1.1219092337117));
#2858=CARTESIAN_POINT('Ctrl Pts',(-0.60422944940047,1.43729125520482,-1.10641612823147));
#2859=CARTESIAN_POINT('Ctrl Pts',(-0.954355327056647,1.23162931207773,-1.07576108068333));
#2860=CARTESIAN_POINT('Ctrl Pts',(-1.10496663770269,1.09853774520545,-1.06088996268391));
#2861=CARTESIAN_POINT('Ctrl Pts',(-1.34813990434143,0.781497190778477,-1.03302331084736));
#2862=CARTESIAN_POINT('Ctrl Pts',(-1.43799243947421,0.600340719403558,-1.02032329574095));
#2863=CARTESIAN_POINT('Ctrl Pts',(-1.52706688739099,0.27407711795284,-0.995691713674098));
#2864=CARTESIAN_POINT('Ctrl Pts',(-1.54533666301317,0.137189332527576,-0.985357239630251));
#2865=CARTESIAN_POINT('Ctrl Pts',(-1.54533666301317,-1.04083408558608E-15,
-0.975000000000015));
#2866=CARTESIAN_POINT('Origin',(0.,0.,2.78925565098879));
#2867=CARTESIAN_POINT('',(0.,0.,-0.371488698022408));
#2868=CARTESIAN_POINT('',(-2.47383332044032,-3.02957205750131E-16,2.1023446224179));
#2869=CARTESIAN_POINT('',(-3.16074434901121,-3.87079544993966E-16,2.78925565098879));
#2870=CARTESIAN_POINT('',(-2.42452511645569,-0.491456261529239,2.1023446224179));
#2871=CARTESIAN_POINT('Origin',(0.,0.,2.1023446224179));
#2872=CARTESIAN_POINT('',(-1.45631054521456,-0.407324383999521,1.14071286192379));
#2873=CARTESIAN_POINT('Ctrl Pts',(-1.4563105452112,-0.407324383999231,1.14071286192047));
#2874=CARTESIAN_POINT('Ctrl Pts',(-1.82218846608027,-0.438895455571672,
1.50157186124767));
#2875=CARTESIAN_POINT('Ctrl Pts',(-2.42452511645569,-0.491456261529239,
2.1023446224179));
#2876=CARTESIAN_POINT('',(-0.677460402998883,-0.677460402998892,0.586584991869358));
#2877=CARTESIAN_POINT('Ctrl Pts',(-0.677460402997919,-0.677460402999251,
0.586584991868929));
#2878=CARTESIAN_POINT('Ctrl Pts',(-0.971532360593278,-0.568014544026811,
0.71713535818893));
#2879=CARTESIAN_POINT('Ctrl Pts',(-1.4563105452141,-0.407324383999674,1.14071286192338));
#2880=CARTESIAN_POINT('',(-0.407324383999501,-1.45631054521457,1.14071286192379));
#2881=CARTESIAN_POINT('Ctrl Pts',(-0.407324383999654,-1.4563105452141,1.14071286192338));
#2882=CARTESIAN_POINT('Ctrl Pts',(-0.568014544026797,-0.971532360593286,
0.717135358188933));
#2883=CARTESIAN_POINT('Ctrl Pts',(-0.677460402999241,-0.67746040299793,
0.586584991868931));
#2884=CARTESIAN_POINT('',(-0.491456261529206,-2.4245251164557,2.1023446224179));
#2885=CARTESIAN_POINT('Ctrl Pts',(-0.491456261529206,-2.4245251164557,2.1023446224179));
#2886=CARTESIAN_POINT('Ctrl Pts',(-0.438895455571874,-1.82218846608288,
1.50157186125026));
#2887=CARTESIAN_POINT('Ctrl Pts',(-0.407324383999501,-1.45631054521457,
1.14071286192379));
#2888=CARTESIAN_POINT('',(0.491456261529248,-2.42452511645569,2.1023446224179));
#2889=CARTESIAN_POINT('Origin',(0.,0.,2.1023446224179));
#2890=CARTESIAN_POINT('',(0.407324383999526,-1.45631054521456,1.14071286192379));
#2891=CARTESIAN_POINT('Ctrl Pts',(0.407324383999236,-1.45631054521119,1.14071286192047));
#2892=CARTESIAN_POINT('Ctrl Pts',(0.438895455571679,-1.82218846608027,1.50157186124767));
#2893=CARTESIAN_POINT('Ctrl Pts',(0.491456261529248,-2.42452511645569,2.1023446224179));
#2894=CARTESIAN_POINT('',(0.677460402998895,-0.677460402998881,0.586584991869358));
#2895=CARTESIAN_POINT('Ctrl Pts',(0.677460402999253,-0.677460402997918,
0.58658499186893));
#2896=CARTESIAN_POINT('Ctrl Pts',(0.568014544026815,-0.971532360593276,
0.717135358188931));
#2897=CARTESIAN_POINT('Ctrl Pts',(0.40732438399968,-1.4563105452141,1.14071286192338));
#2898=CARTESIAN_POINT('',(1.45631054521457,-0.407324383999496,1.14071286192379));
#2899=CARTESIAN_POINT('Ctrl Pts',(1.4563105452141,-0.407324383999649,1.14071286192338));
#2900=CARTESIAN_POINT('Ctrl Pts',(0.971532360593288,-0.568014544026794,
0.717135358188931));
#2901=CARTESIAN_POINT('Ctrl Pts',(0.677460402997932,-0.677460402999239,
0.58658499186893));
#2902=CARTESIAN_POINT('',(2.4245251164557,-0.491456261529198,2.1023446224179));
#2903=CARTESIAN_POINT('Ctrl Pts',(2.42452511645569,-0.491456261529207,2.1023446224179));
#2904=CARTESIAN_POINT('Ctrl Pts',(1.82218846608288,-0.438895455571875,1.50157186125026));
#2905=CARTESIAN_POINT('Ctrl Pts',(1.45631054521457,-0.407324383999502,1.14071286192379));
#2906=CARTESIAN_POINT('',(2.4245251164557,0.491456261529222,2.1023446224179));
#2907=CARTESIAN_POINT('Origin',(0.,0.,2.1023446224179));
#2908=CARTESIAN_POINT('',(1.45631054521456,0.407324383999511,1.14071286192379));
#2909=CARTESIAN_POINT('Ctrl Pts',(1.45631054521456,0.407324383999511,1.14071286192379));
#2910=CARTESIAN_POINT('Ctrl Pts',(1.82218846608287,0.438895455571886,1.50157186125026));
#2911=CARTESIAN_POINT('Ctrl Pts',(2.4245251164557,0.491456261529223,2.1023446224179));
#2912=CARTESIAN_POINT('',(0.677460402998888,0.677460402998888,0.586584991869358));
#2913=CARTESIAN_POINT('Ctrl Pts',(0.677460402997926,0.677460402999245,0.58658499186893));
#2914=CARTESIAN_POINT('Ctrl Pts',(0.971532360593283,0.568014544026804,0.717135358188931));
#2915=CARTESIAN_POINT('Ctrl Pts',(1.4563105452141,0.407324383999664,1.14071286192338));
#2916=CARTESIAN_POINT('',(0.407324383999511,1.45631054521456,1.14071286192379));
#2917=CARTESIAN_POINT('Ctrl Pts',(0.407324383999665,1.4563105452141,1.14071286192338));
#2918=CARTESIAN_POINT('Ctrl Pts',(0.568014544026805,0.971532360593282,0.717135358188932));
#2919=CARTESIAN_POINT('Ctrl Pts',(0.677460402999246,0.677460402997925,0.586584991868931));
#2920=CARTESIAN_POINT('',(0.491456261529223,2.42452511645569,2.1023446224179));
#2921=CARTESIAN_POINT('Ctrl Pts',(0.491456261529223,2.4245251164557,2.1023446224179));
#2922=CARTESIAN_POINT('Ctrl Pts',(0.43889545557166,1.82218846608027,1.50157186124767));
#2923=CARTESIAN_POINT('Ctrl Pts',(0.407324383999221,1.4563105452112,1.14071286192047));
#2924=CARTESIAN_POINT('',(-0.491456261529231,2.42452511645569,2.1023446224179));
#2925=CARTESIAN_POINT('Origin',(0.,0.,2.1023446224179));
#2926=CARTESIAN_POINT('',(-0.407324383999516,1.45631054521456,1.14071286192379));
#2927=CARTESIAN_POINT('Ctrl Pts',(-0.407324383999231,1.4563105452112,1.14071286192047));
#2928=CARTESIAN_POINT('Ctrl Pts',(-0.438895455571673,1.82218846608027,1.50157186124767));
#2929=CARTESIAN_POINT('Ctrl Pts',(-0.49145626152924,2.42452511645569,2.1023446224179));
#2930=CARTESIAN_POINT('',(-0.67746040299889,0.677460402998886,0.586584991869358));
#2931=CARTESIAN_POINT('Ctrl Pts',(-0.677460402999248,0.677460402997923,
0.586584991868931));
#2932=CARTESIAN_POINT('Ctrl Pts',(-0.568014544026807,0.97153236059328,0.717135358188932));
#2933=CARTESIAN_POINT('Ctrl Pts',(-0.407324383999669,1.4563105452141,1.14071286192338));
#2934=CARTESIAN_POINT('',(-1.45631054521457,0.407324383999506,1.14071286192379));
#2935=CARTESIAN_POINT('Ctrl Pts',(-1.4563105452141,0.40732438399966,1.14071286192338));
#2936=CARTESIAN_POINT('Ctrl Pts',(-0.971532360593284,0.568014544026801,
0.717135358188931));
#2937=CARTESIAN_POINT('Ctrl Pts',(-0.677460402997927,0.677460402999244,
0.58658499186893));
#2938=CARTESIAN_POINT('',(-2.4245251164557,0.491456261529215,2.1023446224179));
#2939=CARTESIAN_POINT('Ctrl Pts',(-2.4245251164557,0.491456261529215,2.1023446224179));
#2940=CARTESIAN_POINT('Ctrl Pts',(-1.82218846608288,0.43889545557188,1.50157186125026));
#2941=CARTESIAN_POINT('Ctrl Pts',(-1.45631054521457,0.407324383999506,1.14071286192379));
#2942=CARTESIAN_POINT('Origin',(0.,0.,2.1023446224179));
#2943=CARTESIAN_POINT('Origin',(0.,3.25260651745651E-16,2.2));
#2944=CARTESIAN_POINT('',(2.44948974278318,-0.499999999999975,2.2));
#2945=CARTESIAN_POINT('',(2.4245251164557,-0.491456261529198,2.1023446224179));
#2946=CARTESIAN_POINT('',(2.44948974278318,0.5,2.2));
#2947=CARTESIAN_POINT('Origin',(0.,3.25260651745651E-16,2.2));
#2948=CARTESIAN_POINT('',(2.4245251164557,0.491456261529222,2.1023446224179));
#2949=CARTESIAN_POINT('Origin',(0.,-8.65887998205238E-17,-7.8));
#2950=CARTESIAN_POINT('Ctrl Pts',(-1.54533666301317,1.48745291223649E-16,
-0.975000000000015));
#2951=CARTESIAN_POINT('Ctrl Pts',(-1.54533666301317,-0.0663845788931789,
-0.969988232840853));
#2952=CARTESIAN_POINT('Ctrl Pts',(-1.54105915752144,-0.132839764969004,
-0.96497113512501));
#2953=CARTESIAN_POINT('Ctrl Pts',(-1.50714452557195,-0.39407712694317,-0.945248771086294));
#2954=CARTESIAN_POINT('Ctrl Pts',(-1.44476906033103,-0.582641006024413,
-0.931012961018053));
#2955=CARTESIAN_POINT('Ctrl Pts',(-1.24861270878098,-0.933281308902054,
-0.904541036605181));
#2956=CARTESIAN_POINT('Ctrl Pts',(-1.11394206081149,-1.09054306780941,-0.889998646076998));
#2957=CARTESIAN_POINT('Ctrl Pts',(-0.793332828583742,-1.34144669795949,
-0.859565656385691));
#2958=CARTESIAN_POINT('Ctrl Pts',(-0.611401713023428,-1.4335457546078,-0.84419418958194));
#2959=CARTESIAN_POINT('Ctrl Pts',(-0.228076284058005,-1.54094126859958,
-0.815077867344086));
#2960=CARTESIAN_POINT('Ctrl Pts',(-0.0309886557151917,-1.55741404592112,
-0.802481978924452));
#2961=CARTESIAN_POINT('Ctrl Pts',(0.367968345675686,-1.51484728759771,-0.774790796768274));
#2962=CARTESIAN_POINT('Ctrl Pts',(0.56557476157618,-1.45267023137331,-0.7595239516474));
#2963=CARTESIAN_POINT('Ctrl Pts',(0.920123304344059,-1.25749444751395,-0.728975575300214));
#2964=CARTESIAN_POINT('Ctrl Pts',(1.07473892921238,-1.12822120542932,-0.713986783609863));
#2965=CARTESIAN_POINT('Ctrl Pts',(1.32587407594456,-0.818396154915372,-0.685871943467863));
#2966=CARTESIAN_POINT('Ctrl Pts',(1.42015923963862,-0.640989632910241,-0.673392124272592));
#2967=CARTESIAN_POINT('Ctrl Pts',(1.5379909436855,-0.254356199903413,-0.644202864138917));
#2968=CARTESIAN_POINT('Ctrl Pts',(1.55812879496341,-0.0482785295182137,
-0.628644833676226));
#2969=CARTESIAN_POINT('Ctrl Pts',(1.51759542121138,0.351991572163892,-0.59842606022234));
#2970=CARTESIAN_POINT('Ctrl Pts',(1.46030008964485,0.542734866909513,-0.584025713087885));
#2971=CARTESIAN_POINT('Ctrl Pts',(1.27289392231116,0.900174999920712,-0.55704042900746));
#2972=CARTESIAN_POINT('Ctrl Pts',(1.14154591619391,1.06184635242086,-0.542886668153293));
#2973=CARTESIAN_POINT('Ctrl Pts',(0.852419930909621,1.29989445065793,-0.514997368011618));
#2974=CARTESIAN_POINT('Ctrl Pts',(0.706013615240727,1.38487900691085,-0.502217120878922));
#2975=CARTESIAN_POINT('Ctrl Pts',(0.395642516078887,1.5027902982059,-0.477473706603723));
#2976=CARTESIAN_POINT('Ctrl Pts',(0.234161036223888,1.53626424856594,-0.465652245094623));
#2977=CARTESIAN_POINT('Ctrl Pts',(0.0703988351482966,1.5437322974086,-0.454663336986832));
#2978=CARTESIAN_POINT('Ctrl Pts',(1.12753990213673,1.0567493416805,-0.454663336986831));
#2979=CARTESIAN_POINT('Ctrl Pts',(1.24663449752353,0.929676720831829,-0.467246644520006));
#2980=CARTESIAN_POINT('Ctrl Pts',(1.34334468254915,0.783458262960676,-0.478352070490676));
#2981=CARTESIAN_POINT('Ctrl Pts',(1.48617136549867,0.459976281001485,-0.502773651538471));
#2982=CARTESIAN_POINT('Ctrl Pts',(1.52949490091301,0.28443080428993,-0.516026624891485));
#2983=CARTESIAN_POINT('Ctrl Pts',(1.55576923162781,-0.0997768042731131,
-0.545032745092905));
#2984=CARTESIAN_POINT('Ctrl Pts',(1.52869336038767,-0.30576611153106,-0.560584104496946));
#2985=CARTESIAN_POINT('Ctrl Pts',(1.39798030937732,-0.687664468549736,-0.589415885548442));
#2986=CARTESIAN_POINT('Ctrl Pts',(1.298556347318,-0.860803365597783,-0.601758801637727));
#2987=CARTESIAN_POINT('Ctrl Pts',(1.03814591625313,-1.16208813139429,-0.630157694516533));
#2988=CARTESIAN_POINT('Ctrl Pts',(0.87894017039586,-1.28671561438874,-0.645271226801618));
#2989=CARTESIAN_POINT('Ctrl Pts',(0.517652687796682,-1.47042289986423,-0.675827291951002));
#2990=CARTESIAN_POINT('Ctrl Pts',(0.318152606303435,-1.52608297962023,-0.690971944927131));
#2991=CARTESIAN_POINT('Ctrl Pts',(-0.0817509418746208,-1.55555009977146,
-0.718230528806423));
#2992=CARTESIAN_POINT('Ctrl Pts',(-0.2780325864281,-1.5326951664834,-0.73115535473856));
#2993=CARTESIAN_POINT('Ctrl Pts',(-0.658143514194634,-1.41278965301039,
-0.760533735517601));
#2994=CARTESIAN_POINT('Ctrl Pts',(-0.83752535754532,-1.31441052315995,-0.775975587358916));
#2995=CARTESIAN_POINT('Ctrl Pts',(-1.15046546072176,-1.05205599232873,-0.806339406883263));
#2996=CARTESIAN_POINT('Ctrl Pts',(-1.28007899384483,-0.889790926911574,
-0.820324384512693));
#2997=CARTESIAN_POINT('Ctrl Pts',(-1.4645172102598,-0.531306393586312,-0.84738851659189));
#2998=CARTESIAN_POINT('Ctrl Pts',(-1.52035400060305,-0.339968009818365,
-0.8618337905402));
#2999=CARTESIAN_POINT('Ctrl Pts',(-1.54312054176264,-0.0956213314074168,
-0.880280976298217));
#3000=CARTESIAN_POINT('Ctrl Pts',(-1.54533666301317,-0.0477824172504725,
-0.883892620793069));
#3001=CARTESIAN_POINT('Ctrl Pts',(-1.54533666301317,7.43708407166873E-17,
-0.887500000000017));
#3002=CARTESIAN_POINT('Origin',(0.,-3.55001823714209E-17,-7.275));
#3003=CARTESIAN_POINT('Ctrl Pts',(-0.250692635769819,-1.52486674972702,
-7.72966333698697));
#3004=CARTESIAN_POINT('Ctrl Pts',(-0.0360416929888939,-1.5980420789808,
-7.69227911046473));
#3005=CARTESIAN_POINT('Ctrl Pts',(0.177473797805764,-1.61420767022876,-7.66229410704361));
#3006=CARTESIAN_POINT('Ctrl Pts',(0.575507340378803,-1.58714646551769,-7.59901473837131));
#3007=CARTESIAN_POINT('Ctrl Pts',(0.776591349532949,-1.53605760110263,-7.56585102678139));
#3008=CARTESIAN_POINT('Ctrl Pts',(1.15323430907477,-1.36348151877146,-7.50111172012563));
#3009=CARTESIAN_POINT('Ctrl Pts',(1.32535750392705,-1.24260030232031,-7.47006438039988));
#3010=CARTESIAN_POINT('Ctrl Pts',(1.64637579395801,-0.915702784572405,-7.40735102457054));
#3011=CARTESIAN_POINT('Ctrl Pts',(1.75833447648584,-0.723948808690872,-7.38021128794177));
#3012=CARTESIAN_POINT('Ctrl Pts',(1.9142060897802,-0.395211236051527,-7.33072017859717));
#3013=CARTESIAN_POINT('Ctrl Pts',(1.97234890396791,-0.20034391362201,-7.30265109603219));
#3014=CARTESIAN_POINT('Ctrl Pts',(2.00000000000013,9.185013860602E-13,-7.27499999999988));
#3015=CARTESIAN_POINT('',(1.40125853844413,-1.42705098312479,-7.275));
#3016=CARTESIAN_POINT('Origin',(0.,-3.55001823714209E-17,-7.275));
#3017=CARTESIAN_POINT('',(6.54107704514724E-12,1.72263611415521,-7.5523638858448));
#3018=CARTESIAN_POINT('Ctrl Pts',(1.40125853844413,-1.42705098312479,-7.275));
#3019=CARTESIAN_POINT('Ctrl Pts',(1.29242754245079,-1.52652061868855,-7.28027606058036));
#3020=CARTESIAN_POINT('Ctrl Pts',(1.17283239656255,-1.61352290176645,-7.28570715030118));
#3021=CARTESIAN_POINT('Ctrl Pts',(0.918484088022475,-1.75826359231576,-7.2966053745642));
#3022=CARTESIAN_POINT('Ctrl Pts',(0.784754673439875,-1.81598443233219,-7.30203783773391));
#3023=CARTESIAN_POINT('Ctrl Pts',(0.376174417340732,-1.94128824069775,-7.31780553839644));
#3024=CARTESIAN_POINT('Ctrl Pts',(0.131395273025434,-1.95335129024855,-7.32605096839482));
#3025=CARTESIAN_POINT('Ctrl Pts',(-0.305231866252992,-1.92657495167817,
-7.34069165424479));
#3026=CARTESIAN_POINT('Ctrl Pts',(-0.550963381289595,-1.86156353416128,
-7.34997655739779));
#3027=CARTESIAN_POINT('Ctrl Pts',(-0.995218539818276,-1.64363450135208,
-7.36896378042204));
#3028=CARTESIAN_POINT('Ctrl Pts',(-1.19099808384509,-1.49578825358842,-7.37846831040263));
#3029=CARTESIAN_POINT('Ctrl Pts',(-1.49820946423968,-1.15474782592093,-7.39576190364791));
#3030=CARTESIAN_POINT('Ctrl Pts',(-1.63654630274584,-0.946714848824021,
-7.40394069166568));
#3031=CARTESIAN_POINT('Ctrl Pts',(-1.76749809844315,-0.580582480991938,
-7.41828036804406));
#3032=CARTESIAN_POINT('Ctrl Pts',(-1.79629005111566,-0.466699989633918,
-7.42277051147258));
#3033=CARTESIAN_POINT('Ctrl Pts',(-1.84991920169982,-0.116064322558101,
-7.43670116485966));
#3034=CARTESIAN_POINT('Ctrl Pts',(-1.83983440261371,0.123471564356211,-7.44636345871597));
#3035=CARTESIAN_POINT('Ctrl Pts',(-1.7251638271307,0.600456780345196,-7.46591150912931));
#3036=CARTESIAN_POINT('Ctrl Pts',(-1.62277709409942,0.802112507232711,-7.47410963441348));
#3037=CARTESIAN_POINT('Ctrl Pts',(-1.38914164509932,1.14590188734502,-7.48924482270795));
#3038=CARTESIAN_POINT('Ctrl Pts',(-1.22183099765493,1.31024615955041,-7.49854967461735));
#3039=CARTESIAN_POINT('Ctrl Pts',(-0.839930563805237,1.55989335883225,-7.51754395508858));
#3040=CARTESIAN_POINT('Ctrl Pts',(-0.630712544022223,1.6455048943656,-7.52703580829969));
#3041=CARTESIAN_POINT('Ctrl Pts',(-0.290211777538321,1.71376862175455,-7.54120030653889));
#3042=CARTESIAN_POINT('Ctrl Pts',(-0.151208791332997,1.72825865697203,-7.546741343028));
#3043=CARTESIAN_POINT('Ctrl Pts',(1.30819487187406E-11,1.72263611415521,
-7.5523638858448));
#3044=CARTESIAN_POINT('',(-1.80635402874235E-16,1.475,-7.8));
#3045=CARTESIAN_POINT('',(-2.44929359829471E-16,2.,-7.275));
#3046=CARTESIAN_POINT('Origin',(0.,-4.1328274667033E-17,-7.8));
#3047=CARTESIAN_POINT('Ctrl Pts',(1.30815670795759E-11,1.7226361141552,
-7.5523638858448));
#3048=CARTESIAN_POINT('Ctrl Pts',(0.0837928512471213,1.71952036347949,-7.5554796365205));
#3049=CARTESIAN_POINT('Ctrl Pts',(0.171316117746188,1.71001581125196,-7.55888182225847));
#3050=CARTESIAN_POINT('Ctrl Pts',(0.465578276703268,1.65232953142617,-7.57094619085875));
#3051=CARTESIAN_POINT('Ctrl Pts',(0.660426281186592,1.57491417193393,-7.57989323135235));
#3052=CARTESIAN_POINT('Ctrl Pts',(1.02505160646899,1.34487863199903,-7.59878802838922));
#3053=CARTESIAN_POINT('Ctrl Pts',(1.18830502183775,1.18939718346289,-7.6085759075656));
#3054=CARTESIAN_POINT('Ctrl Pts',(1.41054121035692,0.872506579325061,-7.62451049427065));
#3055=CARTESIAN_POINT('Ctrl Pts',(1.51989505939068,0.675738823100049,-7.6327929065388));
#3056=CARTESIAN_POINT('Ctrl Pts',(1.61960698211446,0.21902119836225,-7.65327161119355));
#3057=CARTESIAN_POINT('Ctrl Pts',(1.62502922451065,0.0143925240000781,-7.66259572719968));
#3058=CARTESIAN_POINT('Ctrl Pts',(1.55797614648799,-0.395931838899639,-7.681628850668));
#3059=CARTESIAN_POINT('Ctrl Pts',(1.4823157662681,-0.597148863462878,-7.69114782435922));
#3060=CARTESIAN_POINT('Ctrl Pts',(1.31993266269155,-0.857721232652094,-7.70367374863188));
#3061=CARTESIAN_POINT('Ctrl Pts',(1.2522164003955,-0.95129668949846,-7.7085030575864));
#3062=CARTESIAN_POINT('Ctrl Pts',(1.0791248246427,-1.1252940231868,-7.71957342023522));
#3063=CARTESIAN_POINT('Ctrl Pts',(0.995880639662485,-1.19310146653103,-7.7245712305061));
#3064=CARTESIAN_POINT('Ctrl Pts',(0.906259917759979,-1.25170218643051,-7.72966333698665));
#3065=CARTESIAN_POINT('Origin',(0.,5.655958496055E-18,0.));
#3066=CARTESIAN_POINT('Ctrl Pts',(-1.65923865293467,3.58807886796621E-8,
-0.34076134706533));
#3067=CARTESIAN_POINT('Ctrl Pts',(-1.66302418170214,-0.0849212478584934,
-0.33697582013427));
#3068=CARTESIAN_POINT('Ctrl Pts',(-1.66028013734233,-0.170195361060581,
-0.333200621070286));
#3069=CARTESIAN_POINT('Ctrl Pts',(-1.62914940607294,-0.453208076438625,
-0.320754220917489));
#3070=CARTESIAN_POINT('Ctrl Pts',(-1.57179256825952,-0.645819771571047,
-0.312421944601961));
#3071=CARTESIAN_POINT('Ctrl Pts',(-1.40575390559085,-0.973296531638381,
-0.298430143995198));
#3072=CARTESIAN_POINT('Ctrl Pts',(-1.27590224416691,-1.173979441823,-0.289106769000449));
#3073=CARTESIAN_POINT('Ctrl Pts',(-0.895207901753962,-1.49897494982339,
-0.267848642173311));
#3074=CARTESIAN_POINT('Ctrl Pts',(-0.702951625299954,-1.60836379510199,
-0.258452164087848));
#3075=CARTESIAN_POINT('Ctrl Pts',(-0.256910600734443,-1.76013085431259,
-0.23911636354545));
#3076=CARTESIAN_POINT('Ctrl Pts',(-0.0223371077509332,-1.78199445446458,
-0.230855342353675));
#3077=CARTESIAN_POINT('Ctrl Pts',(0.306579207247216,-1.75886033483394,-0.218309220062442));
#3078=CARTESIAN_POINT('Ctrl Pts',(0.420055540396569,-1.73990892172043,-0.213781706419075));
#3079=CARTESIAN_POINT('Ctrl Pts',(0.755104753430139,-1.65050914980287,-0.199824302091762));
#3080=CARTESIAN_POINT('Ctrl Pts',(0.965630045243683,-1.54806704263292,-0.190242957109658));
#3081=CARTESIAN_POINT('Ctrl Pts',(1.242915694278,-1.33945604360192,-0.176328783290433));
#3082=CARTESIAN_POINT('Ctrl Pts',(1.32800623069882,-1.26169119768777,-0.171816350511483));
#3083=CARTESIAN_POINT('Ctrl Pts',(1.59568518569546,-0.965517285683607,-0.156692368557301));
#3084=CARTESIAN_POINT('Ctrl Pts',(1.70883971578555,-0.740559924913395,-0.148421507769226));
#3085=CARTESIAN_POINT('Ctrl Pts',(1.85493570244299,-0.326265266769135,-0.131743049705171));
#3086=CARTESIAN_POINT('Ctrl Pts',(1.89072205576837,-0.08818979939567,-0.122297867325028));
#3087=CARTESIAN_POINT('Ctrl Pts',(1.87093817582419,0.398413617619854,-0.103284241004076));
#3088=CARTESIAN_POINT('Ctrl Pts',(1.8117457064849,0.642184551171854,-0.0939125824255556));
#3089=CARTESIAN_POINT('Ctrl Pts',(1.65520174485012,0.978402625335664,-0.0811476694589811));
#3090=CARTESIAN_POINT('Ctrl Pts',(1.59240451708825,1.08474549298681,-0.0770794606074194));
#3091=CARTESIAN_POINT('Ctrl Pts',(1.37837815558455,1.38099137962287,-0.064093739790399));
#3092=CARTESIAN_POINT('Ctrl Pts',(1.19994540577906,1.55010641572195,-0.0549066133241713));
#3093=CARTESIAN_POINT('Ctrl Pts',(0.821794056495032,1.79356814272823,-0.037898426811954));
#3094=CARTESIAN_POINT('Ctrl Pts',(0.631997692469731,1.87700004552624,-0.0301910294412958));
#3095=CARTESIAN_POINT('Ctrl Pts',(0.156722033851129,2.00155940027634,-0.0126592960527243));
#3096=CARTESIAN_POINT('Ctrl Pts',(-0.0775864347744626,1.99955746715957,
-0.00551169875673842));
#3097=CARTESIAN_POINT('Ctrl Pts',(-0.239150981997637,1.98565022292689,1.48183331924456E-14));
#3098=CARTESIAN_POINT('Origin',(0.,5.655958496055E-18,7.85685424949238));
#3099=CARTESIAN_POINT('Ctrl Pts',(2.,-2.11956896042559E-15,-7.18750000000001));
#3100=CARTESIAN_POINT('Ctrl Pts',(2.,-0.0451696554347692,-7.19013489656704));
#3101=CARTESIAN_POINT('Ctrl Pts',(1.99846980448379,-0.0903883146216437,
-7.19277265168629));
#3102=CARTESIAN_POINT('Ctrl Pts',(1.97872630902459,-0.380965901952533,-7.20972301094726));
#3103=CARTESIAN_POINT('Ctrl Pts',(1.91692782244801,-0.6212204505515,-7.22373785961553));
#3104=CARTESIAN_POINT('Ctrl Pts',(1.71185662314816,-1.06162308340468,-7.24942801319863));
#3105=CARTESIAN_POINT('Ctrl Pts',(1.57238905109757,-1.25901347438848,-7.26145370933483));
#3106=CARTESIAN_POINT('Ctrl Pts',(1.4012585384442,-1.42705098312472,-7.275));
#3107=CARTESIAN_POINT('Origin',(0.,0.,2.2));
#3108=CARTESIAN_POINT('',(-3.75,-4.59242549680257E-16,2.2));
#3109=CARTESIAN_POINT('Origin',(0.,0.,2.2));
#3110=CARTESIAN_POINT('',(-3.75,-4.59242549680257E-16,2.2));
#3111=CARTESIAN_POINT('Origin',(0.,0.,2.2));
#3112=CARTESIAN_POINT('',(-0.500000000000008,2.44948974278318,2.2));
#3113=CARTESIAN_POINT('',(-0.500000000000005,1.47474487139159,2.2));
#3114=CARTESIAN_POINT('',(-0.500000000000008,2.44948974278318,2.2));
#3115=CARTESIAN_POINT('',(0.5,2.44948974278318,2.2));
#3116=CARTESIAN_POINT('Origin',(0.,3.25260651745651E-16,2.2));
#3117=CARTESIAN_POINT('',(0.5,1.47474487139159,2.2));
#3118=CARTESIAN_POINT('',(0.5,1.47474487139159,2.2));
#3119=CARTESIAN_POINT('',(0.785496162903787,0.785496162903787,2.2));
#3120=CARTESIAN_POINT('',(0.785496162903787,0.785496162903787,2.2));
#3121=CARTESIAN_POINT('',(1.47474487139159,0.5,2.2));
#3122=CARTESIAN_POINT('',(1.47474487139159,0.5,2.2));
#3123=CARTESIAN_POINT('',(2.44948974278318,0.5,2.2));
#3124=CARTESIAN_POINT('',(1.47474487139159,-0.499999999999985,2.2));
#3125=CARTESIAN_POINT('',(1.47474487139159,-0.499999999999985,2.2));
#3126=CARTESIAN_POINT('',(0.785496162903796,-0.785496162903779,2.2));
#3127=CARTESIAN_POINT('',(0.785496162903796,-0.785496162903779,2.2));
#3128=CARTESIAN_POINT('',(0.500000000000015,-1.47474487139158,2.2));
#3129=CARTESIAN_POINT('',(0.500000000000015,-1.47474487139158,2.2));
#3130=CARTESIAN_POINT('',(0.500000000000025,-2.44948974278317,2.2));
#3131=CARTESIAN_POINT('',(0.500000000000025,-2.44948974278317,2.2));
#3132=CARTESIAN_POINT('',(-0.499999999999983,-2.44948974278318,2.2));
#3133=CARTESIAN_POINT('Origin',(2.27128299165979E-30,-3.25260651745651E-16,
2.2));
#3134=CARTESIAN_POINT('',(-0.49999999999999,-1.47474487139159,2.2));
#3135=CARTESIAN_POINT('',(-0.49999999999999,-1.47474487139159,2.2));
#3136=CARTESIAN_POINT('',(-0.785496162903782,-0.785496162903793,2.2));
#3137=CARTESIAN_POINT('',(-0.785496162903782,-0.785496162903793,2.2));
#3138=CARTESIAN_POINT('',(-1.47474487139159,-0.50000000000001,2.2));
#3139=CARTESIAN_POINT('',(-1.47474487139159,-0.50000000000001,2.2));
#3140=CARTESIAN_POINT('',(-2.44948974278317,-0.500000000000017,2.2));
#3141=CARTESIAN_POINT('',(-2.44948974278317,-0.500000000000017,2.2));
#3142=CARTESIAN_POINT('',(-2.44948974278318,0.499999999999992,2.2));
#3143=CARTESIAN_POINT('Origin',(-3.25260651745651E-16,-1.1356414958299E-30,
2.2));
#3144=CARTESIAN_POINT('',(-1.47474487139159,0.499999999999995,2.2));
#3145=CARTESIAN_POINT('',(-1.47474487139159,0.499999999999995,2.2));
#3146=CARTESIAN_POINT('',(-0.78549616290379,0.785496162903785,2.2));
#3147=CARTESIAN_POINT('',(-0.78549616290379,0.785496162903785,2.2));
#3148=CARTESIAN_POINT('',(-0.500000000000005,1.47474487139159,2.2));
#3149=CARTESIAN_POINT('Origin',(0.,-4.1328274667033E-17,-7.8));
#3150=CARTESIAN_POINT('Ctrl Pts',(5.56981640798803E-32,2.00001232118405,
-7.79999288636108));
#3151=CARTESIAN_POINT('Ctrl Pts',(-1.15470765201818,2.00001232118405,-7.74165955302774));
#3152=CARTESIAN_POINT('Ctrl Pts',(-1.73206147802726,1.00000616059202,-7.68332621969441));
#3153=CARTESIAN_POINT('Ctrl Pts',(-2.30941530403635,5.48221031789778E-17,
-7.62499288636108));
#3154=CARTESIAN_POINT('Ctrl Pts',(-1.73206147802727,-1.00000616059202,-7.56665955302774));
#3155=CARTESIAN_POINT('Ctrl Pts',(-1.15470765201818,-2.00001232118404,-7.50832621969441));
#3156=CARTESIAN_POINT('Ctrl Pts',(-2.44930868739331E-16,-2.00001232118405,
-7.44999288636108));
#3157=CARTESIAN_POINT('Ctrl Pts',(1.15470765201818,-2.00001232118405,-7.39165955302774));
#3158=CARTESIAN_POINT('Ctrl Pts',(1.73206147802726,-1.00000616059202,-7.33332621969441));
#3159=CARTESIAN_POINT('Ctrl Pts',(2.30941530403635,-5.10821508819029E-16,
-7.27499288636108));
#3160=CARTESIAN_POINT('Ctrl Pts',(1.73206147802727,1.00000616059202,-7.21665955302775));
#3161=CARTESIAN_POINT('Ctrl Pts',(1.15470765201818,2.00001232118404,-7.15832621969441));
#3162=CARTESIAN_POINT('Ctrl Pts',(5.56981640798803E-32,2.00001232118405,
-7.09999288636108));
#3163=CARTESIAN_POINT('Ctrl Pts',(-1.15470765201818,2.00001232118405,-7.04165955302774));
#3164=CARTESIAN_POINT('Ctrl Pts',(-1.73206147802726,1.00000616059202,-6.98332621969441));
#3165=CARTESIAN_POINT('Ctrl Pts',(-2.30941530403635,5.48221031789778E-17,
-6.92499288636108));
#3166=CARTESIAN_POINT('Ctrl Pts',(-1.73206147802727,-1.00000616059202,-6.86665955302774));
#3167=CARTESIAN_POINT('Ctrl Pts',(-1.15470765201818,-2.00001232118404,-6.80832621969441));
#3168=CARTESIAN_POINT('Ctrl Pts',(-2.44930868739331E-16,-2.00001232118405,
-6.74999288636108));
#3169=CARTESIAN_POINT('Ctrl Pts',(1.15470765201818,-2.00001232118405,-6.69165955302775));
#3170=CARTESIAN_POINT('Ctrl Pts',(1.73206147802726,-1.00000616059202,-6.63332621969441));
#3171=CARTESIAN_POINT('Ctrl Pts',(2.30941530403635,-5.10821508819029E-16,
-6.57499288636108));
#3172=CARTESIAN_POINT('Ctrl Pts',(1.73206147802727,1.00000616059202,-6.51665955302775));
#3173=CARTESIAN_POINT('Ctrl Pts',(1.15470765201818,2.00001232118404,-6.45832621969441));
#3174=CARTESIAN_POINT('Ctrl Pts',(5.56981640798803E-32,2.00001232118405,
-6.39999288636108));
#3175=CARTESIAN_POINT('Ctrl Pts',(-1.15470765201818,2.00001232118405,-6.34165955302775));
#3176=CARTESIAN_POINT('Ctrl Pts',(-1.73206147802726,1.00000616059202,-6.28332621969441));
#3177=CARTESIAN_POINT('Ctrl Pts',(-2.30941530403635,5.48221031789778E-17,
-6.22499288636108));
#3178=CARTESIAN_POINT('Ctrl Pts',(-1.73206147802727,-1.00000616059202,-6.16665955302775));
#3179=CARTESIAN_POINT('Ctrl Pts',(-1.15470765201818,-2.00001232118404,-6.10832621969441));
#3180=CARTESIAN_POINT('Ctrl Pts',(-2.44930868739331E-16,-2.00001232118405,
-6.04999288636108));
#3181=CARTESIAN_POINT('Ctrl Pts',(1.15470765201818,-2.00001232118405,-5.99165955302775));
#3182=CARTESIAN_POINT('Ctrl Pts',(1.73206147802726,-1.00000616059202,-5.93332621969442));
#3183=CARTESIAN_POINT('Ctrl Pts',(2.30941530403635,-5.10821508819029E-16,
-5.87499288636108));
#3184=CARTESIAN_POINT('Ctrl Pts',(1.73206147802727,1.00000616059202,-5.81665955302775));
#3185=CARTESIAN_POINT('Ctrl Pts',(1.15470765201818,2.00001232118404,-5.75832621969441));
#3186=CARTESIAN_POINT('Ctrl Pts',(5.56981640798803E-32,2.00001232118405,
-5.69999288636108));
#3187=CARTESIAN_POINT('Ctrl Pts',(-1.15470765201818,2.00001232118405,-5.64165955302775));
#3188=CARTESIAN_POINT('Ctrl Pts',(-1.73206147802726,1.00000616059202,-5.58332621969441));
#3189=CARTESIAN_POINT('Ctrl Pts',(-2.30941530403635,5.48221031789778E-17,
-5.52499288636108));
#3190=CARTESIAN_POINT('Ctrl Pts',(-1.73206147802727,-1.00000616059202,-5.46665955302775));
#3191=CARTESIAN_POINT('Ctrl Pts',(-1.15470765201818,-2.00001232118404,-5.40832621969442));
#3192=CARTESIAN_POINT('Ctrl Pts',(-2.44930868739331E-16,-2.00001232118405,
-5.34999288636108));
#3193=CARTESIAN_POINT('Ctrl Pts',(1.15470765201818,-2.00001232118405,-5.29165955302775));
#3194=CARTESIAN_POINT('Ctrl Pts',(1.73206147802726,-1.00000616059202,-5.23332621969442));
#3195=CARTESIAN_POINT('Ctrl Pts',(2.30941530403635,-5.10821508819029E-16,
-5.17499288636108));
#3196=CARTESIAN_POINT('Ctrl Pts',(1.73206147802727,1.00000616059202,-5.11665955302775));
#3197=CARTESIAN_POINT('Ctrl Pts',(1.15470765201818,2.00001232118404,-5.05832621969442));
#3198=CARTESIAN_POINT('Ctrl Pts',(5.56981640798803E-32,2.00001232118405,
-4.99999288636108));
#3199=CARTESIAN_POINT('Ctrl Pts',(-1.15470765201818,2.00001232118405,-4.94165955302775));
#3200=CARTESIAN_POINT('Ctrl Pts',(-1.73206147802726,1.00000616059202,-4.88332621969442));
#3201=CARTESIAN_POINT('Ctrl Pts',(-2.30941530403635,5.48221031789778E-17,
-4.82499288636108));
#3202=CARTESIAN_POINT('Ctrl Pts',(-1.73206147802727,-1.00000616059202,-4.76665955302775));
#3203=CARTESIAN_POINT('Ctrl Pts',(-1.15470765201818,-2.00001232118404,-4.70832621969442));
#3204=CARTESIAN_POINT('Ctrl Pts',(-2.44930868739331E-16,-2.00001232118405,
-4.64999288636108));
#3205=CARTESIAN_POINT('Ctrl Pts',(1.15470765201818,-2.00001232118405,-4.59165955302775));
#3206=CARTESIAN_POINT('Ctrl Pts',(1.73206147802726,-1.00000616059202,-4.53332621969442));
#3207=CARTESIAN_POINT('Ctrl Pts',(2.30941530403635,-5.10821508819029E-16,
-4.47499288636109));
#3208=CARTESIAN_POINT('Ctrl Pts',(1.73206147802727,1.00000616059202,-4.41665955302775));
#3209=CARTESIAN_POINT('Ctrl Pts',(1.15470765201818,2.00001232118404,-4.35832621969442));
#3210=CARTESIAN_POINT('Ctrl Pts',(5.56981640798803E-32,2.00001232118405,
-4.29999288636109));
#3211=CARTESIAN_POINT('Ctrl Pts',(-1.15470765201818,2.00001232118405,-4.24165955302775));
#3212=CARTESIAN_POINT('Ctrl Pts',(-1.73206147802726,1.00000616059202,-4.18332621969442));
#3213=CARTESIAN_POINT('Ctrl Pts',(-2.30941530403635,5.48221031789778E-17,
-4.12499288636108));
#3214=CARTESIAN_POINT('Ctrl Pts',(-1.73206147802727,-1.00000616059202,-4.06665955302775));
#3215=CARTESIAN_POINT('Ctrl Pts',(-1.15470765201818,-2.00001232118404,-4.00832621969442));
#3216=CARTESIAN_POINT('Ctrl Pts',(-2.44930868739331E-16,-2.00001232118405,
-3.94999288636109));
#3217=CARTESIAN_POINT('Ctrl Pts',(1.15470765201818,-2.00001232118405,-3.89165955302775));
#3218=CARTESIAN_POINT('Ctrl Pts',(1.73206147802726,-1.00000616059202,-3.83332621969442));
#3219=CARTESIAN_POINT('Ctrl Pts',(2.30941530403635,-5.10821508819029E-16,
-3.77499288636109));
#3220=CARTESIAN_POINT('Ctrl Pts',(1.73206147802727,1.00000616059202,-3.71665955302775));
#3221=CARTESIAN_POINT('Ctrl Pts',(1.15470765201818,2.00001232118404,-3.65832621969442));
#3222=CARTESIAN_POINT('Ctrl Pts',(5.56981640798803E-32,2.00001232118405,
-3.59999288636109));
#3223=CARTESIAN_POINT('Ctrl Pts',(-1.15470765201818,2.00001232118405,-3.54165955302775));
#3224=CARTESIAN_POINT('Ctrl Pts',(-1.73206147802726,1.00000616059202,-3.48332621969442));
#3225=CARTESIAN_POINT('Ctrl Pts',(-2.30941530403635,5.48221031789778E-17,
-3.42499288636109));
#3226=CARTESIAN_POINT('Ctrl Pts',(-1.73206147802727,-1.00000616059202,-3.36665955302775));
#3227=CARTESIAN_POINT('Ctrl Pts',(-1.15470765201818,-2.00001232118404,-3.30832621969442));
#3228=CARTESIAN_POINT('Ctrl Pts',(-2.44930868739331E-16,-2.00001232118405,
-3.24999288636109));
#3229=CARTESIAN_POINT('Ctrl Pts',(1.15470765201818,-2.00001232118405,-3.19165955302775));
#3230=CARTESIAN_POINT('Ctrl Pts',(1.73206147802726,-1.00000616059202,-3.13332621969442));
#3231=CARTESIAN_POINT('Ctrl Pts',(2.30941530403635,-5.10821508819029E-16,
-3.07499288636109));
#3232=CARTESIAN_POINT('Ctrl Pts',(1.73206147802727,1.00000616059202,-3.01665955302775));
#3233=CARTESIAN_POINT('Ctrl Pts',(1.15470765201818,2.00001232118404,-2.95832621969442));
#3234=CARTESIAN_POINT('Ctrl Pts',(5.56981640798803E-32,2.00001232118405,
-2.89999288636109));
#3235=CARTESIAN_POINT('Ctrl Pts',(-1.15470765201818,2.00001232118405,-2.84165955302775));
#3236=CARTESIAN_POINT('Ctrl Pts',(-1.73206147802726,1.00000616059202,-2.78332621969442));
#3237=CARTESIAN_POINT('Ctrl Pts',(-2.30941530403635,5.48221031789778E-17,
-2.72499288636109));
#3238=CARTESIAN_POINT('Ctrl Pts',(-1.73206147802727,-1.00000616059202,-2.66665955302775));
#3239=CARTESIAN_POINT('Ctrl Pts',(-1.15470765201818,-2.00001232118404,-2.60832621969442));
#3240=CARTESIAN_POINT('Ctrl Pts',(-2.44930868739331E-16,-2.00001232118405,
-2.54999288636109));
#3241=CARTESIAN_POINT('Ctrl Pts',(1.15470765201818,-2.00001232118405,-2.49165955302776));
#3242=CARTESIAN_POINT('Ctrl Pts',(1.73206147802726,-1.00000616059202,-2.43332621969442));
#3243=CARTESIAN_POINT('Ctrl Pts',(2.30941530403635,-5.10821508819029E-16,
-2.37499288636109));
#3244=CARTESIAN_POINT('Ctrl Pts',(1.73206147802727,1.00000616059202,-2.31665955302776));
#3245=CARTESIAN_POINT('Ctrl Pts',(1.15470765201818,2.00001232118404,-2.25832621969442));
#3246=CARTESIAN_POINT('Ctrl Pts',(5.56981640798803E-32,2.00001232118405,
-2.19999288636109));
#3247=CARTESIAN_POINT('Ctrl Pts',(-1.15470765201818,2.00001232118405,-2.14165955302776));
#3248=CARTESIAN_POINT('Ctrl Pts',(-1.73206147802726,1.00000616059202,-2.08332621969442));
#3249=CARTESIAN_POINT('Ctrl Pts',(-2.30941530403635,5.48221031789778E-17,
-2.02499288636109));
#3250=CARTESIAN_POINT('Ctrl Pts',(-1.73206147802727,-1.00000616059202,-1.96665955302776));
#3251=CARTESIAN_POINT('Ctrl Pts',(-1.15470765201818,-2.00001232118404,-1.90832621969442));
#3252=CARTESIAN_POINT('Ctrl Pts',(-2.44930868739331E-16,-2.00001232118405,
-1.84999288636109));
#3253=CARTESIAN_POINT('Ctrl Pts',(1.15470765201818,-2.00001232118405,-1.79165955302776));
#3254=CARTESIAN_POINT('Ctrl Pts',(1.73206147802726,-1.00000616059202,-1.73332621969442));
#3255=CARTESIAN_POINT('Ctrl Pts',(2.30941530403635,-5.10821508819029E-16,
-1.67499288636109));
#3256=CARTESIAN_POINT('Ctrl Pts',(1.73206147802727,1.00000616059202,-1.61665955302776));
#3257=CARTESIAN_POINT('Ctrl Pts',(1.15470765201818,2.00001232118404,-1.55832621969442));
#3258=CARTESIAN_POINT('Ctrl Pts',(5.56981640798803E-32,2.00001232118405,
-1.49999288636109));
#3259=CARTESIAN_POINT('Ctrl Pts',(-1.15470765201818,2.00001232118405,-1.44165955302776));
#3260=CARTESIAN_POINT('Ctrl Pts',(-1.73206147802726,1.00000616059202,-1.38332621969442));
#3261=CARTESIAN_POINT('Ctrl Pts',(-2.30941530403635,5.48221031789778E-17,
-1.32499288636109));
#3262=CARTESIAN_POINT('Ctrl Pts',(-1.73206147802727,-1.00000616059202,-1.26665955302776));
#3263=CARTESIAN_POINT('Ctrl Pts',(-1.15470765201818,-2.00001232118404,-1.20832621969443));
#3264=CARTESIAN_POINT('Ctrl Pts',(-2.44930868739331E-16,-2.00001232118405,
-1.14999288636109));
#3265=CARTESIAN_POINT('Ctrl Pts',(1.15470765201818,-2.00001232118405,-1.09165955302776));
#3266=CARTESIAN_POINT('Ctrl Pts',(1.73206147802726,-1.00000616059202,-1.03332621969443));
#3267=CARTESIAN_POINT('Ctrl Pts',(2.30941530403635,-5.10821508819029E-16,
-0.974992886361092));
#3268=CARTESIAN_POINT('Ctrl Pts',(1.73206147802727,1.00000616059202,-0.916659553027759));
#3269=CARTESIAN_POINT('Ctrl Pts',(1.15470765201818,2.00001232118404,-0.858326219694426));
#3270=CARTESIAN_POINT('Ctrl Pts',(5.56981640798803E-32,2.00001232118405,
-0.799992886361093));
#3271=CARTESIAN_POINT('Ctrl Pts',(-1.15470765201818,2.00001232118405,-0.74165955302776));
#3272=CARTESIAN_POINT('Ctrl Pts',(-1.73206147802726,1.00000616059202,-0.683326219694427));
#3273=CARTESIAN_POINT('Ctrl Pts',(-2.30941530403635,5.48221031789778E-17,
-0.624992886361093));
#3274=CARTESIAN_POINT('Ctrl Pts',(-1.73206147802727,-1.00000616059202,-0.56665955302776));
#3275=CARTESIAN_POINT('Ctrl Pts',(-1.15470765201818,-2.00001232118404,-0.508326219694427));
#3276=CARTESIAN_POINT('Ctrl Pts',(-2.44930868739331E-16,-2.00001232118405,
-0.449992886361093));
#3277=CARTESIAN_POINT('Ctrl Pts',(1.15470765201818,-2.00001232118405,-0.39165955302776));
#3278=CARTESIAN_POINT('Ctrl Pts',(1.73206147802726,-1.00000616059202,-0.333326219694427));
#3279=CARTESIAN_POINT('Ctrl Pts',(2.30941530403635,-5.10821508819029E-16,
-0.274992886361094));
#3280=CARTESIAN_POINT('Ctrl Pts',(1.73206147802727,1.00000616059202,-0.216659553027761));
#3281=CARTESIAN_POINT('Ctrl Pts',(1.15470765201818,2.00001232118404,-0.158326219694427));
#3282=CARTESIAN_POINT('Ctrl Pts',(5.56981640798803E-32,2.00001232118405,
-0.0999928863610944));
#3283=CARTESIAN_POINT('Ctrl Pts',(-1.15470765201818,2.00001232118405,-0.0416595530277613));
#3284=CARTESIAN_POINT('Ctrl Pts',(-1.73206147802726,1.00000616059202,0.0166737803055725));
#3285=CARTESIAN_POINT('Ctrl Pts',(-2.30941530403635,5.48221031789778E-17,
0.0750071136389046));
#3286=CARTESIAN_POINT('Ctrl Pts',(-1.73206147802727,-1.00000616059202,0.133340446972238));
#3287=CARTESIAN_POINT('Ctrl Pts',(-1.15470765201818,-2.00001232118404,0.191673780305572));
#3288=CARTESIAN_POINT('Ctrl Pts',(-2.44930868739331E-16,-2.00001232118405,
0.250007113638904));
#3289=CARTESIAN_POINT('Ctrl Pts',(1.15470765201818,-2.00001232118405,0.308340446972238));
#3290=CARTESIAN_POINT('Ctrl Pts',(1.73206147802726,-1.00000616059202,0.366673780305572));
#3291=CARTESIAN_POINT('Ctrl Pts',(2.30941530403635,-5.10821508819029E-16,
0.425007113638904));
#3292=CARTESIAN_POINT('Ctrl Pts',(1.73206147802727,1.00000616059202,0.483340446972238));
#3293=CARTESIAN_POINT('Ctrl Pts',(1.15470765201818,2.00001232118404,0.54167378030557));
#3294=CARTESIAN_POINT('Ctrl Pts',(5.56981640798803E-32,2.00001232118405,
0.600007113638904));
#3295=CARTESIAN_POINT('Ctrl Pts',(-1.15470765201818,2.00001232118405,0.658340446972238));
#3296=CARTESIAN_POINT('Ctrl Pts',(-1.73206147802726,1.00000616059202,0.71667378030557));
#3297=CARTESIAN_POINT('Ctrl Pts',(-2.30941530403635,5.48221031789778E-17,
0.775007113638904));
#3298=CARTESIAN_POINT('Ctrl Pts',(-1.73206147802727,-1.00000616059202,0.833340446972236));
#3299=CARTESIAN_POINT('Ctrl Pts',(-1.15470765201818,-2.00001232118404,0.89167378030557));
#3300=CARTESIAN_POINT('Ctrl Pts',(-2.44930868739331E-16,-2.00001232118405,
0.950007113638904));
#3301=CARTESIAN_POINT('Ctrl Pts',(1.15470765201818,-2.00001232118405,1.00834044697224));
#3302=CARTESIAN_POINT('Ctrl Pts',(1.73206147802726,-1.00000616059202,1.06667378030557));
#3303=CARTESIAN_POINT('Ctrl Pts',(2.30941530403635,-5.10821508819029E-16,
1.1250071136389));
#3304=CARTESIAN_POINT('Ctrl Pts',(1.73206147802727,1.00000616059202,1.18334044697224));
#3305=CARTESIAN_POINT('Ctrl Pts',(1.15470765201818,2.00001232118404,1.24167378030557));
#3306=CARTESIAN_POINT('Ctrl Pts',(5.56981640798803E-32,2.00001232118405,
1.3000071136389));
#3307=CARTESIAN_POINT('Ctrl Pts',(-1.15470765201818,2.00001232118405,1.35834044697224));
#3308=CARTESIAN_POINT('Ctrl Pts',(-1.73206147802726,1.00000616059202,1.41667378030557));
#3309=CARTESIAN_POINT('Ctrl Pts',(-2.30941530403635,5.48221031789778E-17,
1.4750071136389));
#3310=CARTESIAN_POINT('Ctrl Pts',(-1.73206147802727,-1.00000616059202,1.53334044697224));
#3311=CARTESIAN_POINT('Ctrl Pts',(-1.15470765201818,-2.00001232118404,1.59167378030557));
#3312=CARTESIAN_POINT('Ctrl Pts',(-2.44930868739331E-16,-2.00001232118405,
1.6500071136389));
#3313=CARTESIAN_POINT('Ctrl Pts',(1.15470765201818,-2.00001232118405,1.70834044697224));
#3314=CARTESIAN_POINT('Ctrl Pts',(1.73206147802726,-1.00000616059202,1.76667378030557));
#3315=CARTESIAN_POINT('Ctrl Pts',(2.30941530403635,-5.10821508819029E-16,
1.8250071136389));
#3316=CARTESIAN_POINT('Ctrl Pts',(1.73206147802727,1.00000616059202,1.88334044697224));
#3317=CARTESIAN_POINT('Ctrl Pts',(1.15470765201818,2.00001232118404,1.94167378030557));
#3318=CARTESIAN_POINT('Ctrl Pts',(5.56981640798803E-32,2.00001232118405,
2.0000071136389));
#3319=CARTESIAN_POINT('Ctrl Pts',(-1.15470765201818,2.00001232118405,2.05834044697224));
#3320=CARTESIAN_POINT('Ctrl Pts',(-1.73206147802726,1.00000616059202,2.11667378030557));
#3321=CARTESIAN_POINT('Ctrl Pts',(-2.30941530403635,5.48221031789778E-17,
2.1750071136389));
#3322=CARTESIAN_POINT('Ctrl Pts',(-1.73206147802727,-1.00000616059202,2.23334044697223));
#3323=CARTESIAN_POINT('Ctrl Pts',(-1.15470765201818,-2.00001232118404,2.29167378030557));
#3324=CARTESIAN_POINT('Ctrl Pts',(-2.44930868739331E-16,-2.00001232118405,
2.3500071136389));
#3325=CARTESIAN_POINT('Ctrl Pts',(1.15470765201818,-2.00001232118405,2.40834044697223));
#3326=CARTESIAN_POINT('Ctrl Pts',(1.73206147802726,-1.00000616059202,2.46667378030557));
#3327=CARTESIAN_POINT('Ctrl Pts',(2.30941530403635,-5.10821508819029E-16,
2.5250071136389));
#3328=CARTESIAN_POINT('Ctrl Pts',(1.73206147802727,1.00000616059202,2.58334044697223));
#3329=CARTESIAN_POINT('Ctrl Pts',(1.15470765201818,2.00001232118404,2.64167378030557));
#3330=CARTESIAN_POINT('Ctrl Pts',(5.56981640798803E-32,2.00001232118405,
2.7000071136389));
#3331=CARTESIAN_POINT('Ctrl Pts',(5.56981640798803E-32,1.54533666301317,
-8.0625));
#3332=CARTESIAN_POINT('Ctrl Pts',(-0.89220053837925,1.54533666301317,-8.00416666666667));
#3333=CARTESIAN_POINT('Ctrl Pts',(-1.33830080756888,0.772668331506584,-7.94583333333334));
#3334=CARTESIAN_POINT('Ctrl Pts',(-1.7844010767585,2.26742535318457E-17,
-7.8875));
#3335=CARTESIAN_POINT('Ctrl Pts',(-1.33830080756888,-0.772668331506584,
-7.82916666666667));
#3336=CARTESIAN_POINT('Ctrl Pts',(-0.892200538379251,-1.54533666301317,
-7.77083333333334));
#3337=CARTESIAN_POINT('Ctrl Pts',(-1.89249159796413E-16,-1.54533666301317,
-7.7125));
#3338=CARTESIAN_POINT('Ctrl Pts',(0.89220053837925,-1.54533666301317,-7.65416666666667));
#3339=CARTESIAN_POINT('Ctrl Pts',(1.33830080756888,-0.772668331506585,-7.59583333333333));
#3340=CARTESIAN_POINT('Ctrl Pts',(1.7844010767585,-4.14377959877632E-16,
-7.5375));
#3341=CARTESIAN_POINT('Ctrl Pts',(1.33830080756888,0.772668331506583,-7.47916666666667));
#3342=CARTESIAN_POINT('Ctrl Pts',(0.892200538379251,1.54533666301317,-7.42083333333333));
#3343=CARTESIAN_POINT('Ctrl Pts',(5.56981640798803E-32,1.54533666301317,
-7.3625));
#3344=CARTESIAN_POINT('Ctrl Pts',(-0.89220053837925,1.54533666301317,-7.30416666666667));
#3345=CARTESIAN_POINT('Ctrl Pts',(-1.33830080756888,0.772668331506584,-7.24583333333334));
#3346=CARTESIAN_POINT('Ctrl Pts',(-1.7844010767585,2.26742535318457E-17,
-7.1875));
#3347=CARTESIAN_POINT('Ctrl Pts',(-1.33830080756888,-0.772668331506584,
-7.12916666666667));
#3348=CARTESIAN_POINT('Ctrl Pts',(-0.892200538379251,-1.54533666301317,
-7.07083333333334));
#3349=CARTESIAN_POINT('Ctrl Pts',(-1.89249159796413E-16,-1.54533666301317,
-7.0125));
#3350=CARTESIAN_POINT('Ctrl Pts',(0.89220053837925,-1.54533666301317,-6.95416666666667));
#3351=CARTESIAN_POINT('Ctrl Pts',(1.33830080756888,-0.772668331506585,-6.89583333333334));
#3352=CARTESIAN_POINT('Ctrl Pts',(1.7844010767585,-4.14377959877632E-16,
-6.8375));
#3353=CARTESIAN_POINT('Ctrl Pts',(1.33830080756888,0.772668331506583,-6.77916666666667));
#3354=CARTESIAN_POINT('Ctrl Pts',(0.892200538379251,1.54533666301317,-6.72083333333334));
#3355=CARTESIAN_POINT('Ctrl Pts',(5.56981640798803E-32,1.54533666301317,
-6.6625));
#3356=CARTESIAN_POINT('Ctrl Pts',(-0.89220053837925,1.54533666301317,-6.60416666666667));
#3357=CARTESIAN_POINT('Ctrl Pts',(-1.33830080756888,0.772668331506584,-6.54583333333334));
#3358=CARTESIAN_POINT('Ctrl Pts',(-1.7844010767585,2.26742535318457E-17,
-6.48750000000001));
#3359=CARTESIAN_POINT('Ctrl Pts',(-1.33830080756888,-0.772668331506584,
-6.42916666666667));
#3360=CARTESIAN_POINT('Ctrl Pts',(-0.892200538379251,-1.54533666301317,
-6.37083333333334));
#3361=CARTESIAN_POINT('Ctrl Pts',(-1.89249159796413E-16,-1.54533666301317,
-6.3125));
#3362=CARTESIAN_POINT('Ctrl Pts',(0.89220053837925,-1.54533666301317,-6.25416666666667));
#3363=CARTESIAN_POINT('Ctrl Pts',(1.33830080756888,-0.772668331506585,-6.19583333333334));
#3364=CARTESIAN_POINT('Ctrl Pts',(1.7844010767585,-4.14377959877632E-16,
-6.13750000000001));
#3365=CARTESIAN_POINT('Ctrl Pts',(1.33830080756888,0.772668331506583,-6.07916666666667));
#3366=CARTESIAN_POINT('Ctrl Pts',(0.892200538379251,1.54533666301317,-6.02083333333334));
#3367=CARTESIAN_POINT('Ctrl Pts',(5.56981640798803E-32,1.54533666301317,
-5.9625));
#3368=CARTESIAN_POINT('Ctrl Pts',(-0.89220053837925,1.54533666301317,-5.90416666666667));
#3369=CARTESIAN_POINT('Ctrl Pts',(-1.33830080756888,0.772668331506584,-5.84583333333334));
#3370=CARTESIAN_POINT('Ctrl Pts',(-1.7844010767585,2.26742535318457E-17,
-5.7875));
#3371=CARTESIAN_POINT('Ctrl Pts',(-1.33830080756888,-0.772668331506584,
-5.72916666666667));
#3372=CARTESIAN_POINT('Ctrl Pts',(-0.892200538379251,-1.54533666301317,
-5.67083333333334));
#3373=CARTESIAN_POINT('Ctrl Pts',(-1.89249159796413E-16,-1.54533666301317,
-5.61250000000001));
#3374=CARTESIAN_POINT('Ctrl Pts',(0.89220053837925,-1.54533666301317,-5.55416666666667));
#3375=CARTESIAN_POINT('Ctrl Pts',(1.33830080756888,-0.772668331506585,-5.49583333333334));
#3376=CARTESIAN_POINT('Ctrl Pts',(1.7844010767585,-4.14377959877632E-16,
-5.43750000000001));
#3377=CARTESIAN_POINT('Ctrl Pts',(1.33830080756888,0.772668331506583,-5.37916666666667));
#3378=CARTESIAN_POINT('Ctrl Pts',(0.892200538379251,1.54533666301317,-5.32083333333334));
#3379=CARTESIAN_POINT('Ctrl Pts',(5.56981640798803E-32,1.54533666301317,
-5.26250000000001));
#3380=CARTESIAN_POINT('Ctrl Pts',(-0.89220053837925,1.54533666301317,-5.20416666666667));
#3381=CARTESIAN_POINT('Ctrl Pts',(-1.33830080756888,0.772668331506584,-5.14583333333334));
#3382=CARTESIAN_POINT('Ctrl Pts',(-1.7844010767585,2.26742535318457E-17,
-5.08750000000001));
#3383=CARTESIAN_POINT('Ctrl Pts',(-1.33830080756888,-0.772668331506584,
-5.02916666666667));
#3384=CARTESIAN_POINT('Ctrl Pts',(-0.892200538379251,-1.54533666301317,
-4.97083333333334));
#3385=CARTESIAN_POINT('Ctrl Pts',(-1.89249159796413E-16,-1.54533666301317,
-4.91250000000001));
#3386=CARTESIAN_POINT('Ctrl Pts',(0.89220053837925,-1.54533666301317,-4.85416666666667));
#3387=CARTESIAN_POINT('Ctrl Pts',(1.33830080756888,-0.772668331506585,-4.79583333333334));
#3388=CARTESIAN_POINT('Ctrl Pts',(1.7844010767585,-4.14377959877632E-16,
-4.73750000000001));
#3389=CARTESIAN_POINT('Ctrl Pts',(1.33830080756888,0.772668331506583,-4.67916666666668));
#3390=CARTESIAN_POINT('Ctrl Pts',(0.892200538379251,1.54533666301317,-4.62083333333334));
#3391=CARTESIAN_POINT('Ctrl Pts',(5.56981640798803E-32,1.54533666301317,
-4.56250000000001));
#3392=CARTESIAN_POINT('Ctrl Pts',(-0.89220053837925,1.54533666301317,-4.50416666666668));
#3393=CARTESIAN_POINT('Ctrl Pts',(-1.33830080756888,0.772668331506584,-4.44583333333334));
#3394=CARTESIAN_POINT('Ctrl Pts',(-1.7844010767585,2.26742535318457E-17,
-4.38750000000001));
#3395=CARTESIAN_POINT('Ctrl Pts',(-1.33830080756888,-0.772668331506584,
-4.32916666666668));
#3396=CARTESIAN_POINT('Ctrl Pts',(-0.892200538379251,-1.54533666301317,
-4.27083333333334));
#3397=CARTESIAN_POINT('Ctrl Pts',(-1.89249159796413E-16,-1.54533666301317,
-4.21250000000001));
#3398=CARTESIAN_POINT('Ctrl Pts',(0.89220053837925,-1.54533666301317,-4.15416666666668));
#3399=CARTESIAN_POINT('Ctrl Pts',(1.33830080756888,-0.772668331506585,-4.09583333333334));
#3400=CARTESIAN_POINT('Ctrl Pts',(1.7844010767585,-4.14377959877632E-16,
-4.03750000000001));
#3401=CARTESIAN_POINT('Ctrl Pts',(1.33830080756888,0.772668331506583,-3.97916666666668));
#3402=CARTESIAN_POINT('Ctrl Pts',(0.892200538379251,1.54533666301317,-3.92083333333334));
#3403=CARTESIAN_POINT('Ctrl Pts',(5.56981640798803E-32,1.54533666301317,
-3.86250000000001));
#3404=CARTESIAN_POINT('Ctrl Pts',(-0.89220053837925,1.54533666301317,-3.80416666666668));
#3405=CARTESIAN_POINT('Ctrl Pts',(-1.33830080756888,0.772668331506584,-3.74583333333334));
#3406=CARTESIAN_POINT('Ctrl Pts',(-1.7844010767585,2.26742535318457E-17,
-3.68750000000001));
#3407=CARTESIAN_POINT('Ctrl Pts',(-1.33830080756888,-0.772668331506584,
-3.62916666666668));
#3408=CARTESIAN_POINT('Ctrl Pts',(-0.892200538379251,-1.54533666301317,
-3.57083333333334));
#3409=CARTESIAN_POINT('Ctrl Pts',(-1.89249159796413E-16,-1.54533666301317,
-3.51250000000001));
#3410=CARTESIAN_POINT('Ctrl Pts',(0.89220053837925,-1.54533666301317,-3.45416666666668));
#3411=CARTESIAN_POINT('Ctrl Pts',(1.33830080756888,-0.772668331506585,-3.39583333333334));
#3412=CARTESIAN_POINT('Ctrl Pts',(1.7844010767585,-4.14377959877632E-16,
-3.33750000000001));
#3413=CARTESIAN_POINT('Ctrl Pts',(1.33830080756888,0.772668331506583,-3.27916666666668));
#3414=CARTESIAN_POINT('Ctrl Pts',(0.892200538379251,1.54533666301317,-3.22083333333334));
#3415=CARTESIAN_POINT('Ctrl Pts',(5.56981640798803E-32,1.54533666301317,
-3.16250000000001));
#3416=CARTESIAN_POINT('Ctrl Pts',(-0.89220053837925,1.54533666301317,-3.10416666666668));
#3417=CARTESIAN_POINT('Ctrl Pts',(-1.33830080756888,0.772668331506584,-3.04583333333335));
#3418=CARTESIAN_POINT('Ctrl Pts',(-1.7844010767585,2.26742535318457E-17,
-2.98750000000001));
#3419=CARTESIAN_POINT('Ctrl Pts',(-1.33830080756888,-0.772668331506584,
-2.92916666666668));
#3420=CARTESIAN_POINT('Ctrl Pts',(-0.892200538379251,-1.54533666301317,
-2.87083333333335));
#3421=CARTESIAN_POINT('Ctrl Pts',(-1.89249159796413E-16,-1.54533666301317,
-2.81250000000001));
#3422=CARTESIAN_POINT('Ctrl Pts',(0.89220053837925,-1.54533666301317,-2.75416666666668));
#3423=CARTESIAN_POINT('Ctrl Pts',(1.33830080756888,-0.772668331506585,-2.69583333333335));
#3424=CARTESIAN_POINT('Ctrl Pts',(1.7844010767585,-4.14377959877632E-16,
-2.63750000000001));
#3425=CARTESIAN_POINT('Ctrl Pts',(1.33830080756888,0.772668331506583,-2.57916666666668));
#3426=CARTESIAN_POINT('Ctrl Pts',(0.892200538379251,1.54533666301317,-2.52083333333335));
#3427=CARTESIAN_POINT('Ctrl Pts',(5.56981640798803E-32,1.54533666301317,
-2.46250000000001));
#3428=CARTESIAN_POINT('Ctrl Pts',(-0.89220053837925,1.54533666301317,-2.40416666666668));
#3429=CARTESIAN_POINT('Ctrl Pts',(-1.33830080756888,0.772668331506584,-2.34583333333335));
#3430=CARTESIAN_POINT('Ctrl Pts',(-1.7844010767585,2.26742535318457E-17,
-2.28750000000001));
#3431=CARTESIAN_POINT('Ctrl Pts',(-1.33830080756888,-0.772668331506584,
-2.22916666666668));
#3432=CARTESIAN_POINT('Ctrl Pts',(-0.892200538379251,-1.54533666301317,
-2.17083333333335));
#3433=CARTESIAN_POINT('Ctrl Pts',(-1.89249159796413E-16,-1.54533666301317,
-2.11250000000001));
#3434=CARTESIAN_POINT('Ctrl Pts',(0.89220053837925,-1.54533666301317,-2.05416666666668));
#3435=CARTESIAN_POINT('Ctrl Pts',(1.33830080756888,-0.772668331506585,-1.99583333333335));
#3436=CARTESIAN_POINT('Ctrl Pts',(1.7844010767585,-4.14377959877632E-16,
-1.93750000000001));
#3437=CARTESIAN_POINT('Ctrl Pts',(1.33830080756888,0.772668331506583,-1.87916666666668));
#3438=CARTESIAN_POINT('Ctrl Pts',(0.892200538379251,1.54533666301317,-1.82083333333335));
#3439=CARTESIAN_POINT('Ctrl Pts',(5.56981640798803E-32,1.54533666301317,
-1.76250000000001));
#3440=CARTESIAN_POINT('Ctrl Pts',(-0.89220053837925,1.54533666301317,-1.70416666666668));
#3441=CARTESIAN_POINT('Ctrl Pts',(-1.33830080756888,0.772668331506584,-1.64583333333335));
#3442=CARTESIAN_POINT('Ctrl Pts',(-1.7844010767585,2.26742535318457E-17,
-1.58750000000002));
#3443=CARTESIAN_POINT('Ctrl Pts',(-1.33830080756888,-0.772668331506584,
-1.52916666666668));
#3444=CARTESIAN_POINT('Ctrl Pts',(-0.892200538379251,-1.54533666301317,
-1.47083333333335));
#3445=CARTESIAN_POINT('Ctrl Pts',(-1.89249159796413E-16,-1.54533666301317,
-1.41250000000002));
#3446=CARTESIAN_POINT('Ctrl Pts',(0.89220053837925,-1.54533666301317,-1.35416666666668));
#3447=CARTESIAN_POINT('Ctrl Pts',(1.33830080756888,-0.772668331506585,-1.29583333333335));
#3448=CARTESIAN_POINT('Ctrl Pts',(1.7844010767585,-4.14377959877632E-16,
-1.23750000000002));
#3449=CARTESIAN_POINT('Ctrl Pts',(1.33830080756888,0.772668331506583,-1.17916666666668));
#3450=CARTESIAN_POINT('Ctrl Pts',(0.892200538379251,1.54533666301317,-1.12083333333335));
#3451=CARTESIAN_POINT('Ctrl Pts',(5.56981640798803E-32,1.54533666301317,
-1.06250000000002));
#3452=CARTESIAN_POINT('Ctrl Pts',(-0.89220053837925,1.54533666301317,-1.00416666666668));
#3453=CARTESIAN_POINT('Ctrl Pts',(-1.33830080756888,0.772668331506584,-0.945833333333351));
#3454=CARTESIAN_POINT('Ctrl Pts',(-1.7844010767585,2.26742535318457E-17,
-0.887500000000017));
#3455=CARTESIAN_POINT('Ctrl Pts',(-1.33830080756888,-0.772668331506584,
-0.829166666666684));
#3456=CARTESIAN_POINT('Ctrl Pts',(-0.892200538379251,-1.54533666301317,
-0.770833333333351));
#3457=CARTESIAN_POINT('Ctrl Pts',(-1.89249159796413E-16,-1.54533666301317,
-0.712500000000017));
#3458=CARTESIAN_POINT('Ctrl Pts',(0.89220053837925,-1.54533666301317,-0.654166666666684));
#3459=CARTESIAN_POINT('Ctrl Pts',(1.33830080756888,-0.772668331506585,-0.595833333333351));
#3460=CARTESIAN_POINT('Ctrl Pts',(1.7844010767585,-4.14377959877632E-16,
-0.537500000000018));
#3461=CARTESIAN_POINT('Ctrl Pts',(1.33830080756888,0.772668331506583,-0.479166666666685));
#3462=CARTESIAN_POINT('Ctrl Pts',(0.892200538379251,1.54533666301317,-0.420833333333351));
#3463=CARTESIAN_POINT('Ctrl Pts',(5.56981640798803E-32,1.54533666301317,
-0.362500000000018));
#3464=CARTESIAN_POINT('Ctrl Pts',(-0.89220053837925,1.54533666301317,-0.304166666666685));
#3465=CARTESIAN_POINT('Ctrl Pts',(-1.33830080756888,0.772668331506584,-0.245833333333351));
#3466=CARTESIAN_POINT('Ctrl Pts',(-1.7844010767585,2.26742535318457E-17,
-0.187500000000019));
#3467=CARTESIAN_POINT('Ctrl Pts',(-1.33830080756888,-0.772668331506584,
-0.129166666666685));
#3468=CARTESIAN_POINT('Ctrl Pts',(-0.892200538379251,-1.54533666301317,
-0.0708333333333516));
#3469=CARTESIAN_POINT('Ctrl Pts',(-1.89249159796413E-16,-1.54533666301317,
-0.0125000000000194));
#3470=CARTESIAN_POINT('Ctrl Pts',(0.89220053837925,-1.54533666301317,0.0458333333333144));
#3471=CARTESIAN_POINT('Ctrl Pts',(1.33830080756888,-0.772668331506585,0.104166666666648));
#3472=CARTESIAN_POINT('Ctrl Pts',(1.7844010767585,-4.14377959877632E-16,
0.16249999999998));
#3473=CARTESIAN_POINT('Ctrl Pts',(1.33830080756888,0.772668331506583,0.220833333333314));
#3474=CARTESIAN_POINT('Ctrl Pts',(0.892200538379251,1.54533666301317,0.279166666666646));
#3475=CARTESIAN_POINT('Ctrl Pts',(5.56981640798803E-32,1.54533666301317,
0.33749999999998));
#3476=CARTESIAN_POINT('Ctrl Pts',(-0.89220053837925,1.54533666301317,0.395833333333314));
#3477=CARTESIAN_POINT('Ctrl Pts',(-1.33830080756888,0.772668331506584,0.454166666666646));
#3478=CARTESIAN_POINT('Ctrl Pts',(-1.7844010767585,2.26742535318457E-17,
0.51249999999998));
#3479=CARTESIAN_POINT('Ctrl Pts',(-1.33830080756888,-0.772668331506584,
0.570833333333312));
#3480=CARTESIAN_POINT('Ctrl Pts',(-0.892200538379251,-1.54533666301317,
0.629166666666646));
#3481=CARTESIAN_POINT('Ctrl Pts',(-1.89249159796413E-16,-1.54533666301317,
0.68749999999998));
#3482=CARTESIAN_POINT('Ctrl Pts',(0.89220053837925,-1.54533666301317,0.745833333333312));
#3483=CARTESIAN_POINT('Ctrl Pts',(1.33830080756888,-0.772668331506585,0.804166666666646));
#3484=CARTESIAN_POINT('Ctrl Pts',(1.7844010767585,-4.14377959877632E-16,
0.86249999999998));
#3485=CARTESIAN_POINT('Ctrl Pts',(1.33830080756888,0.772668331506583,0.920833333333312));
#3486=CARTESIAN_POINT('Ctrl Pts',(0.892200538379251,1.54533666301317,0.979166666666646));
#3487=CARTESIAN_POINT('Ctrl Pts',(5.56981640798803E-32,1.54533666301317,
1.03749999999998));
#3488=CARTESIAN_POINT('Ctrl Pts',(-0.89220053837925,1.54533666301317,1.09583333333331));
#3489=CARTESIAN_POINT('Ctrl Pts',(-1.33830080756888,0.772668331506584,1.15416666666665));
#3490=CARTESIAN_POINT('Ctrl Pts',(-1.7844010767585,2.26742535318457E-17,
1.21249999999998));
#3491=CARTESIAN_POINT('Ctrl Pts',(-1.33830080756888,-0.772668331506584,
1.27083333333331));
#3492=CARTESIAN_POINT('Ctrl Pts',(-0.892200538379251,-1.54533666301317,
1.32916666666665));
#3493=CARTESIAN_POINT('Ctrl Pts',(-1.89249159796413E-16,-1.54533666301317,
1.38749999999998));
#3494=CARTESIAN_POINT('Ctrl Pts',(0.89220053837925,-1.54533666301317,1.44583333333331));
#3495=CARTESIAN_POINT('Ctrl Pts',(1.33830080756888,-0.772668331506585,1.50416666666664));
#3496=CARTESIAN_POINT('Ctrl Pts',(1.7844010767585,-4.14377959877632E-16,
1.56249999999998));
#3497=CARTESIAN_POINT('Ctrl Pts',(1.33830080756888,0.772668331506583,1.62083333333331));
#3498=CARTESIAN_POINT('Ctrl Pts',(0.892200538379251,1.54533666301317,1.67916666666664));
#3499=CARTESIAN_POINT('Ctrl Pts',(5.56981640798803E-32,1.54533666301317,
1.73749999999998));
#3500=CARTESIAN_POINT('Ctrl Pts',(-0.89220053837925,1.54533666301317,1.79583333333331));
#3501=CARTESIAN_POINT('Ctrl Pts',(-1.33830080756888,0.772668331506584,1.85416666666664));
#3502=CARTESIAN_POINT('Ctrl Pts',(-1.7844010767585,2.26742535318457E-17,
1.91249999999998));
#3503=CARTESIAN_POINT('Ctrl Pts',(-1.33830080756888,-0.772668331506584,
1.97083333333331));
#3504=CARTESIAN_POINT('Ctrl Pts',(-0.892200538379251,-1.54533666301317,
2.02916666666664));
#3505=CARTESIAN_POINT('Ctrl Pts',(-1.89249159796413E-16,-1.54533666301317,
2.08749999999998));
#3506=CARTESIAN_POINT('Ctrl Pts',(0.89220053837925,-1.54533666301317,2.14583333333331));
#3507=CARTESIAN_POINT('Ctrl Pts',(1.33830080756888,-0.772668331506585,2.20416666666664));
#3508=CARTESIAN_POINT('Ctrl Pts',(1.7844010767585,-4.14377959877632E-16,
2.26249999999998));
#3509=CARTESIAN_POINT('Ctrl Pts',(1.33830080756888,0.772668331506583,2.32083333333331));
#3510=CARTESIAN_POINT('Ctrl Pts',(0.892200538379251,1.54533666301317,2.37916666666664));
#3511=CARTESIAN_POINT('Ctrl Pts',(5.56981640798803E-32,1.54533666301317,
2.43749999999997));
#3512=CARTESIAN_POINT('Ctrl Pts',(5.56981640798803E-32,1.54531459362493,
-8.14998725823276));
#3513=CARTESIAN_POINT('Ctrl Pts',(-0.892187796612008,1.54531459362493,-8.09165392489942));
#3514=CARTESIAN_POINT('Ctrl Pts',(-1.33828169491801,0.772657296812463,-8.03332059156609));
#3515=CARTESIAN_POINT('Ctrl Pts',(-1.78437559322402,2.26726931153988E-17,
-7.97498725823275));
#3516=CARTESIAN_POINT('Ctrl Pts',(-1.33828169491801,-0.772657296812462,
-7.91665392489942));
#3517=CARTESIAN_POINT('Ctrl Pts',(-0.892187796612008,-1.54531459362492,
-7.85832059156609));
#3518=CARTESIAN_POINT('Ctrl Pts',(-1.89246457075846E-16,-1.54531459362493,
-7.79998725823276));
#3519=CARTESIAN_POINT('Ctrl Pts',(0.892187796612007,-1.54531459362493,-7.74165392489942));
#3520=CARTESIAN_POINT('Ctrl Pts',(1.33828169491801,-0.772657296812463,-7.68332059156609));
#3521=CARTESIAN_POINT('Ctrl Pts',(1.78437559322402,-4.14373278628291E-16,
-7.62498725823276));
#3522=CARTESIAN_POINT('Ctrl Pts',(1.33828169491801,0.772657296812462,-7.56665392489943));
#3523=CARTESIAN_POINT('Ctrl Pts',(0.892187796612009,1.54531459362492,-7.50832059156609));
#3524=CARTESIAN_POINT('Ctrl Pts',(5.56981640798803E-32,1.54531459362493,
-7.44998725823276));
#3525=CARTESIAN_POINT('Ctrl Pts',(-0.892187796612008,1.54531459362493,-7.39165392489943));
#3526=CARTESIAN_POINT('Ctrl Pts',(-1.33828169491801,0.772657296812463,-7.33332059156609));
#3527=CARTESIAN_POINT('Ctrl Pts',(-1.78437559322402,2.26726931153988E-17,
-7.27498725823276));
#3528=CARTESIAN_POINT('Ctrl Pts',(-1.33828169491801,-0.772657296812462,
-7.21665392489942));
#3529=CARTESIAN_POINT('Ctrl Pts',(-0.892187796612008,-1.54531459362492,
-7.15832059156609));
#3530=CARTESIAN_POINT('Ctrl Pts',(-1.89246457075846E-16,-1.54531459362493,
-7.09998725823276));
#3531=CARTESIAN_POINT('Ctrl Pts',(0.892187796612007,-1.54531459362493,-7.04165392489943));
#3532=CARTESIAN_POINT('Ctrl Pts',(1.33828169491801,-0.772657296812463,-6.98332059156609));
#3533=CARTESIAN_POINT('Ctrl Pts',(1.78437559322402,-4.14373278628291E-16,
-6.92498725823276));
#3534=CARTESIAN_POINT('Ctrl Pts',(1.33828169491801,0.772657296812462,-6.86665392489942));
#3535=CARTESIAN_POINT('Ctrl Pts',(0.892187796612009,1.54531459362492,-6.80832059156609));
#3536=CARTESIAN_POINT('Ctrl Pts',(5.56981640798803E-32,1.54531459362493,
-6.74998725823276));
#3537=CARTESIAN_POINT('Ctrl Pts',(-0.892187796612008,1.54531459362493,-6.69165392489943));
#3538=CARTESIAN_POINT('Ctrl Pts',(-1.33828169491801,0.772657296812463,-6.63332059156609));
#3539=CARTESIAN_POINT('Ctrl Pts',(-1.78437559322402,2.26726931153988E-17,
-6.57498725823276));
#3540=CARTESIAN_POINT('Ctrl Pts',(-1.33828169491801,-0.772657296812462,
-6.51665392489943));
#3541=CARTESIAN_POINT('Ctrl Pts',(-0.892187796612008,-1.54531459362492,
-6.45832059156609));
#3542=CARTESIAN_POINT('Ctrl Pts',(-1.89246457075846E-16,-1.54531459362493,
-6.39998725823276));
#3543=CARTESIAN_POINT('Ctrl Pts',(0.892187796612007,-1.54531459362493,-6.34165392489943));
#3544=CARTESIAN_POINT('Ctrl Pts',(1.33828169491801,-0.772657296812463,-6.28332059156609));
#3545=CARTESIAN_POINT('Ctrl Pts',(1.78437559322402,-4.14373278628291E-16,
-6.22498725823276));
#3546=CARTESIAN_POINT('Ctrl Pts',(1.33828169491801,0.772657296812462,-6.16665392489943));
#3547=CARTESIAN_POINT('Ctrl Pts',(0.892187796612009,1.54531459362492,-6.10832059156609));
#3548=CARTESIAN_POINT('Ctrl Pts',(5.56981640798803E-32,1.54531459362493,
-6.04998725823276));
#3549=CARTESIAN_POINT('Ctrl Pts',(-0.892187796612008,1.54531459362493,-5.99165392489943));
#3550=CARTESIAN_POINT('Ctrl Pts',(-1.33828169491801,0.772657296812463,-5.93332059156609));
#3551=CARTESIAN_POINT('Ctrl Pts',(-1.78437559322402,2.26726931153988E-17,
-5.87498725823276));
#3552=CARTESIAN_POINT('Ctrl Pts',(-1.33828169491801,-0.772657296812462,
-5.81665392489943));
#3553=CARTESIAN_POINT('Ctrl Pts',(-0.892187796612008,-1.54531459362492,
-5.7583205915661));
#3554=CARTESIAN_POINT('Ctrl Pts',(-1.89246457075846E-16,-1.54531459362493,
-5.69998725823276));
#3555=CARTESIAN_POINT('Ctrl Pts',(0.892187796612007,-1.54531459362493,-5.64165392489943));
#3556=CARTESIAN_POINT('Ctrl Pts',(1.33828169491801,-0.772657296812463,-5.58332059156609));
#3557=CARTESIAN_POINT('Ctrl Pts',(1.78437559322402,-4.14373278628291E-16,
-5.52498725823276));
#3558=CARTESIAN_POINT('Ctrl Pts',(1.33828169491801,0.772657296812462,-5.46665392489943));
#3559=CARTESIAN_POINT('Ctrl Pts',(0.892187796612009,1.54531459362492,-5.4083205915661));
#3560=CARTESIAN_POINT('Ctrl Pts',(5.56981640798803E-32,1.54531459362493,
-5.34998725823276));
#3561=CARTESIAN_POINT('Ctrl Pts',(-0.892187796612008,1.54531459362493,-5.29165392489943));
#3562=CARTESIAN_POINT('Ctrl Pts',(-1.33828169491801,0.772657296812463,-5.23332059156609));
#3563=CARTESIAN_POINT('Ctrl Pts',(-1.78437559322402,2.26726931153988E-17,
-5.17498725823276));
#3564=CARTESIAN_POINT('Ctrl Pts',(-1.33828169491801,-0.772657296812462,
-5.11665392489943));
#3565=CARTESIAN_POINT('Ctrl Pts',(-0.892187796612008,-1.54531459362492,
-5.0583205915661));
#3566=CARTESIAN_POINT('Ctrl Pts',(-1.89246457075846E-16,-1.54531459362493,
-4.99998725823276));
#3567=CARTESIAN_POINT('Ctrl Pts',(0.892187796612007,-1.54531459362493,-4.94165392489943));
#3568=CARTESIAN_POINT('Ctrl Pts',(1.33828169491801,-0.772657296812463,-4.8833205915661));
#3569=CARTESIAN_POINT('Ctrl Pts',(1.78437559322402,-4.14373278628291E-16,
-4.82498725823276));
#3570=CARTESIAN_POINT('Ctrl Pts',(1.33828169491801,0.772657296812462,-4.76665392489943));
#3571=CARTESIAN_POINT('Ctrl Pts',(0.892187796612009,1.54531459362492,-4.7083205915661));
#3572=CARTESIAN_POINT('Ctrl Pts',(5.56981640798803E-32,1.54531459362493,
-4.64998725823276));
#3573=CARTESIAN_POINT('Ctrl Pts',(-0.892187796612008,1.54531459362493,-4.59165392489943));
#3574=CARTESIAN_POINT('Ctrl Pts',(-1.33828169491801,0.772657296812463,-4.5333205915661));
#3575=CARTESIAN_POINT('Ctrl Pts',(-1.78437559322402,2.26726931153988E-17,
-4.47498725823276));
#3576=CARTESIAN_POINT('Ctrl Pts',(-1.33828169491801,-0.772657296812462,
-4.41665392489943));
#3577=CARTESIAN_POINT('Ctrl Pts',(-0.892187796612008,-1.54531459362492,
-4.3583205915661));
#3578=CARTESIAN_POINT('Ctrl Pts',(-1.89246457075846E-16,-1.54531459362493,
-4.29998725823276));
#3579=CARTESIAN_POINT('Ctrl Pts',(0.892187796612007,-1.54531459362493,-4.24165392489943));
#3580=CARTESIAN_POINT('Ctrl Pts',(1.33828169491801,-0.772657296812463,-4.1833205915661));
#3581=CARTESIAN_POINT('Ctrl Pts',(1.78437559322402,-4.14373278628291E-16,
-4.12498725823276));
#3582=CARTESIAN_POINT('Ctrl Pts',(1.33828169491801,0.772657296812462,-4.06665392489943));
#3583=CARTESIAN_POINT('Ctrl Pts',(0.892187796612009,1.54531459362492,-4.0083205915661));
#3584=CARTESIAN_POINT('Ctrl Pts',(5.56981640798803E-32,1.54531459362493,
-3.94998725823276));
#3585=CARTESIAN_POINT('Ctrl Pts',(-0.892187796612008,1.54531459362493,-3.89165392489943));
#3586=CARTESIAN_POINT('Ctrl Pts',(-1.33828169491801,0.772657296812463,-3.8333205915661));
#3587=CARTESIAN_POINT('Ctrl Pts',(-1.78437559322402,2.26726931153988E-17,
-3.77498725823276));
#3588=CARTESIAN_POINT('Ctrl Pts',(-1.33828169491801,-0.772657296812462,
-3.71665392489943));
#3589=CARTESIAN_POINT('Ctrl Pts',(-0.892187796612008,-1.54531459362492,
-3.6583205915661));
#3590=CARTESIAN_POINT('Ctrl Pts',(-1.89246457075846E-16,-1.54531459362493,
-3.59998725823277));
#3591=CARTESIAN_POINT('Ctrl Pts',(0.892187796612007,-1.54531459362493,-3.54165392489943));
#3592=CARTESIAN_POINT('Ctrl Pts',(1.33828169491801,-0.772657296812463,-3.4833205915661));
#3593=CARTESIAN_POINT('Ctrl Pts',(1.78437559322402,-4.14373278628291E-16,
-3.42498725823277));
#3594=CARTESIAN_POINT('Ctrl Pts',(1.33828169491801,0.772657296812462,-3.36665392489943));
#3595=CARTESIAN_POINT('Ctrl Pts',(0.892187796612009,1.54531459362492,-3.3083205915661));
#3596=CARTESIAN_POINT('Ctrl Pts',(5.56981640798803E-32,1.54531459362493,
-3.24998725823277));
#3597=CARTESIAN_POINT('Ctrl Pts',(-0.892187796612008,1.54531459362493,-3.19165392489943));
#3598=CARTESIAN_POINT('Ctrl Pts',(-1.33828169491801,0.772657296812463,-3.1333205915661));
#3599=CARTESIAN_POINT('Ctrl Pts',(-1.78437559322402,2.26726931153988E-17,
-3.07498725823277));
#3600=CARTESIAN_POINT('Ctrl Pts',(-1.33828169491801,-0.772657296812462,
-3.01665392489943));
#3601=CARTESIAN_POINT('Ctrl Pts',(-0.892187796612008,-1.54531459362492,
-2.9583205915661));
#3602=CARTESIAN_POINT('Ctrl Pts',(-1.89246457075846E-16,-1.54531459362493,
-2.89998725823277));
#3603=CARTESIAN_POINT('Ctrl Pts',(0.892187796612007,-1.54531459362493,-2.84165392489943));
#3604=CARTESIAN_POINT('Ctrl Pts',(1.33828169491801,-0.772657296812463,-2.7833205915661));
#3605=CARTESIAN_POINT('Ctrl Pts',(1.78437559322402,-4.14373278628291E-16,
-2.72498725823277));
#3606=CARTESIAN_POINT('Ctrl Pts',(1.33828169491801,0.772657296812462,-2.66665392489943));
#3607=CARTESIAN_POINT('Ctrl Pts',(0.892187796612009,1.54531459362492,-2.6083205915661));
#3608=CARTESIAN_POINT('Ctrl Pts',(5.56981640798803E-32,1.54531459362493,
-2.54998725823277));
#3609=CARTESIAN_POINT('Ctrl Pts',(-0.892187796612008,1.54531459362493,-2.49165392489944));
#3610=CARTESIAN_POINT('Ctrl Pts',(-1.33828169491801,0.772657296812463,-2.4333205915661));
#3611=CARTESIAN_POINT('Ctrl Pts',(-1.78437559322402,2.26726931153988E-17,
-2.37498725823277));
#3612=CARTESIAN_POINT('Ctrl Pts',(-1.33828169491801,-0.772657296812462,
-2.31665392489944));
#3613=CARTESIAN_POINT('Ctrl Pts',(-0.892187796612008,-1.54531459362492,
-2.2583205915661));
#3614=CARTESIAN_POINT('Ctrl Pts',(-1.89246457075846E-16,-1.54531459362493,
-2.19998725823277));
#3615=CARTESIAN_POINT('Ctrl Pts',(0.892187796612007,-1.54531459362493,-2.14165392489944));
#3616=CARTESIAN_POINT('Ctrl Pts',(1.33828169491801,-0.772657296812463,-2.0833205915661));
#3617=CARTESIAN_POINT('Ctrl Pts',(1.78437559322402,-4.14373278628291E-16,
-2.02498725823277));
#3618=CARTESIAN_POINT('Ctrl Pts',(1.33828169491801,0.772657296812462,-1.96665392489944));
#3619=CARTESIAN_POINT('Ctrl Pts',(0.892187796612009,1.54531459362492,-1.9083205915661));
#3620=CARTESIAN_POINT('Ctrl Pts',(5.56981640798803E-32,1.54531459362493,
-1.84998725823277));
#3621=CARTESIAN_POINT('Ctrl Pts',(-0.892187796612008,1.54531459362493,-1.79165392489944));
#3622=CARTESIAN_POINT('Ctrl Pts',(-1.33828169491801,0.772657296812463,-1.7333205915661));
#3623=CARTESIAN_POINT('Ctrl Pts',(-1.78437559322402,2.26726931153988E-17,
-1.67498725823277));
#3624=CARTESIAN_POINT('Ctrl Pts',(-1.33828169491801,-0.772657296812462,
-1.61665392489944));
#3625=CARTESIAN_POINT('Ctrl Pts',(-0.892187796612008,-1.54531459362492,
-1.5583205915661));
#3626=CARTESIAN_POINT('Ctrl Pts',(-1.89246457075846E-16,-1.54531459362493,
-1.49998725823277));
#3627=CARTESIAN_POINT('Ctrl Pts',(0.892187796612007,-1.54531459362493,-1.44165392489944));
#3628=CARTESIAN_POINT('Ctrl Pts',(1.33828169491801,-0.772657296812463,-1.3833205915661));
#3629=CARTESIAN_POINT('Ctrl Pts',(1.78437559322402,-4.14373278628291E-16,
-1.32498725823277));
#3630=CARTESIAN_POINT('Ctrl Pts',(1.33828169491801,0.772657296812462,-1.26665392489944));
#3631=CARTESIAN_POINT('Ctrl Pts',(0.892187796612009,1.54531459362492,-1.2083205915661));
#3632=CARTESIAN_POINT('Ctrl Pts',(5.56981640798803E-32,1.54531459362493,
-1.14998725823277));
#3633=CARTESIAN_POINT('Ctrl Pts',(-0.892187796612008,1.54531459362493,-1.09165392489944));
#3634=CARTESIAN_POINT('Ctrl Pts',(-1.33828169491801,0.772657296812463,-1.03332059156611));
#3635=CARTESIAN_POINT('Ctrl Pts',(-1.78437559322402,2.26726931153988E-17,
-0.974987258232772));
#3636=CARTESIAN_POINT('Ctrl Pts',(-1.33828169491801,-0.772657296812462,
-0.916653924899439));
#3637=CARTESIAN_POINT('Ctrl Pts',(-0.892187796612008,-1.54531459362492,
-0.858320591566105));
#3638=CARTESIAN_POINT('Ctrl Pts',(-1.89246457075846E-16,-1.54531459362493,
-0.799987258232772));
#3639=CARTESIAN_POINT('Ctrl Pts',(0.892187796612007,-1.54531459362493,-0.741653924899439));
#3640=CARTESIAN_POINT('Ctrl Pts',(1.33828169491801,-0.772657296812463,-0.683320591566106));
#3641=CARTESIAN_POINT('Ctrl Pts',(1.78437559322402,-4.14373278628291E-16,
-0.624987258232773));
#3642=CARTESIAN_POINT('Ctrl Pts',(1.33828169491801,0.772657296812462,-0.56665392489944));
#3643=CARTESIAN_POINT('Ctrl Pts',(0.892187796612009,1.54531459362492,-0.508320591566106));
#3644=CARTESIAN_POINT('Ctrl Pts',(5.56981640798803E-32,1.54531459362493,
-0.449987258232773));
#3645=CARTESIAN_POINT('Ctrl Pts',(-0.892187796612008,1.54531459362493,-0.39165392489944));
#3646=CARTESIAN_POINT('Ctrl Pts',(-1.33828169491801,0.772657296812463,-0.333320591566106));
#3647=CARTESIAN_POINT('Ctrl Pts',(-1.78437559322402,2.26726931153988E-17,
-0.274987258232774));
#3648=CARTESIAN_POINT('Ctrl Pts',(-1.33828169491801,-0.772657296812462,
-0.21665392489944));
#3649=CARTESIAN_POINT('Ctrl Pts',(-0.892187796612008,-1.54531459362492,
-0.158320591566106));
#3650=CARTESIAN_POINT('Ctrl Pts',(-1.89246457075846E-16,-1.54531459362493,
-0.0999872582327741));
#3651=CARTESIAN_POINT('Ctrl Pts',(0.892187796612007,-1.54531459362493,-0.0416539248994403));
#3652=CARTESIAN_POINT('Ctrl Pts',(1.33828169491801,-0.772657296812463,0.0166794084338936));
#3653=CARTESIAN_POINT('Ctrl Pts',(1.78437559322402,-4.14373278628291E-16,
0.0750127417672257));
#3654=CARTESIAN_POINT('Ctrl Pts',(1.33828169491801,0.772657296812462,0.13334607510056));
#3655=CARTESIAN_POINT('Ctrl Pts',(0.892187796612009,1.54531459362492,0.191679408433892));
#3656=CARTESIAN_POINT('Ctrl Pts',(5.56981640798803E-32,1.54531459362493,
0.250012741767225));
#3657=CARTESIAN_POINT('Ctrl Pts',(-0.892187796612008,1.54531459362493,0.308346075100559));
#3658=CARTESIAN_POINT('Ctrl Pts',(-1.33828169491801,0.772657296812463,0.366679408433891));
#3659=CARTESIAN_POINT('Ctrl Pts',(-1.78437559322402,2.26726931153988E-17,
0.425012741767225));
#3660=CARTESIAN_POINT('Ctrl Pts',(-1.33828169491801,-0.772657296812462,
0.483346075100557));
#3661=CARTESIAN_POINT('Ctrl Pts',(-0.892187796612008,-1.54531459362492,
0.541679408433891));
#3662=CARTESIAN_POINT('Ctrl Pts',(-1.89246457075846E-16,-1.54531459362493,
0.600012741767225));
#3663=CARTESIAN_POINT('Ctrl Pts',(0.892187796612007,-1.54531459362493,0.658346075100557));
#3664=CARTESIAN_POINT('Ctrl Pts',(1.33828169491801,-0.772657296812463,0.716679408433891));
#3665=CARTESIAN_POINT('Ctrl Pts',(1.78437559322402,-4.14373278628291E-16,
0.775012741767225));
#3666=CARTESIAN_POINT('Ctrl Pts',(1.33828169491801,0.772657296812462,0.833346075100557));
#3667=CARTESIAN_POINT('Ctrl Pts',(0.892187796612009,1.54531459362492,0.891679408433891));
#3668=CARTESIAN_POINT('Ctrl Pts',(5.56981640798803E-32,1.54531459362493,
0.950012741767225));
#3669=CARTESIAN_POINT('Ctrl Pts',(-0.892187796612008,1.54531459362493,1.00834607510056));
#3670=CARTESIAN_POINT('Ctrl Pts',(-1.33828169491801,0.772657296812463,1.06667940843389));
#3671=CARTESIAN_POINT('Ctrl Pts',(-1.78437559322402,2.26726931153988E-17,
1.12501274176722));
#3672=CARTESIAN_POINT('Ctrl Pts',(-1.33828169491801,-0.772657296812462,
1.18334607510056));
#3673=CARTESIAN_POINT('Ctrl Pts',(-0.892187796612008,-1.54531459362492,
1.24167940843389));
#3674=CARTESIAN_POINT('Ctrl Pts',(-1.89246457075846E-16,-1.54531459362493,
1.30001274176722));
#3675=CARTESIAN_POINT('Ctrl Pts',(0.892187796612007,-1.54531459362493,1.35834607510056));
#3676=CARTESIAN_POINT('Ctrl Pts',(1.33828169491801,-0.772657296812463,1.41667940843389));
#3677=CARTESIAN_POINT('Ctrl Pts',(1.78437559322402,-4.14373278628291E-16,
1.47501274176722));
#3678=CARTESIAN_POINT('Ctrl Pts',(1.33828169491801,0.772657296812462,1.53334607510056));
#3679=CARTESIAN_POINT('Ctrl Pts',(0.892187796612009,1.54531459362492,1.59167940843389));
#3680=CARTESIAN_POINT('Ctrl Pts',(5.56981640798803E-32,1.54531459362493,
1.65001274176722));
#3681=CARTESIAN_POINT('Ctrl Pts',(-0.892187796612008,1.54531459362493,1.70834607510056));
#3682=CARTESIAN_POINT('Ctrl Pts',(-1.33828169491801,0.772657296812463,1.76667940843389));
#3683=CARTESIAN_POINT('Ctrl Pts',(-1.78437559322402,2.26726931153988E-17,
1.82501274176722));
#3684=CARTESIAN_POINT('Ctrl Pts',(-1.33828169491801,-0.772657296812462,
1.88334607510056));
#3685=CARTESIAN_POINT('Ctrl Pts',(-0.892187796612008,-1.54531459362492,
1.94167940843389));
#3686=CARTESIAN_POINT('Ctrl Pts',(-1.89246457075846E-16,-1.54531459362493,
2.00001274176722));
#3687=CARTESIAN_POINT('Ctrl Pts',(0.892187796612007,-1.54531459362493,2.05834607510055));
#3688=CARTESIAN_POINT('Ctrl Pts',(1.33828169491801,-0.772657296812463,2.11667940843389));
#3689=CARTESIAN_POINT('Ctrl Pts',(1.78437559322402,-4.14373278628291E-16,
2.17501274176722));
#3690=CARTESIAN_POINT('Ctrl Pts',(1.33828169491801,0.772657296812462,2.23334607510055));
#3691=CARTESIAN_POINT('Ctrl Pts',(0.892187796612009,1.54531459362492,2.29167940843389));
#3692=CARTESIAN_POINT('Ctrl Pts',(5.56981640798803E-32,1.54531459362493,
2.35001274176722));
#3693=CARTESIAN_POINT('Ctrl Pts',(5.56981640798803E-32,2.,-8.4125));
#3694=CARTESIAN_POINT('Ctrl Pts',(-1.15470053837925,2.,-8.35416666666667));
#3695=CARTESIAN_POINT('Ctrl Pts',(-1.73205080756888,1.,-8.29583333333334));
#3696=CARTESIAN_POINT('Ctrl Pts',(-2.3094010767585,5.48212320094638E-17,
-8.2375));
#3697=CARTESIAN_POINT('Ctrl Pts',(-1.73205080756888,-1.,-8.17916666666667));
#3698=CARTESIAN_POINT('Ctrl Pts',(-1.15470053837925,-2.,-8.12083333333334));
#3699=CARTESIAN_POINT('Ctrl Pts',(-2.44929359829471E-16,-2.,-8.0625));
#3700=CARTESIAN_POINT('Ctrl Pts',(1.15470053837925,-2.,-8.00416666666667));
#3701=CARTESIAN_POINT('Ctrl Pts',(1.73205080756888,-1.,-7.94583333333334));
#3702=CARTESIAN_POINT('Ctrl Pts',(2.3094010767585,-5.10818895310487E-16,
-7.8875));
#3703=CARTESIAN_POINT('Ctrl Pts',(1.73205080756888,0.999999999999999,-7.82916666666667));
#3704=CARTESIAN_POINT('Ctrl Pts',(1.15470053837925,2.,-7.77083333333334));
#3705=CARTESIAN_POINT('Ctrl Pts',(5.56981640798803E-32,2.,-7.71250000000001));
#3706=CARTESIAN_POINT('Ctrl Pts',(-1.15470053837925,2.,-7.65416666666667));
#3707=CARTESIAN_POINT('Ctrl Pts',(-1.73205080756888,1.,-7.59583333333334));
#3708=CARTESIAN_POINT('Ctrl Pts',(-2.3094010767585,5.48212320094638E-17,
-7.53750000000001));
#3709=CARTESIAN_POINT('Ctrl Pts',(-1.73205080756888,-1.,-7.47916666666667));
#3710=CARTESIAN_POINT('Ctrl Pts',(-1.15470053837925,-2.,-7.42083333333334));
#3711=CARTESIAN_POINT('Ctrl Pts',(-2.44929359829471E-16,-2.,-7.36250000000001));
#3712=CARTESIAN_POINT('Ctrl Pts',(1.15470053837925,-2.,-7.30416666666667));
#3713=CARTESIAN_POINT('Ctrl Pts',(1.73205080756888,-1.,-7.24583333333334));
#3714=CARTESIAN_POINT('Ctrl Pts',(2.3094010767585,-5.10818895310487E-16,
-7.18750000000001));
#3715=CARTESIAN_POINT('Ctrl Pts',(1.73205080756888,0.999999999999999,-7.12916666666667));
#3716=CARTESIAN_POINT('Ctrl Pts',(1.15470053837925,2.,-7.07083333333334));
#3717=CARTESIAN_POINT('Ctrl Pts',(5.56981640798803E-32,2.,-7.01250000000001));
#3718=CARTESIAN_POINT('Ctrl Pts',(-1.15470053837925,2.,-6.95416666666667));
#3719=CARTESIAN_POINT('Ctrl Pts',(-1.73205080756888,1.,-6.89583333333334));
#3720=CARTESIAN_POINT('Ctrl Pts',(-2.3094010767585,5.48212320094638E-17,
-6.83750000000001));
#3721=CARTESIAN_POINT('Ctrl Pts',(-1.73205080756888,-1.,-6.77916666666667));
#3722=CARTESIAN_POINT('Ctrl Pts',(-1.15470053837925,-2.,-6.72083333333334));
#3723=CARTESIAN_POINT('Ctrl Pts',(-2.44929359829471E-16,-2.,-6.66250000000001));
#3724=CARTESIAN_POINT('Ctrl Pts',(1.15470053837925,-2.,-6.60416666666667));
#3725=CARTESIAN_POINT('Ctrl Pts',(1.73205080756888,-1.,-6.54583333333334));
#3726=CARTESIAN_POINT('Ctrl Pts',(2.3094010767585,-5.10818895310487E-16,
-6.48750000000001));
#3727=CARTESIAN_POINT('Ctrl Pts',(1.73205080756888,0.999999999999999,-6.42916666666668));
#3728=CARTESIAN_POINT('Ctrl Pts',(1.15470053837925,2.,-6.37083333333334));
#3729=CARTESIAN_POINT('Ctrl Pts',(5.56981640798803E-32,2.,-6.31250000000001));
#3730=CARTESIAN_POINT('Ctrl Pts',(-1.15470053837925,2.,-6.25416666666668));
#3731=CARTESIAN_POINT('Ctrl Pts',(-1.73205080756888,1.,-6.19583333333334));
#3732=CARTESIAN_POINT('Ctrl Pts',(-2.3094010767585,5.48212320094638E-17,
-6.13750000000001));
#3733=CARTESIAN_POINT('Ctrl Pts',(-1.73205080756888,-1.,-6.07916666666668));
#3734=CARTESIAN_POINT('Ctrl Pts',(-1.15470053837925,-2.,-6.02083333333334));
#3735=CARTESIAN_POINT('Ctrl Pts',(-2.44929359829471E-16,-2.,-5.96250000000001));
#3736=CARTESIAN_POINT('Ctrl Pts',(1.15470053837925,-2.,-5.90416666666667));
#3737=CARTESIAN_POINT('Ctrl Pts',(1.73205080756888,-1.,-5.84583333333334));
#3738=CARTESIAN_POINT('Ctrl Pts',(2.3094010767585,-5.10818895310487E-16,
-5.78750000000001));
#3739=CARTESIAN_POINT('Ctrl Pts',(1.73205080756888,0.999999999999999,-5.72916666666668));
#3740=CARTESIAN_POINT('Ctrl Pts',(1.15470053837925,2.,-5.67083333333334));
#3741=CARTESIAN_POINT('Ctrl Pts',(5.56981640798803E-32,2.,-5.61250000000001));
#3742=CARTESIAN_POINT('Ctrl Pts',(-1.15470053837925,2.,-5.55416666666668));
#3743=CARTESIAN_POINT('Ctrl Pts',(-1.73205080756888,1.,-5.49583333333334));
#3744=CARTESIAN_POINT('Ctrl Pts',(-2.3094010767585,5.48212320094638E-17,
-5.43750000000001));
#3745=CARTESIAN_POINT('Ctrl Pts',(-1.73205080756888,-1.,-5.37916666666668));
#3746=CARTESIAN_POINT('Ctrl Pts',(-1.15470053837925,-2.,-5.32083333333334));
#3747=CARTESIAN_POINT('Ctrl Pts',(-2.44929359829471E-16,-2.,-5.26250000000001));
#3748=CARTESIAN_POINT('Ctrl Pts',(1.15470053837925,-2.,-5.20416666666668));
#3749=CARTESIAN_POINT('Ctrl Pts',(1.73205080756888,-1.,-5.14583333333334));
#3750=CARTESIAN_POINT('Ctrl Pts',(2.3094010767585,-5.10818895310487E-16,
-5.08750000000001));
#3751=CARTESIAN_POINT('Ctrl Pts',(1.73205080756888,0.999999999999999,-5.02916666666668));
#3752=CARTESIAN_POINT('Ctrl Pts',(1.15470053837925,2.,-4.97083333333334));
#3753=CARTESIAN_POINT('Ctrl Pts',(5.56981640798803E-32,2.,-4.91250000000001));
#3754=CARTESIAN_POINT('Ctrl Pts',(-1.15470053837925,2.,-4.85416666666668));
#3755=CARTESIAN_POINT('Ctrl Pts',(-1.73205080756888,1.,-4.79583333333334));
#3756=CARTESIAN_POINT('Ctrl Pts',(-2.3094010767585,5.48212320094638E-17,
-4.73750000000001));
#3757=CARTESIAN_POINT('Ctrl Pts',(-1.73205080756888,-1.,-4.67916666666668));
#3758=CARTESIAN_POINT('Ctrl Pts',(-1.15470053837925,-2.,-4.62083333333335));
#3759=CARTESIAN_POINT('Ctrl Pts',(-2.44929359829471E-16,-2.,-4.56250000000001));
#3760=CARTESIAN_POINT('Ctrl Pts',(1.15470053837925,-2.,-4.50416666666668));
#3761=CARTESIAN_POINT('Ctrl Pts',(1.73205080756888,-1.,-4.44583333333335));
#3762=CARTESIAN_POINT('Ctrl Pts',(2.3094010767585,-5.10818895310487E-16,
-4.38750000000001));
#3763=CARTESIAN_POINT('Ctrl Pts',(1.73205080756888,0.999999999999999,-4.32916666666668));
#3764=CARTESIAN_POINT('Ctrl Pts',(1.15470053837925,2.,-4.27083333333335));
#3765=CARTESIAN_POINT('Ctrl Pts',(5.56981640798803E-32,2.,-4.21250000000001));
#3766=CARTESIAN_POINT('Ctrl Pts',(-1.15470053837925,2.,-4.15416666666668));
#3767=CARTESIAN_POINT('Ctrl Pts',(-1.73205080756888,1.,-4.09583333333335));
#3768=CARTESIAN_POINT('Ctrl Pts',(-2.3094010767585,5.48212320094638E-17,
-4.03750000000001));
#3769=CARTESIAN_POINT('Ctrl Pts',(-1.73205080756888,-1.,-3.97916666666668));
#3770=CARTESIAN_POINT('Ctrl Pts',(-1.15470053837925,-2.,-3.92083333333335));
#3771=CARTESIAN_POINT('Ctrl Pts',(-2.44929359829471E-16,-2.,-3.86250000000001));
#3772=CARTESIAN_POINT('Ctrl Pts',(1.15470053837925,-2.,-3.80416666666668));
#3773=CARTESIAN_POINT('Ctrl Pts',(1.73205080756888,-1.,-3.74583333333335));
#3774=CARTESIAN_POINT('Ctrl Pts',(2.3094010767585,-5.10818895310487E-16,
-3.68750000000001));
#3775=CARTESIAN_POINT('Ctrl Pts',(1.73205080756888,0.999999999999999,-3.62916666666668));
#3776=CARTESIAN_POINT('Ctrl Pts',(1.15470053837925,2.,-3.57083333333335));
#3777=CARTESIAN_POINT('Ctrl Pts',(5.56981640798803E-32,2.,-3.51250000000002));
#3778=CARTESIAN_POINT('Ctrl Pts',(-1.15470053837925,2.,-3.45416666666668));
#3779=CARTESIAN_POINT('Ctrl Pts',(-1.73205080756888,1.,-3.39583333333335));
#3780=CARTESIAN_POINT('Ctrl Pts',(-2.3094010767585,5.48212320094638E-17,
-3.33750000000002));
#3781=CARTESIAN_POINT('Ctrl Pts',(-1.73205080756888,-1.,-3.27916666666668));
#3782=CARTESIAN_POINT('Ctrl Pts',(-1.15470053837925,-2.,-3.22083333333335));
#3783=CARTESIAN_POINT('Ctrl Pts',(-2.44929359829471E-16,-2.,-3.16250000000002));
#3784=CARTESIAN_POINT('Ctrl Pts',(1.15470053837925,-2.,-3.10416666666668));
#3785=CARTESIAN_POINT('Ctrl Pts',(1.73205080756888,-1.,-3.04583333333335));
#3786=CARTESIAN_POINT('Ctrl Pts',(2.3094010767585,-5.10818895310487E-16,
-2.98750000000002));
#3787=CARTESIAN_POINT('Ctrl Pts',(1.73205080756888,0.999999999999999,-2.92916666666668));
#3788=CARTESIAN_POINT('Ctrl Pts',(1.15470053837925,2.,-2.87083333333335));
#3789=CARTESIAN_POINT('Ctrl Pts',(5.56981640798803E-32,2.,-2.81250000000002));
#3790=CARTESIAN_POINT('Ctrl Pts',(-1.15470053837925,2.,-2.75416666666668));
#3791=CARTESIAN_POINT('Ctrl Pts',(-1.73205080756888,1.,-2.69583333333335));
#3792=CARTESIAN_POINT('Ctrl Pts',(-2.3094010767585,5.48212320094638E-17,
-2.63750000000002));
#3793=CARTESIAN_POINT('Ctrl Pts',(-1.73205080756888,-1.,-2.57916666666668));
#3794=CARTESIAN_POINT('Ctrl Pts',(-1.15470053837925,-2.,-2.52083333333335));
#3795=CARTESIAN_POINT('Ctrl Pts',(-2.44929359829471E-16,-2.,-2.46250000000002));
#3796=CARTESIAN_POINT('Ctrl Pts',(1.15470053837925,-2.,-2.40416666666668));
#3797=CARTESIAN_POINT('Ctrl Pts',(1.73205080756888,-1.,-2.34583333333335));
#3798=CARTESIAN_POINT('Ctrl Pts',(2.3094010767585,-5.10818895310487E-16,
-2.28750000000002));
#3799=CARTESIAN_POINT('Ctrl Pts',(1.73205080756888,0.999999999999999,-2.22916666666668));
#3800=CARTESIAN_POINT('Ctrl Pts',(1.15470053837925,2.,-2.17083333333335));
#3801=CARTESIAN_POINT('Ctrl Pts',(5.56981640798803E-32,2.,-2.11250000000002));
#3802=CARTESIAN_POINT('Ctrl Pts',(-1.15470053837925,2.,-2.05416666666668));
#3803=CARTESIAN_POINT('Ctrl Pts',(-1.73205080756888,1.,-1.99583333333335));
#3804=CARTESIAN_POINT('Ctrl Pts',(-2.3094010767585,5.48212320094638E-17,
-1.93750000000002));
#3805=CARTESIAN_POINT('Ctrl Pts',(-1.73205080756888,-1.,-1.87916666666669));
#3806=CARTESIAN_POINT('Ctrl Pts',(-1.15470053837925,-2.,-1.82083333333335));
#3807=CARTESIAN_POINT('Ctrl Pts',(-2.44929359829471E-16,-2.,-1.76250000000002));
#3808=CARTESIAN_POINT('Ctrl Pts',(1.15470053837925,-2.,-1.70416666666669));
#3809=CARTESIAN_POINT('Ctrl Pts',(1.73205080756888,-1.,-1.64583333333335));
#3810=CARTESIAN_POINT('Ctrl Pts',(2.3094010767585,-5.10818895310487E-16,
-1.58750000000002));
#3811=CARTESIAN_POINT('Ctrl Pts',(1.73205080756888,0.999999999999999,-1.52916666666669));
#3812=CARTESIAN_POINT('Ctrl Pts',(1.15470053837925,2.,-1.47083333333335));
#3813=CARTESIAN_POINT('Ctrl Pts',(5.56981640798803E-32,2.,-1.41250000000002));
#3814=CARTESIAN_POINT('Ctrl Pts',(-1.15470053837925,2.,-1.35416666666669));
#3815=CARTESIAN_POINT('Ctrl Pts',(-1.73205080756888,1.,-1.29583333333335));
#3816=CARTESIAN_POINT('Ctrl Pts',(-2.3094010767585,5.48212320094638E-17,
-1.23750000000002));
#3817=CARTESIAN_POINT('Ctrl Pts',(-1.73205080756888,-1.,-1.17916666666669));
#3818=CARTESIAN_POINT('Ctrl Pts',(-1.15470053837925,-2.,-1.12083333333335));
#3819=CARTESIAN_POINT('Ctrl Pts',(-2.44929359829471E-16,-2.,-1.06250000000002));
#3820=CARTESIAN_POINT('Ctrl Pts',(1.15470053837925,-2.,-1.00416666666669));
#3821=CARTESIAN_POINT('Ctrl Pts',(1.73205080756888,-1.,-0.945833333333354));
#3822=CARTESIAN_POINT('Ctrl Pts',(2.3094010767585,-5.10818895310487E-16,
-0.887500000000021));
#3823=CARTESIAN_POINT('Ctrl Pts',(1.73205080756888,0.999999999999999,-0.829166666666688));
#3824=CARTESIAN_POINT('Ctrl Pts',(1.15470053837925,2.,-0.770833333333354));
#3825=CARTESIAN_POINT('Ctrl Pts',(5.56981640798803E-32,2.,-0.712500000000021));
#3826=CARTESIAN_POINT('Ctrl Pts',(-1.15470053837925,2.,-0.654166666666688));
#3827=CARTESIAN_POINT('Ctrl Pts',(-1.73205080756888,1.,-0.595833333333354));
#3828=CARTESIAN_POINT('Ctrl Pts',(-2.3094010767585,5.48212320094638E-17,
-0.537500000000022));
#3829=CARTESIAN_POINT('Ctrl Pts',(-1.73205080756888,-1.,-0.479166666666689));
#3830=CARTESIAN_POINT('Ctrl Pts',(-1.15470053837925,-2.,-0.420833333333355));
#3831=CARTESIAN_POINT('Ctrl Pts',(-2.44929359829471E-16,-2.,-0.362500000000023));
#3832=CARTESIAN_POINT('Ctrl Pts',(1.15470053837925,-2.,-0.304166666666689));
#3833=CARTESIAN_POINT('Ctrl Pts',(1.73205080756888,-1.,-0.245833333333355));
#3834=CARTESIAN_POINT('Ctrl Pts',(2.3094010767585,-5.10818895310487E-16,
-0.187500000000023));
#3835=CARTESIAN_POINT('Ctrl Pts',(1.73205080756888,0.999999999999999,-0.129166666666689));
#3836=CARTESIAN_POINT('Ctrl Pts',(1.15470053837925,2.,-0.0708333333333568));
#3837=CARTESIAN_POINT('Ctrl Pts',(5.56981640798803E-32,2.,-0.0125000000000229));
#3838=CARTESIAN_POINT('Ctrl Pts',(-1.15470053837925,2.,0.0458333333333109));
#3839=CARTESIAN_POINT('Ctrl Pts',(-1.73205080756888,1.,0.104166666666643));
#3840=CARTESIAN_POINT('Ctrl Pts',(-2.3094010767585,5.48212320094638E-17,
0.162499999999977));
#3841=CARTESIAN_POINT('Ctrl Pts',(-1.73205080756888,-1.,0.220833333333309));
#3842=CARTESIAN_POINT('Ctrl Pts',(-1.15470053837925,-2.,0.279166666666643));
#3843=CARTESIAN_POINT('Ctrl Pts',(-2.44929359829471E-16,-2.,0.337499999999977));
#3844=CARTESIAN_POINT('Ctrl Pts',(1.15470053837925,-2.,0.395833333333309));
#3845=CARTESIAN_POINT('Ctrl Pts',(1.73205080756888,-1.,0.454166666666643));
#3846=CARTESIAN_POINT('Ctrl Pts',(2.3094010767585,-5.10818895310487E-16,
0.512499999999976));
#3847=CARTESIAN_POINT('Ctrl Pts',(1.73205080756888,0.999999999999999,0.570833333333309));
#3848=CARTESIAN_POINT('Ctrl Pts',(1.15470053837925,2.,0.629166666666643));
#3849=CARTESIAN_POINT('Ctrl Pts',(5.56981640798803E-32,2.,0.687499999999976));
#3850=CARTESIAN_POINT('Ctrl Pts',(-1.15470053837925,2.,0.745833333333308));
#3851=CARTESIAN_POINT('Ctrl Pts',(-1.73205080756888,1.,0.804166666666642));
#3852=CARTESIAN_POINT('Ctrl Pts',(-2.3094010767585,5.48212320094638E-17,
0.862499999999975));
#3853=CARTESIAN_POINT('Ctrl Pts',(-1.73205080756888,-1.,0.920833333333308));
#3854=CARTESIAN_POINT('Ctrl Pts',(-1.15470053837925,-2.,0.979166666666642));
#3855=CARTESIAN_POINT('Ctrl Pts',(-2.44929359829471E-16,-2.,1.03749999999997));
#3856=CARTESIAN_POINT('Ctrl Pts',(1.15470053837925,-2.,1.09583333333331));
#3857=CARTESIAN_POINT('Ctrl Pts',(1.73205080756888,-1.,1.15416666666664));
#3858=CARTESIAN_POINT('Ctrl Pts',(2.3094010767585,-5.10818895310487E-16,
1.21249999999997));
#3859=CARTESIAN_POINT('Ctrl Pts',(1.73205080756888,0.999999999999999,1.27083333333331));
#3860=CARTESIAN_POINT('Ctrl Pts',(1.15470053837925,2.,1.32916666666664));
#3861=CARTESIAN_POINT('Ctrl Pts',(5.56981640798803E-32,2.,1.38749999999997));
#3862=CARTESIAN_POINT('Ctrl Pts',(-1.15470053837925,2.,1.44583333333331));
#3863=CARTESIAN_POINT('Ctrl Pts',(-1.73205080756888,1.,1.50416666666664));
#3864=CARTESIAN_POINT('Ctrl Pts',(-2.3094010767585,5.48212320094638E-17,
1.56249999999997));
#3865=CARTESIAN_POINT('Ctrl Pts',(-1.73205080756888,-1.,1.62083333333331));
#3866=CARTESIAN_POINT('Ctrl Pts',(-1.15470053837925,-2.,1.67916666666664));
#3867=CARTESIAN_POINT('Ctrl Pts',(-2.44929359829471E-16,-2.,1.73749999999997));
#3868=CARTESIAN_POINT('Ctrl Pts',(1.15470053837925,-2.,1.79583333333331));
#3869=CARTESIAN_POINT('Ctrl Pts',(1.73205080756888,-1.,1.85416666666664));
#3870=CARTESIAN_POINT('Ctrl Pts',(2.3094010767585,-5.10818895310487E-16,
1.91249999999997));
#3871=CARTESIAN_POINT('Ctrl Pts',(1.73205080756888,0.999999999999999,1.97083333333331));
#3872=CARTESIAN_POINT('Ctrl Pts',(1.15470053837925,2.,2.02916666666664));
#3873=CARTESIAN_POINT('Ctrl Pts',(5.56981640798803E-32,2.,2.08749999999997));
#3874=CARTESIAN_POINT('Origin',(0.,3.25260651745651E-16,2.2));
#3875=CARTESIAN_POINT('',(0.491456261529223,2.42452511645569,2.1023446224179));
#3876=CARTESIAN_POINT('',(-0.491456261529231,2.42452511645569,2.1023446224179));
#3877=CARTESIAN_POINT('Origin',(0.5,1.47474487139159,2.2));
#3878=CARTESIAN_POINT('',(0.5,1.47474487139159,2.2));
#3879=CARTESIAN_POINT('Origin',(0.785496162903787,0.785496162903787,2.2));
#3880=CARTESIAN_POINT('',(0.785496162903787,0.785496162903787,2.2));
#3881=CARTESIAN_POINT('Origin',(1.47474487139159,0.5,2.2));
#3882=CARTESIAN_POINT('',(1.47474487139159,0.5,2.2));
#3883=CARTESIAN_POINT('Origin',(2.44948974278318,0.5,2.2));
#3884=CARTESIAN_POINT('Origin',(-3.25260651745651E-16,-1.1356414958299E-30,
2.2));
#3885=CARTESIAN_POINT('',(-2.4245251164557,0.491456261529215,2.1023446224179));
#3886=CARTESIAN_POINT('',(-2.42452511645569,-0.491456261529239,2.1023446224179));
#3887=CARTESIAN_POINT('Origin',(-1.47474487139159,0.499999999999995,2.2));
#3888=CARTESIAN_POINT('',(-1.47474487139159,0.499999999999995,2.2));
#3889=CARTESIAN_POINT('Origin',(-0.78549616290379,0.785496162903785,2.2));
#3890=CARTESIAN_POINT('',(-0.78549616290379,0.785496162903785,2.2));
#3891=CARTESIAN_POINT('Origin',(-0.500000000000005,1.47474487139159,2.2));
#3892=CARTESIAN_POINT('',(-0.500000000000005,1.47474487139159,2.2));
#3893=CARTESIAN_POINT('Origin',(-0.500000000000008,2.44948974278318,2.2));
#3894=CARTESIAN_POINT('Origin',(2.27128299165979E-30,-3.25260651745651E-16,
2.2));
#3895=CARTESIAN_POINT('',(-0.491456261529206,-2.4245251164557,2.1023446224179));
#3896=CARTESIAN_POINT('',(0.491456261529248,-2.42452511645569,2.1023446224179));
#3897=CARTESIAN_POINT('Origin',(-0.49999999999999,-1.47474487139159,2.2));
#3898=CARTESIAN_POINT('',(-0.49999999999999,-1.47474487139159,2.2));
#3899=CARTESIAN_POINT('Origin',(-0.785496162903782,-0.785496162903793,2.2));
#3900=CARTESIAN_POINT('',(-0.785496162903782,-0.785496162903793,2.2));
#3901=CARTESIAN_POINT('Origin',(-1.47474487139159,-0.50000000000001,2.2));
#3902=CARTESIAN_POINT('',(-1.47474487139159,-0.50000000000001,2.2));
#3903=CARTESIAN_POINT('Origin',(-2.44948974278317,-0.500000000000017,2.2));
#3904=CARTESIAN_POINT('Origin',(1.47474487139159,-0.499999999999985,2.2));
#3905=CARTESIAN_POINT('',(1.47474487139159,-0.499999999999985,2.2));
#3906=CARTESIAN_POINT('Origin',(0.785496162903796,-0.785496162903779,2.2));
#3907=CARTESIAN_POINT('',(0.785496162903796,-0.785496162903779,2.2));
#3908=CARTESIAN_POINT('Origin',(0.500000000000015,-1.47474487139158,2.2));
#3909=CARTESIAN_POINT('',(0.500000000000016,-1.47474487139158,2.2));
#3910=CARTESIAN_POINT('Origin',(0.500000000000025,-2.44948974278317,2.2));
#3911=CARTESIAN_POINT('',(0.,0.,0.));
#3912=UNCERTAINTY_MEASURE_WITH_UNIT(LENGTH_MEASURE(0.01),#3918,
'DISTANCE_ACCURACY_VALUE',
'Maximum model space distance between geometric entities at asserted c
onnectivities');
#3913=UNCERTAINTY_MEASURE_WITH_UNIT(LENGTH_MEASURE(0.01),#3918,
'DISTANCE_ACCURACY_VALUE',
'Maximum model space distance between geometric entities at asserted c
onnectivities');
#3914=UNCERTAINTY_MEASURE_WITH_UNIT(LENGTH_MEASURE(0.01),#3918,
'DISTANCE_ACCURACY_VALUE',
'Maximum model space distance between geometric entities at asserted c
onnectivities');
#3915=(
GEOMETRIC_REPRESENTATION_CONTEXT(3)
GLOBAL_UNCERTAINTY_ASSIGNED_CONTEXT((#3912))
GLOBAL_UNIT_ASSIGNED_CONTEXT((#3918,#3920,#3921))
REPRESENTATION_CONTEXT('','3D')
);
#3916=(
GEOMETRIC_REPRESENTATION_CONTEXT(3)
GLOBAL_UNCERTAINTY_ASSIGNED_CONTEXT((#3913))
GLOBAL_UNIT_ASSIGNED_CONTEXT((#3918,#3920,#3921))
REPRESENTATION_CONTEXT('','3D')
);
#3917=(
GEOMETRIC_REPRESENTATION_CONTEXT(3)
GLOBAL_UNCERTAINTY_ASSIGNED_CONTEXT((#3914))
GLOBAL_UNIT_ASSIGNED_CONTEXT((#3918,#3920,#3921))
REPRESENTATION_CONTEXT('','3D')
);
#3918=(
LENGTH_UNIT()
NAMED_UNIT(*)
SI_UNIT(.MILLI.,.METRE.)
);
#3919=(
LENGTH_UNIT()
NAMED_UNIT(*)
SI_UNIT($,.METRE.)
);
#3920=(
NAMED_UNIT(*)
PLANE_ANGLE_UNIT()
SI_UNIT($,.RADIAN.)
);
#3921=(
NAMED_UNIT(*)
SI_UNIT($,.STERADIAN.)
SOLID_ANGLE_UNIT()
);
#3922=SHAPE_DEFINITION_REPRESENTATION(#3924,#3927);
#3923=SHAPE_DEFINITION_REPRESENTATION(#3925,#3928);
#3924=PRODUCT_DEFINITION_SHAPE('',$,#3930);
#3925=PRODUCT_DEFINITION_SHAPE('',$,#3931);
#3926=PRODUCT_DEFINITION_SHAPE($,$,#14);
#3927=SHAPE_REPRESENTATION('',(#995,#1066),#3915);
#3928=SHAPE_REPRESENTATION('',(#996),#3916);
#3929=PRODUCT_DEFINITION_CONTEXT('part definition',#3937,'design');
#3930=PRODUCT_DEFINITION('87883',
'Flat Head Screw, M4 x 10 mm, Zinc-Plated Steel v2',#3932,#3929);
#3931=PRODUCT_DEFINITION('91420A220_Steel Phillips Flat Head Screws',
'91420A220_Steel Phillips Flat Head Screws',#3933,#3929);
#3932=PRODUCT_DEFINITION_FORMATION('',$,#3939);
#3933=PRODUCT_DEFINITION_FORMATION('',$,#3940);
#3934=PRODUCT_RELATED_PRODUCT_CATEGORY(
'Flat Head Screw, M4 x 10 mm, Zinc-Plated Steel v2',
'Flat Head Screw, M4 x 10 mm, Zinc-Plated Steel v2',(#3939));
#3935=PRODUCT_RELATED_PRODUCT_CATEGORY(
'91420A220_Steel Phillips Flat Head Screws',
'91420A220_Steel Phillips Flat Head Screws',(#3940));
#3936=APPLICATION_PROTOCOL_DEFINITION('international standard',
'automotive_design',2009,#3937);
#3937=APPLICATION_CONTEXT(
'Core Data for Automotive Mechanical Design Process');
#3938=PRODUCT_CONTEXT('part definition',#3937,'mechanical');
#3939=PRODUCT('87883',
'Flat Head Screw, M4 x 10 mm, Zinc-Plated Steel v2',$,(#3938));
#3940=PRODUCT('91420A220_Steel Phillips Flat Head Screws',
'91420A220_Steel Phillips Flat Head Screws',$,(#3938));
#3941=PRESENTATION_STYLE_ASSIGNMENT((#3942));
#3942=SURFACE_STYLE_USAGE(.BOTH.,#3943);
#3943=SURFACE_SIDE_STYLE('',(#3944));
#3944=SURFACE_STYLE_FILL_AREA(#3945);
#3945=FILL_AREA_STYLE('Steel - Satin',(#3946));
#3946=FILL_AREA_STYLE_COLOUR('Steel - Satin',#3947);
#3947=COLOUR_RGB('Steel - Satin',0.627450980392157,0.627450980392157,0.627450980392157);
ENDSEC;
END-ISO-10303-21;
